<TICKER>,<DTYYYYMMDD>,<TIME>,<OPEN>,<HIGH>,<LOW>,<CLOSE>,<VOL>
XAGUSD,20201231,2100,26.375,26.375,26.370,26.370,48700
XAGUSD,20210103,2300,26.616,26.907,26.557,26.839,43152200
XAGUSD,20210104,0000,26.838,26.843,26.697,26.805,32561900
XAGUSD,20210104,0100,26.805,27.132,26.805,26.986,178205500
XAGUSD,20210104,0200,26.988,27.114,26.854,27.085,91549700
XAGUSD,20210104,0300,27.090,27.110,27.030,27.058,40105800
XAGUSD,20210104,0400,27.058,27.069,26.956,27.044,24662600
XAGUSD,20210104,0500,27.044,27.068,26.903,26.991,46312100
XAGUSD,20210104,0600,26.999,27.159,26.941,27.092,95045600
XAGUSD,20210104,0700,27.091,27.152,27.075,27.137,35564000
XAGUSD,20210104,0800,27.137,27.341,27.133,27.227,83413000
XAGUSD,20210104,0900,27.229,27.322,27.227,27.280,36512700
XAGUSD,20210104,1000,27.279,27.321,27.187,27.268,59261100
XAGUSD,20210104,1100,27.269,27.352,27.236,27.263,64436600
XAGUSD,20210104,1200,27.259,27.276,27.102,27.248,71325000
XAGUSD,20210104,1300,27.248,27.557,27.184,27.430,269743400
XAGUSD,20210104,1400,27.437,27.539,27.315,27.432,281423000
XAGUSD,20210104,1500,27.434,27.532,27.195,27.357,259877050
XAGUSD,20210104,1600,27.357,27.365,27.100,27.163,173014650
XAGUSD,20210104,1700,27.159,27.182,26.742,27.035,215614050
XAGUSD,20210104,1800,27.041,27.255,27.024,27.252,167585150
XAGUSD,20210104,1900,27.248,27.256,27.112,27.252,78884950
XAGUSD,20210104,2000,27.256,27.296,27.187,27.256,84847900
XAGUSD,20210104,2100,27.256,27.263,27.189,27.203,15318050
XAGUSD,20210104,2300,27.181,27.284,27.115,27.164,28691200
XAGUSD,20210105,0000,27.160,27.186,27.065,27.111,41726900
XAGUSD,20210105,0100,27.111,27.188,26.976,27.089,124786600
XAGUSD,20210105,0200,27.083,27.329,27.076,27.300,137762500
XAGUSD,20210105,0300,27.302,27.451,27.270,27.319,76037000
XAGUSD,20210105,0400,27.321,27.329,27.188,27.229,38837000
XAGUSD,20210105,0500,27.229,27.292,27.176,27.255,32587400
XAGUSD,20210105,0600,27.256,27.342,27.197,27.333,69796200
XAGUSD,20210105,0700,27.330,27.389,27.210,27.212,67186600
XAGUSD,20210105,0800,27.211,27.364,27.209,27.350,72284600
XAGUSD,20210105,0900,27.347,27.495,27.311,27.382,70553400
XAGUSD,20210105,1000,27.384,27.466,27.334,27.441,53499100
XAGUSD,20210105,1100,27.443,27.506,27.388,27.495,65854400
XAGUSD,20210105,1200,27.491,27.517,27.292,27.419,77818500
XAGUSD,20210105,1300,27.418,27.467,27.285,27.359,162321800
XAGUSD,20210105,1400,27.362,27.445,27.181,27.332,220847850
XAGUSD,20210105,1500,27.298,27.398,27.216,27.303,280559950
XAGUSD,20210105,1600,27.308,27.474,27.290,27.468,180125250
XAGUSD,20210105,1700,27.466,27.497,27.398,27.486,129870700
XAGUSD,20210105,1800,27.483,27.567,27.465,27.545,82395400
XAGUSD,20210105,1900,27.537,27.681,27.515,27.600,85063270
XAGUSD,20210105,2000,27.592,27.631,27.511,27.587,103007050
XAGUSD,20210105,2100,27.591,27.647,27.499,27.499,25272250
XAGUSD,20210105,2300,27.547,27.634,27.491,27.579,25646500
XAGUSD,20210106,0000,27.581,27.606,27.525,27.567,37051800
XAGUSD,20210106,0100,27.568,27.631,27.303,27.331,116446000
XAGUSD,20210106,0200,27.330,27.423,27.188,27.226,81053600
XAGUSD,20210106,0300,27.227,27.358,27.201,27.236,83903500
XAGUSD,20210106,0400,27.234,27.372,27.194,27.337,88834300
XAGUSD,20210106,0500,27.338,27.380,27.267,27.294,74529300
XAGUSD,20210106,0600,27.292,27.331,27.236,27.289,57434300
XAGUSD,20210106,0700,27.290,27.443,27.249,27.430,76721100
XAGUSD,20210106,0800,27.434,27.739,27.386,27.565,105261800
XAGUSD,20210106,0900,27.576,27.773,27.554,27.733,100785700
XAGUSD,20210106,1000,27.728,27.915,27.670,27.806,114113900
XAGUSD,20210106,1100,27.802,27.879,27.580,27.580,103432800
XAGUSD,20210106,1200,27.580,27.588,27.253,27.368,150610620
XAGUSD,20210106,1300,27.367,27.501,27.208,27.294,211178900
XAGUSD,20210106,1400,27.291,27.341,26.971,27.253,239191600
XAGUSD,20210106,1500,27.253,27.288,26.718,26.852,273992650
XAGUSD,20210106,1600,26.854,26.917,26.586,26.895,201923500
XAGUSD,20210106,1700,26.895,27.053,26.853,27.044,88090850
XAGUSD,20210106,1800,27.043,27.101,26.906,27.100,97624850
XAGUSD,20210106,1900,27.101,27.247,27.052,27.154,232208800
XAGUSD,20210106,2000,27.153,27.293,27.127,27.251,210169700
XAGUSD,20210106,2100,27.248,27.325,27.118,27.278,30535390
XAGUSD,20210106,2300,27.267,27.345,27.247,27.287,19902900
XAGUSD,20210107,0000,27.281,27.303,27.073,27.091,33511100
XAGUSD,20210107,0100,27.091,27.141,26.959,27.010,121314000
XAGUSD,20210107,0200,27.009,27.051,26.906,27.022,82494700
XAGUSD,20210107,0300,27.018,27.107,26.975,27.085,47168000
XAGUSD,20210107,0400,27.093,27.111,27.055,27.084,34403300
XAGUSD,20210107,0500,27.083,27.116,26.997,27.069,76049700
XAGUSD,20210107,0600,27.069,27.343,27.052,27.284,132683300
XAGUSD,20210107,0700,27.284,27.316,27.115,27.178,73663900
XAGUSD,20210107,0800,27.171,27.185,27.025,27.119,88479600
XAGUSD,20210107,0900,27.119,27.231,27.020,27.091,62587900
XAGUSD,20210107,1000,27.095,27.156,26.927,26.947,94373100
XAGUSD,20210107,1100,26.947,27.172,26.916,27.135,77780700
XAGUSD,20210107,1200,27.133,27.176,27.068,27.123,95741000
XAGUSD,20210107,1300,27.125,27.193,26.953,27.007,262990760
XAGUSD,20210107,1400,27.001,27.219,26.936,26.988,333384200
XAGUSD,20210107,1500,26.977,27.177,26.966,27.133,288660550
XAGUSD,20210107,1600,27.133,27.282,27.068,27.097,156529800
XAGUSD,20210107,1700,27.096,27.111,26.968,27.033,97916050
XAGUSD,20210107,1800,27.041,27.198,27.015,27.182,74385200
XAGUSD,20210107,1900,27.182,27.237,27.128,27.224,52400900
XAGUSD,20210107,2000,27.235,27.245,27.126,27.162,58835750
XAGUSD,20210107,2100,27.165,27.185,27.101,27.101,20019750
XAGUSD,20210107,2300,27.123,27.179,27.105,27.166,17938400
XAGUSD,20210108,0000,27.169,27.200,27.078,27.093,31750400
XAGUSD,20210108,0100,27.094,27.137,27.003,27.009,128285000
XAGUSD,20210108,0200,27.003,27.094,26.980,27.064,80501100
XAGUSD,20210108,0300,27.065,27.076,26.963,27.054,68791200
XAGUSD,20210108,0400,27.059,27.059,26.975,27.027,28612100
XAGUSD,20210108,0500,27.026,27.088,26.921,26.973,74754100
XAGUSD,20210108,0600,26.976,27.013,26.926,26.993,94164300
XAGUSD,20210108,0700,26.995,27.066,26.900,26.912,71381800
XAGUSD,20210108,0800,26.913,26.913,25.958,26.478,160747100
XAGUSD,20210108,0900,26.477,26.564,26.351,26.540,67376000
XAGUSD,20210108,1000,26.539,26.615,26.469,26.567,45442700
XAGUSD,20210108,1100,26.564,26.638,26.522,26.634,48472900
XAGUSD,20210108,1200,26.635,26.707,26.444,26.579,86348600
XAGUSD,20210108,1300,26.579,26.653,26.291,26.617,279680500
XAGUSD,20210108,1400,26.615,26.709,25.816,26.007,358153900
XAGUSD,20210108,1500,26.006,26.054,25.644,25.905,287448150
XAGUSD,20210108,1600,25.910,25.944,25.533,25.569,180667050
XAGUSD,20210108,1700,25.564,25.590,24.561,24.903,326976380
XAGUSD,20210108,1800,24.902,24.954,24.459,24.911,249107190
XAGUSD,20210108,1900,24.915,25.310,24.889,25.288,117228700
XAGUSD,20210108,2000,25.289,25.390,25.221,25.278,97610750
XAGUSD,20210108,2100,25.278,25.416,25.267,25.403,25992250
XAGUSD,20210110,2300,25.390,25.488,24.814,25.020,41663300
XAGUSD,20210111,0000,25.022,25.306,24.953,24.978,46296300
XAGUSD,20210111,0100,24.972,24.984,24.316,24.605,190206400
XAGUSD,20210111,0200,24.604,24.780,24.554,24.710,105377300
XAGUSD,20210111,0300,24.705,24.713,24.509,24.652,79541100
XAGUSD,20210111,0400,24.654,24.713,24.585,24.682,33652700
XAGUSD,20210111,0500,24.685,24.810,24.582,24.763,62708100
XAGUSD,20210111,0600,24.762,24.909,24.699,24.827,92100000
XAGUSD,20210111,0700,24.825,25.001,24.808,24.953,49792800
XAGUSD,20210111,0800,24.953,25.223,24.950,25.120,86978200
XAGUSD,20210111,0900,25.119,25.227,25.018,25.044,69659900
XAGUSD,20210111,1000,25.042,25.184,25.015,25.184,62003400
XAGUSD,20210111,1100,25.181,25.214,25.033,25.034,51938200
XAGUSD,20210111,1200,25.035,25.037,24.745,24.848,113129800
XAGUSD,20210111,1300,24.847,24.857,24.685,24.767,189485900
XAGUSD,20210111,1400,24.770,25.030,24.536,25.001,279006500
XAGUSD,20210111,1500,24.997,25.264,24.954,25.176,246372550
XAGUSD,20210111,1600,25.177,25.247,25.008,25.217,190397000
XAGUSD,20210111,1700,25.215,25.253,25.074,25.125,127208700
XAGUSD,20210111,1800,25.120,25.242,24.964,25.037,93365800
XAGUSD,20210111,1900,25.040,25.092,24.980,24.985,53014800
XAGUSD,20210111,2000,24.988,25.020,24.931,24.947,48520000
XAGUSD,20210111,2100,24.948,25.008,24.881,24.885,13136750
XAGUSD,20210111,2300,24.895,25.108,24.895,25.042,18505700
XAGUSD,20210112,0000,25.039,25.092,24.977,25.081,35537900
XAGUSD,20210112,0100,25.078,25.185,24.979,25.098,126689300
XAGUSD,20210112,0200,25.098,25.150,25.048,25.076,72233200
XAGUSD,20210112,0300,25.076,25.159,25.058,25.118,48647100
XAGUSD,20210112,0400,25.117,25.157,25.082,25.132,21891500
XAGUSD,20210112,0500,25.137,25.429,25.112,25.398,92972600
XAGUSD,20210112,0600,25.403,25.524,25.334,25.464,106619900
XAGUSD,20210112,0700,25.467,25.525,25.389,25.432,50971200
XAGUSD,20210112,0800,25.433,25.476,25.254,25.343,56849000
XAGUSD,20210112,0900,25.344,25.581,25.321,25.541,57738000
XAGUSD,20210112,1000,25.539,25.607,25.404,25.415,39072600
XAGUSD,20210112,1100,25.417,25.551,25.408,25.456,37497600
XAGUSD,20210112,1200,25.454,25.514,25.339,25.414,72879900
XAGUSD,20210112,1300,25.415,25.458,25.099,25.189,201786580
XAGUSD,20210112,1400,25.190,25.392,25.091,25.235,219291750
XAGUSD,20210112,1500,25.228,25.384,25.167,25.296,128957200
XAGUSD,20210112,1600,25.292,25.408,25.271,25.333,79964600
XAGUSD,20210112,1700,25.333,25.365,25.196,25.338,81582400
XAGUSD,20210112,1800,25.340,25.545,25.318,25.462,81049400
XAGUSD,20210112,1900,25.462,25.630,25.446,25.555,67787200
XAGUSD,20210112,2000,25.551,25.604,25.521,25.525,48603200
XAGUSD,20210112,2100,25.527,25.616,25.503,25.527,16724600
XAGUSD,20210112,2300,25.538,25.652,25.501,25.650,16071800
XAGUSD,20210113,0000,25.645,25.671,25.525,25.542,28118300
XAGUSD,20210113,0100,25.539,25.669,25.442,25.645,125656600
XAGUSD,20210113,0200,25.640,25.655,25.488,25.559,103044100
XAGUSD,20210113,0300,25.557,25.592,25.527,25.557,55198100
XAGUSD,20210113,0400,25.556,25.579,25.516,25.524,26815800
XAGUSD,20210113,0500,25.524,25.557,25.456,25.512,53094600
XAGUSD,20210113,0600,25.515,25.627,25.482,25.523,88550300
XAGUSD,20210113,0700,25.522,25.585,25.438,25.449,50158200
XAGUSD,20210113,0800,25.442,25.516,25.372,25.457,70877400
XAGUSD,20210113,0900,25.463,25.485,25.254,25.421,65254500
XAGUSD,20210113,1000,25.420,25.464,25.357,25.405,54669300
XAGUSD,20210113,1100,25.406,25.445,25.296,25.298,52009200
XAGUSD,20210113,1200,25.292,25.398,25.248,25.273,86965000
XAGUSD,20210113,1300,25.273,25.414,25.114,25.384,138942700
XAGUSD,20210113,1400,25.381,25.516,25.317,25.407,192263150
XAGUSD,20210113,1500,25.408,25.545,25.348,25.456,105318300
XAGUSD,20210113,1600,25.457,25.531,25.432,25.466,53591400
XAGUSD,20210113,1700,25.470,25.477,25.393,25.451,48270800
XAGUSD,20210113,1800,25.453,25.538,25.419,25.455,38945300
XAGUSD,20210113,1900,25.458,25.490,25.348,25.359,25293550
XAGUSD,20210113,2000,25.363,25.394,25.155,25.218,30167570
XAGUSD,20210113,2100,25.222,25.262,25.120,25.205,22062500
XAGUSD,20210113,2300,25.189,25.342,25.186,25.308,20304300
XAGUSD,20210114,0000,25.307,25.375,25.260,25.372,26862900
XAGUSD,20210114,0100,25.372,25.472,25.329,25.341,106900300
XAGUSD,20210114,0200,25.344,25.351,25.021,25.212,142340800
XAGUSD,20210114,0300,25.211,25.221,25.092,25.186,74840500
XAGUSD,20210114,0400,25.187,25.237,25.161,25.201,29917800
XAGUSD,20210114,0500,25.205,25.349,25.176,25.293,80695500
XAGUSD,20210114,0600,25.293,25.298,25.156,25.205,80389600
XAGUSD,20210114,0700,25.208,25.266,25.071,25.200,70178600
XAGUSD,20210114,0800,25.202,25.284,25.143,25.218,78450500
XAGUSD,20210114,0900,25.219,25.230,25.092,25.137,61184900
XAGUSD,20210114,1000,25.140,25.201,25.099,25.164,55226100
XAGUSD,20210114,1100,25.168,25.249,25.118,25.233,43033200
XAGUSD,20210114,1200,25.234,25.287,25.189,25.248,55297100
XAGUSD,20210114,1300,25.249,25.407,25.197,25.311,140573400
XAGUSD,20210114,1400,25.310,25.699,25.274,25.453,244733550
XAGUSD,20210114,1500,25.457,25.601,25.384,25.586,168403150
XAGUSD,20210114,1600,25.584,25.647,25.526,25.585,103804850
XAGUSD,20210114,1700,25.581,25.838,25.558,25.825,97100350
XAGUSD,20210114,1800,25.826,25.882,25.633,25.643,117265600
XAGUSD,20210114,1900,25.644,25.693,25.441,25.477,56794350
XAGUSD,20210114,2000,25.476,25.599,25.472,25.526,49537550
XAGUSD,20210114,2100,25.520,25.593,25.475,25.496,12180250
XAGUSD,20210114,2300,25.508,25.594,25.482,25.552,20519100
XAGUSD,20210115,0000,25.549,25.727,25.549,25.706,41733600
XAGUSD,20210115,0100,25.705,25.780,25.590,25.641,109196200
XAGUSD,20210115,0200,25.642,25.679,25.561,25.634,67278100
XAGUSD,20210115,0300,25.639,25.661,25.522,25.579,64467500
XAGUSD,20210115,0400,25.578,25.615,25.536,25.584,32606600
XAGUSD,20210115,0500,25.585,25.592,25.354,25.418,106353100
XAGUSD,20210115,0600,25.419,25.478,25.218,25.319,135310200
XAGUSD,20210115,0700,25.316,25.458,25.291,25.418,72280400
XAGUSD,20210115,0800,25.417,25.443,25.312,25.337,80146900
XAGUSD,20210115,0900,25.340,25.486,25.336,25.466,70931300
XAGUSD,20210115,1000,25.465,25.494,25.394,25.430,51594700
XAGUSD,20210115,1100,25.430,25.451,25.214,25.248,59703100
XAGUSD,20210115,1200,25.249,25.332,25.112,25.269,105389100
XAGUSD,20210115,1300,25.268,25.351,24.634,24.805,211621200
XAGUSD,20210115,1400,24.808,25.122,24.752,24.994,223018150
XAGUSD,20210115,1500,24.996,25.065,24.570,24.716,230448800
XAGUSD,20210115,1600,24.716,24.836,24.599,24.784,137647600
XAGUSD,20210115,1700,24.782,24.794,24.671,24.773,75617300
XAGUSD,20210115,1800,24.767,24.854,24.722,24.750,54882200
XAGUSD,20210115,1900,24.751,24.791,24.707,24.730,29889050
XAGUSD,20210115,2000,24.727,24.754,24.659,24.702,50987950
XAGUSD,20210115,2100,24.702,24.761,24.667,24.724,10253400
XAGUSD,20210117,2300,24.749,24.819,24.005,24.213,70196450
XAGUSD,20210118,0000,24.211,24.651,24.208,24.632,82272400
XAGUSD,20210118,0100,24.634,24.794,24.496,24.735,168426500
XAGUSD,20210118,0200,24.735,24.974,24.714,24.869,107765500
XAGUSD,20210118,0300,24.865,24.890,24.808,24.840,47337300
XAGUSD,20210118,0400,24.840,24.862,24.790,24.862,28424100
XAGUSD,20210118,0500,24.862,25.106,24.831,25.099,94325400
XAGUSD,20210118,0600,25.100,25.146,25.004,25.037,99648700
XAGUSD,20210118,0700,25.028,25.076,24.962,24.990,62436300
XAGUSD,20210118,0800,24.985,25.058,24.920,24.939,36653400
XAGUSD,20210118,0900,24.939,24.945,24.807,24.859,50579100
XAGUSD,20210118,1000,24.858,24.905,24.824,24.830,47108000
XAGUSD,20210118,1100,24.830,25.006,24.830,24.859,62119000
XAGUSD,20210118,1200,24.861,24.936,24.727,24.898,77950000
XAGUSD,20210118,1300,24.896,24.947,24.836,24.917,90071700
XAGUSD,20210118,1400,24.922,24.988,24.816,24.910,107617900
XAGUSD,20210118,1500,24.908,24.993,24.899,24.990,63414800
XAGUSD,20210118,1600,24.987,25.059,24.967,24.988,46809000
XAGUSD,20210118,1700,24.988,25.013,24.878,24.951,36722200
XAGUSD,20210118,2300,24.923,25.020,24.916,24.993,17969500
XAGUSD,20210119,0000,24.988,25.121,24.954,25.085,29845800
XAGUSD,20210119,0100,25.089,25.298,25.071,25.193,172449100
XAGUSD,20210119,0200,25.193,25.266,25.131,25.162,77220400
XAGUSD,20210119,0300,25.162,25.224,25.113,25.155,58047400
XAGUSD,20210119,0400,25.151,25.240,25.151,25.225,24934600
XAGUSD,20210119,0500,25.227,25.249,25.038,25.095,72791500
XAGUSD,20210119,0600,25.101,25.225,25.085,25.193,92040400
XAGUSD,20210119,0700,25.189,25.193,25.099,25.135,52686300
XAGUSD,20210119,0800,25.139,25.323,25.128,25.218,93372000
XAGUSD,20210119,0900,25.216,25.342,25.207,25.306,61600900
XAGUSD,20210119,1000,25.309,25.400,25.278,25.345,75266200
XAGUSD,20210119,1100,25.343,25.396,25.261,25.283,52634700
XAGUSD,20210119,1200,25.286,25.291,25.126,25.198,84946900
XAGUSD,20210119,1300,25.202,25.257,24.998,25.205,153589800
XAGUSD,20210119,1400,25.206,25.321,25.015,25.078,197173600
XAGUSD,20210119,1500,25.081,25.203,24.987,25.180,152215800
XAGUSD,20210119,1600,25.180,25.286,25.167,25.245,126609750
XAGUSD,20210119,1700,25.247,25.301,25.171,25.273,95368300
XAGUSD,20210119,1800,25.273,25.283,25.174,25.205,57429900
XAGUSD,20210119,1900,25.200,25.210,25.083,25.128,31063750
XAGUSD,20210119,2000,25.129,25.186,25.094,25.142,25593900
XAGUSD,20210119,2100,25.141,25.205,25.134,25.198,10712900
XAGUSD,20210119,2300,25.190,25.250,25.190,25.222,14117600
XAGUSD,20210120,0000,25.219,25.331,25.179,25.325,35991300
XAGUSD,20210120,0100,25.326,25.479,25.325,25.391,113004600
XAGUSD,20210120,0200,25.391,25.485,25.389,25.442,67284600
XAGUSD,20210120,0300,25.443,25.473,25.366,25.421,59224000
XAGUSD,20210120,0400,25.422,25.477,25.412,25.430,25268300
XAGUSD,20210120,0500,25.431,25.486,25.341,25.432,58128800
XAGUSD,20210120,0600,25.434,25.539,25.393,25.480,108559100
XAGUSD,20210120,0700,25.479,25.547,25.447,25.518,77452300
XAGUSD,20210120,0800,25.517,25.543,25.455,25.506,66621000
XAGUSD,20210120,0900,25.512,25.555,25.412,25.440,71045700
XAGUSD,20210120,1000,25.438,25.444,25.320,25.391,53895700
XAGUSD,20210120,1100,25.393,25.411,25.258,25.266,49552800
XAGUSD,20210120,1200,25.270,25.391,25.224,25.262,101748000
XAGUSD,20210120,1300,25.265,25.367,25.022,25.345,196088700
XAGUSD,20210120,1400,25.346,25.713,25.321,25.495,323920550
XAGUSD,20210120,1500,25.491,25.771,25.490,25.686,257574450
XAGUSD,20210120,1600,25.686,25.762,25.590,25.674,156926100
XAGUSD,20210120,1700,25.677,25.716,25.589,25.607,90688400
XAGUSD,20210120,1800,25.609,25.808,25.609,25.783,84367100
XAGUSD,20210120,1900,25.777,25.840,25.723,25.822,45336250
XAGUSD,20210120,2000,25.812,25.868,25.781,25.818,53185200
XAGUSD,20210120,2100,25.820,25.867,25.797,25.817,15402300
XAGUSD,20210120,2300,25.822,25.898,25.797,25.828,19116600
XAGUSD,20210121,0000,25.828,25.842,25.757,25.767,40452200
XAGUSD,20210121,0100,25.770,25.832,25.681,25.733,123712700
XAGUSD,20210121,0200,25.731,25.945,25.693,25.891,73358600
XAGUSD,20210121,0300,25.892,25.974,25.874,25.910,72831000
XAGUSD,20210121,0400,25.909,25.918,25.833,25.884,25018600
XAGUSD,20210121,0500,25.885,26.036,25.870,26.001,71890640
XAGUSD,20210121,0600,25.998,26.015,25.832,25.924,86333400
XAGUSD,20210121,0700,25.926,25.946,25.731,25.774,78727900
XAGUSD,20210121,0800,25.767,25.957,25.752,25.915,88567800
XAGUSD,20210121,0900,25.916,25.936,25.841,25.883,62162400
XAGUSD,20210121,1000,25.883,25.933,25.781,25.883,76099400
XAGUSD,20210121,1100,25.887,25.912,25.823,25.852,73005700
XAGUSD,20210121,1200,25.852,25.948,25.778,25.796,73648400
XAGUSD,20210121,1300,25.801,25.915,25.648,25.651,204409700
XAGUSD,20210121,1400,25.652,25.840,25.623,25.743,190765400
XAGUSD,20210121,1500,25.734,25.819,25.685,25.737,132991750
XAGUSD,20210121,1600,25.737,25.771,25.659,25.742,71588150
XAGUSD,20210121,1700,25.741,25.777,25.697,25.771,50436350
XAGUSD,20210121,1800,25.770,25.858,25.743,25.841,33629250
XAGUSD,20210121,1900,25.844,25.978,25.835,25.965,43058050
XAGUSD,20210121,2000,25.966,26.032,25.905,25.964,39487250
XAGUSD,20210121,2100,25.961,25.990,25.851,25.851,17701550
XAGUSD,20210121,2300,25.914,25.950,25.900,25.910,13611500
XAGUSD,20210122,0000,25.910,25.945,25.841,25.843,29109500
XAGUSD,20210122,0100,25.839,25.844,25.584,25.684,118963900
XAGUSD,20210122,0200,25.683,25.735,25.438,25.503,90926100
XAGUSD,20210122,0300,25.504,25.614,25.443,25.549,66349000
XAGUSD,20210122,0400,25.547,25.626,25.545,25.596,30582500
XAGUSD,20210122,0500,25.591,25.595,25.465,25.522,54309000
XAGUSD,20210122,0600,25.523,25.537,25.347,25.511,111325200
XAGUSD,20210122,0700,25.510,25.545,25.421,25.478,58499300
XAGUSD,20210122,0800,25.478,25.543,25.417,25.505,96284300
XAGUSD,20210122,0900,25.510,25.568,25.367,25.415,75175700
XAGUSD,20210122,1000,25.416,25.434,25.210,25.269,97673800
XAGUSD,20210122,1100,25.269,25.352,25.146,25.336,99816600
XAGUSD,20210122,1200,25.338,25.384,25.140,25.229,132881800
XAGUSD,20210122,1300,25.224,25.303,25.013,25.218,172955100
XAGUSD,20210122,1400,25.217,25.440,25.149,25.426,182933450
XAGUSD,20210122,1500,25.426,25.550,25.383,25.515,151293450
XAGUSD,20210122,1600,25.510,25.569,25.423,25.478,154184400
XAGUSD,20210122,1700,25.477,25.503,25.400,25.478,86934500
XAGUSD,20210122,1800,25.478,25.511,25.422,25.442,59598550
XAGUSD,20210122,1900,25.448,25.498,25.436,25.453,38388000
XAGUSD,20210122,2000,25.452,25.488,25.439,25.439,23919600
XAGUSD,20210122,2100,25.444,25.480,25.407,25.456,8309750
XAGUSD,20210124,2300,25.441,25.610,25.427,25.538,27998300
XAGUSD,20210125,0000,25.538,25.686,25.503,25.598,44418900
XAGUSD,20210125,0100,25.592,25.687,25.447,25.542,135965100
XAGUSD,20210125,0200,25.541,25.623,25.497,25.589,74646100
XAGUSD,20210125,0300,25.592,25.632,25.539,25.557,49371700
XAGUSD,20210125,0400,25.559,25.594,25.549,25.552,21050600
XAGUSD,20210125,0500,25.555,25.663,25.495,25.549,74184800
XAGUSD,20210125,0600,25.549,25.572,25.415,25.415,73421200
XAGUSD,20210125,0700,25.415,25.554,25.392,25.541,56905600
XAGUSD,20210125,0800,25.537,25.576,25.472,25.528,62325800
XAGUSD,20210125,0900,25.531,25.614,25.474,25.581,79221300
XAGUSD,20210125,1000,25.580,25.706,25.532,25.684,69314600
XAGUSD,20210125,1100,25.690,25.757,25.632,25.645,90652700
XAGUSD,20210125,1200,25.642,25.658,25.560,25.595,81932600
XAGUSD,20210125,1300,25.595,25.738,25.551,25.675,137012200
XAGUSD,20210125,1400,25.671,25.726,25.453,25.462,179584950
XAGUSD,20210125,1500,25.460,25.511,25.240,25.289,186638250
XAGUSD,20210125,1600,25.288,25.405,25.150,25.372,180242550
XAGUSD,20210125,1700,25.372,25.453,25.354,25.439,104832500
XAGUSD,20210125,1800,25.441,25.473,25.373,25.407,50822300
XAGUSD,20210125,1900,25.409,25.417,25.333,25.334,30099700
XAGUSD,20210125,2000,25.336,25.358,25.269,25.345,35161850
XAGUSD,20210125,2100,25.346,25.348,25.286,25.326,11736700
XAGUSD,20210125,2300,25.310,25.366,25.282,25.328,17153600
XAGUSD,20210126,0000,25.327,25.328,25.263,25.311,23658000
XAGUSD,20210126,0100,25.313,25.455,25.280,25.446,93464200
XAGUSD,20210126,0200,25.446,25.487,25.396,25.405,57302200
XAGUSD,20210126,0300,25.412,25.440,25.355,25.388,49235400
XAGUSD,20210126,0400,25.388,25.418,25.290,25.304,34158300
XAGUSD,20210126,0500,25.303,25.349,25.279,25.323,62330600
XAGUSD,20210126,0600,25.323,25.334,25.222,25.281,82657000
XAGUSD,20210126,0700,25.284,25.322,25.178,25.210,75130600
XAGUSD,20210126,0800,25.211,25.425,25.211,25.404,112485400
XAGUSD,20210126,0900,25.408,25.434,25.367,25.391,70097800
XAGUSD,20210126,1000,25.390,25.440,25.303,25.325,57964000
XAGUSD,20210126,1100,25.323,25.443,25.307,25.395,63148800
XAGUSD,20210126,1200,25.389,25.466,25.380,25.435,82894100
XAGUSD,20210126,1300,25.434,25.611,25.363,25.512,181699200
XAGUSD,20210126,1400,25.505,25.582,25.334,25.543,163865700
XAGUSD,20210126,1500,25.542,25.642,25.447,25.498,198943200
XAGUSD,20210126,1600,25.499,25.557,25.432,25.447,71304250
XAGUSD,20210126,1700,25.450,25.488,25.426,25.461,34625600
XAGUSD,20210126,1800,25.461,25.524,25.444,25.454,28646600
XAGUSD,20210126,1900,25.449,25.460,25.399,25.427,22844050
XAGUSD,20210126,2000,25.427,25.481,25.411,25.444,16549450
XAGUSD,20210126,2100,25.449,25.473,25.428,25.442,9450650
XAGUSD,20210126,2300,25.449,25.475,25.417,25.434,13343400
XAGUSD,20210127,0000,25.435,25.462,25.383,25.432,21916800
XAGUSD,20210127,0100,25.430,25.436,25.223,25.312,101895500
XAGUSD,20210127,0200,25.312,25.366,25.243,25.338,58078000
XAGUSD,20210127,0300,25.335,25.361,25.288,25.312,36238200
XAGUSD,20210127,0400,25.312,25.361,25.302,25.357,19522200
XAGUSD,20210127,0500,25.354,25.452,25.280,25.449,52850700
XAGUSD,20210127,0600,25.451,25.458,25.372,25.372,56708600
XAGUSD,20210127,0700,25.373,25.417,25.330,25.407,54363700
XAGUSD,20210127,0800,25.408,25.449,25.278,25.308,79595000
XAGUSD,20210127,0900,25.308,25.396,25.246,25.357,82123500
XAGUSD,20210127,1000,25.356,25.387,25.296,25.330,42935200
XAGUSD,20210127,1100,25.329,25.329,25.054,25.166,96718500
XAGUSD,20210127,1200,25.166,25.208,25.046,25.112,108903000
XAGUSD,20210127,1300,25.108,25.193,24.988,25.126,142414600
XAGUSD,20210127,1400,25.130,25.179,24.684,24.882,212939550
XAGUSD,20210127,1500,24.882,25.333,24.825,25.295,325148450
XAGUSD,20210127,1600,25.298,25.320,25.193,25.230,136287950
XAGUSD,20210127,1700,25.231,25.414,25.196,25.390,99300800
XAGUSD,20210127,1800,25.390,25.408,25.284,25.297,88125000
XAGUSD,20210127,1900,25.291,25.389,25.115,25.155,114426600
XAGUSD,20210127,2000,25.157,25.219,25.061,25.194,103771950
XAGUSD,20210127,2100,25.193,25.275,25.146,25.242,23155250
XAGUSD,20210127,2300,25.251,25.299,25.101,25.148,28025900
XAGUSD,20210128,0000,25.148,25.222,25.053,25.200,59685800
XAGUSD,20210128,0100,25.195,25.201,25.035,25.093,126397400
XAGUSD,20210128,0200,25.089,25.149,24.995,25.064,87717100
XAGUSD,20210128,0300,25.064,25.126,25.016,25.121,64449000
XAGUSD,20210128,0400,25.122,25.147,25.063,25.070,34295600
XAGUSD,20210128,0500,25.069,25.126,25.011,25.053,57376100
XAGUSD,20210128,0600,25.049,25.071,24.992,25.044,68632300
XAGUSD,20210128,0700,25.045,25.053,24.849,24.997,77379900
XAGUSD,20210128,0800,25.004,25.150,24.951,25.010,108429800
XAGUSD,20210128,0900,25.014,25.273,25.014,25.245,105733200
XAGUSD,20210128,1000,25.251,25.399,25.206,25.279,113525400
XAGUSD,20210128,1100,25.266,25.357,25.244,25.250,93089200
XAGUSD,20210128,1200,25.245,25.321,25.166,25.262,92060700
XAGUSD,20210128,1300,25.260,26.172,25.190,26.122,248338850
XAGUSD,20210128,1400,26.124,26.962,26.068,26.143,511333810
XAGUSD,20210128,1500,26.143,26.711,26.129,26.342,406903000
XAGUSD,20210128,1600,26.340,26.630,26.144,26.152,201935150
XAGUSD,20210128,1700,26.155,26.268,25.737,25.925,202684900
XAGUSD,20210128,1800,25.926,26.053,25.642,25.982,97977250
XAGUSD,20210128,1900,25.983,26.401,25.944,26.380,85315350
XAGUSD,20210128,2000,26.378,26.648,26.343,26.578,85657370
XAGUSD,20210128,2100,26.575,26.657,26.339,26.468,29297400
XAGUSD,20210128,2300,26.504,26.564,26.411,26.478,21656050
XAGUSD,20210129,0000,26.479,26.514,26.122,26.166,57367400
XAGUSD,20210129,0100,26.166,26.345,26.028,26.147,151971440
XAGUSD,20210129,0200,26.142,26.272,26.133,26.144,74763160
XAGUSD,20210129,0300,26.145,26.213,26.100,26.127,69722640
XAGUSD,20210129,0400,26.122,26.137,26.080,26.109,40203900
XAGUSD,20210129,0500,26.114,26.284,26.073,26.252,78346900
XAGUSD,20210129,0600,26.254,26.416,26.152,26.401,113978600
XAGUSD,20210129,0700,26.398,26.516,26.324,26.445,104359380
XAGUSD,20210129,0800,26.442,26.667,26.230,26.599,132841880
XAGUSD,20210129,0900,26.599,27.147,26.599,26.975,175448440
XAGUSD,20210129,1000,26.975,27.113,26.844,27.048,143085520
XAGUSD,20210129,1100,27.049,27.451,26.990,27.451,184264270
XAGUSD,20210129,1200,27.461,27.524,27.264,27.378,173411500
XAGUSD,20210129,1300,27.382,27.567,27.221,27.423,265167200
XAGUSD,20210129,1400,27.428,27.644,26.945,27.288,427814600
XAGUSD,20210129,1500,27.289,27.350,27.037,27.186,417089410
XAGUSD,20210129,1600,27.184,27.230,26.943,27.138,257475820
XAGUSD,20210129,1700,27.130,27.329,26.657,26.760,276514140
XAGUSD,20210129,1800,26.759,27.154,26.709,27.032,194905760
XAGUSD,20210129,1900,27.026,27.194,26.809,26.878,127933310
XAGUSD,20210129,2000,26.879,26.992,26.843,26.879,103761290
XAGUSD,20210129,2100,26.876,27.064,26.863,26.936,20111940
XAGUSD,20210131,2300,28.237,29.003,28.184,28.594,149934110
XAGUSD,20210201,0000,28.592,28.664,28.238,28.436,76631480
XAGUSD,20210201,0100,28.436,28.572,27.938,28.181,146630690
XAGUSD,20210201,0200,28.179,28.666,28.171,28.580,126935770
XAGUSD,20210201,0300,28.581,28.654,28.507,28.580,70389800
XAGUSD,20210201,0400,28.579,28.589,28.375,28.440,61279430
XAGUSD,20210201,0500,28.442,28.627,28.359,28.473,92580550
XAGUSD,20210201,0600,28.469,28.842,28.439,28.832,130226910
XAGUSD,20210201,0700,28.823,29.233,28.697,29.210,162215580
XAGUSD,20210201,0800,29.205,30.047,29.136,29.548,248229640
XAGUSD,20210201,0900,29.548,29.902,29.081,29.480,197400270
XAGUSD,20210201,1000,29.477,29.536,29.192,29.321,124406900
XAGUSD,20210201,1100,29.322,29.527,29.006,29.448,121837500
XAGUSD,20210201,1200,29.449,29.828,29.446,29.507,182276300
XAGUSD,20210201,1300,29.507,29.605,29.245,29.277,192987700
XAGUSD,20210201,1400,29.274,29.952,29.069,29.098,278939410
XAGUSD,20210201,1500,29.112,29.534,28.080,28.526,321129450
XAGUSD,20210201,1600,28.519,28.950,28.334,28.633,174528760
XAGUSD,20210201,1700,28.630,29.008,28.528,28.968,119043620
XAGUSD,20210201,1800,28.971,29.288,28.740,28.872,135744660
XAGUSD,20210201,1900,28.875,28.955,28.570,28.730,96169700
XAGUSD,20210201,2000,28.728,29.207,28.686,28.778,103638930
XAGUSD,20210201,2100,28.777,29.109,28.777,29.012,23597550
XAGUSD,20210201,2300,28.867,28.892,28.451,28.525,42711670
XAGUSD,20210202,0000,28.528,28.608,28.305,28.578,48073380
XAGUSD,20210202,0100,28.579,28.879,28.497,28.629,109492340
XAGUSD,20210202,0200,28.630,28.694,28.382,28.402,87316300
XAGUSD,20210202,0300,28.402,28.492,28.216,28.403,100135100
XAGUSD,20210202,0400,28.405,28.433,28.275,28.361,38045900
XAGUSD,20210202,0500,28.358,28.610,28.348,28.605,64737900
XAGUSD,20210202,0600,28.610,28.726,28.479,28.549,95079200
XAGUSD,20210202,0700,28.550,28.556,27.675,27.816,134259900
XAGUSD,20210202,0800,27.812,27.939,27.456,27.690,98977500
XAGUSD,20210202,0900,27.683,27.765,27.466,27.646,74037900
XAGUSD,20210202,1000,27.644,27.766,27.515,27.764,55346400
XAGUSD,20210202,1100,27.763,27.840,27.184,27.325,52948150
XAGUSD,20210202,1200,27.326,27.602,27.196,27.556,135707400
XAGUSD,20210202,1300,27.554,27.754,27.225,27.490,233331570
XAGUSD,20210202,1400,27.489,27.549,26.668,26.891,280416670
XAGUSD,20210202,1500,26.896,27.051,26.585,26.715,270005990
XAGUSD,20210202,1600,26.711,26.982,26.673,26.723,206466010
XAGUSD,20210202,1700,26.727,26.760,26.346,26.390,166156150
XAGUSD,20210202,1800,26.387,26.648,26.266,26.574,141653530
XAGUSD,20210202,1900,26.571,26.852,26.550,26.777,70118750
XAGUSD,20210202,2000,26.783,26.804,26.405,26.415,65287730
XAGUSD,20210202,2100,26.408,26.695,26.386,26.659,21291980
XAGUSD,20210202,2300,26.606,26.945,26.606,26.798,41698980
XAGUSD,20210203,0000,26.801,27.135,26.799,26.936,64026100
XAGUSD,20210203,0100,26.935,27.113,26.852,27.107,113743100
XAGUSD,20210203,0200,27.110,27.180,27.005,27.032,88493300
XAGUSD,20210203,0300,27.034,27.038,26.940,27.013,80922300
XAGUSD,20210203,0400,27.013,27.020,26.847,26.882,39393500
XAGUSD,20210203,0500,26.887,27.028,26.747,26.845,78308900
XAGUSD,20210203,0600,26.845,26.875,26.705,26.870,115594800
XAGUSD,20210203,0700,26.870,26.961,26.751,26.846,75975100
XAGUSD,20210203,0800,26.847,26.877,26.686,26.784,84030700
XAGUSD,20210203,0900,26.790,26.799,26.689,26.714,79277500
XAGUSD,20210203,1000,26.716,26.756,26.474,26.619,76254900
XAGUSD,20210203,1100,26.611,26.763,26.562,26.692,66390400
XAGUSD,20210203,1200,26.692,27.080,26.668,26.906,119081000
XAGUSD,20210203,1300,26.898,27.128,26.812,27.062,171743760
XAGUSD,20210203,1400,27.059,27.076,26.714,26.904,214523000
XAGUSD,20210203,1500,26.889,26.925,26.676,26.827,167008980
XAGUSD,20210203,1600,26.827,26.972,26.827,26.928,92565360
XAGUSD,20210203,1700,26.926,26.978,26.856,26.901,81854500
XAGUSD,20210203,1800,26.903,26.916,26.725,26.747,70228820
XAGUSD,20210203,1900,26.747,26.820,26.744,26.762,34549480
XAGUSD,20210203,2000,26.762,26.835,26.678,26.812,43914540
XAGUSD,20210203,2100,26.810,26.887,26.810,26.869,20574580
XAGUSD,20210203,2300,26.847,26.901,26.781,26.830,18866060
XAGUSD,20210204,0000,26.828,26.830,26.703,26.736,36981200
XAGUSD,20210204,0100,26.736,26.842,26.570,26.656,107849670
XAGUSD,20210204,0200,26.659,26.677,26.522,26.557,108582500
XAGUSD,20210204,0300,26.557,26.618,26.466,26.548,95198330
XAGUSD,20210204,0400,26.543,26.604,26.416,26.470,43312120
XAGUSD,20210204,0500,26.469,26.469,26.267,26.409,103270360
XAGUSD,20210204,0600,26.410,26.608,26.361,26.575,108716800
XAGUSD,20210204,0700,26.574,26.723,26.540,26.645,85631000
XAGUSD,20210204,0800,26.644,26.694,26.464,26.540,97472570
XAGUSD,20210204,0900,26.541,26.541,26.259,26.428,113414720
XAGUSD,20210204,1000,26.430,26.509,26.328,26.382,64040400
XAGUSD,20210204,1100,26.382,26.433,26.311,26.388,62935900
XAGUSD,20210204,1200,26.388,26.541,26.374,26.525,96154700
XAGUSD,20210204,1300,26.524,26.636,26.377,26.452,176113180
XAGUSD,20210204,1400,26.450,26.470,25.994,26.119,320512370
XAGUSD,20210204,1500,26.120,26.382,26.016,26.074,191930200
XAGUSD,20210204,1600,26.076,26.184,26.044,26.148,107262040
XAGUSD,20210204,1700,26.153,26.153,25.886,26.093,93054370
XAGUSD,20210204,1800,26.100,26.311,26.065,26.284,69160260
XAGUSD,20210204,1900,26.286,26.394,26.209,26.353,40202540
XAGUSD,20210204,2000,26.348,26.388,26.310,26.340,33877600
XAGUSD,20210204,2100,26.345,26.360,26.287,26.329,15409960
XAGUSD,20210204,2300,26.356,26.382,26.289,26.321,14829410
XAGUSD,20210205,0000,26.321,26.388,26.294,26.323,31556700
XAGUSD,20210205,0100,26.317,26.373,26.182,26.345,88530300
XAGUSD,20210205,0200,26.349,26.389,26.222,26.290,69594600
XAGUSD,20210205,0300,26.292,26.309,26.261,26.290,42911400
XAGUSD,20210205,0400,26.290,26.353,26.270,26.343,24667600
XAGUSD,20210205,0500,26.336,26.526,26.331,26.466,66998170
XAGUSD,20210205,0600,26.459,26.477,26.323,26.364,61222600
XAGUSD,20210205,0700,26.368,26.529,26.337,26.479,48268700
XAGUSD,20210205,0800,26.482,26.739,26.465,26.646,91583750
XAGUSD,20210205,0900,26.647,26.686,26.536,26.602,58963100
XAGUSD,20210205,1000,26.603,26.683,26.588,26.602,43365700
XAGUSD,20210205,1100,26.600,26.655,26.506,26.513,56044500
XAGUSD,20210205,1200,26.513,26.540,26.403,26.455,75384800
XAGUSD,20210205,1300,26.456,26.796,26.288,26.554,211972660
XAGUSD,20210205,1400,26.549,26.684,26.479,26.646,231885290
XAGUSD,20210205,1500,26.645,26.738,26.593,26.713,195833020
XAGUSD,20210205,1600,26.711,26.976,26.705,26.931,128774610
XAGUSD,20210205,1700,26.932,27.038,26.928,26.976,98730840
XAGUSD,20210205,1800,26.976,26.997,26.864,26.864,56899720
XAGUSD,20210205,1900,26.863,26.935,26.834,26.840,33881920
XAGUSD,20210205,2000,26.844,26.908,26.826,26.838,32879820
XAGUSD,20210205,2100,26.834,26.906,26.813,26.896,9874460
XAGUSD,20210207,2300,26.954,27.295,26.846,27.249,37515700
XAGUSD,20210208,0000,27.245,27.255,27.031,27.071,43874800
XAGUSD,20210208,0100,27.070,27.132,26.953,26.985,64958100
XAGUSD,20210208,0200,26.987,26.988,26.835,26.939,80142100
XAGUSD,20210208,0300,26.938,27.010,26.909,26.922,50332700
XAGUSD,20210208,0400,26.925,26.948,26.868,26.886,27292100
XAGUSD,20210208,0500,26.878,27.044,26.875,26.986,62204700
XAGUSD,20210208,0600,26.986,27.050,26.961,27.042,72093900
XAGUSD,20210208,0700,27.044,27.177,27.029,27.139,61559200
XAGUSD,20210208,0800,27.138,27.173,26.899,26.954,80198000
XAGUSD,20210208,0900,26.953,27.034,26.945,27.020,62025400
XAGUSD,20210208,1000,27.019,27.065,26.994,27.037,52875080
XAGUSD,20210208,1100,27.038,27.222,27.038,27.161,74715120
XAGUSD,20210208,1200,27.166,27.210,27.065,27.181,83207200
XAGUSD,20210208,1300,27.183,27.425,27.047,27.354,181744040
XAGUSD,20210208,1400,27.351,27.534,27.322,27.413,239391130
XAGUSD,20210208,1500,27.414,27.540,27.381,27.476,166311380
XAGUSD,20210208,1600,27.475,27.552,27.403,27.522,103400310
XAGUSD,20210208,1700,27.526,27.563,27.403,27.443,65375520
XAGUSD,20210208,1800,27.443,27.490,27.390,27.397,42716690
XAGUSD,20210208,1900,27.398,27.461,27.381,27.454,25118920
XAGUSD,20210208,2000,27.454,27.567,27.296,27.318,53020930
XAGUSD,20210208,2100,27.318,27.331,27.219,27.270,19194400
XAGUSD,20210208,2300,27.253,27.291,27.207,27.256,20075620
XAGUSD,20210209,0000,27.256,27.409,27.239,27.399,43142300
XAGUSD,20210209,0100,27.398,27.485,27.348,27.432,101908670
XAGUSD,20210209,0200,27.441,27.562,27.400,27.544,101773900
XAGUSD,20210209,0300,27.546,27.597,27.454,27.458,60701900
XAGUSD,20210209,0400,27.457,27.547,27.444,27.501,28731000
XAGUSD,20210209,0500,27.500,27.543,27.394,27.451,63639300
XAGUSD,20210209,0600,27.450,27.453,27.318,27.365,72487270
XAGUSD,20210209,0700,27.366,27.500,27.345,27.480,63887500
XAGUSD,20210209,0800,27.477,27.573,27.402,27.554,108020780
XAGUSD,20210209,0900,27.556,27.717,27.540,27.627,89008210
XAGUSD,20210209,1000,27.626,27.797,27.618,27.669,69072960
XAGUSD,20210209,1100,27.669,27.717,27.609,27.614,65762790
XAGUSD,20210209,1200,27.616,27.639,27.536,27.566,86449700
XAGUSD,20210209,1300,27.567,27.675,27.419,27.669,121718400
XAGUSD,20210209,1400,27.666,27.686,27.049,27.291,237519140
XAGUSD,20210209,1500,27.293,27.475,27.292,27.358,214156100
XAGUSD,20210209,1600,27.347,27.375,27.200,27.309,133807220
XAGUSD,20210209,1700,27.303,27.376,27.271,27.372,64046700
XAGUSD,20210209,1800,27.372,27.388,27.204,27.239,54603360
XAGUSD,20210209,1900,27.239,27.328,27.219,27.275,36068920
XAGUSD,20210209,2000,27.275,27.306,27.185,27.207,23970100
XAGUSD,20210209,2100,27.206,27.275,27.192,27.256,12983970
XAGUSD,20210209,2300,27.241,27.289,27.201,27.209,15229650
XAGUSD,20210210,0000,27.207,27.241,27.161,27.197,29012600
XAGUSD,20210210,0100,27.196,27.384,27.151,27.358,87885000
XAGUSD,20210210,0200,27.360,27.435,27.342,27.374,81754770
XAGUSD,20210210,0300,27.374,27.449,27.361,27.401,50939440
XAGUSD,20210210,0400,27.401,27.406,27.349,27.392,19125860
XAGUSD,20210210,0500,27.391,27.397,27.260,27.295,54771500
XAGUSD,20210210,0600,27.293,27.343,27.264,27.339,58249550
XAGUSD,20210210,0700,27.340,27.429,27.314,27.353,51619000
XAGUSD,20210210,0800,27.352,27.393,27.246,27.362,85175800
XAGUSD,20210210,0900,27.360,27.407,27.263,27.274,79942390
XAGUSD,20210210,1000,27.273,27.355,27.271,27.271,58543300
XAGUSD,20210210,1100,27.269,27.297,27.210,27.214,42823600
XAGUSD,20210210,1200,27.215,27.229,27.081,27.163,71014670
XAGUSD,20210210,1300,27.160,27.525,27.141,27.393,145755620
XAGUSD,20210210,1400,27.392,27.449,27.203,27.220,183291760
XAGUSD,20210210,1500,27.219,27.307,26.810,27.067,243978950
XAGUSD,20210210,1600,27.068,27.083,26.907,27.008,114601000
XAGUSD,20210210,1700,27.008,27.111,26.879,27.078,85663820
XAGUSD,20210210,1800,27.078,27.108,26.968,27.059,49602500
XAGUSD,20210210,1900,27.065,27.155,27.029,27.042,54632520
XAGUSD,20210210,2000,27.040,27.056,26.942,26.995,39614340
XAGUSD,20210210,2100,26.992,27.028,26.983,26.996,13183880
XAGUSD,20210210,2300,26.987,27.053,26.987,26.996,16285720
XAGUSD,20210211,0000,26.995,26.997,26.881,26.881,26929000
XAGUSD,20210211,0100,26.883,26.947,26.691,26.827,31661800
XAGUSD,20210211,0200,26.828,26.842,26.692,26.829,38533200
XAGUSD,20210211,0300,26.829,26.866,26.729,26.851,40100220
XAGUSD,20210211,0400,26.851,26.863,26.793,26.813,23652100
XAGUSD,20210211,0500,26.813,26.862,26.788,26.847,27955300
XAGUSD,20210211,0600,26.850,27.109,26.837,27.071,41625400
XAGUSD,20210211,0700,27.070,27.214,27.042,27.162,49948100
XAGUSD,20210211,0800,27.164,27.281,27.078,27.126,72003200
XAGUSD,20210211,0900,27.118,27.173,27.088,27.127,40994150
XAGUSD,20210211,1000,27.134,27.155,27.110,27.110,38862800
XAGUSD,20210211,1100,27.110,27.158,27.060,27.111,43368100
XAGUSD,20210211,1200,27.112,27.158,27.057,27.108,46086700
XAGUSD,20210211,1300,27.116,27.208,27.074,27.120,80663020
XAGUSD,20210211,1400,27.119,27.260,27.022,27.164,146321620
XAGUSD,20210211,1500,27.165,27.271,27.119,27.150,121277600
XAGUSD,20210211,1600,27.148,27.188,26.958,27.022,104935880
XAGUSD,20210211,1700,27.023,27.057,26.815,26.956,154453720
XAGUSD,20210211,1800,26.951,27.017,26.821,26.952,74568390
XAGUSD,20210211,1900,26.953,26.979,26.838,26.979,57269600
XAGUSD,20210211,2000,26.976,27.035,26.957,27.004,44996290
XAGUSD,20210211,2100,27.002,27.005,26.935,26.959,20400250
XAGUSD,20210211,2300,26.946,26.987,26.941,26.982,15113400
XAGUSD,20210212,0000,26.978,27.021,26.882,26.882,34486500
XAGUSD,20210212,0100,26.881,26.951,26.862,26.910,31389100
XAGUSD,20210212,0200,26.910,26.917,26.865,26.890,30940400
XAGUSD,20210212,0300,26.891,26.994,26.887,26.972,26787500
XAGUSD,20210212,0400,26.973,27.030,26.962,27.006,19033400
XAGUSD,20210212,0500,27.007,27.088,26.984,27.085,25434500
XAGUSD,20210212,0600,27.086,27.097,26.996,27.020,38861500
XAGUSD,20210212,0700,27.025,27.072,26.946,26.959,55043900
XAGUSD,20210212,0800,26.962,26.973,26.842,26.918,89126000
XAGUSD,20210212,0900,26.920,27.051,26.918,27.046,68616800
XAGUSD,20210212,1000,27.047,27.190,26.998,27.141,71523000
XAGUSD,20210212,1100,27.141,27.142,27.060,27.088,69934600
XAGUSD,20210212,1200,27.089,27.114,27.012,27.067,68652300
XAGUSD,20210212,1300,27.074,27.123,26.926,27.004,120793500
XAGUSD,20210212,1400,27.005,27.167,26.960,27.033,149280920
XAGUSD,20210212,1500,27.030,27.413,27.017,27.394,159701080
XAGUSD,20210212,1600,27.396,27.426,27.286,27.288,118389900
XAGUSD,20210212,1700,27.292,27.373,27.202,27.213,64383700
XAGUSD,20210212,1800,27.208,27.315,27.193,27.281,45316150
XAGUSD,20210212,1900,27.274,27.297,27.202,27.223,34126840
XAGUSD,20210212,2000,27.222,27.279,27.133,27.254,27783900
XAGUSD,20210212,2100,27.252,27.356,27.236,27.325,11792890
XAGUSD,20210214,2300,27.367,27.531,27.334,27.413,27637910
XAGUSD,20210215,0000,27.412,27.558,27.379,27.527,33222200
XAGUSD,20210215,0100,27.530,27.603,27.467,27.594,41852800
XAGUSD,20210215,0200,27.594,27.634,27.528,27.541,28885800
XAGUSD,20210215,0300,27.542,27.624,27.514,27.619,23964600
XAGUSD,20210215,0400,27.618,27.626,27.452,27.473,21978600
XAGUSD,20210215,0500,27.470,27.581,27.444,27.571,22743600
XAGUSD,20210215,0600,27.573,27.600,27.384,27.398,47117700
XAGUSD,20210215,0700,27.396,27.435,27.350,27.414,47354100
XAGUSD,20210215,0800,27.415,27.570,27.396,27.543,88553470
XAGUSD,20210215,0900,27.542,27.564,27.500,27.524,61657900
XAGUSD,20210215,1000,27.529,27.610,27.476,27.548,63372500
XAGUSD,20210215,1100,27.546,27.624,27.523,27.596,46318500
XAGUSD,20210215,1200,27.594,27.695,27.551,27.635,60738400
XAGUSD,20210215,1300,27.630,27.663,27.503,27.530,63600700
XAGUSD,20210215,1400,27.529,27.653,27.496,27.564,55836200
XAGUSD,20210215,1500,27.564,27.611,27.515,27.558,42556800
XAGUSD,20210215,1600,27.558,27.626,27.527,27.612,31518800
XAGUSD,20210215,1700,27.608,27.624,27.545,27.570,33284700
XAGUSD,20210215,2300,27.582,27.608,27.533,27.568,17331600
XAGUSD,20210216,0000,27.567,27.681,27.541,27.677,34076400
XAGUSD,20210216,0100,27.677,27.782,27.621,27.716,57405600
XAGUSD,20210216,0200,27.720,27.800,27.700,27.798,40272900
XAGUSD,20210216,0300,27.796,27.945,27.793,27.936,43395500
XAGUSD,20210216,0400,27.929,27.941,27.827,27.840,36293800
XAGUSD,20210216,0500,27.834,27.860,27.556,27.614,65140400
XAGUSD,20210216,0600,27.611,27.707,27.538,27.666,56891200
XAGUSD,20210216,0700,27.676,27.695,27.521,27.578,62266900
XAGUSD,20210216,0800,27.577,27.790,27.550,27.779,87435700
XAGUSD,20210216,0900,27.786,27.786,27.677,27.748,71959000
XAGUSD,20210216,1000,27.750,27.826,27.685,27.754,73379300
XAGUSD,20210216,1100,27.753,27.761,27.528,27.555,102154570
XAGUSD,20210216,1200,27.560,27.645,27.300,27.310,111275790
XAGUSD,20210216,1300,27.306,27.497,26.834,26.917,214727730
XAGUSD,20210216,1400,26.913,27.233,26.817,27.031,258271500
XAGUSD,20210216,1500,27.036,27.657,27.028,27.556,246498100
XAGUSD,20210216,1600,27.556,27.567,27.141,27.160,157628600
XAGUSD,20210216,1700,27.160,27.242,27.066,27.231,109447900
XAGUSD,20210216,1800,27.233,27.345,27.198,27.302,47508000
XAGUSD,20210216,1900,27.301,27.328,27.242,27.288,32257400
XAGUSD,20210216,2000,27.287,27.296,27.192,27.198,35586300
XAGUSD,20210216,2100,27.198,27.254,27.196,27.208,16672800
XAGUSD,20210216,2300,27.202,27.224,27.044,27.056,35204800
XAGUSD,20210217,0000,27.056,27.187,27.055,27.186,57049000
XAGUSD,20210217,0100,27.185,27.225,27.103,27.210,56908700
XAGUSD,20210217,0200,27.210,27.377,27.209,27.364,51611700
XAGUSD,20210217,0300,27.363,27.411,27.299,27.354,38124900
XAGUSD,20210217,0400,27.352,27.359,27.293,27.318,30912900
XAGUSD,20210217,0500,27.315,27.358,27.245,27.298,46320900
XAGUSD,20210217,0600,27.297,27.321,27.192,27.297,51798400
XAGUSD,20210217,0700,27.297,27.321,27.150,27.164,81676000
XAGUSD,20210217,0800,27.167,27.198,27.018,27.169,126250400
XAGUSD,20210217,0900,27.164,27.191,26.943,27.025,102620300
XAGUSD,20210217,1000,27.025,27.114,27.000,27.096,74732200
XAGUSD,20210217,1100,27.097,27.126,26.994,27.100,66522200
XAGUSD,20210217,1200,27.100,27.210,27.058,27.193,70847820
XAGUSD,20210217,1300,27.191,27.230,26.893,27.021,202250900
XAGUSD,20210217,1400,27.018,27.213,26.939,27.108,229302500
XAGUSD,20210217,1500,27.110,27.150,26.970,27.036,171101220
XAGUSD,20210217,1600,27.038,27.289,26.846,27.257,136688680
XAGUSD,20210217,1700,27.255,27.375,27.230,27.273,94970420
XAGUSD,20210217,1800,27.273,27.328,27.198,27.317,88836000
XAGUSD,20210217,1900,27.318,27.334,27.207,27.298,66751700
XAGUSD,20210217,2000,27.293,27.368,27.291,27.350,37967750
XAGUSD,20210217,2100,27.351,27.412,27.313,27.337,16576550
XAGUSD,20210217,2300,27.348,27.437,27.334,27.393,25913080
XAGUSD,20210218,0000,27.393,27.417,27.313,27.393,57206300
XAGUSD,20210218,0100,27.388,27.512,27.221,27.306,128298100
XAGUSD,20210218,0200,27.305,27.411,27.244,27.411,78714800
XAGUSD,20210218,0300,27.411,27.508,27.321,27.335,61406500
XAGUSD,20210218,0400,27.336,27.362,27.246,27.279,38396600
XAGUSD,20210218,0500,27.277,27.357,27.244,27.293,55661200
XAGUSD,20210218,0600,27.288,27.289,27.139,27.187,69840800
XAGUSD,20210218,0700,27.186,27.253,27.096,27.195,67660400
XAGUSD,20210218,0800,27.193,27.341,27.137,27.316,135579300
XAGUSD,20210218,0900,27.319,27.325,27.184,27.241,98055100
XAGUSD,20210218,1000,27.241,27.244,27.079,27.169,76335200
XAGUSD,20210218,1100,27.166,27.221,27.124,27.146,78588100
XAGUSD,20210218,1200,27.146,27.210,27.044,27.182,93154000
XAGUSD,20210218,1300,27.180,27.306,27.165,27.246,114311900
XAGUSD,20210218,1400,27.243,27.322,27.007,27.144,222885000
XAGUSD,20210218,1500,27.144,27.145,26.855,27.052,223619400
XAGUSD,20210218,1600,27.054,27.104,26.966,27.055,85212300
XAGUSD,20210218,1700,27.058,27.114,27.019,27.062,51847300
XAGUSD,20210218,1800,27.059,27.067,26.992,26.998,48517600
XAGUSD,20210218,1900,26.994,27.081,26.987,27.047,27217600
XAGUSD,20210218,2000,27.044,27.044,26.968,26.975,19099500
XAGUSD,20210218,2100,26.980,27.059,26.980,27.005,17712800
XAGUSD,20210218,2300,27.021,27.041,26.028,26.557,29327350
XAGUSD,20210219,0000,26.552,26.987,26.487,26.864,71888100
XAGUSD,20210219,0100,26.867,26.902,26.549,26.735,130128500
XAGUSD,20210219,0200,26.736,26.756,26.553,26.695,90767100
XAGUSD,20210219,0300,26.696,26.731,26.642,26.658,46982500
XAGUSD,20210219,0400,26.661,26.753,26.643,26.747,33421900
XAGUSD,20210219,0500,26.743,26.843,26.708,26.819,74102100
XAGUSD,20210219,0600,26.823,26.987,26.811,26.874,99636400
XAGUSD,20210219,0700,26.876,26.931,26.839,26.920,61602300
XAGUSD,20210219,0800,26.918,27.133,26.810,27.111,99274700
XAGUSD,20210219,0900,27.112,27.179,27.032,27.050,81106500
XAGUSD,20210219,1000,27.050,27.139,27.030,27.092,66369900
XAGUSD,20210219,1100,27.093,27.106,26.929,26.952,65805400
XAGUSD,20210219,1200,26.951,27.092,26.932,27.066,72154600
XAGUSD,20210219,1300,27.065,27.597,27.065,27.572,172179650
XAGUSD,20210219,1400,27.576,27.599,27.288,27.413,228955240
XAGUSD,20210219,1500,27.409,27.560,27.338,27.494,144368600
XAGUSD,20210219,1600,27.496,27.506,27.366,27.436,96641400
XAGUSD,20210219,1700,27.437,27.466,27.241,27.304,100974440
XAGUSD,20210219,1800,27.306,27.314,27.128,27.221,81277720
XAGUSD,20210219,1900,27.225,27.259,27.150,27.220,41253500
XAGUSD,20210219,2000,27.226,27.255,27.182,27.184,40856200
XAGUSD,20210219,2100,27.187,27.262,27.161,27.262,9223140
XAGUSD,20210221,2300,27.376,27.539,27.313,27.383,42576300
XAGUSD,20210222,0000,27.385,27.549,27.336,27.437,50064900
XAGUSD,20210222,0100,27.437,27.689,27.427,27.563,156240500
XAGUSD,20210222,0200,27.564,27.579,27.472,27.493,94265200
XAGUSD,20210222,0300,27.492,27.537,27.401,27.421,72809100
XAGUSD,20210222,0400,27.420,27.470,27.405,27.425,35605000
XAGUSD,20210222,0500,27.430,27.539,27.403,27.516,74957800
XAGUSD,20210222,0600,27.519,27.626,27.453,27.485,108331200
XAGUSD,20210222,0700,27.480,27.502,27.361,27.452,98057000
XAGUSD,20210222,0800,27.451,27.452,27.290,27.401,120143400
XAGUSD,20210222,0900,27.403,27.507,27.381,27.496,112185100
XAGUSD,20210222,1000,27.495,27.517,27.467,27.482,74868800
XAGUSD,20210222,1100,27.486,27.546,27.412,27.429,72536100
XAGUSD,20210222,1200,27.429,27.463,27.364,27.376,76996000
XAGUSD,20210222,1300,27.375,27.624,27.260,27.461,188203650
XAGUSD,20210222,1400,27.460,27.780,27.370,27.676,235808200
XAGUSD,20210222,1500,27.676,27.848,27.626,27.808,239703100
XAGUSD,20210222,1600,27.811,27.940,27.758,27.929,127251500
XAGUSD,20210222,1700,27.920,28.003,27.884,27.951,93327200
XAGUSD,20210222,1800,27.950,28.059,27.908,28.012,74084900
XAGUSD,20210222,1900,28.012,28.158,27.992,28.083,53872200
XAGUSD,20210222,2000,28.083,28.273,28.007,28.249,57827050
XAGUSD,20210222,2100,28.249,28.264,28.104,28.121,28842900
XAGUSD,20210222,2300,28.148,28.235,28.143,28.198,20922900
XAGUSD,20210223,0000,28.198,28.199,27.934,28.036,40253100
XAGUSD,20210223,0100,28.036,28.316,27.936,28.243,140881600
XAGUSD,20210223,0200,28.237,28.286,28.164,28.240,85302800
XAGUSD,20210223,0300,28.235,28.247,27.941,28.073,81343200
XAGUSD,20210223,0400,28.075,28.159,28.063,28.148,28627300
XAGUSD,20210223,0500,28.148,28.165,27.988,28.118,69226700
XAGUSD,20210223,0600,28.116,28.194,27.977,28.081,102763870
XAGUSD,20210223,0700,28.080,28.128,28.018,28.065,89889500
XAGUSD,20210223,0800,28.067,28.155,27.996,28.113,106661200
XAGUSD,20210223,0900,28.111,28.112,27.790,27.812,115572500
XAGUSD,20210223,1000,27.812,27.931,27.771,27.816,113017600
XAGUSD,20210223,1100,27.815,27.967,27.769,27.952,86236400
XAGUSD,20210223,1200,27.949,28.043,27.920,27.957,96402000
XAGUSD,20210223,1300,27.958,27.990,27.709,27.896,146500000
XAGUSD,20210223,1400,27.898,27.899,27.231,27.509,287349470
XAGUSD,20210223,1500,27.510,27.718,27.427,27.562,295690740
XAGUSD,20210223,1600,27.563,27.612,27.451,27.599,147285000
XAGUSD,20210223,1700,27.605,27.729,27.566,27.583,113105600
XAGUSD,20210223,1800,27.584,27.660,27.479,27.526,78751800
XAGUSD,20210223,1900,27.523,27.606,27.462,27.580,60384700
XAGUSD,20210223,2000,27.579,27.703,27.559,27.653,64273100
XAGUSD,20210223,2100,27.660,27.698,27.606,27.613,39102100
XAGUSD,20210223,2300,27.655,27.708,27.613,27.648,16068000
XAGUSD,20210224,0000,27.650,27.691,27.614,27.667,34790700
XAGUSD,20210224,0100,27.668,27.924,27.640,27.848,115898030
XAGUSD,20210224,0200,27.846,27.907,27.738,27.785,68726430
XAGUSD,20210224,0300,27.785,27.818,27.700,27.725,54223300
XAGUSD,20210224,0400,27.725,27.734,27.662,27.674,36802400
XAGUSD,20210224,0500,27.675,27.691,27.526,27.608,80651600
XAGUSD,20210224,0600,27.611,27.661,27.461,27.624,104868500
XAGUSD,20210224,0700,27.627,27.676,27.567,27.622,88717400
XAGUSD,20210224,0800,27.627,27.818,27.599,27.751,120374460
XAGUSD,20210224,0900,27.756,27.786,27.690,27.724,98673270
XAGUSD,20210224,1000,27.723,27.764,27.655,27.712,68341400
XAGUSD,20210224,1100,27.710,27.789,27.687,27.777,68634700
XAGUSD,20210224,1200,27.776,27.846,27.719,27.809,86989800
XAGUSD,20210224,1300,27.806,27.874,27.386,27.458,232531610
XAGUSD,20210224,1400,27.458,27.589,27.309,27.469,259417550
XAGUSD,20210224,1500,27.469,27.732,27.427,27.707,227323770
XAGUSD,20210224,1600,27.704,27.847,27.607,27.814,175893300
XAGUSD,20210224,1700,27.814,27.853,27.701,27.738,92587200
XAGUSD,20210224,1800,27.742,27.863,27.632,27.854,79745000
XAGUSD,20210224,1900,27.853,27.865,27.746,27.763,56231400
XAGUSD,20210224,2000,27.762,27.939,27.752,27.909,43692980
XAGUSD,20210224,2100,27.909,28.013,27.887,27.916,15176870
XAGUSD,20210224,2300,27.931,27.973,27.797,27.911,20972530
XAGUSD,20210225,0000,27.916,27.937,27.800,27.805,35539400
XAGUSD,20210225,0100,27.805,28.090,27.805,27.896,136157500
XAGUSD,20210225,0200,27.896,28.075,27.886,28.010,99311900
XAGUSD,20210225,0300,28.011,28.063,27.940,27.981,81067400
XAGUSD,20210225,0400,27.982,28.041,27.961,28.000,46325100
XAGUSD,20210225,0500,27.991,28.195,27.963,28.152,97717200
XAGUSD,20210225,0600,28.150,28.159,27.816,27.897,123833300
XAGUSD,20210225,0700,27.894,27.896,27.762,27.886,87257900
XAGUSD,20210225,0800,27.884,27.887,27.716,27.810,112029800
XAGUSD,20210225,0900,27.810,28.010,27.761,27.994,107656700
XAGUSD,20210225,1000,27.997,28.189,27.930,28.166,105651500
XAGUSD,20210225,1100,28.161,28.177,27.799,27.911,135889660
XAGUSD,20210225,1200,27.903,27.966,27.858,27.904,120921100
XAGUSD,20210225,1300,27.905,28.054,27.688,27.766,208675000
XAGUSD,20210225,1400,27.767,28.005,27.606,27.822,288640000
XAGUSD,20210225,1500,27.820,27.835,27.550,27.699,326237370
XAGUSD,20210225,1600,27.696,27.809,27.613,27.760,199530300
XAGUSD,20210225,1700,27.757,27.778,27.445,27.491,250898500
XAGUSD,20210225,1800,27.492,27.622,27.379,27.565,309261350
XAGUSD,20210225,1900,27.565,27.657,27.418,27.439,183762000
XAGUSD,20210225,2000,27.438,27.496,27.336,27.341,160891500
XAGUSD,20210225,2100,27.341,27.428,27.259,27.394,40310900
XAGUSD,20210225,2300,27.426,27.579,27.367,27.469,36361030
XAGUSD,20210226,0000,27.471,27.583,27.336,27.565,84867900
XAGUSD,20210226,0100,27.565,27.576,27.115,27.297,158263400
XAGUSD,20210226,0200,27.302,27.457,27.262,27.334,87519200
XAGUSD,20210226,0300,27.335,27.395,27.317,27.374,69939700
XAGUSD,20210226,0400,27.381,27.407,27.129,27.204,73301700
XAGUSD,20210226,0500,27.207,27.243,26.816,26.911,142539600
XAGUSD,20210226,0600,26.911,27.012,26.759,26.900,137186500
XAGUSD,20210226,0700,26.901,26.955,26.728,26.828,150265500
XAGUSD,20210226,0800,26.832,27.081,26.739,27.072,144793400
XAGUSD,20210226,0900,27.075,27.085,26.834,26.852,134199500
XAGUSD,20210226,1000,26.854,26.970,26.794,26.874,117703680
XAGUSD,20210226,1100,26.874,26.917,26.590,26.708,161234300
XAGUSD,20210226,1200,26.709,26.824,26.605,26.638,148900600
XAGUSD,20210226,1300,26.638,26.873,26.602,26.828,238679000
XAGUSD,20210226,1400,26.824,26.949,26.605,26.614,336613200
XAGUSD,20210226,1500,26.615,26.639,26.230,26.472,391411540
XAGUSD,20210226,1600,26.466,26.524,26.171,26.211,289083710
XAGUSD,20210226,1700,26.214,26.342,26.126,26.301,209787300
XAGUSD,20210226,1800,26.301,26.491,26.249,26.445,153938700
XAGUSD,20210226,1900,26.446,26.576,26.412,26.448,98632100
XAGUSD,20210226,2000,26.445,26.640,26.390,26.528,78674900
XAGUSD,20210226,2100,26.528,26.664,26.503,26.647,17586870
XAGUSD,20210228,2300,26.627,26.792,26.607,26.788,45559740
XAGUSD,20210301,0000,26.784,26.830,26.659,26.725,65972300
XAGUSD,20210301,0100,26.726,26.874,26.696,26.849,110961700
XAGUSD,20210301,0200,26.851,26.936,26.794,26.812,117945300
XAGUSD,20210301,0300,26.807,26.894,26.776,26.870,67992800
XAGUSD,20210301,0400,26.869,26.888,26.801,26.865,37355500
XAGUSD,20210301,0500,26.866,26.976,26.782,26.855,84605700
XAGUSD,20210301,0600,26.854,26.963,26.825,26.909,115613080
XAGUSD,20210301,0700,26.908,27.064,26.869,26.890,106000100
XAGUSD,20210301,0800,26.890,26.962,26.835,26.864,117743400
XAGUSD,20210301,0900,26.864,26.890,26.741,26.807,94360400
XAGUSD,20210301,1000,26.809,26.869,26.785,26.846,80187300
XAGUSD,20210301,1100,26.846,26.881,26.767,26.830,78025500
XAGUSD,20210301,1200,26.830,26.911,26.753,26.770,109044400
XAGUSD,20210301,1300,26.773,26.960,26.678,26.851,198296150
XAGUSD,20210301,1400,26.856,26.972,26.769,26.859,233562640
XAGUSD,20210301,1500,26.838,26.962,26.762,26.861,206431320
XAGUSD,20210301,1600,26.865,26.909,26.782,26.811,121450600
XAGUSD,20210301,1700,26.810,26.850,26.619,26.634,107866500
XAGUSD,20210301,1800,26.640,26.657,26.431,26.484,119550400
XAGUSD,20210301,1900,26.483,26.595,26.420,26.587,90105000
XAGUSD,20210301,2000,26.588,26.590,26.435,26.483,75817550
XAGUSD,20210301,2100,26.487,26.586,26.467,26.543,27785800
XAGUSD,20210301,2300,26.533,26.554,26.454,26.523,31331600
XAGUSD,20210302,0000,26.526,26.654,26.482,26.616,48032200
XAGUSD,20210302,0100,26.610,26.677,26.040,26.163,193655400
XAGUSD,20210302,0200,26.158,26.224,26.028,26.103,128728200
XAGUSD,20210302,0300,26.101,26.145,25.960,26.077,107093200
XAGUSD,20210302,0400,26.079,26.157,26.072,26.132,45076000
XAGUSD,20210302,0500,26.132,26.171,25.811,26.017,121361600
XAGUSD,20210302,0600,26.016,26.232,25.976,26.203,121689810
XAGUSD,20210302,0700,26.203,26.243,25.992,26.014,96769700
XAGUSD,20210302,0800,26.017,26.103,25.897,26.071,118595300
XAGUSD,20210302,0900,26.071,26.173,26.015,26.095,117106400
XAGUSD,20210302,1000,26.093,26.411,26.093,26.313,108601500
XAGUSD,20210302,1100,26.314,26.345,26.227,26.227,111908900
XAGUSD,20210302,1200,26.231,26.409,26.214,26.399,98204000
XAGUSD,20210302,1300,26.400,26.539,26.223,26.300,176435300
XAGUSD,20210302,1400,26.293,26.502,26.289,26.434,206029920
XAGUSD,20210302,1500,26.429,26.495,26.305,26.390,242568300
XAGUSD,20210302,1600,26.390,26.691,26.379,26.600,170231700
XAGUSD,20210302,1700,26.597,26.779,26.596,26.710,123313200
XAGUSD,20210302,1800,26.710,26.894,26.678,26.816,79158500
XAGUSD,20210302,1900,26.817,26.837,26.639,26.675,99547700
XAGUSD,20210302,2000,26.676,26.778,26.675,26.693,62294000
XAGUSD,20210302,2100,26.694,26.780,26.691,26.734,16112000
XAGUSD,20210302,2300,26.739,26.782,26.697,26.708,22001820
XAGUSD,20210303,0000,26.709,26.759,26.660,26.710,56136600
XAGUSD,20210303,0100,26.706,26.814,26.614,26.696,113542000
XAGUSD,20210303,0200,26.697,26.701,26.613,26.672,51270900
XAGUSD,20210303,0300,26.673,26.753,26.670,26.678,48228400
XAGUSD,20210303,0400,26.679,26.699,26.655,26.682,20722600
XAGUSD,20210303,0500,26.682,26.703,26.581,26.614,58300300
XAGUSD,20210303,0600,26.616,26.660,26.549,26.633,87341700
XAGUSD,20210303,0700,26.632,26.773,26.606,26.753,77938200
XAGUSD,20210303,0800,26.753,26.766,26.633,26.651,101176900
XAGUSD,20210303,0900,26.650,26.738,26.625,26.678,91723300
XAGUSD,20210303,1000,26.677,26.677,26.531,26.579,72364200
XAGUSD,20210303,1100,26.582,26.606,26.513,26.577,77423300
XAGUSD,20210303,1200,26.580,26.601,26.529,26.580,87460600
XAGUSD,20210303,1300,26.583,26.583,26.073,26.179,280928000
XAGUSD,20210303,1400,26.181,26.286,25.987,26.101,324194220
XAGUSD,20210303,1500,26.102,26.240,25.815,26.205,318978800
XAGUSD,20210303,1600,26.205,26.481,26.179,26.323,237010820
XAGUSD,20210303,1700,26.318,26.365,26.257,26.287,103551900
XAGUSD,20210303,1800,26.286,26.333,26.211,26.269,100715400
XAGUSD,20210303,1900,26.276,26.288,26.079,26.167,90552100
XAGUSD,20210303,2000,26.167,26.247,26.126,26.136,62889300
XAGUSD,20210303,2100,26.141,26.172,26.070,26.070,23343090
XAGUSD,20210303,2300,26.040,26.124,25.987,25.988,31851110
XAGUSD,20210304,0000,25.992,26.196,25.955,26.181,47888700
XAGUSD,20210304,0100,26.190,26.260,26.066,26.238,110828900
XAGUSD,20210304,0200,26.244,26.297,26.081,26.131,87276200
XAGUSD,20210304,0300,26.130,26.152,25.994,26.043,71497000
XAGUSD,20210304,0400,26.042,26.173,25.893,26.165,76746000
XAGUSD,20210304,0500,26.165,26.260,26.116,26.190,89556800
XAGUSD,20210304,0600,26.188,26.189,26.000,26.044,122099500
XAGUSD,20210304,0700,26.041,26.239,26.030,26.061,96265300
XAGUSD,20210304,0800,26.061,26.117,25.943,25.984,142971100
XAGUSD,20210304,0900,25.987,26.052,25.604,25.943,152532300
XAGUSD,20210304,1000,25.943,26.008,25.757,25.943,116861900
XAGUSD,20210304,1100,25.948,25.978,25.815,25.949,89884500
XAGUSD,20210304,1200,25.950,26.117,25.913,26.085,100157200
XAGUSD,20210304,1300,26.086,26.194,25.870,26.038,197635220
XAGUSD,20210304,1400,26.042,26.149,25.924,25.980,209344300
XAGUSD,20210304,1500,25.976,26.205,25.768,26.177,281096840
XAGUSD,20210304,1600,26.172,26.291,26.085,26.120,212240600
XAGUSD,20210304,1700,26.121,26.211,25.368,25.441,315419500
XAGUSD,20210304,1800,25.443,25.572,25.044,25.094,306267100
XAGUSD,20210304,1900,25.096,25.426,25.091,25.379,183944400
XAGUSD,20210304,2000,25.382,25.398,25.235,25.347,127934900
XAGUSD,20210304,2100,25.354,25.421,25.295,25.339,29794350
XAGUSD,20210304,2300,25.303,25.429,25.264,25.323,43765340
XAGUSD,20210305,0000,25.319,25.368,25.178,25.365,78092600
XAGUSD,20210305,0100,25.366,25.372,25.028,25.168,178621400
XAGUSD,20210305,0200,25.163,25.255,25.109,25.249,97153900
XAGUSD,20210305,0300,25.251,25.293,25.144,25.247,68085300
XAGUSD,20210305,0400,25.247,25.252,25.170,25.198,40055500
XAGUSD,20210305,0500,25.201,25.257,25.132,25.249,74555600
XAGUSD,20210305,0600,25.249,25.296,25.171,25.194,95808800
XAGUSD,20210305,0700,25.195,25.307,25.161,25.217,89666500
XAGUSD,20210305,0800,25.219,25.270,25.099,25.245,129204200
XAGUSD,20210305,0900,25.246,25.327,25.166,25.191,110845500
XAGUSD,20210305,1000,25.188,25.295,25.169,25.248,81683100
XAGUSD,20210305,1100,25.248,25.406,25.241,25.311,92472000
XAGUSD,20210305,1200,25.311,25.384,25.290,25.365,124533600
XAGUSD,20210305,1300,25.366,25.394,24.882,25.115,234637200
XAGUSD,20210305,1400,25.114,25.450,25.062,25.131,400861600
XAGUSD,20210305,1500,25.129,25.285,25.076,25.086,292175100
XAGUSD,20210305,1600,25.087,25.111,24.814,24.944,184563900
XAGUSD,20210305,1700,24.933,25.188,24.898,25.170,157189100
XAGUSD,20210305,1800,25.169,25.278,25.113,25.204,137979300
XAGUSD,20210305,1900,25.208,25.224,25.115,25.196,83157200
XAGUSD,20210305,2000,25.195,25.227,25.138,25.162,49927680
XAGUSD,20210305,2100,25.154,25.226,25.152,25.193,10427130
XAGUSD,20210307,2300,25.315,25.559,25.266,25.433,51461680
XAGUSD,20210308,0000,25.438,25.445,25.315,25.409,43004400
XAGUSD,20210308,0100,25.411,25.884,25.390,25.836,166663600
XAGUSD,20210308,0200,25.838,25.915,25.592,25.666,114072700
XAGUSD,20210308,0300,25.665,25.694,25.536,25.585,88999100
XAGUSD,20210308,0400,25.589,25.647,25.547,25.637,46730000
XAGUSD,20210308,0500,25.640,25.703,25.508,25.599,85577600
XAGUSD,20210308,0600,25.600,25.661,25.433,25.476,103566900
XAGUSD,20210308,0700,25.476,25.497,25.298,25.366,107595900
XAGUSD,20210308,0800,25.366,25.476,25.282,25.412,123528500
XAGUSD,20210308,0900,25.413,25.424,25.186,25.223,109731300
XAGUSD,20210308,1000,25.221,25.344,25.206,25.296,80482700
XAGUSD,20210308,1100,25.297,25.340,25.142,25.145,105512720
XAGUSD,20210308,1200,25.144,25.217,25.060,25.186,122711800
XAGUSD,20210308,1300,25.180,25.254,24.935,25.204,243767300
XAGUSD,20210308,1400,25.200,25.322,25.097,25.141,260936800
XAGUSD,20210308,1500,25.142,25.381,25.075,25.185,280154080
XAGUSD,20210308,1600,25.184,25.246,25.100,25.126,176396600
XAGUSD,20210308,1700,25.123,25.252,25.062,25.187,116151000
XAGUSD,20210308,1800,25.191,25.233,25.119,25.129,63434100
XAGUSD,20210308,1900,25.128,25.193,25.103,25.185,46222900
XAGUSD,20210308,2000,25.184,25.198,25.090,25.101,68011610
XAGUSD,20210308,2100,25.101,25.126,25.083,25.110,19314000
XAGUSD,20210308,2300,25.087,25.204,25.087,25.158,18520500
XAGUSD,20210309,0000,25.159,25.229,25.105,25.224,55466030
XAGUSD,20210309,0100,25.223,25.262,25.025,25.087,120611100
XAGUSD,20210309,0200,25.088,25.299,25.086,25.263,99539900
XAGUSD,20210309,0300,25.265,25.430,25.227,25.389,91834100
XAGUSD,20210309,0400,25.386,25.420,25.298,25.322,49112700
XAGUSD,20210309,0500,25.322,25.386,25.270,25.306,83306300
XAGUSD,20210309,0600,25.306,25.398,25.263,25.345,90875700
XAGUSD,20210309,0700,25.344,25.561,25.288,25.540,104529100
XAGUSD,20210309,0800,25.541,25.699,25.431,25.695,142724900
XAGUSD,20210309,0900,25.698,25.746,25.651,25.678,115697900
XAGUSD,20210309,1000,25.675,25.733,25.603,25.639,129402600
XAGUSD,20210309,1100,25.642,25.828,25.607,25.739,125468900
XAGUSD,20210309,1200,25.748,25.758,25.627,25.643,131859700
XAGUSD,20210309,1300,25.643,25.880,25.638,25.805,281842600
XAGUSD,20210309,1400,25.805,26.022,25.805,25.955,350344900
XAGUSD,20210309,1500,25.952,26.031,25.873,25.885,252178300
XAGUSD,20210309,1600,25.887,25.992,25.879,25.915,171431020
XAGUSD,20210309,1700,25.916,25.990,25.910,25.982,72599500
XAGUSD,20210309,1800,25.989,26.124,25.962,26.002,134285400
XAGUSD,20210309,1900,26.000,26.053,25.961,25.991,78489300
XAGUSD,20210309,2000,25.991,26.033,25.880,25.897,50300400
XAGUSD,20210309,2100,25.898,25.962,25.887,25.914,18659000
XAGUSD,20210309,2300,25.915,25.955,25.878,25.927,16247700
XAGUSD,20210310,0000,25.924,25.983,25.900,25.973,44630600
XAGUSD,20210310,0100,25.971,26.061,25.877,25.888,100458300
XAGUSD,20210310,0200,25.888,25.896,25.751,25.801,93639500
XAGUSD,20210310,0300,25.800,25.833,25.750,25.758,66429600
XAGUSD,20210310,0400,25.761,25.817,25.753,25.784,33168900
XAGUSD,20210310,0500,25.784,25.793,25.678,25.718,64072100
XAGUSD,20210310,0600,25.715,25.747,25.537,25.734,97098200
XAGUSD,20210310,0700,25.734,25.812,25.712,25.776,72564800
XAGUSD,20210310,0800,25.776,25.867,25.687,25.852,106942900
XAGUSD,20210310,0900,25.851,25.893,25.804,25.847,71728130
XAGUSD,20210310,1000,25.848,25.864,25.706,25.717,62544700
XAGUSD,20210310,1100,25.716,25.740,25.621,25.718,69558500
XAGUSD,20210310,1200,25.720,25.764,25.632,25.763,83001800
XAGUSD,20210310,1300,25.760,26.035,25.717,26.025,194563070
XAGUSD,20210310,1400,26.023,26.107,25.916,26.021,241876680
XAGUSD,20210310,1500,26.021,26.073,25.922,26.026,195581500
XAGUSD,20210310,1600,26.026,26.037,25.879,26.003,118772900
XAGUSD,20210310,1700,26.004,26.087,25.973,26.047,72119700
XAGUSD,20210310,1800,26.047,26.137,25.948,26.105,140371410
XAGUSD,20210310,1900,26.109,26.209,26.071,26.148,71924600
XAGUSD,20210310,2000,26.143,26.213,26.108,26.193,54842100
XAGUSD,20210310,2100,26.187,26.210,26.151,26.195,19534800
XAGUSD,20210310,2300,26.193,26.224,26.125,26.172,16637970
XAGUSD,20210311,0000,26.165,26.192,26.048,26.085,24680100
XAGUSD,20210311,0100,26.080,26.148,26.008,26.064,94302300
XAGUSD,20210311,0200,26.066,26.294,26.065,26.226,91364000
XAGUSD,20210311,0300,26.230,26.297,26.200,26.215,59913300
XAGUSD,20210311,0400,26.214,26.221,26.161,26.209,30333100
XAGUSD,20210311,0500,26.211,26.358,26.189,26.333,71562900
XAGUSD,20210311,0600,26.332,26.340,26.244,26.265,80771700
XAGUSD,20210311,0700,26.271,26.404,26.233,26.352,71177900
XAGUSD,20210311,0800,26.347,26.445,26.318,26.399,99862400
XAGUSD,20210311,0900,26.402,26.437,26.283,26.304,90179100
XAGUSD,20210311,1000,26.305,26.336,26.264,26.307,55421300
XAGUSD,20210311,1100,26.311,26.338,26.122,26.233,65834600
XAGUSD,20210311,1200,26.226,26.305,26.154,26.288,95223000
XAGUSD,20210311,1300,26.286,26.366,26.142,26.229,176909520
XAGUSD,20210311,1400,26.224,26.254,25.825,25.979,214092100
XAGUSD,20210311,1500,25.984,26.077,25.902,26.049,136180160
XAGUSD,20210311,1600,26.053,26.089,25.974,26.073,73327300
XAGUSD,20210311,1700,26.069,26.130,26.016,26.053,108501050
XAGUSD,20210311,1800,26.053,26.193,26.028,26.123,130284400
XAGUSD,20210311,1900,26.125,26.153,26.084,26.145,56707000
XAGUSD,20210311,2000,26.146,26.155,26.075,26.123,30031750
XAGUSD,20210311,2100,26.130,26.169,26.075,26.109,14305700
XAGUSD,20210311,2300,26.104,26.120,26.070,26.075,15053200
XAGUSD,20210312,0000,26.069,26.157,26.069,26.122,44661200
XAGUSD,20210312,0100,26.121,26.151,26.025,26.032,80640600
XAGUSD,20210312,0200,26.032,26.040,25.896,25.954,93565600
XAGUSD,20210312,0300,25.953,25.972,25.902,25.954,55832500
XAGUSD,20210312,0400,25.952,25.991,25.942,25.970,26758500
XAGUSD,20210312,0500,25.971,25.992,25.884,25.955,65321900
XAGUSD,20210312,0600,25.952,25.957,25.602,25.720,117454100
XAGUSD,20210312,0700,25.723,25.755,25.622,25.708,76821200
XAGUSD,20210312,0800,25.707,25.754,25.606,25.651,130022900
XAGUSD,20210312,0900,25.650,25.662,25.402,25.463,98558800
XAGUSD,20210312,1000,25.462,25.624,25.438,25.565,66464200
XAGUSD,20210312,1100,25.565,25.586,25.469,25.488,73478800
XAGUSD,20210312,1200,25.491,25.614,25.447,25.614,77719200
XAGUSD,20210312,1300,25.617,25.632,25.370,25.470,131075500
XAGUSD,20210312,1400,25.470,25.695,25.380,25.658,193533500
XAGUSD,20210312,1500,25.653,25.682,25.489,25.573,170057400
XAGUSD,20210312,1600,25.580,25.798,25.525,25.736,199395100
XAGUSD,20210312,1700,25.737,25.821,25.714,25.782,131533700
XAGUSD,20210312,1800,25.784,25.902,25.775,25.869,64209400
XAGUSD,20210312,1900,25.871,25.913,25.822,25.866,42155200
XAGUSD,20210312,2000,25.863,25.915,25.829,25.877,31052350
XAGUSD,20210312,2100,25.880,25.925,25.859,25.895,7267350
XAGUSD,20210314,2200,25.917,26.050,25.917,26.036,25111620
XAGUSD,20210314,2300,26.036,26.072,25.953,25.980,21957300
XAGUSD,20210315,0000,25.978,26.011,25.937,25.965,36235100
XAGUSD,20210315,0100,25.965,26.185,25.908,26.091,130892200
XAGUSD,20210315,0200,26.087,26.131,25.934,25.991,95937900
XAGUSD,20210315,0300,25.992,26.043,25.978,26.025,53154500
XAGUSD,20210315,0400,26.027,26.028,25.942,25.965,29204600
XAGUSD,20210315,0500,25.964,25.981,25.786,25.847,79972900
XAGUSD,20210315,0600,25.852,25.933,25.805,25.898,76460170
XAGUSD,20210315,0700,25.900,25.951,25.837,25.872,61267800
XAGUSD,20210315,0800,25.873,26.061,25.868,26.057,116812100
XAGUSD,20210315,0900,26.056,26.199,26.050,26.063,114366300
XAGUSD,20210315,1000,26.063,26.113,26.034,26.104,71402600
XAGUSD,20210315,1100,26.103,26.130,26.059,26.078,70177300
XAGUSD,20210315,1200,26.077,26.208,26.026,26.165,133452000
XAGUSD,20210315,1300,26.162,26.293,26.075,26.241,228284200
XAGUSD,20210315,1400,26.242,26.272,26.041,26.080,185636120
XAGUSD,20210315,1500,26.076,26.149,25.975,26.074,136558800
XAGUSD,20210315,1600,26.070,26.198,26.068,26.123,56578400
XAGUSD,20210315,1700,26.129,26.233,26.094,26.204,47032600
XAGUSD,20210315,1800,26.198,26.242,26.175,26.198,32472950
XAGUSD,20210315,1900,26.193,26.248,26.167,26.211,31746300
XAGUSD,20210315,2000,26.210,26.244,26.204,26.216,16871700
XAGUSD,20210315,2200,26.226,26.248,26.193,26.208,7892420
XAGUSD,20210315,2300,26.213,26.229,26.196,26.213,14071300
XAGUSD,20210316,0000,26.206,26.259,26.159,26.164,21638000
XAGUSD,20210316,0100,26.161,26.278,26.134,26.181,100698800
XAGUSD,20210316,0200,26.183,26.198,26.086,26.148,62963700
XAGUSD,20210316,0300,26.145,26.201,26.129,26.184,36335700
XAGUSD,20210316,0400,26.187,26.225,26.175,26.183,23826400
XAGUSD,20210316,0500,26.183,26.298,26.153,26.259,63948200
XAGUSD,20210316,0600,26.259,26.273,26.118,26.125,69105000
XAGUSD,20210316,0700,26.125,26.125,26.004,26.095,78275400
XAGUSD,20210316,0800,26.102,26.120,26.054,26.077,76805300
XAGUSD,20210316,0900,26.077,26.081,25.988,26.024,71346700
XAGUSD,20210316,1000,26.025,26.123,26.004,26.117,54249200
XAGUSD,20210316,1100,26.114,26.142,26.039,26.057,74144500
XAGUSD,20210316,1200,26.059,26.137,25.958,25.991,138817150
XAGUSD,20210316,1300,25.993,26.022,25.826,25.913,159102600
XAGUSD,20210316,1400,25.913,26.139,25.834,26.002,169928500
XAGUSD,20210316,1500,26.003,26.022,25.852,25.915,90711540
XAGUSD,20210316,1600,25.921,25.977,25.909,25.949,64499400
XAGUSD,20210316,1700,25.955,26.024,25.860,25.883,60792800
XAGUSD,20210316,1800,25.882,25.925,25.824,25.869,42148600
XAGUSD,20210316,1900,25.870,25.956,25.849,25.946,30077100
XAGUSD,20210316,2000,25.947,25.949,25.915,25.928,15157250
XAGUSD,20210316,2200,25.926,25.952,25.901,25.929,14867850
XAGUSD,20210316,2300,25.929,25.947,25.893,25.920,14777600
XAGUSD,20210317,0000,25.915,25.929,25.851,25.927,34278100
XAGUSD,20210317,0100,25.927,25.929,25.747,25.835,102503280
XAGUSD,20210317,0200,25.836,25.859,25.788,25.824,52570200
XAGUSD,20210317,0300,25.829,25.923,25.815,25.914,33226400
XAGUSD,20210317,0400,25.917,25.932,25.874,25.902,22145000
XAGUSD,20210317,0500,25.898,25.918,25.832,25.844,40019900
XAGUSD,20210317,0600,25.847,25.997,25.845,25.986,59764300
XAGUSD,20210317,0700,25.986,26.009,25.917,25.976,47708600
XAGUSD,20210317,0800,25.980,26.023,25.936,25.975,80499800
XAGUSD,20210317,0900,25.975,26.061,25.958,26.043,81674000
XAGUSD,20210317,1000,26.044,26.061,25.982,26.009,58865400
XAGUSD,20210317,1100,26.005,26.009,25.797,25.853,102696900
XAGUSD,20210317,1200,25.853,25.966,25.812,25.905,109282900
XAGUSD,20210317,1300,25.903,26.048,25.845,25.970,271987000
XAGUSD,20210317,1400,25.965,26.095,25.880,26.000,254379200
XAGUSD,20210317,1500,26.001,26.020,25.918,25.934,143466300
XAGUSD,20210317,1600,25.924,25.938,25.878,25.929,110760800
XAGUSD,20210317,1700,25.932,26.032,25.922,26.018,64530900
XAGUSD,20210317,1800,26.037,26.464,26.021,26.454,345772100
XAGUSD,20210317,1900,26.455,26.509,26.256,26.301,165433400
XAGUSD,20210317,2000,26.296,26.326,26.282,26.286,26606400
XAGUSD,20210317,2200,26.275,26.417,26.275,26.346,24160900
XAGUSD,20210317,2300,26.348,26.386,26.315,26.361,26840100
XAGUSD,20210318,0000,26.353,26.408,26.297,26.325,66325800
XAGUSD,20210318,0100,26.326,26.591,26.321,26.538,123056300
XAGUSD,20210318,0200,26.542,26.615,26.478,26.591,91271900
XAGUSD,20210318,0300,26.589,26.614,26.412,26.423,89566700
XAGUSD,20210318,0400,26.422,26.498,26.381,26.486,43085300
XAGUSD,20210318,0500,26.485,26.544,26.443,26.472,82609900
XAGUSD,20210318,0600,26.471,26.606,26.445,26.586,111774600
XAGUSD,20210318,0700,26.587,26.625,26.306,26.345,151364550
XAGUSD,20210318,0800,26.346,26.410,26.130,26.229,128336600
XAGUSD,20210318,0900,26.231,26.301,26.097,26.174,121480900
XAGUSD,20210318,1000,26.170,26.195,26.068,26.150,106653500
XAGUSD,20210318,1100,26.152,26.228,26.054,26.112,123153400
XAGUSD,20210318,1200,26.116,26.221,26.082,26.135,249492100
XAGUSD,20210318,1300,26.141,26.171,25.819,26.031,324586380
XAGUSD,20210318,1400,26.023,26.106,25.968,26.080,289554800
XAGUSD,20210318,1500,26.078,26.217,26.053,26.196,178093000
XAGUSD,20210318,1600,26.189,26.331,26.146,26.158,145702640
XAGUSD,20210318,1700,26.162,26.293,26.110,26.196,117544900
XAGUSD,20210318,1800,26.188,26.211,25.960,26.026,81766000
XAGUSD,20210318,1900,26.024,26.047,25.898,25.963,100051300
XAGUSD,20210318,2000,25.962,26.066,25.952,26.048,29964800
XAGUSD,20210318,2200,26.032,26.094,25.998,26.007,26253100
XAGUSD,20210318,2300,26.007,26.035,25.953,26.021,33394500
XAGUSD,20210319,0000,26.019,26.039,25.976,25.986,41590900
XAGUSD,20210319,0100,25.984,26.035,25.858,25.989,106126200
XAGUSD,20210319,0200,25.990,25.990,25.887,25.932,73867500
XAGUSD,20210319,0300,25.930,26.018,25.885,25.988,69848300
XAGUSD,20210319,0400,25.988,26.074,25.975,26.065,36024400
XAGUSD,20210319,0500,26.059,26.082,25.947,26.069,82144000
XAGUSD,20210319,0600,26.070,26.201,25.998,26.163,142102600
XAGUSD,20210319,0700,26.162,26.205,26.091,26.104,193492600
XAGUSD,20210319,0800,26.103,26.193,26.052,26.178,115743860
XAGUSD,20210319,0900,26.174,26.203,25.991,26.010,91333800
XAGUSD,20210319,1000,26.009,26.077,25.978,26.064,69675300
XAGUSD,20210319,1100,26.062,26.196,26.009,26.170,87325900
XAGUSD,20210319,1200,26.169,26.312,26.164,26.208,259419600
XAGUSD,20210319,1300,26.204,26.277,25.978,26.038,389283640
XAGUSD,20210319,1400,26.042,26.162,25.994,26.139,147517000
XAGUSD,20210319,1500,26.141,26.218,26.081,26.205,113433700
XAGUSD,20210319,1600,26.204,26.239,26.113,26.232,148764600
XAGUSD,20210319,1700,26.240,26.244,26.166,26.183,88488900
XAGUSD,20210319,1800,26.184,26.215,26.132,26.213,71826000
XAGUSD,20210319,1900,26.213,26.223,26.135,26.160,52101500
XAGUSD,20210319,2000,26.161,26.225,26.157,26.169,13604350
XAGUSD,20210321,2200,26.212,26.225,25.821,25.831,38879290
XAGUSD,20210321,2300,25.829,25.936,25.822,25.867,33561500
XAGUSD,20210322,0000,25.867,25.946,25.838,25.889,44181900
XAGUSD,20210322,0100,25.894,25.909,25.560,25.706,143836920
XAGUSD,20210322,0200,25.705,25.735,25.635,25.701,69053300
XAGUSD,20210322,0300,25.702,25.765,25.675,25.758,67096000
XAGUSD,20210322,0400,25.750,25.783,25.719,25.748,33723200
XAGUSD,20210322,0500,25.745,25.747,25.604,25.610,52042000
XAGUSD,20210322,0600,25.610,25.631,25.490,25.539,86860000
XAGUSD,20210322,0700,25.539,25.608,25.462,25.535,87787500
XAGUSD,20210322,0800,25.534,25.596,25.418,25.486,108263200
XAGUSD,20210322,0900,25.482,25.538,25.396,25.533,92699400
XAGUSD,20210322,1000,25.532,25.635,25.508,25.596,84006800
XAGUSD,20210322,1100,25.605,25.775,25.576,25.727,134068660
XAGUSD,20210322,1200,25.728,25.728,25.457,25.525,151529100
XAGUSD,20210322,1300,25.519,25.730,25.482,25.630,271411000
XAGUSD,20210322,1400,25.629,25.756,25.610,25.719,284810100
XAGUSD,20210322,1500,25.720,25.720,25.532,25.676,94041720
XAGUSD,20210322,1600,25.678,25.725,25.648,25.719,46985480
XAGUSD,20210322,1700,25.718,25.737,25.668,25.726,30303410
XAGUSD,20210322,1800,25.725,25.760,25.692,25.733,26354500
XAGUSD,20210322,1900,25.735,25.781,25.710,25.775,33416400
XAGUSD,20210322,2000,25.766,25.775,25.718,25.735,13456720
XAGUSD,20210322,2200,25.739,25.785,25.722,25.770,12666300
XAGUSD,20210322,2300,25.767,25.818,25.754,25.790,23394900
XAGUSD,20210323,0000,25.785,25.820,25.677,25.702,65029900
XAGUSD,20210323,0100,25.705,25.707,25.562,25.571,97690500
XAGUSD,20210323,0200,25.567,25.583,25.492,25.570,86904100
XAGUSD,20210323,0300,25.569,25.589,25.530,25.558,63909400
XAGUSD,20210323,0400,25.553,25.588,25.535,25.541,37056600
XAGUSD,20210323,0500,25.537,25.656,25.506,25.645,61942700
XAGUSD,20210323,0600,25.645,25.660,25.581,25.625,64481100
XAGUSD,20210323,0700,25.626,25.685,25.533,25.562,81442800
XAGUSD,20210323,0800,25.563,25.610,25.492,25.591,69272200
XAGUSD,20210323,0900,25.591,25.611,25.437,25.478,71708900
XAGUSD,20210323,1000,25.481,25.622,25.469,25.563,113894500
XAGUSD,20210323,1100,25.561,25.625,25.507,25.515,95806500
XAGUSD,20210323,1200,25.515,25.666,25.503,25.626,222025800
XAGUSD,20210323,1300,25.621,25.660,25.207,25.268,251813700
XAGUSD,20210323,1400,25.270,25.324,25.144,25.229,192777100
XAGUSD,20210323,1500,25.228,25.252,25.111,25.252,82300800
XAGUSD,20210323,1600,25.249,25.268,25.163,25.168,62191900
XAGUSD,20210323,1700,25.168,25.211,25.035,25.133,66025900
XAGUSD,20210323,1800,25.138,25.153,25.038,25.055,60806000
XAGUSD,20210323,1900,25.054,25.075,24.999,25.016,51818000
XAGUSD,20210323,2000,25.016,25.056,25.007,25.039,19987000
XAGUSD,20210323,2200,25.059,25.071,24.972,25.056,16381420
XAGUSD,20210323,2300,25.046,25.096,25.005,25.045,20165700
XAGUSD,20210324,0000,25.038,25.091,25.003,25.072,47992300
XAGUSD,20210324,0100,25.071,25.208,24.963,25.150,112185500
XAGUSD,20210324,0200,25.147,25.225,25.130,25.168,120787000
XAGUSD,20210324,0300,25.169,25.198,25.111,25.184,46524700
XAGUSD,20210324,0400,25.184,25.224,25.173,25.208,25983620
XAGUSD,20210324,0500,25.207,25.211,25.105,25.119,56583200
XAGUSD,20210324,0600,25.120,25.161,25.051,25.131,80632400
XAGUSD,20210324,0700,25.131,25.158,25.024,25.122,79040200
XAGUSD,20210324,0800,25.125,25.226,25.079,25.217,119451800
XAGUSD,20210324,0900,25.217,25.322,25.198,25.302,142712400
XAGUSD,20210324,1000,25.307,25.349,25.210,25.251,62644840
XAGUSD,20210324,1100,25.247,25.294,25.201,25.204,97152500
XAGUSD,20210324,1200,25.201,25.315,25.186,25.251,146044400
XAGUSD,20210324,1300,25.250,25.326,25.135,25.190,253382040
XAGUSD,20210324,1400,25.189,25.277,25.132,25.253,168550400
XAGUSD,20210324,1500,25.256,25.269,25.176,25.218,138234200
XAGUSD,20210324,1600,25.218,25.314,25.191,25.196,128305800
XAGUSD,20210324,1700,25.205,25.206,25.100,25.142,54552400
XAGUSD,20210324,1800,25.143,25.153,25.078,25.089,43595400
XAGUSD,20210324,1900,25.094,25.117,25.002,25.038,46487800
XAGUSD,20210324,2000,25.041,25.094,25.041,25.070,18856890
XAGUSD,20210324,2200,25.054,25.112,25.032,25.037,10843670
XAGUSD,20210324,2300,25.037,25.083,25.027,25.062,14370900
XAGUSD,20210325,0000,25.060,25.097,25.039,25.076,30038700
XAGUSD,20210325,0100,25.080,25.120,24.967,24.970,95485900
XAGUSD,20210325,0200,24.969,25.082,24.944,25.061,62638600
XAGUSD,20210325,0300,25.062,25.153,25.047,25.093,47640000
XAGUSD,20210325,0400,25.093,25.099,25.042,25.069,25730400
XAGUSD,20210325,0500,25.070,25.162,25.051,25.059,53450800
XAGUSD,20210325,0600,25.057,25.104,25.000,25.013,66928500
XAGUSD,20210325,0700,25.017,25.045,24.945,24.957,74914700
XAGUSD,20210325,0800,24.957,24.985,24.873,24.951,69444400
XAGUSD,20210325,0900,24.950,24.964,24.885,24.900,50317100
XAGUSD,20210325,1000,24.895,24.911,24.828,24.865,33042500
XAGUSD,20210325,1100,24.862,24.952,24.645,24.671,64425100
XAGUSD,20210325,1200,24.673,24.677,24.467,24.544,138961300
XAGUSD,20210325,1300,24.532,25.079,24.395,24.880,293372980
XAGUSD,20210325,1400,24.873,25.177,24.871,25.035,243250850
XAGUSD,20210325,1500,25.035,25.037,24.866,24.891,110173500
XAGUSD,20210325,1600,24.894,25.060,24.890,24.984,101883800
XAGUSD,20210325,1700,24.981,25.091,24.857,25.012,170573600
XAGUSD,20210325,1800,25.014,25.165,24.985,25.136,119499300
XAGUSD,20210325,1900,25.136,25.166,25.028,25.065,94642800
XAGUSD,20210325,2000,25.064,25.089,24.999,24.999,21662820
XAGUSD,20210325,2200,25.064,25.135,25.039,25.116,15697900
XAGUSD,20210325,2300,25.117,25.125,25.068,25.088,15452100
XAGUSD,20210326,0000,25.087,25.146,25.078,25.133,44098200
XAGUSD,20210326,0100,25.132,25.158,25.030,25.138,77595400
XAGUSD,20210326,0200,25.141,25.160,25.014,25.030,72700000
XAGUSD,20210326,0300,25.031,25.067,25.012,25.055,45335600
XAGUSD,20210326,0400,25.048,25.115,25.030,25.105,40636000
XAGUSD,20210326,0500,25.100,25.249,25.085,25.193,104651600
XAGUSD,20210326,0600,25.199,25.220,25.146,25.184,72676900
XAGUSD,20210326,0700,25.183,25.195,25.098,25.159,61242100
XAGUSD,20210326,0800,25.154,25.211,25.104,25.171,54542800
XAGUSD,20210326,0900,25.164,25.215,25.111,25.179,77656300
XAGUSD,20210326,1000,25.177,25.194,25.072,25.089,48394100
XAGUSD,20210326,1100,25.088,25.101,24.993,25.041,47333700
XAGUSD,20210326,1200,25.034,25.141,24.973,25.075,92765000
XAGUSD,20210326,1300,25.074,25.110,24.904,24.979,170452590
XAGUSD,20210326,1400,24.978,25.043,24.856,25.005,117247800
XAGUSD,20210326,1500,25.005,25.100,24.992,25.044,126537200
XAGUSD,20210326,1600,25.048,25.071,24.976,25.016,61103600
XAGUSD,20210326,1700,25.016,25.068,24.928,24.953,40689000
XAGUSD,20210326,1800,24.958,24.983,24.881,24.921,38435000
XAGUSD,20210326,1900,24.913,25.022,24.906,25.007,17526200
XAGUSD,20210326,2000,25.006,25.056,25.000,25.051,6704250
XAGUSD,20210328,2200,25.040,25.095,24.990,24.996,22833120
XAGUSD,20210328,2300,24.996,25.034,24.983,25.024,25055100
XAGUSD,20210329,0000,25.020,25.033,24.936,24.974,58125200
XAGUSD,20210329,0100,24.969,24.979,24.784,24.936,93523000
XAGUSD,20210329,0200,24.935,24.968,24.864,24.906,55087600
XAGUSD,20210329,0300,24.905,24.908,24.825,24.867,40429600
XAGUSD,20210329,0400,24.872,24.895,24.850,24.855,25359700
XAGUSD,20210329,0500,24.855,24.913,24.798,24.867,64893300
XAGUSD,20210329,0600,24.868,24.881,24.774,24.810,81938800
XAGUSD,20210329,0700,24.804,24.881,24.788,24.854,73568500
XAGUSD,20210329,0800,24.854,24.861,24.728,24.773,69060000
XAGUSD,20210329,0900,24.760,24.805,24.730,24.754,53082800
XAGUSD,20210329,1000,24.746,24.842,24.707,24.815,42136350
XAGUSD,20210329,1100,24.820,24.857,24.779,24.833,76286700
XAGUSD,20210329,1200,24.837,24.901,24.746,24.801,109994900
XAGUSD,20210329,1300,24.802,24.917,24.431,24.589,255234200
XAGUSD,20210329,1400,24.589,24.662,24.490,24.586,133825980
XAGUSD,20210329,1500,24.588,24.674,24.541,24.658,71440900
XAGUSD,20210329,1600,24.657,24.788,24.650,24.747,42030700
XAGUSD,20210329,1700,24.747,24.757,24.651,24.661,32433600
XAGUSD,20210329,1800,24.662,24.668,24.568,24.619,28971000
XAGUSD,20210329,1900,24.620,24.692,24.597,24.667,33570600
XAGUSD,20210329,2000,24.664,24.667,24.629,24.629,7733550
XAGUSD,20210329,2200,24.641,24.682,24.641,24.657,13412600
XAGUSD,20210329,2300,24.662,24.682,24.637,24.662,16816500
XAGUSD,20210330,0000,24.657,24.688,24.602,24.651,32953300
XAGUSD,20210330,0100,24.654,24.670,24.561,24.646,61793600
XAGUSD,20210330,0200,24.646,24.652,24.555,24.566,44402000
XAGUSD,20210330,0300,24.562,24.627,24.561,24.595,30803000
XAGUSD,20210330,0400,24.593,24.600,24.555,24.587,21755290
XAGUSD,20210330,0500,24.588,24.624,24.506,24.539,48885300
XAGUSD,20210330,0600,24.537,24.725,24.495,24.515,105524300
XAGUSD,20210330,0700,24.517,24.552,24.402,24.456,104898250
XAGUSD,20210330,0800,24.453,24.529,24.391,24.490,68138500
XAGUSD,20210330,0900,24.486,24.554,24.447,24.452,43235260
XAGUSD,20210330,1000,24.449,24.477,24.302,24.328,54132600
XAGUSD,20210330,1100,24.335,24.352,24.163,24.239,87788000
XAGUSD,20210330,1200,24.236,24.332,24.009,24.117,120224300
XAGUSD,20210330,1300,24.117,24.223,24.012,24.141,162840900
XAGUSD,20210330,1400,24.136,24.186,24.020,24.132,124553900
XAGUSD,20210330,1500,24.132,24.221,24.068,24.142,99722200
XAGUSD,20210330,1600,24.141,24.146,24.037,24.057,80099120
XAGUSD,20210330,1700,24.057,24.116,24.026,24.027,37733900
XAGUSD,20210330,1800,24.018,24.057,23.840,23.866,46550900
XAGUSD,20210330,1900,23.868,23.984,23.849,23.979,39702200
XAGUSD,20210330,2000,23.979,24.017,23.940,23.996,14385050
XAGUSD,20210330,2200,23.986,24.019,23.949,23.972,21464500
XAGUSD,20210330,2300,23.970,24.029,23.959,24.005,13950800
XAGUSD,20210331,0000,24.004,24.053,23.953,24.042,33282500
XAGUSD,20210331,0100,24.043,24.114,23.766,23.898,113288700
XAGUSD,20210331,0200,23.900,23.944,23.813,23.832,70096800
XAGUSD,20210331,0300,23.833,23.878,23.785,23.856,53126400
XAGUSD,20210331,0400,23.857,23.887,23.832,23.860,24252700
XAGUSD,20210331,0500,23.860,23.961,23.838,23.953,50244500
XAGUSD,20210331,0600,23.958,24.151,23.885,24.123,92945500
XAGUSD,20210331,0700,24.127,24.187,24.069,24.082,66752800
XAGUSD,20210331,0800,24.084,24.145,24.040,24.129,59071400
XAGUSD,20210331,0900,24.128,24.133,24.050,24.052,37357900
XAGUSD,20210331,1000,24.054,24.106,24.034,24.035,44667100
XAGUSD,20210331,1100,24.036,24.124,24.004,24.030,47689300
XAGUSD,20210331,1200,24.038,24.112,23.986,24.046,101266400
XAGUSD,20210331,1300,24.046,24.173,23.968,24.142,127080600
XAGUSD,20210331,1400,24.144,24.383,24.106,24.311,148970920
XAGUSD,20210331,1500,24.313,24.347,24.234,24.317,72946600
XAGUSD,20210331,1600,24.316,24.442,24.297,24.396,56306600
XAGUSD,20210331,1700,24.396,24.518,24.366,24.387,76634000
XAGUSD,20210331,1800,24.380,24.424,24.354,24.375,40665600
XAGUSD,20210331,1900,24.368,24.450,24.367,24.430,30248500
XAGUSD,20210331,2000,24.425,24.433,24.383,24.385,10071920
XAGUSD,20210331,2200,24.377,24.454,24.377,24.422,13542550
XAGUSD,20210331,2300,24.422,24.454,24.402,24.419,13452400
XAGUSD,20210401,0000,24.419,24.436,24.361,24.386,48622200
XAGUSD,20210401,0100,24.388,24.414,24.305,24.365,76146800
XAGUSD,20210401,0200,24.367,24.396,24.297,24.344,61405900
XAGUSD,20210401,0300,24.346,24.362,24.314,24.320,42865100
XAGUSD,20210401,0400,24.317,24.325,24.253,24.266,26586900
XAGUSD,20210401,0500,24.269,24.382,24.234,24.331,49735100
XAGUSD,20210401,0600,24.330,24.370,24.243,24.310,79381800
XAGUSD,20210401,0700,24.309,24.479,24.299,24.448,85529300
XAGUSD,20210401,0800,24.447,24.477,24.383,24.393,107183600
XAGUSD,20210401,0900,24.400,24.414,24.344,24.382,49238400
XAGUSD,20210401,1000,24.388,24.389,24.295,24.298,33119400
XAGUSD,20210401,1100,24.298,24.393,24.274,24.383,38123100
XAGUSD,20210401,1200,24.387,24.482,24.371,24.464,85807200
XAGUSD,20210401,1300,24.463,24.736,24.463,24.639,186416400
XAGUSD,20210401,1400,24.618,24.708,24.550,24.690,149904400
XAGUSD,20210401,1500,24.688,24.836,24.685,24.756,96077700
XAGUSD,20210401,1600,24.752,24.807,24.747,24.793,42039000
XAGUSD,20210401,1700,24.792,24.921,24.790,24.901,37875310
XAGUSD,20210401,1800,24.902,24.906,24.838,24.848,20721800
XAGUSD,20210401,1900,24.849,24.939,24.828,24.921,24350370
XAGUSD,20210401,2000,24.926,24.970,24.883,24.912,22398800
XAGUSD,20210404,2200,24.962,25.011,24.883,24.985,29287670
XAGUSD,20210404,2300,24.985,25.011,24.925,24.998,16625800
XAGUSD,20210405,0000,24.997,25.023,24.955,24.980,32206800
XAGUSD,20210405,0100,24.981,25.036,24.969,24.973,27964300
XAGUSD,20210405,0200,24.975,24.993,24.887,24.903,18810500
XAGUSD,20210405,0300,24.904,24.923,24.853,24.876,10845200
XAGUSD,20210405,0400,24.879,24.880,24.773,24.790,18810700
XAGUSD,20210405,0500,24.784,24.814,24.631,24.633,22268400
XAGUSD,20210405,0600,24.631,24.762,24.597,24.743,30370800
XAGUSD,20210405,0700,24.744,24.790,24.703,24.740,37730200
XAGUSD,20210405,0800,24.743,24.843,24.722,24.765,31685900
XAGUSD,20210405,0900,24.765,24.793,24.739,24.782,26354200
XAGUSD,20210405,1000,24.783,24.818,24.742,24.792,38424000
XAGUSD,20210405,1100,24.790,24.981,24.790,24.885,34587200
XAGUSD,20210405,1200,24.890,25.072,24.817,24.922,86658640
XAGUSD,20210405,1300,24.923,24.934,24.746,24.850,99021550
XAGUSD,20210405,1400,24.832,24.959,24.801,24.835,94325300
XAGUSD,20210405,1500,24.835,24.989,24.729,24.845,57148100
XAGUSD,20210405,1600,24.843,24.860,24.754,24.768,23279500
XAGUSD,20210405,1700,24.763,24.773,24.657,24.658,31691800
XAGUSD,20210405,1800,24.663,24.747,24.653,24.693,19883400
XAGUSD,20210405,1900,24.701,24.862,24.687,24.857,21971300
XAGUSD,20210405,2000,24.852,24.886,24.835,24.867,14214800
XAGUSD,20210405,2200,24.858,24.892,24.795,24.799,11205000
XAGUSD,20210405,2300,24.799,24.822,24.779,24.804,12164600
XAGUSD,20210406,0000,24.802,24.869,24.753,24.837,27863300
XAGUSD,20210406,0100,24.844,25.016,24.810,24.937,77962320
XAGUSD,20210406,0200,24.938,24.978,24.901,24.944,33467900
XAGUSD,20210406,0300,24.942,24.949,24.841,24.865,27706000
XAGUSD,20210406,0400,24.869,24.924,24.856,24.909,14614800
XAGUSD,20210406,0500,24.904,25.048,24.898,25.047,40407300
XAGUSD,20210406,0600,25.044,25.189,24.848,24.877,90243300
XAGUSD,20210406,0700,24.873,24.966,24.815,24.966,57106300
XAGUSD,20210406,0800,24.970,25.000,24.882,24.965,50537600
XAGUSD,20210406,0900,24.966,24.994,24.875,24.902,46896100
XAGUSD,20210406,1000,24.902,24.998,24.890,24.991,31623000
XAGUSD,20210406,1100,24.991,25.054,24.941,24.981,51273250
XAGUSD,20210406,1200,24.981,25.097,24.951,25.004,82142100
XAGUSD,20210406,1300,25.005,25.174,24.971,25.126,134453700
XAGUSD,20210406,1400,25.131,25.242,25.115,25.225,113232420
XAGUSD,20210406,1500,25.225,25.288,25.183,25.256,57397100
XAGUSD,20210406,1600,25.257,25.275,25.182,25.249,36552700
XAGUSD,20210406,1700,25.251,25.264,25.110,25.167,43770200
XAGUSD,20210406,1800,25.167,25.197,25.141,25.155,23800600
XAGUSD,20210406,1900,25.155,25.171,25.101,25.135,14466000
XAGUSD,20210406,2000,25.133,25.168,25.123,25.146,6316850
XAGUSD,20210406,2200,25.142,25.155,25.117,25.118,5868450
XAGUSD,20210406,2300,25.118,25.162,25.113,25.155,7044200
XAGUSD,20210407,0000,25.154,25.154,25.105,25.125,19342800
XAGUSD,20210407,0100,25.122,25.149,25.042,25.055,60041500
XAGUSD,20210407,0200,25.058,25.098,25.012,25.029,42259500
XAGUSD,20210407,0300,25.029,25.086,25.028,25.080,21417400
XAGUSD,20210407,0400,25.081,25.105,25.064,25.103,14748900
XAGUSD,20210407,0500,25.104,25.110,25.002,25.029,54253400
XAGUSD,20210407,0600,25.030,25.153,24.989,25.103,55487200
XAGUSD,20210407,0700,25.104,25.132,25.042,25.078,51567900
XAGUSD,20210407,0800,25.078,25.081,24.922,25.033,44524100
XAGUSD,20210407,0900,25.027,25.049,24.954,24.976,32449900
XAGUSD,20210407,1000,24.975,25.025,24.919,24.964,35613700
XAGUSD,20210407,1100,24.964,24.964,24.858,24.900,44285900
XAGUSD,20210407,1200,24.900,25.068,24.843,25.063,100164900
XAGUSD,20210407,1300,25.065,25.125,24.974,25.106,119775200
XAGUSD,20210407,1400,25.108,25.198,25.046,25.146,110580200
XAGUSD,20210407,1500,25.155,25.265,25.100,25.159,75633500
XAGUSD,20210407,1600,25.160,25.185,25.129,25.165,31995900
XAGUSD,20210407,1700,25.165,25.230,25.138,25.225,31830400
XAGUSD,20210407,1800,25.227,25.266,25.138,25.150,72031000
XAGUSD,20210407,1900,25.151,25.158,25.062,25.130,41999500
XAGUSD,20210407,2000,25.134,25.154,25.114,25.114,9872050
XAGUSD,20210407,2200,25.134,25.155,25.114,25.140,10229500
XAGUSD,20210407,2300,25.140,25.155,25.112,25.145,13654200
XAGUSD,20210408,0000,25.142,25.152,25.108,25.111,19470100
XAGUSD,20210408,0100,25.110,25.110,24.951,25.010,64538400
XAGUSD,20210408,0200,25.013,25.041,24.978,25.033,30795800
XAGUSD,20210408,0300,25.036,25.091,25.033,25.082,19261700
XAGUSD,20210408,0400,25.080,25.107,25.078,25.105,13804000
XAGUSD,20210408,0500,25.105,25.397,25.095,25.276,76100600
XAGUSD,20210408,0600,25.278,25.334,25.245,25.293,72839400
XAGUSD,20210408,0700,25.290,25.358,25.269,25.304,75940300
XAGUSD,20210408,0800,25.310,25.325,25.192,25.215,52085800
XAGUSD,20210408,0900,25.220,25.240,25.184,25.237,43574800
XAGUSD,20210408,1000,25.238,25.334,25.238,25.320,30102400
XAGUSD,20210408,1100,25.321,25.448,25.315,25.383,75371200
XAGUSD,20210408,1200,25.380,25.419,25.320,25.348,70842800
XAGUSD,20210408,1300,25.352,25.608,25.327,25.491,134439800
XAGUSD,20210408,1400,25.491,25.545,25.423,25.439,105526200
XAGUSD,20210408,1500,25.444,25.475,25.383,25.466,50773800
XAGUSD,20210408,1600,25.466,25.528,25.445,25.484,30090000
XAGUSD,20210408,1700,25.483,25.529,25.458,25.464,25543200
XAGUSD,20210408,1800,25.464,25.500,25.444,25.481,22606300
XAGUSD,20210408,1900,25.484,25.502,25.431,25.450,17447400
XAGUSD,20210408,2000,25.446,25.489,25.401,25.401,10226050
XAGUSD,20210408,2200,25.432,25.464,25.396,25.415,9395400
XAGUSD,20210408,2300,25.415,25.440,25.388,25.389,12720200
XAGUSD,20210409,0000,25.394,25.435,25.385,25.435,23135800
XAGUSD,20210409,0100,25.433,25.492,25.386,25.477,52309300
XAGUSD,20210409,0200,25.470,25.475,25.325,25.331,44356500
XAGUSD,20210409,0300,25.329,25.398,25.278,25.388,34606800
XAGUSD,20210409,0400,25.384,25.391,25.343,25.351,14571600
XAGUSD,20210409,0500,25.352,25.372,25.253,25.303,46969400
XAGUSD,20210409,0600,25.309,25.333,25.150,25.216,69515500
XAGUSD,20210409,0700,25.215,25.234,25.121,25.226,62278300
XAGUSD,20210409,0800,25.225,25.225,25.127,25.190,48764940
XAGUSD,20210409,0900,25.183,25.231,25.169,25.215,31328400
XAGUSD,20210409,1000,25.212,25.246,25.091,25.210,40231800
XAGUSD,20210409,1100,25.213,25.293,25.175,25.191,49385700
XAGUSD,20210409,1200,25.192,25.231,25.000,25.106,86542800
XAGUSD,20210409,1300,25.112,25.219,24.971,25.184,140884350
XAGUSD,20210409,1400,25.189,25.289,25.154,25.248,90095300
XAGUSD,20210409,1500,25.249,25.283,25.215,25.238,54313600
XAGUSD,20210409,1600,25.237,25.283,25.193,25.248,31693900
XAGUSD,20210409,1700,25.248,25.288,25.225,25.225,24203000
XAGUSD,20210409,1800,25.224,25.229,25.166,25.214,25444300
XAGUSD,20210409,1900,25.209,25.259,25.203,25.230,19858400
XAGUSD,20210409,2000,25.230,25.253,25.158,25.191,3742410
XAGUSD,20210411,2200,25.170,25.242,25.154,25.212,10284560
XAGUSD,20210411,2300,25.212,25.253,25.185,25.235,14157060
XAGUSD,20210412,0000,25.235,25.257,25.200,25.232,20955440
XAGUSD,20210412,0100,25.234,25.264,25.091,25.117,103848100
XAGUSD,20210412,0200,25.114,25.146,25.034,25.130,56695100
XAGUSD,20210412,0300,25.131,25.155,25.111,25.134,24615800
XAGUSD,20210412,0400,25.136,25.151,25.101,25.112,21162700
XAGUSD,20210412,0500,25.105,25.111,25.010,25.100,45101900
XAGUSD,20210412,0600,25.102,25.171,25.076,25.130,58218700
XAGUSD,20210412,0700,25.132,25.183,25.044,25.057,57525800
XAGUSD,20210412,0800,25.058,25.115,25.025,25.089,35109300
XAGUSD,20210412,0900,25.095,25.227,25.087,25.187,56838100
XAGUSD,20210412,1000,25.186,25.222,25.154,25.159,43584500
XAGUSD,20210412,1100,25.161,25.243,25.146,25.186,62601700
XAGUSD,20210412,1200,25.187,25.228,25.075,25.105,51206400
XAGUSD,20210412,1300,25.105,25.210,24.853,24.876,92292600
XAGUSD,20210412,1400,24.874,24.912,24.706,24.821,89265300
XAGUSD,20210412,1500,24.823,24.876,24.758,24.788,49652700
XAGUSD,20210412,1600,24.790,24.855,24.758,24.810,46707200
XAGUSD,20210412,1700,24.808,24.863,24.788,24.820,55051000
XAGUSD,20210412,1800,24.819,24.841,24.694,24.751,52404500
XAGUSD,20210412,1900,24.752,24.832,24.748,24.829,28004400
XAGUSD,20210412,2000,24.827,24.837,24.793,24.803,6619900
XAGUSD,20210412,2200,24.782,24.822,24.777,24.805,5593000
XAGUSD,20210412,2300,24.805,24.828,24.789,24.795,8675400
XAGUSD,20210413,0000,24.800,24.807,24.755,24.799,52418200
XAGUSD,20210413,0100,24.808,24.880,24.669,24.852,134278900
XAGUSD,20210413,0200,24.849,24.935,24.848,24.918,67977700
XAGUSD,20210413,0300,24.919,24.923,24.834,24.851,45153900
XAGUSD,20210413,0400,24.850,24.857,24.798,24.833,34464100
XAGUSD,20210413,0500,24.837,24.854,24.719,24.808,97175400
XAGUSD,20210413,0600,24.802,24.873,24.770,24.805,128416500
XAGUSD,20210413,0700,24.801,24.944,24.799,24.924,75318420
XAGUSD,20210413,0800,24.922,24.967,24.873,24.957,47616500
XAGUSD,20210413,0900,24.957,24.998,24.906,24.930,41683300
XAGUSD,20210413,1000,24.930,24.952,24.847,24.903,47047860
XAGUSD,20210413,1100,24.897,24.999,24.889,24.977,130313100
XAGUSD,20210413,1200,24.975,25.252,24.934,25.166,218289470
XAGUSD,20210413,1300,25.167,25.475,25.165,25.406,219150100
XAGUSD,20210413,1400,25.403,25.426,25.274,25.334,101739000
XAGUSD,20210413,1500,25.335,25.372,25.287,25.355,80822200
XAGUSD,20210413,1600,25.354,25.387,25.286,25.329,53739900
XAGUSD,20210413,1700,25.331,25.402,25.317,25.330,80614400
XAGUSD,20210413,1800,25.319,25.395,25.312,25.350,24651000
XAGUSD,20210413,1900,25.352,25.380,25.313,25.322,36948100
XAGUSD,20210413,2000,25.323,25.361,25.314,25.314,9287000
XAGUSD,20210413,2200,25.313,25.374,25.313,25.331,8447950
XAGUSD,20210413,2300,25.324,25.365,25.321,25.345,6234900
XAGUSD,20210414,0000,25.345,25.350,25.299,25.326,26153500
XAGUSD,20210414,0100,25.327,25.448,25.323,25.398,73863000
XAGUSD,20210414,0200,25.395,25.461,25.363,25.421,79365600
XAGUSD,20210414,0300,25.428,25.431,25.372,25.383,60872300
XAGUSD,20210414,0400,25.386,25.408,25.361,25.375,22889400
XAGUSD,20210414,0500,25.374,25.378,25.300,25.370,46243200
XAGUSD,20210414,0600,25.373,25.517,25.357,25.478,86899300
XAGUSD,20210414,0700,25.478,25.498,25.402,25.444,79798900
XAGUSD,20210414,0800,25.445,25.526,25.438,25.468,53408200
XAGUSD,20210414,0900,25.469,25.481,25.307,25.342,48071800
XAGUSD,20210414,1000,25.340,25.369,25.309,25.330,29049400
XAGUSD,20210414,1100,25.331,25.391,25.306,25.377,46011500
XAGUSD,20210414,1200,25.378,25.463,25.357,25.395,71177100
XAGUSD,20210414,1300,25.395,25.428,25.186,25.283,119049380
XAGUSD,20210414,1400,25.289,25.437,25.243,25.384,121373900
XAGUSD,20210414,1500,25.379,25.414,25.295,25.397,63938800
XAGUSD,20210414,1600,25.396,25.434,25.362,25.423,50031400
XAGUSD,20210414,1700,25.418,25.482,25.369,25.385,42277900
XAGUSD,20210414,1800,25.382,25.415,25.309,25.376,43200900
XAGUSD,20210414,1900,25.377,25.426,25.366,25.409,18327400
XAGUSD,20210414,2000,25.407,25.422,25.378,25.407,5245450
XAGUSD,20210414,2200,25.390,25.424,25.381,25.396,7895750
XAGUSD,20210414,2300,25.390,25.417,25.373,25.411,13196500
XAGUSD,20210415,0000,25.409,25.482,25.398,25.466,35842000
XAGUSD,20210415,0100,25.467,25.598,25.353,25.367,127503200
XAGUSD,20210415,0200,25.367,25.434,25.308,25.404,56515900
XAGUSD,20210415,0300,25.403,25.434,25.382,25.420,38431100
XAGUSD,20210415,0400,25.417,25.446,25.397,25.434,18676700
XAGUSD,20210415,0500,25.434,25.513,25.434,25.465,47337000
XAGUSD,20210415,0600,25.466,25.578,25.466,25.547,76206600
XAGUSD,20210415,0700,25.547,25.579,25.501,25.501,67933550
XAGUSD,20210415,0800,25.501,25.598,25.480,25.596,57377200
XAGUSD,20210415,0900,25.594,25.629,25.562,25.571,62654800
XAGUSD,20210415,1000,25.573,25.612,25.522,25.546,44636400
XAGUSD,20210415,1100,25.541,25.582,25.429,25.446,62881800
XAGUSD,20210415,1200,25.449,25.667,25.449,25.540,153358100
XAGUSD,20210415,1300,25.542,25.812,25.515,25.754,201334500
XAGUSD,20210415,1400,25.758,25.953,25.753,25.886,193870890
XAGUSD,20210415,1500,25.886,25.978,25.853,25.927,90922200
XAGUSD,20210415,1600,25.924,25.980,25.895,25.928,53326900
XAGUSD,20210415,1700,25.933,25.938,25.830,25.873,38247300
XAGUSD,20210415,1800,25.873,25.918,25.863,25.889,29975300
XAGUSD,20210415,1900,25.892,25.905,25.832,25.875,30485600
XAGUSD,20210415,2000,25.876,25.877,25.819,25.834,8055050
XAGUSD,20210415,2200,25.829,25.863,25.814,25.823,10312750
XAGUSD,20210415,2300,25.823,25.846,25.810,25.835,9795200
XAGUSD,20210416,0000,25.835,25.872,25.792,25.804,33809100
XAGUSD,20210416,0100,25.805,25.865,25.764,25.791,85189600
XAGUSD,20210416,0200,25.793,25.806,25.744,25.792,57755400
XAGUSD,20210416,0300,25.794,25.836,25.781,25.800,31122700
XAGUSD,20210416,0400,25.798,25.866,25.791,25.866,19196700
XAGUSD,20210416,0500,25.863,25.905,25.834,25.899,48701600
XAGUSD,20210416,0600,25.900,25.901,25.768,25.788,73280100
XAGUSD,20210416,0700,25.791,25.888,25.781,25.874,68515700
XAGUSD,20210416,0800,25.875,25.942,25.834,25.911,55058900
XAGUSD,20210416,0900,25.913,26.043,25.888,26.040,63588300
XAGUSD,20210416,1000,26.038,26.157,26.011,26.148,101235100
XAGUSD,20210416,1100,26.148,26.214,26.084,26.184,79977200
XAGUSD,20210416,1200,26.186,26.291,26.133,26.218,138274400
XAGUSD,20210416,1300,26.219,26.232,25.921,25.927,154408300
XAGUSD,20210416,1400,25.927,26.078,25.927,26.038,64525300
XAGUSD,20210416,1500,26.039,26.067,26.002,26.039,48084000
XAGUSD,20210416,1600,26.037,26.062,25.983,26.056,34834800
XAGUSD,20210416,1700,26.053,26.072,25.993,25.997,26306000
XAGUSD,20210416,1800,25.990,26.040,25.981,26.036,16607900
XAGUSD,20210416,1900,26.035,26.041,25.923,25.952,20076500
XAGUSD,20210416,2000,25.952,25.962,25.918,25.944,5488100
XAGUSD,20210418,2200,25.961,25.977,25.900,25.910,12974100
XAGUSD,20210418,2300,25.905,25.991,25.895,25.914,16969600
XAGUSD,20210419,0000,25.919,26.096,25.906,26.055,57041200
XAGUSD,20210419,0100,26.063,26.090,25.688,25.775,154555900
XAGUSD,20210419,0200,25.774,25.880,25.767,25.853,82735800
XAGUSD,20210419,0300,25.852,25.861,25.800,25.800,37874300
XAGUSD,20210419,0400,25.800,25.809,25.772,25.799,12398100
XAGUSD,20210419,0500,25.802,25.879,25.752,25.795,56684000
XAGUSD,20210419,0600,25.795,25.916,25.732,25.904,95459200
XAGUSD,20210419,0700,25.896,26.075,25.841,26.058,97706300
XAGUSD,20210419,0800,26.064,26.159,26.041,26.065,124054300
XAGUSD,20210419,0900,26.075,26.182,26.044,26.137,88920400
XAGUSD,20210419,1000,26.142,26.205,26.094,26.167,60875100
XAGUSD,20210419,1100,26.166,26.224,26.011,26.063,96400800
XAGUSD,20210419,1200,26.064,26.064,25.761,25.859,138031100
XAGUSD,20210419,1300,25.858,25.919,25.626,25.869,192526500
XAGUSD,20210419,1400,25.863,25.900,25.760,25.885,129630400
XAGUSD,20210419,1500,25.881,25.886,25.777,25.787,74164000
XAGUSD,20210419,1600,25.783,25.801,25.621,25.735,62810600
XAGUSD,20210419,1700,25.734,25.817,25.730,25.804,44652300
XAGUSD,20210419,1800,25.802,25.834,25.762,25.822,42275600
XAGUSD,20210419,1900,25.822,25.839,25.780,25.839,27399200
XAGUSD,20210419,2000,25.833,25.839,25.786,25.809,8976970
XAGUSD,20210419,2200,25.801,25.815,25.785,25.812,8132600
XAGUSD,20210419,2300,25.810,25.850,25.775,25.835,9213100
XAGUSD,20210420,0000,25.835,25.855,25.779,25.791,21283700
XAGUSD,20210420,0100,25.794,25.875,25.725,25.835,80186000
XAGUSD,20210420,0200,25.835,25.842,25.717,25.797,56352800
XAGUSD,20210420,0300,25.797,26.011,25.781,25.940,68026200
XAGUSD,20210420,0400,25.942,25.957,25.908,25.941,24599800
XAGUSD,20210420,0500,25.932,25.957,25.840,25.941,68413900
XAGUSD,20210420,0600,25.942,26.007,25.863,25.926,85706400
XAGUSD,20210420,0700,25.927,26.045,25.880,25.991,68117350
XAGUSD,20210420,0800,25.991,25.991,25.812,25.834,85378400
XAGUSD,20210420,0900,25.834,25.891,25.678,25.877,63283900
XAGUSD,20210420,1000,25.878,25.897,25.815,25.886,85132500
XAGUSD,20210420,1100,25.888,25.990,25.860,25.925,88545300
XAGUSD,20210420,1200,25.930,25.937,25.796,25.869,70623470
XAGUSD,20210420,1300,25.864,25.985,25.734,25.980,111969900
XAGUSD,20210420,1400,25.977,26.084,25.846,25.901,138306650
XAGUSD,20210420,1500,25.899,25.937,25.778,25.908,84438300
XAGUSD,20210420,1600,25.911,25.941,25.839,25.855,43403600
XAGUSD,20210420,1700,25.851,25.881,25.742,25.785,41327600
XAGUSD,20210420,1800,25.786,25.834,25.783,25.803,26649900
XAGUSD,20210420,1900,25.803,25.856,25.797,25.808,16313900
XAGUSD,20210420,2000,25.807,25.853,25.790,25.826,10674400
XAGUSD,20210420,2200,25.834,25.859,25.791,25.825,7517070
XAGUSD,20210420,2300,25.825,25.825,25.765,25.766,13747700
XAGUSD,20210421,0000,25.766,25.858,25.752,25.761,42974100
XAGUSD,20210421,0100,25.756,25.887,25.751,25.832,98441700
XAGUSD,20210421,0200,25.836,25.888,25.803,25.881,56833000
XAGUSD,20210421,0300,25.885,25.958,25.868,25.885,37336600
XAGUSD,20210421,0400,25.886,25.895,25.828,25.849,22394380
XAGUSD,20210421,0500,25.851,26.038,25.829,26.029,59684100
XAGUSD,20210421,0600,26.030,26.147,25.966,26.088,104278600
XAGUSD,20210421,0700,26.097,26.114,25.963,25.997,90921400
XAGUSD,20210421,0800,25.996,26.044,25.900,25.900,46286800
XAGUSD,20210421,0900,25.900,25.953,25.861,25.883,53132300
XAGUSD,20210421,1000,25.882,25.925,25.818,25.917,37880800
XAGUSD,20210421,1100,25.914,26.035,25.894,26.028,38931800
XAGUSD,20210421,1200,26.030,26.169,26.016,26.077,66341600
XAGUSD,20210421,1300,26.074,26.389,25.980,26.357,138470600
XAGUSD,20210421,1400,26.359,26.470,26.278,26.379,126697300
XAGUSD,20210421,1500,26.382,26.480,26.351,26.447,68005600
XAGUSD,20210421,1600,26.448,26.525,26.392,26.402,45318400
XAGUSD,20210421,1700,26.403,26.506,26.400,26.466,34396700
XAGUSD,20210421,1800,26.469,26.537,26.463,26.509,24786800
XAGUSD,20210421,1900,26.510,26.642,26.493,26.595,22106300
XAGUSD,20210421,2000,26.596,26.603,26.521,26.526,17552350
XAGUSD,20210421,2200,26.546,26.570,26.510,26.523,12652100
XAGUSD,20210421,2300,26.530,26.549,26.491,26.502,10182200
XAGUSD,20210422,0000,26.496,26.511,26.437,26.475,23797300
XAGUSD,20210422,0100,26.475,26.573,26.459,26.494,76070500
XAGUSD,20210422,0200,26.494,26.498,26.429,26.469,55585800
XAGUSD,20210422,0300,26.470,26.542,26.466,26.480,36256800
XAGUSD,20210422,0400,26.478,26.484,26.422,26.479,30113700
XAGUSD,20210422,0500,26.478,26.516,26.421,26.440,41975000
XAGUSD,20210422,0600,26.440,26.507,26.327,26.489,69509600
XAGUSD,20210422,0700,26.490,26.503,26.399,26.413,69076400
XAGUSD,20210422,0800,26.407,26.440,26.350,26.377,71963600
XAGUSD,20210422,0900,26.372,26.407,26.277,26.341,46659700
XAGUSD,20210422,1000,26.341,26.406,26.298,26.320,35639200
XAGUSD,20210422,1100,26.322,26.407,26.267,26.376,80650800
XAGUSD,20210422,1200,26.373,26.382,26.251,26.304,106099770
XAGUSD,20210422,1300,26.306,26.375,26.182,26.305,159763900
XAGUSD,20210422,1400,26.305,26.335,26.210,26.292,139633200
XAGUSD,20210422,1500,26.292,26.297,26.132,26.163,73314200
XAGUSD,20210422,1600,26.165,26.177,26.074,26.172,50017700
XAGUSD,20210422,1700,26.173,26.175,26.076,26.096,89617200
XAGUSD,20210422,1800,26.093,26.122,25.964,26.115,55625150
XAGUSD,20210422,1900,26.120,26.142,26.033,26.087,35918600
XAGUSD,20210422,2000,26.087,26.143,26.087,26.139,7669800
XAGUSD,20210422,2200,26.094,26.163,26.092,26.133,8161400
XAGUSD,20210422,2300,26.127,26.168,26.096,26.096,9559800
XAGUSD,20210423,0000,26.099,26.123,26.087,26.107,20892000
XAGUSD,20210423,0100,26.108,26.208,26.072,26.164,69152600
XAGUSD,20210423,0200,26.162,26.197,26.130,26.157,43952100
XAGUSD,20210423,0300,26.155,26.173,26.127,26.147,27735200
XAGUSD,20210423,0400,26.148,26.186,26.103,26.140,27500900
XAGUSD,20210423,0500,26.142,26.157,26.039,26.095,33772700
XAGUSD,20210423,0600,26.095,26.143,26.011,26.081,63856600
XAGUSD,20210423,0700,26.084,26.116,26.004,26.053,73457100
XAGUSD,20210423,0800,26.054,26.096,25.999,26.085,36846600
XAGUSD,20210423,0900,26.090,26.129,26.045,26.115,45935500
XAGUSD,20210423,1000,26.109,26.143,26.064,26.121,31220900
XAGUSD,20210423,1100,26.118,26.249,26.074,26.235,60431400
XAGUSD,20210423,1200,26.233,26.363,26.216,26.308,97555160
XAGUSD,20210423,1300,26.308,26.398,26.112,26.120,161664000
XAGUSD,20210423,1400,26.120,26.159,25.837,25.963,146430000
XAGUSD,20210423,1500,25.965,26.023,25.949,25.995,74923400
XAGUSD,20210423,1600,25.986,26.037,25.958,26.015,37398300
XAGUSD,20210423,1700,26.021,26.056,26.007,26.035,42168600
XAGUSD,20210423,1800,26.036,26.046,25.982,26.000,35882400
XAGUSD,20210423,1900,26.000,26.005,25.967,25.999,34086700
XAGUSD,20210423,2000,25.995,26.024,25.940,25.981,4925400
XAGUSD,20210425,2200,25.960,25.997,25.908,25.941,10381450
XAGUSD,20210425,2300,25.939,25.975,25.915,25.946,10605500
XAGUSD,20210426,0000,25.947,26.100,25.946,26.074,64984100
XAGUSD,20210426,0100,26.075,26.136,25.952,26.050,143094600
XAGUSD,20210426,0200,26.048,26.058,25.978,26.010,76150000
XAGUSD,20210426,0300,26.009,26.066,25.972,26.002,56731700
XAGUSD,20210426,0400,26.006,26.018,25.988,25.988,20462200
XAGUSD,20210426,0500,25.998,26.102,25.970,25.970,76728500
XAGUSD,20210426,0600,25.969,25.975,25.838,25.895,91997400
XAGUSD,20210426,0700,25.898,26.026,25.890,26.023,59925200
XAGUSD,20210426,0800,26.021,26.070,25.999,26.019,45667700
XAGUSD,20210426,0900,26.020,26.151,26.000,26.137,32659200
XAGUSD,20210426,1000,26.137,26.153,26.062,26.092,33152700
XAGUSD,20210426,1100,26.090,26.106,26.024,26.060,76124300
XAGUSD,20210426,1200,26.052,26.085,25.901,26.062,79437000
XAGUSD,20210426,1300,26.059,26.206,26.048,26.103,173913100
XAGUSD,20210426,1400,26.108,26.175,26.041,26.133,85298400
XAGUSD,20210426,1500,26.130,26.168,26.093,26.134,73041400
XAGUSD,20210426,1600,26.133,26.160,26.091,26.120,27687400
XAGUSD,20210426,1700,26.129,26.182,26.117,26.175,27733200
XAGUSD,20210426,1800,26.177,26.210,26.154,26.180,31526700
XAGUSD,20210426,1900,26.178,26.201,26.147,26.185,30495300
XAGUSD,20210426,2000,26.183,26.210,26.155,26.182,22977200
XAGUSD,20210426,2200,26.196,26.221,26.183,26.205,9943600
XAGUSD,20210426,2300,26.206,26.225,26.187,26.201,13907100
XAGUSD,20210427,0000,26.195,26.255,26.174,26.200,57841300
XAGUSD,20210427,0100,26.193,26.279,26.045,26.085,114362000
XAGUSD,20210427,0200,26.088,26.112,26.036,26.105,57128500
XAGUSD,20210427,0300,26.101,26.149,26.095,26.137,29893500
XAGUSD,20210427,0400,26.135,26.173,26.125,26.167,14689000
XAGUSD,20210427,0500,26.165,26.233,26.146,26.207,32491300
XAGUSD,20210427,0600,26.213,26.225,26.135,26.157,72943000
XAGUSD,20210427,0700,26.160,26.190,26.126,26.145,50512200
XAGUSD,20210427,0800,26.135,26.222,26.088,26.183,45166700
XAGUSD,20210427,0900,26.183,26.263,26.173,26.233,38775800
XAGUSD,20210427,1000,26.231,26.271,26.195,26.270,40691700
XAGUSD,20210427,1100,26.266,26.298,26.183,26.239,46121800
XAGUSD,20210427,1200,26.245,26.327,26.209,26.262,95602500
XAGUSD,20210427,1300,26.262,26.450,26.169,26.368,158129900
XAGUSD,20210427,1400,26.367,26.388,26.284,26.384,136155300
XAGUSD,20210427,1500,26.384,26.424,26.326,26.360,75433600
XAGUSD,20210427,1600,26.354,26.388,26.297,26.322,49463600
XAGUSD,20210427,1700,26.323,26.377,26.310,26.327,47901100
XAGUSD,20210427,1800,26.327,26.327,26.259,26.268,38825700
XAGUSD,20210427,1900,26.268,26.327,26.252,26.263,19858800
XAGUSD,20210427,2000,26.265,26.279,26.245,26.246,5636100
XAGUSD,20210427,2200,26.235,26.256,26.212,26.216,8626050
XAGUSD,20210427,2300,26.212,26.239,26.211,26.217,6768400
XAGUSD,20210428,0000,26.214,26.217,26.113,26.147,31263000
XAGUSD,20210428,0100,26.147,26.147,25.927,26.013,100362700
XAGUSD,20210428,0200,26.013,26.068,25.989,26.020,45383600
XAGUSD,20210428,0300,26.023,26.045,25.998,26.021,21597500
XAGUSD,20210428,0400,26.020,26.047,26.005,26.015,13856300
XAGUSD,20210428,0500,26.014,26.034,25.962,25.973,32189700
XAGUSD,20210428,0600,25.972,26.005,25.891,25.967,64123400
XAGUSD,20210428,0700,25.967,26.032,25.889,26.025,71715300
XAGUSD,20210428,0800,26.023,26.057,25.983,26.048,50895400
XAGUSD,20210428,0900,26.042,26.050,25.883,25.974,50733600
XAGUSD,20210428,1000,25.970,25.981,25.821,25.885,45833500
XAGUSD,20210428,1100,25.881,25.950,25.862,25.883,47449900
XAGUSD,20210428,1200,25.881,26.002,25.826,25.997,91009300
XAGUSD,20210428,1300,25.997,26.065,25.820,25.962,132912400
XAGUSD,20210428,1400,25.964,26.030,25.914,25.930,99154200
XAGUSD,20210428,1500,25.933,26.068,25.929,26.037,59496200
XAGUSD,20210428,1600,26.038,26.104,26.020,26.073,43273400
XAGUSD,20210428,1700,26.074,26.084,25.951,25.979,41213400
XAGUSD,20210428,1800,25.978,26.270,25.891,26.242,164159000
XAGUSD,20210428,1900,26.243,26.274,26.177,26.264,85667090
XAGUSD,20210428,2000,26.266,26.286,26.155,26.161,18778400
XAGUSD,20210428,2200,26.190,26.282,26.190,26.266,11149400
XAGUSD,20210428,2300,26.266,26.311,26.253,26.305,16460400
XAGUSD,20210429,0000,26.305,26.362,26.292,26.318,44797400
XAGUSD,20210429,0100,26.312,26.450,26.288,26.431,86120600
XAGUSD,20210429,0200,26.433,26.466,26.348,26.378,48660400
XAGUSD,20210429,0300,26.379,26.399,26.323,26.333,22474700
XAGUSD,20210429,0400,26.330,26.360,26.313,26.346,15768000
XAGUSD,20210429,0500,26.346,26.427,26.326,26.413,27471300
XAGUSD,20210429,0600,26.411,26.429,26.249,26.291,73953900
XAGUSD,20210429,0700,26.291,26.394,26.282,26.387,50487700
XAGUSD,20210429,0800,26.393,26.418,26.261,26.315,53931200
XAGUSD,20210429,0900,26.322,26.340,26.256,26.266,44415200
XAGUSD,20210429,1000,26.264,26.281,26.194,26.278,56313000
XAGUSD,20210429,1100,26.280,26.382,26.271,26.331,91603500
XAGUSD,20210429,1200,26.334,26.406,26.281,26.367,97964700
XAGUSD,20210429,1300,26.364,26.377,25.745,25.767,223214700
XAGUSD,20210429,1400,25.769,25.970,25.693,25.940,131851400
XAGUSD,20210429,1500,25.941,25.979,25.898,25.917,58884020
XAGUSD,20210429,1600,25.913,26.004,25.893,26.000,49827400
XAGUSD,20210429,1700,26.004,26.044,25.983,25.987,33860600
XAGUSD,20210429,1800,25.989,26.119,25.983,26.109,36505200
XAGUSD,20210429,1900,26.102,26.142,26.084,26.129,18230800
XAGUSD,20210429,2000,26.131,26.137,26.055,26.062,9522970
XAGUSD,20210429,2200,26.073,26.109,26.041,26.079,13913020
XAGUSD,20210429,2300,26.076,26.106,26.050,26.087,15510500
XAGUSD,20210430,0000,26.088,26.090,26.006,26.041,48023820
XAGUSD,20210430,0100,26.041,26.050,25.867,25.900,120606200
XAGUSD,20210430,0200,25.899,25.942,25.863,25.908,50996400
XAGUSD,20210430,0300,25.908,25.926,25.864,25.905,34146700
XAGUSD,20210430,0400,25.904,26.031,25.904,25.928,30422480
XAGUSD,20210430,0500,25.929,25.941,25.856,25.912,53879700
XAGUSD,20210430,0600,25.918,25.986,25.889,25.916,84881800
XAGUSD,20210430,0700,25.919,25.984,25.877,25.902,72914000
XAGUSD,20210430,0800,25.905,25.997,25.872,25.960,59222500
XAGUSD,20210430,0900,25.962,25.980,25.895,25.904,39762100
XAGUSD,20210430,1000,25.904,25.960,25.869,25.955,34129300
XAGUSD,20210430,1100,25.956,25.997,25.885,25.979,69941300
XAGUSD,20210430,1200,25.981,26.145,25.870,26.143,127274400
XAGUSD,20210430,1300,26.145,26.185,26.000,26.079,181434060
XAGUSD,20210430,1400,26.076,26.134,25.956,26.068,166523000
XAGUSD,20210430,1500,26.059,26.091,25.883,25.908,122196600
XAGUSD,20210430,1600,25.912,25.939,25.850,25.896,53796000
XAGUSD,20210430,1700,25.896,25.907,25.788,25.884,47925600
XAGUSD,20210430,1800,25.881,25.907,25.829,25.854,37704900
XAGUSD,20210430,1900,25.856,25.879,25.819,25.861,37759800
XAGUSD,20210430,2000,25.862,25.903,25.841,25.885,8762900
XAGUSD,20210502,2200,25.870,25.916,25.822,25.849,8332450
XAGUSD,20210502,2300,25.846,25.885,25.837,25.851,10706900
XAGUSD,20210503,0000,25.851,25.927,25.791,25.923,22828700
XAGUSD,20210503,0100,25.921,25.950,25.870,25.939,22789800
XAGUSD,20210503,0200,25.938,25.961,25.918,25.945,22472400
XAGUSD,20210503,0300,25.945,26.014,25.945,26.002,18488800
XAGUSD,20210503,0400,26.001,26.009,25.958,25.968,17865300
XAGUSD,20210503,0500,25.969,25.979,25.903,25.924,24696900
XAGUSD,20210503,0600,25.921,26.092,25.881,26.085,45896500
XAGUSD,20210503,0700,26.087,26.131,26.051,26.051,52004580
XAGUSD,20210503,0800,26.059,26.112,26.041,26.083,30529400
XAGUSD,20210503,0900,26.081,26.154,26.073,26.112,22096000
XAGUSD,20210503,1000,26.114,26.224,26.088,26.130,36509200
XAGUSD,20210503,1100,26.124,26.228,26.095,26.201,47491100
XAGUSD,20210503,1200,26.213,26.503,26.203,26.361,158307790
XAGUSD,20210503,1300,26.372,26.630,26.360,26.625,122433760
XAGUSD,20210503,1400,26.651,26.951,26.588,26.884,151477360
XAGUSD,20210503,1500,26.895,26.944,26.799,26.826,80864700
XAGUSD,20210503,1600,26.827,26.985,26.807,26.900,50952040
XAGUSD,20210503,1700,26.902,26.954,26.801,26.860,47097700
XAGUSD,20210503,1800,26.857,26.928,26.834,26.871,40963900
XAGUSD,20210503,1900,26.873,26.905,26.806,26.878,29192100
XAGUSD,20210503,2000,26.883,26.904,26.855,26.855,9311400
XAGUSD,20210503,2200,26.873,26.929,26.859,26.872,10543350
XAGUSD,20210503,2300,26.867,26.905,26.832,26.867,9210200
XAGUSD,20210504,0000,26.863,26.902,26.806,26.829,50691100
XAGUSD,20210504,0100,26.827,26.842,26.725,26.797,24204900
XAGUSD,20210504,0200,26.796,26.822,26.784,26.807,19353700
XAGUSD,20210504,0300,26.811,26.811,26.747,26.758,21972500
XAGUSD,20210504,0400,26.758,26.781,26.734,26.739,19235900
XAGUSD,20210504,0500,26.737,26.782,26.679,26.774,29637100
XAGUSD,20210504,0600,26.776,26.793,26.722,26.779,37365700
XAGUSD,20210504,0700,26.780,26.894,26.758,26.892,51897200
XAGUSD,20210504,0800,26.886,26.948,26.807,26.809,104422800
XAGUSD,20210504,0900,26.807,26.841,26.778,26.781,39750500
XAGUSD,20210504,1000,26.785,26.801,26.715,26.798,60127100
XAGUSD,20210504,1100,26.798,26.896,26.686,26.766,62456700
XAGUSD,20210504,1200,26.765,26.910,26.700,26.899,83584100
XAGUSD,20210504,1300,26.906,27.023,26.842,27.017,114158500
XAGUSD,20210504,1400,27.019,27.106,26.775,26.877,123982800
XAGUSD,20210504,1500,26.879,26.883,26.128,26.205,174508000
XAGUSD,20210504,1600,26.209,26.408,26.076,26.338,74618500
XAGUSD,20210504,1700,26.337,26.493,26.327,26.377,45778800
XAGUSD,20210504,1800,26.378,26.492,26.365,26.406,18672500
XAGUSD,20210504,1900,26.404,26.479,26.361,26.474,19202820
XAGUSD,20210504,2000,26.471,26.522,26.457,26.488,7389000
XAGUSD,20210504,2200,26.453,26.498,26.406,26.435,9642670
XAGUSD,20210504,2300,26.440,26.487,26.419,26.475,9216300
XAGUSD,20210505,0000,26.475,26.507,26.431,26.488,15321400
XAGUSD,20210505,0100,26.485,26.567,26.480,26.542,30475700
XAGUSD,20210505,0200,26.543,26.615,26.522,26.565,39742000
XAGUSD,20210505,0300,26.556,26.591,26.544,26.584,22855200
XAGUSD,20210505,0400,26.584,26.589,26.483,26.483,23420900
XAGUSD,20210505,0500,26.484,26.497,26.359,26.387,28554000
XAGUSD,20210505,0600,26.382,26.416,26.303,26.315,49030500
XAGUSD,20210505,0700,26.315,26.438,26.293,26.405,50913800
XAGUSD,20210505,0800,26.405,26.407,26.252,26.341,42780800
XAGUSD,20210505,0900,26.338,26.430,26.319,26.389,30605300
XAGUSD,20210505,1000,26.385,26.401,26.324,26.324,33033500
XAGUSD,20210505,1100,26.326,26.375,26.276,26.312,28055900
XAGUSD,20210505,1200,26.312,26.496,26.092,26.461,111541000
XAGUSD,20210505,1300,26.460,26.510,26.338,26.383,128813600
XAGUSD,20210505,1400,26.385,26.479,26.318,26.462,98524700
XAGUSD,20210505,1500,26.464,26.490,26.391,26.441,62020100
XAGUSD,20210505,1600,26.442,26.476,26.361,26.379,29124500
XAGUSD,20210505,1700,26.383,26.473,26.383,26.449,27916000
XAGUSD,20210505,1800,26.454,26.499,26.415,26.471,27602300
XAGUSD,20210505,1900,26.462,26.479,26.424,26.471,25409400
XAGUSD,20210505,2000,26.466,26.515,26.439,26.439,10339700
XAGUSD,20210505,2200,26.468,26.509,26.425,26.426,8902650
XAGUSD,20210505,2300,26.429,26.459,26.404,26.438,10800500
XAGUSD,20210506,0000,26.436,26.457,26.304,26.317,28832800
XAGUSD,20210506,0100,26.319,26.426,26.159,26.398,113781100
XAGUSD,20210506,0200,26.397,26.495,26.347,26.495,56474000
XAGUSD,20210506,0300,26.495,26.579,26.482,26.505,55843600
XAGUSD,20210506,0400,26.507,26.514,26.457,26.476,18282140
XAGUSD,20210506,0500,26.472,26.720,26.472,26.671,54238600
XAGUSD,20210506,0600,26.672,26.797,26.607,26.740,87046000
XAGUSD,20210506,0700,26.743,26.779,26.671,26.703,69608700
XAGUSD,20210506,0800,26.697,26.758,26.670,26.721,58633600
XAGUSD,20210506,0900,26.720,26.760,26.578,26.755,44746700
XAGUSD,20210506,1000,26.753,26.753,26.655,26.684,34359500
XAGUSD,20210506,1100,26.687,26.814,26.579,26.798,64284900
XAGUSD,20210506,1200,26.799,26.831,26.723,26.773,120860400
XAGUSD,20210506,1300,26.775,27.322,26.746,27.288,177092950
XAGUSD,20210506,1400,27.293,27.381,27.178,27.358,103362700
XAGUSD,20210506,1500,27.363,27.454,27.307,27.370,69021300
XAGUSD,20210506,1600,27.374,27.413,27.320,27.411,43729300
XAGUSD,20210506,1700,27.411,27.425,27.325,27.346,38886100
XAGUSD,20210506,1800,27.339,27.366,27.263,27.312,49304400
XAGUSD,20210506,1900,27.302,27.337,27.275,27.322,40584200
XAGUSD,20210506,2000,27.322,27.334,27.267,27.268,14392770
XAGUSD,20210506,2200,27.301,27.301,27.191,27.228,7042700
XAGUSD,20210506,2300,27.228,27.329,27.227,27.272,8151200
XAGUSD,20210507,0000,27.269,27.282,27.213,27.238,26747500
XAGUSD,20210507,0100,27.249,27.387,27.228,27.336,78120800
XAGUSD,20210507,0200,27.334,27.512,27.288,27.491,62278500
XAGUSD,20210507,0300,27.498,27.538,27.421,27.442,66624600
XAGUSD,20210507,0400,27.435,27.444,27.384,27.404,19949000
XAGUSD,20210507,0500,27.404,27.519,27.220,27.291,60312000
XAGUSD,20210507,0600,27.293,27.341,27.230,27.249,70846500
XAGUSD,20210507,0700,27.249,27.368,27.238,27.291,62165000
XAGUSD,20210507,0800,27.290,27.385,27.272,27.317,54311200
XAGUSD,20210507,0900,27.320,27.336,27.267,27.278,34451100
XAGUSD,20210507,1000,27.278,27.378,27.275,27.375,29355200
XAGUSD,20210507,1100,27.382,27.386,27.263,27.307,32450700
XAGUSD,20210507,1200,27.304,27.665,27.170,27.464,161972790
XAGUSD,20210507,1300,27.466,27.538,27.126,27.447,259593730
XAGUSD,20210507,1400,27.453,27.474,27.207,27.322,162461900
XAGUSD,20210507,1500,27.322,27.442,27.272,27.408,115161600
XAGUSD,20210507,1600,27.415,27.417,27.286,27.393,76298400
XAGUSD,20210507,1700,27.391,27.426,27.341,27.416,66042800
XAGUSD,20210507,1800,27.417,27.449,27.387,27.426,52721400
XAGUSD,20210507,1900,27.425,27.446,27.393,27.421,37758700
XAGUSD,20210507,2000,27.427,27.447,27.382,27.409,6030870
XAGUSD,20210509,2200,27.510,27.549,27.459,27.483,12986350
XAGUSD,20210509,2300,27.488,27.654,27.473,27.637,20091600
XAGUSD,20210510,0000,27.629,27.631,27.497,27.536,68746200
XAGUSD,20210510,0100,27.536,27.761,27.498,27.615,174728300
XAGUSD,20210510,0200,27.616,27.744,27.595,27.646,88428570
XAGUSD,20210510,0300,27.647,27.672,27.592,27.655,46584300
XAGUSD,20210510,0400,27.659,27.716,27.633,27.691,27369100
XAGUSD,20210510,0500,27.692,27.819,27.676,27.769,60795600
XAGUSD,20210510,0600,27.769,27.785,27.667,27.728,86656150
XAGUSD,20210510,0700,27.728,27.740,27.617,27.619,111527700
XAGUSD,20210510,0800,27.625,27.696,27.602,27.682,63648700
XAGUSD,20210510,0900,27.680,27.699,27.628,27.665,25020800
XAGUSD,20210510,1000,27.666,27.783,27.637,27.770,28781500
XAGUSD,20210510,1100,27.766,27.806,27.642,27.784,63238200
XAGUSD,20210510,1200,27.778,27.819,27.685,27.769,123660400
XAGUSD,20210510,1300,27.766,27.871,27.511,27.576,220831680
XAGUSD,20210510,1400,27.578,27.642,27.378,27.482,175224050
XAGUSD,20210510,1500,27.482,27.537,27.317,27.510,112581100
XAGUSD,20210510,1600,27.510,27.511,27.393,27.449,47306000
XAGUSD,20210510,1700,27.449,27.452,27.369,27.414,48814600
XAGUSD,20210510,1800,27.417,27.424,27.223,27.304,53173600
XAGUSD,20210510,1900,27.303,27.356,27.251,27.315,45340700
XAGUSD,20210510,2000,27.318,27.346,27.275,27.286,18133100
XAGUSD,20210510,2200,27.281,27.317,27.271,27.296,7624250
XAGUSD,20210510,2300,27.298,27.339,27.286,27.321,9981300
XAGUSD,20210511,0000,27.312,27.318,27.211,27.244,28598700
XAGUSD,20210511,0100,27.245,27.386,27.116,27.318,119738500
XAGUSD,20210511,0200,27.316,27.357,27.270,27.322,83238100
XAGUSD,20210511,0300,27.322,27.362,27.292,27.307,39817200
XAGUSD,20210511,0400,27.304,27.373,27.302,27.364,15792100
XAGUSD,20210511,0500,27.364,27.467,27.325,27.402,57294800
XAGUSD,20210511,0600,27.399,27.428,27.276,27.292,107509000
XAGUSD,20210511,0700,27.288,27.368,27.266,27.367,107774600
XAGUSD,20210511,0800,27.361,27.447,27.336,27.404,111136700
XAGUSD,20210511,0900,27.397,27.457,27.355,27.437,72051300
XAGUSD,20210511,1000,27.439,27.499,27.403,27.467,49793300
XAGUSD,20210511,1100,27.470,27.520,27.408,27.429,89290000
XAGUSD,20210511,1200,27.428,27.486,27.191,27.196,115975900
XAGUSD,20210511,1300,27.195,27.430,27.092,27.413,295278280
XAGUSD,20210511,1400,27.413,27.462,27.240,27.368,284135600
XAGUSD,20210511,1500,27.370,27.517,27.338,27.498,141934100
XAGUSD,20210511,1600,27.498,27.572,27.465,27.527,100915100
XAGUSD,20210511,1700,27.524,27.578,27.511,27.564,91570500
XAGUSD,20210511,1800,27.557,27.574,27.514,27.567,63256600
XAGUSD,20210511,1900,27.565,27.648,27.546,27.648,52366000
XAGUSD,20210511,2000,27.643,27.661,27.590,27.591,19926550
XAGUSD,20210511,2200,27.595,27.645,27.572,27.610,10149600
XAGUSD,20210511,2300,27.610,27.610,27.549,27.554,13596400
XAGUSD,20210512,0000,27.555,27.591,27.472,27.493,70747200
XAGUSD,20210512,0100,27.494,27.501,27.315,27.335,114120400
XAGUSD,20210512,0200,27.335,27.393,27.284,27.290,69479500
XAGUSD,20210512,0300,27.289,27.346,27.279,27.310,67640900
XAGUSD,20210512,0400,27.304,27.392,27.301,27.368,29358400
XAGUSD,20210512,0500,27.368,27.403,27.318,27.336,73045300
XAGUSD,20210512,0600,27.335,27.487,27.326,27.474,122909300
XAGUSD,20210512,0700,27.478,27.499,27.408,27.420,105650200
XAGUSD,20210512,0800,27.421,27.422,27.284,27.364,72954200
XAGUSD,20210512,0900,27.370,27.411,27.350,27.410,34838500
XAGUSD,20210512,1000,27.410,27.424,27.361,27.403,59951300
XAGUSD,20210512,1100,27.405,27.419,27.349,27.398,47268300
XAGUSD,20210512,1200,27.403,27.537,27.116,27.481,204230700
XAGUSD,20210512,1300,27.481,27.686,27.295,27.467,340164300
XAGUSD,20210512,1400,27.463,27.481,27.196,27.311,289136000
XAGUSD,20210512,1500,27.310,27.329,27.174,27.276,181375800
XAGUSD,20210512,1600,27.269,27.272,27.116,27.133,151818740
XAGUSD,20210512,1700,27.133,27.259,27.111,27.164,137203160
XAGUSD,20210512,1800,27.164,27.183,27.091,27.107,119894800
XAGUSD,20210512,1900,27.108,27.117,26.992,27.010,81991070
XAGUSD,20210512,2000,27.011,27.047,26.938,27.000,19826370
XAGUSD,20210512,2200,26.996,27.099,26.996,27.055,17214800
XAGUSD,20210512,2300,27.055,27.127,27.045,27.104,15821700
XAGUSD,20210513,0000,27.104,27.171,27.003,27.170,34873300
XAGUSD,20210513,0100,27.165,27.231,27.069,27.170,111916500
XAGUSD,20210513,0200,27.170,27.175,27.038,27.112,74741700
XAGUSD,20210513,0300,27.111,27.134,26.953,27.022,68678900
XAGUSD,20210513,0400,27.029,27.049,26.975,27.044,23146400
XAGUSD,20210513,0500,27.044,27.054,26.848,26.904,85221500
XAGUSD,20210513,0600,26.903,27.093,26.903,27.056,104908500
XAGUSD,20210513,0700,27.056,27.083,26.852,26.870,82757300
XAGUSD,20210513,0800,26.868,26.989,26.782,26.899,87966510
XAGUSD,20210513,0900,26.898,26.933,26.768,26.784,67555700
XAGUSD,20210513,1000,26.783,26.858,26.706,26.815,73135610
XAGUSD,20210513,1100,26.817,26.949,26.765,26.869,108642270
XAGUSD,20210513,1200,26.872,27.021,26.840,26.879,131747700
XAGUSD,20210513,1300,26.878,27.031,26.770,27.021,227807720
XAGUSD,20210513,1400,27.023,27.098,26.936,26.999,212034470
XAGUSD,20210513,1500,27.003,27.058,26.919,26.978,117145100
XAGUSD,20210513,1600,26.978,27.086,26.956,27.066,55455400
XAGUSD,20210513,1700,27.070,27.085,26.913,26.928,77648820
XAGUSD,20210513,1800,26.928,27.084,26.918,27.056,61088900
XAGUSD,20210513,1900,27.056,27.142,27.049,27.103,72430300
XAGUSD,20210513,2000,27.103,27.108,27.063,27.074,16910850
XAGUSD,20210513,2200,27.078,27.098,27.044,27.053,7676750
XAGUSD,20210513,2300,27.053,27.070,27.028,27.034,14430400
XAGUSD,20210514,0000,27.035,27.072,26.993,27.063,50160300
XAGUSD,20210514,0100,27.058,27.106,26.904,26.970,154201800
XAGUSD,20210514,0200,26.970,26.987,26.887,26.957,64176200
XAGUSD,20210514,0300,26.957,26.969,26.882,26.922,51959800
XAGUSD,20210514,0400,26.922,26.957,26.908,26.952,13770400
XAGUSD,20210514,0500,26.952,27.020,26.805,27.013,67340500
XAGUSD,20210514,0600,27.013,27.298,26.957,27.227,137100270
XAGUSD,20210514,0700,27.231,27.252,27.159,27.175,126538300
XAGUSD,20210514,0800,27.180,27.278,27.135,27.211,108602100
XAGUSD,20210514,0900,27.216,27.282,27.127,27.133,79474100
XAGUSD,20210514,1000,27.134,27.235,27.114,27.226,46385000
XAGUSD,20210514,1100,27.223,27.319,27.193,27.269,79955100
XAGUSD,20210514,1200,27.262,27.319,27.171,27.252,148103920
XAGUSD,20210514,1300,27.254,27.476,27.242,27.403,240105350
XAGUSD,20210514,1400,27.404,27.417,27.261,27.326,159793600
XAGUSD,20210514,1500,27.330,27.413,27.291,27.368,80830620
XAGUSD,20210514,1600,27.370,27.382,27.298,27.331,36227970
XAGUSD,20210514,1700,27.330,27.331,27.239,27.279,41460400
XAGUSD,20210514,1800,27.274,27.381,27.270,27.370,25930500
XAGUSD,20210514,1900,27.370,27.426,27.351,27.419,51586040
XAGUSD,20210514,2000,27.419,27.430,27.362,27.395,9430720
XAGUSD,20210516,2200,27.404,27.500,27.358,27.446,12726900
XAGUSD,20210516,2300,27.448,27.493,27.435,27.474,10839170
XAGUSD,20210517,0000,27.474,27.474,27.332,27.355,40807800
XAGUSD,20210517,0100,27.355,27.644,27.334,27.589,102308200
XAGUSD,20210517,0200,27.589,27.655,27.556,27.624,55924900
XAGUSD,20210517,0300,27.624,27.684,27.594,27.609,43007800
XAGUSD,20210517,0400,27.609,27.660,27.605,27.624,21803420
XAGUSD,20210517,0500,27.624,27.764,27.573,27.579,61036030
XAGUSD,20210517,0600,27.577,27.750,27.574,27.686,70243200
XAGUSD,20210517,0700,27.684,27.720,27.644,27.700,57517700
XAGUSD,20210517,0800,27.702,27.755,27.675,27.718,40938740
XAGUSD,20210517,0900,27.717,27.737,27.565,27.606,51898720
XAGUSD,20210517,1000,27.605,27.642,27.588,27.606,28681500
XAGUSD,20210517,1100,27.602,27.666,27.553,27.589,50033780
XAGUSD,20210517,1200,27.589,27.623,27.480,27.493,85670870
XAGUSD,20210517,1300,27.492,27.663,27.425,27.577,147530220
XAGUSD,20210517,1400,27.579,28.004,27.537,27.984,217804550
XAGUSD,20210517,1500,27.999,28.173,27.961,28.156,269930640
XAGUSD,20210517,1600,28.154,28.203,28.068,28.185,87502300
XAGUSD,20210517,1700,28.179,28.196,28.077,28.189,55847670
XAGUSD,20210517,1800,28.188,28.280,28.118,28.158,47423700
XAGUSD,20210517,1900,28.156,28.223,28.154,28.204,38467620
XAGUSD,20210517,2000,28.204,28.207,28.146,28.146,8021200
XAGUSD,20210517,2200,28.165,28.212,28.122,28.149,7284020
XAGUSD,20210517,2300,28.144,28.250,28.123,28.242,9851300
XAGUSD,20210518,0000,28.241,28.261,28.186,28.232,27051370
XAGUSD,20210518,0100,28.229,28.735,28.225,28.582,128080740
XAGUSD,20210518,0200,28.578,28.658,28.359,28.389,90319700
XAGUSD,20210518,0300,28.387,28.501,28.362,28.453,45157100
XAGUSD,20210518,0400,28.455,28.503,28.427,28.473,30723300
XAGUSD,20210518,0500,28.473,28.574,28.465,28.508,66260700
XAGUSD,20210518,0600,28.508,28.592,28.423,28.523,97318900
XAGUSD,20210518,0700,28.531,28.555,28.458,28.496,70282000
XAGUSD,20210518,0800,28.497,28.526,28.432,28.495,70058100
XAGUSD,20210518,0900,28.494,28.516,28.435,28.439,46022780
XAGUSD,20210518,1000,28.439,28.483,28.427,28.456,74503000
XAGUSD,20210518,1100,28.453,28.511,28.364,28.507,52090700
XAGUSD,20210518,1200,28.509,28.608,28.421,28.550,93601120
XAGUSD,20210518,1300,28.551,28.646,28.173,28.178,209309350
XAGUSD,20210518,1400,28.178,28.230,28.061,28.188,151720220
XAGUSD,20210518,1500,28.188,28.226,28.066,28.069,72343130
XAGUSD,20210518,1600,28.069,28.206,27.993,28.202,55533840
XAGUSD,20210518,1700,28.202,28.277,28.168,28.257,32196910
XAGUSD,20210518,1800,28.254,28.267,28.182,28.196,36977690
XAGUSD,20210518,1900,28.199,28.259,28.169,28.173,23671600
XAGUSD,20210518,2000,28.173,28.203,28.153,28.167,15188700
XAGUSD,20210518,2200,28.161,28.173,28.127,28.127,6719000
XAGUSD,20210518,2300,28.120,28.178,28.120,28.144,12381600
XAGUSD,20210519,0000,28.152,28.203,28.089,28.166,28764900
XAGUSD,20210519,0100,28.165,28.221,28.045,28.066,98662300
XAGUSD,20210519,0200,28.063,28.067,27.884,27.979,91305920
XAGUSD,20210519,0300,27.979,28.049,27.914,28.030,52303100
XAGUSD,20210519,0400,28.032,28.064,27.967,27.988,32831700
XAGUSD,20210519,0500,27.991,28.161,27.913,28.141,68541400
XAGUSD,20210519,0600,28.142,28.187,28.080,28.123,100810400
XAGUSD,20210519,0700,28.122,28.125,27.812,27.892,111648380
XAGUSD,20210519,0800,27.891,27.979,27.655,27.776,87992720
XAGUSD,20210519,0900,27.775,27.812,27.643,27.675,70026410
XAGUSD,20210519,1000,27.675,27.722,27.593,27.684,58154740
XAGUSD,20210519,1100,27.679,27.690,27.353,27.558,102014050
XAGUSD,20210519,1200,27.560,27.819,27.533,27.798,108725040
XAGUSD,20210519,1300,27.798,28.228,27.559,28.177,302903290
XAGUSD,20210519,1400,28.173,28.186,27.731,27.908,254754370
XAGUSD,20210519,1500,27.907,27.989,27.807,27.980,129271670
XAGUSD,20210519,1600,27.985,27.996,27.864,27.953,82842970
XAGUSD,20210519,1700,27.954,27.996,27.791,27.804,80025700
XAGUSD,20210519,1800,27.800,27.902,27.484,27.490,217041950
XAGUSD,20210519,1900,27.488,27.727,27.467,27.714,72701720
XAGUSD,20210519,2000,27.712,27.747,27.697,27.705,16347050
XAGUSD,20210519,2200,27.710,27.748,27.647,27.651,10032600
XAGUSD,20210519,2300,27.651,27.683,27.572,27.598,14283200
XAGUSD,20210520,0000,27.599,27.733,27.563,27.729,33681900
XAGUSD,20210520,0100,27.728,27.763,27.385,27.644,141675720
XAGUSD,20210520,0200,27.651,27.767,27.562,27.689,104572300
XAGUSD,20210520,0300,27.695,27.785,27.676,27.724,31396600
XAGUSD,20210520,0400,27.719,27.779,27.716,27.774,16033000
XAGUSD,20210520,0500,27.768,27.897,27.737,27.740,61267180
XAGUSD,20210520,0600,27.738,27.859,27.688,27.757,80087900
XAGUSD,20210520,0700,27.757,27.825,27.739,27.798,73803900
XAGUSD,20210520,0800,27.796,27.811,27.587,27.634,48800100
XAGUSD,20210520,0900,27.633,27.652,27.511,27.607,53446180
XAGUSD,20210520,1000,27.606,27.667,27.527,27.657,46690620
XAGUSD,20210520,1100,27.663,27.812,27.657,27.771,66631200
XAGUSD,20210520,1200,27.769,27.851,27.696,27.758,92750000
XAGUSD,20210520,1300,27.759,27.920,27.704,27.839,170668520
XAGUSD,20210520,1400,27.840,27.875,27.728,27.811,180831050
XAGUSD,20210520,1500,27.813,27.931,27.805,27.916,142967920
XAGUSD,20210520,1600,27.912,27.996,27.853,27.937,99821920
XAGUSD,20210520,1700,27.937,27.953,27.796,27.808,60200740
XAGUSD,20210520,1800,27.804,27.820,27.638,27.723,58721340
XAGUSD,20210520,1900,27.722,27.792,27.704,27.783,32371480
XAGUSD,20210520,2000,27.786,27.789,27.738,27.742,15278050
XAGUSD,20210520,2200,27.747,27.777,27.724,27.725,10162250
XAGUSD,20210520,2300,27.725,27.747,27.688,27.700,8734750
XAGUSD,20210521,0000,27.695,27.792,27.693,27.745,30412900
XAGUSD,20210521,0100,27.745,27.813,27.593,27.597,104634700
XAGUSD,20210521,0200,27.594,27.689,27.582,27.657,82463950
XAGUSD,20210521,0300,27.653,27.720,27.643,27.715,38764500
XAGUSD,20210521,0400,27.715,27.765,27.690,27.729,22726100
XAGUSD,20210521,0500,27.732,27.786,27.713,27.758,47419900
XAGUSD,20210521,0600,27.755,27.788,27.593,27.625,97209000
XAGUSD,20210521,0700,27.625,27.692,27.610,27.687,72932800
XAGUSD,20210521,0800,27.690,27.710,27.633,27.676,59581600
XAGUSD,20210521,0900,27.678,27.824,27.674,27.792,71085000
XAGUSD,20210521,1000,27.785,27.835,27.754,27.788,54856670
XAGUSD,20210521,1100,27.790,27.818,27.728,27.731,58374770
XAGUSD,20210521,1200,27.734,27.939,27.704,27.933,93153210
XAGUSD,20210521,1300,27.933,28.059,27.624,27.681,245923020
XAGUSD,20210521,1400,27.686,27.752,27.328,27.447,219920030
XAGUSD,20210521,1500,27.446,27.507,27.352,27.393,110504990
XAGUSD,20210521,1600,27.392,27.410,27.189,27.307,100188900
XAGUSD,20210521,1700,27.309,27.479,27.300,27.466,65427400
XAGUSD,20210521,1800,27.471,27.572,27.452,27.553,49835100
XAGUSD,20210521,1900,27.556,27.600,27.491,27.507,47289700
XAGUSD,20210521,2000,27.512,27.571,27.497,27.497,7203040
XAGUSD,20210523,2200,27.554,27.570,27.506,27.536,10745070
XAGUSD,20210523,2300,27.541,27.581,27.514,27.557,14699000
XAGUSD,20210524,0000,27.558,27.589,27.506,27.513,35091200
XAGUSD,20210524,0100,27.516,27.749,27.448,27.709,157006800
XAGUSD,20210524,0200,27.712,27.748,27.593,27.616,116528000
XAGUSD,20210524,0300,27.615,27.678,27.606,27.620,44469640
XAGUSD,20210524,0400,27.619,27.659,27.601,27.642,15281800
XAGUSD,20210524,0500,27.644,27.709,27.637,27.675,46341190
XAGUSD,20210524,0600,27.670,27.734,27.590,27.678,62003280
XAGUSD,20210524,0700,27.678,27.735,27.645,27.648,89348520
XAGUSD,20210524,0800,27.647,27.691,27.476,27.540,143211320
XAGUSD,20210524,0900,27.545,27.660,27.536,27.660,40845300
XAGUSD,20210524,1000,27.657,27.701,27.637,27.688,42575500
XAGUSD,20210524,1100,27.681,27.704,27.628,27.678,52969600
XAGUSD,20210524,1200,27.676,27.784,27.663,27.693,81183200
XAGUSD,20210524,1300,27.696,27.895,27.610,27.746,231675890
XAGUSD,20210524,1400,27.742,27.844,27.672,27.837,122786990
XAGUSD,20210524,1500,27.838,27.844,27.709,27.765,56990600
XAGUSD,20210524,1600,27.763,27.775,27.677,27.744,39422460
XAGUSD,20210524,1700,27.744,27.795,27.722,27.741,41786190
XAGUSD,20210524,1800,27.741,27.781,27.728,27.767,19667290
XAGUSD,20210524,1900,27.760,27.780,27.735,27.751,17545810
XAGUSD,20210524,2000,27.750,27.770,27.748,27.749,9784270
XAGUSD,20210524,2200,27.745,27.756,27.710,27.725,8583150
XAGUSD,20210524,2300,27.727,27.729,27.669,27.669,18194800
XAGUSD,20210525,0000,27.671,27.697,27.621,27.676,40010700
XAGUSD,20210525,0100,27.676,27.719,27.534,27.545,140757480
XAGUSD,20210525,0200,27.545,27.651,27.512,27.646,62725640
XAGUSD,20210525,0300,27.642,27.659,27.626,27.644,36694400
XAGUSD,20210525,0400,27.644,27.656,27.610,27.640,18119700
XAGUSD,20210525,0500,27.643,27.653,27.450,27.489,46986630
XAGUSD,20210525,0600,27.493,27.796,27.484,27.765,99074140
XAGUSD,20210525,0700,27.763,27.804,27.655,27.671,124599700
XAGUSD,20210525,0800,27.676,27.693,27.585,27.643,108591000
XAGUSD,20210525,0900,27.638,27.662,27.600,27.604,33904040
XAGUSD,20210525,1000,27.598,27.650,27.578,27.613,31564670
XAGUSD,20210525,1100,27.608,27.631,27.554,27.626,45679890
XAGUSD,20210525,1200,27.626,27.730,27.557,27.563,76797370
XAGUSD,20210525,1300,27.563,27.728,27.491,27.630,183119980
XAGUSD,20210525,1400,27.630,28.023,27.613,27.886,213967590
XAGUSD,20210525,1500,27.889,27.921,27.815,27.884,85642270
XAGUSD,20210525,1600,27.888,27.943,27.855,27.936,51769300
XAGUSD,20210525,1700,27.931,27.966,27.915,27.959,36364500
XAGUSD,20210525,1800,27.958,27.989,27.933,27.971,47640440
XAGUSD,20210525,1900,27.970,27.999,27.942,27.993,24846520
XAGUSD,20210525,2000,27.990,28.007,27.969,27.972,9230570
XAGUSD,20210525,2200,27.961,28.003,27.961,27.989,12332550
XAGUSD,20210525,2300,27.993,28.002,27.953,27.976,14061100
XAGUSD,20210526,0000,27.975,28.027,27.939,27.979,33091220
XAGUSD,20210526,0100,27.983,28.181,27.983,28.131,95359040
XAGUSD,20210526,0200,28.132,28.221,28.131,28.182,79504000
XAGUSD,20210526,0300,28.180,28.216,28.134,28.135,97935800
XAGUSD,20210526,0400,28.135,28.173,28.116,28.170,26041600
XAGUSD,20210526,0500,28.168,28.197,28.088,28.107,48260200
XAGUSD,20210526,0600,28.108,28.136,28.002,28.084,99723970
XAGUSD,20210526,0700,28.086,28.186,28.052,28.151,62120380
XAGUSD,20210526,0800,28.149,28.177,28.030,28.053,55110600
XAGUSD,20210526,0900,28.047,28.106,28.021,28.061,45979740
XAGUSD,20210526,1000,28.061,28.117,28.021,28.112,42939020
XAGUSD,20210526,1100,28.106,28.126,28.027,28.071,36449970
XAGUSD,20210526,1200,28.069,28.222,28.046,28.071,90879540
XAGUSD,20210526,1300,28.071,28.084,27.737,27.745,210101770
XAGUSD,20210526,1400,27.740,27.924,27.715,27.773,159170600
XAGUSD,20210526,1500,27.770,27.889,27.770,27.841,74349400
XAGUSD,20210526,1600,27.842,27.870,27.802,27.824,56233500
XAGUSD,20210526,1700,27.824,27.839,27.600,27.664,89965700
XAGUSD,20210526,1800,27.665,27.711,27.626,27.679,51891400
XAGUSD,20210526,1900,27.680,27.691,27.656,27.678,34227100
XAGUSD,20210526,2000,27.679,27.683,27.656,27.668,9724300
XAGUSD,20210526,2200,27.644,27.712,27.644,27.706,8865350
XAGUSD,20210526,2300,27.698,27.723,27.656,27.676,8163390
XAGUSD,20210527,0000,27.671,27.679,27.616,27.646,26559200
XAGUSD,20210527,0100,27.644,27.647,27.493,27.557,152152370
XAGUSD,20210527,0200,27.557,27.636,27.487,27.619,64020600
XAGUSD,20210527,0300,27.620,27.653,27.577,27.636,46657700
XAGUSD,20210527,0400,27.640,27.687,27.628,27.675,17406300
XAGUSD,20210527,0500,27.677,27.767,27.629,27.746,51556100
XAGUSD,20210527,0600,27.745,27.776,27.639,27.692,68950100
XAGUSD,20210527,0700,27.696,27.728,27.644,27.700,70296200
XAGUSD,20210527,0800,27.706,27.729,27.581,27.613,51355230
XAGUSD,20210527,0900,27.623,27.668,27.610,27.653,44022370
XAGUSD,20210527,1000,27.649,27.703,27.615,27.681,42026530
XAGUSD,20210527,1100,27.678,27.686,27.522,27.623,77259590
XAGUSD,20210527,1200,27.626,27.722,27.533,27.686,111500370
XAGUSD,20210527,1300,27.687,27.754,27.519,27.638,201844220
XAGUSD,20210527,1400,27.639,27.765,27.612,27.651,151217800
XAGUSD,20210527,1500,27.649,27.790,27.649,27.788,115880530
XAGUSD,20210527,1600,27.788,27.797,27.651,27.738,59137200
XAGUSD,20210527,1700,27.741,27.872,27.727,27.831,83211900
XAGUSD,20210527,1800,27.831,27.861,27.783,27.856,38210800
XAGUSD,20210527,1900,27.856,27.878,27.834,27.848,26385700
XAGUSD,20210527,2000,27.850,27.857,27.805,27.826,10203520
XAGUSD,20210527,2200,27.851,27.876,27.822,27.846,8953770
XAGUSD,20210527,2300,27.848,27.891,27.829,27.875,13733000
XAGUSD,20210528,0000,27.870,27.882,27.807,27.834,30844700
XAGUSD,20210528,0100,27.835,27.888,27.717,27.728,101822100
XAGUSD,20210528,0200,27.722,27.783,27.711,27.723,49630590
XAGUSD,20210528,0300,27.719,27.758,27.708,27.753,27723900
XAGUSD,20210528,0400,27.757,27.767,27.730,27.750,14722300
XAGUSD,20210528,0500,27.755,27.755,27.618,27.649,59824520
XAGUSD,20210528,0600,27.649,27.681,27.577,27.648,113934100
XAGUSD,20210528,0700,27.648,27.678,27.598,27.657,49722000
XAGUSD,20210528,0800,27.659,27.726,27.650,27.688,47176290
XAGUSD,20210528,0900,27.683,27.703,27.640,27.674,29873740
XAGUSD,20210528,1000,27.672,27.688,27.621,27.630,29115300
XAGUSD,20210528,1100,27.629,27.640,27.568,27.616,60360510
XAGUSD,20210528,1200,27.620,27.639,27.385,27.539,183154030
XAGUSD,20210528,1300,27.544,27.782,27.404,27.750,252337110
XAGUSD,20210528,1400,27.750,27.828,27.704,27.787,200392900
XAGUSD,20210528,1500,27.786,27.847,27.765,27.802,89702590
XAGUSD,20210528,1600,27.804,27.921,27.804,27.919,57085940
XAGUSD,20210528,1700,27.921,27.966,27.853,27.871,87515990
XAGUSD,20210528,1800,27.871,27.878,27.791,27.841,43446300
XAGUSD,20210528,1900,27.843,27.933,27.837,27.923,22172800
XAGUSD,20210528,2000,27.923,27.936,27.778,27.919,13013110
XAGUSD,20210530,2200,27.903,27.947,27.893,27.936,3688790
XAGUSD,20210530,2300,27.931,27.956,27.910,27.926,15687600
XAGUSD,20210531,0000,27.931,27.996,27.900,27.964,34982900
XAGUSD,20210531,0100,27.965,28.126,27.933,28.033,176082380
XAGUSD,20210531,0200,28.038,28.113,27.997,28.062,88635300
XAGUSD,20210531,0300,28.068,28.129,28.036,28.056,65920900
XAGUSD,20210531,0400,28.053,28.059,28.020,28.037,24908400
XAGUSD,20210531,0500,28.038,28.055,27.938,27.984,73454500
XAGUSD,20210531,0600,27.991,27.991,27.862,27.947,81137070
XAGUSD,20210531,0700,27.946,28.001,27.914,27.947,58815480
XAGUSD,20210531,0800,27.948,28.007,27.915,28.001,77278110
XAGUSD,20210531,0900,28.001,28.008,27.899,27.927,70578330
XAGUSD,20210531,1000,27.927,27.940,27.881,27.940,50687370
XAGUSD,20210531,1100,27.940,27.999,27.897,27.994,34600860
XAGUSD,20210531,1200,27.993,28.009,27.939,27.961,37136220
XAGUSD,20210531,1300,27.957,27.985,27.896,27.971,89769000
XAGUSD,20210531,1400,27.973,28.018,27.900,27.922,78035300
XAGUSD,20210531,1500,27.919,27.980,27.919,27.952,47676800
XAGUSD,20210531,1600,27.956,28.035,27.950,28.024,30619550
XAGUSD,20210531,2200,28.021,28.077,27.996,28.060,10756490
XAGUSD,20210531,2300,28.061,28.078,28.036,28.074,19314300
XAGUSD,20210601,0000,28.075,28.079,28.011,28.047,46721700
XAGUSD,20210601,0100,28.048,28.258,27.985,28.203,157029090
XAGUSD,20210601,0200,28.207,28.281,28.167,28.200,67068820
XAGUSD,20210601,0300,28.199,28.329,28.199,28.224,60013400
XAGUSD,20210601,0400,28.217,28.236,28.171,28.188,37180500
XAGUSD,20210601,0500,28.192,28.290,28.170,28.272,104073700
XAGUSD,20210601,0600,28.271,28.375,28.223,28.327,127237790
XAGUSD,20210601,0700,28.327,28.378,28.279,28.322,97392710
XAGUSD,20210601,0800,28.330,28.341,28.133,28.297,89191530
XAGUSD,20210601,0900,28.292,28.328,28.156,28.166,58484070
XAGUSD,20210601,1000,28.164,28.238,28.136,28.198,72995080
XAGUSD,20210601,1100,28.198,28.272,28.175,28.240,81324820
XAGUSD,20210601,1200,28.244,28.422,28.239,28.398,109410320
XAGUSD,20210601,1300,28.397,28.547,28.209,28.290,246494190
XAGUSD,20210601,1400,28.291,28.423,27.901,28.013,280229020
XAGUSD,20210601,1500,28.019,28.064,27.923,27.985,81258590
XAGUSD,20210601,1600,27.984,28.054,27.953,28.020,43777210
XAGUSD,20210601,1700,28.019,28.019,27.961,27.991,32532380
XAGUSD,20210601,1800,27.989,27.998,27.933,27.943,28572800
XAGUSD,20210601,1900,27.942,27.954,27.833,27.856,42084220
XAGUSD,20210601,2000,27.860,27.887,27.808,27.868,10822820
XAGUSD,20210601,2200,27.867,27.894,27.805,27.835,13447300
XAGUSD,20210601,2300,27.833,27.862,27.807,27.835,10009500
XAGUSD,20210602,0000,27.835,27.904,27.815,27.888,21814700
XAGUSD,20210602,0100,27.888,27.953,27.776,27.786,85530100
XAGUSD,20210602,0200,27.782,27.861,27.747,27.793,59241000
XAGUSD,20210602,0300,27.794,27.814,27.730,27.795,43927600
XAGUSD,20210602,0400,27.798,27.799,27.754,27.760,17599500
XAGUSD,20210602,0500,27.758,27.859,27.708,27.791,49757780
XAGUSD,20210602,0600,27.786,27.792,27.682,27.745,104876470
XAGUSD,20210602,0700,27.747,27.803,27.686,27.724,74809700
XAGUSD,20210602,0800,27.718,27.794,27.678,27.706,78537730
XAGUSD,20210602,0900,27.704,27.822,27.678,27.822,47605240
XAGUSD,20210602,1000,27.819,27.831,27.771,27.775,33223200
XAGUSD,20210602,1100,27.768,27.895,27.694,27.894,48004820
XAGUSD,20210602,1200,27.892,28.003,27.870,27.938,96387170
XAGUSD,20210602,1300,27.933,28.035,27.888,27.918,242310190
XAGUSD,20210602,1400,27.911,28.043,27.902,27.962,110338900
XAGUSD,20210602,1500,27.960,28.092,27.933,28.057,68740000
XAGUSD,20210602,1600,28.055,28.092,28.047,28.062,37429020
XAGUSD,20210602,1700,28.072,28.125,28.032,28.119,43193840
XAGUSD,20210602,1800,28.120,28.160,28.100,28.132,26943000
XAGUSD,20210602,1900,28.134,28.175,28.134,28.168,17803500
XAGUSD,20210602,2000,28.173,28.178,28.126,28.126,8010000
XAGUSD,20210602,2200,28.141,28.160,28.132,28.153,5742850
XAGUSD,20210602,2300,28.155,28.182,28.134,28.141,7599700
XAGUSD,20210603,0000,28.143,28.188,28.138,28.175,18955020
XAGUSD,20210603,0100,28.184,28.221,28.099,28.202,83125470
XAGUSD,20210603,0200,28.207,28.224,28.136,28.193,57949700
XAGUSD,20210603,0300,28.195,28.215,28.126,28.149,49543100
XAGUSD,20210603,0400,28.142,28.149,28.096,28.104,12580900
XAGUSD,20210603,0500,28.102,28.125,27.939,27.968,65096350
XAGUSD,20210603,0600,27.966,27.982,27.833,27.900,128925610
XAGUSD,20210603,0700,27.901,27.914,27.745,27.810,79303350
XAGUSD,20210603,0800,27.809,27.865,27.754,27.829,67117430
XAGUSD,20210603,0900,27.835,27.845,27.798,27.822,41310920
XAGUSD,20210603,1000,27.822,27.903,27.727,27.757,91716750
XAGUSD,20210603,1100,27.764,27.826,27.705,27.734,89756340
XAGUSD,20210603,1200,27.730,27.772,27.520,27.545,237757820
XAGUSD,20210603,1300,27.542,27.550,27.094,27.143,333534710
XAGUSD,20210603,1400,27.135,27.268,27.021,27.268,210823150
XAGUSD,20210603,1500,27.266,27.341,27.228,27.279,84656020
XAGUSD,20210603,1600,27.275,27.361,27.267,27.358,43269820
XAGUSD,20210603,1700,27.358,27.439,27.320,27.416,47134000
XAGUSD,20210603,1800,27.407,27.457,27.391,27.444,36860000
XAGUSD,20210603,1900,27.443,27.476,27.426,27.441,22955600
XAGUSD,20210603,2000,27.439,27.442,27.391,27.391,11661070
XAGUSD,20210603,2200,27.420,27.464,27.420,27.458,8864100
XAGUSD,20210603,2300,27.456,27.458,27.412,27.427,12427920
XAGUSD,20210604,0000,27.426,27.439,27.366,27.392,55209720
XAGUSD,20210604,0100,27.393,27.459,27.216,27.249,140407010
XAGUSD,20210604,0200,27.249,27.374,27.233,27.352,67863000
XAGUSD,20210604,0300,27.352,27.400,27.323,27.361,46553670
XAGUSD,20210604,0400,27.360,27.389,27.331,27.345,30032860
XAGUSD,20210604,0500,27.343,27.421,27.264,27.285,60331940
XAGUSD,20210604,0600,27.283,27.407,27.275,27.371,125125290
XAGUSD,20210604,0700,27.369,27.419,27.343,27.354,66581720
XAGUSD,20210604,0800,27.360,27.400,27.327,27.382,42005100
XAGUSD,20210604,0900,27.381,27.421,27.330,27.383,38355600
XAGUSD,20210604,1000,27.382,27.398,27.339,27.346,38611100
XAGUSD,20210604,1100,27.340,27.400,27.239,27.330,56734500
XAGUSD,20210604,1200,27.333,27.687,27.250,27.671,200839490
XAGUSD,20210604,1300,27.666,27.803,27.666,27.795,278205620
XAGUSD,20210604,1400,27.795,27.841,27.707,27.744,145903780
XAGUSD,20210604,1500,27.748,27.833,27.737,27.821,62298670
XAGUSD,20210604,1600,27.823,27.832,27.713,27.741,39167810
XAGUSD,20210604,1700,27.745,27.779,27.720,27.749,36270530
XAGUSD,20210604,1800,27.752,27.767,27.730,27.760,18659500
XAGUSD,20210604,1900,27.754,27.781,27.742,27.773,16161000
XAGUSD,20210604,2000,27.776,27.794,27.737,27.737,9101320
XAGUSD,20210606,2200,27.753,27.782,27.729,27.747,13215820
XAGUSD,20210606,2300,27.744,27.759,27.724,27.744,12532300
XAGUSD,20210607,0000,27.739,27.791,27.712,27.734,42566900
XAGUSD,20210607,0100,27.741,27.782,27.618,27.629,153269400
XAGUSD,20210607,0200,27.623,27.645,27.560,27.600,90219270
XAGUSD,20210607,0300,27.596,27.657,27.577,27.627,57910400
XAGUSD,20210607,0400,27.629,27.634,27.578,27.589,18654900
XAGUSD,20210607,0500,27.588,27.614,27.496,27.502,89865220
XAGUSD,20210607,0600,27.513,27.547,27.487,27.528,80335370
XAGUSD,20210607,0700,27.527,27.597,27.466,27.591,71272900
XAGUSD,20210607,0800,27.592,27.606,27.520,27.575,62448950
XAGUSD,20210607,0900,27.573,27.582,27.508,27.547,54815820
XAGUSD,20210607,1000,27.550,27.628,27.535,27.564,37073360
XAGUSD,20210607,1100,27.559,27.657,27.552,27.633,70207000
XAGUSD,20210607,1200,27.634,27.638,27.550,27.575,88932790
XAGUSD,20210607,1300,27.572,27.852,27.523,27.749,189334570
XAGUSD,20210607,1400,27.751,27.870,27.710,27.825,138626800
XAGUSD,20210607,1500,27.825,27.911,27.815,27.902,79822370
XAGUSD,20210607,1600,27.902,27.921,27.871,27.891,41777270
XAGUSD,20210607,1700,27.900,27.913,27.851,27.900,38904500
XAGUSD,20210607,1800,27.901,27.943,27.901,27.912,21198500
XAGUSD,20210607,1900,27.910,27.932,27.864,27.898,20995900
XAGUSD,20210607,2000,27.901,27.911,27.851,27.851,11684050
XAGUSD,20210607,2200,27.865,27.882,27.859,27.866,6032510
XAGUSD,20210607,2300,27.866,27.899,27.866,27.884,8654700
XAGUSD,20210608,0000,27.881,27.913,27.872,27.913,23566500
XAGUSD,20210608,0100,27.915,27.967,27.811,27.820,100230600
XAGUSD,20210608,0200,27.820,27.851,27.774,27.791,48981600
XAGUSD,20210608,0300,27.786,27.817,27.779,27.782,34663600
XAGUSD,20210608,0400,27.790,27.803,27.767,27.795,13866700
XAGUSD,20210608,0500,27.798,27.844,27.735,27.742,58221800
XAGUSD,20210608,0600,27.741,27.793,27.691,27.706,102570710
XAGUSD,20210608,0700,27.707,27.749,27.678,27.701,70186260
XAGUSD,20210608,0800,27.696,27.709,27.613,27.685,65796020
XAGUSD,20210608,0900,27.687,27.701,27.648,27.670,39232920
XAGUSD,20210608,1000,27.672,27.723,27.625,27.703,90737490
XAGUSD,20210608,1100,27.701,27.808,27.675,27.798,94338390
XAGUSD,20210608,1200,27.795,27.862,27.522,27.655,172239190
XAGUSD,20210608,1300,27.656,27.790,27.488,27.587,217425110
XAGUSD,20210608,1400,27.590,27.810,27.559,27.740,163938870
XAGUSD,20210608,1500,27.738,27.751,27.568,27.610,60868520
XAGUSD,20210608,1600,27.605,27.666,27.604,27.623,36743410
XAGUSD,20210608,1700,27.620,27.659,27.570,27.595,33259590
XAGUSD,20210608,1800,27.597,27.669,27.579,27.659,22820800
XAGUSD,20210608,1900,27.653,27.672,27.608,27.611,20183300
XAGUSD,20210608,2000,27.608,27.630,27.591,27.591,5071890
XAGUSD,20210608,2200,27.593,27.618,27.569,27.616,6821900
XAGUSD,20210608,2300,27.617,27.663,27.611,27.613,10759500
XAGUSD,20210609,0000,27.613,27.671,27.601,27.666,23354200
XAGUSD,20210609,0100,27.666,27.694,27.597,27.619,76433400
XAGUSD,20210609,0200,27.621,27.678,27.554,27.677,66147100
XAGUSD,20210609,0300,27.676,27.733,27.657,27.674,40859300
XAGUSD,20210609,0400,27.673,27.675,27.631,27.641,15606200
XAGUSD,20210609,0500,27.641,27.672,27.563,27.604,52201040
XAGUSD,20210609,0600,27.604,27.621,27.505,27.563,151256940
XAGUSD,20210609,0700,27.560,27.593,27.520,27.579,69733620
XAGUSD,20210609,0800,27.583,27.633,27.524,27.572,80650190
XAGUSD,20210609,0900,27.575,27.599,27.517,27.579,58219570
XAGUSD,20210609,1000,27.577,27.619,27.549,27.596,45833990
XAGUSD,20210609,1100,27.597,27.675,27.525,27.649,69040970
XAGUSD,20210609,1200,27.656,27.776,27.614,27.760,82207980
XAGUSD,20210609,1300,27.767,27.992,27.760,27.903,190809000
XAGUSD,20210609,1400,27.900,27.933,27.713,27.823,119929000
XAGUSD,20210609,1500,27.824,27.914,27.808,27.852,55925170
XAGUSD,20210609,1600,27.852,27.867,27.812,27.853,34734900
XAGUSD,20210609,1700,27.852,27.895,27.840,27.858,43405600
XAGUSD,20210609,1800,27.858,27.878,27.828,27.832,18234800
XAGUSD,20210609,1900,27.834,27.838,27.780,27.791,16715860
XAGUSD,20210609,2000,27.793,27.798,27.747,27.747,6232900
XAGUSD,20210609,2200,27.756,27.792,27.741,27.791,5235250
XAGUSD,20210609,2300,27.787,27.810,27.776,27.804,6592000
XAGUSD,20210610,0000,27.803,27.819,27.722,27.744,28943700
XAGUSD,20210610,0100,27.742,27.764,27.654,27.689,126085680
XAGUSD,20210610,0200,27.688,27.708,27.636,27.687,47534740
XAGUSD,20210610,0300,27.692,27.715,27.663,27.708,27671500
XAGUSD,20210610,0400,27.706,27.714,27.672,27.692,25483100
XAGUSD,20210610,0500,27.684,27.739,27.615,27.649,51561120
XAGUSD,20210610,0600,27.643,27.735,27.620,27.660,102186300
XAGUSD,20210610,0700,27.662,27.683,27.569,27.584,116397720
XAGUSD,20210610,0800,27.591,27.686,27.575,27.682,69359900
XAGUSD,20210610,0900,27.683,27.714,27.656,27.688,48402600
XAGUSD,20210610,1000,27.689,27.695,27.639,27.677,44723000
XAGUSD,20210610,1100,27.678,27.687,27.591,27.602,70128900
XAGUSD,20210610,1200,27.594,27.909,27.447,27.868,294631850
XAGUSD,20210610,1300,27.873,27.946,27.653,27.804,242627860
XAGUSD,20210610,1400,27.803,27.917,27.789,27.852,153359980
XAGUSD,20210610,1500,27.847,27.961,27.825,27.917,148007090
XAGUSD,20210610,1600,27.916,27.932,27.839,27.913,57190540
XAGUSD,20210610,1700,27.903,27.929,27.863,27.925,38939000
XAGUSD,20210610,1800,27.924,27.972,27.897,27.933,24897000
XAGUSD,20210610,1900,27.932,28.023,27.925,28.004,35338470
XAGUSD,20210610,2000,28.004,28.012,27.962,27.971,15415800
XAGUSD,20210610,2200,27.963,28.004,27.960,27.967,12571410
XAGUSD,20210610,2300,27.967,27.979,27.936,27.953,12489200
XAGUSD,20210611,0000,27.959,28.006,27.945,27.965,26431700
XAGUSD,20210611,0100,27.967,28.049,27.936,28.033,91811010
XAGUSD,20210611,0200,28.027,28.044,27.981,28.037,80173000
XAGUSD,20210611,0300,28.035,28.116,28.030,28.060,52272830
XAGUSD,20210611,0400,28.060,28.081,28.041,28.066,15903610
XAGUSD,20210611,0500,28.065,28.128,28.036,28.107,45676100
XAGUSD,20210611,0600,28.107,28.230,28.030,28.194,102890370
XAGUSD,20210611,0700,28.185,28.276,28.178,28.180,95111400
XAGUSD,20210611,0800,28.157,28.171,28.091,28.133,100769800
XAGUSD,20210611,0900,28.132,28.197,28.065,28.129,98316480
XAGUSD,20210611,1000,28.129,28.230,28.105,28.106,57398500
XAGUSD,20210611,1100,28.110,28.137,27.996,28.044,94412920
XAGUSD,20210611,1200,28.046,28.219,28.002,28.142,144920950
XAGUSD,20210611,1300,28.140,28.252,28.011,28.050,173348930
XAGUSD,20210611,1400,28.048,28.177,28.033,28.176,118808010
XAGUSD,20210611,1500,28.172,28.208,27.961,28.020,92124130
XAGUSD,20210611,1600,28.020,28.052,27.882,28.043,46359180
XAGUSD,20210611,1700,28.043,28.047,27.939,27.954,32793030
XAGUSD,20210611,1800,27.952,27.970,27.910,27.945,26308400
XAGUSD,20210611,1900,27.945,27.948,27.880,27.898,17874020
XAGUSD,20210611,2000,27.902,27.914,27.876,27.896,7015340
XAGUSD,20210613,2200,27.903,27.976,27.863,27.910,19000190
XAGUSD,20210613,2300,27.910,27.910,27.806,27.820,19269730
XAGUSD,20210614,0000,27.819,27.831,27.779,27.790,40176410
XAGUSD,20210614,0100,27.791,27.810,27.744,27.782,60403610
XAGUSD,20210614,0200,27.784,27.809,27.717,27.806,27965700
XAGUSD,20210614,0300,27.805,27.842,27.775,27.810,28723300
XAGUSD,20210614,0400,27.806,27.878,27.754,27.875,35660600
XAGUSD,20210614,0500,27.873,27.908,27.844,27.874,39630700
XAGUSD,20210614,0600,27.874,27.928,27.756,27.789,72711060
XAGUSD,20210614,0700,27.792,27.833,27.700,27.730,74748800
XAGUSD,20210614,0800,27.728,27.743,27.671,27.725,67763220
XAGUSD,20210614,0900,27.728,27.801,27.704,27.746,44723000
XAGUSD,20210614,1000,27.745,27.751,27.666,27.712,51869500
XAGUSD,20210614,1100,27.712,27.776,27.615,27.652,67723500
XAGUSD,20210614,1200,27.647,27.655,27.458,27.522,144877080
XAGUSD,20210614,1300,27.522,27.979,27.462,27.907,312707030
XAGUSD,20210614,1400,27.906,28.011,27.852,27.933,238637390
XAGUSD,20210614,1500,27.934,27.960,27.895,27.931,74427100
XAGUSD,20210614,1600,27.934,27.953,27.893,27.900,57907960
XAGUSD,20210614,1700,27.898,27.908,27.847,27.860,59093800
XAGUSD,20210614,1800,27.850,27.878,27.810,27.847,40278400
XAGUSD,20210614,1900,27.848,27.882,27.839,27.855,15008620
XAGUSD,20210614,2000,27.856,27.860,27.829,27.829,4501600
XAGUSD,20210614,2200,27.824,27.881,27.824,27.875,6783450
XAGUSD,20210614,2300,27.870,27.880,27.822,27.858,13546700
XAGUSD,20210615,0000,27.856,27.875,27.829,27.854,25915200
XAGUSD,20210615,0100,27.851,27.880,27.581,27.623,156208770
XAGUSD,20210615,0200,27.623,27.655,27.598,27.607,64886400
XAGUSD,20210615,0300,27.610,27.660,27.583,27.658,33998360
XAGUSD,20210615,0400,27.655,27.705,27.652,27.673,27120100
XAGUSD,20210615,0500,27.674,27.721,27.636,27.693,46602800
XAGUSD,20210615,0600,27.691,27.765,27.668,27.687,86411860
XAGUSD,20210615,0700,27.691,27.736,27.680,27.694,49809870
XAGUSD,20210615,0800,27.692,27.700,27.590,27.644,76548420
XAGUSD,20210615,0900,27.643,27.684,27.594,27.649,64810270
XAGUSD,20210615,1000,27.650,27.683,27.604,27.653,59537600
XAGUSD,20210615,1100,27.653,27.671,27.593,27.618,61311920
XAGUSD,20210615,1200,27.617,27.735,27.550,27.597,117365440
XAGUSD,20210615,1300,27.597,27.723,27.597,27.646,138201950
XAGUSD,20210615,1400,27.643,27.651,27.485,27.601,150226520
XAGUSD,20210615,1500,27.600,27.624,27.417,27.423,75616960
XAGUSD,20210615,1600,27.423,27.516,27.382,27.509,66068120
XAGUSD,20210615,1700,27.509,27.623,27.508,27.608,59934370
XAGUSD,20210615,1800,27.607,27.664,27.595,27.652,62337170
XAGUSD,20210615,1900,27.652,27.671,27.619,27.649,45064600
XAGUSD,20210615,2000,27.649,27.656,27.622,27.628,14953550
XAGUSD,20210615,2200,27.635,27.679,27.628,27.672,11314550
XAGUSD,20210615,2300,27.673,27.688,27.647,27.674,9284500
XAGUSD,20210616,0000,27.676,27.695,27.642,27.677,29540100
XAGUSD,20210616,0100,27.677,27.688,27.573,27.581,80162400
XAGUSD,20210616,0200,27.574,27.702,27.571,27.695,48924300
XAGUSD,20210616,0300,27.698,27.753,27.667,27.695,60142900
XAGUSD,20210616,0400,27.697,27.763,27.668,27.738,31681000
XAGUSD,20210616,0500,27.731,27.753,27.682,27.739,58873400
XAGUSD,20210616,0600,27.740,27.772,27.688,27.744,89511600
XAGUSD,20210616,0700,27.743,27.779,27.704,27.769,93522200
XAGUSD,20210616,0800,27.770,27.787,27.727,27.743,46432600
XAGUSD,20210616,0900,27.751,27.782,27.713,27.780,48784200
XAGUSD,20210616,1000,27.780,27.787,27.706,27.713,57348300
XAGUSD,20210616,1100,27.712,27.736,27.686,27.715,55307000
XAGUSD,20210616,1200,27.716,27.803,27.695,27.783,103923610
XAGUSD,20210616,1300,27.776,27.826,27.709,27.759,108827840
XAGUSD,20210616,1400,27.762,27.822,27.693,27.744,97596600
XAGUSD,20210616,1500,27.744,27.775,27.714,27.761,49266430
XAGUSD,20210616,1600,27.766,27.797,27.596,27.673,58823470
XAGUSD,20210616,1700,27.672,27.734,27.609,27.718,47413200
XAGUSD,20210616,1800,27.707,27.707,27.253,27.378,268991280
XAGUSD,20210616,1900,27.378,27.505,27.219,27.229,104685200
XAGUSD,20210616,2000,27.226,27.332,26.562,26.950,55092400
XAGUSD,20210616,2200,26.915,27.241,26.910,27.215,47044430
XAGUSD,20210616,2300,27.211,27.220,27.133,27.153,29104100
XAGUSD,20210617,0000,27.152,27.208,27.070,27.195,69876200
XAGUSD,20210617,0100,27.196,27.196,27.020,27.078,158632750
XAGUSD,20210617,0200,27.078,27.147,27.061,27.128,83974700
XAGUSD,20210617,0300,27.124,27.133,27.052,27.085,80805700
XAGUSD,20210617,0400,27.084,27.112,27.067,27.104,30093300
XAGUSD,20210617,0500,27.110,27.122,26.999,27.005,52305000
XAGUSD,20210617,0600,27.004,27.015,26.888,26.994,145015300
XAGUSD,20210617,0700,26.994,26.999,26.765,26.872,161812700
XAGUSD,20210617,0800,26.871,26.923,26.710,26.744,122431600
XAGUSD,20210617,0900,26.744,26.821,26.717,26.789,74208290
XAGUSD,20210617,1000,26.793,26.793,26.536,26.588,117518630
XAGUSD,20210617,1100,26.588,26.670,26.214,26.393,135861340
XAGUSD,20210617,1200,26.392,26.449,26.196,26.289,174757170
XAGUSD,20210617,1300,26.286,26.374,26.103,26.132,212955600
XAGUSD,20210617,1400,26.123,26.183,25.961,26.053,195371420
XAGUSD,20210617,1500,26.054,26.088,25.854,25.958,163204100
XAGUSD,20210617,1600,25.955,25.969,25.761,25.814,142560750
XAGUSD,20210617,1700,25.815,25.899,25.764,25.876,98939120
XAGUSD,20210617,1800,25.871,26.023,25.871,25.971,72723300
XAGUSD,20210617,1900,25.974,26.027,25.915,25.930,40103370
XAGUSD,20210617,2000,25.927,25.969,25.802,25.880,21766740
XAGUSD,20210617,2200,25.857,25.978,25.857,25.958,17203850
XAGUSD,20210617,2300,25.957,26.012,25.939,26.009,18217200
XAGUSD,20210618,0000,26.006,26.177,25.987,26.147,52580580
XAGUSD,20210618,0100,26.143,26.189,26.061,26.138,134235490
XAGUSD,20210618,0200,26.133,26.225,26.107,26.221,55781200
XAGUSD,20210618,0300,26.215,26.234,26.175,26.215,37380100
XAGUSD,20210618,0400,26.216,26.239,26.163,26.178,22886500
XAGUSD,20210618,0500,26.184,26.197,26.071,26.133,53698300
XAGUSD,20210618,0600,26.130,26.209,26.082,26.146,130123700
XAGUSD,20210618,0700,26.146,26.382,26.146,26.345,177695100
XAGUSD,20210618,0800,26.343,26.427,26.331,26.393,129170310
XAGUSD,20210618,0900,26.388,26.486,26.363,26.421,149304100
XAGUSD,20210618,1000,26.421,26.436,26.356,26.374,71382740
XAGUSD,20210618,1100,26.374,26.416,26.349,26.399,96466290
XAGUSD,20210618,1200,26.404,26.406,25.947,26.012,211851860
XAGUSD,20210618,1300,26.006,26.099,25.893,25.979,240389730
XAGUSD,20210618,1400,25.975,26.112,25.840,26.029,236260620
XAGUSD,20210618,1500,26.036,26.095,25.966,26.002,163316340
XAGUSD,20210618,1600,26.003,26.017,25.882,25.892,82734470
XAGUSD,20210618,1700,25.891,25.972,25.864,25.901,75845800
XAGUSD,20210618,1800,25.894,25.949,25.832,25.865,64509840
XAGUSD,20210618,1900,25.870,25.915,25.742,25.748,45228740
XAGUSD,20210618,2000,25.748,25.856,25.729,25.729,22925600
XAGUSD,20210620,2200,25.781,25.920,25.773,25.898,20485570
XAGUSD,20210620,2300,25.901,25.931,25.856,25.886,23053400
XAGUSD,20210621,0000,25.885,25.969,25.875,25.969,54105800
XAGUSD,20210621,0100,25.967,26.007,25.867,25.906,102668600
XAGUSD,20210621,0200,25.908,25.957,25.896,25.942,59307300
XAGUSD,20210621,0300,25.944,25.967,25.812,25.846,91379720
XAGUSD,20210621,0400,25.847,25.877,25.818,25.858,33577000
XAGUSD,20210621,0500,25.853,25.855,25.538,25.663,77434970
XAGUSD,20210621,0600,25.664,26.051,25.640,25.958,157005600
XAGUSD,20210621,0700,25.964,25.999,25.854,25.994,164899520
XAGUSD,20210621,0800,25.998,26.073,25.967,26.022,137605720
XAGUSD,20210621,0900,26.029,26.063,25.982,25.999,106506110
XAGUSD,20210621,1000,26.002,26.026,25.958,25.966,60884450
XAGUSD,20210621,1100,25.965,26.037,25.943,26.019,85192200
XAGUSD,20210621,1200,26.018,26.027,25.798,25.899,169684970
XAGUSD,20210621,1300,25.903,26.005,25.831,25.862,201017100
XAGUSD,20210621,1400,25.864,26.014,25.821,25.971,172746140
XAGUSD,20210621,1500,25.974,26.023,25.937,25.965,81711970
XAGUSD,20210621,1600,25.967,26.007,25.933,25.955,58454370
XAGUSD,20210621,1700,25.955,25.997,25.930,25.964,49042220
XAGUSD,20210621,1800,25.969,25.985,25.920,25.976,24403000
XAGUSD,20210621,1900,25.977,26.012,25.925,25.948,29816820
XAGUSD,20210621,2000,25.948,25.963,25.925,25.925,7997350
XAGUSD,20210621,2200,25.919,26.000,25.919,25.967,16347300
XAGUSD,20210621,2300,25.970,25.975,25.926,25.932,22962900
XAGUSD,20210622,0000,25.929,25.938,25.859,25.910,34046800
XAGUSD,20210622,0100,25.906,25.928,25.839,25.899,69239540
XAGUSD,20210622,0200,25.903,25.932,25.867,25.911,48858530
XAGUSD,20210622,0300,25.912,25.991,25.899,25.987,38567500
XAGUSD,20210622,0400,25.986,26.003,25.959,25.962,14657900
XAGUSD,20210622,0500,25.959,25.967,25.753,25.812,68509100
XAGUSD,20210622,0600,25.813,25.948,25.794,25.906,86394090
XAGUSD,20210622,0700,25.905,25.908,25.780,25.828,154169300
XAGUSD,20210622,0800,25.825,25.872,25.786,25.871,97624000
XAGUSD,20210622,0900,25.868,25.921,25.831,25.891,79432700
XAGUSD,20210622,1000,25.886,25.992,25.875,25.958,61786600
XAGUSD,20210622,1100,25.957,26.032,25.880,25.892,133055600
XAGUSD,20210622,1200,25.888,25.958,25.717,25.717,144919650
XAGUSD,20210622,1300,25.713,25.908,25.675,25.798,157353970
XAGUSD,20210622,1400,25.800,25.854,25.762,25.807,121358360
XAGUSD,20210622,1500,25.805,25.850,25.711,25.738,73150380
XAGUSD,20210622,1600,25.737,25.798,25.730,25.779,31889330
XAGUSD,20210622,1700,25.780,25.834,25.775,25.810,30689490
XAGUSD,20210622,1800,25.805,25.865,25.767,25.820,27696210
XAGUSD,20210622,1900,25.822,25.848,25.719,25.730,33169070
XAGUSD,20210622,2000,25.724,25.769,25.707,25.742,7882410
XAGUSD,20210622,2200,25.742,25.794,25.742,25.767,10866060
XAGUSD,20210622,2300,25.766,25.805,25.758,25.764,14931700
XAGUSD,20210623,0000,25.763,25.797,25.740,25.786,25070000
XAGUSD,20210623,0100,25.786,25.840,25.761,25.791,50313000
XAGUSD,20210623,0200,25.793,25.990,25.783,25.982,50711000
XAGUSD,20210623,0300,25.984,25.998,25.950,25.963,103421500
XAGUSD,20210623,0400,25.963,25.985,25.937,25.953,39957600
XAGUSD,20210623,0500,25.952,25.982,25.819,25.907,77282640
XAGUSD,20210623,0600,25.906,25.931,25.847,25.915,60425380
XAGUSD,20210623,0700,25.915,25.956,25.837,25.927,66278600
XAGUSD,20210623,0800,25.925,26.022,25.914,25.939,65843560
XAGUSD,20210623,0900,25.944,26.025,25.921,25.939,55622230
XAGUSD,20210623,1000,25.938,25.974,25.890,25.942,51656290
XAGUSD,20210623,1100,25.942,25.956,25.875,25.913,65475800
XAGUSD,20210623,1200,25.915,26.003,25.842,25.890,93487290
XAGUSD,20210623,1300,25.891,26.208,25.881,26.164,196857430
XAGUSD,20210623,1400,26.165,26.285,26.136,26.161,174775930
XAGUSD,20210623,1500,26.152,26.180,26.065,26.141,90662370
XAGUSD,20210623,1600,26.142,26.154,25.995,26.042,73512060
XAGUSD,20210623,1700,26.042,26.052,25.976,26.005,43818520
XAGUSD,20210623,1800,26.004,26.007,25.857,25.907,35416240
XAGUSD,20210623,1900,25.902,25.919,25.767,25.815,30999080
XAGUSD,20210623,2000,25.808,25.882,25.805,25.863,13793200
XAGUSD,20210623,2200,25.810,25.899,25.810,25.876,11605500
XAGUSD,20210623,2300,25.876,25.876,25.810,25.854,16888400
XAGUSD,20210624,0000,25.849,25.945,25.835,25.916,22718040
XAGUSD,20210624,0100,25.916,25.954,25.823,25.898,59268600
XAGUSD,20210624,0200,25.899,25.921,25.858,25.874,35952600
XAGUSD,20210624,0300,25.876,25.903,25.824,25.878,23248000
XAGUSD,20210624,0400,25.876,25.885,25.823,25.860,13599300
XAGUSD,20210624,0500,25.863,25.908,25.801,25.888,37140700
XAGUSD,20210624,0600,25.884,25.930,25.845,25.891,61528100
XAGUSD,20210624,0700,25.892,25.944,25.856,25.926,60847800
XAGUSD,20210624,0800,25.927,26.022,25.909,25.960,59413100
XAGUSD,20210624,0900,25.960,26.008,25.951,25.977,51240000
XAGUSD,20210624,1000,25.976,26.031,25.970,25.983,74605700
XAGUSD,20210624,1100,25.980,26.083,25.972,26.055,72970500
XAGUSD,20210624,1200,26.054,26.096,25.989,26.035,98133700
XAGUSD,20210624,1300,26.037,26.162,26.019,26.072,183846420
XAGUSD,20210624,1400,26.073,26.138,25.926,26.007,95598410
XAGUSD,20210624,1500,26.007,26.072,26.000,26.020,61256900
XAGUSD,20210624,1600,26.019,26.048,25.974,26.000,47513880
XAGUSD,20210624,1700,25.998,26.025,25.909,25.945,38824930
XAGUSD,20210624,1800,25.943,25.996,25.943,25.969,26026340
XAGUSD,20210624,1900,25.971,25.972,25.856,25.921,21167800
XAGUSD,20210624,2000,25.919,25.950,25.900,25.909,15096650
XAGUSD,20210624,2200,25.912,25.979,25.912,25.933,9939550
XAGUSD,20210624,2300,25.933,25.939,25.905,25.923,13413100
XAGUSD,20210625,0000,25.922,25.955,25.900,25.913,30814400
XAGUSD,20210625,0100,25.916,26.072,25.913,26.062,58555600
XAGUSD,20210625,0200,26.059,26.097,26.025,26.048,77426500
XAGUSD,20210625,0300,26.047,26.081,26.033,26.054,65210300
XAGUSD,20210625,0400,26.053,26.065,25.978,25.996,38054210
XAGUSD,20210625,0500,25.996,26.166,25.976,26.161,40637400
XAGUSD,20210625,0600,26.166,26.201,26.087,26.147,78471200
XAGUSD,20210625,0700,26.145,26.193,26.113,26.189,73757500
XAGUSD,20210625,0800,26.184,26.214,26.156,26.193,64502500
XAGUSD,20210625,0900,26.200,26.224,26.156,26.164,87232600
XAGUSD,20210625,1000,26.163,26.195,26.143,26.169,46184300
XAGUSD,20210625,1100,26.170,26.215,26.120,26.172,62841500
XAGUSD,20210625,1200,26.166,26.283,26.133,26.210,117925370
XAGUSD,20210625,1300,26.213,26.288,26.108,26.191,152403590
XAGUSD,20210625,1400,26.191,26.202,26.051,26.092,124304670
XAGUSD,20210625,1500,26.092,26.107,26.011,26.036,74284650
XAGUSD,20210625,1600,26.037,26.040,25.961,25.995,47473340
XAGUSD,20210625,1700,25.995,26.028,25.978,25.995,28456000
XAGUSD,20210625,1800,25.996,26.032,25.979,26.030,19793940
XAGUSD,20210625,1900,26.031,26.064,26.020,26.056,17479240
XAGUSD,20210625,2000,26.056,26.109,26.027,26.073,5564670
XAGUSD,20210627,2200,26.077,26.132,26.077,26.127,8605950
XAGUSD,20210627,2300,26.122,26.135,26.106,26.113,10815700
XAGUSD,20210628,0000,26.112,26.114,26.045,26.049,20875800
XAGUSD,20210628,0100,26.045,26.089,25.778,25.868,107159640
XAGUSD,20210628,0200,25.867,26.148,25.835,26.093,85322730
XAGUSD,20210628,0300,26.098,26.120,26.061,26.085,57506200
XAGUSD,20210628,0400,26.082,26.135,26.082,26.100,18558700
XAGUSD,20210628,0500,26.097,26.215,26.091,26.180,58090900
XAGUSD,20210628,0600,26.178,26.185,26.085,26.118,88731000
XAGUSD,20210628,0700,26.121,26.186,26.091,26.159,78395300
XAGUSD,20210628,0800,26.153,26.157,25.970,26.097,79213970
XAGUSD,20210628,0900,26.102,26.105,26.016,26.051,60679570
XAGUSD,20210628,1000,26.052,26.097,26.010,26.071,46986200
XAGUSD,20210628,1100,26.071,26.083,25.939,25.986,73875470
XAGUSD,20210628,1200,25.983,26.159,25.966,26.121,100269440
XAGUSD,20210628,1300,26.121,26.203,26.046,26.112,161041110
XAGUSD,20210628,1400,26.112,26.197,26.060,26.081,129741750
XAGUSD,20210628,1500,26.079,26.126,26.046,26.118,71536200
XAGUSD,20210628,1600,26.113,26.149,26.106,26.132,34838570
XAGUSD,20210628,1700,26.130,26.139,26.067,26.126,35169620
XAGUSD,20210628,1800,26.127,26.144,26.094,26.105,17009300
XAGUSD,20210628,1900,26.104,26.114,26.083,26.104,14263100
XAGUSD,20210628,2000,26.103,26.105,26.070,26.070,6693800
XAGUSD,20210628,2200,26.068,26.094,26.049,26.074,3830800
XAGUSD,20210628,2300,26.076,26.099,26.060,26.095,5649900
XAGUSD,20210629,0000,26.093,26.099,26.032,26.039,15087900
XAGUSD,20210629,0100,26.036,26.074,25.984,26.016,48713800
XAGUSD,20210629,0200,26.014,26.024,25.974,25.994,37011500
XAGUSD,20210629,0300,25.992,26.009,25.943,25.987,33650100
XAGUSD,20210629,0400,25.986,25.998,25.958,25.977,12354200
XAGUSD,20210629,0500,25.976,26.107,25.974,26.082,55370200
XAGUSD,20210629,0600,26.074,26.082,26.006,26.042,74759600
XAGUSD,20210629,0700,26.040,26.067,25.975,26.001,78268300
XAGUSD,20210629,0800,26.004,26.012,25.885,25.923,77776780
XAGUSD,20210629,0900,25.921,26.000,25.912,25.995,50178640
XAGUSD,20210629,1000,25.993,26.014,25.903,25.934,27860700
XAGUSD,20210629,1100,25.932,26.027,25.784,25.902,110722400
XAGUSD,20210629,1200,25.903,26.048,25.606,25.688,152976100
XAGUSD,20210629,1300,25.690,25.818,25.509,25.718,175341110
XAGUSD,20210629,1400,25.715,25.729,25.605,25.675,100220360
XAGUSD,20210629,1500,25.681,25.804,25.671,25.777,62708700
XAGUSD,20210629,1600,25.777,25.841,25.764,25.812,48301600
XAGUSD,20210629,1700,25.814,25.819,25.752,25.763,28486100
XAGUSD,20210629,1800,25.764,25.831,25.745,25.792,26404600
XAGUSD,20210629,1900,25.793,25.798,25.729,25.768,20768300
XAGUSD,20210629,2000,25.763,25.779,25.733,25.733,7525550
XAGUSD,20210629,2200,25.739,25.793,25.739,25.779,9913700
XAGUSD,20210629,2300,25.778,25.798,25.762,25.790,7249500
XAGUSD,20210630,0000,25.790,25.832,25.780,25.819,12532500
XAGUSD,20210630,0100,25.819,25.878,25.747,25.848,65448200
XAGUSD,20210630,0200,25.845,25.881,25.815,25.828,75966400
XAGUSD,20210630,0300,25.827,25.827,25.786,25.814,31972600
XAGUSD,20210630,0400,25.814,25.854,25.774,25.787,17046000
XAGUSD,20210630,0500,25.788,25.843,25.747,25.749,34287700
XAGUSD,20210630,0600,25.749,25.846,25.723,25.819,66822600
XAGUSD,20210630,0700,25.819,25.835,25.773,25.775,100453000
XAGUSD,20210630,0800,25.775,25.787,25.690,25.744,43371540
XAGUSD,20210630,0900,25.743,25.810,25.725,25.784,33532600
XAGUSD,20210630,1000,25.785,25.863,25.773,25.782,56547300
XAGUSD,20210630,1100,25.782,25.903,25.750,25.886,61087490
XAGUSD,20210630,1200,25.886,25.934,25.778,25.829,147424230
XAGUSD,20210630,1300,25.827,26.005,25.799,25.939,196960600
XAGUSD,20210630,1400,25.940,26.033,25.913,25.995,150431390
XAGUSD,20210630,1500,25.995,26.020,25.929,25.963,104742860
XAGUSD,20210630,1600,25.968,26.078,25.963,26.034,72653410
XAGUSD,20210630,1700,26.036,26.090,26.015,26.044,45647910
XAGUSD,20210630,1800,26.047,26.104,26.033,26.068,29666390
XAGUSD,20210630,1900,26.080,26.143,26.054,26.109,34356920
XAGUSD,20210630,2000,26.111,26.129,26.098,26.109,9429750
XAGUSD,20210630,2200,26.104,26.123,26.061,26.076,7031880
XAGUSD,20210630,2300,26.078,26.090,26.068,26.080,5329200
XAGUSD,20210701,0000,26.084,26.098,26.061,26.070,17189500
XAGUSD,20210701,0100,26.067,26.200,26.032,26.179,93106860
XAGUSD,20210701,0200,26.184,26.232,26.141,26.198,53378000
XAGUSD,20210701,0300,26.189,26.217,26.159,26.193,49255900
XAGUSD,20210701,0400,26.187,26.208,26.144,26.164,17980320
XAGUSD,20210701,0500,26.160,26.241,26.132,26.221,36478300
XAGUSD,20210701,0600,26.220,26.288,26.194,26.243,72455600
XAGUSD,20210701,0700,26.242,26.302,26.192,26.292,93101900
XAGUSD,20210701,0800,26.292,26.304,26.180,26.200,85091200
XAGUSD,20210701,0900,26.203,26.238,26.156,26.232,63608140
XAGUSD,20210701,1000,26.231,26.258,26.184,26.258,57088300
XAGUSD,20210701,1100,26.256,26.303,26.205,26.234,85816100
XAGUSD,20210701,1200,26.236,26.354,26.151,26.308,91955660
XAGUSD,20210701,1300,26.305,26.393,26.138,26.174,116400550
XAGUSD,20210701,1400,26.172,26.236,25.993,26.063,111854810
XAGUSD,20210701,1500,26.065,26.074,25.941,26.008,82985290
XAGUSD,20210701,1600,26.009,26.009,25.935,25.997,46011470
XAGUSD,20210701,1700,25.997,26.033,25.974,25.982,44142220
XAGUSD,20210701,1800,25.985,26.041,25.977,26.037,20530170
XAGUSD,20210701,1900,26.033,26.048,26.001,26.010,19229100
XAGUSD,20210701,2000,26.009,26.029,26.002,26.002,6135850
XAGUSD,20210701,2200,26.008,26.029,25.998,26.004,6381650
XAGUSD,20210701,2300,25.999,26.004,25.973,25.989,6231370
XAGUSD,20210702,0000,25.989,26.034,25.969,25.993,16064800
XAGUSD,20210702,0100,25.997,26.070,25.977,26.043,48842800
XAGUSD,20210702,0200,26.045,26.061,25.996,26.054,26782440
XAGUSD,20210702,0300,26.049,26.066,26.027,26.058,17490500
XAGUSD,20210702,0400,26.059,26.062,26.039,26.044,8838200
XAGUSD,20210702,0500,26.046,26.085,26.031,26.041,30972300
XAGUSD,20210702,0600,26.040,26.045,25.995,25.999,44371980
XAGUSD,20210702,0700,25.995,26.052,25.981,26.030,53882520
XAGUSD,20210702,0800,26.030,26.153,26.020,26.078,72134300
XAGUSD,20210702,0900,26.074,26.140,26.067,26.110,40504600
XAGUSD,20210702,1000,26.105,26.196,26.105,26.167,43508800
XAGUSD,20210702,1100,26.171,26.226,26.126,26.167,143587070
XAGUSD,20210702,1200,26.161,26.378,26.026,26.301,189482560
XAGUSD,20210702,1300,26.298,26.523,26.251,26.368,234618960
XAGUSD,20210702,1400,26.368,26.398,26.200,26.328,145950780
XAGUSD,20210702,1500,26.336,26.412,26.295,26.391,69407870
XAGUSD,20210702,1600,26.389,26.397,26.322,26.324,35931160
XAGUSD,20210702,1700,26.336,26.479,26.322,26.471,37304140
XAGUSD,20210702,1800,26.478,26.559,26.457,26.467,37877520
XAGUSD,20210702,1900,26.470,26.526,26.442,26.472,21678000
XAGUSD,20210702,2000,26.466,26.472,26.382,26.382,5940270
XAGUSD,20210704,2200,26.458,26.475,26.407,26.416,6315250
XAGUSD,20210704,2300,26.421,26.442,26.418,26.428,8874520
XAGUSD,20210705,0000,26.425,26.432,26.365,26.421,25247070
XAGUSD,20210705,0100,26.424,26.571,26.391,26.563,95703200
XAGUSD,20210705,0200,26.566,26.576,26.515,26.546,31926700
XAGUSD,20210705,0300,26.546,26.568,26.504,26.516,25578400
XAGUSD,20210705,0400,26.507,26.554,26.503,26.550,19803400
XAGUSD,20210705,0500,26.543,26.574,26.477,26.495,48003400
XAGUSD,20210705,0600,26.497,26.564,26.463,26.559,60999800
XAGUSD,20210705,0700,26.554,26.600,26.519,26.585,62586560
XAGUSD,20210705,0800,26.580,26.608,26.557,26.580,54491000
XAGUSD,20210705,0900,26.584,26.597,26.524,26.553,46598040
XAGUSD,20210705,1000,26.548,26.579,26.521,26.567,43191900
XAGUSD,20210705,1100,26.568,26.568,26.417,26.444,40625010
XAGUSD,20210705,1200,26.446,26.503,26.437,26.499,38612160
XAGUSD,20210705,1300,26.501,26.516,26.387,26.435,52953110
XAGUSD,20210705,1400,26.437,26.458,26.368,26.439,43948280
XAGUSD,20210705,1500,26.440,26.484,26.429,26.441,36323100
XAGUSD,20210705,1600,26.441,26.468,26.425,26.438,25844700
XAGUSD,20210705,2200,26.408,26.474,26.390,26.456,4514460
XAGUSD,20210705,2300,26.456,26.466,26.412,26.412,5387000
XAGUSD,20210706,0000,26.412,26.466,26.406,26.434,15209000
XAGUSD,20210706,0100,26.437,26.586,26.415,26.548,48157200
XAGUSD,20210706,0200,26.543,26.614,26.528,26.565,46954900
XAGUSD,20210706,0300,26.560,26.610,26.545,26.545,35381320
XAGUSD,20210706,0400,26.545,26.574,26.530,26.569,35276900
XAGUSD,20210706,0500,26.576,26.684,26.560,26.658,49144900
XAGUSD,20210706,0600,26.658,26.690,26.594,26.607,68567200
XAGUSD,20210706,0700,26.609,26.694,26.587,26.641,68956250
XAGUSD,20210706,0800,26.645,26.655,26.526,26.633,53213500
XAGUSD,20210706,0900,26.636,26.669,26.604,26.645,41108540
XAGUSD,20210706,1000,26.646,26.662,26.595,26.604,28828350
XAGUSD,20210706,1100,26.609,26.674,26.561,26.665,45414460
XAGUSD,20210706,1200,26.672,26.765,26.589,26.600,94505890
XAGUSD,20210706,1300,26.597,26.625,26.396,26.531,140935750
XAGUSD,20210706,1400,26.537,26.544,26.261,26.276,161551380
XAGUSD,20210706,1500,26.273,26.313,26.102,26.138,126203420
XAGUSD,20210706,1600,26.133,26.153,25.995,26.120,101966290
XAGUSD,20210706,1700,26.125,26.158,26.055,26.124,36345910
XAGUSD,20210706,1800,26.124,26.183,26.098,26.172,20091720
XAGUSD,20210706,1900,26.167,26.176,26.129,26.132,16580000
XAGUSD,20210706,2000,26.133,26.153,26.124,26.138,8128650
XAGUSD,20210706,2200,26.142,26.147,26.093,26.099,8647350
XAGUSD,20210706,2300,26.099,26.122,26.077,26.092,15244300
XAGUSD,20210707,0000,26.088,26.127,26.076,26.082,32328200
XAGUSD,20210707,0100,26.074,26.176,26.058,26.164,64726400
XAGUSD,20210707,0200,26.164,26.178,26.119,26.134,29259300
XAGUSD,20210707,0300,26.133,26.172,26.110,26.168,22395800
XAGUSD,20210707,0400,26.167,26.187,26.134,26.152,23251590
XAGUSD,20210707,0500,26.151,26.320,26.142,26.306,46684800
XAGUSD,20210707,0600,26.306,26.376,26.279,26.366,64471700
XAGUSD,20210707,0700,26.366,26.373,26.310,26.335,79452300
XAGUSD,20210707,0800,26.335,26.363,26.279,26.299,54968210
XAGUSD,20210707,0900,26.294,26.384,26.278,26.384,39442800
XAGUSD,20210707,1000,26.384,26.427,26.358,26.391,55507100
XAGUSD,20210707,1100,26.382,26.426,26.358,26.383,56086420
XAGUSD,20210707,1200,26.385,26.429,26.252,26.260,93805630
XAGUSD,20210707,1300,26.259,26.360,26.243,26.295,125222310
XAGUSD,20210707,1400,26.295,26.300,25.966,26.128,144174800
XAGUSD,20210707,1500,26.127,26.166,26.043,26.052,84034560
XAGUSD,20210707,1600,26.051,26.087,26.005,26.036,38940880
XAGUSD,20210707,1700,26.033,26.074,26.007,26.035,28403470
XAGUSD,20210707,1800,26.034,26.210,26.029,26.158,86542440
XAGUSD,20210707,1900,26.158,26.164,26.120,26.137,23060490
XAGUSD,20210707,2000,26.130,26.147,26.104,26.110,11989250
XAGUSD,20210707,2200,26.136,26.166,26.135,26.164,5259010
XAGUSD,20210707,2300,26.164,26.174,26.128,26.128,11222980
XAGUSD,20210708,0000,26.126,26.137,26.061,26.090,24197900
XAGUSD,20210708,0100,26.093,26.094,25.924,25.949,74900400
XAGUSD,20210708,0200,25.949,25.974,25.853,25.926,50175760
XAGUSD,20210708,0300,25.925,25.952,25.896,25.907,36196700
XAGUSD,20210708,0400,25.905,25.916,25.869,25.893,18334200
XAGUSD,20210708,0500,25.893,25.965,25.864,25.937,54165020
XAGUSD,20210708,0600,25.935,25.973,25.859,25.889,82742900
XAGUSD,20210708,0700,25.888,26.099,25.855,26.035,119849090
XAGUSD,20210708,0800,26.040,26.180,25.985,26.155,127486570
XAGUSD,20210708,0900,26.155,26.179,26.078,26.118,77123400
XAGUSD,20210708,1000,26.119,26.156,25.976,26.144,56333100
XAGUSD,20210708,1100,26.144,26.205,26.070,26.094,72753680
XAGUSD,20210708,1200,26.092,26.121,26.023,26.029,100933280
XAGUSD,20210708,1300,26.030,26.159,25.974,26.063,185605180
XAGUSD,20210708,1400,26.066,26.082,25.898,25.904,137665570
XAGUSD,20210708,1500,25.905,25.946,25.791,25.894,94807590
XAGUSD,20210708,1600,25.893,25.926,25.863,25.897,50072710
XAGUSD,20210708,1700,25.898,25.950,25.895,25.927,43509090
XAGUSD,20210708,1800,25.925,25.941,25.867,25.924,40216400
XAGUSD,20210708,1900,25.924,25.963,25.796,25.917,34892470
XAGUSD,20210708,2000,25.914,25.955,25.894,25.906,8715450
XAGUSD,20210708,2200,25.919,25.934,25.901,25.906,8065900
XAGUSD,20210708,2300,25.909,25.929,25.896,25.911,9320400
XAGUSD,20210709,0000,25.911,25.924,25.837,25.875,30246900
XAGUSD,20210709,0100,25.877,25.971,25.853,25.910,79269870
XAGUSD,20210709,0200,25.908,25.954,25.853,25.907,49815100
XAGUSD,20210709,0300,25.910,25.917,25.865,25.890,19105000
XAGUSD,20210709,0400,25.888,25.902,25.828,25.834,20854100
XAGUSD,20210709,0500,25.834,25.918,25.768,25.823,56481100
XAGUSD,20210709,0600,25.821,25.836,25.744,25.815,91912400
XAGUSD,20210709,0700,25.812,25.950,25.789,25.920,101033100
XAGUSD,20210709,0800,25.921,25.956,25.876,25.924,56057300
XAGUSD,20210709,0900,25.928,26.068,25.899,26.049,65667900
XAGUSD,20210709,1000,26.045,26.051,25.985,26.018,107648900
XAGUSD,20210709,1100,26.007,26.033,25.957,25.984,90302200
XAGUSD,20210709,1200,25.979,26.031,25.823,25.907,67245080
XAGUSD,20210709,1300,25.902,26.050,25.868,26.031,100452360
XAGUSD,20210709,1400,26.032,26.130,26.016,26.127,161893250
XAGUSD,20210709,1500,26.129,26.201,26.088,26.106,77202030
XAGUSD,20210709,1600,26.109,26.166,26.106,26.166,56219460
XAGUSD,20210709,1700,26.168,26.181,26.105,26.130,50726400
XAGUSD,20210709,1800,26.131,26.181,26.121,26.179,28892400
XAGUSD,20210709,1900,26.177,26.190,26.076,26.096,16241090
XAGUSD,20210709,2000,26.096,26.113,26.048,26.053,7596450
XAGUSD,20210711,2200,26.062,26.108,26.033,26.084,12481120
XAGUSD,20210711,2300,26.085,26.103,26.075,26.083,9941600
XAGUSD,20210712,0000,26.089,26.133,26.059,26.115,14375900
XAGUSD,20210712,0100,26.116,26.275,26.102,26.127,70868240
XAGUSD,20210712,0200,26.127,26.175,26.068,26.083,41017110
XAGUSD,20210712,0300,26.085,26.095,26.023,26.040,23754900
XAGUSD,20210712,0400,26.041,26.045,26.011,26.035,11456800
XAGUSD,20210712,0500,26.035,26.043,25.950,26.006,31716540
XAGUSD,20210712,0600,26.008,26.008,25.932,25.982,38447550
XAGUSD,20210712,0700,25.983,26.039,25.933,26.006,54330720
XAGUSD,20210712,0800,25.998,26.023,25.957,25.974,39081550
XAGUSD,20210712,0900,25.966,25.993,25.895,25.919,48085470
XAGUSD,20210712,1000,25.919,25.948,25.863,25.920,48659900
XAGUSD,20210712,1100,25.921,25.938,25.858,25.928,57875000
XAGUSD,20210712,1200,25.928,26.029,25.896,26.020,60316200
XAGUSD,20210712,1300,26.023,26.132,25.932,25.954,133664270
XAGUSD,20210712,1400,25.957,26.251,25.933,26.226,140095230
XAGUSD,20210712,1500,26.220,26.241,26.122,26.169,65605570
XAGUSD,20210712,1600,26.167,26.190,26.105,26.140,39355630
XAGUSD,20210712,1700,26.140,26.197,26.125,26.181,30933740
XAGUSD,20210712,1800,26.194,26.221,26.183,26.213,33160350
XAGUSD,20210712,1900,26.214,26.240,26.176,26.202,38641290
XAGUSD,20210712,2000,26.199,26.216,26.151,26.151,13128790
XAGUSD,20210712,2200,26.179,26.224,26.179,26.219,5505930
XAGUSD,20210712,2300,26.219,26.247,26.209,26.247,5761600
XAGUSD,20210713,0000,26.248,26.290,26.232,26.248,31311300
XAGUSD,20210713,0100,26.250,26.309,26.208,26.290,103755840
XAGUSD,20210713,0200,26.302,26.341,26.253,26.317,45320720
XAGUSD,20210713,0300,26.318,26.322,26.224,26.236,24848970
XAGUSD,20210713,0400,26.233,26.244,26.215,26.225,10182390
XAGUSD,20210713,0500,26.222,26.241,26.186,26.194,26871500
XAGUSD,20210713,0600,26.195,26.312,26.191,26.280,47074600
XAGUSD,20210713,0700,26.279,26.326,26.247,26.252,51741300
XAGUSD,20210713,0800,26.247,26.253,26.154,26.238,36060940
XAGUSD,20210713,0900,26.237,26.238,26.128,26.144,35201800
XAGUSD,20210713,1000,26.146,26.157,26.081,26.094,25873700
XAGUSD,20210713,1100,26.092,26.159,26.040,26.159,33930740
XAGUSD,20210713,1200,26.156,26.254,25.923,25.955,151372240
XAGUSD,20210713,1300,25.956,26.169,25.926,26.132,203610640
XAGUSD,20210713,1400,26.134,26.207,26.045,26.155,128028250
XAGUSD,20210713,1500,26.155,26.185,26.093,26.148,47513330
XAGUSD,20210713,1600,26.149,26.165,26.055,26.086,42466870
XAGUSD,20210713,1700,26.089,26.096,25.990,25.992,121431710
XAGUSD,20210713,1800,25.993,26.014,25.930,25.973,36349350
XAGUSD,20210713,1900,25.970,25.991,25.943,25.973,20094000
XAGUSD,20210713,2000,25.969,25.977,25.951,25.970,8624500
XAGUSD,20210713,2200,25.959,26.009,25.959,25.980,8515520
XAGUSD,20210713,2300,25.980,25.980,25.939,25.961,7333600
XAGUSD,20210714,0000,25.961,25.996,25.929,25.965,14903270
XAGUSD,20210714,0100,25.968,26.020,25.942,25.967,71490620
XAGUSD,20210714,0200,25.964,26.049,25.948,26.032,40218200
XAGUSD,20210714,0300,26.034,26.066,26.026,26.056,14555900
XAGUSD,20210714,0400,26.061,26.080,26.035,26.049,8932300
XAGUSD,20210714,0500,26.049,26.117,26.043,26.077,28288670
XAGUSD,20210714,0600,26.072,26.123,26.056,26.056,57756120
XAGUSD,20210714,0700,26.066,26.098,26.020,26.022,90242020
XAGUSD,20210714,0800,26.033,26.102,26.004,26.071,68368390
XAGUSD,20210714,0900,26.075,26.089,26.003,26.048,69022170
XAGUSD,20210714,1000,26.047,26.177,26.020,26.167,44537520
XAGUSD,20210714,1100,26.167,26.197,26.137,26.169,46471740
XAGUSD,20210714,1200,26.174,26.353,26.161,26.338,175613280
XAGUSD,20210714,1300,26.341,26.458,26.238,26.278,190358670
XAGUSD,20210714,1400,26.275,26.335,26.185,26.234,123004670
XAGUSD,20210714,1500,26.231,26.246,26.049,26.107,76007520
XAGUSD,20210714,1600,26.105,26.155,26.070,26.139,40550010
XAGUSD,20210714,1700,26.139,26.195,26.127,26.169,33473650
XAGUSD,20210714,1800,26.169,26.272,26.158,26.211,35644290
XAGUSD,20210714,1900,26.209,26.238,26.182,26.237,22000970
XAGUSD,20210714,2000,26.235,26.244,26.219,26.227,8892450
XAGUSD,20210714,2200,26.182,26.253,26.181,26.208,7972900
XAGUSD,20210714,2300,26.210,26.228,26.191,26.208,6773300
XAGUSD,20210715,0000,26.208,26.224,26.165,26.187,15682900
XAGUSD,20210715,0100,26.185,26.323,26.146,26.278,46935400
XAGUSD,20210715,0200,26.277,26.293,26.219,26.264,37657800
XAGUSD,20210715,0300,26.261,26.272,26.221,26.262,20498320
XAGUSD,20210715,0400,26.267,26.294,26.260,26.277,12802600
XAGUSD,20210715,0500,26.276,26.350,26.266,26.337,44534100
XAGUSD,20210715,0600,26.335,26.381,26.302,26.341,56116700
XAGUSD,20210715,0700,26.339,26.386,26.306,26.325,55904220
XAGUSD,20210715,0800,26.323,26.328,26.265,26.319,44730490
XAGUSD,20210715,0900,26.321,26.371,26.290,26.355,26258100
XAGUSD,20210715,1000,26.349,26.360,26.206,26.224,53649700
XAGUSD,20210715,1100,26.226,26.246,26.157,26.242,65411700
XAGUSD,20210715,1200,26.247,26.297,26.176,26.218,76246440
XAGUSD,20210715,1300,26.216,26.350,26.199,26.314,114619630
XAGUSD,20210715,1400,26.314,26.327,26.179,26.224,233137900
XAGUSD,20210715,1500,26.222,26.293,26.195,26.259,51079330
XAGUSD,20210715,1600,26.260,26.295,26.204,26.287,41545840
XAGUSD,20210715,1700,26.285,26.305,26.245,26.281,50364470
XAGUSD,20210715,1800,26.281,26.324,26.259,26.313,36175880
XAGUSD,20210715,1900,26.316,26.349,26.285,26.306,34232350
XAGUSD,20210715,2000,26.307,26.336,26.304,26.318,7886970
XAGUSD,20210715,2200,26.310,26.340,26.308,26.337,10369090
XAGUSD,20210715,2300,26.338,26.367,26.305,26.312,13300620
XAGUSD,20210716,0000,26.304,26.364,26.299,26.305,53562940
XAGUSD,20210716,0100,26.314,26.439,26.296,26.316,83618700
XAGUSD,20210716,0200,26.308,26.372,26.306,26.349,46363700
XAGUSD,20210716,0300,26.353,26.396,26.335,26.355,20156220
XAGUSD,20210716,0400,26.358,26.367,26.339,26.356,7679500
XAGUSD,20210716,0500,26.357,26.368,26.214,26.214,31511570
XAGUSD,20210716,0600,26.217,26.238,26.182,26.196,54414520
XAGUSD,20210716,0700,26.196,26.249,26.097,26.162,58984860
XAGUSD,20210716,0800,26.158,26.204,26.140,26.186,51059110
XAGUSD,20210716,0900,26.185,26.191,26.122,26.156,42512270
XAGUSD,20210716,1000,26.158,26.165,26.030,26.092,48969350
XAGUSD,20210716,1100,26.087,26.099,25.993,26.080,62037180
XAGUSD,20210716,1200,26.075,26.145,26.015,26.095,97506950
XAGUSD,20210716,1300,26.096,26.156,25.988,26.053,137726250
XAGUSD,20210716,1400,26.053,26.083,25.733,25.846,147910650
XAGUSD,20210716,1500,25.846,25.846,25.586,25.685,95561630
XAGUSD,20210716,1600,25.676,25.764,25.653,25.706,58536330
XAGUSD,20210716,1700,25.711,25.762,25.640,25.656,43540440
XAGUSD,20210716,1800,25.661,25.691,25.623,25.659,34259280
XAGUSD,20210716,1900,25.665,25.670,25.599,25.630,30274320
XAGUSD,20210716,2000,25.632,25.666,25.601,25.625,8100750
XAGUSD,20210718,2200,25.595,25.658,25.595,25.626,19711200
XAGUSD,20210718,2300,25.626,25.694,25.621,25.691,18350220
XAGUSD,20210719,0000,25.690,25.749,25.666,25.702,29697130
XAGUSD,20210719,0100,25.702,25.707,25.544,25.555,107559280
XAGUSD,20210719,0200,25.545,25.566,25.463,25.477,82655140
XAGUSD,20210719,0300,25.471,25.531,25.414,25.523,30996240
XAGUSD,20210719,0400,25.525,25.537,25.491,25.498,13539600
XAGUSD,20210719,0500,25.501,25.528,25.419,25.429,58985420
XAGUSD,20210719,0600,25.427,25.460,25.297,25.351,82895000
XAGUSD,20210719,0700,25.342,25.421,25.331,25.397,62940290
XAGUSD,20210719,0800,25.396,25.403,25.310,25.342,70914790
XAGUSD,20210719,0900,25.345,25.425,25.311,25.402,59432720
XAGUSD,20210719,1000,25.404,25.408,25.326,25.335,53447250
XAGUSD,20210719,1100,25.334,25.389,25.070,25.165,89067780
XAGUSD,20210719,1200,25.165,25.286,24.982,25.247,144041440
XAGUSD,20210719,1300,25.246,25.373,25.160,25.324,182017200
XAGUSD,20210719,1400,25.333,25.359,25.156,25.239,131877020
XAGUSD,20210719,1500,25.240,25.273,25.096,25.179,95430870
XAGUSD,20210719,1600,25.178,25.179,25.005,25.027,63352550
XAGUSD,20210719,1700,25.035,25.105,25.029,25.070,49750090
XAGUSD,20210719,1800,25.071,25.103,25.032,25.051,33482620
XAGUSD,20210719,1900,25.050,25.134,25.002,25.122,25006460
XAGUSD,20210719,2000,25.122,25.176,25.112,25.163,15080920
XAGUSD,20210719,2200,25.160,25.183,25.152,25.161,5961550
XAGUSD,20210719,2300,25.164,25.175,25.132,25.160,9330800
XAGUSD,20210720,0000,25.162,25.210,25.157,25.185,25677500
XAGUSD,20210720,0100,25.189,25.251,25.183,25.224,62226800
XAGUSD,20210720,0200,25.225,25.265,25.144,25.150,43665900
XAGUSD,20210720,0300,25.155,25.246,25.129,25.174,47223500
XAGUSD,20210720,0400,25.175,25.206,25.156,25.190,16001800
XAGUSD,20210720,0500,25.195,25.209,25.102,25.130,42539500
XAGUSD,20210720,0600,25.130,25.189,25.066,25.103,58509300
XAGUSD,20210720,0700,25.103,25.221,25.080,25.091,65807400
XAGUSD,20210720,0800,25.090,25.152,25.033,25.090,51621140
XAGUSD,20210720,0900,25.086,25.159,25.078,25.107,59576710
XAGUSD,20210720,1000,25.107,25.197,25.077,25.087,52360010
XAGUSD,20210720,1100,25.086,25.197,25.056,25.174,72724400
XAGUSD,20210720,1200,25.173,25.204,25.081,25.106,96344410
XAGUSD,20210720,1300,25.108,25.181,24.997,25.141,170117250
XAGUSD,20210720,1400,25.141,25.147,24.803,24.889,141520160
XAGUSD,20210720,1500,24.891,24.904,24.806,24.873,89953000
XAGUSD,20210720,1600,24.875,25.008,24.860,25.005,56840480
XAGUSD,20210720,1700,24.998,25.018,24.927,24.932,31194100
XAGUSD,20210720,1800,24.929,24.952,24.894,24.900,20511700
XAGUSD,20210720,1900,24.898,24.942,24.885,24.941,21214570
XAGUSD,20210720,2000,24.935,24.940,24.909,24.920,14765900
XAGUSD,20210720,2200,24.890,24.955,24.888,24.928,7026160
XAGUSD,20210720,2300,24.928,24.958,24.916,24.958,5375000
XAGUSD,20210721,0000,24.955,24.968,24.922,24.938,10321100
XAGUSD,20210721,0100,24.940,24.943,24.742,24.794,69835100
XAGUSD,20210721,0200,24.792,24.866,24.783,24.832,38082800
XAGUSD,20210721,0300,24.833,24.909,24.809,24.897,21003320
XAGUSD,20210721,0400,24.897,24.924,24.860,24.867,10301900
XAGUSD,20210721,0500,24.868,24.948,24.854,24.912,34060900
XAGUSD,20210721,0600,24.911,25.183,24.892,25.142,82982000
XAGUSD,20210721,0700,25.144,25.144,25.030,25.092,110883800
XAGUSD,20210721,0800,25.088,25.210,25.017,25.200,76391700
XAGUSD,20210721,0900,25.192,25.215,25.113,25.139,62199240
XAGUSD,20210721,1000,25.137,25.186,25.098,25.109,38047390
XAGUSD,20210721,1100,25.109,25.127,25.039,25.042,45426400
XAGUSD,20210721,1200,25.048,25.073,24.915,24.938,70864450
XAGUSD,20210721,1300,24.940,25.231,24.930,25.218,144204870
XAGUSD,20210721,1400,25.213,25.240,25.120,25.159,99215600
XAGUSD,20210721,1500,25.159,25.221,25.154,25.194,45956400
XAGUSD,20210721,1600,25.194,25.225,25.161,25.176,26593900
XAGUSD,20210721,1700,25.171,25.228,25.154,25.203,23728000
XAGUSD,20210721,1800,25.203,25.281,25.189,25.270,15415400
XAGUSD,20210721,1900,25.269,25.301,25.258,25.267,15941770
XAGUSD,20210721,2000,25.267,25.289,25.217,25.217,7931570
XAGUSD,20210721,2200,25.249,25.282,25.249,25.273,7171400
XAGUSD,20210721,2300,25.272,25.277,25.258,25.261,7331400
XAGUSD,20210722,0000,25.261,25.266,25.222,25.233,14694670
XAGUSD,20210722,0100,25.239,25.304,25.174,25.286,56744270
XAGUSD,20210722,0200,25.287,25.294,25.194,25.199,33765100
XAGUSD,20210722,0300,25.200,25.234,25.189,25.201,19960000
XAGUSD,20210722,0400,25.204,25.215,25.134,25.163,13776800
XAGUSD,20210722,0500,25.162,25.195,25.118,25.141,26988100
XAGUSD,20210722,0600,25.135,25.272,25.129,25.240,50651900
XAGUSD,20210722,0700,25.241,25.264,25.162,25.163,47767200
XAGUSD,20210722,0800,25.164,25.164,25.036,25.093,49557650
XAGUSD,20210722,0900,25.089,25.118,25.061,25.071,26405300
XAGUSD,20210722,1000,25.071,25.097,25.029,25.053,46615700
XAGUSD,20210722,1100,25.055,25.084,25.022,25.074,65696600
XAGUSD,20210722,1200,25.075,25.157,25.008,25.122,168164610
XAGUSD,20210722,1300,25.124,25.227,24.997,25.030,140453630
XAGUSD,20210722,1400,25.029,25.195,25.023,25.186,110871040
XAGUSD,20210722,1500,25.186,25.378,25.181,25.315,103710640
XAGUSD,20210722,1600,25.322,25.390,25.285,25.317,79897340
XAGUSD,20210722,1700,25.319,25.357,25.284,25.355,24200220
XAGUSD,20210722,1800,25.353,25.442,25.349,25.427,16707590
XAGUSD,20210722,1900,25.435,25.453,25.368,25.419,23416400
XAGUSD,20210722,2000,25.419,25.424,25.378,25.407,9920570
XAGUSD,20210722,2200,25.411,25.426,25.398,25.419,6683700
XAGUSD,20210722,2300,25.419,25.444,25.405,25.405,7733400
XAGUSD,20210723,0000,25.406,25.431,25.400,25.412,11796900
XAGUSD,20210723,0100,25.410,25.464,25.334,25.337,54010720
XAGUSD,20210723,0200,25.337,25.370,25.311,25.337,34483400
XAGUSD,20210723,0300,25.337,25.356,25.318,25.339,20184230
XAGUSD,20210723,0400,25.342,25.361,25.324,25.356,8655200
XAGUSD,20210723,0500,25.358,25.402,25.252,25.254,28499900
XAGUSD,20210723,0600,25.257,25.413,25.229,25.381,67699560
XAGUSD,20210723,0700,25.381,25.407,25.307,25.387,65929190
XAGUSD,20210723,0800,25.388,25.402,25.299,25.304,51099220
XAGUSD,20210723,0900,25.305,25.336,25.256,25.271,33964480
XAGUSD,20210723,1000,25.271,25.276,25.135,25.168,58450200
XAGUSD,20210723,1100,25.168,25.177,25.030,25.158,68604140
XAGUSD,20210723,1200,25.156,25.269,25.120,25.235,68212090
XAGUSD,20210723,1300,25.237,25.285,25.085,25.128,103412380
XAGUSD,20210723,1400,25.130,25.135,24.989,25.077,99542500
XAGUSD,20210723,1500,25.076,25.201,25.070,25.196,49208000
XAGUSD,20210723,1600,25.196,25.251,25.179,25.198,37843630
XAGUSD,20210723,1700,25.201,25.223,25.148,25.192,29895270
XAGUSD,20210723,1800,25.192,25.223,25.153,25.180,22944890
XAGUSD,20210723,1900,25.180,25.218,25.153,25.172,13718940
XAGUSD,20210723,2000,25.172,25.195,25.126,25.126,6827440
XAGUSD,20210725,2200,25.182,25.195,25.150,25.168,10953460
XAGUSD,20210725,2300,25.168,25.190,25.156,25.164,10240100
XAGUSD,20210726,0000,25.167,25.186,25.137,25.154,16855400
XAGUSD,20210726,0100,25.154,25.303,25.106,25.266,72282000
XAGUSD,20210726,0200,25.267,25.297,25.216,25.236,36515800
XAGUSD,20210726,0300,25.238,25.276,25.217,25.253,33950500
XAGUSD,20210726,0400,25.252,25.285,25.252,25.278,11279300
XAGUSD,20210726,0500,25.278,25.383,25.258,25.318,59212940
XAGUSD,20210726,0600,25.318,25.325,25.174,25.258,73518040
XAGUSD,20210726,0700,25.259,25.380,25.251,25.317,82868280
XAGUSD,20210726,0800,25.317,25.382,25.275,25.362,52016590
XAGUSD,20210726,0900,25.365,25.415,25.349,25.400,52042200
XAGUSD,20210726,1000,25.400,25.425,25.353,25.365,39648200
XAGUSD,20210726,1100,25.369,25.415,25.341,25.379,39074600
XAGUSD,20210726,1200,25.379,25.389,25.199,25.247,69654450
XAGUSD,20210726,1300,25.248,25.289,25.159,25.268,124573490
XAGUSD,20210726,1400,25.265,25.270,25.148,25.253,101497600
XAGUSD,20210726,1500,25.254,25.259,25.171,25.207,53742240
XAGUSD,20210726,1600,25.208,25.249,25.201,25.246,25788260
XAGUSD,20210726,1700,25.242,25.268,25.218,25.237,24662100
XAGUSD,20210726,1800,25.236,25.238,25.153,25.186,20655220
XAGUSD,20210726,1900,25.185,25.198,25.174,25.191,9771100
XAGUSD,20210726,2000,25.189,25.209,25.168,25.175,8310590
XAGUSD,20210726,2200,25.191,25.207,25.163,25.169,4176400
XAGUSD,20210726,2300,25.164,25.182,25.145,25.154,5078900
XAGUSD,20210727,0000,25.154,25.161,25.092,25.126,12364800
XAGUSD,20210727,0100,25.119,25.174,25.089,25.090,53607700
XAGUSD,20210727,0200,25.087,25.207,25.085,25.190,22605410
XAGUSD,20210727,0300,25.192,25.203,25.144,25.185,21830630
XAGUSD,20210727,0400,25.181,25.220,25.180,25.191,9268200
XAGUSD,20210727,0500,25.194,25.219,25.123,25.218,47518010
XAGUSD,20210727,0600,25.218,25.254,25.138,25.159,154412920
XAGUSD,20210727,0700,25.159,25.199,25.098,25.163,103885140
XAGUSD,20210727,0800,25.161,25.175,25.054,25.081,60717120
XAGUSD,20210727,0900,25.082,25.180,25.067,25.124,38420490
XAGUSD,20210727,1000,25.123,25.141,25.094,25.101,41769220
XAGUSD,20210727,1100,25.101,25.179,25.062,25.164,48845400
XAGUSD,20210727,1200,25.166,25.257,25.087,25.112,74784350
XAGUSD,20210727,1300,25.114,25.172,25.016,25.043,142605090
XAGUSD,20210727,1400,25.040,25.071,24.573,24.637,162090090
XAGUSD,20210727,1500,24.642,24.647,24.497,24.501,88629520
XAGUSD,20210727,1600,24.501,24.624,24.481,24.587,59679910
XAGUSD,20210727,1700,24.582,24.710,24.579,24.692,34619860
XAGUSD,20210727,1800,24.694,24.726,24.680,24.716,19116040
XAGUSD,20210727,1900,24.716,24.763,24.702,24.754,13681760
XAGUSD,20210727,2000,24.754,24.763,24.668,24.675,11709220
XAGUSD,20210727,2200,24.676,24.708,24.676,24.691,6214150
XAGUSD,20210727,2300,24.688,24.731,24.687,24.724,5718920
XAGUSD,20210728,0000,24.724,24.734,24.669,24.674,15642500
XAGUSD,20210728,0100,24.674,24.760,24.644,24.728,58552140
XAGUSD,20210728,0200,24.733,24.749,24.643,24.728,79077070
XAGUSD,20210728,0300,24.732,24.848,24.724,24.806,40874820
XAGUSD,20210728,0400,24.806,24.844,24.795,24.824,11978800
XAGUSD,20210728,0500,24.821,24.838,24.772,24.819,35764540
XAGUSD,20210728,0600,24.817,24.851,24.791,24.802,57956380
XAGUSD,20210728,0700,24.810,24.836,24.737,24.757,52679010
XAGUSD,20210728,0800,24.757,24.826,24.725,24.814,64936300
XAGUSD,20210728,0900,24.813,24.844,24.772,24.785,33584200
XAGUSD,20210728,1000,24.789,24.827,24.769,24.780,35423930
XAGUSD,20210728,1100,24.785,24.826,24.715,24.730,51337580
XAGUSD,20210728,1200,24.729,24.810,24.710,24.722,70354020
XAGUSD,20210728,1300,24.724,24.766,24.649,24.693,149278830
XAGUSD,20210728,1400,24.694,24.888,24.689,24.876,112865540
XAGUSD,20210728,1500,24.867,24.908,24.855,24.870,68323140
XAGUSD,20210728,1600,24.866,24.885,24.835,24.874,28252390
XAGUSD,20210728,1700,24.876,24.885,24.699,24.715,43688300
XAGUSD,20210728,1800,24.719,24.974,24.598,24.854,179969350
XAGUSD,20210728,1900,24.853,25.007,24.834,24.977,64496170
XAGUSD,20210728,2000,24.977,24.989,24.934,24.944,14553500
XAGUSD,20210728,2200,24.944,24.981,24.943,24.979,4619420
XAGUSD,20210728,2300,24.972,25.038,24.963,25.030,10237800
XAGUSD,20210729,0000,25.037,25.059,24.997,25.026,54498300
XAGUSD,20210729,0100,25.027,25.216,25.026,25.183,112341130
XAGUSD,20210729,0200,25.186,25.224,25.128,25.214,116011300
XAGUSD,20210729,0300,25.214,25.243,25.173,25.197,64618700
XAGUSD,20210729,0400,25.197,25.228,25.185,25.218,10100600
XAGUSD,20210729,0500,25.218,25.330,25.208,25.276,113586180
XAGUSD,20210729,0600,25.287,25.326,25.236,25.314,82565360
XAGUSD,20210729,0700,25.315,25.422,25.300,25.367,87136920
XAGUSD,20210729,0800,25.356,25.546,25.340,25.501,69057810
XAGUSD,20210729,0900,25.510,25.517,25.451,25.482,59314220
XAGUSD,20210729,1000,25.481,25.505,25.434,25.472,75870700
XAGUSD,20210729,1100,25.478,25.584,25.444,25.549,72281060
XAGUSD,20210729,1200,25.548,25.579,25.476,25.550,95975910
XAGUSD,20210729,1300,25.552,25.673,25.461,25.663,233467320
XAGUSD,20210729,1400,25.662,25.791,25.641,25.765,108293300
XAGUSD,20210729,1500,25.752,25.787,25.714,25.754,76270800
XAGUSD,20210729,1600,25.743,25.763,25.613,25.633,63160520
XAGUSD,20210729,1700,25.636,25.692,25.611,25.630,32963190
XAGUSD,20210729,1800,25.627,25.669,25.606,25.615,16594900
XAGUSD,20210729,1900,25.615,25.620,25.521,25.566,12504100
XAGUSD,20210729,2000,25.565,25.573,25.484,25.489,9440570
XAGUSD,20210729,2200,25.506,25.541,25.501,25.515,3820500
XAGUSD,20210729,2300,25.511,25.551,25.506,25.514,6710400
XAGUSD,20210730,0000,25.516,25.519,25.454,25.466,20368500
XAGUSD,20210730,0100,25.463,25.568,25.456,25.527,65220600
XAGUSD,20210730,0200,25.528,25.573,25.509,25.543,34606600
XAGUSD,20210730,0300,25.545,25.621,25.542,25.583,23721400
XAGUSD,20210730,0400,25.585,25.594,25.553,25.586,8984500
XAGUSD,20210730,0500,25.585,25.589,25.496,25.549,53952100
XAGUSD,20210730,0600,25.546,25.564,25.488,25.538,38550200
XAGUSD,20210730,0700,25.536,25.608,25.523,25.572,49132420
XAGUSD,20210730,0800,25.573,25.630,25.546,25.611,42525070
XAGUSD,20210730,0900,25.609,25.611,25.526,25.529,36678000
XAGUSD,20210730,1000,25.529,25.551,25.508,25.523,37676200
XAGUSD,20210730,1100,25.524,25.529,25.451,25.498,49510760
XAGUSD,20210730,1200,25.496,25.537,25.394,25.443,67867000
XAGUSD,20210730,1300,25.447,25.599,25.369,25.563,116528000
XAGUSD,20210730,1400,25.568,25.586,25.417,25.513,90636120
XAGUSD,20210730,1500,25.503,25.565,25.472,25.526,65087430
XAGUSD,20210730,1600,25.528,25.540,25.456,25.467,53786440
XAGUSD,20210730,1700,25.466,25.497,25.402,25.463,44699780
XAGUSD,20210730,1800,25.466,25.471,25.332,25.382,34591920
XAGUSD,20210730,1900,25.381,25.477,25.368,25.474,22488620
XAGUSD,20210730,2000,25.474,25.483,25.411,25.411,7752370
XAGUSD,20210801,2200,25.466,25.522,25.444,25.489,7513250
XAGUSD,20210801,2300,25.489,25.498,25.465,25.494,6589400
XAGUSD,20210802,0000,25.493,25.525,25.458,25.522,24971600
XAGUSD,20210802,0100,25.525,25.561,25.338,25.371,78335960
XAGUSD,20210802,0200,25.374,25.502,25.309,25.488,48369760
XAGUSD,20210802,0300,25.488,25.495,25.444,25.478,30110000
XAGUSD,20210802,0400,25.484,25.497,25.455,25.465,14355610
XAGUSD,20210802,0500,25.468,25.627,25.449,25.551,55257090
XAGUSD,20210802,0600,25.548,25.552,25.434,25.484,81929300
XAGUSD,20210802,0700,25.485,25.516,25.445,25.463,65491400
XAGUSD,20210802,0800,25.464,25.480,25.361,25.397,42953500
XAGUSD,20210802,0900,25.397,25.455,25.385,25.440,30144100
XAGUSD,20210802,1000,25.444,25.474,25.422,25.433,48333600
XAGUSD,20210802,1100,25.433,25.511,25.388,25.498,44453710
XAGUSD,20210802,1200,25.498,25.504,25.346,25.350,78346670
XAGUSD,20210802,1300,25.352,25.432,25.283,25.358,111158580
XAGUSD,20210802,1400,25.361,25.510,25.347,25.488,114445030
XAGUSD,20210802,1500,25.488,25.512,25.385,25.404,52366260
XAGUSD,20210802,1600,25.404,25.492,25.381,25.472,48027020
XAGUSD,20210802,1700,25.472,25.528,25.458,25.477,38016300
XAGUSD,20210802,1800,25.471,25.487,25.441,25.481,31916450
XAGUSD,20210802,1900,25.481,25.492,25.376,25.387,30365070
XAGUSD,20210802,2000,25.385,25.417,25.383,25.387,13295300
XAGUSD,20210802,2200,25.367,25.407,25.357,25.385,6210170
XAGUSD,20210802,2300,25.381,25.389,25.370,25.382,4622700
XAGUSD,20210803,0000,25.386,25.407,25.365,25.379,7510600
XAGUSD,20210803,0100,25.378,25.414,25.296,25.338,57173940
XAGUSD,20210803,0200,25.341,25.355,25.303,25.314,32284110
XAGUSD,20210803,0300,25.315,25.322,25.262,25.303,24356700
XAGUSD,20210803,0400,25.300,25.362,25.299,25.343,22149900
XAGUSD,20210803,0500,25.338,25.356,25.273,25.304,34522700
XAGUSD,20210803,0600,25.304,25.324,25.234,25.280,68962190
XAGUSD,20210803,0700,25.276,25.328,25.251,25.297,47470600
XAGUSD,20210803,0800,25.296,25.414,25.286,25.390,27149160
XAGUSD,20210803,0900,25.387,25.467,25.371,25.458,35426400
XAGUSD,20210803,1000,25.451,25.486,25.433,25.446,25883700
XAGUSD,20210803,1100,25.437,25.469,25.401,25.436,48546600
XAGUSD,20210803,1200,25.438,25.522,25.333,25.522,71039430
XAGUSD,20210803,1300,25.524,25.590,25.468,25.486,231240460
XAGUSD,20210803,1400,25.489,25.535,25.423,25.469,85917820
XAGUSD,20210803,1500,25.468,25.516,25.438,25.486,45998970
XAGUSD,20210803,1600,25.477,25.522,25.475,25.514,24862340
XAGUSD,20210803,1700,25.510,25.545,25.499,25.524,19368660
XAGUSD,20210803,1800,25.526,25.562,25.514,25.552,7933470
XAGUSD,20210803,1900,25.555,25.578,25.537,25.539,11457330
XAGUSD,20210803,2000,25.539,25.540,25.495,25.503,4449640
XAGUSD,20210803,2200,25.489,25.547,25.480,25.542,5253090
XAGUSD,20210803,2300,25.547,25.555,25.533,25.552,4445300
XAGUSD,20210804,0000,25.552,25.552,25.513,25.539,11563620
XAGUSD,20210804,0100,25.538,25.671,25.492,25.659,40751170
XAGUSD,20210804,0200,25.656,25.669,25.615,25.650,30877800
XAGUSD,20210804,0300,25.653,25.670,25.628,25.633,20721700
XAGUSD,20210804,0400,25.636,25.637,25.593,25.607,12994520
XAGUSD,20210804,0500,25.611,25.660,25.560,25.627,25663300
XAGUSD,20210804,0600,25.625,25.689,25.613,25.680,35972700
XAGUSD,20210804,0700,25.682,25.716,25.647,25.711,45558200
XAGUSD,20210804,0800,25.700,25.726,25.624,25.628,35575300
XAGUSD,20210804,0900,25.630,25.686,25.623,25.677,22076100
XAGUSD,20210804,1000,25.680,25.682,25.636,25.660,13875200
XAGUSD,20210804,1100,25.651,25.779,25.650,25.757,49637100
XAGUSD,20210804,1200,25.758,25.905,25.741,25.861,134423100
XAGUSD,20210804,1300,25.860,25.996,25.846,25.871,179123280
XAGUSD,20210804,1400,25.870,25.901,25.367,25.434,200498340
XAGUSD,20210804,1500,25.434,25.450,25.315,25.415,76715500
XAGUSD,20210804,1600,25.417,25.438,25.378,25.429,38275590
XAGUSD,20210804,1700,25.435,25.449,25.402,25.440,19878260
XAGUSD,20210804,1800,25.439,25.444,25.382,25.389,13778340
XAGUSD,20210804,1900,25.392,25.412,25.381,25.386,13507900
XAGUSD,20210804,2000,25.391,25.397,25.313,25.313,6054070
XAGUSD,20210804,2200,25.363,25.396,25.363,25.379,3888700
XAGUSD,20210804,2300,25.377,25.387,25.358,25.362,3899100
XAGUSD,20210805,0000,25.362,25.367,25.317,25.329,10900660
XAGUSD,20210805,0100,25.328,25.390,25.300,25.330,52254800
XAGUSD,20210805,0200,25.333,25.366,25.316,25.361,27499320
XAGUSD,20210805,0300,25.366,25.392,25.355,25.385,13747800
XAGUSD,20210805,0400,25.382,25.407,25.380,25.407,6300900
XAGUSD,20210805,0500,25.405,25.421,25.339,25.342,22346900
XAGUSD,20210805,0600,25.339,25.397,25.320,25.341,36414000
XAGUSD,20210805,0700,25.332,25.428,25.332,25.421,41444700
XAGUSD,20210805,0800,25.419,25.427,25.299,25.370,41599100
XAGUSD,20210805,0900,25.372,25.422,25.357,25.399,22832820
XAGUSD,20210805,1000,25.402,25.443,25.368,25.442,34488300
XAGUSD,20210805,1100,25.444,25.501,25.407,25.473,66310690
XAGUSD,20210805,1200,25.466,25.490,25.377,25.423,77487330
XAGUSD,20210805,1300,25.421,25.479,25.068,25.209,105917870
XAGUSD,20210805,1400,25.211,25.316,25.165,25.282,104061390
XAGUSD,20210805,1500,25.285,25.305,25.197,25.210,53590830
XAGUSD,20210805,1600,25.210,25.274,25.209,25.260,25778800
XAGUSD,20210805,1700,25.258,25.268,25.199,25.217,13437400
XAGUSD,20210805,1800,25.217,25.217,25.123,25.136,15932500
XAGUSD,20210805,1900,25.132,25.161,25.115,25.144,11365300
XAGUSD,20210805,2000,25.145,25.161,25.090,25.090,5551950
XAGUSD,20210805,2200,25.130,25.175,25.130,25.154,4746490
XAGUSD,20210805,2300,25.154,25.154,25.126,25.127,3659700
XAGUSD,20210806,0000,25.131,25.147,25.100,25.124,11737220
XAGUSD,20210806,0100,25.124,25.154,25.073,25.104,33794000
XAGUSD,20210806,0200,25.103,25.109,25.065,25.077,24074920
XAGUSD,20210806,0300,25.078,25.129,25.050,25.122,17440100
XAGUSD,20210806,0400,25.122,25.131,25.088,25.128,7463500
XAGUSD,20210806,0500,25.128,25.166,25.084,25.158,22516400
XAGUSD,20210806,0600,25.157,25.196,25.132,25.184,51322200
XAGUSD,20210806,0700,25.180,25.193,25.123,25.139,73344900
XAGUSD,20210806,0800,25.148,25.148,25.095,25.107,56851000
XAGUSD,20210806,0900,25.109,25.126,25.041,25.052,33891600
XAGUSD,20210806,1000,25.052,25.056,24.952,24.959,42752570
XAGUSD,20210806,1100,24.959,25.064,24.936,25.052,43640760
XAGUSD,20210806,1200,25.049,25.103,24.597,24.606,167842450
XAGUSD,20210806,1300,24.605,24.615,24.243,24.252,185895790
XAGUSD,20210806,1400,24.252,24.350,24.186,24.220,88557040
XAGUSD,20210806,1500,24.219,24.355,24.213,24.299,63309590
XAGUSD,20210806,1600,24.302,24.310,24.217,24.220,37600700
XAGUSD,20210806,1700,24.221,24.374,24.218,24.343,28663570
XAGUSD,20210806,1800,24.344,24.380,24.318,24.337,14356310
XAGUSD,20210806,1900,24.338,24.357,24.298,24.298,10871520
XAGUSD,20210806,2000,24.298,24.338,24.241,24.242,9010300
XAGUSD,20210808,2200,24.312,24.358,22.062,23.032,54762890
XAGUSD,20210808,2300,23.034,23.664,22.878,23.540,46355430
XAGUSD,20210809,0000,23.545,23.854,23.329,23.752,57519820
XAGUSD,20210809,0100,23.753,24.003,23.735,23.791,129315900
XAGUSD,20210809,0200,23.792,23.961,23.787,23.919,62585700
XAGUSD,20210809,0300,23.919,23.944,23.860,23.861,41716100
XAGUSD,20210809,0400,23.862,23.895,23.851,23.876,35957000
XAGUSD,20210809,0500,23.874,23.988,23.837,23.868,52999000
XAGUSD,20210809,0600,23.866,23.973,23.853,23.881,79928940
XAGUSD,20210809,0700,23.885,23.974,23.833,23.929,112128300
XAGUSD,20210809,0800,23.930,23.931,23.822,23.863,76805300
XAGUSD,20210809,0900,23.854,23.878,23.789,23.846,80164100
XAGUSD,20210809,1000,23.847,23.856,23.740,23.771,41979930
XAGUSD,20210809,1100,23.772,24.038,23.756,23.961,56261120
XAGUSD,20210809,1200,23.956,23.996,23.707,23.712,93335310
XAGUSD,20210809,1300,23.712,23.932,23.693,23.717,163265010
XAGUSD,20210809,1400,23.719,23.755,23.438,23.443,169037670
XAGUSD,20210809,1500,23.445,23.537,23.394,23.400,103540020
XAGUSD,20210809,1600,23.405,23.405,23.222,23.323,93055690
XAGUSD,20210809,1700,23.320,23.425,23.257,23.414,50161620
XAGUSD,20210809,1800,23.414,23.450,23.370,23.379,34363700
XAGUSD,20210809,1900,23.379,23.470,23.372,23.457,24352440
XAGUSD,20210809,2000,23.453,23.462,23.408,23.429,10550700
XAGUSD,20210809,2200,23.414,23.473,23.414,23.449,8558800
XAGUSD,20210809,2300,23.454,23.482,23.419,23.448,15236600
XAGUSD,20210810,0000,23.452,23.470,23.411,23.469,31333200
XAGUSD,20210810,0100,23.469,23.548,23.433,23.522,50719860
XAGUSD,20210810,0200,23.522,23.561,23.484,23.541,27469100
XAGUSD,20210810,0300,23.541,23.647,23.534,23.636,12586700
XAGUSD,20210810,0400,23.632,23.647,23.600,23.616,17967100
XAGUSD,20210810,0500,23.612,23.655,23.578,23.608,53709100
XAGUSD,20210810,0600,23.606,23.665,23.578,23.634,57145800
XAGUSD,20210810,0700,23.635,23.635,23.528,23.565,42449800
XAGUSD,20210810,0800,23.566,23.566,23.433,23.477,43478400
XAGUSD,20210810,0900,23.482,23.487,23.420,23.452,44316300
XAGUSD,20210810,1000,23.453,23.460,23.338,23.376,28790500
XAGUSD,20210810,1100,23.375,23.452,23.328,23.448,42903300
XAGUSD,20210810,1200,23.448,23.454,23.225,23.253,76571130
XAGUSD,20210810,1300,23.254,23.382,23.247,23.353,155453410
XAGUSD,20210810,1400,23.352,23.468,23.247,23.393,172015600
XAGUSD,20210810,1500,23.392,23.430,23.339,23.408,69108940
XAGUSD,20210810,1600,23.408,23.419,23.328,23.334,34068900
XAGUSD,20210810,1700,23.334,23.425,23.314,23.389,31206820
XAGUSD,20210810,1800,23.388,23.392,23.337,23.359,13684800
XAGUSD,20210810,1900,23.358,23.363,23.309,23.328,11479000
XAGUSD,20210810,2000,23.330,23.339,23.310,23.328,7024900
XAGUSD,20210810,2200,23.314,23.348,23.314,23.343,3835500
XAGUSD,20210810,2300,23.346,23.353,23.310,23.314,7263000
XAGUSD,20210811,0000,23.313,23.340,23.285,23.307,18440700
XAGUSD,20210811,0100,23.303,23.317,23.200,23.305,58777600
XAGUSD,20210811,0200,23.307,23.392,23.280,23.371,31565910
XAGUSD,20210811,0300,23.364,23.450,23.341,23.416,27907920
XAGUSD,20210811,0400,23.416,23.416,23.368,23.376,18143250
XAGUSD,20210811,0500,23.373,23.411,23.363,23.406,32063600
XAGUSD,20210811,0600,23.403,23.425,23.330,23.371,55483530
XAGUSD,20210811,0700,23.373,23.397,23.302,23.361,56892500
XAGUSD,20210811,0800,23.362,23.388,23.310,23.361,41699760
XAGUSD,20210811,0900,23.358,23.375,23.325,23.345,40400160
XAGUSD,20210811,1000,23.343,23.423,23.320,23.396,53496500
XAGUSD,20210811,1100,23.393,23.463,23.381,23.436,33274700
XAGUSD,20210811,1200,23.439,23.534,23.301,23.453,192825670
XAGUSD,20210811,1300,23.455,23.565,23.328,23.341,192132350
XAGUSD,20210811,1400,23.335,23.480,23.335,23.440,220427360
XAGUSD,20210811,1500,23.439,23.541,23.418,23.523,71547760
XAGUSD,20210811,1600,23.524,23.532,23.430,23.476,43471380
XAGUSD,20210811,1700,23.477,23.565,23.469,23.533,62376320
XAGUSD,20210811,1800,23.533,23.581,23.519,23.527,33481490
XAGUSD,20210811,1900,23.527,23.567,23.511,23.564,14262350
XAGUSD,20210811,2000,23.559,23.561,23.516,23.528,7320900
XAGUSD,20210811,2200,23.517,23.538,23.513,23.518,4771700
XAGUSD,20210811,2300,23.519,23.534,23.490,23.523,9677900
XAGUSD,20210812,0000,23.520,23.530,23.488,23.490,27433000
XAGUSD,20210812,0100,23.491,23.512,23.438,23.466,36010320
XAGUSD,20210812,0200,23.463,23.483,23.403,23.423,19524680
XAGUSD,20210812,0300,23.423,23.459,23.402,23.444,22271020
XAGUSD,20210812,0400,23.443,23.452,23.423,23.428,11153900
XAGUSD,20210812,0500,23.428,23.499,23.402,23.403,26523870
XAGUSD,20210812,0600,23.403,23.489,23.385,23.410,36549600
XAGUSD,20210812,0700,23.402,23.493,23.372,23.469,34848500
XAGUSD,20210812,0800,23.475,23.480,23.398,23.455,28327200
XAGUSD,20210812,0900,23.446,23.484,23.435,23.435,24255820
XAGUSD,20210812,1000,23.434,23.447,23.395,23.406,30404380
XAGUSD,20210812,1100,23.404,23.434,23.351,23.356,56818560
XAGUSD,20210812,1200,23.351,23.397,23.189,23.313,114882050
XAGUSD,20210812,1300,23.309,23.357,23.000,23.187,211343430
XAGUSD,20210812,1400,23.184,23.207,23.058,23.132,188264060
XAGUSD,20210812,1500,23.131,23.235,23.069,23.210,69365830
XAGUSD,20210812,1600,23.213,23.260,23.132,23.140,44172860
XAGUSD,20210812,1700,23.140,23.181,23.117,23.161,38975620
XAGUSD,20210812,1800,23.162,23.198,23.160,23.178,13234260
XAGUSD,20210812,1900,23.176,23.232,23.174,23.198,17973800
XAGUSD,20210812,2000,23.194,23.216,23.149,23.149,6492100
XAGUSD,20210812,2200,23.165,23.208,23.165,23.206,3677210
XAGUSD,20210812,2300,23.201,23.211,23.182,23.196,4488700
XAGUSD,20210813,0000,23.196,23.206,23.165,23.196,11041400
XAGUSD,20210813,0100,23.198,23.302,23.156,23.270,47289700
XAGUSD,20210813,0200,23.268,23.305,23.244,23.244,18954810
XAGUSD,20210813,0300,23.250,23.283,23.226,23.240,26372900
XAGUSD,20210813,0400,23.240,23.262,23.227,23.236,11978300
XAGUSD,20210813,0500,23.235,23.301,23.207,23.248,48070700
XAGUSD,20210813,0600,23.247,23.366,23.241,23.330,42646700
XAGUSD,20210813,0700,23.330,23.412,23.325,23.344,48651500
XAGUSD,20210813,0800,23.343,23.366,23.275,23.301,70312200
XAGUSD,20210813,0900,23.298,23.311,23.283,23.304,36473500
XAGUSD,20210813,1000,23.305,23.426,23.305,23.400,21732300
XAGUSD,20210813,1100,23.401,23.424,23.357,23.392,33214800
XAGUSD,20210813,1200,23.392,23.471,23.340,23.386,67649150
XAGUSD,20210813,1300,23.382,23.534,23.382,23.442,93231510
XAGUSD,20210813,1400,23.437,23.819,23.434,23.753,158787870
XAGUSD,20210813,1500,23.746,23.822,23.711,23.805,48723690
XAGUSD,20210813,1600,23.792,23.824,23.708,23.721,35810100
XAGUSD,20210813,1700,23.721,23.784,23.709,23.719,19921800
XAGUSD,20210813,1800,23.715,23.750,23.674,23.685,21155400
XAGUSD,20210813,1900,23.686,23.716,23.659,23.704,16559270
XAGUSD,20210813,2000,23.711,23.746,23.632,23.643,6674250
XAGUSD,20210815,2200,23.715,23.761,23.697,23.707,12136880
XAGUSD,20210815,2300,23.697,23.717,23.666,23.677,12220870
XAGUSD,20210816,0000,23.677,23.722,23.653,23.722,33141800
XAGUSD,20210816,0100,23.716,23.762,23.685,23.710,47056420
XAGUSD,20210816,0200,23.713,23.763,23.694,23.740,32855700
XAGUSD,20210816,0300,23.741,23.742,23.649,23.660,23748200
XAGUSD,20210816,0400,23.661,23.666,23.626,23.650,12787950
XAGUSD,20210816,0500,23.650,23.650,23.542,23.568,35866800
XAGUSD,20210816,0600,23.572,23.592,23.510,23.547,47078500
XAGUSD,20210816,0700,23.546,23.581,23.485,23.492,64997260
XAGUSD,20210816,0800,23.492,23.585,23.480,23.555,39677160
XAGUSD,20210816,0900,23.555,23.555,23.480,23.542,30978560
XAGUSD,20210816,1000,23.542,23.568,23.520,23.527,26079600
XAGUSD,20210816,1100,23.525,23.533,23.410,23.460,55715720
XAGUSD,20210816,1200,23.465,23.694,23.460,23.660,103546900
XAGUSD,20210816,1300,23.660,23.780,23.650,23.681,148420600
XAGUSD,20210816,1400,23.684,23.796,23.621,23.777,104746700
XAGUSD,20210816,1500,23.774,23.806,23.737,23.792,67476400
XAGUSD,20210816,1600,23.793,23.817,23.742,23.795,30508700
XAGUSD,20210816,1700,23.790,23.852,23.777,23.841,28153990
XAGUSD,20210816,1800,23.842,23.890,23.820,23.877,19815400
XAGUSD,20210816,1900,23.881,23.892,23.845,23.845,12551600
XAGUSD,20210816,2000,23.854,23.876,23.822,23.822,10961300
XAGUSD,20210816,2200,23.818,23.856,23.818,23.854,6645650
XAGUSD,20210816,2300,23.855,23.886,23.855,23.880,12078600
XAGUSD,20210817,0000,23.887,23.887,23.842,23.851,20177700
XAGUSD,20210817,0100,23.854,23.913,23.779,23.824,92689320
XAGUSD,20210817,0200,23.818,23.847,23.778,23.803,96406800
XAGUSD,20210817,0300,23.802,23.883,23.799,23.859,35178100
XAGUSD,20210817,0400,23.860,23.887,23.848,23.858,14471100
XAGUSD,20210817,0500,23.859,23.947,23.844,23.921,35619700
XAGUSD,20210817,0600,23.925,23.947,23.834,23.849,70544900
XAGUSD,20210817,0700,23.850,23.896,23.830,23.860,62966800
XAGUSD,20210817,0800,23.861,23.914,23.847,23.897,38597700
XAGUSD,20210817,0900,23.896,23.904,23.860,23.874,45021100
XAGUSD,20210817,1000,23.873,23.897,23.868,23.885,26565000
XAGUSD,20210817,1100,23.886,23.887,23.827,23.830,31978800
XAGUSD,20210817,1200,23.831,23.910,23.724,23.744,95480200
XAGUSD,20210817,1300,23.733,23.893,23.710,23.793,93559800
XAGUSD,20210817,1400,23.795,23.806,23.557,23.654,154046920
XAGUSD,20210817,1500,23.650,23.663,23.588,23.643,69280600
XAGUSD,20210817,1600,23.638,23.680,23.605,23.617,87161300
XAGUSD,20210817,1700,23.619,23.683,23.600,23.606,61420200
XAGUSD,20210817,1800,23.617,23.631,23.575,23.603,52993200
XAGUSD,20210817,1900,23.601,23.643,23.591,23.638,26000400
XAGUSD,20210817,2000,23.637,23.652,23.552,23.552,4599550
XAGUSD,20210817,2200,23.641,23.672,23.641,23.648,6297130
XAGUSD,20210817,2300,23.652,23.660,23.640,23.653,7683800
XAGUSD,20210818,0000,23.653,23.673,23.630,23.651,12702100
XAGUSD,20210818,0100,23.653,23.747,23.637,23.741,50475100
XAGUSD,20210818,0200,23.746,23.780,23.713,23.765,133651300
XAGUSD,20210818,0300,23.778,23.806,23.757,23.765,41918200
XAGUSD,20210818,0400,23.763,23.771,23.720,23.738,21485200
XAGUSD,20210818,0500,23.734,23.774,23.703,23.770,56974700
XAGUSD,20210818,0600,23.765,23.793,23.710,23.760,59304820
XAGUSD,20210818,0700,23.763,23.818,23.741,23.741,51518600
XAGUSD,20210818,0800,23.747,23.752,23.706,23.727,50946250
XAGUSD,20210818,0900,23.718,23.739,23.698,23.715,51451000
XAGUSD,20210818,1000,23.716,23.725,23.672,23.673,35063900
XAGUSD,20210818,1100,23.680,23.736,23.639,23.726,51399600
XAGUSD,20210818,1200,23.722,23.748,23.673,23.681,96460400
XAGUSD,20210818,1300,23.680,23.702,23.477,23.519,157981900
XAGUSD,20210818,1400,23.517,23.539,23.279,23.408,126760790
XAGUSD,20210818,1500,23.403,23.457,23.338,23.451,61317000
XAGUSD,20210818,1600,23.453,23.481,23.418,23.429,30138700
XAGUSD,20210818,1700,23.429,23.447,23.353,23.360,30379900
XAGUSD,20210818,1800,23.363,23.604,23.358,23.481,157156300
XAGUSD,20210818,1900,23.488,23.526,23.426,23.475,57837700
XAGUSD,20210818,2000,23.480,23.517,23.443,23.478,13753310
XAGUSD,20210818,2200,23.494,23.525,23.491,23.510,8235850
XAGUSD,20210818,2300,23.511,23.520,23.487,23.490,10777470
XAGUSD,20210819,0000,23.490,23.500,23.383,23.398,38216570
XAGUSD,20210819,0100,23.407,23.429,23.258,23.268,129172500
XAGUSD,20210819,0200,23.265,23.308,23.189,23.217,99305850
XAGUSD,20210819,0300,23.225,23.225,23.076,23.213,114605100
XAGUSD,20210819,0400,23.213,23.213,23.163,23.179,14442500
XAGUSD,20210819,0500,23.174,23.287,23.167,23.237,46781500
XAGUSD,20210819,0600,23.238,23.321,23.148,23.299,78258800
XAGUSD,20210819,0700,23.299,23.316,23.229,23.262,98521500
XAGUSD,20210819,0800,23.266,23.378,23.187,23.314,87353090
XAGUSD,20210819,0900,23.315,23.362,23.265,23.351,71942240
XAGUSD,20210819,1000,23.339,23.354,23.302,23.324,34178400
XAGUSD,20210819,1100,23.324,23.372,23.288,23.323,41342900
XAGUSD,20210819,1200,23.327,23.408,23.296,23.370,117020830
XAGUSD,20210819,1300,23.370,23.508,23.276,23.348,156981160
XAGUSD,20210819,1400,23.347,23.362,23.221,23.261,178664540
XAGUSD,20210819,1500,23.265,23.331,23.238,23.278,85164920
XAGUSD,20210819,1600,23.279,23.284,23.221,23.278,57518100
XAGUSD,20210819,1700,23.280,23.285,23.205,23.211,41730020
XAGUSD,20210819,1800,23.214,23.222,23.127,23.182,56781300
XAGUSD,20210819,1900,23.182,23.236,23.146,23.223,28182300
XAGUSD,20210819,2000,23.226,23.249,23.110,23.110,6082500
XAGUSD,20210819,2200,23.189,23.260,23.188,23.240,9624820
XAGUSD,20210819,2300,23.235,23.250,23.195,23.210,17675170
XAGUSD,20210820,0000,23.207,23.266,23.207,23.265,25323000
XAGUSD,20210820,0100,23.260,23.300,23.224,23.245,101266600
XAGUSD,20210820,0200,23.245,23.276,23.199,23.235,35585300
XAGUSD,20210820,0300,23.230,23.250,23.206,23.250,19255200
XAGUSD,20210820,0400,23.250,23.284,23.242,23.257,13865300
XAGUSD,20210820,0500,23.251,23.272,23.145,23.272,81317620
XAGUSD,20210820,0600,23.270,23.316,23.229,23.272,140421000
XAGUSD,20210820,0700,23.276,23.281,23.204,23.214,55332120
XAGUSD,20210820,0800,23.215,23.249,23.078,23.117,52300290
XAGUSD,20210820,0900,23.119,23.170,23.100,23.140,25429980
XAGUSD,20210820,1000,23.140,23.200,23.074,23.194,44164520
XAGUSD,20210820,1100,23.197,23.231,23.183,23.219,57134000
XAGUSD,20210820,1200,23.225,23.265,23.143,23.149,68554760
XAGUSD,20210820,1300,23.149,23.220,23.021,23.165,177870540
XAGUSD,20210820,1400,23.164,23.165,22.863,23.007,182053870
XAGUSD,20210820,1500,23.008,23.173,22.967,23.168,85199600
XAGUSD,20210820,1600,23.168,23.246,23.152,23.163,61808170
XAGUSD,20210820,1700,23.173,23.183,23.062,23.080,47553420
XAGUSD,20210820,1800,23.079,23.081,23.029,23.055,32898870
XAGUSD,20210820,1900,23.051,23.064,23.033,23.042,10921400
XAGUSD,20210820,2000,23.042,23.044,22.985,22.985,6081800
XAGUSD,20210822,2200,22.998,23.078,22.963,22.999,15306660
XAGUSD,20210822,2300,22.999,23.014,22.975,22.991,11591370
XAGUSD,20210823,0000,22.989,23.067,22.962,23.050,28644310
XAGUSD,20210823,0100,23.052,23.192,22.973,23.157,108756300
XAGUSD,20210823,0200,23.157,23.232,23.136,23.219,73858300
XAGUSD,20210823,0300,23.219,23.271,23.183,23.198,39016400
XAGUSD,20210823,0400,23.199,23.221,23.179,23.209,15401300
XAGUSD,20210823,0500,23.200,23.298,23.200,23.237,34068940
XAGUSD,20210823,0600,23.240,23.259,23.194,23.241,55555980
XAGUSD,20210823,0700,23.238,23.280,23.150,23.250,80456610
XAGUSD,20210823,0800,23.251,23.401,23.233,23.395,69400460
XAGUSD,20210823,0900,23.394,23.425,23.354,23.390,82954600
XAGUSD,20210823,1000,23.389,23.421,23.351,23.408,68105170
XAGUSD,20210823,1100,23.410,23.510,23.403,23.445,88234300
XAGUSD,20210823,1200,23.446,23.577,23.391,23.553,129968380
XAGUSD,20210823,1300,23.553,23.663,23.515,23.604,216704660
XAGUSD,20210823,1400,23.604,23.615,23.433,23.598,135348350
XAGUSD,20210823,1500,23.601,23.671,23.561,23.650,67144300
XAGUSD,20210823,1600,23.654,23.686,23.615,23.621,31532420
XAGUSD,20210823,1700,23.623,23.646,23.590,23.604,33800500
XAGUSD,20210823,1800,23.605,23.635,23.583,23.619,14350700
XAGUSD,20210823,1900,23.620,23.630,23.585,23.598,12199810
XAGUSD,20210823,2000,23.600,23.630,23.596,23.621,7865840
XAGUSD,20210823,2200,23.610,23.637,23.603,23.611,4682550
XAGUSD,20210823,2300,23.611,23.616,23.586,23.593,5393200
XAGUSD,20210824,0000,23.593,23.598,23.548,23.552,9671900
XAGUSD,20210824,0100,23.553,23.614,23.522,23.604,39556800
XAGUSD,20210824,0200,23.606,23.637,23.559,23.620,24605800
XAGUSD,20210824,0300,23.617,23.623,23.555,23.575,10391100
XAGUSD,20210824,0400,23.575,23.581,23.575,23.581,2902550
XAGUSD,20210824,0500,23.581,23.619,23.575,23.593,34474600
XAGUSD,20210824,0600,23.593,23.646,23.575,23.606,43570700
XAGUSD,20210824,0700,23.608,23.623,23.575,23.606,48128650
XAGUSD,20210824,0800,23.605,23.635,23.575,23.599,37375800
XAGUSD,20210824,0900,23.604,23.678,23.589,23.645,29574000
XAGUSD,20210824,1000,23.645,23.726,23.636,23.701,26305100
XAGUSD,20210824,1100,23.701,23.747,23.680,23.714,38978900
XAGUSD,20210824,1200,23.712,23.801,23.624,23.795,147262970
XAGUSD,20210824,1300,23.798,23.878,23.709,23.858,208508500
XAGUSD,20210824,1400,23.859,23.944,23.822,23.828,176049290
XAGUSD,20210824,1500,23.827,23.886,23.815,23.844,71989740
XAGUSD,20210824,1600,23.846,23.860,23.807,23.845,32060720
XAGUSD,20210824,1700,23.850,23.907,23.838,23.893,32601420
XAGUSD,20210824,1800,23.886,23.940,23.869,23.939,17479800
XAGUSD,20210824,1900,23.934,23.940,23.840,23.840,24937400
XAGUSD,20210824,2000,23.838,23.876,23.831,23.831,9522970
XAGUSD,20210824,2200,23.808,23.843,23.804,23.808,5284970
XAGUSD,20210824,2300,23.806,23.822,23.801,23.816,4543500
XAGUSD,20210825,0000,23.819,23.846,23.688,23.723,20062250
XAGUSD,20210825,0100,23.721,23.755,23.695,23.719,46808970
XAGUSD,20210825,0200,23.722,23.730,23.657,23.713,39295400
XAGUSD,20210825,0300,23.715,23.715,23.662,23.675,18667200
XAGUSD,20210825,0400,23.676,23.686,23.641,23.679,15502300
XAGUSD,20210825,0500,23.684,23.748,23.670,23.712,24066900
XAGUSD,20210825,0600,23.710,23.739,23.664,23.675,25837870
XAGUSD,20210825,0700,23.675,23.767,23.675,23.731,48072700
XAGUSD,20210825,0800,23.732,23.799,23.690,23.773,49057200
XAGUSD,20210825,0900,23.772,23.823,23.744,23.792,70120600
XAGUSD,20210825,1000,23.790,23.800,23.716,23.757,61551900
XAGUSD,20210825,1100,23.756,23.766,23.675,23.753,64718100
XAGUSD,20210825,1200,23.751,23.855,23.708,23.820,144609500
XAGUSD,20210825,1300,23.819,23.857,23.616,23.702,265295640
XAGUSD,20210825,1400,23.702,23.725,23.575,23.668,257910670
XAGUSD,20210825,1500,23.665,23.762,23.656,23.761,97773020
XAGUSD,20210825,1600,23.762,23.786,23.740,23.760,51505500
XAGUSD,20210825,1700,23.760,23.808,23.740,23.804,36435400
XAGUSD,20210825,1800,23.804,23.884,23.802,23.873,29225490
XAGUSD,20210825,1900,23.862,23.877,23.826,23.837,30988200
XAGUSD,20210825,2000,23.845,23.850,23.805,23.805,8613150
XAGUSD,20210825,2200,23.826,23.851,23.814,23.839,9687470
XAGUSD,20210825,2300,23.840,23.861,23.823,23.850,5881380
XAGUSD,20210826,0000,23.850,23.863,23.827,23.832,24570820
XAGUSD,20210826,0100,23.825,23.856,23.775,23.828,35330020
XAGUSD,20210826,0200,23.825,23.834,23.749,23.790,35464770
XAGUSD,20210826,0300,23.780,23.792,23.738,23.761,44994860
XAGUSD,20210826,0400,23.762,23.768,23.738,23.752,29977730
XAGUSD,20210826,0500,23.748,23.764,23.685,23.685,79094400
XAGUSD,20210826,0600,23.693,23.727,23.599,23.617,106502830
XAGUSD,20210826,0700,23.611,23.748,23.610,23.701,66227200
XAGUSD,20210826,0800,23.708,23.708,23.636,23.643,53339700
XAGUSD,20210826,0900,23.646,23.702,23.631,23.684,55620400
XAGUSD,20210826,1000,23.684,23.719,23.656,23.679,62996100
XAGUSD,20210826,1100,23.679,23.725,23.656,23.705,70361440
XAGUSD,20210826,1200,23.699,23.727,23.483,23.549,144668730
XAGUSD,20210826,1300,23.551,23.674,23.438,23.636,187879690
XAGUSD,20210826,1400,23.635,23.720,23.521,23.604,138323600
XAGUSD,20210826,1500,23.606,23.688,23.525,23.555,73067510
XAGUSD,20210826,1600,23.553,23.580,23.541,23.549,28372200
XAGUSD,20210826,1700,23.550,23.590,23.492,23.499,26705520
XAGUSD,20210826,1800,23.496,23.524,23.421,23.495,20324000
XAGUSD,20210826,1900,23.488,23.579,23.484,23.570,14027080
XAGUSD,20210826,2000,23.572,23.575,23.515,23.541,8179100
XAGUSD,20210826,2200,23.552,23.577,23.552,23.558,5061600
XAGUSD,20210826,2300,23.567,23.585,23.561,23.575,3831700
XAGUSD,20210827,0000,23.572,23.579,23.540,23.565,17681800
XAGUSD,20210827,0100,23.558,23.598,23.528,23.559,77169070
XAGUSD,20210827,0200,23.573,23.658,23.561,23.580,67521500
XAGUSD,20210827,0300,23.588,23.630,23.579,23.609,32866800
XAGUSD,20210827,0400,23.608,23.622,23.586,23.616,21285000
XAGUSD,20210827,0500,23.608,23.693,23.594,23.653,51093120
XAGUSD,20210827,0600,23.658,23.770,23.656,23.735,75979000
XAGUSD,20210827,0700,23.741,23.752,23.666,23.696,56907120
XAGUSD,20210827,0800,23.695,23.705,23.606,23.648,44855100
XAGUSD,20210827,0900,23.647,23.657,23.623,23.648,21856300
XAGUSD,20210827,1000,23.648,23.651,23.582,23.597,34067470
XAGUSD,20210827,1100,23.588,23.657,23.558,23.649,30983600
XAGUSD,20210827,1200,23.649,23.657,23.549,23.612,58865700
XAGUSD,20210827,1300,23.616,23.643,23.333,23.472,161882110
XAGUSD,20210827,1400,23.470,23.997,23.332,23.947,258925920
XAGUSD,20210827,1500,23.946,23.975,23.825,23.963,134853000
XAGUSD,20210827,1600,23.966,24.038,23.937,24.017,93935700
XAGUSD,20210827,1700,24.025,24.108,23.996,24.043,74387100
XAGUSD,20210827,1800,24.044,24.067,23.999,24.033,41690400
XAGUSD,20210827,1900,24.033,24.086,24.020,24.086,36987470
XAGUSD,20210827,2000,24.081,24.081,23.983,24.000,7177750
XAGUSD,20210829,2200,23.982,24.085,23.969,24.050,4871870
XAGUSD,20210829,2300,24.053,24.080,24.040,24.070,3389500
XAGUSD,20210830,0000,24.073,24.099,24.026,24.097,11832600
XAGUSD,20210830,0100,24.099,24.203,24.057,24.121,55386770
XAGUSD,20210830,0200,24.118,24.121,24.046,24.051,27903480
XAGUSD,20210830,0300,24.051,24.083,24.034,24.064,14781270
XAGUSD,20210830,0400,24.064,24.089,24.048,24.064,6317240
XAGUSD,20210830,0500,24.060,24.104,23.985,23.993,24689320
XAGUSD,20210830,0600,23.994,24.003,23.937,23.972,50004720
XAGUSD,20210830,0700,23.972,24.019,23.939,24.017,32647300
XAGUSD,20210830,0800,24.013,24.016,23.967,24.011,21994070
XAGUSD,20210830,0900,24.011,24.032,23.990,24.032,19860410
XAGUSD,20210830,1000,24.033,24.105,24.018,24.094,12064730
XAGUSD,20210830,1100,24.098,24.183,24.094,24.158,24285760
XAGUSD,20210830,1200,24.154,24.191,24.092,24.092,55477070
XAGUSD,20210830,1300,24.092,24.151,23.950,23.956,116028140
XAGUSD,20210830,1400,23.956,24.009,23.898,24.000,125634340
XAGUSD,20210830,1500,23.997,24.011,23.906,23.937,71230400
XAGUSD,20210830,1600,23.943,23.972,23.919,23.960,42511600
XAGUSD,20210830,1700,23.968,23.977,23.931,23.972,27653340
XAGUSD,20210830,1800,23.968,24.017,23.943,24.017,15413900
XAGUSD,20210830,1900,24.016,24.047,23.998,24.032,9970200
XAGUSD,20210830,2000,24.027,24.037,24.003,24.003,11757900
XAGUSD,20210830,2200,24.013,24.020,24.004,24.015,3900350
XAGUSD,20210830,2300,24.014,24.027,24.005,24.022,4140100
XAGUSD,20210831,0000,24.024,24.057,23.994,24.045,19627500
XAGUSD,20210831,0100,24.053,24.087,24.002,24.046,47171920
XAGUSD,20210831,0200,24.044,24.049,23.953,23.955,35068300
XAGUSD,20210831,0300,23.966,24.068,23.947,24.063,33170400
XAGUSD,20210831,0400,24.067,24.079,24.049,24.070,12583800
XAGUSD,20210831,0500,24.075,24.194,24.075,24.180,45648100
XAGUSD,20210831,0600,24.166,24.198,24.098,24.152,89768620
XAGUSD,20210831,0700,24.157,24.177,24.108,24.133,57280020
XAGUSD,20210831,0800,24.132,24.153,24.079,24.093,57530500
XAGUSD,20210831,0900,24.099,24.158,24.091,24.115,54586600
XAGUSD,20210831,1000,24.114,24.188,24.049,24.054,65656320
XAGUSD,20210831,1100,24.058,24.090,24.029,24.063,70922400
XAGUSD,20210831,1200,24.062,24.093,24.004,24.015,110762120
XAGUSD,20210831,1300,24.017,24.145,23.857,24.015,220502830
XAGUSD,20210831,1400,24.003,24.073,23.809,23.870,193131090
XAGUSD,20210831,1500,23.867,23.914,23.792,23.865,127691870
XAGUSD,20210831,1600,23.877,23.943,23.848,23.932,71133900
XAGUSD,20210831,1700,23.934,23.983,23.919,23.932,53645600
XAGUSD,20210831,1800,23.933,23.938,23.909,23.925,23863900
XAGUSD,20210831,1900,23.927,23.937,23.875,23.898,25187300
XAGUSD,20210831,2000,23.890,23.913,23.866,23.866,13354200
XAGUSD,20210831,2200,23.854,23.899,23.853,23.866,6301950
XAGUSD,20210831,2300,23.871,23.907,23.864,23.893,6314300
XAGUSD,20210901,0000,23.897,23.904,23.848,23.871,25828470
XAGUSD,20210901,0100,23.869,23.908,23.821,23.856,54102540
XAGUSD,20210901,0200,23.850,23.891,23.834,23.865,41873290
XAGUSD,20210901,0300,23.865,23.894,23.852,23.884,20684600
XAGUSD,20210901,0400,23.887,23.904,23.865,23.877,11838360
XAGUSD,20210901,0500,23.877,23.887,23.738,23.846,52476260
XAGUSD,20210901,0600,23.843,23.892,23.802,23.853,57760600
XAGUSD,20210901,0700,23.854,23.867,23.777,23.801,110115600
XAGUSD,20210901,0800,23.800,23.841,23.773,23.834,75065100
XAGUSD,20210901,0900,23.828,23.913,23.807,23.875,28156100
XAGUSD,20210901,1000,23.883,23.915,23.866,23.906,34032300
XAGUSD,20210901,1100,23.910,23.975,23.892,23.951,73843100
XAGUSD,20210901,1200,23.945,24.142,23.935,24.129,161144930
XAGUSD,20210901,1300,24.128,24.258,23.970,24.211,208765060
XAGUSD,20210901,1400,24.201,24.236,24.104,24.104,202467530
XAGUSD,20210901,1500,24.109,24.214,24.067,24.206,79510140
XAGUSD,20210901,1600,24.208,24.241,24.171,24.182,46455100
XAGUSD,20210901,1700,24.189,24.189,24.122,24.133,29022800
XAGUSD,20210901,1800,24.133,24.157,24.092,24.118,23074400
XAGUSD,20210901,1900,24.125,24.170,24.113,24.148,16914700
XAGUSD,20210901,2000,24.147,24.148,24.112,24.112,7292600
XAGUSD,20210901,2200,24.109,24.144,24.109,24.142,3497700
XAGUSD,20210901,2300,24.144,24.154,24.130,24.138,4337700
XAGUSD,20210902,0000,24.143,24.165,24.112,24.136,45681900
XAGUSD,20210902,0100,24.138,24.208,24.110,24.116,77045420
XAGUSD,20210902,0200,24.122,24.173,24.113,24.143,43922100
XAGUSD,20210902,0300,24.145,24.151,24.089,24.100,40708200
XAGUSD,20210902,0400,24.101,24.114,24.091,24.102,11474920
XAGUSD,20210902,0500,24.100,24.168,24.094,24.164,31850400
XAGUSD,20210902,0600,24.164,24.182,24.133,24.166,67275400
XAGUSD,20210902,0700,24.169,24.185,24.093,24.178,55623320
XAGUSD,20210902,0800,24.166,24.191,24.140,24.169,46505000
XAGUSD,20210902,0900,24.161,24.209,24.146,24.194,34408500
XAGUSD,20210902,1000,24.194,24.198,24.134,24.148,30441200
XAGUSD,20210902,1100,24.142,24.188,24.091,24.164,43250400
XAGUSD,20210902,1200,24.165,24.183,24.049,24.094,93985500
XAGUSD,20210902,1300,24.089,24.105,23.878,23.955,147028980
XAGUSD,20210902,1400,23.955,23.971,23.776,23.919,100041120
XAGUSD,20210902,1500,23.913,23.937,23.825,23.843,54880300
XAGUSD,20210902,1600,23.843,23.883,23.826,23.876,29170500
XAGUSD,20210902,1700,23.880,23.901,23.855,23.896,17014560
XAGUSD,20210902,1800,23.894,23.913,23.863,23.887,16480500
XAGUSD,20210902,1900,23.888,23.895,23.868,23.886,11629600
XAGUSD,20210902,2000,23.887,23.894,23.756,23.756,5552200
XAGUSD,20210902,2200,23.885,23.894,23.867,23.877,3224450
XAGUSD,20210902,2300,23.878,23.891,23.869,23.879,4208900
XAGUSD,20210903,0000,23.879,23.926,23.865,23.924,12121000
XAGUSD,20210903,0100,23.924,23.943,23.868,23.903,43353800
XAGUSD,20210903,0200,23.906,23.948,23.892,23.923,31923400
XAGUSD,20210903,0300,23.925,23.936,23.911,23.918,25084200
XAGUSD,20210903,0400,23.918,23.921,23.896,23.916,8746000
XAGUSD,20210903,0500,23.914,23.940,23.882,23.929,22551700
XAGUSD,20210903,0600,23.927,23.984,23.920,23.984,33386700
XAGUSD,20210903,0700,23.984,23.997,23.929,23.945,35809400
XAGUSD,20210903,0800,23.937,24.010,23.934,23.960,33426000
XAGUSD,20210903,0900,23.962,24.013,23.936,24.005,21960000
XAGUSD,20210903,1000,23.999,24.061,23.999,24.049,23271100
XAGUSD,20210903,1100,24.053,24.100,24.032,24.077,27700000
XAGUSD,20210903,1200,24.069,24.343,24.021,24.316,209810020
XAGUSD,20210903,1300,24.316,24.481,24.297,24.467,210115980
XAGUSD,20210903,1400,24.471,24.746,24.408,24.741,133513120
XAGUSD,20210903,1500,24.743,24.863,24.668,24.703,96944950
XAGUSD,20210903,1600,24.696,24.722,24.649,24.717,44038040
XAGUSD,20210903,1700,24.716,24.749,24.680,24.689,58547100
XAGUSD,20210903,1800,24.688,24.705,24.665,24.703,15384100
XAGUSD,20210903,1900,24.702,24.718,24.688,24.694,12145300
XAGUSD,20210903,2000,24.698,24.722,24.669,24.712,6964630
XAGUSD,20210905,2200,24.747,24.791,24.687,24.749,8888520
XAGUSD,20210905,2300,24.754,24.754,24.707,24.733,5647280
XAGUSD,20210906,0000,24.733,24.738,24.677,24.682,11323000
XAGUSD,20210906,0100,24.683,24.800,24.655,24.740,50636970
XAGUSD,20210906,0200,24.739,24.760,24.691,24.727,29034400
XAGUSD,20210906,0300,24.728,24.760,24.711,24.716,12718470
XAGUSD,20210906,0400,24.717,24.776,24.714,24.763,8145600
XAGUSD,20210906,0500,24.764,24.803,24.724,24.789,17917880
XAGUSD,20210906,0600,24.788,24.801,24.745,24.777,32667410
XAGUSD,20210906,0700,24.771,24.812,24.751,24.781,16745580
XAGUSD,20210906,0800,24.779,24.810,24.733,24.737,24004960
XAGUSD,20210906,0900,24.741,24.754,24.727,24.734,17858320
XAGUSD,20210906,1000,24.734,24.744,24.679,24.695,14927120
XAGUSD,20210906,1100,24.695,24.732,24.687,24.720,20636900
XAGUSD,20210906,1200,24.723,24.733,24.642,24.649,23070620
XAGUSD,20210906,1300,24.650,24.696,24.632,24.686,36120450
XAGUSD,20210906,1400,24.689,24.706,24.625,24.644,26495290
XAGUSD,20210906,1500,24.645,24.669,24.627,24.649,13508500
XAGUSD,20210906,1600,24.649,24.684,24.643,24.678,8956300
XAGUSD,20210906,2200,24.672,24.691,24.639,24.664,8927800
XAGUSD,20210906,2300,24.665,24.675,24.654,24.669,3617900
XAGUSD,20210907,0000,24.663,24.714,24.652,24.709,13096400
XAGUSD,20210907,0100,24.707,24.817,24.704,24.779,48916100
XAGUSD,20210907,0200,24.773,24.784,24.707,24.724,32663540
XAGUSD,20210907,0300,24.725,24.729,24.633,24.642,32648820
XAGUSD,20210907,0400,24.649,24.660,24.607,24.625,20747920
XAGUSD,20210907,0500,24.623,24.627,24.537,24.589,36330070
XAGUSD,20210907,0600,24.591,24.595,24.497,24.563,42944500
XAGUSD,20210907,0700,24.558,24.610,24.512,24.561,46940130
XAGUSD,20210907,0800,24.557,24.558,24.333,24.411,48399510
XAGUSD,20210907,0900,24.410,24.419,24.284,24.310,48167550
XAGUSD,20210907,1000,24.307,24.341,24.227,24.233,45328920
XAGUSD,20210907,1100,24.235,24.313,24.207,24.285,49697380
XAGUSD,20210907,1200,24.279,24.420,24.269,24.367,66446190
XAGUSD,20210907,1300,24.368,24.552,24.338,24.472,120105500
XAGUSD,20210907,1400,24.477,24.484,24.151,24.261,139501770
XAGUSD,20210907,1500,24.261,24.333,24.217,24.320,61233200
XAGUSD,20210907,1600,24.317,24.353,24.306,24.322,30099870
XAGUSD,20210907,1700,24.324,24.346,24.305,24.336,20068600
XAGUSD,20210907,1800,24.341,24.373,24.336,24.341,16481600
XAGUSD,20210907,1900,24.343,24.356,24.304,24.309,14855780
XAGUSD,20210907,2000,24.309,24.324,24.289,24.290,6921660
XAGUSD,20210907,2200,24.305,24.331,24.303,24.317,5678950
XAGUSD,20210907,2300,24.318,24.326,24.302,24.313,4897100
XAGUSD,20210908,0000,24.315,24.384,24.303,24.378,13293100
XAGUSD,20210908,0100,24.379,24.388,24.310,24.324,70479500
XAGUSD,20210908,0200,24.331,24.402,24.321,24.345,91171000
XAGUSD,20210908,0300,24.344,24.375,24.280,24.310,91196120
XAGUSD,20210908,0400,24.308,24.327,24.296,24.326,19931300
XAGUSD,20210908,0500,24.322,24.340,24.283,24.321,33624560
XAGUSD,20210908,0600,24.322,24.352,24.263,24.282,63266000
XAGUSD,20210908,0700,24.278,24.392,24.253,24.373,57061770
XAGUSD,20210908,0800,24.379,24.380,24.304,24.346,44661400
XAGUSD,20210908,0900,24.351,24.359,24.313,24.323,35094400
XAGUSD,20210908,1000,24.325,24.336,24.298,24.305,23530400
XAGUSD,20210908,1100,24.300,24.372,24.281,24.296,30898200
XAGUSD,20210908,1200,24.296,24.399,24.201,24.202,66618670
XAGUSD,20210908,1300,24.203,24.279,23.932,24.059,147184310
XAGUSD,20210908,1400,24.059,24.115,23.894,23.971,130364730
XAGUSD,20210908,1500,23.971,24.048,23.943,23.968,81171060
XAGUSD,20210908,1600,23.969,24.032,23.941,24.020,57637570
XAGUSD,20210908,1700,24.019,24.048,23.983,24.003,32222280
XAGUSD,20210908,1800,24.003,24.033,23.998,24.007,13669770
XAGUSD,20210908,1900,24.007,24.007,23.937,23.937,11361350
XAGUSD,20210908,2000,23.939,23.954,23.900,23.922,5694420
XAGUSD,20210908,2200,23.911,23.968,23.911,23.938,3678140
XAGUSD,20210908,2300,23.932,23.973,23.923,23.973,9307340
XAGUSD,20210909,0000,23.973,23.973,23.926,23.954,13746460
XAGUSD,20210909,0100,23.955,23.957,23.874,23.947,34134140
XAGUSD,20210909,0200,23.949,23.991,23.925,23.959,18234820
XAGUSD,20210909,0300,23.949,23.966,23.914,23.928,15992700
XAGUSD,20210909,0400,23.926,23.937,23.882,23.907,7162700
XAGUSD,20210909,0500,23.907,23.917,23.831,23.850,24882430
XAGUSD,20210909,0600,23.850,23.900,23.841,23.846,59131400
XAGUSD,20210909,0700,23.846,24.040,23.843,24.022,42354700
XAGUSD,20210909,0800,24.023,24.095,24.023,24.087,36552300
XAGUSD,20210909,0900,24.091,24.114,24.049,24.104,33823000
XAGUSD,20210909,1000,24.104,24.134,24.089,24.123,24561820
XAGUSD,20210909,1100,24.118,24.282,24.116,24.265,57392000
XAGUSD,20210909,1200,24.266,24.282,24.085,24.108,71940200
XAGUSD,20210909,1300,24.109,24.247,24.014,24.063,100073940
XAGUSD,20210909,1400,24.062,24.077,23.925,24.031,92487070
XAGUSD,20210909,1500,24.034,24.069,24.008,24.050,55553300
XAGUSD,20210909,1600,24.053,24.089,24.024,24.036,28751300
XAGUSD,20210909,1700,24.035,24.143,24.035,24.086,41025820
XAGUSD,20210909,1800,24.086,24.086,23.999,24.030,19954000
XAGUSD,20210909,1900,24.032,24.065,23.982,24.054,16806000
XAGUSD,20210909,2000,24.052,24.059,24.001,24.001,5953700
XAGUSD,20210909,2200,24.032,24.048,24.008,24.023,9441500
XAGUSD,20210909,2300,24.023,24.048,24.015,24.038,14032600
XAGUSD,20210910,0000,24.038,24.058,24.000,24.028,18181440
XAGUSD,20210910,0100,24.031,24.043,23.944,23.986,67794000
XAGUSD,20210910,0200,23.988,24.178,23.971,24.169,50200300
XAGUSD,20210910,0300,24.170,24.190,24.149,24.166,33278700
XAGUSD,20210910,0400,24.164,24.168,24.140,24.148,11780100
XAGUSD,20210910,0500,24.145,24.290,24.141,24.214,41425800
XAGUSD,20210910,0600,24.212,24.237,24.175,24.223,43237800
XAGUSD,20210910,0700,24.223,24.255,24.194,24.253,33946400
XAGUSD,20210910,0800,24.254,24.276,24.176,24.233,41761260
XAGUSD,20210910,0900,24.226,24.246,24.104,24.113,26882900
XAGUSD,20210910,1000,24.122,24.127,24.012,24.035,41833500
XAGUSD,20210910,1100,24.032,24.108,24.004,24.095,29434500
XAGUSD,20210910,1200,24.096,24.136,24.012,24.025,69706190
XAGUSD,20210910,1300,24.021,24.137,23.990,24.121,113927900
XAGUSD,20210910,1400,24.123,24.149,24.032,24.089,83808670
XAGUSD,20210910,1500,24.089,24.092,23.858,23.888,65137040
XAGUSD,20210910,1600,23.888,23.892,23.795,23.873,39207100
XAGUSD,20210910,1700,23.867,23.906,23.831,23.849,23204270
XAGUSD,20210910,1800,23.848,23.853,23.793,23.839,19678600
XAGUSD,20210910,1900,23.842,23.850,23.742,23.747,16827400
XAGUSD,20210910,2000,23.747,23.772,23.666,23.725,5804460
XAGUSD,20210912,2200,23.726,23.801,23.726,23.788,10437510
XAGUSD,20210912,2300,23.788,23.790,23.756,23.767,7955120
XAGUSD,20210913,0000,23.762,23.802,23.740,23.795,19188170
XAGUSD,20210913,0100,23.796,23.801,23.666,23.730,61718150
XAGUSD,20210913,0200,23.730,23.777,23.672,23.704,47029600
XAGUSD,20210913,0300,23.704,23.760,23.691,23.752,21813820
XAGUSD,20210913,0400,23.756,23.767,23.709,23.726,15969900
XAGUSD,20210913,0500,23.723,23.773,23.684,23.762,32079300
XAGUSD,20210913,0600,23.765,23.787,23.610,23.620,56738270
XAGUSD,20210913,0700,23.617,23.690,23.595,23.666,40231400
XAGUSD,20210913,0800,23.666,23.708,23.645,23.700,22602400
XAGUSD,20210913,0900,23.700,23.707,23.648,23.701,30066200
XAGUSD,20210913,1000,23.698,23.703,23.597,23.608,20653470
XAGUSD,20210913,1100,23.609,23.643,23.577,23.634,29600600
XAGUSD,20210913,1200,23.632,23.684,23.392,23.397,72976070
XAGUSD,20210913,1300,23.394,23.650,23.366,23.633,144529030
XAGUSD,20210913,1400,23.635,23.832,23.633,23.821,132498870
XAGUSD,20210913,1500,23.819,23.847,23.763,23.768,60592810
XAGUSD,20210913,1600,23.770,23.780,23.731,23.759,25499140
XAGUSD,20210913,1700,23.760,23.774,23.692,23.712,25994610
XAGUSD,20210913,1800,23.711,23.728,23.694,23.713,19086560
XAGUSD,20210913,1900,23.714,23.742,23.694,23.742,16997720
XAGUSD,20210913,2000,23.735,23.751,23.718,23.718,2762500
XAGUSD,20210913,2200,23.729,23.740,23.715,23.725,4052350
XAGUSD,20210913,2300,23.727,23.735,23.723,23.727,4017200
XAGUSD,20210914,0000,23.724,23.738,23.693,23.700,8864100
XAGUSD,20210914,0100,23.700,23.725,23.660,23.698,63217900
XAGUSD,20210914,0200,23.701,23.723,23.676,23.680,35730100
XAGUSD,20210914,0300,23.682,23.682,23.635,23.656,24421500
XAGUSD,20210914,0400,23.656,23.682,23.643,23.654,7544400
XAGUSD,20210914,0500,23.649,23.711,23.633,23.706,26086040
XAGUSD,20210914,0600,23.703,23.723,23.666,23.684,42266900
XAGUSD,20210914,0700,23.691,23.748,23.672,23.702,58681220
XAGUSD,20210914,0800,23.699,23.721,23.661,23.681,52138300
XAGUSD,20210914,0900,23.674,23.686,23.591,23.607,41641000
XAGUSD,20210914,1000,23.610,23.610,23.533,23.541,27236040
XAGUSD,20210914,1100,23.546,23.631,23.442,23.515,47766750
XAGUSD,20210914,1200,23.516,23.818,23.422,23.785,155127670
XAGUSD,20210914,1300,23.784,23.832,23.633,23.670,163811730
XAGUSD,20210914,1400,23.670,23.855,23.602,23.758,133620320
XAGUSD,20210914,1500,23.768,23.870,23.763,23.821,51739900
XAGUSD,20210914,1600,23.829,23.856,23.802,23.841,22630870
XAGUSD,20210914,1700,23.841,23.902,23.819,23.898,24253800
XAGUSD,20210914,1800,23.897,23.955,23.803,23.820,29240700
XAGUSD,20210914,1900,23.822,23.867,23.795,23.857,27768960
XAGUSD,20210914,2000,23.860,23.865,23.807,23.807,7090050
XAGUSD,20210914,2200,23.826,23.844,23.803,23.828,5028250
XAGUSD,20210914,2300,23.831,23.850,23.822,23.843,4730900
XAGUSD,20210915,0000,23.844,23.850,23.798,23.819,37698800
XAGUSD,20210915,0100,23.818,23.837,23.763,23.805,159128370
XAGUSD,20210915,0200,23.808,23.814,23.750,23.778,59983900
XAGUSD,20210915,0300,23.775,23.788,23.739,23.766,31283800
XAGUSD,20210915,0400,23.767,23.768,23.738,23.752,12785700
XAGUSD,20210915,0500,23.741,23.757,23.684,23.710,32247080
XAGUSD,20210915,0600,23.709,23.764,23.653,23.719,54264700
XAGUSD,20210915,0700,23.721,23.786,23.695,23.783,33389100
XAGUSD,20210915,0800,23.784,23.797,23.707,23.780,31314840
XAGUSD,20210915,0900,23.780,23.830,23.762,23.810,13798600
XAGUSD,20210915,1000,23.810,23.822,23.787,23.817,11061400
XAGUSD,20210915,1100,23.821,23.846,23.764,23.786,19507500
XAGUSD,20210915,1200,23.785,23.883,23.651,23.722,72248110
XAGUSD,20210915,1300,23.724,23.901,23.705,23.858,93734940
XAGUSD,20210915,1400,23.858,23.906,23.688,23.765,85508070
XAGUSD,20210915,1500,23.769,23.788,23.700,23.758,40703030
XAGUSD,20210915,1600,23.758,23.759,23.714,23.747,12145260
XAGUSD,20210915,1700,23.747,23.787,23.737,23.744,10949300
XAGUSD,20210915,1800,23.747,23.783,23.725,23.781,10250970
XAGUSD,20210915,1900,23.781,23.828,23.760,23.826,6672970
XAGUSD,20210915,2000,23.826,23.835,23.810,23.834,5888440
XAGUSD,20210915,2200,23.824,23.872,23.824,23.855,6412900
XAGUSD,20210915,2300,23.859,23.890,23.845,23.885,6797900
XAGUSD,20210916,0000,23.884,23.895,23.864,23.877,11155900
XAGUSD,20210916,0100,23.879,23.959,23.823,23.949,34560200
XAGUSD,20210916,0200,23.950,23.955,23.872,23.890,18161600
XAGUSD,20210916,0300,23.890,23.893,23.821,23.832,17348000
XAGUSD,20210916,0400,23.831,23.837,23.799,23.810,9101100
XAGUSD,20210916,0500,23.809,23.862,23.628,23.628,29464610
XAGUSD,20210916,0600,23.629,23.650,23.543,23.604,35450170
XAGUSD,20210916,0700,23.603,23.619,23.526,23.584,23966620
XAGUSD,20210916,0800,23.584,23.612,23.529,23.567,21684100
XAGUSD,20210916,0900,23.568,23.570,23.435,23.500,22600830
XAGUSD,20210916,1000,23.498,23.538,23.451,23.504,22759530
XAGUSD,20210916,1100,23.501,23.501,23.320,23.335,40415800
XAGUSD,20210916,1200,23.335,23.389,23.021,23.080,102419190
XAGUSD,20210916,1300,23.084,23.142,22.629,22.787,143655700
XAGUSD,20210916,1400,22.782,22.813,22.587,22.745,127035620
XAGUSD,20210916,1500,22.744,22.846,22.684,22.796,74491250
XAGUSD,20210916,1600,22.796,22.810,22.729,22.769,27856110
XAGUSD,20210916,1700,22.768,22.858,22.727,22.843,29490190
XAGUSD,20210916,1800,22.848,22.872,22.818,22.837,13869680
XAGUSD,20210916,1900,22.841,22.936,22.829,22.933,19677340
XAGUSD,20210916,2000,22.933,22.935,22.871,22.881,6370290
XAGUSD,20210916,2200,22.897,22.923,22.881,22.897,3669870
XAGUSD,20210916,2300,22.896,22.934,22.893,22.921,6024000
XAGUSD,20210917,0000,22.921,22.948,22.915,22.948,12261400
XAGUSD,20210917,0100,22.948,22.950,22.805,22.812,41419930
XAGUSD,20210917,0200,22.813,22.888,22.812,22.884,18824100
XAGUSD,20210917,0300,22.884,22.939,22.879,22.924,15954000
XAGUSD,20210917,0400,22.925,22.951,22.918,22.945,4630800
XAGUSD,20210917,0500,22.946,22.977,22.917,22.934,19179200
XAGUSD,20210917,0600,22.934,22.973,22.920,22.925,29746600
XAGUSD,20210917,0700,22.923,22.993,22.916,22.959,22934600
XAGUSD,20210917,0800,22.959,23.117,22.943,23.114,31978300
XAGUSD,20210917,0900,23.114,23.125,23.068,23.100,25774600
XAGUSD,20210917,1000,23.097,23.121,22.985,23.015,28406240
XAGUSD,20210917,1100,23.011,23.017,22.921,22.968,28091110
XAGUSD,20210917,1200,22.968,22.978,22.770,22.774,58069180
XAGUSD,20210917,1300,22.779,22.831,22.482,22.530,156013380
XAGUSD,20210917,1400,22.528,22.611,22.330,22.479,130917390
XAGUSD,20210917,1500,22.480,22.554,22.430,22.470,51372810
XAGUSD,20210917,1600,22.471,22.507,22.396,22.403,25880000
XAGUSD,20210917,1700,22.402,22.423,22.320,22.363,20588360
XAGUSD,20210917,1800,22.365,22.429,22.351,22.422,15325550
XAGUSD,20210917,1900,22.419,22.469,22.378,22.379,16448720
XAGUSD,20210917,2000,22.380,22.409,22.364,22.374,5762500
XAGUSD,20210919,2200,22.318,22.424,22.103,22.337,12975670
XAGUSD,20210919,2300,22.332,22.398,22.312,22.363,4742720
XAGUSD,20210920,0000,22.348,22.393,22.332,22.347,6700300
XAGUSD,20210920,0100,22.347,22.347,22.228,22.247,10033200
XAGUSD,20210920,0200,22.244,22.247,22.025,22.126,21851500
XAGUSD,20210920,0300,22.127,22.194,22.111,22.112,15258700
XAGUSD,20210920,0400,22.115,22.263,22.073,22.232,12035700
XAGUSD,20210920,0500,22.232,22.358,22.212,22.330,13675300
XAGUSD,20210920,0600,22.331,22.489,22.323,22.476,26458100
XAGUSD,20210920,0700,22.473,22.484,22.426,22.444,30241220
XAGUSD,20210920,0800,22.444,22.497,22.438,22.472,22348800
XAGUSD,20210920,0900,22.469,22.483,22.429,22.437,24192800
XAGUSD,20210920,1000,22.435,22.502,22.378,22.380,19130400
XAGUSD,20210920,1100,22.380,22.397,22.242,22.317,26162900
XAGUSD,20210920,1200,22.316,22.454,22.287,22.434,61376700
XAGUSD,20210920,1300,22.434,22.439,22.149,22.345,101825540
XAGUSD,20210920,1400,22.344,22.504,22.247,22.413,90320580
XAGUSD,20210920,1500,22.416,22.461,22.274,22.279,34590060
XAGUSD,20210920,1600,22.277,22.287,22.164,22.218,27257970
XAGUSD,20210920,1700,22.215,22.233,22.185,22.224,12538800
XAGUSD,20210920,1800,22.225,22.230,22.150,22.177,19686200
XAGUSD,20210920,1900,22.177,22.262,22.174,22.230,23314860
XAGUSD,20210920,2000,22.230,22.277,22.218,22.237,6925990
XAGUSD,20210920,2200,22.239,22.285,22.239,22.265,3528970
XAGUSD,20210920,2300,22.269,22.294,22.259,22.283,5491770
XAGUSD,20210921,0000,22.282,22.296,22.235,22.242,11514200
XAGUSD,20210921,0100,22.242,22.324,22.232,22.323,17831400
XAGUSD,20210921,0200,22.320,22.332,22.279,22.291,9333720
XAGUSD,20210921,0300,22.286,22.307,22.264,22.275,5373040
XAGUSD,20210921,0400,22.275,22.291,22.229,22.240,3106240
XAGUSD,20210921,0500,22.240,22.293,22.230,22.288,8433070
XAGUSD,20210921,0600,22.283,22.353,22.263,22.274,15553910
XAGUSD,20210921,0700,22.272,22.382,22.257,22.380,30342060
XAGUSD,20210921,0800,22.385,22.549,22.360,22.515,37595570
XAGUSD,20210921,0900,22.510,22.567,22.494,22.561,30793200
XAGUSD,20210921,1000,22.560,22.649,22.533,22.583,20889800
XAGUSD,20210921,1100,22.584,22.601,22.510,22.572,24927470
XAGUSD,20210921,1200,22.572,22.652,22.465,22.518,70734120
XAGUSD,20210921,1300,22.520,22.572,22.445,22.507,87327530
XAGUSD,20210921,1400,22.507,22.559,22.365,22.476,89654590
XAGUSD,20210921,1500,22.474,22.716,22.469,22.619,56988610
XAGUSD,20210921,1600,22.619,22.642,22.585,22.640,28309820
XAGUSD,20210921,1700,22.636,22.658,22.520,22.546,25960420
XAGUSD,20210921,1800,22.544,22.558,22.504,22.547,20058650
XAGUSD,20210921,1900,22.551,22.562,22.493,22.500,16677950
XAGUSD,20210921,2000,22.500,22.509,22.443,22.479,4899870
XAGUSD,20210921,2200,22.461,22.510,22.461,22.490,3399060
XAGUSD,20210921,2300,22.492,22.507,22.480,22.492,3474300
XAGUSD,20210922,0000,22.488,22.494,22.452,22.478,12269100
XAGUSD,20210922,0100,22.479,22.887,22.472,22.750,55913500
XAGUSD,20210922,0200,22.752,22.821,22.697,22.816,15488300
XAGUSD,20210922,0300,22.821,22.836,22.763,22.773,11263900
XAGUSD,20210922,0400,22.774,22.787,22.739,22.755,7358930
XAGUSD,20210922,0500,22.752,22.819,22.744,22.784,14322280
XAGUSD,20210922,0600,22.789,22.861,22.778,22.822,20369990
XAGUSD,20210922,0700,22.817,22.841,22.718,22.727,24144700
XAGUSD,20210922,0800,22.727,22.757,22.674,22.705,19635570
XAGUSD,20210922,0900,22.709,22.719,22.681,22.710,12266220
XAGUSD,20210922,1000,22.707,22.730,22.683,22.722,12321400
XAGUSD,20210922,1100,22.724,22.744,22.656,22.684,16245620
XAGUSD,20210922,1200,22.683,22.785,22.625,22.758,41301870
XAGUSD,20210922,1300,22.761,22.883,22.723,22.750,80429730
XAGUSD,20210922,1400,22.750,22.964,22.735,22.861,65891990
XAGUSD,20210922,1500,22.863,22.965,22.861,22.940,44793580
XAGUSD,20210922,1600,22.940,22.956,22.890,22.910,24873100
XAGUSD,20210922,1700,22.910,22.935,22.813,22.823,25731290
XAGUSD,20210922,1800,22.813,23.136,22.609,22.659,162653680
XAGUSD,20210922,1900,22.660,22.875,22.585,22.661,88359900
XAGUSD,20210922,2000,22.661,22.691,22.614,22.657,8590800
XAGUSD,20210922,2200,22.661,22.731,22.657,22.692,2118660
XAGUSD,20210922,2300,22.692,22.711,22.654,22.676,2829700
XAGUSD,20210923,0000,22.678,22.696,22.607,22.648,6229600
XAGUSD,20210923,0100,22.647,22.652,22.515,22.582,21048490
XAGUSD,20210923,0200,22.582,22.594,22.483,22.559,19111260
XAGUSD,20210923,0300,22.559,22.620,22.542,22.605,9333600
XAGUSD,20210923,0400,22.605,22.626,22.589,22.625,3191400
XAGUSD,20210923,0500,22.625,22.701,22.610,22.629,17570400
XAGUSD,20210923,0600,22.630,22.647,22.572,22.630,27407520
XAGUSD,20210923,0700,22.630,22.750,22.546,22.739,31374200
XAGUSD,20210923,0800,22.739,22.827,22.714,22.752,21763300
XAGUSD,20210923,0900,22.755,22.871,22.745,22.779,21388770
XAGUSD,20210923,1000,22.780,22.820,22.712,22.768,34250490
XAGUSD,20210923,1100,22.769,22.772,22.644,22.664,30305700
XAGUSD,20210923,1200,22.663,22.741,22.606,22.661,57975780
XAGUSD,20210923,1300,22.658,22.688,22.533,22.593,121355670
XAGUSD,20210923,1400,22.596,22.708,22.568,22.701,65187310
XAGUSD,20210923,1500,22.701,22.704,22.588,22.692,44124120
XAGUSD,20210923,1600,22.694,22.724,22.669,22.678,15795890
XAGUSD,20210923,1700,22.677,22.716,22.655,22.691,9061770
XAGUSD,20210923,1800,22.694,22.695,22.610,22.629,9592990
XAGUSD,20210923,1900,22.629,22.629,22.546,22.562,5548000
XAGUSD,20210923,2000,22.561,22.564,22.456,22.485,8823110
XAGUSD,20210923,2200,22.499,22.577,22.499,22.565,4905760
XAGUSD,20210923,2300,22.565,22.578,22.545,22.557,6264300
XAGUSD,20210924,0000,22.558,22.644,22.544,22.633,22049070
XAGUSD,20210924,0100,22.641,22.686,22.598,22.635,43725100
XAGUSD,20210924,0200,22.636,22.654,22.611,22.624,24635500
XAGUSD,20210924,0300,22.621,22.680,22.621,22.673,13663600
XAGUSD,20210924,0400,22.676,22.688,22.631,22.649,8121700
XAGUSD,20210924,0500,22.655,22.787,22.629,22.783,21791470
XAGUSD,20210924,0600,22.782,22.791,22.667,22.675,36454600
XAGUSD,20210924,0700,22.680,22.692,22.603,22.658,39545500
XAGUSD,20210924,0800,22.658,22.699,22.631,22.684,24303300
XAGUSD,20210924,0900,22.681,22.687,22.634,22.651,17435800
XAGUSD,20210924,1000,22.651,22.681,22.613,22.650,21100200
XAGUSD,20210924,1100,22.649,22.672,22.515,22.523,29408100
XAGUSD,20210924,1200,22.522,22.548,22.369,22.410,63940290
XAGUSD,20210924,1300,22.411,22.414,22.095,22.210,119487570
XAGUSD,20210924,1400,22.210,22.388,22.203,22.368,78335360
XAGUSD,20210924,1500,22.368,22.478,22.361,22.469,43756470
XAGUSD,20210924,1600,22.469,22.474,22.380,22.389,21771700
XAGUSD,20210924,1700,22.389,22.425,22.350,22.350,15809680
XAGUSD,20210924,1800,22.352,22.355,22.323,22.326,11663720
XAGUSD,20210924,1900,22.326,22.367,22.320,22.358,8090620
XAGUSD,20210924,2000,22.357,22.420,22.353,22.401,3218300
XAGUSD,20210926,2200,22.367,22.439,22.367,22.409,5122650
XAGUSD,20210926,2300,22.409,22.414,22.387,22.408,4767660
XAGUSD,20210927,0000,22.409,22.500,22.406,22.484,13878690
XAGUSD,20210927,0100,22.483,22.650,22.460,22.641,50714770
XAGUSD,20210927,0200,22.641,22.731,22.604,22.703,23941500
XAGUSD,20210927,0300,22.701,22.718,22.627,22.628,19974700
XAGUSD,20210927,0400,22.628,22.647,22.605,22.636,7724700
XAGUSD,20210927,0500,22.636,22.670,22.611,22.642,20728900
XAGUSD,20210927,0600,22.642,22.647,22.551,22.628,41681600
XAGUSD,20210927,0700,22.628,22.685,22.543,22.543,33842500
XAGUSD,20210927,0800,22.543,22.567,22.486,22.495,34182700
XAGUSD,20210927,0900,22.495,22.556,22.465,22.467,29861300
XAGUSD,20210927,1000,22.464,22.565,22.435,22.547,23989600
XAGUSD,20210927,1100,22.547,22.613,22.541,22.541,21321400
XAGUSD,20210927,1200,22.542,22.702,22.542,22.678,90304020
XAGUSD,20210927,1300,22.677,22.839,22.545,22.793,119143240
XAGUSD,20210927,1400,22.794,22.813,22.626,22.666,77178750
XAGUSD,20210927,1500,22.664,22.722,22.636,22.643,45430330
XAGUSD,20210927,1600,22.642,22.715,22.631,22.687,16659210
XAGUSD,20210927,1700,22.686,22.711,22.637,22.643,12959500
XAGUSD,20210927,1800,22.639,22.680,22.628,22.639,10491000
XAGUSD,20210927,1900,22.638,22.660,22.604,22.615,9926900
XAGUSD,20210927,2000,22.612,22.622,22.589,22.614,5022360
XAGUSD,20210927,2200,22.596,22.629,22.596,22.622,1834200
XAGUSD,20210927,2300,22.622,22.627,22.604,22.617,2556100
XAGUSD,20210928,0000,22.617,22.627,22.544,22.554,7032610
XAGUSD,20210928,0100,22.552,22.650,22.465,22.623,35514620
XAGUSD,20210928,0200,22.625,22.660,22.600,22.640,24574900
XAGUSD,20210928,0300,22.641,22.658,22.587,22.587,12884000
XAGUSD,20210928,0400,22.589,22.622,22.587,22.620,7216000
XAGUSD,20210928,0500,22.617,22.641,22.540,22.570,21373960
XAGUSD,20210928,0600,22.570,22.603,22.319,22.327,49940150
XAGUSD,20210928,0700,22.325,22.412,22.266,22.391,45421950
XAGUSD,20210928,0800,22.390,22.408,22.295,22.363,32386600
XAGUSD,20210928,0900,22.363,22.379,22.292,22.301,28865900
XAGUSD,20210928,1000,22.297,22.337,22.166,22.186,28360900
XAGUSD,20210928,1100,22.186,22.257,22.156,22.231,52121510
XAGUSD,20210928,1200,22.230,22.280,22.089,22.228,83235970
XAGUSD,20210928,1300,22.234,22.548,22.170,22.336,138896940
XAGUSD,20210928,1400,22.338,22.510,22.278,22.374,130779900
XAGUSD,20210928,1500,22.373,22.517,22.371,22.419,76453750
XAGUSD,20210928,1600,22.419,22.482,22.377,22.460,31746730
XAGUSD,20210928,1700,22.460,22.488,22.406,22.426,39760330
XAGUSD,20210928,1800,22.427,22.469,22.366,22.456,21953090
XAGUSD,20210928,1900,22.451,22.461,22.428,22.450,17614600
XAGUSD,20210928,2000,22.450,22.456,22.419,22.421,4564620
XAGUSD,20210928,2200,22.405,22.468,22.405,22.459,2941940
XAGUSD,20210928,2300,22.458,22.483,22.437,22.482,3712600
XAGUSD,20210929,0000,22.484,22.498,22.441,22.460,13951270
XAGUSD,20210929,0100,22.461,22.539,22.403,22.486,41028400
XAGUSD,20210929,0200,22.483,22.545,22.469,22.503,23757170
XAGUSD,20210929,0300,22.505,22.528,22.471,22.495,14530600
XAGUSD,20210929,0400,22.492,22.498,22.419,22.420,8377600
XAGUSD,20210929,0500,22.423,22.499,22.387,22.432,23523400
XAGUSD,20210929,0600,22.428,22.445,22.243,22.293,60943790
XAGUSD,20210929,0700,22.293,22.347,22.210,22.251,50875700
XAGUSD,20210929,0800,22.252,22.323,22.241,22.321,34911290
XAGUSD,20210929,0900,22.321,22.342,22.275,22.305,22414900
XAGUSD,20210929,1000,22.303,22.365,22.296,22.340,21597800
XAGUSD,20210929,1100,22.341,22.344,22.223,22.310,30009920
XAGUSD,20210929,1200,22.308,22.317,22.124,22.131,57417400
XAGUSD,20210929,1300,22.132,22.179,21.611,21.685,147819530
XAGUSD,20210929,1400,21.682,21.697,21.408,21.515,99874800
XAGUSD,20210929,1500,21.515,21.608,21.469,21.518,53065370
XAGUSD,20210929,1600,21.516,21.542,21.464,21.488,40773760
XAGUSD,20210929,1700,21.489,21.545,21.459,21.473,37848640
XAGUSD,20210929,1800,21.475,21.563,21.432,21.537,25617230
XAGUSD,20210929,1900,21.537,21.567,21.507,21.529,17065070
XAGUSD,20210929,2000,21.528,21.533,21.486,21.501,6065180
XAGUSD,20210929,2200,21.495,21.543,21.491,21.527,3747460
XAGUSD,20210929,2300,21.523,21.562,21.521,21.556,4669800
XAGUSD,20210930,0000,21.559,21.592,21.546,21.580,14075740
XAGUSD,20210930,0100,21.580,21.592,21.495,21.508,52223780
XAGUSD,20210930,0200,21.510,21.564,21.500,21.519,26820700
XAGUSD,20210930,0300,21.520,21.605,21.496,21.576,21945470
XAGUSD,20210930,0400,21.575,21.583,21.519,21.559,10405300
XAGUSD,20210930,0500,21.559,21.631,21.510,21.564,57102530
XAGUSD,20210930,0600,21.563,21.591,21.512,21.553,75333820
XAGUSD,20210930,0700,21.555,21.632,21.529,21.606,31169520
XAGUSD,20210930,0800,21.610,21.692,21.605,21.686,25480820
XAGUSD,20210930,0900,21.687,21.698,21.606,21.629,20058480
XAGUSD,20210930,1000,21.627,21.657,21.507,21.512,25809270
XAGUSD,20210930,1100,21.513,21.551,21.462,21.549,51017120
XAGUSD,20210930,1200,21.548,21.735,21.544,21.721,82708150
XAGUSD,20210930,1300,21.720,21.902,21.662,21.861,111552210
XAGUSD,20210930,1400,21.863,22.112,21.837,22.027,104377290
XAGUSD,20210930,1500,22.030,22.202,22.002,22.045,88761180
XAGUSD,20210930,1600,22.046,22.071,21.960,21.972,45868470
XAGUSD,20210930,1700,21.973,22.219,21.942,22.130,47855060
XAGUSD,20210930,1800,22.131,22.219,22.103,22.208,38463560
XAGUSD,20210930,1900,22.211,22.226,22.112,22.135,25956520
XAGUSD,20210930,2000,22.138,22.187,22.133,22.153,11362800
XAGUSD,20210930,2200,22.155,22.184,22.129,22.139,5746550
XAGUSD,20210930,2300,22.135,22.147,22.073,22.088,9426900
XAGUSD,20211001,0000,22.089,22.108,22.035,22.037,14791500
XAGUSD,20211001,0100,22.038,22.105,22.008,22.079,29494730
XAGUSD,20211001,0200,22.077,22.125,22.035,22.103,17652070
XAGUSD,20211001,0300,22.105,22.119,22.044,22.076,14353100
XAGUSD,20211001,0400,22.075,22.080,22.013,22.050,12700100
XAGUSD,20211001,0500,22.051,22.051,21.982,22.027,11207500
XAGUSD,20211001,0600,22.027,22.172,22.020,22.162,37464600
XAGUSD,20211001,0700,22.160,22.223,22.126,22.162,46038000
XAGUSD,20211001,0800,22.165,22.203,22.112,22.146,33480100
XAGUSD,20211001,0900,22.150,22.244,22.145,22.201,27179700
XAGUSD,20211001,1000,22.200,22.232,22.113,22.123,22522170
XAGUSD,20211001,1100,22.118,22.392,22.083,22.374,43610720
XAGUSD,20211001,1200,22.372,22.455,22.257,22.392,70855610
XAGUSD,20211001,1300,22.393,22.513,22.332,22.417,105252610
XAGUSD,20211001,1400,22.416,22.562,22.315,22.463,132825340
XAGUSD,20211001,1500,22.456,22.572,22.398,22.534,61392100
XAGUSD,20211001,1600,22.533,22.576,22.505,22.556,34474300
XAGUSD,20211001,1700,22.555,22.577,22.499,22.534,29684540
XAGUSD,20211001,1800,22.534,22.550,22.503,22.505,14575600
XAGUSD,20211001,1900,22.508,22.512,22.484,22.490,11671000
XAGUSD,20211001,2000,22.486,22.525,22.486,22.523,2648200
XAGUSD,20211003,2200,22.530,22.770,22.518,22.661,8856720
XAGUSD,20211003,2300,22.661,22.675,22.640,22.649,4582600
XAGUSD,20211004,0000,22.647,22.686,22.617,22.630,13720800
XAGUSD,20211004,0100,22.631,22.633,22.564,22.564,13960500
XAGUSD,20211004,0200,22.565,22.574,22.526,22.526,11342000
XAGUSD,20211004,0300,22.526,22.534,22.504,22.526,7398600
XAGUSD,20211004,0400,22.527,22.585,22.519,22.580,8962400
XAGUSD,20211004,0500,22.583,22.652,22.575,22.637,8304100
XAGUSD,20211004,0600,22.635,22.644,22.559,22.594,29215070
XAGUSD,20211004,0700,22.592,22.600,22.423,22.442,46016410
XAGUSD,20211004,0800,22.443,22.502,22.329,22.384,36234400
XAGUSD,20211004,0900,22.383,22.432,22.374,22.414,24121600
XAGUSD,20211004,1000,22.415,22.415,22.326,22.347,17440600
XAGUSD,20211004,1100,22.349,22.406,22.271,22.390,29016100
XAGUSD,20211004,1200,22.390,22.464,22.311,22.453,58711340
XAGUSD,20211004,1300,22.453,22.497,22.341,22.479,88465770
XAGUSD,20211004,1400,22.478,22.682,22.469,22.609,124940840
XAGUSD,20211004,1500,22.609,22.638,22.517,22.627,68966570
XAGUSD,20211004,1600,22.627,22.696,22.608,22.625,38737290
XAGUSD,20211004,1700,22.624,22.629,22.556,22.569,29082900
XAGUSD,20211004,1800,22.570,22.645,22.559,22.637,23021900
XAGUSD,20211004,1900,22.635,22.655,22.549,22.652,28013300
XAGUSD,20211004,2000,22.650,22.674,22.631,22.669,5278650
XAGUSD,20211004,2200,22.671,22.689,22.611,22.638,6767800
XAGUSD,20211004,2300,22.639,22.639,22.596,22.604,7491200
XAGUSD,20211005,0000,22.604,22.609,22.524,22.528,11621600
XAGUSD,20211005,0100,22.528,22.536,22.461,22.487,18915700
XAGUSD,20211005,0200,22.487,22.509,22.463,22.490,14388100
XAGUSD,20211005,0300,22.490,22.490,22.405,22.420,11780100
XAGUSD,20211005,0400,22.421,22.426,22.392,22.421,13999100
XAGUSD,20211005,0500,22.420,22.471,22.396,22.441,15737910
XAGUSD,20211005,0600,22.443,22.498,22.398,22.493,27008200
XAGUSD,20211005,0700,22.495,22.612,22.445,22.573,32040800
XAGUSD,20211005,0800,22.569,22.597,22.511,22.528,24125400
XAGUSD,20211005,0900,22.528,22.589,22.524,22.585,16860400
XAGUSD,20211005,1000,22.583,22.586,22.491,22.491,20499100
XAGUSD,20211005,1100,22.492,22.581,22.461,22.515,36460470
XAGUSD,20211005,1200,22.516,22.616,22.433,22.455,61688400
XAGUSD,20211005,1300,22.454,22.510,22.375,22.412,83229150
XAGUSD,20211005,1400,22.413,22.557,22.359,22.497,84176040
XAGUSD,20211005,1500,22.494,22.611,22.469,22.562,51920170
XAGUSD,20211005,1600,22.562,22.591,22.517,22.586,22260600
XAGUSD,20211005,1700,22.587,22.651,22.571,22.619,18955130
XAGUSD,20211005,1800,22.619,22.638,22.603,22.618,13714090
XAGUSD,20211005,1900,22.618,22.626,22.585,22.596,14136420
XAGUSD,20211005,2000,22.596,22.623,22.588,22.616,4260820
XAGUSD,20211005,2200,22.578,22.626,22.578,22.610,1230620
XAGUSD,20211005,2300,22.611,22.617,22.596,22.613,3015000
XAGUSD,20211006,0000,22.614,22.614,22.545,22.581,12071400
XAGUSD,20211006,0100,22.581,22.596,22.471,22.513,18749920
XAGUSD,20211006,0200,22.513,22.529,22.468,22.492,14550000
XAGUSD,20211006,0300,22.492,22.494,22.453,22.484,11945600
XAGUSD,20211006,0400,22.487,22.487,22.384,22.394,15947500
XAGUSD,20211006,0500,22.396,22.446,22.365,22.370,15885600
XAGUSD,20211006,0600,22.368,22.489,22.344,22.451,25869800
XAGUSD,20211006,0700,22.451,22.473,22.339,22.373,51353740
XAGUSD,20211006,0800,22.372,22.380,22.254,22.266,38181160
XAGUSD,20211006,0900,22.265,22.316,22.198,22.266,35087430
XAGUSD,20211006,1000,22.265,22.297,22.236,22.276,24520230
XAGUSD,20211006,1100,22.277,22.381,22.265,22.329,35110940
XAGUSD,20211006,1200,22.333,22.568,22.331,22.543,86168420
XAGUSD,20211006,1300,22.541,22.554,22.351,22.385,95905770
XAGUSD,20211006,1400,22.382,22.515,22.295,22.461,89471400
XAGUSD,20211006,1500,22.462,22.514,22.347,22.512,50206510
XAGUSD,20211006,1600,22.513,22.532,22.470,22.522,32716200
XAGUSD,20211006,1700,22.520,22.585,22.494,22.561,33493340
XAGUSD,20211006,1800,22.561,22.653,22.554,22.596,29189240
XAGUSD,20211006,1900,22.597,22.674,22.590,22.635,22491400
XAGUSD,20211006,2000,22.639,22.673,22.585,22.585,4947900
XAGUSD,20211006,2200,22.585,22.642,22.585,22.621,4147200
XAGUSD,20211006,2300,22.623,22.654,22.603,22.652,7811100
XAGUSD,20211007,0000,22.652,22.662,22.585,22.620,13755200
XAGUSD,20211007,0100,22.617,22.628,22.581,22.602,14569400
XAGUSD,20211007,0200,22.600,22.604,22.548,22.549,10842000
XAGUSD,20211007,0300,22.549,22.576,22.532,22.575,11152600
XAGUSD,20211007,0400,22.573,22.582,22.543,22.568,6915900
XAGUSD,20211007,0500,22.566,22.601,22.476,22.485,16005200
XAGUSD,20211007,0600,22.481,22.744,22.475,22.732,34157240
XAGUSD,20211007,0700,22.733,22.764,22.684,22.739,42379320
XAGUSD,20211007,0800,22.738,22.745,22.633,22.656,34122960
XAGUSD,20211007,0900,22.657,22.664,22.615,22.643,21993640
XAGUSD,20211007,1000,22.644,22.733,22.642,22.733,16640320
XAGUSD,20211007,1100,22.732,22.800,22.685,22.732,30477800
XAGUSD,20211007,1200,22.733,22.783,22.495,22.505,56455970
XAGUSD,20211007,1300,22.503,22.642,22.369,22.627,97594720
XAGUSD,20211007,1400,22.626,22.778,22.623,22.651,79708530
XAGUSD,20211007,1500,22.649,22.706,22.618,22.632,47221360
XAGUSD,20211007,1600,22.633,22.651,22.563,22.596,26753520
XAGUSD,20211007,1700,22.596,22.637,22.576,22.616,18599620
XAGUSD,20211007,1800,22.617,22.617,22.556,22.573,18357700
XAGUSD,20211007,1900,22.572,22.603,22.561,22.580,17984600
XAGUSD,20211007,2000,22.578,22.619,22.561,22.590,6943170
XAGUSD,20211007,2200,22.569,22.598,22.567,22.567,3117370
XAGUSD,20211007,2300,22.570,22.591,22.550,22.580,4110700
XAGUSD,20211008,0000,22.578,22.601,22.526,22.574,17175300
XAGUSD,20211008,0100,22.575,22.635,22.421,22.466,56346820
XAGUSD,20211008,0200,22.467,22.514,22.431,22.496,29948800
XAGUSD,20211008,0300,22.496,22.503,22.455,22.472,15506720
XAGUSD,20211008,0400,22.472,22.486,22.440,22.443,8141300
XAGUSD,20211008,0500,22.442,22.486,22.418,22.449,23165140
XAGUSD,20211008,0600,22.449,22.521,22.447,22.491,28952970
XAGUSD,20211008,0700,22.487,22.515,22.425,22.501,30833520
XAGUSD,20211008,0800,22.500,22.503,22.454,22.471,17764200
XAGUSD,20211008,0900,22.471,22.534,22.463,22.523,17791800
XAGUSD,20211008,1000,22.525,22.527,22.477,22.515,14177500
XAGUSD,20211008,1100,22.514,22.588,22.509,22.531,18174100
XAGUSD,20211008,1200,22.527,23.099,22.506,23.074,122849260
XAGUSD,20211008,1300,23.079,23.183,22.958,23.024,149364400
XAGUSD,20211008,1400,23.020,23.059,22.687,22.747,113456670
XAGUSD,20211008,1500,22.749,22.782,22.709,22.757,46366100
XAGUSD,20211008,1600,22.759,22.759,22.696,22.740,29950300
XAGUSD,20211008,1700,22.742,22.754,22.662,22.733,25116040
XAGUSD,20211008,1800,22.733,22.745,22.684,22.693,13915520
XAGUSD,20211008,1900,22.689,22.700,22.615,22.634,11027720
XAGUSD,20211008,2000,22.636,22.658,22.598,22.656,3545000
XAGUSD,20211010,2200,22.654,22.718,22.551,22.621,13243220
XAGUSD,20211010,2300,22.624,22.631,22.573,22.594,11749500
XAGUSD,20211011,0000,22.594,22.684,22.594,22.644,17508800
XAGUSD,20211011,0100,22.646,22.811,22.629,22.747,42812870
XAGUSD,20211011,0200,22.748,22.778,22.731,22.734,21074300
XAGUSD,20211011,0300,22.732,22.756,22.688,22.701,18313800
XAGUSD,20211011,0400,22.701,22.734,22.692,22.733,10365400
XAGUSD,20211011,0500,22.734,22.764,22.620,22.711,24581100
XAGUSD,20211011,0600,22.712,22.728,22.583,22.639,42280320
XAGUSD,20211011,0700,22.642,22.666,22.534,22.594,29510700
XAGUSD,20211011,0800,22.595,22.617,22.507,22.524,21928600
XAGUSD,20211011,0900,22.526,22.568,22.497,22.563,20883220
XAGUSD,20211011,1000,22.563,22.589,22.502,22.502,18036000
XAGUSD,20211011,1100,22.503,22.565,22.480,22.555,20156170
XAGUSD,20211011,1200,22.555,22.623,22.527,22.537,41099560
XAGUSD,20211011,1300,22.537,22.759,22.521,22.732,88683920
XAGUSD,20211011,1400,22.734,22.806,22.676,22.709,49471150
XAGUSD,20211011,1500,22.713,22.752,22.660,22.673,24366110
XAGUSD,20211011,1600,22.671,22.680,22.635,22.641,17133490
XAGUSD,20211011,1700,22.643,22.650,22.590,22.596,17516600
XAGUSD,20211011,1800,22.598,22.619,22.589,22.609,11439600
XAGUSD,20211011,1900,22.606,22.615,22.562,22.562,10381830
XAGUSD,20211011,2000,22.557,22.575,22.551,22.562,3667120
XAGUSD,20211011,2200,22.548,22.577,22.544,22.544,4089630
XAGUSD,20211011,2300,22.542,22.570,22.534,22.544,5203420
XAGUSD,20211012,0000,22.544,22.544,22.503,22.523,21629200
XAGUSD,20211012,0100,22.521,22.606,22.456,22.597,46057990
XAGUSD,20211012,0200,22.597,22.639,22.586,22.622,21451840
XAGUSD,20211012,0300,22.620,22.630,22.578,22.597,18676300
XAGUSD,20211012,0400,22.598,22.603,22.559,22.585,7848300
XAGUSD,20211012,0500,22.583,22.714,22.583,22.689,23163100
XAGUSD,20211012,0600,22.691,22.709,22.591,22.613,39895240
XAGUSD,20211012,0700,22.614,22.646,22.545,22.547,33836790
XAGUSD,20211012,0800,22.548,22.583,22.514,22.563,27917440
XAGUSD,20211012,0900,22.566,22.656,22.560,22.626,20180200
XAGUSD,20211012,1000,22.628,22.651,22.538,22.628,19979400
XAGUSD,20211012,1100,22.628,22.659,22.565,22.594,30195900
XAGUSD,20211012,1200,22.593,22.611,22.331,22.445,60943800
XAGUSD,20211012,1300,22.445,22.750,22.412,22.746,133106340
XAGUSD,20211012,1400,22.746,22.760,22.520,22.567,88531120
XAGUSD,20211012,1500,22.566,22.627,22.503,22.557,47506420
XAGUSD,20211012,1600,22.562,22.582,22.514,22.545,25413370
XAGUSD,20211012,1700,22.545,22.575,22.476,22.533,23590200
XAGUSD,20211012,1800,22.531,22.557,22.478,22.525,13401900
XAGUSD,20211012,1900,22.527,22.595,22.525,22.595,7728100
XAGUSD,20211012,2000,22.590,22.595,22.536,22.550,4263050
XAGUSD,20211012,2200,22.533,22.569,22.533,22.538,4191750
XAGUSD,20211012,2300,22.537,22.550,22.523,22.528,4621700
XAGUSD,20211013,0000,22.526,22.571,22.521,22.568,15805600
XAGUSD,20211013,0100,22.573,22.627,22.518,22.576,28689400
XAGUSD,20211013,0200,22.575,22.600,22.455,22.573,31490800
XAGUSD,20211013,0300,22.575,22.704,22.562,22.638,24660700
XAGUSD,20211013,0400,22.638,22.678,22.638,22.662,9884700
XAGUSD,20211013,0500,22.654,22.703,22.639,22.682,20036600
XAGUSD,20211013,0600,22.684,22.708,22.652,22.682,36777900
XAGUSD,20211013,0700,22.685,22.766,22.666,22.748,39454800
XAGUSD,20211013,0800,22.747,22.860,22.744,22.789,33366600
XAGUSD,20211013,0900,22.789,22.792,22.751,22.755,21058830
XAGUSD,20211013,1000,22.754,22.884,22.754,22.884,21652100
XAGUSD,20211013,1100,22.871,22.920,22.803,22.886,27711320
XAGUSD,20211013,1200,22.886,22.930,22.609,22.696,103891230
XAGUSD,20211013,1300,22.691,23.015,22.655,22.980,138183550
XAGUSD,20211013,1400,22.980,23.209,22.975,23.137,108667520
XAGUSD,20211013,1500,23.137,23.238,23.109,23.168,67570620
XAGUSD,20211013,1600,23.167,23.180,23.068,23.085,28148410
XAGUSD,20211013,1700,23.089,23.141,23.085,23.114,25010140
XAGUSD,20211013,1800,23.113,23.142,23.052,23.080,39399940
XAGUSD,20211013,1900,23.083,23.083,23.014,23.023,11907000
XAGUSD,20211013,2000,23.023,23.088,23.023,23.083,5978150
XAGUSD,20211013,2200,23.062,23.088,23.062,23.078,2362400
XAGUSD,20211013,2300,23.074,23.078,23.044,23.054,4499900
XAGUSD,20211014,0000,23.053,23.074,23.014,23.041,20391720
XAGUSD,20211014,0100,23.036,23.105,22.915,22.934,79150500
XAGUSD,20211014,0200,22.936,22.968,22.887,22.965,27918990
XAGUSD,20211014,0300,22.957,22.978,22.911,22.950,19074110
XAGUSD,20211014,0400,22.953,22.992,22.942,22.991,6949260
XAGUSD,20211014,0500,22.992,23.043,22.979,23.032,44368390
XAGUSD,20211014,0600,23.035,23.217,23.023,23.215,62245580
XAGUSD,20211014,0700,23.207,23.210,23.080,23.185,38379880
XAGUSD,20211014,0800,23.184,23.274,23.184,23.257,33568770
XAGUSD,20211014,0900,23.257,23.313,23.237,23.268,23749100
XAGUSD,20211014,1000,23.269,23.376,23.237,23.367,95075120
XAGUSD,20211014,1100,23.369,23.377,23.227,23.246,65369450
XAGUSD,20211014,1200,23.245,23.496,23.184,23.494,122883990
XAGUSD,20211014,1300,23.494,23.501,23.205,23.325,175066720
XAGUSD,20211014,1400,23.325,23.389,23.257,23.351,108645990
XAGUSD,20211014,1500,23.351,23.455,23.303,23.420,52979720
XAGUSD,20211014,1600,23.420,23.485,23.410,23.472,37411120
XAGUSD,20211014,1700,23.468,23.473,23.417,23.469,23105870
XAGUSD,20211014,1800,23.469,23.566,23.454,23.566,19314490
XAGUSD,20211014,1900,23.560,23.576,23.511,23.533,22428760
XAGUSD,20211014,2000,23.538,23.551,23.489,23.489,8415090
XAGUSD,20211014,2200,23.487,23.531,23.481,23.504,3454260
XAGUSD,20211014,2300,23.509,23.523,23.486,23.497,6800600
XAGUSD,20211015,0000,23.494,23.515,23.473,23.481,16035200
XAGUSD,20211015,0100,23.480,23.505,23.435,23.503,51432800
XAGUSD,20211015,0200,23.505,23.582,23.480,23.530,23062500
XAGUSD,20211015,0300,23.528,23.531,23.471,23.499,18294100
XAGUSD,20211015,0400,23.498,23.514,23.473,23.478,6281100
XAGUSD,20211015,0500,23.480,23.482,23.427,23.438,23472220
XAGUSD,20211015,0600,23.428,23.495,23.428,23.487,41146000
XAGUSD,20211015,0700,23.488,23.493,23.312,23.350,52094470
XAGUSD,20211015,0800,23.349,23.403,23.323,23.333,34084300
XAGUSD,20211015,0900,23.335,23.359,23.217,23.291,56598870
XAGUSD,20211015,1000,23.295,23.310,23.232,23.239,41922680
XAGUSD,20211015,1100,23.238,23.299,23.155,23.204,67820900
XAGUSD,20211015,1200,23.202,23.262,23.058,23.133,172755450
XAGUSD,20211015,1300,23.136,23.384,23.111,23.315,167412610
XAGUSD,20211015,1400,23.314,23.428,23.270,23.393,93617960
XAGUSD,20211015,1500,23.391,23.399,23.271,23.303,62023580
XAGUSD,20211015,1600,23.307,23.343,23.284,23.328,30584550
XAGUSD,20211015,1700,23.321,23.348,23.275,23.308,19029700
XAGUSD,20211015,1800,23.309,23.323,23.300,23.311,12770360
XAGUSD,20211015,1900,23.310,23.319,23.283,23.309,11687970
XAGUSD,20211015,2000,23.307,23.317,23.268,23.269,3780370
XAGUSD,20211017,2200,23.275,23.350,23.275,23.337,12838990
XAGUSD,20211017,2300,23.335,23.375,23.292,23.335,11376300
XAGUSD,20211018,0000,23.334,23.355,23.290,23.320,13964900
XAGUSD,20211018,0100,23.324,23.442,23.279,23.359,52712970
XAGUSD,20211018,0200,23.362,23.422,23.351,23.400,33808900
XAGUSD,20211018,0300,23.397,23.403,23.314,23.322,27154100
XAGUSD,20211018,0400,23.322,23.325,23.289,23.301,13339900
XAGUSD,20211018,0500,23.302,23.357,23.296,23.325,25701970
XAGUSD,20211018,0600,23.324,23.351,23.154,23.269,83618220
XAGUSD,20211018,0700,23.275,23.347,23.250,23.331,58778400
XAGUSD,20211018,0800,23.331,23.397,23.246,23.257,47900200
XAGUSD,20211018,0900,23.255,23.298,23.237,23.263,30716240
XAGUSD,20211018,1000,23.264,23.268,23.207,23.241,27902400
XAGUSD,20211018,1100,23.241,23.254,23.187,23.214,47793270
XAGUSD,20211018,1200,23.215,23.358,23.207,23.243,95151450
XAGUSD,20211018,1300,23.245,23.312,22.997,23.145,159216970
XAGUSD,20211018,1400,23.148,23.279,23.111,23.259,94145960
XAGUSD,20211018,1500,23.258,23.264,23.188,23.228,38476140
XAGUSD,20211018,1600,23.228,23.257,23.209,23.249,13979160
XAGUSD,20211018,1700,23.248,23.253,23.195,23.244,12422590
XAGUSD,20211018,1800,23.240,23.249,23.204,23.224,9611990
XAGUSD,20211018,1900,23.225,23.225,23.178,23.184,9591490
XAGUSD,20211018,2000,23.186,23.194,23.161,23.161,3138150
XAGUSD,20211018,2200,23.196,23.201,23.175,23.181,2863750
XAGUSD,20211018,2300,23.176,23.192,23.175,23.184,4652800
XAGUSD,20211019,0000,23.183,23.251,23.180,23.243,20653720
XAGUSD,20211019,0100,23.248,23.389,23.248,23.355,53363800
XAGUSD,20211019,0200,23.359,23.513,23.352,23.493,27216400
XAGUSD,20211019,0300,23.492,23.503,23.421,23.455,22122300
XAGUSD,20211019,0400,23.457,23.498,23.444,23.452,12123120
XAGUSD,20211019,0500,23.458,23.559,23.439,23.557,47635420
XAGUSD,20211019,0600,23.552,23.627,23.513,23.613,69385010
XAGUSD,20211019,0700,23.610,23.771,23.596,23.723,65636660
XAGUSD,20211019,0800,23.721,23.796,23.673,23.769,50869240
XAGUSD,20211019,0900,23.767,23.787,23.686,23.749,33173070
XAGUSD,20211019,1000,23.747,23.759,23.679,23.746,54379330
XAGUSD,20211019,1100,23.747,23.794,23.646,23.788,47611920
XAGUSD,20211019,1200,23.786,24.043,23.783,24.005,89333470
XAGUSD,20211019,1300,24.010,24.113,23.901,23.997,143667220
XAGUSD,20211019,1400,23.997,24.083,23.883,23.928,113717530
XAGUSD,20211019,1500,23.925,23.944,23.820,23.847,62021430
XAGUSD,20211019,1600,23.847,23.861,23.779,23.858,29928800
XAGUSD,20211019,1700,23.861,23.861,23.734,23.737,20990160
XAGUSD,20211019,1800,23.741,23.741,23.642,23.663,15469400
XAGUSD,20211019,1900,23.667,23.667,23.602,23.644,9731790
XAGUSD,20211019,2000,23.643,23.679,23.616,23.637,5035450
XAGUSD,20211019,2200,23.643,23.663,23.624,23.650,5626490
XAGUSD,20211019,2300,23.646,23.650,23.621,23.630,8717500
XAGUSD,20211020,0000,23.630,23.644,23.559,23.625,39752000
XAGUSD,20211020,0100,23.622,23.757,23.603,23.695,69230200
XAGUSD,20211020,0200,23.698,23.755,23.650,23.745,48860000
XAGUSD,20211020,0300,23.751,23.783,23.712,23.772,32131600
XAGUSD,20211020,0400,23.773,23.809,23.740,23.809,12162900
XAGUSD,20211020,0500,23.806,23.910,23.781,23.901,36489500
XAGUSD,20211020,0600,23.903,23.924,23.841,23.849,87624200
XAGUSD,20211020,0700,23.848,23.880,23.812,23.852,54435500
XAGUSD,20211020,0800,23.850,23.949,23.834,23.915,51327400
XAGUSD,20211020,0900,23.920,23.930,23.869,23.915,32649220
XAGUSD,20211020,1000,23.917,23.973,23.886,23.944,26479470
XAGUSD,20211020,1100,23.939,23.972,23.861,23.876,58473200
XAGUSD,20211020,1200,23.879,24.193,23.879,24.147,141592280
XAGUSD,20211020,1300,24.144,24.164,23.885,24.052,185019430
XAGUSD,20211020,1400,24.051,24.195,23.970,24.155,125076470
XAGUSD,20211020,1500,24.163,24.350,24.157,24.298,89656440
XAGUSD,20211020,1600,24.294,24.411,24.285,24.404,68212900
XAGUSD,20211020,1700,24.405,24.414,24.316,24.359,68164130
XAGUSD,20211020,1800,24.356,24.374,24.334,24.359,20677970
XAGUSD,20211020,1900,24.361,24.368,24.320,24.332,15976340
XAGUSD,20211020,2000,24.327,24.343,24.262,24.279,9795380
XAGUSD,20211020,2200,24.264,24.333,24.264,24.308,6551490
XAGUSD,20211020,2300,24.308,24.320,24.276,24.279,8551500
XAGUSD,20211021,0000,24.279,24.359,24.277,24.345,16384700
XAGUSD,20211021,0100,24.345,24.416,24.279,24.401,48963500
XAGUSD,20211021,0200,24.403,24.445,24.365,24.389,45233230
XAGUSD,20211021,0300,24.385,24.419,24.357,24.401,28253110
XAGUSD,20211021,0400,24.401,24.406,24.321,24.347,26331070
XAGUSD,20211021,0500,24.348,24.417,24.213,24.417,81739010
XAGUSD,20211021,0600,24.412,24.473,24.196,24.209,59843280
XAGUSD,20211021,0700,24.208,24.216,24.088,24.204,54031830
XAGUSD,20211021,0800,24.207,24.248,24.141,24.239,35023670
XAGUSD,20211021,0900,24.239,24.287,24.194,24.282,29635970
XAGUSD,20211021,1000,24.280,24.306,24.222,24.222,26860720
XAGUSD,20211021,1100,24.228,24.228,24.050,24.091,60190010
XAGUSD,20211021,1200,24.094,24.298,24.061,24.242,92758610
XAGUSD,20211021,1300,24.244,24.272,24.044,24.105,124482020
XAGUSD,20211021,1400,24.108,24.181,24.048,24.140,101127230
XAGUSD,20211021,1500,24.144,24.153,24.069,24.147,38765800
XAGUSD,20211021,1600,24.148,24.151,24.072,24.081,20182800
XAGUSD,20211021,1700,24.079,24.106,23.994,23.999,23810060
XAGUSD,20211021,1800,24.001,24.097,23.994,24.092,15925760
XAGUSD,20211021,1900,24.092,24.163,24.089,24.144,15535400
XAGUSD,20211021,2000,24.154,24.158,24.120,24.143,6545450
XAGUSD,20211021,2200,24.131,24.149,24.131,24.143,3780400
XAGUSD,20211021,2300,24.143,24.179,24.140,24.142,6908900
XAGUSD,20211022,0000,24.143,24.187,24.106,24.181,17714700
XAGUSD,20211022,0100,24.176,24.230,24.157,24.186,44011900
XAGUSD,20211022,0200,24.187,24.214,24.123,24.140,20058800
XAGUSD,20211022,0300,24.139,24.210,24.119,24.178,17444500
XAGUSD,20211022,0400,24.176,24.189,24.154,24.162,6783800
XAGUSD,20211022,0500,24.163,24.212,24.126,24.135,23697600
XAGUSD,20211022,0600,24.133,24.318,24.115,24.286,74174500
XAGUSD,20211022,0700,24.291,24.344,24.263,24.337,64697600
XAGUSD,20211022,0800,24.336,24.370,24.305,24.308,36713400
XAGUSD,20211022,0900,24.307,24.358,24.280,24.353,31460800
XAGUSD,20211022,1000,24.353,24.368,24.308,24.315,33284200
XAGUSD,20211022,1100,24.311,24.360,24.280,24.286,33702100
XAGUSD,20211022,1200,24.285,24.529,24.283,24.496,97860560
XAGUSD,20211022,1300,24.489,24.738,24.372,24.658,133530350
XAGUSD,20211022,1400,24.658,24.805,24.641,24.756,106816770
XAGUSD,20211022,1500,24.752,24.817,24.180,24.242,159036400
XAGUSD,20211022,1600,24.238,24.429,24.179,24.395,83249140
XAGUSD,20211022,1700,24.397,24.444,24.277,24.283,44483780
XAGUSD,20211022,1800,24.282,24.367,24.277,24.311,22108470
XAGUSD,20211022,1900,24.316,24.331,24.272,24.325,15814320
XAGUSD,20211022,2000,24.320,24.320,24.273,24.273,3357170
XAGUSD,20211024,2200,24.294,24.394,24.275,24.389,5807550
XAGUSD,20211024,2300,24.389,24.391,24.320,24.379,17004800
XAGUSD,20211025,0000,24.385,24.471,24.348,24.451,45805020
XAGUSD,20211025,0100,24.459,24.476,24.290,24.357,52524020
XAGUSD,20211025,0200,24.358,24.388,24.318,24.384,48874600
XAGUSD,20211025,0300,24.384,24.484,24.374,24.478,43376100
XAGUSD,20211025,0400,24.476,24.542,24.463,24.523,21180200
XAGUSD,20211025,0500,24.520,24.527,24.438,24.505,51600500
XAGUSD,20211025,0600,24.511,24.512,24.373,24.384,61380260
XAGUSD,20211025,0700,24.388,24.454,24.368,24.448,72461210
XAGUSD,20211025,0800,24.453,24.511,24.402,24.457,91668800
XAGUSD,20211025,0900,24.459,24.473,24.345,24.373,64730570
XAGUSD,20211025,1000,24.378,24.403,24.358,24.365,33197730
XAGUSD,20211025,1100,24.366,24.444,24.363,24.412,44800620
XAGUSD,20211025,1200,24.412,24.481,24.364,24.460,69786340
XAGUSD,20211025,1300,24.463,24.534,24.343,24.496,141590430
XAGUSD,20211025,1400,24.495,24.612,24.445,24.503,105469280
XAGUSD,20211025,1500,24.508,24.538,24.467,24.520,46222350
XAGUSD,20211025,1600,24.521,24.545,24.486,24.504,30466220
XAGUSD,20211025,1700,24.502,24.519,24.490,24.512,33142450
XAGUSD,20211025,1800,24.514,24.571,24.512,24.560,19605500
XAGUSD,20211025,1900,24.563,24.569,24.524,24.550,13238070
XAGUSD,20211025,2000,24.543,24.565,24.535,24.555,6355550
XAGUSD,20211025,2200,24.540,24.564,24.518,24.522,3284140
XAGUSD,20211025,2300,24.517,24.546,24.505,24.546,3579260
XAGUSD,20211026,0000,24.543,24.548,24.482,24.497,14047400
XAGUSD,20211026,0100,24.495,24.540,24.399,24.437,37792390
XAGUSD,20211026,0200,24.439,24.475,24.420,24.447,28136800
XAGUSD,20211026,0300,24.450,24.451,24.377,24.397,22444800
XAGUSD,20211026,0400,24.396,24.397,24.372,24.397,9592770
XAGUSD,20211026,0500,24.397,24.441,24.363,24.426,25362230
XAGUSD,20211026,0600,24.428,24.471,24.349,24.366,39962050
XAGUSD,20211026,0700,24.367,24.382,24.249,24.254,44721110
XAGUSD,20211026,0800,24.254,24.330,24.224,24.276,37935620
XAGUSD,20211026,0900,24.275,24.313,24.244,24.308,21138120
XAGUSD,20211026,1000,24.308,24.343,24.301,24.317,18812670
XAGUSD,20211026,1100,24.317,24.401,24.306,24.366,24594670
XAGUSD,20211026,1200,24.366,24.436,24.182,24.354,75910490
XAGUSD,20211026,1300,24.353,24.374,23.974,24.061,136173470
XAGUSD,20211026,1400,24.060,24.068,23.863,23.965,130442600
XAGUSD,20211026,1500,23.961,24.011,23.912,24.011,53033560
XAGUSD,20211026,1600,24.006,24.076,23.998,24.046,38382180
XAGUSD,20211026,1700,24.046,24.056,24.005,24.018,27406230
XAGUSD,20211026,1800,24.018,24.148,24.014,24.123,16419750
XAGUSD,20211026,1900,24.117,24.169,24.113,24.149,10996320
XAGUSD,20211026,2000,24.149,24.164,24.121,24.135,5198000
XAGUSD,20211026,2200,24.133,24.153,24.126,24.138,3808740
XAGUSD,20211026,2300,24.138,24.143,24.119,24.134,5472800
XAGUSD,20211027,0000,24.134,24.187,24.118,24.125,26297000
XAGUSD,20211027,0100,24.125,24.140,23.954,23.980,58673360
XAGUSD,20211027,0200,23.979,24.012,23.955,23.999,30685800
XAGUSD,20211027,0300,23.999,24.032,23.980,24.025,21661920
XAGUSD,20211027,0400,24.025,24.054,24.018,24.036,5874200
XAGUSD,20211027,0500,24.036,24.039,23.883,23.914,29993840
XAGUSD,20211027,0600,23.909,24.082,23.909,24.071,52165500
XAGUSD,20211027,0700,24.072,24.077,23.947,23.957,58740770
XAGUSD,20211027,0800,23.953,23.965,23.822,23.928,38612460
XAGUSD,20211027,0900,23.929,23.959,23.854,23.949,36872600
XAGUSD,20211027,1000,23.949,23.978,23.909,23.954,34274720
XAGUSD,20211027,1100,23.949,24.004,23.936,23.980,28231860
XAGUSD,20211027,1200,23.982,24.162,23.967,24.095,72786390
XAGUSD,20211027,1300,24.096,24.246,24.040,24.187,112889720
XAGUSD,20211027,1400,24.186,24.199,23.938,24.082,157909600
XAGUSD,20211027,1500,24.080,24.128,24.049,24.087,50976530
XAGUSD,20211027,1600,24.086,24.143,24.086,24.097,38679300
XAGUSD,20211027,1700,24.100,24.167,24.096,24.137,35371100
XAGUSD,20211027,1800,24.134,24.177,24.113,24.146,17098420
XAGUSD,20211027,1900,24.149,24.149,24.030,24.077,26135500
XAGUSD,20211027,2000,24.073,24.077,24.034,24.052,5687500
XAGUSD,20211027,2200,24.041,24.076,24.041,24.047,7941750
XAGUSD,20211027,2300,24.046,24.047,24.020,24.028,6552200
XAGUSD,20211028,0000,24.028,24.047,23.963,23.991,20581000
XAGUSD,20211028,0100,23.990,24.068,23.963,24.019,62029370
XAGUSD,20211028,0200,24.015,24.094,24.013,24.058,47470600
XAGUSD,20211028,0300,24.058,24.066,23.980,24.013,27002120
XAGUSD,20211028,0400,24.009,24.073,24.002,24.067,12240500
XAGUSD,20211028,0500,24.067,24.085,24.036,24.078,32947600
XAGUSD,20211028,0600,24.080,24.094,24.002,24.044,59338430
XAGUSD,20211028,0700,24.043,24.148,24.026,24.112,31820520
XAGUSD,20211028,0800,24.112,24.158,24.050,24.066,34920970
XAGUSD,20211028,0900,24.065,24.102,24.026,24.058,24363780
XAGUSD,20211028,1000,24.057,24.079,24.007,24.062,27095400
XAGUSD,20211028,1100,24.062,24.132,24.026,24.091,43423300
XAGUSD,20211028,1200,24.092,24.173,23.984,24.007,105309910
XAGUSD,20211028,1300,24.009,24.241,23.970,24.172,182607350
XAGUSD,20211028,1400,24.169,24.232,23.947,24.094,132369840
XAGUSD,20211028,1500,24.095,24.163,24.074,24.076,60103600
XAGUSD,20211028,1600,24.075,24.103,24.035,24.045,28971990
XAGUSD,20211028,1700,24.046,24.079,24.013,24.077,34089140
XAGUSD,20211028,1800,24.078,24.101,24.060,24.062,17413320
XAGUSD,20211028,1900,24.063,24.088,24.041,24.046,12621700
XAGUSD,20211028,2000,24.046,24.062,24.034,24.041,7573570
XAGUSD,20211028,2200,24.046,24.075,24.046,24.054,9612670
XAGUSD,20211028,2300,24.052,24.075,24.044,24.054,10723900
XAGUSD,20211029,0000,24.055,24.069,24.007,24.017,22188540
XAGUSD,20211029,0100,24.019,24.047,23.991,24.008,44925280
XAGUSD,20211029,0200,24.007,24.018,23.926,23.964,35327160
XAGUSD,20211029,0300,23.959,23.959,23.910,23.947,19485360
XAGUSD,20211029,0400,23.947,23.947,23.875,23.877,13036100
XAGUSD,20211029,0500,23.879,23.913,23.766,23.881,32293400
XAGUSD,20211029,0600,23.884,23.908,23.814,23.846,50500930
XAGUSD,20211029,0700,23.846,23.977,23.841,23.896,45130340
XAGUSD,20211029,0800,23.896,23.930,23.837,23.902,35237150
XAGUSD,20211029,0900,23.909,24.056,23.894,24.044,37595800
XAGUSD,20211029,1000,24.041,24.051,23.980,23.984,23130100
XAGUSD,20211029,1100,23.980,24.016,23.914,23.924,24890870
XAGUSD,20211029,1200,23.922,23.936,23.713,23.784,134660260
XAGUSD,20211029,1300,23.781,23.930,23.643,23.714,133882370
XAGUSD,20211029,1400,23.714,23.911,23.663,23.846,141969890
XAGUSD,20211029,1500,23.843,23.906,23.800,23.897,64634910
XAGUSD,20211029,1600,23.901,23.922,23.854,23.872,35787770
XAGUSD,20211029,1700,23.872,23.912,23.837,23.850,31998370
XAGUSD,20211029,1800,23.851,23.893,23.843,23.855,22616800
XAGUSD,20211029,1900,23.857,23.898,23.852,23.871,18574520
XAGUSD,20211029,2000,23.873,23.900,23.859,23.865,4268650
XAGUSD,20211031,2200,23.894,23.896,23.765,23.787,5600510
XAGUSD,20211031,2300,23.790,23.803,23.735,23.764,8951000
XAGUSD,20211101,0000,23.765,23.826,23.761,23.806,12279040
XAGUSD,20211101,0100,23.810,23.843,23.770,23.810,42597200
XAGUSD,20211101,0200,23.811,23.873,23.803,23.825,54616500
XAGUSD,20211101,0300,23.825,23.839,23.796,23.809,31647200
XAGUSD,20211101,0400,23.807,23.814,23.785,23.801,13989320
XAGUSD,20211101,0500,23.801,23.883,23.794,23.872,34223620
XAGUSD,20211101,0600,23.882,23.922,23.799,23.804,59284760
XAGUSD,20211101,0700,23.808,23.869,23.772,23.773,28408020
XAGUSD,20211101,0800,23.768,23.828,23.736,23.808,59872750
XAGUSD,20211101,0900,23.808,23.885,23.777,23.822,106418220
XAGUSD,20211101,1000,23.830,23.885,23.818,23.863,44444900
XAGUSD,20211101,1100,23.867,23.882,23.784,23.848,42051600
XAGUSD,20211101,1200,23.847,23.987,23.828,23.946,90102720
XAGUSD,20211101,1300,23.940,24.052,23.909,24.037,187747960
XAGUSD,20211101,1400,24.038,24.088,23.995,24.049,119400620
XAGUSD,20211101,1500,24.059,24.064,23.937,23.979,58692600
XAGUSD,20211101,1600,23.982,23.986,23.926,23.982,31955620
XAGUSD,20211101,1700,23.985,24.024,23.964,24.007,27731420
XAGUSD,20211101,1800,24.007,24.057,23.986,23.987,19688040
XAGUSD,20211101,1900,23.987,24.007,23.962,24.000,14401000
XAGUSD,20211101,2000,24.000,24.039,23.997,24.033,7309750
XAGUSD,20211101,2200,24.017,24.046,23.988,23.988,4209320
XAGUSD,20211101,2300,24.004,24.024,23.983,24.014,5619860
XAGUSD,20211102,0000,24.014,24.024,23.994,24.012,11082930
XAGUSD,20211102,0100,24.010,24.033,23.965,23.996,33035090
XAGUSD,20211102,0200,23.998,23.998,23.921,23.928,15412380
XAGUSD,20211102,0300,23.924,23.945,23.902,23.925,21087720
XAGUSD,20211102,0400,23.919,23.972,23.915,23.960,10021720
XAGUSD,20211102,0500,23.960,24.017,23.933,23.975,28708870
XAGUSD,20211102,0600,23.974,24.013,23.934,23.949,31471820
XAGUSD,20211102,0700,23.947,24.054,23.945,23.997,31911540
XAGUSD,20211102,0800,23.996,24.009,23.925,23.947,39724120
XAGUSD,20211102,0900,23.948,23.976,23.923,23.968,24462930
XAGUSD,20211102,1000,23.970,23.974,23.877,23.881,30484500
XAGUSD,20211102,1100,23.881,23.893,23.829,23.844,39908160
XAGUSD,20211102,1200,23.840,23.912,23.730,23.823,72651940
XAGUSD,20211102,1300,23.825,23.825,23.544,23.643,118541910
XAGUSD,20211102,1400,23.640,23.657,23.468,23.493,81398450
XAGUSD,20211102,1500,23.490,23.526,23.379,23.429,63091700
XAGUSD,20211102,1600,23.428,23.440,23.378,23.415,34678320
XAGUSD,20211102,1700,23.415,23.500,23.414,23.459,22026270
XAGUSD,20211102,1800,23.461,23.500,23.444,23.493,8822500
XAGUSD,20211102,1900,23.489,23.550,23.489,23.545,8543870
XAGUSD,20211102,2000,23.545,23.550,23.487,23.527,3799980
XAGUSD,20211102,2200,23.508,23.530,23.497,23.503,3845500
XAGUSD,20211102,2300,23.501,23.520,23.499,23.516,3111420
XAGUSD,20211103,0000,23.515,23.557,23.461,23.542,13916140
XAGUSD,20211103,0100,23.541,23.541,23.427,23.435,37048000
XAGUSD,20211103,0200,23.437,23.446,23.389,23.421,27804400
XAGUSD,20211103,0300,23.420,23.466,23.385,23.448,18263100
XAGUSD,20211103,0400,23.448,23.455,23.410,23.416,5937300
XAGUSD,20211103,0500,23.416,23.451,23.404,23.430,18750400
XAGUSD,20211103,0600,23.430,23.473,23.376,23.464,48952600
XAGUSD,20211103,0700,23.463,23.506,23.438,23.471,22092110
XAGUSD,20211103,0800,23.471,23.581,23.456,23.541,33577700
XAGUSD,20211103,0900,23.541,23.592,23.529,23.585,20937090
XAGUSD,20211103,1000,23.589,23.592,23.508,23.574,24270200
XAGUSD,20211103,1100,23.570,23.615,23.524,23.556,24007870
XAGUSD,20211103,1200,23.557,23.611,23.370,23.383,83111540
XAGUSD,20211103,1300,23.383,23.455,23.048,23.090,143587870
XAGUSD,20211103,1400,23.081,23.156,23.007,23.145,112257180
XAGUSD,20211103,1500,23.143,23.262,23.102,23.228,60754470
XAGUSD,20211103,1600,23.227,23.227,23.156,23.170,31568440
XAGUSD,20211103,1700,23.169,23.239,23.136,23.194,37896270
XAGUSD,20211103,1800,23.196,23.519,23.107,23.483,196311820
XAGUSD,20211103,1900,23.486,23.579,23.418,23.546,71009400
XAGUSD,20211103,2000,23.548,23.558,23.496,23.498,11258860
XAGUSD,20211103,2200,23.470,23.611,23.470,23.577,6213700
XAGUSD,20211103,2300,23.576,23.715,23.572,23.710,9458100
XAGUSD,20211104,0000,23.709,23.713,23.606,23.608,16328500
XAGUSD,20211104,0100,23.609,23.627,23.493,23.565,39379540
XAGUSD,20211104,0200,23.560,23.610,23.544,23.575,18769340
XAGUSD,20211104,0300,23.573,23.595,23.546,23.555,12391530
XAGUSD,20211104,0400,23.550,23.570,23.548,23.551,6798250
XAGUSD,20211104,0500,23.555,23.565,23.498,23.505,16642900
XAGUSD,20211104,0600,23.505,23.505,23.428,23.461,28890400
XAGUSD,20211104,0700,23.461,23.561,23.460,23.554,24575000
XAGUSD,20211104,0800,23.556,23.658,23.494,23.654,52203630
XAGUSD,20211104,0900,23.654,23.673,23.587,23.610,34289400
XAGUSD,20211104,1000,23.608,23.691,23.605,23.661,30832060
XAGUSD,20211104,1100,23.662,23.789,23.659,23.724,36719930
XAGUSD,20211104,1200,23.727,23.890,23.686,23.875,120197870
XAGUSD,20211104,1300,23.871,23.994,23.839,23.984,121428990
XAGUSD,20211104,1400,23.993,24.035,23.910,23.964,105910150
XAGUSD,20211104,1500,23.960,23.964,23.806,23.830,73031810
XAGUSD,20211104,1600,23.830,23.895,23.809,23.836,34679300
XAGUSD,20211104,1700,23.838,23.871,23.768,23.778,36428940
XAGUSD,20211104,1800,23.779,23.794,23.736,23.742,23577680
XAGUSD,20211104,1900,23.744,23.784,23.733,23.772,11570200
XAGUSD,20211104,2000,23.769,23.782,23.758,23.782,7530470
XAGUSD,20211104,2200,23.761,23.781,23.746,23.758,4689200
XAGUSD,20211104,2300,23.755,23.785,23.755,23.765,11775870
XAGUSD,20211105,0000,23.763,23.819,23.750,23.785,22141700
XAGUSD,20211105,0100,23.787,23.867,23.785,23.867,52125000
XAGUSD,20211105,0200,23.866,23.868,23.787,23.807,25320900
XAGUSD,20211105,0300,23.807,23.827,23.796,23.817,16822600
XAGUSD,20211105,0400,23.819,23.849,23.812,23.847,13861300
XAGUSD,20211105,0500,23.847,23.882,23.807,23.852,27403870
XAGUSD,20211105,0600,23.849,23.872,23.822,23.832,41915000
XAGUSD,20211105,0700,23.832,23.892,23.820,23.827,27704000
XAGUSD,20211105,0800,23.832,23.931,23.795,23.828,42500100
XAGUSD,20211105,0900,23.829,23.857,23.766,23.791,29358800
XAGUSD,20211105,1000,23.790,23.792,23.722,23.782,27990920
XAGUSD,20211105,1100,23.778,23.815,23.727,23.805,31011020
XAGUSD,20211105,1200,23.804,23.859,23.601,23.752,115041320
XAGUSD,20211105,1300,23.752,24.061,23.729,23.877,165898300
XAGUSD,20211105,1400,23.879,23.962,23.792,23.943,82003710
XAGUSD,20211105,1500,23.942,24.119,23.933,24.017,85092030
XAGUSD,20211105,1600,24.016,24.089,23.987,24.052,56172390
XAGUSD,20211105,1700,24.050,24.095,23.994,24.085,29671100
XAGUSD,20211105,1800,24.087,24.114,24.071,24.105,23793700
XAGUSD,20211105,1900,24.105,24.146,24.083,24.125,16752650
XAGUSD,20211105,2000,24.125,24.166,24.111,24.149,2705020
XAGUSD,20211107,2300,24.135,24.188,24.108,24.116,13056880
XAGUSD,20211108,0000,24.117,24.123,24.043,24.053,21726700
XAGUSD,20211108,0100,24.053,24.293,24.048,24.185,67126900
XAGUSD,20211108,0200,24.184,24.250,24.179,24.230,30555070
XAGUSD,20211108,0300,24.231,24.240,24.196,24.230,16622470
XAGUSD,20211108,0400,24.227,24.275,24.223,24.270,13306500
XAGUSD,20211108,0500,24.267,24.298,24.241,24.293,23569100
XAGUSD,20211108,0600,24.293,24.303,24.176,24.187,40225400
XAGUSD,20211108,0700,24.187,24.207,24.146,24.186,31782100
XAGUSD,20211108,0800,24.187,24.223,24.114,24.130,46270300
XAGUSD,20211108,0900,24.131,24.201,24.114,24.161,28234600
XAGUSD,20211108,1000,24.159,24.225,24.155,24.205,23806400
XAGUSD,20211108,1100,24.203,24.247,24.169,24.203,25411000
XAGUSD,20211108,1200,24.201,24.294,24.200,24.236,33915900
XAGUSD,20211108,1300,24.236,24.376,24.205,24.291,76746960
XAGUSD,20211108,1400,24.296,24.432,24.234,24.307,116102790
XAGUSD,20211108,1500,24.307,24.378,24.290,24.347,52094110
XAGUSD,20211108,1600,24.348,24.414,24.297,24.404,34009750
XAGUSD,20211108,1700,24.405,24.460,24.387,24.395,20888990
XAGUSD,20211108,1800,24.396,24.487,24.386,24.482,26432550
XAGUSD,20211108,1900,24.481,24.504,24.471,24.493,12641720
XAGUSD,20211108,2000,24.493,24.499,24.453,24.458,16714950
XAGUSD,20211108,2100,24.458,24.468,24.412,24.449,5515250
XAGUSD,20211108,2300,24.433,24.459,24.423,24.435,5646800
XAGUSD,20211109,0000,24.434,24.451,24.417,24.434,13662300
XAGUSD,20211109,0100,24.428,24.466,24.365,24.405,46119400
XAGUSD,20211109,0200,24.405,24.462,24.379,24.414,33382420
XAGUSD,20211109,0300,24.415,24.439,24.345,24.364,26369220
XAGUSD,20211109,0400,24.362,24.381,24.361,24.372,10926400
XAGUSD,20211109,0500,24.373,24.438,24.365,24.401,23316400
XAGUSD,20211109,0600,24.400,24.438,24.356,24.377,34270700
XAGUSD,20211109,0700,24.376,24.410,24.266,24.284,29767190
XAGUSD,20211109,0800,24.283,24.387,24.278,24.360,37055380
XAGUSD,20211109,0900,24.363,24.436,24.334,24.424,25460720
XAGUSD,20211109,1000,24.425,24.446,24.384,24.386,20570900
XAGUSD,20211109,1100,24.387,24.442,24.349,24.350,31801300
XAGUSD,20211109,1200,24.353,24.378,24.322,24.344,42512700
XAGUSD,20211109,1300,24.345,24.437,24.313,24.413,109406820
XAGUSD,20211109,1400,24.412,24.448,24.212,24.218,122939660
XAGUSD,20211109,1500,24.212,24.238,24.014,24.154,109472460
XAGUSD,20211109,1600,24.153,24.194,24.075,24.166,55927640
XAGUSD,20211109,1700,24.166,24.261,24.159,24.258,33213080
XAGUSD,20211109,1800,24.258,24.271,24.175,24.263,42898540
XAGUSD,20211109,1900,24.264,24.304,24.261,24.298,22052830
XAGUSD,20211109,2000,24.301,24.326,24.272,24.326,19256300
XAGUSD,20211109,2100,24.321,24.329,24.265,24.291,4062760
XAGUSD,20211109,2300,24.301,24.311,24.274,24.296,7534740
XAGUSD,20211110,0000,24.292,24.319,24.289,24.289,11085400
XAGUSD,20211110,0100,24.288,24.304,24.236,24.245,37718500
XAGUSD,20211110,0200,24.247,24.283,24.222,24.266,24070000
XAGUSD,20211110,0300,24.265,24.353,24.262,24.335,20511400
XAGUSD,20211110,0400,24.337,24.338,24.305,24.325,12466980
XAGUSD,20211110,0500,24.325,24.330,24.263,24.294,19307380
XAGUSD,20211110,0600,24.293,24.339,24.283,24.312,39094500
XAGUSD,20211110,0700,24.313,24.313,24.240,24.271,40028900
XAGUSD,20211110,0800,24.270,24.330,24.261,24.279,35530900
XAGUSD,20211110,0900,24.280,24.291,24.190,24.202,28348400
XAGUSD,20211110,1000,24.203,24.242,24.177,24.179,12885000
XAGUSD,20211110,1100,24.178,24.180,24.116,24.122,27493670
XAGUSD,20211110,1200,24.124,24.207,24.119,24.207,27787820
XAGUSD,20211110,1300,24.207,24.651,23.985,24.649,126463420
XAGUSD,20211110,1400,24.646,25.119,24.626,25.066,157453040
XAGUSD,20211110,1500,25.072,25.099,24.950,24.953,134788010
XAGUSD,20211110,1600,24.954,25.107,24.912,24.937,69754870
XAGUSD,20211110,1700,24.933,24.958,24.728,24.773,56577940
XAGUSD,20211110,1800,24.773,24.792,24.540,24.585,91868500
XAGUSD,20211110,1900,24.583,24.655,24.531,24.547,44154470
XAGUSD,20211110,2000,24.542,24.691,24.509,24.687,35592200
XAGUSD,20211110,2100,24.692,24.692,24.608,24.623,8404080
XAGUSD,20211110,2300,24.609,24.638,24.558,24.631,5922900
XAGUSD,20211111,0000,24.635,24.682,24.625,24.677,15302620
XAGUSD,20211111,0100,24.677,24.747,24.615,24.629,54732200
XAGUSD,20211111,0200,24.632,24.672,24.578,24.587,26335450
XAGUSD,20211111,0300,24.585,24.809,24.583,24.723,35199200
XAGUSD,20211111,0400,24.725,24.753,24.696,24.747,13321420
XAGUSD,20211111,0500,24.746,24.941,24.738,24.880,48749400
XAGUSD,20211111,0600,24.881,24.920,24.849,24.888,51214620
XAGUSD,20211111,0700,24.884,24.952,24.854,24.947,24885100
XAGUSD,20211111,0800,24.949,25.004,24.848,24.963,40651240
XAGUSD,20211111,0900,24.962,25.003,24.926,24.984,34675150
XAGUSD,20211111,1000,24.985,24.995,24.950,24.974,20761500
XAGUSD,20211111,1100,24.973,25.087,24.967,25.027,31352390
XAGUSD,20211111,1200,25.030,25.033,24.829,24.891,57510140
XAGUSD,20211111,1300,24.891,25.197,24.861,25.159,89118630
XAGUSD,20211111,1400,25.157,25.195,25.016,25.085,96278460
XAGUSD,20211111,1500,25.085,25.200,25.077,25.181,72583560
XAGUSD,20211111,1600,25.184,25.201,25.125,25.180,32109850
XAGUSD,20211111,1700,25.180,25.200,25.153,25.195,16256960
XAGUSD,20211111,1800,25.195,25.238,25.164,25.232,21748220
XAGUSD,20211111,1900,25.232,25.247,25.217,25.217,13124670
XAGUSD,20211111,2000,25.217,25.221,25.182,25.216,10431220
XAGUSD,20211111,2100,25.218,25.255,25.214,25.225,5264370
XAGUSD,20211111,2300,25.227,25.245,25.186,25.233,5635890
XAGUSD,20211112,0000,25.226,25.235,25.162,25.173,5299700
XAGUSD,20211112,0100,25.169,25.264,25.077,25.137,41886300
XAGUSD,20211112,0200,25.139,25.156,25.056,25.126,29497100
XAGUSD,20211112,0300,25.126,25.126,25.076,25.091,18384900
XAGUSD,20211112,0400,25.091,25.138,25.091,25.138,11500400
XAGUSD,20211112,0500,25.137,25.230,25.114,25.211,28485000
XAGUSD,20211112,0600,25.209,25.246,25.171,25.212,38295500
XAGUSD,20211112,0700,25.211,25.272,25.170,25.177,25027800
XAGUSD,20211112,0800,25.177,25.202,24.970,24.995,49462400
XAGUSD,20211112,0900,24.995,25.000,24.877,24.964,36962840
XAGUSD,20211112,1000,24.959,24.961,24.834,24.865,36893440
XAGUSD,20211112,1100,24.866,24.951,24.846,24.942,30075300
XAGUSD,20211112,1200,24.932,25.032,24.932,24.973,38084900
XAGUSD,20211112,1300,24.973,25.141,24.973,25.008,82959570
XAGUSD,20211112,1400,25.006,25.187,24.987,25.171,86119750
XAGUSD,20211112,1500,25.171,25.381,25.168,25.202,123245650
XAGUSD,20211112,1600,25.204,25.247,25.181,25.226,42534540
XAGUSD,20211112,1700,25.226,25.252,25.189,25.239,23586840
XAGUSD,20211112,1800,25.240,25.359,25.224,25.347,23667420
XAGUSD,20211112,1900,25.341,25.347,25.260,25.260,20198500
XAGUSD,20211112,2000,25.261,25.295,25.240,25.293,18780570
XAGUSD,20211112,2100,25.295,25.306,25.245,25.306,3509600
XAGUSD,20211114,2300,25.298,25.376,25.265,25.327,12776600
XAGUSD,20211115,0000,25.330,25.348,25.279,25.298,16760300
XAGUSD,20211115,0100,25.298,25.304,24.937,25.024,90027800
XAGUSD,20211115,0200,25.024,25.054,24.991,25.032,33845300
XAGUSD,20211115,0300,25.030,25.031,24.902,24.939,20566900
XAGUSD,20211115,0400,24.934,24.985,24.933,24.960,9749900
XAGUSD,20211115,0500,24.960,25.024,24.935,25.013,24739200
XAGUSD,20211115,0600,25.010,25.063,24.992,25.057,27852400
XAGUSD,20211115,0700,25.057,25.203,25.043,25.163,23543300
XAGUSD,20211115,0800,25.166,25.218,25.144,25.148,31138100
XAGUSD,20211115,0900,25.149,25.225,25.149,25.214,20272800
XAGUSD,20211115,1000,25.211,25.224,25.186,25.204,17474500
XAGUSD,20211115,1100,25.203,25.233,25.165,25.228,14872400
XAGUSD,20211115,1200,25.228,25.228,25.103,25.179,23256120
XAGUSD,20211115,1300,25.180,25.245,25.006,25.105,72006760
XAGUSD,20211115,1400,25.102,25.130,24.936,24.959,90252760
XAGUSD,20211115,1500,24.957,25.044,24.895,25.026,77158190
XAGUSD,20211115,1600,25.025,25.067,24.975,25.047,40687420
XAGUSD,20211115,1700,25.048,25.051,25.010,25.026,27500000
XAGUSD,20211115,1800,25.024,25.099,24.984,25.096,17066190
XAGUSD,20211115,1900,25.093,25.174,25.081,25.154,16803300
XAGUSD,20211115,2000,25.154,25.159,25.039,25.086,22721650
XAGUSD,20211115,2100,25.086,25.097,25.033,25.033,6368090
XAGUSD,20211115,2300,25.018,25.074,25.014,25.054,5241940
XAGUSD,20211116,0000,25.053,25.111,25.044,25.108,11623500
XAGUSD,20211116,0100,25.105,25.145,25.033,25.096,45203200
XAGUSD,20211116,0200,25.096,25.193,25.091,25.176,37774300
XAGUSD,20211116,0300,25.177,25.196,25.141,25.166,23242600
XAGUSD,20211116,0400,25.162,25.167,25.088,25.130,16303800
XAGUSD,20211116,0500,25.129,25.164,25.036,25.070,34703460
XAGUSD,20211116,0600,25.071,25.101,25.041,25.042,30898000
XAGUSD,20211116,0700,25.046,25.072,25.006,25.064,29426000
XAGUSD,20211116,0800,25.063,25.224,25.057,25.176,35907700
XAGUSD,20211116,0900,25.175,25.221,25.153,25.178,35183600
XAGUSD,20211116,1000,25.178,25.191,25.144,25.173,27836500
XAGUSD,20211116,1100,25.173,25.226,25.143,25.204,25307000
XAGUSD,20211116,1200,25.192,25.283,25.177,25.203,39910500
XAGUSD,20211116,1300,25.204,25.395,25.093,25.132,119552290
XAGUSD,20211116,1400,25.127,25.192,24.908,24.961,148053840
XAGUSD,20211116,1500,24.959,25.088,24.924,25.029,85828780
XAGUSD,20211116,1600,25.029,25.035,24.877,24.933,64360700
XAGUSD,20211116,1700,24.930,24.961,24.855,24.887,31504990
XAGUSD,20211116,1800,24.887,24.903,24.756,24.768,36243740
XAGUSD,20211116,1900,24.768,24.843,24.767,24.820,18048300
XAGUSD,20211116,2000,24.817,24.835,24.786,24.812,17381000
XAGUSD,20211116,2100,24.811,24.824,24.787,24.805,6507000
XAGUSD,20211116,2300,24.789,24.835,24.789,24.826,7363600
XAGUSD,20211117,0000,24.826,24.863,24.802,24.857,15755300
XAGUSD,20211117,0100,24.854,24.981,24.850,24.972,45936400
XAGUSD,20211117,0200,24.974,24.993,24.937,24.977,42907800
XAGUSD,20211117,0300,24.973,24.982,24.889,24.924,35836100
XAGUSD,20211117,0400,24.924,24.961,24.915,24.954,17588520
XAGUSD,20211117,0500,24.954,24.965,24.893,24.914,28486290
XAGUSD,20211117,0600,24.914,25.003,24.909,24.978,32681900
XAGUSD,20211117,0700,24.983,25.050,24.965,25.023,29367100
XAGUSD,20211117,0800,25.025,25.101,25.014,25.090,34627300
XAGUSD,20211117,0900,25.093,25.100,25.056,25.064,23508700
XAGUSD,20211117,1000,25.063,25.072,25.026,25.041,31044800
XAGUSD,20211117,1100,25.040,25.093,25.034,25.077,29376500
XAGUSD,20211117,1200,25.076,25.145,25.046,25.129,32043500
XAGUSD,20211117,1300,25.129,25.185,25.036,25.052,70641720
XAGUSD,20211117,1400,25.055,25.158,25.023,25.126,62293950
XAGUSD,20211117,1500,25.129,25.199,25.056,25.075,60141310
XAGUSD,20211117,1600,25.077,25.112,25.014,25.079,38235260
XAGUSD,20211117,1700,25.076,25.093,25.024,25.069,30073500
XAGUSD,20211117,1800,25.068,25.109,25.023,25.058,38599300
XAGUSD,20211117,1900,25.059,25.059,24.946,24.968,19496990
XAGUSD,20211117,2000,24.965,25.053,24.950,25.049,17447650
XAGUSD,20211117,2100,25.048,25.076,25.041,25.053,5646800
XAGUSD,20211117,2300,25.071,25.078,25.041,25.051,6448750
XAGUSD,20211118,0000,25.050,25.138,25.047,25.122,14969900
XAGUSD,20211118,0100,25.121,25.147,25.042,25.052,38790100
XAGUSD,20211118,0200,25.053,25.117,24.898,24.966,40597900
XAGUSD,20211118,0300,24.966,25.009,24.909,24.984,26062000
XAGUSD,20211118,0400,24.984,25.036,24.983,24.999,10598700
XAGUSD,20211118,0500,24.997,25.036,24.980,25.023,20904670
XAGUSD,20211118,0600,25.023,25.048,24.947,24.972,34167660
XAGUSD,20211118,0700,24.973,25.149,24.956,25.140,27753900
XAGUSD,20211118,0800,25.139,25.141,25.028,25.059,35990500
XAGUSD,20211118,0900,25.060,25.107,25.027,25.049,28035000
XAGUSD,20211118,1000,25.049,25.050,24.927,24.958,30410280
XAGUSD,20211118,1100,24.961,25.006,24.951,24.951,34419900
XAGUSD,20211118,1200,24.955,25.067,24.952,25.042,24650600
XAGUSD,20211118,1300,25.039,25.039,24.667,24.955,104606010
XAGUSD,20211118,1400,24.950,24.979,24.834,24.837,92810830
XAGUSD,20211118,1500,24.838,24.872,24.757,24.835,62452480
XAGUSD,20211118,1600,24.838,24.914,24.805,24.900,35540120
XAGUSD,20211118,1700,24.900,24.958,24.877,24.882,25160700
XAGUSD,20211118,1800,24.879,24.897,24.810,24.847,20885600
XAGUSD,20211118,1900,24.844,24.853,24.812,24.822,15069320
XAGUSD,20211118,2000,24.818,24.823,24.790,24.806,16107220
XAGUSD,20211118,2100,24.808,24.810,24.775,24.777,5229200
XAGUSD,20211118,2300,24.784,24.815,24.770,24.815,5173000
XAGUSD,20211119,0000,24.811,24.827,24.791,24.806,8047000
XAGUSD,20211119,0100,24.806,24.879,24.755,24.844,36185490
XAGUSD,20211119,0200,24.844,24.926,24.843,24.860,21032700
XAGUSD,20211119,0300,24.860,24.925,24.856,24.915,20336700
XAGUSD,20211119,0400,24.915,24.925,24.899,24.904,11626800
XAGUSD,20211119,0500,24.901,24.926,24.850,24.860,13686600
XAGUSD,20211119,0600,24.855,24.881,24.809,24.816,24761400
XAGUSD,20211119,0700,24.816,24.885,24.778,24.784,27585800
XAGUSD,20211119,0800,24.788,24.846,24.709,24.724,36355500
XAGUSD,20211119,0900,24.724,24.875,24.708,24.864,88101420
XAGUSD,20211119,1000,24.864,24.874,24.767,24.791,60315090
XAGUSD,20211119,1100,24.792,24.797,24.712,24.746,45630200
XAGUSD,20211119,1200,24.751,24.784,24.677,24.679,49709500
XAGUSD,20211119,1300,24.675,24.817,24.638,24.769,89936600
XAGUSD,20211119,1400,24.774,24.967,24.707,24.923,148123400
XAGUSD,20211119,1500,24.923,24.972,24.818,24.895,94957700
XAGUSD,20211119,1600,24.891,24.903,24.846,24.868,42907700
XAGUSD,20211119,1700,24.866,24.898,24.541,24.637,72275020
XAGUSD,20211119,1800,24.635,24.730,24.593,24.619,46914840
XAGUSD,20211119,1900,24.620,24.654,24.616,24.644,23793700
XAGUSD,20211119,2000,24.644,24.645,24.574,24.576,20080400
XAGUSD,20211119,2100,24.574,24.617,24.569,24.592,4659420
XAGUSD,20211121,2300,24.608,24.645,24.490,24.600,16005060
XAGUSD,20211122,0000,24.604,24.645,24.584,24.601,19183020
XAGUSD,20211122,0100,24.601,24.710,24.595,24.668,44193060
XAGUSD,20211122,0200,24.666,24.696,24.636,24.673,23938900
XAGUSD,20211122,0300,24.672,24.704,24.651,24.697,14044300
XAGUSD,20211122,0400,24.699,24.731,24.697,24.711,9530900
XAGUSD,20211122,0500,24.707,24.729,24.681,24.710,17095450
XAGUSD,20211122,0600,24.709,24.745,24.678,24.734,33939400
XAGUSD,20211122,0700,24.735,24.833,24.709,24.806,30751600
XAGUSD,20211122,0800,24.802,24.877,24.779,24.808,52596990
XAGUSD,20211122,0900,24.808,24.865,24.806,24.819,29483000
XAGUSD,20211122,1000,24.820,24.837,24.683,24.702,28873810
XAGUSD,20211122,1100,24.702,24.730,24.662,24.680,27899470
XAGUSD,20211122,1200,24.679,24.738,24.669,24.710,26369100
XAGUSD,20211122,1300,24.711,24.820,24.640,24.772,74946840
XAGUSD,20211122,1400,24.774,24.785,24.289,24.526,160900490
XAGUSD,20211122,1500,24.528,24.567,24.418,24.546,76534010
XAGUSD,20211122,1600,24.547,24.601,24.384,24.389,54486390
XAGUSD,20211122,1700,24.388,24.389,24.196,24.289,50705540
XAGUSD,20211122,1800,24.287,24.289,24.113,24.115,42017560
XAGUSD,20211122,1900,24.117,24.210,24.091,24.137,25395860
XAGUSD,20211122,2000,24.134,24.185,24.121,24.143,25901670
XAGUSD,20211122,2100,24.143,24.182,24.138,24.168,7733320
XAGUSD,20211122,2300,24.177,24.242,24.168,24.231,9532360
XAGUSD,20211123,0000,24.226,24.266,24.226,24.266,10051800
XAGUSD,20211123,0100,24.266,24.301,24.225,24.301,42823080
XAGUSD,20211123,0200,24.298,24.298,24.246,24.291,25605520
XAGUSD,20211123,0300,24.288,24.313,24.268,24.287,14685100
XAGUSD,20211123,0400,24.286,24.296,24.269,24.286,11181800
XAGUSD,20211123,0500,24.285,24.300,24.201,24.228,17517900
XAGUSD,20211123,0600,24.231,24.231,23.961,23.995,52906210
XAGUSD,20211123,0700,23.998,24.118,23.979,24.057,49145300
XAGUSD,20211123,0800,24.052,24.081,23.876,23.940,71367710
XAGUSD,20211123,0900,23.935,23.981,23.808,23.916,47068840
XAGUSD,20211123,1000,23.916,23.952,23.840,23.857,35527100
XAGUSD,20211123,1100,23.862,23.868,23.732,23.768,35907370
XAGUSD,20211123,1200,23.769,23.847,23.666,23.672,58568210
XAGUSD,20211123,1300,23.671,23.760,23.329,23.380,137778350
XAGUSD,20211123,1400,23.382,23.563,23.376,23.528,106469930
XAGUSD,20211123,1500,23.526,23.543,23.320,23.357,88460630
XAGUSD,20211123,1600,23.358,23.358,23.266,23.342,53401030
XAGUSD,20211123,1700,23.342,23.417,23.322,23.379,35557030
XAGUSD,20211123,1800,23.379,23.516,23.361,23.513,42317940
XAGUSD,20211123,1900,23.513,23.597,23.490,23.567,25097640
XAGUSD,20211123,2000,23.567,23.685,23.557,23.660,21865060
XAGUSD,20211123,2100,23.658,23.675,23.631,23.646,6094940
XAGUSD,20211123,2300,23.625,23.652,23.611,23.649,13099660
XAGUSD,20211124,0000,23.654,23.668,23.603,23.604,12444600
XAGUSD,20211124,0100,23.603,23.612,23.463,23.575,44062760
XAGUSD,20211124,0200,23.575,23.602,23.538,23.555,15751240
XAGUSD,20211124,0300,23.560,23.565,23.502,23.530,13779140
XAGUSD,20211124,0400,23.529,23.556,23.521,23.541,10739900
XAGUSD,20211124,0500,23.539,23.617,23.530,23.608,18853700
XAGUSD,20211124,0600,23.610,23.630,23.580,23.597,23233600
XAGUSD,20211124,0700,23.597,23.633,23.549,23.617,18428660
XAGUSD,20211124,0800,23.616,23.679,23.565,23.591,29035020
XAGUSD,20211124,0900,23.589,23.642,23.581,23.588,31416830
XAGUSD,20211124,1000,23.590,23.607,23.556,23.569,26380430
XAGUSD,20211124,1100,23.570,23.577,23.460,23.471,32263800
XAGUSD,20211124,1200,23.471,23.509,23.390,23.429,34813200
XAGUSD,20211124,1300,23.429,23.596,23.397,23.535,94060000
XAGUSD,20211124,1400,23.537,23.562,23.402,23.494,117311810
XAGUSD,20211124,1500,23.488,23.586,23.409,23.487,83000840
XAGUSD,20211124,1600,23.485,23.547,23.469,23.496,52358300
XAGUSD,20211124,1700,23.502,23.503,23.426,23.450,27652320
XAGUSD,20211124,1800,23.453,23.487,23.434,23.448,21596800
XAGUSD,20211124,1900,23.452,23.489,23.412,23.462,22312000
XAGUSD,20211124,2000,23.458,23.536,23.455,23.523,13586160
XAGUSD,20211124,2100,23.526,23.552,23.516,23.534,2996530
XAGUSD,20211124,2300,23.542,23.577,23.505,23.557,13568370
XAGUSD,20211125,0000,23.560,23.651,23.550,23.612,11716300
XAGUSD,20211125,0100,23.611,23.654,23.554,23.644,43725500
XAGUSD,20211125,0200,23.645,23.715,23.644,23.649,19497200
XAGUSD,20211125,0300,23.649,23.654,23.599,23.621,11441900
XAGUSD,20211125,0400,23.621,23.624,23.584,23.601,5430600
XAGUSD,20211125,0500,23.603,23.630,23.578,23.625,14533400
XAGUSD,20211125,0600,23.627,23.655,23.615,23.637,20548200
XAGUSD,20211125,0700,23.640,23.684,23.616,23.628,15828200
XAGUSD,20211125,0800,23.626,23.675,23.613,23.650,18710300
XAGUSD,20211125,0900,23.652,23.655,23.573,23.580,19191500
XAGUSD,20211125,1000,23.579,23.629,23.564,23.604,17156730
XAGUSD,20211125,1100,23.602,23.638,23.599,23.615,16385700
XAGUSD,20211125,1200,23.615,23.672,23.613,23.629,16965090
XAGUSD,20211125,1300,23.625,23.634,23.544,23.605,36111100
XAGUSD,20211125,1400,23.605,23.631,23.576,23.623,19131100
XAGUSD,20211125,1500,23.622,23.633,23.561,23.584,19755100
XAGUSD,20211125,1600,23.589,23.648,23.572,23.641,14021020
XAGUSD,20211125,1700,23.641,23.655,23.572,23.588,11432220
XAGUSD,20211125,2300,23.576,23.598,23.551,23.565,4421300
XAGUSD,20211126,0000,23.570,23.590,23.503,23.523,19815400
XAGUSD,20211126,0100,23.526,23.633,23.509,23.541,25780200
XAGUSD,20211126,0200,23.541,23.561,23.506,23.526,17498300
XAGUSD,20211126,0300,23.526,23.591,23.519,23.576,15553900
XAGUSD,20211126,0400,23.576,23.596,23.555,23.561,11741700
XAGUSD,20211126,0500,23.558,23.568,23.509,23.563,14469600
XAGUSD,20211126,0600,23.564,23.641,23.558,23.626,17330970
XAGUSD,20211126,0700,23.626,23.718,23.597,23.712,40478500
XAGUSD,20211126,0800,23.711,23.711,23.281,23.437,77047110
XAGUSD,20211126,0900,23.432,23.566,23.385,23.551,50577560
XAGUSD,20211126,1000,23.551,23.631,23.505,23.601,44556090
XAGUSD,20211126,1100,23.605,23.647,23.562,23.593,36290100
XAGUSD,20211126,1200,23.598,23.661,23.566,23.567,43076100
XAGUSD,20211126,1300,23.566,23.581,23.203,23.468,67169650
XAGUSD,20211126,1400,23.466,23.567,23.247,23.336,104207890
XAGUSD,20211126,1500,23.338,23.384,23.223,23.237,77744340
XAGUSD,20211126,1600,23.236,23.239,22.903,23.064,72914990
XAGUSD,20211126,1700,23.064,23.147,23.033,23.107,49067170
XAGUSD,20211126,1800,23.112,23.122,23.026,23.103,10956670
XAGUSD,20211128,2300,23.112,23.315,23.053,23.312,26844000
XAGUSD,20211129,0000,23.310,23.325,23.225,23.278,25519520
XAGUSD,20211129,0100,23.286,23.413,23.188,23.406,48949120
XAGUSD,20211129,0200,23.405,23.423,23.372,23.418,17321800
XAGUSD,20211129,0300,23.413,23.433,23.397,23.413,9175200
XAGUSD,20211129,0400,23.410,23.413,23.349,23.363,11871400
XAGUSD,20211129,0500,23.364,23.408,23.322,23.398,25939400
XAGUSD,20211129,0600,23.400,23.403,23.350,23.360,33825700
XAGUSD,20211129,0700,23.357,23.408,23.328,23.360,35751600
XAGUSD,20211129,0800,23.362,23.376,23.303,23.361,47919500
XAGUSD,20211129,0900,23.361,23.375,23.313,23.335,41302920
XAGUSD,20211129,1000,23.336,23.340,23.284,23.310,27896290
XAGUSD,20211129,1100,23.310,23.315,23.213,23.220,25914080
XAGUSD,20211129,1200,23.220,23.263,23.199,23.251,35365800
XAGUSD,20211129,1300,23.252,23.266,22.986,22.993,79374450
XAGUSD,20211129,1400,22.990,23.100,22.924,22.987,78974800
XAGUSD,20211129,1500,22.989,23.026,22.914,22.925,59524360
XAGUSD,20211129,1600,22.921,22.951,22.741,22.817,54365000
XAGUSD,20211129,1700,22.817,22.849,22.752,22.826,28552010
XAGUSD,20211129,1800,22.826,22.868,22.791,22.852,24252340
XAGUSD,20211129,1900,22.850,22.850,22.753,22.783,20489040
XAGUSD,20211129,2000,22.783,22.859,22.780,22.844,14357850
XAGUSD,20211129,2100,22.844,22.909,22.833,22.889,6494090
XAGUSD,20211129,2300,22.854,22.937,22.847,22.928,9088710
XAGUSD,20211130,0000,22.926,22.932,22.870,22.883,14773610
XAGUSD,20211130,0100,22.886,22.943,22.804,22.932,24328220
XAGUSD,20211130,0200,22.931,22.978,22.915,22.962,9394100
XAGUSD,20211130,0300,22.964,22.965,22.865,22.918,19845670
XAGUSD,20211130,0400,22.920,22.933,22.899,22.928,12557200
XAGUSD,20211130,0500,22.927,22.961,22.857,22.878,56655670
XAGUSD,20211130,0600,22.874,22.888,22.755,22.862,54269290
XAGUSD,20211130,0700,22.863,22.907,22.813,22.897,46447570
XAGUSD,20211130,0800,22.897,22.957,22.862,22.863,45711000
XAGUSD,20211130,0900,22.863,22.942,22.823,22.917,45157010
XAGUSD,20211130,1000,22.917,22.922,22.848,22.877,41746910
XAGUSD,20211130,1100,22.877,22.885,22.762,22.802,41018530
XAGUSD,20211130,1200,22.804,22.883,22.796,22.856,51716600
XAGUSD,20211130,1300,22.864,22.936,22.745,22.879,84957790
XAGUSD,20211130,1400,22.883,23.208,22.833,23.183,95587020
XAGUSD,20211130,1500,23.185,23.304,22.810,22.818,148724250
XAGUSD,20211130,1600,22.818,22.893,22.724,22.796,133695900
XAGUSD,20211130,1700,22.800,22.816,22.678,22.766,76291530
XAGUSD,20211130,1800,22.768,22.874,22.715,22.851,53913060
XAGUSD,20211130,1900,22.852,22.881,22.800,22.838,28823170
XAGUSD,20211130,2000,22.840,22.845,22.764,22.765,28461100
XAGUSD,20211130,2100,22.769,22.833,22.756,22.809,12566500
XAGUSD,20211130,2300,22.828,22.865,22.770,22.792,7958940
XAGUSD,20211201,0000,22.795,22.890,22.790,22.880,13700420
XAGUSD,20211201,0100,22.877,22.885,22.621,22.700,54701970
XAGUSD,20211201,0200,22.699,22.822,22.697,22.812,30893000
XAGUSD,20211201,0300,22.812,22.864,22.809,22.829,20522200
XAGUSD,20211201,0400,22.829,22.884,22.816,22.880,10154200
XAGUSD,20211201,0500,22.879,23.010,22.854,23.000,22960700
XAGUSD,20211201,0600,22.999,23.020,22.905,22.939,54072700
XAGUSD,20211201,0700,22.938,22.973,22.901,22.932,44205700
XAGUSD,20211201,0800,22.929,22.929,22.727,22.753,77100300
XAGUSD,20211201,0900,22.752,22.905,22.733,22.886,37040700
XAGUSD,20211201,1000,22.885,22.905,22.851,22.885,27827500
XAGUSD,20211201,1100,22.885,22.926,22.845,22.848,26938000
XAGUSD,20211201,1200,22.851,22.918,22.819,22.901,39001300
XAGUSD,20211201,1300,22.899,22.937,22.705,22.792,99123810
XAGUSD,20211201,1400,22.793,22.826,22.600,22.678,78635450
XAGUSD,20211201,1500,22.669,22.771,22.619,22.632,108226320
XAGUSD,20211201,1600,22.630,22.655,22.415,22.455,76730010
XAGUSD,20211201,1700,22.455,22.527,22.412,22.432,45886810
XAGUSD,20211201,1800,22.429,22.437,22.307,22.388,58038510
XAGUSD,20211201,1900,22.388,22.388,22.257,22.311,41424820
XAGUSD,20211201,2000,22.309,22.320,22.172,22.218,44924600
XAGUSD,20211201,2100,22.218,22.323,22.207,22.303,9497840
XAGUSD,20211201,2300,22.265,22.378,22.242,22.369,7933790
XAGUSD,20211202,0000,22.366,22.393,22.338,22.377,9031600
XAGUSD,20211202,0100,22.380,22.435,22.360,22.370,38223200
XAGUSD,20211202,0200,22.372,22.480,22.324,22.455,23916500
XAGUSD,20211202,0300,22.455,22.460,22.387,22.390,12835300
XAGUSD,20211202,0400,22.390,22.400,22.360,22.370,16096500
XAGUSD,20211202,0500,22.370,22.385,22.323,22.354,22597500
XAGUSD,20211202,0600,22.354,22.456,22.334,22.444,20947900
XAGUSD,20211202,0700,22.439,22.454,22.328,22.344,23269500
XAGUSD,20211202,0800,22.344,22.355,22.259,22.324,49553800
XAGUSD,20211202,0900,22.323,22.366,22.320,22.362,24829780
XAGUSD,20211202,1000,22.360,22.386,22.314,22.361,25116010
XAGUSD,20211202,1100,22.356,22.399,22.344,22.382,20208040
XAGUSD,20211202,1200,22.382,22.486,22.363,22.472,39837300
XAGUSD,20211202,1300,22.472,22.493,22.318,22.343,61303580
XAGUSD,20211202,1400,22.340,22.467,22.202,22.305,122879910
XAGUSD,20211202,1500,22.305,22.433,22.267,22.321,104301970
XAGUSD,20211202,1600,22.320,22.394,22.289,22.362,64672870
XAGUSD,20211202,1700,22.364,22.370,22.301,22.326,44422220
XAGUSD,20211202,1800,22.324,22.337,22.273,22.322,42994340
XAGUSD,20211202,1900,22.324,22.394,22.324,22.371,22903620
XAGUSD,20211202,2000,22.375,22.412,22.362,22.367,24752700
XAGUSD,20211202,2100,22.370,22.395,22.349,22.373,5598570
XAGUSD,20211202,2300,22.357,22.437,22.357,22.371,8067810
XAGUSD,20211203,0000,22.372,22.409,22.335,22.401,8942400
XAGUSD,20211203,0100,22.398,22.411,22.323,22.401,28974600
XAGUSD,20211203,0200,22.401,22.406,22.317,22.334,23629700
XAGUSD,20211203,0300,22.335,22.394,22.322,22.392,18668900
XAGUSD,20211203,0400,22.391,22.408,22.372,22.393,10822500
XAGUSD,20211203,0500,22.393,22.512,22.391,22.480,24078400
XAGUSD,20211203,0600,22.479,22.484,22.370,22.385,23418700
XAGUSD,20211203,0700,22.389,22.397,22.332,22.367,22405200
XAGUSD,20211203,0800,22.361,22.362,22.295,22.333,25640800
XAGUSD,20211203,0900,22.332,22.337,22.269,22.315,20339100
XAGUSD,20211203,1000,22.317,22.369,22.287,22.319,27226800
XAGUSD,20211203,1100,22.322,22.361,22.298,22.321,17119100
XAGUSD,20211203,1200,22.321,22.414,22.314,22.393,22810200
XAGUSD,20211203,1300,22.395,22.576,22.242,22.317,117223040
XAGUSD,20211203,1400,22.317,22.388,22.217,22.323,122644150
XAGUSD,20211203,1500,22.319,22.319,22.024,22.136,106452320
XAGUSD,20211203,1600,22.136,22.409,22.110,22.408,90940830
XAGUSD,20211203,1700,22.409,22.472,22.343,22.441,54119800
XAGUSD,20211203,1800,22.442,22.546,22.404,22.492,41479940
XAGUSD,20211203,1900,22.495,22.515,22.460,22.495,22342900
XAGUSD,20211203,2000,22.496,22.539,22.484,22.539,29699600
XAGUSD,20211203,2100,22.539,22.546,22.512,22.536,6728550
XAGUSD,20211205,2300,22.570,22.596,22.480,22.573,15019860
XAGUSD,20211206,0000,22.571,22.591,22.545,22.549,16836400
XAGUSD,20211206,0100,22.549,22.573,22.479,22.529,38773400
XAGUSD,20211206,0200,22.528,22.571,22.499,22.532,16842490
XAGUSD,20211206,0300,22.534,22.537,22.484,22.506,17286000
XAGUSD,20211206,0400,22.506,22.511,22.448,22.465,11727600
XAGUSD,20211206,0500,22.461,22.487,22.445,22.463,19926480
XAGUSD,20211206,0600,22.465,22.494,22.444,22.447,24195200
XAGUSD,20211206,0700,22.447,22.488,22.368,22.372,24876720
XAGUSD,20211206,0800,22.374,22.392,22.283,22.343,27240140
XAGUSD,20211206,0900,22.346,22.387,22.287,22.302,31535380
XAGUSD,20211206,1000,22.302,22.342,22.294,22.337,24661270
XAGUSD,20211206,1100,22.338,22.369,22.325,22.338,16773500
XAGUSD,20211206,1200,22.340,22.376,22.301,22.365,22822270
XAGUSD,20211206,1300,22.368,22.381,22.272,22.286,52400700
XAGUSD,20211206,1400,22.286,22.323,22.111,22.280,73077730
XAGUSD,20211206,1500,22.285,22.349,22.197,22.231,58509910
XAGUSD,20211206,1600,22.233,22.347,22.214,22.335,28135790
XAGUSD,20211206,1700,22.336,22.338,22.277,22.326,20330530
XAGUSD,20211206,1800,22.324,22.336,22.228,22.246,18638980
XAGUSD,20211206,1900,22.249,22.300,22.249,22.294,8753840
XAGUSD,20211206,2000,22.294,22.419,22.289,22.391,12767620
XAGUSD,20211206,2100,22.387,22.400,22.348,22.349,4438390
XAGUSD,20211206,2300,22.361,22.388,22.332,22.382,4416170
XAGUSD,20211207,0000,22.384,22.387,22.357,22.360,6900000
XAGUSD,20211207,0100,22.360,22.361,22.292,22.299,24621720
XAGUSD,20211207,0200,22.300,22.330,22.289,22.295,14645720
XAGUSD,20211207,0300,22.297,22.300,22.260,22.272,14258270
XAGUSD,20211207,0400,22.274,22.301,22.271,22.301,6567200
XAGUSD,20211207,0500,22.298,22.411,22.290,22.407,17903100
XAGUSD,20211207,0600,22.404,22.467,22.401,22.437,21087720
XAGUSD,20211207,0700,22.436,22.456,22.405,22.419,20983820
XAGUSD,20211207,0800,22.421,22.437,22.404,22.412,23355370
XAGUSD,20211207,0900,22.414,22.417,22.324,22.404,25271600
XAGUSD,20211207,1000,22.404,22.407,22.363,22.394,17405800
XAGUSD,20211207,1100,22.395,22.419,22.377,22.409,20593000
XAGUSD,20211207,1200,22.404,22.462,22.395,22.443,21776950
XAGUSD,20211207,1300,22.442,22.455,22.213,22.273,66693780
XAGUSD,20211207,1400,22.277,22.455,22.243,22.366,71752790
XAGUSD,20211207,1500,22.368,22.454,22.332,22.423,49383890
XAGUSD,20211207,1600,22.425,22.586,22.420,22.572,42380400
XAGUSD,20211207,1700,22.574,22.592,22.481,22.506,20762520
XAGUSD,20211207,1800,22.505,22.532,22.479,22.528,18777480
XAGUSD,20211207,1900,22.527,22.538,22.505,22.512,11137700
XAGUSD,20211207,2000,22.512,22.533,22.495,22.500,16010220
XAGUSD,20211207,2100,22.495,22.510,22.469,22.469,4472790
XAGUSD,20211207,2300,22.465,22.507,22.465,22.500,3719090
XAGUSD,20211208,0000,22.503,22.528,22.485,22.523,9173900
XAGUSD,20211208,0100,22.523,22.527,22.454,22.479,31227700
XAGUSD,20211208,0200,22.481,22.553,22.479,22.505,22292900
XAGUSD,20211208,0300,22.505,22.513,22.470,22.490,16958200
XAGUSD,20211208,0400,22.490,22.495,22.468,22.485,5382000
XAGUSD,20211208,0500,22.485,22.526,22.476,22.524,14783700
XAGUSD,20211208,0600,22.523,22.539,22.453,22.474,18474420
XAGUSD,20211208,0700,22.472,22.482,22.402,22.475,18336080
XAGUSD,20211208,0800,22.473,22.473,22.379,22.453,38680470
XAGUSD,20211208,0900,22.448,22.468,22.419,22.459,20474320
XAGUSD,20211208,1000,22.458,22.478,22.425,22.447,22788820
XAGUSD,20211208,1100,22.448,22.454,22.319,22.411,51506410
XAGUSD,20211208,1200,22.406,22.434,22.380,22.399,42199660
XAGUSD,20211208,1300,22.401,22.433,22.302,22.397,61397400
XAGUSD,20211208,1400,22.394,22.399,22.293,22.383,55280780
XAGUSD,20211208,1500,22.385,22.458,22.331,22.392,56908390
XAGUSD,20211208,1600,22.387,22.406,22.357,22.394,24713320
XAGUSD,20211208,1700,22.393,22.430,22.389,22.414,16282600
XAGUSD,20211208,1800,22.413,22.454,22.398,22.424,23679600
XAGUSD,20211208,1900,22.424,22.472,22.422,22.454,13401800
XAGUSD,20211208,2000,22.455,22.476,22.439,22.439,11643450
XAGUSD,20211208,2100,22.441,22.448,22.398,22.417,6937700
XAGUSD,20211208,2300,22.409,22.443,22.409,22.443,3987100
XAGUSD,20211209,0000,22.443,22.455,22.423,22.445,7218950
XAGUSD,20211209,0100,22.443,22.443,22.366,22.382,16959020
XAGUSD,20211209,0200,22.388,22.403,22.322,22.361,12811770
XAGUSD,20211209,0300,22.360,22.415,22.354,22.400,13098390
XAGUSD,20211209,0400,22.401,22.440,22.395,22.431,7956200
XAGUSD,20211209,0500,22.430,22.464,22.419,22.432,14293200
XAGUSD,20211209,0600,22.432,22.448,22.285,22.303,22231600
XAGUSD,20211209,0700,22.304,22.353,22.295,22.337,19698840
XAGUSD,20211209,0800,22.337,22.349,22.267,22.329,26108700
XAGUSD,20211209,0900,22.331,22.349,22.263,22.309,20613970
XAGUSD,20211209,1000,22.312,22.326,22.262,22.300,15170500
XAGUSD,20211209,1100,22.300,22.323,22.233,22.233,19840300
XAGUSD,20211209,1200,22.231,22.251,22.151,22.157,32396600
XAGUSD,20211209,1300,22.152,22.157,21.856,21.901,96153170
XAGUSD,20211209,1400,21.901,22.144,21.867,21.959,87898290
XAGUSD,20211209,1500,21.959,22.024,21.900,22.022,63416220
XAGUSD,20211209,1600,22.018,22.083,21.977,21.988,29415770
XAGUSD,20211209,1700,21.989,22.032,21.982,22.010,15326800
XAGUSD,20211209,1800,22.012,22.062,21.955,22.053,35359620
XAGUSD,20211209,1900,22.056,22.056,21.966,21.970,15109900
XAGUSD,20211209,2000,21.970,21.985,21.944,21.944,11608920
XAGUSD,20211209,2100,21.943,21.966,21.920,21.949,5417170
XAGUSD,20211209,2300,21.948,21.982,21.948,21.979,3410020
XAGUSD,20211210,0000,21.980,21.999,21.961,21.971,6379710
XAGUSD,20211210,0100,21.974,22.004,21.941,21.983,26469120
XAGUSD,20211210,0200,21.983,22.023,21.977,21.979,20374800
XAGUSD,20211210,0300,21.980,22.029,21.972,22.004,16053200
XAGUSD,20211210,0400,22.002,22.008,21.984,22.001,9618900
XAGUSD,20211210,0500,22.001,22.003,21.947,21.953,11850950
XAGUSD,20211210,0600,21.954,21.955,21.816,21.850,42826460
XAGUSD,20211210,0700,21.850,21.868,21.822,21.844,18265090
XAGUSD,20211210,0800,21.843,21.896,21.818,21.885,26495820
XAGUSD,20211210,0900,21.884,21.895,21.856,21.888,15613300
XAGUSD,20211210,1000,21.887,21.902,21.873,21.898,21675390
XAGUSD,20211210,1100,21.897,21.909,21.866,21.894,10230320
XAGUSD,20211210,1200,21.892,21.900,21.853,21.900,17934690
XAGUSD,20211210,1300,21.899,22.147,21.850,22.126,118616620
XAGUSD,20211210,1400,22.127,22.222,22.052,22.090,107445950
XAGUSD,20211210,1500,22.089,22.163,22.067,22.132,56612100
XAGUSD,20211210,1600,22.135,22.186,22.120,22.153,28427600
XAGUSD,20211210,1700,22.155,22.176,22.134,22.159,17894000
XAGUSD,20211210,1800,22.161,22.184,22.149,22.169,16633800
XAGUSD,20211210,1900,22.171,22.182,22.159,22.168,6237080
XAGUSD,20211210,2000,22.170,22.171,22.148,22.163,8531500
XAGUSD,20211210,2100,22.163,22.183,22.157,22.165,2316750
XAGUSD,20211212,2300,22.157,22.241,22.153,22.213,10467300
XAGUSD,20211213,0000,22.213,22.233,22.188,22.195,37963300
XAGUSD,20211213,0100,22.193,22.305,22.174,22.295,58546240
XAGUSD,20211213,0200,22.296,22.320,22.237,22.240,54564700
XAGUSD,20211213,0300,22.242,22.270,22.228,22.240,22439320
XAGUSD,20211213,0400,22.239,22.267,22.234,22.248,7918200
XAGUSD,20211213,0500,22.247,22.271,22.231,22.246,19239400
XAGUSD,20211213,0600,22.247,22.261,22.213,22.219,33800340
XAGUSD,20211213,0700,22.219,22.232,22.191,22.231,37484080
XAGUSD,20211213,0800,22.230,22.269,22.198,22.220,49632000
XAGUSD,20211213,0900,22.219,22.222,22.132,22.168,37964240
XAGUSD,20211213,1000,22.168,22.220,22.160,22.219,24963600
XAGUSD,20211213,1100,22.220,22.258,22.204,22.209,23681000
XAGUSD,20211213,1200,22.212,22.304,22.194,22.278,28539600
XAGUSD,20211213,1300,22.283,22.358,22.214,22.256,77415330
XAGUSD,20211213,1400,22.261,22.392,22.245,22.392,76169040
XAGUSD,20211213,1500,22.395,22.409,22.263,22.283,57998560
XAGUSD,20211213,1600,22.285,22.335,22.254,22.288,33627040
XAGUSD,20211213,1700,22.290,22.315,22.270,22.300,21982110
XAGUSD,20211213,1800,22.294,22.320,22.254,22.312,15935930
XAGUSD,20211213,1900,22.309,22.329,22.289,22.322,15711650
XAGUSD,20211213,2000,22.320,22.335,22.288,22.294,14602630
XAGUSD,20211213,2100,22.293,22.318,22.289,22.311,4283150
XAGUSD,20211213,2300,22.305,22.320,22.287,22.292,7806600
XAGUSD,20211214,0000,22.292,22.327,22.284,22.323,8442200
XAGUSD,20211214,0100,22.322,22.327,22.247,22.266,27859000
XAGUSD,20211214,0200,22.265,22.277,22.186,22.221,15760790
XAGUSD,20211214,0300,22.221,22.231,22.199,22.221,14721550
XAGUSD,20211214,0400,22.221,22.227,22.199,22.211,6089500
XAGUSD,20211214,0500,22.211,22.258,22.198,22.235,17145200
XAGUSD,20211214,0600,22.230,22.297,22.224,22.280,14664820
XAGUSD,20211214,0700,22.275,22.298,22.220,22.227,15951560
XAGUSD,20211214,0800,22.233,22.271,22.205,22.251,20833960
XAGUSD,20211214,0900,22.251,22.255,22.164,22.174,22833840
XAGUSD,20211214,1000,22.173,22.206,22.149,22.184,29404400
XAGUSD,20211214,1100,22.183,22.186,22.129,22.160,18612000
XAGUSD,20211214,1200,22.161,22.178,22.092,22.100,25267000
XAGUSD,20211214,1300,22.102,22.147,21.771,21.779,95878420
XAGUSD,20211214,1400,21.779,21.987,21.679,21.961,104143140
XAGUSD,20211214,1500,21.959,21.991,21.875,21.950,60183540
XAGUSD,20211214,1600,21.947,21.975,21.868,21.908,30867800
XAGUSD,20211214,1700,21.910,21.928,21.885,21.899,18461270
XAGUSD,20211214,1800,21.897,21.930,21.863,21.864,14346320
XAGUSD,20211214,1900,21.867,21.969,21.864,21.953,11179670
XAGUSD,20211214,2000,21.954,21.962,21.925,21.940,10236600
XAGUSD,20211214,2100,21.941,21.942,21.908,21.917,4397040
XAGUSD,20211214,2300,21.929,21.963,21.929,21.956,6546920
XAGUSD,20211215,0000,21.956,22.057,21.956,22.019,9863200
XAGUSD,20211215,0100,22.020,22.020,21.898,21.945,32936020
XAGUSD,20211215,0200,21.943,21.963,21.915,21.923,22910520
XAGUSD,20211215,0300,21.923,21.933,21.875,21.886,16316970
XAGUSD,20211215,0400,21.890,21.898,21.883,21.884,5252200
XAGUSD,20211215,0500,21.884,21.934,21.831,21.904,22127970
XAGUSD,20211215,0600,21.904,21.949,21.877,21.887,24205340
XAGUSD,20211215,0700,21.886,21.935,21.879,21.902,19876220
XAGUSD,20211215,0800,21.903,21.939,21.856,21.868,20593600
XAGUSD,20211215,0900,21.867,21.883,21.830,21.844,21289020
XAGUSD,20211215,1000,21.844,21.856,21.782,21.803,14624300
XAGUSD,20211215,1100,21.800,21.802,21.733,21.792,14922020
XAGUSD,20211215,1200,21.790,21.866,21.780,21.859,26466120
XAGUSD,20211215,1300,21.856,21.917,21.772,21.888,72715780
XAGUSD,20211215,1400,21.889,21.901,21.591,21.678,85861210
XAGUSD,20211215,1500,21.678,21.678,21.475,21.491,56251170
XAGUSD,20211215,1600,21.491,21.583,21.478,21.571,29266460
XAGUSD,20211215,1700,21.573,21.577,21.523,21.547,22125420
XAGUSD,20211215,1800,21.548,21.575,21.461,21.481,37452320
XAGUSD,20211215,1900,21.484,21.890,21.413,21.857,181120480
XAGUSD,20211215,2000,21.859,22.118,21.826,22.061,102265510
XAGUSD,20211215,2100,22.061,22.085,22.041,22.041,9616720
XAGUSD,20211215,2300,22.048,22.123,22.045,22.073,12893800
XAGUSD,20211216,0000,22.077,22.113,21.988,21.996,16541520
XAGUSD,20211216,0100,21.996,22.145,21.899,22.128,67520740
XAGUSD,20211216,0200,22.130,22.151,22.109,22.139,26618500
XAGUSD,20211216,0300,22.140,22.173,22.110,22.117,15558300
XAGUSD,20211216,0400,22.115,22.135,22.112,22.127,10095750
XAGUSD,20211216,0500,22.129,22.178,22.117,22.173,15767300
XAGUSD,20211216,0600,22.170,22.210,22.153,22.164,25093600
XAGUSD,20211216,0700,22.165,22.197,22.135,22.157,24207920
XAGUSD,20211216,0800,22.162,22.201,22.125,22.174,25099420
XAGUSD,20211216,0900,22.174,22.182,22.136,22.154,17709500
XAGUSD,20211216,1000,22.154,22.224,22.149,22.209,18422020
XAGUSD,20211216,1100,22.208,22.250,22.188,22.243,19973600
XAGUSD,20211216,1200,22.238,22.243,22.118,22.195,49796640
XAGUSD,20211216,1300,22.199,22.305,22.172,22.270,78055230
XAGUSD,20211216,1400,22.272,22.457,22.229,22.403,124913580
XAGUSD,20211216,1500,22.404,22.523,22.376,22.508,77220110
XAGUSD,20211216,1600,22.511,22.517,22.438,22.502,36275660
XAGUSD,20211216,1700,22.502,22.527,22.449,22.449,24079700
XAGUSD,20211216,1800,22.443,22.471,22.408,22.435,17532020
XAGUSD,20211216,1900,22.440,22.450,22.367,22.396,12683190
XAGUSD,20211216,2000,22.392,22.476,22.388,22.462,27508870
XAGUSD,20211216,2100,22.461,22.483,22.442,22.483,5817720
XAGUSD,20211216,2300,22.470,22.474,22.436,22.449,4258270
XAGUSD,20211217,0000,22.449,22.464,22.419,22.434,6155400
XAGUSD,20211217,0100,22.431,22.529,22.405,22.514,34836020
XAGUSD,20211217,0200,22.509,22.541,22.437,22.467,31158540
XAGUSD,20211217,0300,22.466,22.471,22.425,22.427,21190390
XAGUSD,20211217,0400,22.425,22.428,22.398,22.425,12224920
XAGUSD,20211217,0500,22.423,22.481,22.415,22.473,27907480
XAGUSD,20211217,0600,22.471,22.511,22.456,22.484,26921570
XAGUSD,20211217,0700,22.484,22.618,22.479,22.611,25065700
XAGUSD,20211217,0800,22.613,22.657,22.600,22.609,30059970
XAGUSD,20211217,0900,22.609,22.625,22.583,22.599,21076800
XAGUSD,20211217,1000,22.598,22.613,22.550,22.561,14780800
XAGUSD,20211217,1100,22.564,22.664,22.545,22.645,28320700
XAGUSD,20211217,1200,22.646,22.668,22.602,22.647,32804020
XAGUSD,20211217,1300,22.647,22.670,22.469,22.518,67712700
XAGUSD,20211217,1400,22.518,22.599,22.498,22.575,72341440
XAGUSD,20211217,1500,22.574,22.597,22.430,22.521,78859230
XAGUSD,20211217,1600,22.524,22.527,22.459,22.503,42731620
XAGUSD,20211217,1700,22.501,22.532,22.471,22.523,23051420
XAGUSD,20211217,1800,22.527,22.540,22.462,22.495,27455130
XAGUSD,20211217,1900,22.499,22.505,22.464,22.465,17025900
XAGUSD,20211217,2000,22.465,22.470,22.350,22.351,20865890
XAGUSD,20211217,2100,22.355,22.380,22.325,22.350,7172370
XAGUSD,20211219,2300,22.369,22.398,22.319,22.345,28939450
XAGUSD,20211220,0000,22.347,22.373,22.325,22.362,18950400
XAGUSD,20211220,0100,22.354,22.416,22.351,22.386,41152840
XAGUSD,20211220,0200,22.386,22.438,22.376,22.418,21177230
XAGUSD,20211220,0300,22.418,22.423,22.365,22.371,12460000
XAGUSD,20211220,0400,22.365,22.370,22.323,22.335,8473000
XAGUSD,20211220,0500,22.334,22.375,22.323,22.351,30952900
XAGUSD,20211220,0600,22.352,22.400,22.295,22.385,31359600
XAGUSD,20211220,0700,22.385,22.388,22.295,22.314,23400460
XAGUSD,20211220,0800,22.314,22.338,22.267,22.333,31274680
XAGUSD,20211220,0900,22.332,22.357,22.298,22.332,28387300
XAGUSD,20211220,1000,22.331,22.378,22.322,22.355,36493400
XAGUSD,20211220,1100,22.348,22.356,22.277,22.297,29032600
XAGUSD,20211220,1200,22.297,22.309,22.258,22.269,27372400
XAGUSD,20211220,1300,22.272,22.318,22.192,22.215,107555360
XAGUSD,20211220,1400,22.217,22.294,22.182,22.196,84028460
XAGUSD,20211220,1500,22.197,22.310,22.195,22.231,67734020
XAGUSD,20211220,1600,22.230,22.325,22.225,22.321,36045200
XAGUSD,20211220,1700,22.323,22.326,22.287,22.301,23030000
XAGUSD,20211220,1800,22.302,22.318,22.266,22.301,24156600
XAGUSD,20211220,1900,22.301,22.308,22.244,22.249,15449200
XAGUSD,20211220,2000,22.249,22.275,22.227,22.241,20035450
XAGUSD,20211220,2100,22.239,22.261,22.220,22.241,4287800
XAGUSD,20211220,2300,22.249,22.281,22.237,22.249,8266520
XAGUSD,20211221,0000,22.247,22.254,22.188,22.206,23938900
XAGUSD,20211221,0100,22.208,22.236,22.167,22.202,39756400
XAGUSD,20211221,0200,22.202,22.226,22.196,22.223,5297800
XAGUSD,20211221,0300,22.222,22.266,22.210,22.252,4602400
XAGUSD,20211221,0400,22.255,22.255,22.235,22.248,1638500
XAGUSD,20211221,0500,22.249,22.446,22.241,22.423,12028600
XAGUSD,20211221,0600,22.422,22.435,22.328,22.382,34326500
XAGUSD,20211221,0700,22.382,22.440,22.357,22.429,17457600
XAGUSD,20211221,0800,22.431,22.561,22.414,22.548,45487100
XAGUSD,20211221,0900,22.546,22.661,22.540,22.642,29480800
XAGUSD,20211221,1000,22.640,22.671,22.624,22.635,38647500
XAGUSD,20211221,1100,22.635,22.751,22.634,22.723,34438500
XAGUSD,20211221,1200,22.724,22.767,22.679,22.766,33510200
XAGUSD,20211221,1300,22.767,22.782,22.644,22.679,80729500
XAGUSD,20211221,1400,22.679,22.679,22.531,22.547,107696400
XAGUSD,20211221,1500,22.549,22.588,22.416,22.430,89326440
XAGUSD,20211221,1600,22.428,22.506,22.423,22.501,36014500
XAGUSD,20211221,1700,22.500,22.514,22.463,22.483,26335100
XAGUSD,20211221,1800,22.484,22.527,22.469,22.505,23530740
XAGUSD,20211221,1900,22.508,22.517,22.490,22.502,9081900
XAGUSD,20211221,2000,22.503,22.538,22.458,22.459,12837120
XAGUSD,20211221,2100,22.458,22.505,22.458,22.485,4169090
XAGUSD,20211221,2300,22.481,22.510,22.473,22.485,5655000
XAGUSD,20211222,0000,22.489,22.512,22.465,22.471,11487200
XAGUSD,20211222,0100,22.471,22.527,22.452,22.512,26494300
XAGUSD,20211222,0200,22.522,22.537,22.496,22.517,20011500
XAGUSD,20211222,0300,22.517,22.558,22.501,22.507,21500000
XAGUSD,20211222,0400,22.502,22.533,22.502,22.533,5151900
XAGUSD,20211222,0500,22.531,22.540,22.483,22.518,24552800
XAGUSD,20211222,0600,22.518,22.521,22.463,22.493,36595600
XAGUSD,20211222,0700,22.492,22.496,22.428,22.451,17256400
XAGUSD,20211222,0800,22.450,22.507,22.440,22.501,30261000
XAGUSD,20211222,0900,22.493,22.560,22.492,22.546,21777600
XAGUSD,20211222,1000,22.546,22.626,22.546,22.607,23108300
XAGUSD,20211222,1100,22.607,22.657,22.584,22.644,25832700
XAGUSD,20211222,1200,22.647,22.663,22.627,22.663,29232400
XAGUSD,20211222,1300,22.656,22.690,22.558,22.681,80200800
XAGUSD,20211222,1400,22.679,22.703,22.540,22.551,74152400
XAGUSD,20211222,1500,22.551,22.701,22.544,22.699,54890120
XAGUSD,20211222,1600,22.701,22.793,22.692,22.728,62845300
XAGUSD,20211222,1700,22.735,22.743,22.702,22.714,34109200
XAGUSD,20211222,1800,22.714,22.820,22.709,22.753,29852620
XAGUSD,20211222,1900,22.753,22.806,22.717,22.803,16444400
XAGUSD,20211222,2000,22.805,22.825,22.795,22.804,18897700
XAGUSD,20211222,2100,22.802,22.815,22.778,22.803,5502300
XAGUSD,20211222,2300,22.768,22.798,22.761,22.767,5818160
XAGUSD,20211223,0000,22.767,22.787,22.741,22.744,12481400
XAGUSD,20211223,0100,22.747,22.854,22.733,22.847,62855470
XAGUSD,20211223,0200,22.848,22.852,22.786,22.840,46189100
XAGUSD,20211223,0300,22.842,22.846,22.809,22.818,21709800
XAGUSD,20211223,0400,22.813,22.873,22.805,22.862,15564300
XAGUSD,20211223,0500,22.858,22.891,22.824,22.831,32838500
XAGUSD,20211223,0600,22.832,22.852,22.784,22.827,28476900
XAGUSD,20211223,0700,22.831,22.877,22.806,22.847,25221200
XAGUSD,20211223,0800,22.846,22.877,22.829,22.856,37075100
XAGUSD,20211223,0900,22.851,22.867,22.813,22.836,21241800
XAGUSD,20211223,1000,22.833,22.850,22.800,22.812,20820800
XAGUSD,20211223,1100,22.813,22.868,22.799,22.861,23043800
XAGUSD,20211223,1200,22.861,22.866,22.746,22.807,30072820
XAGUSD,20211223,1300,22.808,22.924,22.775,22.818,84621800
XAGUSD,20211223,1400,22.818,22.828,22.640,22.745,115751460
XAGUSD,20211223,1500,22.747,22.890,22.743,22.879,72068100
XAGUSD,20211223,1600,22.876,22.922,22.856,22.882,26716590
XAGUSD,20211223,1700,22.882,22.926,22.865,22.920,12778100
XAGUSD,20211223,1800,22.916,22.926,22.880,22.881,15544400
XAGUSD,20211223,1900,22.877,22.889,22.863,22.884,6913000
XAGUSD,20211223,2000,22.883,22.891,22.858,22.882,9227090
XAGUSD,20211223,2100,22.882,22.900,22.853,22.865,3236940
XAGUSD,20211226,2300,22.839,22.866,22.759,22.835,8706020
XAGUSD,20211227,0000,22.836,22.866,22.818,22.834,13166400
XAGUSD,20211227,0100,22.834,22.981,22.804,22.906,57401400
XAGUSD,20211227,0200,22.905,22.905,22.803,22.803,44690600
XAGUSD,20211227,0300,22.804,22.836,22.765,22.818,16949800
XAGUSD,20211227,0400,22.818,22.820,22.749,22.753,9255400
XAGUSD,20211227,0500,22.750,22.785,22.675,22.690,27015590
XAGUSD,20211227,0600,22.685,22.758,22.676,22.753,26229500
XAGUSD,20211227,0700,22.750,22.758,22.665,22.718,13198900
XAGUSD,20211227,0800,22.718,22.773,22.696,22.699,11101560
XAGUSD,20211227,0900,22.696,22.701,22.664,22.695,12692000
XAGUSD,20211227,1000,22.695,22.720,22.675,22.696,9739600
XAGUSD,20211227,1100,22.689,22.715,22.675,22.714,8244100
XAGUSD,20211227,1200,22.713,22.750,22.677,22.746,15234760
XAGUSD,20211227,1300,22.745,22.883,22.632,22.882,107650220
XAGUSD,20211227,1400,22.882,23.002,22.869,22.894,95873900
XAGUSD,20211227,1500,22.894,23.083,22.887,23.074,76452800
XAGUSD,20211227,1600,23.076,23.107,23.020,23.044,33025170
XAGUSD,20211227,1700,23.043,23.044,22.942,22.961,31458520
XAGUSD,20211227,1800,22.960,22.975,22.920,22.959,20216900
XAGUSD,20211227,1900,22.959,23.070,22.953,23.038,12257910
XAGUSD,20211227,2000,23.038,23.071,23.012,23.055,8053000
XAGUSD,20211227,2100,23.052,23.062,23.011,23.055,2826000
XAGUSD,20211227,2300,23.029,23.050,23.017,23.040,4055400
XAGUSD,20211228,0000,23.038,23.043,22.995,23.022,11298900
XAGUSD,20211228,0100,23.019,23.041,22.982,23.012,53139300
XAGUSD,20211228,0200,23.011,23.022,22.951,22.962,28047700
XAGUSD,20211228,0300,22.968,22.994,22.961,22.976,25067700
XAGUSD,20211228,0400,22.969,23.008,22.965,23.006,5477900
XAGUSD,20211228,0500,23.004,23.075,22.997,23.068,29167000
XAGUSD,20211228,0600,23.069,23.120,23.027,23.116,47223800
XAGUSD,20211228,0700,23.117,23.121,23.035,23.035,26858500
XAGUSD,20211228,0800,23.042,23.062,23.005,23.057,28496600
XAGUSD,20211228,0900,23.057,23.074,23.039,23.059,19299400
XAGUSD,20211228,1000,23.068,23.158,23.067,23.158,13936200
XAGUSD,20211228,1100,23.158,23.203,23.137,23.194,14047500
XAGUSD,20211228,1200,23.194,23.236,23.163,23.163,13538120
XAGUSD,20211228,1300,23.170,23.425,23.146,23.366,104969200
XAGUSD,20211228,1400,23.368,23.383,23.089,23.137,148867300
XAGUSD,20211228,1500,23.140,23.189,23.043,23.049,83712900
XAGUSD,20211228,1600,23.047,23.109,23.027,23.095,33856200
XAGUSD,20211228,1700,23.104,23.131,23.064,23.075,19826900
XAGUSD,20211228,1800,23.074,23.100,22.983,22.994,27083400
XAGUSD,20211228,1900,22.993,23.039,22.989,23.018,11291100
XAGUSD,20211228,2000,23.014,23.024,22.993,22.998,9964700
XAGUSD,20211228,2100,23.000,23.018,22.989,22.989,2478520
XAGUSD,20211228,2300,22.971,23.019,22.971,23.000,6872500
XAGUSD,20211229,0000,22.999,23.001,22.964,22.990,8787050
XAGUSD,20211229,0100,22.988,23.008,22.964,22.969,28563860
XAGUSD,20211229,0200,22.968,23.029,22.944,23.027,23208900
XAGUSD,20211229,0300,23.027,23.037,23.006,23.034,14528500
XAGUSD,20211229,0400,23.032,23.051,23.022,23.034,7336900
XAGUSD,20211229,0500,23.033,23.108,23.022,23.093,12098800
XAGUSD,20211229,0600,23.093,23.110,23.066,23.073,8993620
XAGUSD,20211229,0700,23.073,23.121,23.046,23.114,21382820
XAGUSD,20211229,0800,23.108,23.149,23.082,23.138,42805600
XAGUSD,20211229,0900,23.145,23.148,23.074,23.083,20745500
XAGUSD,20211229,1000,23.077,23.083,22.812,22.849,75114220
XAGUSD,20211229,1100,22.842,22.869,22.809,22.845,43973600
XAGUSD,20211229,1200,22.834,22.856,22.744,22.751,58038560
XAGUSD,20211229,1300,22.748,22.776,22.589,22.599,155764480
XAGUSD,20211229,1400,22.597,22.708,22.573,22.670,111705220
XAGUSD,20211229,1500,22.670,22.838,22.652,22.788,92381300
XAGUSD,20211229,1600,22.790,22.859,22.767,22.782,53792400
XAGUSD,20211229,1700,22.783,22.838,22.777,22.811,33181100
XAGUSD,20211229,1800,22.810,22.843,22.780,22.820,28923300
XAGUSD,20211229,1900,22.824,22.838,22.810,22.837,7386300
XAGUSD,20211229,2000,22.836,22.836,22.806,22.817,6269300
XAGUSD,20211229,2100,22.817,22.829,22.805,22.809,3866500
XAGUSD,20211229,2300,22.818,22.829,22.801,22.814,9450780
XAGUSD,20211230,0000,22.816,22.834,22.767,22.790,26011700
XAGUSD,20211230,0100,22.791,22.797,22.721,22.778,34052940
XAGUSD,20211230,0200,22.775,22.790,22.712,22.731,16441000
XAGUSD,20211230,0300,22.731,22.761,22.701,22.706,14512300
XAGUSD,20211230,0400,22.703,22.713,22.676,22.676,7689200
XAGUSD,20211230,0500,22.678,22.690,22.636,22.649,26546600
XAGUSD,20211230,0600,22.651,22.668,22.608,22.656,40532700
XAGUSD,20211230,0700,22.655,22.667,22.591,22.611,29690800
XAGUSD,20211230,0800,22.614,22.720,22.590,22.716,33849200
XAGUSD,20211230,0900,22.717,22.718,22.686,22.696,25542900
XAGUSD,20211230,1000,22.696,22.729,22.666,22.727,19610000
XAGUSD,20211230,1100,22.721,22.785,22.721,22.776,18796100
XAGUSD,20211230,1200,22.772,22.887,22.729,22.886,30006800
XAGUSD,20211230,1300,22.888,23.000,22.809,22.983,74308020
XAGUSD,20211230,1400,22.981,23.105,22.914,22.993,71673920
XAGUSD,20211230,1500,22.992,23.048,22.966,22.974,47813600
XAGUSD,20211230,1600,22.976,23.072,22.967,23.062,24006500
XAGUSD,20211230,1700,23.064,23.074,22.993,23.018,15507700
XAGUSD,20211230,1800,23.018,23.034,22.970,23.004,22342220
XAGUSD,20211230,1900,23.003,23.064,22.979,23.059,7349400
XAGUSD,20211230,2000,23.060,23.104,23.054,23.057,9222280
XAGUSD,20211230,2100,23.055,23.070,23.001,23.001,3375720
XAGUSD,20211230,2300,23.020,23.073,22.969,23.063,6037620
XAGUSD,20211231,0000,23.063,23.068,23.052,23.068,86200
