<TICKER>,<DTYYYYMMDD>,<TIME>,<OPEN>,<HIGH>,<LOW>,<CLOSE>,<VOL>
NAS100,20211231,2100,16333.40,16333.40,16332.60,16332.80,6
NAS100,20220102,2300,16361.90,16421.30,16361.90,16385.50,3841
NAS100,20220103,0000,16386.30,16422.10,16385.90,16417.80,3199
NAS100,20220103,0100,16417.60,16429.00,16401.00,16404.40,4541
NAS100,20220103,0200,16404.30,16417.80,16395.00,16417.80,3688
NAS100,20220103,0300,16417.60,16419.50,16402.00,16408.40,2329
NAS100,20220103,0400,16408.60,16411.60,16404.30,16411.60,1455
NAS100,20220103,0500,16411.80,16414.90,16403.80,16409.90,1820
NAS100,20220103,0600,16409.50,16413.80,16385.80,16399.50,2646
NAS100,20220103,0700,16399.60,16404.60,16384.60,16401.60,2842
NAS100,20220103,0800,16401.30,16410.80,16387.80,16389.40,4865
NAS100,20220103,0900,16389.60,16414.00,16389.60,16413.30,4002
NAS100,20220103,1000,16413.40,16430.30,16410.80,16428.40,2614
NAS100,20220103,1100,16428.80,16453.80,16428.00,16449.40,3242
NAS100,20220103,1200,16449.60,16449.60,16429.40,16432.60,3619
NAS100,20220103,1300,16431.90,16444.50,16385.40,16388.60,5885
NAS100,20220103,1400,16387.50,16486.80,16294.40,16319.30,15151
NAS100,20220103,1500,16321.10,16444.30,16307.90,16438.40,19217
NAS100,20220103,1600,16439.30,16446.00,16380.00,16397.80,15904
NAS100,20220103,1700,16396.50,16436.60,16380.00,16426.30,11244
NAS100,20220103,1800,16426.50,16472.50,16409.80,16465.50,10086
NAS100,20220103,1900,16465.80,16504.10,16455.80,16480.30,10089
NAS100,20220103,2000,16481.00,16501.90,16456.90,16495.90,12031
NAS100,20220103,2100,16495.40,16513.90,16487.30,16500.80,3687
NAS100,20220103,2300,16501.80,16512.30,16484.10,16487.40,2822
NAS100,20220104,0000,16487.30,16499.30,16480.50,16496.10,4165
NAS100,20220104,0100,16495.80,16499.10,16487.60,16489.90,5091
NAS100,20220104,0200,16490.30,16507.60,16488.10,16506.60,3962
NAS100,20220104,0300,16507.10,16510.30,16499.30,16506.80,2629
NAS100,20220104,0400,16506.40,16530.50,16503.30,16526.60,2831
NAS100,20220104,0500,16527.00,16541.40,16525.50,16537.50,3982
NAS100,20220104,0600,16537.60,16544.90,16530.60,16535.10,2558
NAS100,20220104,0700,16535.30,16544.40,16524.10,16544.40,3197
NAS100,20220104,0800,16542.90,16543.30,16488.50,16492.60,7154
NAS100,20220104,0900,16492.90,16523.40,16489.60,16522.50,4432
NAS100,20220104,1000,16522.30,16552.50,16522.30,16549.00,4800
NAS100,20220104,1100,16548.60,16567.40,16540.50,16541.80,4542
NAS100,20220104,1200,16541.60,16544.90,16494.80,16519.30,5950
NAS100,20220104,1300,16518.90,16535.80,16507.50,16526.90,6703
NAS100,20220104,1400,16527.30,16530.30,16448.30,16463.50,13162
NAS100,20220104,1500,16464.10,16468.60,16229.00,16232.40,17932
NAS100,20220104,1600,16232.80,16256.80,16169.00,16210.70,17379
NAS100,20220104,1700,16210.40,16236.80,16181.90,16189.50,13787
NAS100,20220104,1800,16189.10,16228.80,16147.80,16152.50,13784
NAS100,20220104,1900,16152.30,16235.50,16149.60,16231.30,13058
NAS100,20220104,2000,16231.50,16330.50,16229.80,16280.00,14742
NAS100,20220104,2100,16279.90,16281.10,16258.90,16267.40,4133
NAS100,20220104,2300,16267.60,16273.60,16234.90,16239.00,3551
NAS100,20220105,0000,16239.40,16245.40,16229.30,16238.40,4811
NAS100,20220105,0100,16238.30,16260.60,16204.40,16212.10,6045
NAS100,20220105,0200,16212.60,16227.30,16209.80,16224.60,4874
NAS100,20220105,0300,16224.80,16227.90,16215.10,16221.80,3623
NAS100,20220105,0400,16221.90,16223.80,16206.40,16211.60,2121
NAS100,20220105,0500,16211.40,16213.30,16182.40,16189.60,4032
NAS100,20220105,0600,16189.90,16220.90,16178.60,16215.00,3631
NAS100,20220105,0700,16217.60,16238.60,16201.30,16223.50,4525
NAS100,20220105,0800,16223.80,16238.10,16209.40,16229.10,8377
NAS100,20220105,0900,16229.00,16251.60,16223.60,16239.80,6141
NAS100,20220105,1000,16239.60,16265.60,16229.40,16232.60,5628
NAS100,20220105,1100,16232.50,16237.90,16205.40,16225.50,5305
NAS100,20220105,1200,16225.10,16235.40,16201.80,16217.00,5394
NAS100,20220105,1300,16217.30,16236.30,16190.10,16229.30,7862
NAS100,20220105,1400,16229.10,16231.80,16111.30,16220.50,15398
NAS100,20220105,1500,16220.40,16254.10,16130.30,16180.30,18315
NAS100,20220105,1600,16180.90,16194.90,16125.30,16140.50,14204
NAS100,20220105,1700,16140.80,16158.00,16054.00,16059.10,13488
NAS100,20220105,1800,16059.00,16094.60,16034.10,16073.30,12416
NAS100,20220105,1900,16073.00,16135.80,15887.10,15906.40,19704
NAS100,20220105,2000,15907.90,15907.90,15766.50,15772.50,19311
NAS100,20220105,2100,15771.30,15800.40,15759.50,15760.60,5665
NAS100,20220105,2300,15766.30,15795.00,15718.80,15791.50,6195
NAS100,20220106,0000,15791.00,15809.50,15759.60,15788.40,6668
NAS100,20220106,0100,15788.60,15819.40,15749.90,15804.50,8005
NAS100,20220106,0200,15804.80,15806.00,15764.10,15790.10,7340
NAS100,20220106,0300,15789.90,15792.30,15681.00,15684.10,6660
NAS100,20220106,0400,15684.30,15692.40,15630.10,15647.30,6143
NAS100,20220106,0500,15647.80,15697.40,15642.10,15686.40,6290
NAS100,20220106,0600,15686.50,15694.40,15649.40,15688.60,4626
NAS100,20220106,0700,15687.60,15787.90,15686.90,15744.90,8898
NAS100,20220106,0800,15744.10,15779.10,15700.30,15760.30,12511
NAS100,20220106,0900,15760.60,15763.50,15711.90,15741.50,9669
NAS100,20220106,1000,15741.30,15774.60,15725.80,15730.90,8402
NAS100,20220106,1100,15729.90,15753.30,15686.90,15698.30,8156
NAS100,20220106,1200,15697.30,15727.90,15667.60,15686.50,8782
NAS100,20220106,1300,15683.60,15726.80,15675.00,15699.30,9884
NAS100,20220106,1400,15698.80,15857.30,15679.60,15725.50,16959
NAS100,20220106,1500,15720.50,15879.30,15606.40,15847.50,21748
NAS100,20220106,1600,15848.60,15901.40,15777.30,15840.90,19565
NAS100,20220106,1700,15840.30,15892.40,15797.70,15828.30,17576
NAS100,20220106,1800,15828.80,15844.10,15776.30,15829.80,16233
NAS100,20220106,1900,15829.60,15860.10,15788.30,15824.80,17064
NAS100,20220106,2000,15823.40,15873.60,15725.60,15765.90,17949
NAS100,20220106,2100,15764.80,15800.10,15759.70,15798.40,3767
NAS100,20220106,2300,15811.60,15825.10,15807.30,15823.20,2844
NAS100,20220107,0000,15823.30,15852.10,15821.40,15850.30,4520
NAS100,20220107,0100,15850.20,15858.20,15826.30,15834.60,5663
NAS100,20220107,0200,15834.40,15834.40,15792.30,15816.90,6084
NAS100,20220107,0300,15816.80,15832.80,15797.40,15803.70,4641
NAS100,20220107,0400,15802.80,15805.40,15780.60,15793.30,3733
NAS100,20220107,0500,15793.40,15799.30,15768.40,15791.70,4983
NAS100,20220107,0600,15791.30,15806.80,15771.20,15773.90,3632
NAS100,20220107,0700,15773.20,15778.80,15748.90,15759.20,4606
NAS100,20220107,0800,15758.80,15765.60,15672.90,15693.60,9992
NAS100,20220107,0900,15693.40,15784.40,15688.60,15757.20,7739
NAS100,20220107,1000,15756.80,15816.20,15745.60,15799.30,6307
NAS100,20220107,1100,15799.40,15827.20,15786.80,15796.60,5373
NAS100,20220107,1200,15797.60,15830.90,15772.70,15780.10,6506
NAS100,20220107,1300,15779.90,15828.80,15631.20,15683.60,12339
NAS100,20220107,1400,15682.40,15833.90,15680.40,15798.60,18398
NAS100,20220107,1500,15799.80,15804.40,15522.40,15564.60,19887
NAS100,20220107,1600,15565.70,15684.60,15545.60,15656.90,18242
NAS100,20220107,1700,15658.00,15671.00,15596.40,15648.90,15626
NAS100,20220107,1800,15649.40,15668.90,15600.90,15616.70,14582
NAS100,20220107,1900,15616.50,15666.10,15568.10,15649.70,15522
NAS100,20220107,2000,15650.40,15681.90,15586.40,15596.50,16265
NAS100,20220107,2100,15596.70,15615.20,15584.00,15587.00,3590
NAS100,20220109,2300,15605.20,15621.40,15527.20,15570.60,6554
NAS100,20220110,0000,15571.00,15605.10,15552.10,15594.70,4306
NAS100,20220110,0100,15594.90,15618.70,15556.10,15613.40,5597
NAS100,20220110,0200,15614.40,15634.00,15607.70,15612.40,4238
NAS100,20220110,0300,15612.50,15629.10,15598.20,15626.00,3361
NAS100,20220110,0400,15626.10,15655.60,15625.40,15651.90,2995
NAS100,20220110,0500,15651.70,15657.10,15635.20,15638.90,3181
NAS100,20220110,0600,15639.90,15654.10,15629.10,15649.00,2860
NAS100,20220110,0700,15649.50,15679.50,15642.10,15661.70,5423
NAS100,20220110,0800,15662.10,15668.00,15530.90,15580.60,13647
NAS100,20220110,0900,15581.10,15616.90,15574.90,15587.70,9819
NAS100,20220110,1000,15587.90,15611.60,15539.70,15552.10,8920
NAS100,20220110,1100,15551.50,15564.90,15511.40,15545.60,9093
NAS100,20220110,1200,15545.70,15556.10,15379.50,15380.60,10538
NAS100,20220110,1300,15381.20,15429.20,15375.00,15396.70,10909
NAS100,20220110,1400,15396.40,15426.60,15254.40,15271.50,16652
NAS100,20220110,1500,15271.10,15283.90,15160.80,15205.10,20133
NAS100,20220110,1600,15200.50,15337.00,15185.80,15309.00,18292
NAS100,20220110,1700,15306.80,15323.60,15212.30,15286.10,15571
NAS100,20220110,1800,15286.00,15437.30,15276.00,15417.10,16102
NAS100,20220110,1900,15417.40,15517.50,15411.50,15470.30,16542
NAS100,20220110,2000,15470.50,15627.90,15413.10,15617.90,17751
NAS100,20220110,2100,15615.50,15633.80,15604.00,15627.90,4442
NAS100,20220110,2300,15629.40,15651.80,15611.50,15638.00,4446
NAS100,20220111,0000,15638.30,15651.30,15606.30,15642.40,7341
NAS100,20220111,0100,15643.10,15645.50,15584.40,15595.00,8508
NAS100,20220111,0200,15594.60,15649.90,15590.90,15636.90,6892
NAS100,20220111,0300,15636.80,15640.40,15612.10,15618.00,4318
NAS100,20220111,0400,15617.90,15621.80,15593.00,15609.30,3954
NAS100,20220111,0500,15609.40,15624.50,15601.60,15611.10,4997
NAS100,20220111,0600,15613.50,15618.80,15575.10,15601.40,4668
NAS100,20220111,0700,15601.50,15651.80,15590.80,15648.30,6131
NAS100,20220111,0800,15648.10,15655.30,15594.60,15621.60,11835
NAS100,20220111,0900,15621.50,15736.40,15619.40,15721.00,9378
NAS100,20220111,1000,15720.90,15744.30,15710.40,15724.60,7012
NAS100,20220111,1100,15724.90,15724.90,15680.40,15686.50,6664
NAS100,20220111,1200,15686.30,15706.80,15653.40,15657.90,6596
NAS100,20220111,1300,15658.60,15682.50,15608.30,15609.40,8953
NAS100,20220111,1400,15609.60,15609.60,15487.60,15558.60,17901
NAS100,20220111,1500,15559.90,15663.40,15519.60,15578.60,20649
NAS100,20220111,1600,15580.00,15838.50,15572.30,15828.50,18853
NAS100,20220111,1700,15829.00,15838.50,15752.40,15780.00,15462
NAS100,20220111,1800,15779.90,15820.90,15739.80,15813.30,13676
NAS100,20220111,1900,15813.10,15845.90,15773.00,15820.30,13432
NAS100,20220111,2000,15820.50,15846.80,15790.10,15842.30,14553
NAS100,20220111,2100,15841.80,15848.60,15828.50,15833.50,3289
NAS100,20220111,2300,15836.90,15849.80,15821.50,15828.90,2902
NAS100,20220112,0000,15827.90,15854.60,15827.50,15840.40,4406
NAS100,20220112,0100,15840.30,15842.10,15814.60,15826.80,5298
NAS100,20220112,0200,15827.10,15846.10,15826.00,15835.40,4880
NAS100,20220112,0300,15835.50,15845.60,15834.50,15841.00,2736
NAS100,20220112,0400,15840.90,15844.90,15837.00,15841.50,1746
NAS100,20220112,0500,15841.90,15896.80,15840.80,15895.60,3865
NAS100,20220112,0600,15895.90,15906.30,15872.90,15875.10,3737
NAS100,20220112,0700,15875.00,15888.50,15850.30,15881.80,5033
NAS100,20220112,0800,15879.00,15885.60,15771.40,15784.30,11508
NAS100,20220112,0900,15784.80,15871.80,15780.90,15866.90,7887
NAS100,20220112,1000,15866.60,15891.80,15851.90,15882.80,6612
NAS100,20220112,1100,15882.90,15894.40,15860.50,15861.30,5484
NAS100,20220112,1200,15861.50,15885.60,15842.80,15869.00,6890
NAS100,20220112,1300,15870.60,15983.00,15864.80,15979.00,11898
NAS100,20220112,1400,15978.60,16001.10,15894.00,15975.90,16422
NAS100,20220112,1500,15978.10,16018.50,15846.10,15867.60,18770
NAS100,20220112,1600,15868.50,15932.10,15807.30,15909.60,18075
NAS100,20220112,1700,15910.90,15962.10,15870.60,15954.60,14914
NAS100,20220112,1800,15955.30,15957.90,15883.60,15896.40,15109
NAS100,20220112,1900,15896.10,15926.00,15868.80,15908.30,14854
NAS100,20220112,2000,15908.50,15921.00,15866.30,15903.10,16236
NAS100,20220112,2100,15904.80,15929.50,15901.50,15905.30,3596
NAS100,20220112,2300,15905.50,15906.60,15889.80,15901.30,2859
NAS100,20220113,0000,15901.50,15904.10,15885.80,15889.50,4367
NAS100,20220113,0100,15889.60,15904.40,15828.90,15831.80,5840
NAS100,20220113,0200,15831.90,15863.40,15831.50,15848.90,4639
NAS100,20220113,0300,15848.60,15852.50,15830.00,15852.50,3599
NAS100,20220113,0400,15852.90,15859.50,15849.60,15856.10,2194
NAS100,20220113,0500,15856.40,15862.00,15839.90,15842.80,4417
NAS100,20220113,0600,15843.00,15878.10,15840.00,15862.00,4261
NAS100,20220113,0700,15861.60,15872.50,15843.80,15872.50,4998
NAS100,20220113,0800,15872.40,15926.10,15865.80,15896.80,8847
NAS100,20220113,0900,15896.60,15901.90,15873.10,15901.90,6549
NAS100,20220113,1000,15901.80,15931.40,15899.00,15910.80,5664
NAS100,20220113,1100,15910.90,15924.10,15883.90,15887.10,5372
NAS100,20220113,1200,15887.00,15922.60,15885.40,15912.10,5269
NAS100,20220113,1300,15912.00,15962.30,15899.30,15949.40,8402
NAS100,20220113,1400,15949.10,15987.80,15923.40,15947.30,13802
NAS100,20220113,1500,15947.80,15956.00,15738.80,15774.10,18602
NAS100,20220113,1600,15774.80,15841.60,15741.30,15811.90,17561
NAS100,20220113,1700,15810.50,15810.50,15606.00,15648.30,18769
NAS100,20220113,1800,15648.10,15704.90,15619.00,15689.00,17471
NAS100,20220113,1900,15688.80,15724.60,15606.50,15636.90,16590
NAS100,20220113,2000,15636.50,15637.90,15469.90,15511.00,18301
NAS100,20220113,2100,15511.60,15526.60,15481.80,15511.40,5295
NAS100,20220113,2200,15511.50,15525.80,15511.50,15520.30,136
NAS100,20220113,2300,15519.10,15525.30,15500.40,15509.10,4425
NAS100,20220114,0000,15508.60,15518.10,15463.30,15506.30,9252
NAS100,20220114,0100,15506.50,15521.60,15462.90,15476.00,8963
NAS100,20220114,0200,15476.30,15483.60,15425.50,15464.30,6822
NAS100,20220114,0300,15464.40,15481.40,15452.00,15469.10,5288
NAS100,20220114,0400,15469.80,15519.50,15469.80,15503.00,4892
NAS100,20220114,0500,15503.10,15524.50,15493.40,15523.80,4842
NAS100,20220114,0600,15523.40,15542.00,15507.10,15530.90,5288
NAS100,20220114,0700,15531.00,15564.90,15501.30,15509.40,6613
NAS100,20220114,0800,15511.00,15551.50,15483.40,15502.30,12511
NAS100,20220114,0900,15502.40,15546.10,15493.90,15527.50,9927
NAS100,20220114,1000,15527.90,15528.40,15473.90,15501.80,8303
NAS100,20220114,1100,15502.00,15518.10,15465.90,15479.80,7364
NAS100,20220114,1200,15478.80,15488.90,15331.80,15333.60,11430
NAS100,20220114,1300,15334.30,15402.40,15323.10,15365.80,14029
NAS100,20220114,1400,15363.40,15605.80,15350.80,15591.80,17939
NAS100,20220114,1500,15586.30,15610.80,15468.40,15508.10,21125
NAS100,20220114,1600,15508.60,15583.30,15429.80,15551.50,18834
NAS100,20220114,1700,15551.90,15565.00,15442.30,15448.00,16727
NAS100,20220114,1800,15447.80,15536.80,15415.00,15525.50,16651
NAS100,20220114,1900,15525.30,15556.00,15481.60,15507.50,17338
NAS100,20220114,2000,15507.80,15616.60,15507.80,15604.40,17695
NAS100,20220114,2100,15603.30,15625.50,15595.30,15623.30,3835
NAS100,20220116,2300,15633.00,15661.90,15578.00,15592.80,6347
NAS100,20220117,0000,15592.40,15605.90,15561.50,15570.30,8002
NAS100,20220117,0100,15570.40,15573.30,15524.50,15545.00,7802
NAS100,20220117,0200,15545.90,15548.30,15517.30,15536.40,6262
NAS100,20220117,0300,15536.00,15566.30,15534.50,15553.80,4342
NAS100,20220117,0400,15554.10,15564.30,15536.90,15539.30,3644
NAS100,20220117,0500,15539.40,15546.40,15525.30,15533.30,3945
NAS100,20220117,0600,15533.40,15573.40,15527.40,15562.30,4108
NAS100,20220117,0700,15561.60,15585.00,15547.50,15576.80,4452
NAS100,20220117,0800,15576.00,15598.30,15542.50,15590.80,8060
NAS100,20220117,0900,15590.10,15636.80,15584.60,15620.80,7237
NAS100,20220117,1000,15620.90,15645.60,15611.60,15612.80,5468
NAS100,20220117,1100,15612.90,15633.80,15610.60,15630.30,4905
NAS100,20220117,1200,15630.80,15638.90,15621.80,15625.60,4281
NAS100,20220117,1300,15625.50,15630.60,15612.00,15617.60,4387
NAS100,20220117,1400,15618.50,15623.60,15558.60,15586.50,7683
NAS100,20220117,1500,15587.30,15605.30,15567.80,15584.90,6958
NAS100,20220117,1600,15584.30,15604.10,15581.10,15586.40,4067
NAS100,20220117,1700,15586.50,15587.90,15553.80,15569.10,3493
NAS100,20220117,2300,15591.50,15598.40,15558.30,15597.60,4253
NAS100,20220118,0000,15597.40,15611.10,15586.00,15610.40,5746
NAS100,20220118,0100,15610.30,15612.10,15580.60,15599.50,6644
NAS100,20220118,0200,15599.40,15600.50,15570.90,15593.10,5528
NAS100,20220118,0300,15593.30,15594.50,15462.10,15475.90,8292
NAS100,20220118,0400,15475.80,15485.00,15417.30,15460.80,8789
NAS100,20220118,0500,15461.10,15468.90,15423.00,15436.90,6218
NAS100,20220118,0600,15437.10,15467.10,15432.00,15464.10,4651
NAS100,20220118,0700,15463.60,15468.50,15434.40,15455.80,7823
NAS100,20220118,0800,15455.60,15457.00,15324.00,15367.30,13741
NAS100,20220118,0900,15367.00,15373.10,15279.90,15319.00,11560
NAS100,20220118,1000,15318.90,15355.00,15311.50,15330.00,9725
NAS100,20220118,1100,15331.00,15343.00,15301.40,15330.30,8965
NAS100,20220118,1200,15331.30,15387.50,15331.30,15379.10,8801
NAS100,20220118,1300,15380.10,15393.50,15331.60,15382.60,10915
NAS100,20220118,1400,15382.50,15391.30,15284.30,15343.00,16922
NAS100,20220118,1500,15342.30,15444.60,15311.80,15328.40,20336
NAS100,20220118,1600,15329.60,15376.90,15268.40,15357.40,17960
NAS100,20220118,1700,15356.80,15368.80,15261.60,15267.00,16056
NAS100,20220118,1800,15268.30,15289.00,15238.00,15278.50,15951
NAS100,20220118,1900,15278.80,15341.00,15255.50,15319.80,15795
NAS100,20220118,2000,15320.30,15329.30,15183.30,15224.60,17617
NAS100,20220118,2100,15225.90,15253.60,15208.50,15251.10,4461
NAS100,20220118,2300,15256.10,15259.00,15204.30,15205.30,5032
NAS100,20220119,0000,15205.80,15223.40,15169.00,15184.30,8090
NAS100,20220119,0100,15185.00,15238.50,15174.90,15180.30,9378
NAS100,20220119,0200,15181.50,15219.90,15101.40,15125.30,9125
NAS100,20220119,0300,15126.60,15135.60,15094.40,15116.00,8638
NAS100,20220119,0400,15115.30,15129.40,15074.00,15076.40,6355
NAS100,20220119,0500,15076.50,15092.80,15063.30,15089.50,8328
NAS100,20220119,0600,15089.90,15126.10,15080.80,15103.00,7146
NAS100,20220119,0700,15103.30,15104.90,15067.50,15097.90,7948
NAS100,20220119,0800,15096.30,15208.80,15073.90,15205.10,13451
NAS100,20220119,0900,15204.00,15278.50,15184.60,15273.40,10381
NAS100,20220119,1000,15273.30,15280.00,15244.10,15277.50,8060
NAS100,20220119,1100,15277.30,15287.30,15234.10,15281.40,8139
NAS100,20220119,1200,15280.80,15287.60,15243.60,15275.40,7074
NAS100,20220119,1300,15275.90,15333.60,15271.40,15325.10,9288
NAS100,20220119,1400,15325.00,15380.00,15264.30,15373.30,15616
NAS100,20220119,1500,15374.50,15383.40,15173.80,15216.90,20420
NAS100,20220119,1600,15215.10,15242.10,15120.10,15206.40,19797
NAS100,20220119,1700,15205.80,15328.30,15204.40,15323.10,17463
NAS100,20220119,1800,15323.50,15327.50,15240.80,15263.50,15608
NAS100,20220119,1900,15262.30,15275.30,15155.80,15196.50,17667
NAS100,20220119,2000,15196.40,15226.40,15036.30,15049.10,17879
NAS100,20220119,2100,15048.60,15062.10,15022.10,15046.40,5964
NAS100,20220119,2300,15051.60,15065.80,15005.30,15015.90,5840
NAS100,20220120,0000,15015.50,15080.10,15015.10,15063.40,8475
NAS100,20220120,0100,15063.10,15082.80,15022.00,15065.50,9556
NAS100,20220120,0200,15065.60,15093.10,15064.90,15074.30,6909
NAS100,20220120,0300,15074.10,15138.90,15069.30,15128.60,6165
NAS100,20220120,0400,15128.80,15142.80,15119.30,15124.00,4150
NAS100,20220120,0500,15123.90,15139.10,15102.40,15115.60,5345
NAS100,20220120,0600,15115.40,15168.10,15111.40,15164.50,4881
NAS100,20220120,0700,15164.00,15173.90,15132.30,15137.80,6444
NAS100,20220120,0800,15138.50,15163.00,15056.90,15117.60,12634
NAS100,20220120,0900,15118.50,15154.10,15081.40,15141.60,10525
NAS100,20220120,1000,15141.90,15159.10,15122.80,15149.80,6743
NAS100,20220120,1100,15149.40,15191.40,15149.40,15176.00,7802
NAS100,20220120,1200,15175.90,15185.00,15127.00,15155.90,7846
NAS100,20220120,1300,15156.00,15216.40,15143.80,15198.80,8576
NAS100,20220120,1400,15198.60,15296.30,15171.90,15287.50,14746
NAS100,20220120,1500,15288.50,15338.50,15229.50,15320.60,17798
NAS100,20220120,1600,15321.00,15350.30,15251.00,15293.50,15859
NAS100,20220120,1700,15293.80,15310.80,15243.80,15255.90,15014
NAS100,20220120,1800,15255.50,15255.60,15183.50,15189.90,16284
NAS100,20220120,1900,15191.00,15243.30,15085.90,15094.10,18138
NAS100,20220120,2000,15093.90,15123.60,14828.00,14845.30,20196
NAS100,20220120,2100,14848.50,14864.00,14657.00,14735.40,12223
NAS100,20220120,2200,14735.10,14750.40,14728.30,14740.60,238
NAS100,20220120,2300,14739.60,14763.30,14694.00,14753.80,7589
NAS100,20220121,0000,14753.60,14767.60,14706.30,14706.50,8954
NAS100,20220121,0100,14706.30,14743.10,14646.00,14731.10,11952
NAS100,20220121,0200,14731.40,14752.90,14624.50,14659.40,9785
NAS100,20220121,0300,14659.00,14665.60,14614.00,14627.60,7395
NAS100,20220121,0400,14627.30,14685.00,14627.30,14653.80,6624
NAS100,20220121,0500,14653.60,14725.40,14648.60,14708.90,6949
NAS100,20220121,0600,14709.00,14740.00,14681.10,14712.10,4422
NAS100,20220121,0700,14707.60,14788.90,14691.90,14774.80,9267
NAS100,20220121,0800,14774.50,14801.00,14715.00,14770.00,13351
NAS100,20220121,0900,14771.00,14802.00,14738.90,14791.40,9905
NAS100,20220121,1000,14791.60,14825.30,14775.30,14808.00,7858
NAS100,20220121,1100,14807.80,14808.00,14709.00,14757.50,10537
NAS100,20220121,1200,14756.80,14758.50,14690.10,14716.90,11152
NAS100,20220121,1300,14718.60,14750.80,14692.80,14724.90,11472
NAS100,20220121,1400,14725.40,14828.40,14642.00,14661.10,17733
NAS100,20220121,1500,14660.00,14827.50,14543.10,14773.90,23482
NAS100,20220121,1600,14774.50,14869.10,14663.80,14707.60,21691
NAS100,20220121,1700,14707.90,14753.00,14616.30,14654.40,20589
NAS100,20220121,1800,14652.40,14711.60,14589.80,14619.00,19233
NAS100,20220121,1900,14618.80,14667.90,14515.60,14521.80,18830
NAS100,20220121,2000,14521.50,14586.00,14426.80,14430.60,21528
NAS100,20220121,2100,14430.30,14460.10,14420.00,14422.00,5898
NAS100,20220123,2300,14421.30,14573.10,14389.40,14561.00,10898
NAS100,20220124,0000,14560.80,14567.80,14524.50,14546.30,9769
NAS100,20220124,0100,14546.10,14590.10,14535.30,14572.00,9668
NAS100,20220124,0200,14572.90,14585.10,14538.40,14540.00,7728
NAS100,20220124,0300,14540.30,14562.10,14538.40,14558.30,2087
NAS100,20220124,0400,14554.00,14558.90,14539.90,14546.60,2661
NAS100,20220124,0500,14546.80,14567.90,14543.50,14559.40,4921
NAS100,20220124,0600,14558.80,14568.50,14541.90,14547.60,4132
NAS100,20220124,0700,14548.30,14548.80,14482.90,14523.90,7874
NAS100,20220124,0800,14524.00,14584.90,14492.30,14502.40,12511
NAS100,20220124,0900,14502.10,14523.40,14436.90,14465.40,12309
NAS100,20220124,1000,14465.30,14465.30,14303.00,14351.10,13589
NAS100,20220124,1100,14350.60,14423.30,14345.80,14410.10,11866
NAS100,20220124,1200,14408.90,14416.30,14293.10,14306.00,12183
NAS100,20220124,1300,14306.30,14308.40,14177.60,14179.00,13348
NAS100,20220124,1400,14178.00,14274.40,14063.40,14108.30,21580
NAS100,20220124,1500,14106.80,14178.90,13989.30,14097.30,25537
NAS100,20220124,1600,14097.40,14097.80,13828.50,13944.10,22501
NAS100,20220124,1700,13944.30,13978.60,13719.00,13934.40,22597
NAS100,20220124,1800,13934.40,14191.00,13911.30,14188.00,21878
NAS100,20220124,1900,14189.00,14260.00,13987.50,14167.00,23680
NAS100,20220124,2000,14165.40,14533.80,14132.00,14524.10,24135
NAS100,20220124,2100,14516.50,14536.50,14474.10,14515.40,7809
NAS100,20220124,2300,14494.80,14510.10,14414.40,14491.60,7691
NAS100,20220125,0000,14491.80,14500.60,14343.30,14351.10,10385
NAS100,20220125,0100,14353.10,14379.50,14306.60,14358.60,10631
NAS100,20220125,0200,14358.80,14358.80,14294.40,14344.60,7299
NAS100,20220125,0300,14343.60,14343.60,14247.50,14263.80,8080
NAS100,20220125,0400,14265.30,14287.00,14222.80,14242.10,6551
NAS100,20220125,0500,14241.40,14363.60,14215.00,14324.50,8863
NAS100,20220125,0600,14324.40,14352.00,14293.30,14311.50,6938
NAS100,20220125,0700,14311.90,14337.30,14163.30,14275.80,9159
NAS100,20220125,0800,14276.10,14304.60,14179.10,14225.80,12514
NAS100,20220125,0900,14228.60,14389.60,14204.90,14362.40,10364
NAS100,20220125,1000,14362.50,14383.50,14267.00,14286.60,9533
NAS100,20220125,1100,14286.10,14331.10,14220.80,14246.90,9338
NAS100,20220125,1200,14247.10,14260.90,14194.10,14223.90,8791
NAS100,20220125,1300,14226.30,14233.00,14142.10,14219.80,11943
NAS100,20220125,1400,14218.50,14316.00,14077.00,14111.30,19945
NAS100,20220125,1500,14110.00,14257.90,14050.10,14142.30,25048
NAS100,20220125,1600,14141.60,14193.30,14030.90,14047.00,22300
NAS100,20220125,1700,14045.80,14155.60,14037.40,14108.10,21012
NAS100,20220125,1800,14109.40,14291.30,14056.90,14287.10,19656
NAS100,20220125,1900,14287.40,14415.40,14228.10,14405.30,18823
NAS100,20220125,2000,14404.90,14408.90,14131.00,14167.80,22398
NAS100,20220125,2100,14165.30,14220.50,13905.10,13936.60,9740
NAS100,20220125,2300,13966.00,14266.60,13966.00,14206.10,10807
NAS100,20220126,0000,14206.30,14213.30,14122.30,14154.30,8518
NAS100,20220126,0100,14154.10,14227.60,14132.30,14215.30,6616
NAS100,20220126,0200,14215.40,14252.10,14200.50,14204.10,6550
NAS100,20220126,0300,14202.90,14261.10,14202.90,14245.30,5611
NAS100,20220126,0400,14245.50,14250.50,14217.50,14246.40,4087
NAS100,20220126,0500,14246.30,14247.10,14195.60,14235.30,5934
NAS100,20220126,0600,14232.90,14255.30,14207.40,14218.40,4368
NAS100,20220126,0700,14220.40,14241.80,14166.30,14227.30,6557
NAS100,20220126,0800,14230.10,14340.10,14224.30,14321.90,12846
NAS100,20220126,0900,14322.10,14456.50,14315.40,14417.50,11634
NAS100,20220126,1000,14418.10,14448.10,14382.00,14424.10,9442
NAS100,20220126,1100,14424.00,14480.60,14423.60,14476.30,9043
NAS100,20220126,1200,14476.00,14476.90,14385.10,14429.50,10096
NAS100,20220126,1300,14433.60,14520.50,14423.40,14479.90,11115
NAS100,20220126,1400,14480.50,14512.90,14366.50,14468.90,17672
NAS100,20220126,1500,14469.80,14530.00,14346.90,14405.60,20618
NAS100,20220126,1600,14405.90,14489.00,14357.80,14462.80,19206
NAS100,20220126,1700,14463.40,14563.40,14457.30,14550.30,15288
NAS100,20220126,1800,14551.10,14554.10,14478.60,14494.40,15592
NAS100,20220126,1900,14493.10,14654.40,14209.40,14278.30,28829
NAS100,20220126,2000,14276.40,14276.40,13992.40,14165.40,24918
NAS100,20220126,2100,14154.10,14186.50,14071.60,14166.10,8065
NAS100,20220126,2200,14158.50,14234.80,14158.50,14210.30,247
NAS100,20220126,2300,14211.50,14296.30,14209.90,14282.10,6818
NAS100,20220127,0000,14282.00,14287.50,14168.90,14173.00,10515
NAS100,20220127,0100,14173.40,14181.90,13993.10,14006.60,12847
NAS100,20220127,0200,14006.30,14006.30,13907.50,13953.90,10555
NAS100,20220127,0300,13954.80,14001.00,13860.40,13900.40,9665
NAS100,20220127,0400,13899.40,13960.30,13891.00,13947.10,7302
NAS100,20220127,0500,13947.00,13987.50,13895.40,13949.40,8590
NAS100,20220127,0600,13946.90,13996.60,13897.40,13939.40,6790
NAS100,20220127,0700,13939.50,14030.40,13938.80,13988.60,10232
NAS100,20220127,0800,13989.10,14139.00,13987.00,14135.80,14766
NAS100,20220127,0900,14135.60,14245.00,14111.00,14225.80,13164
NAS100,20220127,1000,14225.50,14258.90,14090.00,14109.80,11763
NAS100,20220127,1100,14109.60,14235.90,14107.10,14232.80,12264
NAS100,20220127,1200,14234.10,14279.10,14169.30,14246.60,12570
NAS100,20220127,1300,14246.50,14319.10,14224.40,14311.10,14142
NAS100,20220127,1400,14308.80,14410.60,14247.90,14370.00,17683
NAS100,20220127,1500,14371.10,14423.90,14192.90,14310.00,23518
NAS100,20220127,1600,14309.80,14365.00,14242.00,14308.10,21383
NAS100,20220127,1700,14308.60,14312.60,14089.90,14160.60,20716
NAS100,20220127,1800,14160.10,14186.50,13994.00,14085.10,21798
NAS100,20220127,1900,14085.00,14167.30,13980.80,14023.00,21363
NAS100,20220127,2000,14022.50,14121.30,13961.30,14001.30,22037
NAS100,20220127,2100,14004.40,14126.50,13962.00,14125.10,8480
NAS100,20220127,2300,14175.10,14193.60,14107.00,14108.00,6366
NAS100,20220128,0000,14107.90,14150.10,14063.60,14133.10,7913
NAS100,20220128,0100,14133.00,14168.60,14092.30,14119.40,7658
NAS100,20220128,0200,14119.50,14189.80,14098.30,14180.40,7191
NAS100,20220128,0300,14180.90,14192.90,14126.30,14132.30,7013
NAS100,20220128,0400,14132.40,14148.10,14099.00,14108.30,5516
NAS100,20220128,0500,14108.40,14170.10,14096.90,14160.10,8140
NAS100,20220128,0600,14157.40,14180.50,14139.00,14154.90,5717
NAS100,20220128,0700,14154.40,14174.40,14112.60,14155.90,8833
NAS100,20220128,0800,14156.40,14156.40,14023.30,14088.50,15057
NAS100,20220128,0900,14088.60,14125.30,14049.90,14069.60,12786
NAS100,20220128,1000,14069.90,14071.00,14008.40,14042.10,12015
NAS100,20220128,1100,14042.30,14054.30,13960.80,14001.90,12404
NAS100,20220128,1200,14000.40,14028.30,13842.80,13887.80,13885
NAS100,20220128,1300,13892.90,14059.90,13872.00,14022.90,15228
NAS100,20220128,1400,14023.00,14113.30,13880.10,13913.40,20604
NAS100,20220128,1500,13913.30,14158.50,13873.60,14158.30,23170
NAS100,20220128,1600,14158.80,14310.10,14099.60,14302.10,21272
NAS100,20220128,1700,14302.90,14322.90,14199.40,14208.30,19301
NAS100,20220128,1800,14208.40,14280.60,14188.80,14244.40,19280
NAS100,20220128,1900,14243.10,14282.90,14072.30,14226.10,20341
NAS100,20220128,2000,14225.90,14450.90,14209.80,14449.40,20549
NAS100,20220128,2100,14448.30,14454.40,14409.40,14440.90,5810
NAS100,20220130,2300,14464.90,14483.90,14366.10,14410.00,7659
NAS100,20220131,0000,14409.90,14442.40,14379.80,14395.80,8077
NAS100,20220131,0100,14395.90,14434.50,14389.10,14420.60,6942
NAS100,20220131,0200,14420.50,14495.60,14413.90,14487.80,6287
NAS100,20220131,0300,14487.90,14512.80,14481.30,14506.80,4513
NAS100,20220131,0400,14506.50,14512.10,14492.30,14494.30,3185
NAS100,20220131,0500,14494.40,14507.50,14468.40,14500.80,4177
NAS100,20220131,0600,14501.00,14514.40,14470.80,14481.90,4256
NAS100,20220131,0700,14481.80,14490.40,14448.10,14487.00,7159
NAS100,20220131,0800,14487.30,14545.90,14437.30,14536.90,12555
NAS100,20220131,0900,14536.80,14558.90,14520.60,14534.50,9339
NAS100,20220131,1000,14534.80,14538.60,14485.40,14512.10,9128
NAS100,20220131,1100,14511.10,14524.10,14480.00,14501.00,9730
NAS100,20220131,1200,14501.30,14507.00,14412.30,14465.40,10621
NAS100,20220131,1300,14464.60,14495.90,14434.30,14484.00,9825
NAS100,20220131,1400,14483.90,14647.00,14430.10,14643.00,15069
NAS100,20220131,1500,14642.60,14738.40,14640.00,14731.10,19839
NAS100,20220131,1600,14731.80,14797.50,14680.30,14789.80,18235
NAS100,20220131,1700,14789.60,14800.80,14726.10,14793.00,16083
NAS100,20220131,1800,14793.60,14802.90,14748.60,14792.10,14840
NAS100,20220131,1900,14792.60,14842.80,14778.60,14828.40,14175
NAS100,20220131,2000,14827.80,14931.50,14732.10,14913.60,18091
NAS100,20220131,2100,14912.40,14915.10,14866.00,14883.00,5862
NAS100,20220131,2300,14886.80,14901.40,14874.90,14886.00,3555
NAS100,20220201,0000,14886.30,14897.40,14876.10,14892.90,4626
NAS100,20220201,0100,14893.00,14893.50,14838.90,14845.80,5586
NAS100,20220201,0200,14845.50,14865.10,14835.40,14858.80,4507
NAS100,20220201,0300,14858.60,14889.60,14852.60,14887.40,4610
NAS100,20220201,0400,14887.30,14893.80,14874.10,14886.80,3872
NAS100,20220201,0500,14886.40,14899.90,14878.30,14896.60,3045
NAS100,20220201,0600,14895.90,14912.40,14878.10,14901.00,2810
NAS100,20220201,0700,14901.60,14967.10,14893.40,14919.10,6308
NAS100,20220201,0800,14919.50,14981.30,14897.80,14968.30,9209
NAS100,20220201,0900,14967.80,14976.90,14863.30,14899.60,8873
NAS100,20220201,1000,14900.50,14934.10,14882.40,14892.60,7259
NAS100,20220201,1100,14892.80,14925.00,14877.00,14887.90,6563
NAS100,20220201,1200,14888.30,14954.80,14885.40,14942.60,6416
NAS100,20220201,1300,14943.40,14976.10,14936.80,14966.60,7000
NAS100,20220201,1400,14966.30,14975.80,14804.50,14858.30,17004
NAS100,20220201,1500,14859.60,14881.60,14747.00,14877.00,21698
NAS100,20220201,1600,14874.50,14959.50,14861.80,14941.50,18374
NAS100,20220201,1700,14941.00,14947.10,14858.10,14921.30,16994
NAS100,20220201,1800,14919.60,14924.00,14866.40,14895.00,14635
NAS100,20220201,1900,14896.10,14917.60,14839.30,14884.40,16212
NAS100,20220201,2000,14884.10,15036.30,14874.90,15006.10,16713
NAS100,20220201,2100,15007.90,15153.00,15001.60,15131.90,8126
NAS100,20220201,2300,15146.10,15149.60,15121.30,15137.40,3748
NAS100,20220202,0000,15137.10,15154.30,15134.40,15152.60,4874
NAS100,20220202,0100,15152.50,15165.10,15142.80,15155.50,3916
NAS100,20220202,0200,15155.40,15161.50,15146.60,15152.60,2973
NAS100,20220202,0300,15152.50,15162.90,15148.60,15159.10,2217
NAS100,20220202,0400,15159.00,15164.30,15156.10,15161.60,1743
NAS100,20220202,0500,15161.50,15200.60,15160.90,15185.60,2917
NAS100,20220202,0600,15186.00,15213.60,15173.10,15184.50,3490
NAS100,20220202,0700,15184.60,15211.40,15172.80,15189.50,5290
NAS100,20220202,0800,15189.90,15208.80,15172.90,15186.80,10253
NAS100,20220202,0900,15188.00,15269.40,15184.90,15262.50,8136
NAS100,20220202,1000,15262.60,15262.90,15219.60,15230.10,7448
NAS100,20220202,1100,15230.00,15245.30,15200.50,15242.50,6461
NAS100,20220202,1200,15242.80,15276.40,15224.00,15265.60,7433
NAS100,20220202,1300,15263.30,15266.10,15184.60,15189.30,9075
NAS100,20220202,1400,15188.30,15197.80,15044.40,15113.10,16654
NAS100,20220202,1500,15114.40,15185.40,15032.40,15081.10,20684
NAS100,20220202,1600,15079.90,15094.90,14957.30,15043.50,19393
NAS100,20220202,1700,15042.90,15134.80,15010.90,15133.10,15274
NAS100,20220202,1800,15132.00,15135.90,15051.50,15077.40,14918
NAS100,20220202,1900,15077.60,15144.00,15029.40,15111.50,15519
NAS100,20220202,2000,15111.00,15166.80,15087.90,15126.60,17822
NAS100,20220202,2100,15129.10,15135.80,14842.40,14877.00,10393
NAS100,20220202,2300,14856.90,14879.80,14772.10,14780.60,5877
NAS100,20220203,0000,14780.90,14817.00,14779.80,14789.30,6341
NAS100,20220203,0100,14789.10,14803.60,14773.40,14783.40,5744
NAS100,20220203,0200,14783.30,14804.10,14767.90,14796.40,4382
NAS100,20220203,0300,14796.30,14813.40,14780.40,14802.10,3557
NAS100,20220203,0400,14802.00,14809.00,14796.50,14800.10,3028
NAS100,20220203,0500,14800.30,14811.40,14792.90,14799.60,3094
NAS100,20220203,0600,14801.00,14808.10,14787.90,14793.90,3218
NAS100,20220203,0700,14793.80,14870.40,14789.10,14865.00,5752
NAS100,20220203,0800,14864.60,14883.90,14826.80,14850.40,10875
NAS100,20220203,0900,14850.50,14863.80,14794.10,14801.80,8030
NAS100,20220203,1000,14802.30,14821.00,14788.90,14800.50,7463
NAS100,20220203,1100,14799.40,14821.50,14761.50,14813.90,7597
NAS100,20220203,1200,14814.10,14842.40,14771.30,14822.40,10570
NAS100,20220203,1300,14822.30,14834.00,14707.60,14715.90,11789
NAS100,20220203,1400,14715.30,14813.60,14690.10,14726.40,18471
NAS100,20220203,1500,14725.80,14857.30,14696.80,14764.30,21403
NAS100,20220203,1600,14762.90,14822.40,14682.60,14684.00,19018
NAS100,20220203,1700,14685.30,14711.50,14647.90,14686.00,18072
NAS100,20220203,1800,14686.30,14729.60,14652.80,14676.40,17137
NAS100,20220203,1900,14676.00,14714.50,14583.50,14608.40,16944
NAS100,20220203,2000,14607.30,14657.60,14474.50,14519.50,18948
NAS100,20220203,2100,14520.80,14829.60,14519.10,14820.60,11025
NAS100,20220203,2300,14779.30,14799.90,14751.10,14775.60,5808
NAS100,20220204,0000,14775.90,14796.00,14760.00,14777.40,6540
NAS100,20220204,0100,14778.10,14785.40,14712.80,14724.80,7822
NAS100,20220204,0200,14724.90,14775.10,14724.90,14755.90,5602
NAS100,20220204,0300,14756.50,14782.90,14751.60,14773.00,4096
NAS100,20220204,0400,14773.10,14795.30,14763.50,14790.30,3727
NAS100,20220204,0500,14790.60,14821.10,14790.60,14816.80,4704
NAS100,20220204,0600,14816.40,14829.30,14802.60,14820.00,3388
NAS100,20220204,0700,14820.50,14838.10,14739.00,14754.80,7970
NAS100,20220204,0800,14753.00,14785.80,14713.80,14741.80,12161
NAS100,20220204,0900,14741.50,14755.10,14693.30,14698.10,10451
NAS100,20220204,1000,14698.30,14710.10,14597.40,14636.30,12016
NAS100,20220204,1100,14635.90,14638.00,14531.90,14533.30,12369
NAS100,20220204,1200,14533.40,14649.00,14533.40,14640.50,11201
NAS100,20220204,1300,14640.80,14646.90,14426.80,14429.80,14489
NAS100,20220204,1400,14430.50,14619.50,14376.10,14588.50,19654
NAS100,20220204,1500,14589.40,14678.10,14501.10,14517.40,21882
NAS100,20220204,1600,14516.80,14638.80,14456.60,14595.40,19486
NAS100,20220204,1700,14596.40,14670.50,14571.50,14665.50,18201
NAS100,20220204,1800,14666.10,14767.30,14666.00,14758.90,17268
NAS100,20220204,1900,14758.00,14781.50,14703.30,14770.60,17339
NAS100,20220204,2000,14770.40,14833.80,14687.50,14695.40,18474
NAS100,20220204,2100,14690.50,14710.80,14642.10,14654.40,5344
NAS100,20220206,2300,14707.00,14730.80,14648.10,14723.80,5631
NAS100,20220207,0000,14724.10,14725.50,14635.10,14660.10,7744
NAS100,20220207,0100,14662.00,14684.10,14638.60,14653.30,7163
NAS100,20220207,0200,14653.50,14667.40,14614.60,14624.00,7109
NAS100,20220207,0300,14623.90,14674.40,14623.50,14658.50,5602
NAS100,20220207,0400,14658.40,14727.40,14657.90,14711.30,5325
NAS100,20220207,0500,14711.10,14727.40,14695.10,14715.60,5888
NAS100,20220207,0600,14715.50,14729.10,14686.00,14724.40,4683
NAS100,20220207,0700,14724.90,14757.30,14715.40,14741.30,6774
NAS100,20220207,0800,14741.40,14743.50,14630.60,14676.80,14059
NAS100,20220207,0900,14676.60,14701.00,14638.00,14668.10,11645
NAS100,20220207,1000,14667.10,14697.60,14658.90,14665.60,9597
NAS100,20220207,1100,14665.50,14707.80,14657.10,14690.60,9154
NAS100,20220207,1200,14690.50,14749.50,14690.50,14738.30,8598
NAS100,20220207,1300,14738.10,14772.30,14722.10,14741.90,9446
NAS100,20220207,1400,14741.60,14820.00,14685.30,14794.50,15557
NAS100,20220207,1500,14795.90,14803.50,14701.30,14734.80,19837
NAS100,20220207,1600,14733.60,14756.10,14582.30,14623.50,18075
NAS100,20220207,1700,14624.00,14646.60,14569.00,14607.40,16851
NAS100,20220207,1800,14607.10,14687.60,14598.90,14680.30,15314
NAS100,20220207,1900,14680.60,14720.10,14645.50,14691.90,14901
NAS100,20220207,2000,14691.80,14739.90,14525.10,14578.80,18241
NAS100,20220207,2100,14580.00,14620.90,14577.30,14613.00,4502
NAS100,20220207,2300,14613.40,14627.80,14598.80,14623.60,3194
NAS100,20220208,0000,14623.40,14634.90,14599.80,14616.40,5295
NAS100,20220208,0100,14616.30,14616.40,14577.60,14585.80,6365
NAS100,20220208,0200,14586.40,14608.10,14570.40,14601.40,5535
NAS100,20220208,0300,14602.00,14613.80,14586.40,14594.80,4557
NAS100,20220208,0400,14595.30,14602.00,14585.10,14589.90,3736
NAS100,20220208,0500,14589.60,14592.40,14550.10,14567.60,5554
NAS100,20220208,0600,14566.80,14594.90,14555.10,14581.30,4652
NAS100,20220208,0700,14580.10,14609.00,14552.30,14570.00,6409
NAS100,20220208,0800,14570.50,14615.30,14555.80,14596.60,11854
NAS100,20220208,0900,14596.10,14629.80,14574.50,14582.00,9107
NAS100,20220208,1000,14581.90,14598.50,14554.40,14583.80,8147
NAS100,20220208,1100,14583.60,14592.30,14522.60,14543.40,9202
NAS100,20220208,1200,14541.90,14545.30,14496.90,14531.10,9479
NAS100,20220208,1300,14532.40,14559.10,14510.90,14540.30,8947
NAS100,20220208,1400,14540.40,14601.00,14514.90,14535.00,15351
NAS100,20220208,1500,14535.30,14639.30,14482.10,14621.00,19513
NAS100,20220208,1600,14619.00,14716.50,14617.00,14701.50,17107
NAS100,20220208,1700,14701.60,14770.40,14671.90,14737.10,15009
NAS100,20220208,1800,14737.60,14737.60,14674.00,14705.30,15354
NAS100,20220208,1900,14704.90,14733.40,14634.30,14658.60,16107
NAS100,20220208,2000,14659.00,14788.00,14628.50,14747.00,18166
NAS100,20220208,2100,14745.80,14771.10,14732.60,14757.50,4405
NAS100,20220208,2300,14755.40,14798.50,14753.80,14788.60,3723
NAS100,20220209,0000,14789.60,14792.30,14759.00,14766.90,4803
NAS100,20220209,0100,14766.80,14788.40,14757.50,14777.30,5942
NAS100,20220209,0200,14777.80,14787.00,14763.80,14773.10,4225
NAS100,20220209,0300,14772.40,14804.00,14772.40,14798.40,3702
NAS100,20220209,0400,14798.00,14829.90,14796.90,14821.60,3525
NAS100,20220209,0500,14821.90,14828.60,14811.10,14811.10,4324
NAS100,20220209,0600,14811.30,14825.90,14802.80,14808.30,3646
NAS100,20220209,0700,14808.50,14821.50,14769.10,14792.40,5255
NAS100,20220209,0800,14792.50,14874.60,14781.90,14857.40,9431
NAS100,20220209,0900,14857.30,14871.10,14850.40,14853.40,5321
NAS100,20220209,1000,14853.30,14889.90,14848.80,14880.60,4507
NAS100,20220209,1100,14880.90,14919.60,14865.90,14913.10,5136
NAS100,20220209,1200,14912.90,14944.00,14906.40,14932.60,6671
NAS100,20220209,1300,14932.90,14956.80,14927.30,14929.10,6949
NAS100,20220209,1400,14929.40,14962.10,14875.40,14890.40,14051
NAS100,20220209,1500,14890.90,14960.80,14865.00,14959.50,18091
NAS100,20220209,1600,14959.80,14979.50,14925.50,14939.10,15919
NAS100,20220209,1700,14939.40,14999.80,14922.00,14997.40,14436
NAS100,20220209,1800,14997.50,15006.00,14971.30,14994.50,12955
NAS100,20220209,1900,14994.80,15035.80,14994.40,15002.00,10862
NAS100,20220209,2000,15001.90,15055.80,14959.80,15055.60,15618
NAS100,20220209,2100,15055.30,15079.40,15038.10,15063.60,5713
NAS100,20220209,2300,15068.90,15070.30,15041.10,15052.40,3614
NAS100,20220210,0000,15052.80,15055.10,15018.00,15020.60,5365
NAS100,20220210,0100,15021.30,15021.30,14995.80,15005.60,6565
NAS100,20220210,0200,15005.40,15006.60,14984.10,14991.10,4704
NAS100,20220210,0300,14991.30,15003.90,14978.10,14997.60,4294
NAS100,20220210,0400,14997.80,15011.10,14995.50,15004.90,3113
NAS100,20220210,0500,15005.00,15019.80,14988.40,15019.80,3532
NAS100,20220210,0600,15019.90,15036.90,15013.40,15027.40,3745
NAS100,20220210,0700,15025.30,15041.10,15014.10,15039.50,4290
NAS100,20220210,0800,15039.80,15049.30,14982.60,14984.10,11039
NAS100,20220210,0900,14984.60,15000.40,14976.40,14992.80,7154
NAS100,20220210,1000,14993.10,15012.50,14987.10,15010.30,5282
NAS100,20220210,1100,15010.40,15016.60,14994.80,15003.40,5430
NAS100,20220210,1200,15003.80,15036.40,15003.10,15032.40,5521
NAS100,20220210,1300,15033.10,15061.90,14807.80,14812.90,13075
NAS100,20220210,1400,14812.00,14943.60,14730.90,14918.90,19295
NAS100,20220210,1500,14919.80,15041.80,14906.50,14934.10,20237
NAS100,20220210,1600,14934.30,14975.30,14865.10,14968.40,18748
NAS100,20220210,1700,14968.30,14990.50,14816.80,14885.90,18073
NAS100,20220210,1800,14885.10,14917.10,14740.80,14829.80,19607
NAS100,20220210,1900,14829.40,14836.10,14719.60,14740.60,19088
NAS100,20220210,2000,14741.90,14784.60,14635.00,14713.40,20238
NAS100,20220210,2100,14714.40,14719.40,14668.10,14706.90,7055
NAS100,20220210,2300,14708.80,14722.90,14665.40,14671.80,5491
NAS100,20220211,0000,14672.30,14678.80,14628.60,14657.50,6858
NAS100,20220211,0100,14657.80,14699.10,14635.30,14680.10,7123
NAS100,20220211,0200,14680.30,14683.50,14643.30,14672.30,5627
NAS100,20220211,0300,14672.50,14675.40,14630.90,14657.10,5084
NAS100,20220211,0400,14657.00,14659.30,14587.40,14596.50,5372
NAS100,20220211,0500,14596.60,14599.40,14538.90,14555.10,6173
NAS100,20220211,0600,14555.00,14588.00,14544.90,14582.40,5133
NAS100,20220211,0700,14583.00,14622.90,14582.30,14620.60,7276
NAS100,20220211,0800,14620.50,14675.50,14603.50,14606.00,12363
NAS100,20220211,0900,14606.30,14654.30,14583.00,14595.90,9239
NAS100,20220211,1000,14595.80,14626.80,14593.90,14621.80,7087
NAS100,20220211,1100,14621.50,14623.40,14583.80,14609.10,7647
NAS100,20220211,1200,14609.40,14710.80,14608.80,14679.30,9767
NAS100,20220211,1300,14679.80,14749.30,14664.30,14730.50,10363
NAS100,20220211,1400,14731.80,14777.50,14637.10,14650.00,15514
NAS100,20220211,1500,14651.60,14736.10,14602.10,14630.50,21010
NAS100,20220211,1600,14630.80,14683.90,14537.40,14575.40,19042
NAS100,20220211,1700,14574.00,14610.60,14518.10,14522.30,17059
NAS100,20220211,1800,14522.00,14559.90,14324.00,14336.80,19991
NAS100,20220211,1900,14335.80,14403.30,14220.60,14275.80,23775
NAS100,20220211,2000,14276.90,14352.30,14193.10,14249.60,22388
NAS100,20220211,2100,14248.40,14300.60,14222.10,14272.10,6906
NAS100,20220213,2300,14260.10,14272.60,14195.00,14256.80,8331
NAS100,20220214,0000,14257.40,14288.30,14228.00,14264.50,9184
NAS100,20220214,0100,14264.40,14280.50,14223.10,14237.60,9407
NAS100,20220214,0200,14237.40,14266.50,14215.50,14256.90,7293
NAS100,20220214,0300,14257.00,14298.00,14239.10,14293.50,6371
NAS100,20220214,0400,14293.60,14297.30,14266.40,14284.50,4116
NAS100,20220214,0500,14284.10,14305.80,14245.40,14253.60,5898
NAS100,20220214,0600,14254.50,14277.00,14234.40,14275.90,5769
NAS100,20220214,0700,14275.80,14303.60,14227.60,14273.60,8908
NAS100,20220214,0800,14274.10,14278.10,14080.40,14094.40,17114
NAS100,20220214,0900,14094.00,14129.50,14055.50,14086.10,14940
NAS100,20220214,1000,14086.50,14138.90,14039.80,14108.80,12652
NAS100,20220214,1100,14108.60,14134.80,14073.40,14116.40,11149
NAS100,20220214,1200,14116.50,14271.40,14072.00,14241.50,13889
NAS100,20220214,1300,14242.00,14273.80,14172.50,14191.80,14771
NAS100,20220214,1400,14191.60,14343.60,14178.80,14297.60,18097
NAS100,20220214,1500,14296.00,14332.00,14215.50,14281.60,21251
NAS100,20220214,1600,14283.00,14386.70,14267.50,14349.60,19179
NAS100,20220214,1700,14350.30,14404.10,14332.80,14358.80,16300
NAS100,20220214,1800,14359.10,14383.30,14149.10,14149.50,17790
NAS100,20220214,1900,14150.60,14274.50,14113.10,14241.70,20811
NAS100,20220214,2000,14242.00,14304.20,14183.10,14266.70,20683
NAS100,20220214,2100,14265.60,14286.70,14256.10,14270.10,4365
NAS100,20220214,2300,14268.20,14310.50,14267.00,14307.10,3784
NAS100,20220215,0000,14309.00,14320.30,14260.60,14294.50,7281
NAS100,20220215,0100,14294.60,14304.00,14272.80,14303.10,7838
NAS100,20220215,0200,14302.70,14342.50,14300.10,14328.80,5761
NAS100,20220215,0300,14328.60,14329.00,14296.60,14303.70,4992
NAS100,20220215,0400,14304.00,14307.60,14276.50,14296.20,4757
NAS100,20220215,0500,14295.80,14296.30,14233.30,14255.30,7999
NAS100,20220215,0600,14255.60,14286.50,14251.10,14277.70,5283
NAS100,20220215,0700,14277.30,14306.10,14249.10,14268.10,7661
NAS100,20220215,0800,14268.00,14502.30,14254.60,14478.80,15613
NAS100,20220215,0900,14478.70,14542.80,14474.50,14516.10,11348
NAS100,20220215,1000,14516.60,14552.00,14496.80,14530.10,10525
NAS100,20220215,1100,14529.60,14583.10,14525.20,14557.60,8146
NAS100,20220215,1200,14557.20,14582.20,14537.70,14559.10,10215
NAS100,20220215,1300,14559.00,14570.70,14472.10,14481.70,10370
NAS100,20220215,1400,14482.70,14531.60,14455.70,14511.70,15801
NAS100,20220215,1500,14511.80,14555.00,14462.10,14530.40,18208
NAS100,20220215,1600,14531.00,14571.90,14519.40,14558.00,15469
NAS100,20220215,1700,14559.00,14568.20,14436.70,14476.30,15931
NAS100,20220215,1800,14477.00,14555.90,14470.70,14550.70,13584
NAS100,20220215,1900,14551.40,14571.70,14513.30,14570.70,11004
NAS100,20220215,2000,14571.40,14622.90,14532.90,14616.50,16335
NAS100,20220215,2100,14617.50,14617.50,14573.00,14590.50,5329
NAS100,20220215,2300,14594.50,14596.40,14564.00,14569.30,4335
NAS100,20220216,0000,14568.90,14574.00,14555.00,14557.30,5589
NAS100,20220216,0100,14557.00,14576.00,14555.90,14568.80,5812
NAS100,20220216,0200,14568.60,14581.40,14560.40,14567.10,5222
NAS100,20220216,0300,14567.50,14571.40,14553.90,14561.80,4035
NAS100,20220216,0400,14561.60,14572.40,14557.80,14570.80,2874
NAS100,20220216,0500,14570.90,14586.40,14570.50,14578.00,4556
NAS100,20220216,0600,14578.50,14591.80,14570.40,14586.80,4189
NAS100,20220216,0700,14586.10,14600.60,14574.40,14590.00,6267
NAS100,20220216,0800,14590.50,14669.80,14561.80,14635.90,13195
NAS100,20220216,0900,14642.90,14673.80,14606.80,14610.60,11115
NAS100,20220216,1000,14610.50,14622.00,14572.40,14598.90,9784
NAS100,20220216,1100,14598.80,14620.90,14587.90,14613.00,7744
NAS100,20220216,1200,14611.60,14628.10,14563.50,14577.50,8984
NAS100,20220216,1300,14577.60,14611.40,14522.90,14531.60,9832
NAS100,20220216,1400,14531.80,14536.80,14388.30,14414.50,16085
NAS100,20220216,1500,14414.00,14475.50,14392.40,14453.80,18645
NAS100,20220216,1600,14455.00,14487.60,14430.90,14467.50,16506
NAS100,20220216,1700,14467.00,14482.90,14395.60,14423.40,14816
NAS100,20220216,1800,14423.00,14451.50,14406.80,14435.00,13948
NAS100,20220216,1900,14434.40,14615.00,14401.60,14595.90,19922
NAS100,20220216,2000,14596.40,14651.00,14590.40,14606.00,17791
NAS100,20220216,2100,14608.20,14645.30,14567.10,14598.00,7036
NAS100,20220216,2200,14600.70,14606.50,14592.20,14595.10,189
NAS100,20220216,2300,14595.70,14623.50,14571.60,14576.70,5409
NAS100,20220217,0000,14576.60,14585.80,14565.80,14575.60,5951
NAS100,20220217,0100,14575.80,14588.80,14570.50,14580.80,5849
NAS100,20220217,0200,14580.70,14600.10,14578.30,14598.00,4676
NAS100,20220217,0300,14598.10,14604.00,14518.50,14521.00,4817
NAS100,20220217,0400,14521.60,14521.60,14447.00,14490.70,11096
NAS100,20220217,0500,14490.80,14541.10,14480.10,14524.70,8761
NAS100,20220217,0600,14524.00,14550.70,14497.00,14525.80,6804
NAS100,20220217,0700,14525.20,14563.70,14519.00,14550.30,7996
NAS100,20220217,0800,14550.50,14588.00,14472.80,14513.20,15145
NAS100,20220217,0900,14513.70,14530.20,14480.50,14502.30,10312
NAS100,20220217,1000,14502.20,14528.00,14496.60,14511.60,8062
NAS100,20220217,1100,14512.00,14518.80,14489.50,14512.20,6941
NAS100,20220217,1200,14513.00,14559.70,14510.60,14551.00,7881
NAS100,20220217,1300,14551.30,14568.70,14450.70,14463.00,11457
NAS100,20220217,1400,14463.20,14506.00,14381.70,14408.10,16740
NAS100,20220217,1500,14408.30,14435.00,14331.80,14370.40,18671
NAS100,20220217,1600,14370.50,14417.90,14358.50,14367.90,16002
NAS100,20220217,1700,14368.30,14377.50,14322.50,14357.80,14638
NAS100,20220217,1800,14357.40,14360.90,14295.00,14312.90,14328
NAS100,20220217,1900,14312.30,14312.40,14245.30,14246.90,14067
NAS100,20220217,2000,14246.80,14254.50,14157.40,14174.90,16896
NAS100,20220217,2100,14176.30,14184.00,14143.10,14164.90,6930
NAS100,20220217,2300,14163.30,14193.80,14146.00,14182.40,5973
NAS100,20220218,0000,14181.80,14194.10,14137.80,14168.40,8148
NAS100,20220218,0100,14168.30,14299.00,14154.10,14281.40,10239
NAS100,20220218,0200,14282.00,14292.10,14254.90,14275.50,7963
NAS100,20220218,0300,14276.10,14306.80,14267.60,14289.00,6316
NAS100,20220218,0400,14289.00,14306.50,14278.10,14280.40,5583
NAS100,20220218,0500,14280.60,14291.30,14265.30,14271.10,5286
NAS100,20220218,0600,14270.10,14273.00,14245.90,14253.00,5877
NAS100,20220218,0700,14254.10,14267.80,14236.10,14249.40,7792
NAS100,20220218,0800,14250.00,14295.90,14243.90,14263.30,12102
NAS100,20220218,0900,14263.50,14280.50,14231.90,14279.40,9320
NAS100,20220218,1000,14279.30,14287.40,14257.10,14271.90,7923
NAS100,20220218,1100,14271.60,14284.10,14239.10,14254.80,7058
NAS100,20220218,1200,14254.90,14276.00,14246.50,14272.40,6739
NAS100,20220218,1300,14272.30,14279.80,14138.80,14191.10,13475
NAS100,20220218,1400,14190.90,14229.80,14097.60,14194.50,16718
NAS100,20220218,1500,14193.00,14204.00,14043.50,14059.10,19877
NAS100,20220218,1600,14058.50,14072.20,13969.70,13983.70,18862
NAS100,20220218,1700,13983.00,14064.20,13948.10,13952.10,18447
NAS100,20220218,1800,13953.30,14017.10,13914.30,13996.50,17012
NAS100,20220218,1900,13996.00,14137.60,13989.20,14113.60,17750
NAS100,20220218,2000,14113.50,14151.50,13969.20,14013.00,20497
NAS100,20220218,2100,14014.30,14046.60,13998.10,14004.10,6393
NAS100,20220220,2300,13951.60,13961.20,13848.00,13859.60,8128
NAS100,20220221,0000,13859.50,13991.80,13817.60,13973.00,10000
NAS100,20220221,0100,13972.30,14092.10,13931.50,14065.20,10588
NAS100,20220221,0200,14066.10,14082.50,14054.20,14069.60,6304
NAS100,20220221,0300,14069.70,14080.70,14011.70,14024.60,5414
NAS100,20220221,0400,14023.80,14071.80,14016.70,14065.60,4490
NAS100,20220221,0500,14065.50,14082.80,14054.70,14068.10,5632
NAS100,20220221,0600,14067.00,14147.30,14066.20,14130.00,5427
NAS100,20220221,0700,14130.10,14164.00,14096.10,14101.60,9000
NAS100,20220221,0800,14102.10,14115.50,14032.30,14044.30,11682
NAS100,20220221,0900,14046.80,14047.50,13973.50,13984.20,8271
NAS100,20220221,1000,13984.30,14000.30,13964.10,13985.20,7092
NAS100,20220221,1100,13985.10,13997.80,13889.80,13931.80,8615
NAS100,20220221,1200,13930.80,13933.70,13830.50,13865.60,9426
NAS100,20220221,1300,13864.80,13882.10,13782.20,13841.30,11913
NAS100,20220221,1400,13840.80,13896.70,13811.00,13837.60,12458
NAS100,20220221,1500,13836.30,13880.70,13795.50,13827.50,11434
NAS100,20220221,1600,13828.30,13829.60,13758.30,13775.50,9544
NAS100,20220221,1700,13776.20,13801.60,13724.30,13742.70,8069
NAS100,20220221,1800,13742.80,13742.80,13742.80,13742.80,1
NAS100,20220221,2100,13742.10,13742.10,13742.10,13742.10,1
NAS100,20220221,2300,13643.30,13715.70,13600.50,13686.70,11779
NAS100,20220222,0000,13687.20,13742.60,13640.60,13718.80,10844
NAS100,20220222,0100,13720.10,13745.30,13670.50,13697.30,12117
NAS100,20220222,0200,13697.20,13716.20,13663.60,13681.30,9385
NAS100,20220222,0300,13681.70,13684.20,13646.00,13670.70,8157
NAS100,20220222,0400,13670.80,13709.70,13670.80,13697.10,6537
NAS100,20220222,0500,13697.20,13730.00,13693.00,13704.80,7318
NAS100,20220222,0600,13704.20,13754.60,13660.70,13699.30,8785
NAS100,20220222,0700,13699.20,13727.20,13623.60,13626.30,12841
NAS100,20220222,0800,13626.70,13745.50,13621.50,13739.30,15531
NAS100,20220222,0900,13739.50,13772.20,13705.70,13732.20,12590
NAS100,20220222,1000,13732.30,13973.70,13727.80,13929.10,14117
NAS100,20220222,1100,13929.00,13939.30,13872.10,13915.00,12469
NAS100,20220222,1200,13915.10,13964.00,13880.10,13944.60,11275
NAS100,20220222,1300,13944.80,13957.80,13897.10,13944.80,10681
NAS100,20220222,1400,13944.10,14103.70,13870.60,14029.30,15788
NAS100,20220222,1500,14028.20,14115.70,13941.60,13948.70,20578
NAS100,20220222,1600,13949.10,13967.30,13839.60,13875.80,19308
NAS100,20220222,1700,13875.60,13912.70,13819.40,13837.10,18225
NAS100,20220222,1800,13837.80,13862.30,13752.10,13768.80,18000
NAS100,20220222,1900,13768.20,13962.80,13716.70,13930.70,20740
NAS100,20220222,2000,13932.10,14017.80,13817.10,13872.10,21667
NAS100,20220222,2100,13871.10,13954.10,13871.10,13925.80,7236
NAS100,20220222,2300,13925.30,13994.20,13922.10,13977.60,5890
NAS100,20220223,0000,13978.60,13984.30,13963.10,13981.40,4767
NAS100,20220223,0100,13981.30,13984.20,13918.90,13945.40,6835
NAS100,20220223,0200,13945.80,13957.20,13920.70,13933.40,5512
NAS100,20220223,0300,13933.30,13965.40,13917.90,13963.10,5143
NAS100,20220223,0400,13963.20,13980.20,13950.80,13978.30,4525
NAS100,20220223,0500,13977.70,13992.60,13958.20,13961.90,4513
NAS100,20220223,0600,13960.70,13981.60,13941.80,13944.30,5504
NAS100,20220223,0700,13944.40,13981.70,13930.40,13971.40,8255
NAS100,20220223,0800,13972.30,14031.60,13947.90,14020.40,12535
NAS100,20220223,0900,14023.10,14073.30,14021.60,14033.70,9259
NAS100,20220223,1000,14033.10,14045.20,13988.10,14008.80,10147
NAS100,20220223,1100,14008.40,14014.30,13957.20,13963.80,9500
NAS100,20220223,1200,13966.20,14037.90,13957.90,14028.20,8695
NAS100,20220223,1300,14029.10,14037.80,13991.70,14025.20,8107
NAS100,20220223,1400,14025.30,14036.10,13899.10,13909.60,15219
NAS100,20220223,1500,13909.20,13909.20,13760.80,13787.80,20101
NAS100,20220223,1600,13786.90,13838.50,13722.90,13818.90,18962
NAS100,20220223,1700,13820.10,13872.00,13760.50,13772.80,17485
NAS100,20220223,1800,13772.50,13773.10,13660.40,13691.00,17724
NAS100,20220223,1900,13691.10,13714.50,13576.90,13597.30,19134
NAS100,20220223,2000,13596.90,13606.00,13503.80,13516.00,19676
NAS100,20220223,2100,13517.80,13547.50,13479.60,13494.40,8068
NAS100,20220223,2200,13494.50,13519.40,13487.50,13512.80,245
NAS100,20220223,2300,13514.00,13524.10,13464.50,13507.30,7859
NAS100,20220224,0000,13506.80,13521.50,13387.40,13391.80,11455
NAS100,20220224,0100,13392.10,13472.60,13364.90,13437.80,11323
NAS100,20220224,0200,13438.30,13451.00,13328.00,13336.80,11535
NAS100,20220224,0300,13337.10,13348.00,13113.10,13133.80,16162
NAS100,20220224,0400,13133.60,13215.80,13121.60,13200.40,13182
NAS100,20220224,0500,13200.50,13212.90,13140.30,13173.90,12715
NAS100,20220224,0600,13174.00,13230.90,13120.80,13143.60,11053
NAS100,20220224,0700,13143.50,13171.80,13033.10,13099.00,14623
NAS100,20220224,0800,13100.40,13221.60,13084.50,13200.90,16994
NAS100,20220224,0900,13198.40,13256.10,13149.30,13166.50,14825
NAS100,20220224,1000,13166.40,13225.10,13120.80,13147.60,13515
NAS100,20220224,1100,13147.10,13167.90,13077.60,13163.30,15334
NAS100,20220224,1200,13162.80,13167.30,13060.80,13087.90,14165
NAS100,20220224,1300,13088.50,13153.90,13035.10,13104.80,14919
NAS100,20220224,1400,13105.00,13370.40,13067.50,13347.60,21269
NAS100,20220224,1500,13346.50,13503.50,13254.10,13460.10,24154
NAS100,20220224,1600,13460.90,13569.30,13426.30,13550.40,22088
NAS100,20220224,1700,13549.00,13561.80,13411.40,13462.10,20586
NAS100,20220224,1800,13462.00,13707.40,13446.40,13609.30,20946
NAS100,20220224,1900,13609.10,13808.30,13565.80,13778.50,22371
NAS100,20220224,2000,13779.00,13988.60,13760.50,13970.40,20243
NAS100,20220224,2100,13971.60,13971.60,13894.90,13914.60,8428
NAS100,20220224,2300,13906.80,13917.90,13841.20,13863.90,8191
NAS100,20220225,0000,13864.10,13944.90,13864.10,13876.70,10043
NAS100,20220225,0100,13876.20,13912.10,13821.20,13858.10,10825
NAS100,20220225,0200,13857.90,13865.30,13811.30,13835.60,8169
NAS100,20220225,0300,13835.20,13897.40,13814.20,13887.10,8421
NAS100,20220225,0400,13886.90,13923.20,13859.90,13875.80,7568
NAS100,20220225,0500,13875.70,13882.60,13837.40,13859.80,7752
NAS100,20220225,0600,13859.90,13872.10,13846.20,13860.20,6417
NAS100,20220225,0700,13860.10,13890.10,13812.60,13857.60,11903
NAS100,20220225,0800,13858.80,13861.70,13765.30,13803.20,17272
NAS100,20220225,0900,13803.30,13891.40,13771.40,13870.20,15140
NAS100,20220225,1000,13870.30,13926.80,13863.60,13910.60,12936
NAS100,20220225,1100,13910.40,13944.70,13836.10,13896.80,13647
NAS100,20220225,1200,13897.70,14028.80,13888.40,14009.90,11093
NAS100,20220225,1300,14009.80,14111.30,13984.30,14043.80,13519
NAS100,20220225,1400,14043.70,14050.90,13865.40,13873.70,18575
NAS100,20220225,1500,13875.10,14096.40,13837.10,14065.80,21244
NAS100,20220225,1600,14070.10,14170.30,14027.90,14169.30,18669
NAS100,20220225,1700,14169.50,14183.10,14062.30,14087.00,16753
NAS100,20220225,1800,14087.30,14156.00,14044.40,14117.90,17600
NAS100,20220225,1900,14119.40,14162.50,14069.00,14115.60,18317
NAS100,20220225,2000,14115.80,14193.00,14080.30,14188.30,18481
NAS100,20220225,2100,14189.60,14203.30,14182.10,14196.30,4713
NAS100,20220227,2300,13878.30,13899.30,13692.80,13860.90,11846
NAS100,20220228,0000,13862.30,13869.00,13820.90,13852.60,10013
NAS100,20220228,0100,13852.80,13960.80,13842.60,13843.50,11524
NAS100,20220228,0200,13843.60,13868.30,13769.80,13806.00,9668
NAS100,20220228,0300,13806.40,13811.90,13761.80,13775.00,8119
NAS100,20220228,0400,13774.90,13848.40,13774.50,13817.40,6859
NAS100,20220228,0500,13816.30,13887.40,13814.10,13866.40,7062
NAS100,20220228,0600,13866.60,13894.10,13851.60,13868.60,5974
NAS100,20220228,0700,13868.80,14024.10,13857.30,13994.60,14032
NAS100,20220228,0800,13996.30,14023.00,13918.50,13954.60,15572
NAS100,20220228,0900,13955.30,14055.30,13950.10,13987.00,11800
NAS100,20220228,1000,13985.90,14018.30,13953.00,14010.10,9850
NAS100,20220228,1100,14010.00,14039.50,13970.00,13996.50,9514
NAS100,20220228,1200,13995.60,14074.60,13995.40,14020.00,10950
NAS100,20220228,1300,14016.90,14037.10,13977.00,14005.60,10839
NAS100,20220228,1400,14005.80,14153.60,13994.50,14152.40,17204
NAS100,20220228,1500,14151.40,14242.30,14041.30,14223.40,19792
NAS100,20220228,1600,14224.60,14298.50,14196.80,14264.30,18550
NAS100,20220228,1700,14264.10,14278.50,14075.90,14116.90,17678
NAS100,20220228,1800,14116.00,14188.90,14086.80,14147.60,17717
NAS100,20220228,1900,14147.00,14147.00,14003.30,14086.80,19455
NAS100,20220228,2000,14086.30,14245.60,14031.50,14233.70,19866
NAS100,20220228,2100,14235.10,14241.20,14209.90,14224.60,5701
NAS100,20220228,2300,14221.30,14275.20,14211.20,14262.20,4442
NAS100,20220301,0000,14260.43,14267.93,14189.68,14210.77,5781
NAS100,20220301,0100,14212.35,14238.68,14198.52,14204.93,4953
NAS100,20220301,0200,14205.05,14217.98,14176.35,14211.55,4233
NAS100,20220301,0300,14211.68,14215.58,14188.51,14196.93,3390
NAS100,20220301,0400,14197.05,14225.60,14187.64,14223.77,3092
NAS100,20220301,0500,14224.02,14224.99,14192.77,14213.27,4334
NAS100,20220301,0600,14213.30,14259.80,14209.30,14252.80,4442
NAS100,20220301,0700,14252.55,14329.43,14248.77,14277.00,8600
NAS100,20220301,0800,14279.02,14309.30,14171.51,14202.02,15253
NAS100,20220301,0900,14200.98,14212.62,14110.02,14118.10,12695
NAS100,20220301,1000,14117.05,14158.24,14085.52,14155.35,11864
NAS100,20220301,1100,14155.01,14167.53,14073.78,14097.43,10462
NAS100,20220301,1200,14098.76,14155.30,14095.68,14122.02,10538
NAS100,20220301,1300,14122.18,14212.51,14098.36,14184.80,12398
NAS100,20220301,1400,14184.05,14256.53,14157.48,14204.02,13753
NAS100,20220301,1500,14205.02,14273.35,14139.48,14154.43,19846
NAS100,20220301,1600,14150.63,14214.10,14022.48,14039.23,20108
NAS100,20220301,1700,14039.48,14107.10,14001.73,14092.98,17441
NAS100,20220301,1800,14093.15,14121.06,13975.63,14014.28,19543
NAS100,20220301,1900,14014.04,14070.10,13968.20,14003.58,18635
NAS100,20220301,2000,14003.73,14102.06,13904.84,14013.93,17911
NAS100,20220301,2100,14009.93,14048.01,13993.62,14030.37,6703
NAS100,20220301,2300,14024.88,14055.16,14011.75,14055.16,4285
NAS100,20220302,0000,14054.88,14069.70,14034.13,14049.63,6433
NAS100,20220302,0100,14049.88,14064.70,14009.87,14019.91,6419
NAS100,20220302,0200,14018.88,14029.78,13975.87,14025.66,6607
NAS100,20220302,0300,14025.63,14052.66,14021.38,14046.88,4428
NAS100,20220302,0400,14046.95,14073.66,14033.68,14070.66,3123
NAS100,20220302,0500,14070.53,14098.47,14062.67,14070.38,4829
NAS100,20220302,0600,14069.08,14074.78,13999.88,14009.88,3756
NAS100,20220302,0700,14007.63,14018.03,13915.37,13972.78,11047
NAS100,20220302,0800,13980.28,14062.78,13945.13,13991.16,16994
NAS100,20220302,0900,13986.66,14119.66,13967.88,14094.78,13724
NAS100,20220302,1000,14095.37,14146.62,14076.48,14099.88,10096
NAS100,20220302,1100,14099.66,14142.72,14088.70,14108.63,9757
NAS100,20220302,1200,14107.72,14132.83,14069.53,14091.28,8570
NAS100,20220302,1300,14091.28,14091.91,14008.38,14036.95,10954
NAS100,20220302,1400,14037.03,14132.96,14015.33,14078.67,14778
NAS100,20220302,1500,14084.21,14122.83,13955.52,14051.83,18422
NAS100,20220302,1600,14051.16,14225.96,14020.21,14167.67,17204
NAS100,20220302,1700,14167.21,14214.58,14153.17,14195.40,15922
NAS100,20220302,1800,14194.98,14267.58,14194.98,14237.44,14823
NAS100,20220302,1900,14237.23,14287.00,14221.71,14242.33,15242
NAS100,20220302,2000,14242.26,14288.48,14238.25,14240.61,16621
NAS100,20220302,2100,14239.03,14245.03,14175.78,14199.49,5324
NAS100,20220302,2300,14198.42,14211.29,14189.85,14207.32,3060
NAS100,20220303,0000,14208.82,14216.72,14197.57,14209.07,4207
NAS100,20220303,0100,14209.31,14226.06,14184.82,14188.35,5147
NAS100,20220303,0200,14187.57,14230.77,14186.57,14225.57,4107
NAS100,20220303,0300,14225.89,14241.10,14217.04,14226.35,2956
NAS100,20220303,0400,14226.10,14235.72,14218.47,14222.29,2461
NAS100,20220303,0500,14221.64,14250.40,14213.47,14240.85,3538
NAS100,20220303,0600,14240.57,14257.07,14232.14,14249.51,3148
NAS100,20220303,0700,14248.22,14253.72,14199.60,14214.31,7407
NAS100,20220303,0800,14213.97,14245.97,14171.60,14191.22,11471
NAS100,20220303,0900,14191.39,14222.97,14162.91,14201.35,10187
NAS100,20220303,1000,14201.22,14207.56,14170.79,14192.27,7342
NAS100,20220303,1100,14192.07,14226.72,14174.07,14186.22,7158
NAS100,20220303,1200,14186.64,14228.29,14185.57,14204.35,7140
NAS100,20220303,1300,14204.72,14335.39,14204.72,14333.53,9299
NAS100,20220303,1400,14333.10,14393.22,14237.72,14267.40,16264
NAS100,20220303,1500,14267.02,14290.86,14053.07,14054.88,18924
NAS100,20220303,1600,14052.19,14138.77,14035.13,14117.65,19127
NAS100,20220303,1700,14118.40,14216.77,14049.86,14144.09,19474
NAS100,20220303,1800,14143.44,14196.77,14111.94,14129.90,16425
NAS100,20220303,1900,14128.32,14174.81,14043.87,14058.36,17687
NAS100,20220303,2000,14058.19,14058.19,13961.19,14036.67,19679
NAS100,20220303,2100,14038.10,14067.10,14031.69,14062.24,4178
NAS100,20220303,2300,14066.65,14085.93,14051.65,14081.10,3195
NAS100,20220304,0000,14080.93,14087.35,13770.90,13807.90,13543
NAS100,20220304,0100,13809.30,13950.15,13747.90,13932.15,13481
NAS100,20220304,0200,13932.90,13945.18,13881.15,13898.65,8206
NAS100,20220304,0300,13899.65,13926.65,13875.80,13889.68,6683
NAS100,20220304,0400,13889.43,13920.36,13878.90,13915.47,5318
NAS100,20220304,0500,13915.90,13952.91,13909.22,13949.80,4930
NAS100,20220304,0600,13949.68,13993.18,13940.22,13957.89,4753
NAS100,20220304,0700,13957.80,13998.90,13932.86,13966.90,6254
NAS100,20220304,0800,13963.15,14060.91,13948.15,13952.90,12021
NAS100,20220304,0900,13953.55,13954.05,13886.64,13913.30,10758
NAS100,20220304,1000,13913.18,13986.14,13901.90,13914.65,9024
NAS100,20220304,1100,13915.43,13947.30,13900.97,13925.15,7569
NAS100,20220304,1200,13925.64,13941.93,13874.90,13930.39,8185
NAS100,20220304,1300,13932.05,14009.65,13891.17,13912.95,12393
NAS100,20220304,1400,13912.80,13996.35,13836.35,13926.23,14305
NAS100,20220304,1500,13923.60,13951.65,13778.54,13782.77,17482
NAS100,20220304,1600,13783.16,13825.23,13735.70,13788.52,19122
NAS100,20220304,1700,13789.20,13889.92,13765.75,13868.85,19251
NAS100,20220304,1800,13868.73,13935.35,13804.45,13809.98,18727
NAS100,20220304,1900,13809.85,13847.48,13743.79,13749.45,18690
NAS100,20220304,2000,13750.04,13851.10,13746.23,13841.52,19179
NAS100,20220304,2100,13833.80,13838.43,13796.70,13809.68,3898
NAS100,20220306,2300,13762.15,13762.15,13563.07,13583.57,9314
NAS100,20220307,0000,13583.07,13622.22,13547.32,13569.32,7994
NAS100,20220307,0100,13569.57,13592.07,13539.72,13551.03,6945
NAS100,20220307,0200,13550.57,13574.78,13528.99,13546.86,6375
NAS100,20220307,0300,13546.07,13610.74,13537.07,13591.24,6183
NAS100,20220307,0400,13590.65,13621.32,13589.55,13616.57,3566
NAS100,20220307,0500,13615.82,13669.57,13592.03,13601.32,6377
NAS100,20220307,0600,13600.07,13624.28,13573.57,13623.57,4572
NAS100,20220307,0700,13621.32,13638.09,13544.60,13561.57,10734
NAS100,20220307,0800,13562.32,13625.78,13547.32,13600.78,17313
NAS100,20220307,0900,13598.82,13651.28,13572.82,13605.07,13181
NAS100,20220307,1000,13605.40,13635.32,13588.82,13588.82,10239
NAS100,20220307,1100,13589.78,13655.65,13567.28,13653.82,11426
NAS100,20220307,1200,13653.28,13774.49,13652.32,13710.78,14855
NAS100,20220307,1300,13710.82,13797.20,13703.57,13786.65,12452
NAS100,20220307,1400,13787.90,13878.73,13673.86,13673.86,17733
NAS100,20220307,1500,13673.11,13693.11,13541.66,13563.15,23371
NAS100,20220307,1600,13559.73,13642.57,13550.61,13557.48,21994
NAS100,20220307,1700,13553.73,13588.48,13496.05,13519.92,21965
NAS100,20220307,1800,13518.73,13562.86,13461.61,13476.86,21645
NAS100,20220307,1900,13476.83,13522.38,13408.53,13419.98,20404
NAS100,20220307,2000,13419.73,13432.82,13313.88,13320.05,22122
NAS100,20220307,2100,13320.80,13328.68,13264.85,13269.46,7587
NAS100,20220307,2300,13281.41,13288.75,13254.23,13267.56,4825
NAS100,20220308,0000,13268.12,13310.73,13263.48,13289.19,6793
NAS100,20220308,0100,13289.14,13378.33,13289.14,13347.94,8202
NAS100,20220308,0200,13347.98,13357.64,13304.39,13306.94,5970
NAS100,20220308,0300,13306.31,13319.23,13286.48,13304.73,5338
NAS100,20220308,0400,13304.98,13309.48,13265.48,13274.48,4546
NAS100,20220308,0500,13274.19,13295.23,13201.44,13201.97,7190
NAS100,20220308,0600,13203.31,13225.48,13102.48,13153.98,7106
NAS100,20220308,0700,13154.23,13216.98,13109.70,13158.98,10216
NAS100,20220308,0800,13160.81,13371.48,13157.73,13311.73,17087
NAS100,20220308,0900,13312.98,13377.25,13308.23,13350.48,11373
NAS100,20220308,1000,13349.98,13358.48,13282.73,13343.69,10159
NAS100,20220308,1100,13343.56,13356.76,13300.48,13350.23,8414
NAS100,20220308,1200,13349.73,13420.48,13292.41,13307.56,12198
NAS100,20220308,1300,13306.48,13320.06,13231.23,13290.23,13810
NAS100,20220308,1400,13290.23,13369.79,13223.79,13250.48,12709
NAS100,20220308,1500,13251.27,13323.64,13123.52,13310.98,18817
NAS100,20220308,1600,13308.48,13341.70,13120.70,13222.97,21340
NAS100,20220308,1700,13223.06,13617.88,13212.20,13589.58,22537
NAS100,20220308,1800,13593.02,13664.89,13353.14,13354.29,22531
NAS100,20220308,1900,13353.89,13475.52,13290.81,13420.64,23772
NAS100,20220308,2000,13420.39,13509.69,13251.77,13256.98,24157
NAS100,20220308,2100,13256.69,13258.94,13183.39,13197.08,6945
NAS100,20220308,2300,13197.01,13257.18,13191.85,13249.26,4152
NAS100,20220309,0000,13249.72,13279.26,13249.01,13277.76,6469
NAS100,20220309,0100,13278.02,13345.01,13265.01,13311.43,8133
NAS100,20220309,0200,13311.22,13334.33,13245.76,13260.85,6454
NAS100,20220309,0300,13260.97,13278.47,13221.76,13254.01,5786
NAS100,20220309,0400,13254.76,13343.22,13254.01,13326.26,5562
NAS100,20220309,0500,13326.51,13335.78,13253.51,13285.76,6690
NAS100,20220309,0600,13283.01,13351.26,13283.01,13326.93,5842
NAS100,20220309,0700,13325.51,13436.01,13297.51,13423.01,11665
NAS100,20220309,0800,13422.76,13451.76,13356.02,13448.52,16475
NAS100,20220309,0900,13448.26,13555.60,13440.22,13549.16,13646
NAS100,20220309,1000,13549.43,13565.60,13503.35,13517.91,12324
NAS100,20220309,1100,13518.02,13573.35,13496.35,13512.93,11257
NAS100,20220309,1200,13513.35,13570.16,13488.10,13564.00,10872
NAS100,20220309,1300,13564.04,13608.42,13547.93,13553.43,11687
NAS100,20220309,1400,13553.97,13642.85,13496.33,13567.68,21016
NAS100,20220309,1500,13568.18,13681.51,13552.05,13664.87,22340
NAS100,20220309,1600,13671.99,13672.43,13580.10,13665.11,20540
NAS100,20220309,1700,13664.85,13747.01,13633.87,13721.80,19029
NAS100,20220309,1800,13722.93,13737.35,13658.93,13690.43,17785
NAS100,20220309,1900,13690.93,13746.18,13683.18,13721.35,17886
NAS100,20220309,2000,13721.30,13794.87,13701.86,13739.23,18904
NAS100,20220309,2100,13739.97,13820.52,13715.20,13773.86,7483
NAS100,20220309,2300,13776.51,13776.51,13727.48,13746.33,4611
NAS100,20220310,0000,13746.63,13756.47,13730.80,13743.01,5751
NAS100,20220310,0100,13741.76,13754.13,13702.80,13725.07,6914
NAS100,20220310,0200,13725.20,13763.17,13723.76,13729.51,5171
NAS100,20220310,0300,13729.05,13738.73,13704.22,13729.76,5050
NAS100,20220310,0400,13729.88,13734.88,13670.05,13682.38,4394
NAS100,20220310,0500,13682.51,13715.63,13668.80,13708.05,4922
NAS100,20220310,0600,13708.63,13715.51,13681.80,13705.05,4269
NAS100,20220310,0700,13705.05,13720.97,13682.13,13711.22,8043
NAS100,20220310,0800,13711.55,13720.38,13587.82,13623.78,14893
NAS100,20220310,0900,13624.08,13705.05,13604.55,13619.55,13905
NAS100,20220310,1000,13619.80,13645.80,13581.13,13583.30,11562
NAS100,20220310,1100,13583.38,13605.13,13528.38,13547.88,10256
NAS100,20220310,1200,13548.10,13578.57,13512.22,13517.55,11332
NAS100,20220310,1300,13517.48,13620.73,13508.26,13519.76,15583
NAS100,20220310,1400,13519.44,13593.21,13486.05,13577.80,19642
NAS100,20220310,1500,13577.10,13610.65,13431.77,13444.55,22731
NAS100,20220310,1600,13443.71,13467.05,13396.13,13462.21,19224
NAS100,20220310,1700,13462.52,13507.86,13425.14,13432.15,16945
NAS100,20220310,1800,13432.21,13542.25,13420.43,13526.55,18001
NAS100,20220310,1900,13526.59,13634.84,13518.89,13617.77,19385
NAS100,20220310,2000,13619.05,13630.09,13550.65,13590.34,20027
NAS100,20220310,2100,13588.55,13588.55,13559.69,13573.15,3706
NAS100,20220310,2300,13571.95,13613.70,13555.20,13594.45,2549
NAS100,20220311,0000,13593.70,13598.66,13556.87,13561.54,4482
NAS100,20220311,0100,13562.12,13563.54,13498.53,13506.73,6605
NAS100,20220311,0200,13507.12,13536.79,13480.29,13491.41,4659
NAS100,20220311,0300,13491.37,13498.14,13453.41,13493.95,3446
NAS100,20220311,0400,13494.20,13507.70,13488.41,13489.91,2045
NAS100,20220311,0500,13490.04,13564.98,13478.86,13555.09,3810
NAS100,20220311,0600,13554.41,13596.91,13545.45,13586.95,3575
NAS100,20220311,0700,13586.95,13659.41,13584.91,13601.95,6129
NAS100,20220311,0800,13601.20,13611.66,13539.44,13579.66,11360
NAS100,20220311,0900,13579.91,13653.49,13579.16,13638.85,7275
NAS100,20220311,1000,13639.20,13682.25,13635.16,13652.66,6559
NAS100,20220311,1100,13652.41,13858.54,13618.58,13811.98,11691
NAS100,20220311,1200,13812.16,13824.59,13758.49,13769.70,9167
NAS100,20220311,1300,13769.20,13778.12,13729.54,13733.39,9093
NAS100,20220311,1400,13733.45,13752.29,13570.45,13592.49,15345
NAS100,20220311,1500,13591.70,13591.95,13505.62,13571.74,18740
NAS100,20220311,1600,13571.87,13574.70,13412.37,13459.20,17582
NAS100,20220311,1700,13458.45,13481.89,13401.68,13446.87,14742
NAS100,20220311,1800,13447.12,13515.98,13434.74,13436.37,13150
NAS100,20220311,1900,13436.42,13487.91,13405.87,13422.12,13361
NAS100,20220311,2000,13422.24,13432.62,13281.22,13297.45,14883
NAS100,20220311,2100,13298.41,13331.04,13294.66,13319.48,2643
NAS100,20220313,2200,13362.55,13402.39,13337.43,13359.97,4320
NAS100,20220313,2300,13359.98,13382.56,13342.47,13371.18,4222
NAS100,20220314,0000,13370.47,13411.18,13344.56,13390.43,5117
NAS100,20220314,0100,13389.97,13399.76,13351.81,13357.10,3852
NAS100,20220314,0200,13357.13,13357.61,13292.97,13309.97,4202
NAS100,20220314,0300,13310.22,13333.43,13287.67,13314.31,3379
NAS100,20220314,0400,13313.97,13348.48,13313.37,13341.22,2028
NAS100,20220314,0500,13340.97,13365.22,13318.12,13336.31,3124
NAS100,20220314,0600,13335.97,13400.18,13314.98,13372.72,4095
NAS100,20220314,0700,13372.47,13402.81,13333.18,13359.22,5789
NAS100,20220314,0800,13359.22,13388.81,13302.72,13337.23,9594
NAS100,20220314,0900,13336.39,13444.37,13323.97,13412.47,9034
NAS100,20220314,1000,13412.47,13413.72,13359.72,13386.72,7123
NAS100,20220314,1100,13386.47,13386.97,13225.47,13234.81,7422
NAS100,20220314,1200,13232.68,13320.93,13226.22,13313.43,7936
NAS100,20220314,1300,13313.68,13339.95,13205.61,13275.19,15106
NAS100,20220314,1400,13273.51,13391.51,13236.70,13368.69,20147
NAS100,20220314,1500,13370.08,13376.14,13174.39,13190.56,18094
NAS100,20220314,1600,13187.76,13189.22,13077.26,13078.94,17052
NAS100,20220314,1700,13079.51,13108.47,13026.47,13070.22,16169
NAS100,20220314,1800,13069.94,13094.01,13030.24,13081.31,14767
NAS100,20220314,1900,13081.26,13120.51,13016.81,13048.47,16518
NAS100,20220314,2000,13048.72,13089.81,13041.72,13080.85,3844
NAS100,20220314,2200,13080.59,13112.76,13066.59,13102.59,2356
NAS100,20220314,2300,13101.43,13116.43,13083.59,13104.34,2400
NAS100,20220315,0000,13105.84,13110.55,13072.84,13091.86,4054
NAS100,20220315,0100,13091.83,13108.26,13048.84,13064.76,6835
NAS100,20220315,0200,13064.09,13139.84,13061.34,13114.09,4681
NAS100,20220315,0300,13114.55,13130.11,13099.84,13108.05,4277
NAS100,20220315,0400,13107.93,13126.84,13104.18,13120.09,1943
NAS100,20220315,0500,13121.05,13122.34,13073.80,13084.63,5090
NAS100,20220315,0600,13084.30,13090.26,13051.59,13060.84,5126
NAS100,20220315,0700,13060.84,13063.05,12956.99,13010.09,8427
NAS100,20220315,0800,13010.84,13081.59,12962.55,12968.59,9430
NAS100,20220315,0900,12968.09,13039.59,12941.84,13003.34,6451
NAS100,20220315,1000,13003.59,13097.46,12999.09,13075.18,5726
NAS100,20220315,1100,13075.09,13122.43,13057.93,13080.18,6181
NAS100,20220315,1200,13079.30,13183.09,13067.55,13145.30,6691
NAS100,20220315,1300,13147.30,13209.38,13089.59,13182.42,12365
NAS100,20220315,1400,13182.76,13321.38,13161.84,13289.88,17376
NAS100,20220315,1500,13289.84,13405.36,13284.32,13321.88,16790
NAS100,20220315,1600,13321.92,13385.71,13284.17,13347.76,17788
NAS100,20220315,1700,13347.61,13367.01,13281.26,13334.51,15072
NAS100,20220315,1800,13334.26,13380.84,13259.96,13376.63,15740
NAS100,20220315,1900,13376.84,13486.82,13366.61,13457.34,15315
NAS100,20220315,2000,13455.34,13462.61,13434.30,13445.09,4157
NAS100,20220315,2200,13441.15,13451.65,13430.41,13439.86,1413
NAS100,20220315,2300,13441.11,13477.24,13433.49,13455.41,2490
NAS100,20220316,0000,13455.32,13459.99,13419.74,13432.49,3728
NAS100,20220316,0100,13432.65,13447.32,13421.14,13445.86,4715
NAS100,20220316,0200,13446.40,13471.66,13442.86,13453.49,4680
NAS100,20220316,0300,13454.07,13475.82,13440.65,13454.74,4135
NAS100,20220316,0400,13456.07,13471.32,13449.16,13465.24,2061
NAS100,20220316,0500,13464.90,13595.65,13460.36,13559.90,4124
NAS100,20220316,0600,13559.65,13595.15,13549.40,13594.15,2584
NAS100,20220316,0700,13594.40,13627.65,13581.15,13621.65,3491
NAS100,20220316,0800,13618.90,13680.66,13605.11,13664.40,10202
NAS100,20220316,0900,13664.24,13704.24,13661.49,13674.65,6439
NAS100,20220316,1000,13674.90,13719.56,13669.82,13697.24,8194
NAS100,20220316,1100,13697.34,13706.57,13665.74,13702.10,6466
NAS100,20220316,1200,13702.33,13714.24,13641.74,13647.40,7304
NAS100,20220316,1300,13647.65,13746.25,13613.65,13721.19,13221
NAS100,20220316,1400,13725.15,13866.44,13691.32,13832.44,19414
NAS100,20220316,1500,13831.38,13843.38,13790.82,13815.94,16182
NAS100,20220316,1600,13816.44,13830.44,13712.13,13727.40,14906
NAS100,20220316,1700,13728.42,13755.69,13664.57,13742.90,14736
NAS100,20220316,1800,13680.76,13784.65,13466.13,13736.15,21122
NAS100,20220316,1900,13736.69,13957.07,13702.15,13956.44,14708
NAS100,20220316,2000,13956.15,14025.90,13937.86,13999.41,5490
NAS100,20220316,2200,13987.69,13992.69,13954.44,13960.52,2481
NAS100,20220316,2300,13960.65,13983.65,13947.27,13979.15,2627
NAS100,20220317,0000,13979.35,13995.77,13960.22,13990.90,4256
NAS100,20220317,0100,13992.60,13993.21,13902.19,13919.94,5472
NAS100,20220317,0200,13919.94,13955.65,13915.94,13943.69,3512
NAS100,20220317,0300,13943.94,13948.58,13916.94,13939.69,2057
NAS100,20220317,0400,13939.94,13976.40,13921.69,13967.94,1441
NAS100,20220317,0500,13968.40,13986.44,13952.69,13959.69,1640
NAS100,20220317,0600,13959.44,14005.94,13955.19,13999.69,1337
NAS100,20220317,0700,13999.44,14022.90,13931.44,13972.94,2943
NAS100,20220317,0800,13972.94,13978.94,13919.02,13931.44,6293
NAS100,20220317,0900,13933.15,13941.77,13895.94,13927.44,5150
NAS100,20220317,1000,13926.94,13928.44,13838.77,13916.94,5671
NAS100,20220317,1100,13917.19,13932.02,13870.94,13896.19,3861
NAS100,20220317,1200,13909.44,13927.94,13835.44,13857.15,4654
NAS100,20220317,1300,13856.44,13984.27,13821.35,13981.85,12015
NAS100,20220317,1400,13982.85,14014.98,13851.19,13880.19,17027
NAS100,20220317,1500,13879.48,13955.98,13845.69,13923.44,9411
NAS100,20220317,1600,13925.19,13994.27,13906.69,13984.35,7658
NAS100,20220317,1700,13984.43,14093.73,13944.44,14072.23,10924
NAS100,20220317,1800,14073.23,14084.40,14016.69,14062.73,14205
NAS100,20220317,1900,14062.29,14114.23,14009.44,14112.69,11866
NAS100,20220317,2000,14121.69,14133.69,14041.19,14053.31,5920
NAS100,20220317,2200,14048.80,14064.55,14010.09,14018.93,3367
NAS100,20220317,2300,14018.80,14030.21,14009.84,14015.61,3181
NAS100,20220318,0000,14015.93,14042.09,13973.34,13978.93,6331
NAS100,20220318,0100,13978.76,13988.27,13959.93,13985.76,7638
NAS100,20220318,0200,13986.09,13991.55,13968.34,13980.09,5245
NAS100,20220318,0300,13980.09,13989.68,13965.80,13985.36,4272
NAS100,20220318,0400,13984.84,13987.23,13972.59,13981.55,2356
NAS100,20220318,0500,13981.18,13996.36,13972.83,13990.34,6109
NAS100,20220318,0600,13991.34,14053.80,13988.59,14016.36,5671
NAS100,20220318,0700,14016.18,14037.59,13986.43,14037.59,6730
NAS100,20220318,0800,14038.84,14045.24,13994.09,14022.68,9863
NAS100,20220318,0900,14022.93,14026.68,13990.84,14018.34,7636
NAS100,20220318,1000,14018.43,14032.93,13988.43,14002.43,8497
NAS100,20220318,1100,14002.30,14007.55,13970.18,13984.68,8606
NAS100,20220318,1200,13986.93,14020.49,13971.26,13997.30,8639
NAS100,20220318,1300,13997.18,14144.34,13983.93,14144.07,16025
NAS100,20220318,1400,14147.13,14237.86,14131.63,14198.76,21310
NAS100,20220318,1500,14200.31,14268.38,14192.38,14233.38,19569
NAS100,20220318,1600,14233.31,14303.82,14217.38,14289.61,17126
NAS100,20220318,1700,14289.88,14316.56,14275.51,14299.88,14347
NAS100,20220318,1800,14299.81,14330.71,14277.42,14328.26,14857
NAS100,20220318,1900,14327.76,14416.13,14318.41,14403.84,16939
NAS100,20220318,2000,14398.98,14431.64,14388.93,14426.59,4392
NAS100,20220320,2200,14412.20,14442.37,14408.95,14424.35,4696
NAS100,20220320,2300,14424.23,14424.93,14410.29,14412.10,2764
NAS100,20220321,0000,14412.23,14413.85,14379.73,14399.10,4550
NAS100,20220321,0100,14399.23,14402.02,14355.75,14356.35,6762
NAS100,20220321,0200,14356.23,14386.51,14348.98,14370.93,5909
NAS100,20220321,0300,14370.98,14382.60,14367.54,14378.52,3554
NAS100,20220321,0400,14378.68,14381.03,14358.91,14366.95,2401
NAS100,20220321,0500,14367.23,14368.27,14314.95,14336.73,6144
NAS100,20220321,0600,14337.73,14365.53,14328.20,14354.54,5172
NAS100,20220321,0700,14354.48,14374.68,14320.23,14355.35,6246
NAS100,20220321,0800,14355.66,14384.30,14346.68,14356.73,8471
NAS100,20220321,0900,14356.77,14391.55,14331.20,14374.85,6350
NAS100,20220321,1000,14374.93,14385.20,14355.95,14372.23,4914
NAS100,20220321,1100,14372.85,14435.52,14371.43,14408.73,7153
NAS100,20220321,1200,14409.05,14413.73,14368.68,14374.66,6707
NAS100,20220321,1300,14374.85,14474.33,14301.09,14310.59,16975
NAS100,20220321,1400,14311.78,14365.53,14236.53,14351.65,22842
NAS100,20220321,1500,14352.90,14462.46,14331.05,14448.65,20639
NAS100,20220321,1600,14449.07,14457.09,14253.45,14260.78,22357
NAS100,20220321,1700,14263.40,14277.50,14192.01,14270.65,21170
NAS100,20220321,1800,14269.78,14350.34,14237.21,14260.21,20031
NAS100,20220321,1900,14260.25,14381.94,14251.23,14378.98,20305
NAS100,20220321,2000,14379.98,14406.18,14374.77,14401.70,4847
NAS100,20220321,2200,14393.28,14395.78,14370.15,14374.03,2049
NAS100,20220321,2300,14373.95,14376.20,14346.03,14346.03,2554
NAS100,20220322,0000,14345.82,14349.57,14316.40,14316.53,5031
NAS100,20220322,0100,14316.40,14329.95,14298.50,14318.09,7360
NAS100,20220322,0200,14318.46,14352.15,14308.84,14332.40,6444
NAS100,20220322,0300,14332.53,14341.54,14318.65,14329.40,5297
NAS100,20220322,0400,14329.07,14340.32,14310.90,14319.78,3451
NAS100,20220322,0500,14319.57,14343.28,14306.40,14337.57,5352
NAS100,20220322,0600,14338.03,14357.57,14331.40,14333.90,4575
NAS100,20220322,0700,14333.82,14396.75,14329.28,14386.73,6176
NAS100,20220322,0800,14386.07,14445.85,14379.90,14433.03,9144
NAS100,20220322,0900,14433.15,14452.78,14413.75,14423.53,6324
NAS100,20220322,1000,14423.40,14438.40,14399.28,14426.97,5686
NAS100,20220322,1100,14427.00,14428.65,14386.23,14390.40,5933
NAS100,20220322,1200,14390.53,14403.98,14367.40,14400.82,6788
NAS100,20220322,1300,14400.90,14494.02,14380.20,14472.03,16323
NAS100,20220322,1400,14473.52,14640.08,14473.52,14619.05,21849
NAS100,20220322,1500,14620.62,14689.37,14599.30,14629.78,19301
NAS100,20220322,1600,14631.28,14648.70,14577.28,14617.89,18614
NAS100,20220322,1700,14617.95,14652.05,14588.35,14650.58,16429
NAS100,20220322,1800,14650.65,14664.10,14595.70,14648.12,18151
NAS100,20220322,1900,14648.58,14695.33,14633.20,14659.95,18605
NAS100,20220322,2000,14659.57,14674.00,14655.78,14658.83,4336
NAS100,20220322,2200,14658.26,14675.51,14634.63,14668.83,3181
NAS100,20220322,2300,14668.90,14673.38,14655.51,14670.80,2288
NAS100,20220323,0000,14670.55,14680.96,14636.93,14641.23,5211
NAS100,20220323,0100,14641.63,14654.21,14635.91,14652.58,5849
NAS100,20220323,0200,14652.88,14677.23,14629.94,14668.76,5491
NAS100,20220323,0300,14668.88,14674.10,14654.13,14655.51,4209
NAS100,20220323,0400,14655.48,14668.63,14649.96,14666.46,2482
NAS100,20220323,0500,14666.80,14672.10,14655.26,14669.71,3636
NAS100,20220323,0600,14670.38,14679.99,14660.17,14664.69,3216
NAS100,20220323,0700,14664.36,14666.80,14639.60,14656.30,4252
NAS100,20220323,0800,14655.98,14663.63,14618.76,14637.24,7450
NAS100,20220323,0900,14637.32,14642.57,14587.38,14596.26,6233
NAS100,20220323,1000,14596.13,14604.80,14563.19,14576.30,5511
NAS100,20220323,1100,14576.55,14585.51,14533.76,14548.46,6347
NAS100,20220323,1200,14548.76,14567.46,14524.38,14532.88,7901
NAS100,20220323,1300,14532.85,14563.80,14465.53,14496.60,17817
NAS100,20220323,1400,14495.74,14610.99,14470.18,14593.31,23498
NAS100,20220323,1500,14593.12,14658.21,14582.56,14656.62,19358
NAS100,20220323,1600,14657.28,14686.49,14568.81,14603.93,19580
NAS100,20220323,1700,14603.74,14612.00,14496.84,14536.18,19467
NAS100,20220323,1800,14536.78,14557.57,14471.73,14505.43,18664
NAS100,20220323,1900,14506.78,14533.76,14446.56,14448.57,19447
NAS100,20220323,2000,14447.76,14467.86,14446.48,14467.37,4426
NAS100,20220323,2200,14465.62,14477.15,14459.15,14471.46,2091
NAS100,20220323,2300,14471.53,14486.09,14467.21,14478.61,2565
NAS100,20220324,0000,14478.90,14503.28,14461.15,14475.11,5483
NAS100,20220324,0100,14475.19,14490.53,14453.11,14483.96,6457
NAS100,20220324,0200,14484.21,14499.28,14477.15,14495.78,5380
NAS100,20220324,0300,14495.90,14523.38,14486.78,14522.59,4013
NAS100,20220324,0400,14522.82,14528.24,14516.12,14518.94,3170
NAS100,20220324,0500,14519.11,14549.03,14515.86,14542.59,4868
NAS100,20220324,0600,14542.69,14553.32,14513.17,14517.78,3864
NAS100,20220324,0700,14517.19,14547.90,14507.78,14512.78,5408
NAS100,20220324,0800,14512.69,14574.12,14509.65,14561.44,8766
NAS100,20220324,0900,14561.65,14574.40,14545.18,14546.59,6009
NAS100,20220324,1000,14546.28,14546.61,14508.68,14518.90,7020
NAS100,20220324,1100,14519.03,14575.28,14509.86,14531.28,8752
NAS100,20220324,1200,14531.58,14547.90,14509.34,14537.03,7557
NAS100,20220324,1300,14536.65,14555.43,14475.01,14486.14,17170
NAS100,20220324,1400,14486.18,14560.45,14438.70,14526.58,22850
NAS100,20220324,1500,14527.16,14667.74,14514.88,14639.95,20202
NAS100,20220324,1600,14639.64,14645.14,14588.14,14637.01,18830
NAS100,20220324,1700,14637.20,14670.95,14618.33,14660.83,16566
NAS100,20220324,1800,14660.26,14691.64,14636.53,14674.26,16484
NAS100,20220324,1900,14674.41,14773.03,14653.74,14771.08,17083
NAS100,20220324,2000,14771.33,14774.22,14759.40,14767.50,3900
NAS100,20220324,2200,14768.24,14778.38,14749.03,14749.36,2238
NAS100,20220324,2300,14749.63,14761.65,14742.40,14753.86,2587
NAS100,20220325,0000,14754.43,14755.61,14723.40,14731.86,5469
NAS100,20220325,0100,14732.03,14791.88,14726.36,14775.53,6595
NAS100,20220325,0200,14775.50,14775.61,14752.47,14770.88,5089
NAS100,20220325,0300,14771.40,14773.60,14748.03,14753.84,4844
NAS100,20220325,0400,14753.70,14817.90,14752.36,14806.97,3913
NAS100,20220325,0500,14807.03,14807.63,14773.59,14783.28,5879
NAS100,20220325,0600,14784.84,14798.40,14779.48,14797.97,3902
NAS100,20220325,0700,14797.78,14797.97,14764.98,14789.20,4764
NAS100,20220325,0800,14789.44,14790.70,14697.88,14734.83,8371
NAS100,20220325,0900,14734.63,14770.34,14711.78,14766.53,6883
NAS100,20220325,1000,14766.40,14802.15,14760.78,14797.61,5735
NAS100,20220325,1100,14798.15,14843.63,14781.78,14831.15,6423
NAS100,20220325,1200,14831.38,14839.68,14803.61,14817.78,5484
NAS100,20220325,1300,14817.84,14817.84,14713.18,14725.58,16964
NAS100,20220325,1400,14725.08,14811.50,14698.98,14750.68,21845
NAS100,20220325,1500,14751.41,14761.20,14577.14,14608.45,21490
NAS100,20220325,1600,14609.43,14671.83,14587.91,14648.70,18150
NAS100,20220325,1700,14648.95,14721.45,14626.45,14719.83,17837
NAS100,20220325,1800,14719.93,14752.76,14707.95,14742.90,16709
NAS100,20220325,1900,14743.08,14763.50,14631.91,14759.70,19509
NAS100,20220325,2000,14759.65,14761.65,14747.53,14757.88,3153
NAS100,20220327,2200,14760.16,14780.72,14734.06,14737.54,4138
NAS100,20220327,2300,14737.47,14749.72,14724.97,14725.39,3365
NAS100,20220328,0000,14725.22,14732.18,14709.62,14715.35,5365
NAS100,20220328,0100,14715.22,14717.66,14685.93,14692.82,7193
NAS100,20220328,0200,14692.42,14718.97,14687.43,14710.85,6563
NAS100,20220328,0300,14710.72,14723.01,14690.33,14697.29,4669
NAS100,20220328,0400,14697.47,14708.22,14691.17,14700.35,2830
NAS100,20220328,0500,14700.22,14705.47,14669.02,14678.10,5572
NAS100,20220328,0600,14677.89,14703.97,14663.02,14685.89,6864
NAS100,20220328,0700,14680.97,14741.64,14680.72,14720.72,10049
NAS100,20220328,0800,14719.10,14738.97,14689.32,14737.97,8286
NAS100,20220328,0900,14737.10,14737.89,14685.66,14715.72,6653
NAS100,20220328,1000,14715.90,14753.02,14707.60,14742.07,6757
NAS100,20220328,1100,14742.97,14811.74,14742.97,14810.39,7731
NAS100,20220328,1200,14810.35,14816.10,14752.31,14761.47,8058
NAS100,20220328,1300,14761.72,14915.02,14740.33,14889.84,16317
NAS100,20220328,1400,14891.36,14891.36,14784.94,14879.27,22394
NAS100,20220328,1500,14880.11,14889.62,14722.82,14738.90,20120
NAS100,20220328,1600,14739.46,14794.77,14706.27,14789.46,18120
NAS100,20220328,1700,14789.69,14855.72,14786.15,14849.02,16154
NAS100,20220328,1800,14848.71,14944.02,14834.36,14944.02,15814
NAS100,20220328,1900,14943.67,14992.00,14923.15,14990.60,16945
NAS100,20220328,2000,14988.17,15000.75,14983.69,14985.70,4317
NAS100,20220328,2200,14984.60,14985.45,14967.42,14977.52,2229
NAS100,20220328,2300,14977.45,14991.45,14973.02,14977.18,2267
NAS100,20220329,0000,14977.58,14979.63,14960.58,14963.95,4246
NAS100,20220329,0100,14963.45,14995.49,14961.91,14988.20,4916
NAS100,20220329,0200,14988.24,14989.93,14968.83,14974.14,3912
NAS100,20220329,0300,14974.20,14979.83,14968.11,14972.42,2989
NAS100,20220329,0400,14972.70,14980.58,14968.90,14977.93,2458
NAS100,20220329,0500,14977.73,15030.83,14966.43,15030.03,5037
NAS100,20220329,0600,15030.95,15040.91,14999.67,15033.74,5395
NAS100,20220329,0700,15035.18,15044.36,14992.77,15012.23,9009
NAS100,20220329,0800,15011.83,15034.65,15008.08,15025.24,6442
NAS100,20220329,0900,15024.95,15086.76,15019.95,15058.20,9652
NAS100,20220329,1000,15058.08,15060.64,15023.23,15030.83,6430
NAS100,20220329,1100,15030.24,15103.45,15017.17,15091.08,10567
NAS100,20220329,1200,15090.98,15170.83,15083.58,15166.24,12158
NAS100,20220329,1300,15166.41,15221.63,15110.28,15155.71,19178
NAS100,20220329,1400,15155.42,15186.08,15037.83,15133.19,24602
NAS100,20220329,1500,15132.69,15175.48,15089.81,15152.75,19971
NAS100,20220329,1600,15152.98,15160.50,15084.28,15128.66,18342
NAS100,20220329,1700,15128.77,15194.03,15094.59,15190.95,16920
NAS100,20220329,1800,15191.00,15233.25,15161.67,15225.13,15555
NAS100,20220329,1900,15226.00,15272.79,15207.21,15246.38,17561
NAS100,20220329,2000,15245.48,15251.18,15221.91,15227.68,5245
NAS100,20220329,2200,15228.60,15230.53,15205.98,15213.60,2791
NAS100,20220329,2300,15214.10,15229.96,15212.29,15225.73,2659
NAS100,20220330,0000,15225.38,15238.63,15206.73,15224.85,5422
NAS100,20220330,0100,15224.73,15265.89,15221.48,15234.31,7259
NAS100,20220330,0200,15235.06,15238.85,15217.56,15218.62,5854
NAS100,20220330,0300,15218.43,15234.85,15218.43,15222.38,4585
NAS100,20220330,0400,15222.42,15237.73,15209.37,15218.00,3960
NAS100,20220330,0500,15217.56,15248.53,15208.41,15248.53,5787
NAS100,20220330,0600,15248.23,15250.48,15210.89,15223.39,6012
NAS100,20220330,0700,15223.18,15224.54,15174.10,15188.38,10322
NAS100,20220330,0800,15188.42,15191.85,15151.39,15167.10,8005
NAS100,20220330,0900,15167.23,15186.53,15166.48,15184.83,5861
NAS100,20220330,1000,15184.73,15186.23,15145.60,15172.98,7171
NAS100,20220330,1100,15173.23,15198.56,15171.48,15190.67,5689
NAS100,20220330,1200,15190.73,15191.28,15131.31,15163.06,8865
NAS100,20220330,1300,15162.98,15212.78,15144.44,15191.72,16626
NAS100,20220330,1400,15191.69,15238.69,15155.38,15161.61,22001
NAS100,20220330,1500,15161.43,15166.71,15101.69,15158.61,20123
NAS100,20220330,1600,15156.11,15200.78,15133.51,15196.83,16224
NAS100,20220330,1700,15196.90,15199.36,15126.89,15131.86,16799
NAS100,20220330,1800,15131.78,15158.59,15079.63,15085.65,16498
NAS100,20220330,1900,15085.47,15089.08,15016.64,15083.98,20094
NAS100,20220330,2000,15087.31,15117.56,15084.08,15109.82,5033
NAS100,20220330,2200,15104.20,15113.79,15101.36,15112.11,1555
NAS100,20220330,2300,15111.98,15117.98,15101.92,15107.11,1891
NAS100,20220331,0000,15108.36,15170.67,15104.56,15162.48,6693
NAS100,20220331,0100,15162.31,15165.40,15146.54,15148.65,5042
NAS100,20220331,0200,15148.90,15166.86,15140.56,15162.33,4035
NAS100,20220331,0300,15162.48,15164.40,15146.11,15150.06,3121
NAS100,20220331,0400,15150.23,15152.65,15138.79,15146.90,2904
NAS100,20220331,0500,15146.98,15149.42,15127.61,15140.61,5120
NAS100,20220331,0600,15139.23,15148.11,15123.12,15141.88,5284
NAS100,20220331,0700,15142.61,15184.48,15140.31,15159.43,9109
NAS100,20220331,0800,15159.23,15162.48,15129.98,15147.86,7257
NAS100,20220331,0900,15147.73,15149.66,15132.36,15139.36,5606
NAS100,20220331,1000,15139.40,15146.15,15116.08,15118.17,6166
NAS100,20220331,1100,15116.48,15125.29,15081.58,15118.63,6814
NAS100,20220331,1200,15118.54,15138.63,15095.73,15110.88,7090
NAS100,20220331,1300,15111.33,15118.15,14984.70,15031.13,17611
NAS100,20220331,1400,15030.35,15099.37,14971.78,15080.18,22940
NAS100,20220331,1500,15080.16,15084.66,15028.13,15050.66,19634
NAS100,20220331,1600,15050.82,15057.11,14979.88,14985.43,16673
NAS100,20220331,1700,14985.36,15035.11,14972.61,15006.17,15785
NAS100,20220331,1800,15006.18,15032.13,14965.03,15031.91,16558
NAS100,20220331,1900,15030.91,15068.78,14860.28,14871.48,20401
NAS100,20220331,2000,14875.03,14927.89,14875.03,14920.96,8100
NAS100,20220331,2200,14923.22,14926.77,14904.13,14918.22,2566
NAS100,20220331,2300,14918.32,14925.82,14913.13,14916.47,2381
NAS100,20220401,0000,14916.63,14927.47,14880.38,14903.59,6216
NAS100,20220401,0100,14903.47,14916.55,14895.22,14909.72,6264
NAS100,20220401,0200,14910.05,14926.84,14905.80,14925.47,4820
NAS100,20220401,0300,14925.72,14940.84,14922.81,14927.47,3627
NAS100,20220401,0400,14927.59,14936.72,14914.03,14915.34,2799
NAS100,20220401,0500,14915.47,14930.72,14910.59,14910.59,4218
NAS100,20220401,0600,14910.32,14952.03,14905.90,14947.82,5235
NAS100,20220401,0700,14948.22,14957.04,14915.72,14937.53,9539
NAS100,20220401,0800,14936.34,14947.47,14923.47,14933.72,6552
NAS100,20220401,0900,14933.68,14951.72,14912.56,14948.05,7178
NAS100,20220401,1000,14948.07,14963.38,14941.81,14949.63,5105
NAS100,20220401,1100,14949.47,14954.82,14935.84,14954.15,4587
NAS100,20220401,1200,14954.22,14959.07,14900.65,14901.84,7578
NAS100,20220401,1300,14901.65,14936.37,14813.17,14843.18,17348
NAS100,20220401,1400,14843.56,14902.30,14811.02,14893.87,22736
NAS100,20220401,1500,14894.85,14899.83,14759.98,14769.87,20835
NAS100,20220401,1600,14768.42,14789.27,14737.64,14749.27,17447
NAS100,20220401,1700,14749.41,14793.24,14730.30,14770.17,16963
NAS100,20220401,1800,14769.89,14860.59,14760.92,14818.95,17914
NAS100,20220401,1900,14818.89,14874.39,14753.14,14867.37,20246
NAS100,20220401,2000,14865.22,14867.12,14833.37,14846.78,3938
NAS100,20220403,2200,14849.68,14864.88,14831.23,14836.96,2888
NAS100,20220403,2300,14836.83,14845.91,14814.28,14823.25,2406
NAS100,20220404,0000,14823.41,14829.89,14805.83,14823.77,3951
NAS100,20220404,0100,14823.89,14836.89,14814.16,14831.58,4954
NAS100,20220404,0200,14831.83,14835.78,14823.13,14829.98,3362
NAS100,20220404,0300,14829.96,14858.76,14828.98,14853.66,3106
NAS100,20220404,0400,14853.33,14866.96,14852.65,14864.83,2420
NAS100,20220404,0500,14864.96,14894.66,14850.91,14891.83,4291
NAS100,20220404,0600,14892.33,14901.14,14877.96,14887.00,4051
NAS100,20220404,0700,14889.62,14891.96,14829.83,14855.02,9190
NAS100,20220404,0800,14855.21,14887.21,14845.71,14881.33,7153
NAS100,20220404,0900,14881.27,14928.83,14880.77,14921.83,6224
NAS100,20220404,1000,14921.93,14943.27,14915.94,14918.71,5030
NAS100,20220404,1100,14918.23,14935.75,14909.96,14929.83,4974
NAS100,20220404,1200,14929.73,14936.71,14883.08,14888.00,6604
NAS100,20220404,1300,14888.77,15055.18,14886.33,15052.63,15487
NAS100,20220404,1400,15051.88,15078.19,15012.63,15065.71,21214
NAS100,20220404,1500,15065.55,15125.01,15063.17,15113.51,17141
NAS100,20220404,1600,15113.32,15134.57,15100.36,15102.38,12882
NAS100,20220404,1700,15102.46,15127.05,15090.18,15123.95,12150
NAS100,20220404,1800,15124.08,15145.55,15072.41,15134.09,13226
NAS100,20220404,1900,15134.08,15171.56,15119.51,15170.38,15100
NAS100,20220404,2000,15172.21,15178.51,15158.57,15163.05,4486
NAS100,20220404,2200,15156.97,15162.44,15153.63,15158.84,1471
NAS100,20220404,2300,15158.79,15163.54,15153.04,15153.21,1620
NAS100,20220405,0000,15153.13,15158.38,15145.96,15158.13,4303
NAS100,20220405,0100,15158.06,15160.29,15145.38,15155.98,2767
NAS100,20220405,0200,15155.63,15159.00,15150.54,15153.54,2066
NAS100,20220405,0300,15153.56,15158.17,15148.46,15148.59,2220
NAS100,20220405,0400,15148.50,15160.29,15148.38,15154.38,2393
NAS100,20220405,0500,15154.29,15165.21,15153.38,15161.71,2244
NAS100,20220405,0600,15161.75,15169.75,15139.22,15150.50,3446
NAS100,20220405,0700,15150.72,15198.75,15145.69,15187.00,9803
NAS100,20220405,0800,15186.88,15191.79,15162.00,15164.38,5352
NAS100,20220405,0900,15164.31,15167.23,15129.96,15139.13,5422
NAS100,20220405,1000,15138.96,15146.46,15111.48,15133.25,7065
NAS100,20220405,1100,15133.28,15145.96,15116.63,15139.50,5494
NAS100,20220405,1200,15139.80,15148.94,15101.63,15105.38,6566
NAS100,20220405,1300,15105.28,15134.80,15053.65,15071.68,15261
NAS100,20220405,1400,15071.43,15101.70,14914.61,14966.53,22070
NAS100,20220405,1500,14966.68,14978.98,14890.11,14892.73,20017
NAS100,20220405,1600,14892.43,14914.95,14851.80,14893.84,17976
NAS100,20220405,1700,14894.38,14941.80,14849.80,14874.14,15879
NAS100,20220405,1800,14873.30,14909.85,14860.01,14871.43,16395
NAS100,20220405,1900,14871.78,14883.32,14792.01,14835.28,18168
NAS100,20220405,2000,14835.96,14862.68,14835.96,14862.68,4534
NAS100,20220405,2200,14862.12,14862.12,14835.05,14845.58,2214
NAS100,20220405,2300,14845.45,14849.12,14833.08,14836.29,2022
NAS100,20220406,0000,14836.37,14845.45,14785.20,14787.29,5622
NAS100,20220406,0100,14787.20,14808.45,14775.55,14788.20,6750
NAS100,20220406,0200,14788.08,14807.79,14785.83,14800.12,4576
NAS100,20220406,0300,14800.14,14809.95,14786.45,14794.53,3861
NAS100,20220406,0400,14794.95,14812.95,14794.95,14798.20,2638
NAS100,20220406,0500,14798.39,14825.70,14796.37,14814.62,4116
NAS100,20220406,0600,14814.04,14844.20,14812.95,14836.58,5075
NAS100,20220406,0700,14835.20,14842.27,14734.45,14738.83,11343
NAS100,20220406,0800,14738.79,14750.39,14711.04,14741.33,9769
NAS100,20220406,0900,14741.52,14748.77,14683.35,14711.15,8032
NAS100,20220406,1000,14711.02,14713.45,14657.05,14660.79,8457
NAS100,20220406,1100,14660.83,14668.27,14583.08,14592.45,9594
NAS100,20220406,1200,14592.55,14610.30,14583.15,14604.38,9337
NAS100,20220406,1300,14604.28,14638.63,14503.19,14507.13,14498
NAS100,20220406,1400,14505.84,14527.09,14458.38,14476.66,20828
NAS100,20220406,1500,14474.50,14526.04,14448.30,14498.94,20542
NAS100,20220406,1600,14498.38,14505.92,14422.70,14449.38,17892
NAS100,20220406,1700,14448.92,14563.25,14433.30,14520.15,17187
NAS100,20220406,1800,14521.05,14634.30,14398.44,14602.65,21382
NAS100,20220406,1900,14602.70,14653.75,14468.40,14506.65,22225
NAS100,20220406,2000,14509.95,14519.38,14493.62,14497.68,4894
NAS100,20220406,2200,14498.26,14521.92,14496.26,14512.75,2350
NAS100,20220406,2300,14512.77,14515.83,14446.42,14450.98,3145
NAS100,20220407,0000,14450.52,14471.29,14440.25,14464.79,5849
NAS100,20220407,0100,14464.92,14499.08,14455.92,14489.52,6470
NAS100,20220407,0200,14489.04,14493.42,14469.58,14477.29,4806
NAS100,20220407,0300,14477.17,14480.85,14449.75,14451.79,4373
NAS100,20220407,0400,14451.42,14462.42,14435.54,14454.00,3431
NAS100,20220407,0500,14453.67,14485.58,14442.00,14473.88,5747
NAS100,20220407,0600,14472.85,14540.42,14468.08,14531.42,7232
NAS100,20220407,0700,14532.50,14567.76,14515.07,14519.29,10916
NAS100,20220407,0800,14519.70,14579.92,14513.85,14578.29,9163
NAS100,20220407,0900,14578.37,14586.33,14558.07,14583.42,7368
NAS100,20220407,1000,14582.92,14589.98,14559.58,14561.56,5409
NAS100,20220407,1100,14561.50,14603.92,14536.32,14554.25,9143
NAS100,20220407,1200,14553.92,14558.82,14476.85,14482.92,9195
NAS100,20220407,1300,14483.00,14579.34,14453.76,14561.09,15838
NAS100,20220407,1400,14564.55,14607.67,14427.89,14473.57,20710
NAS100,20220407,1500,14473.50,14508.53,14358.09,14379.37,19822
NAS100,20220407,1600,14379.09,14418.82,14319.51,14360.92,18035
NAS100,20220407,1700,14360.52,14507.34,14356.80,14500.38,19026
NAS100,20220407,1800,14504.59,14576.05,14468.82,14568.72,18918
NAS100,20220407,1900,14564.72,14635.79,14532.72,14536.90,18899
NAS100,20220407,2000,14543.50,14554.21,14524.48,14536.18,4644
NAS100,20220407,2200,14538.05,14552.13,14537.48,14543.38,1578
NAS100,20220407,2300,14543.51,14577.13,14540.63,14568.05,2663
NAS100,20220408,0000,14568.53,14578.57,14527.55,14538.05,5525
NAS100,20220408,0100,14537.92,14547.26,14520.88,14524.26,5450
NAS100,20220408,0200,14524.13,14557.47,14521.97,14551.93,4445
NAS100,20220408,0300,14552.01,14557.23,14535.28,14546.07,3087
NAS100,20220408,0400,14547.33,14547.33,14528.30,14536.05,2214
NAS100,20220408,0500,14535.95,14574.26,14529.97,14572.63,4400
NAS100,20220408,0600,14573.51,14611.46,14563.51,14605.53,5903
NAS100,20220408,0700,14605.26,14626.88,14578.58,14621.88,9566
NAS100,20220408,0800,14622.05,14644.76,14581.51,14589.22,7390
NAS100,20220408,0900,14588.82,14588.82,14561.28,14576.01,6239
NAS100,20220408,1000,14576.32,14590.83,14542.53,14588.33,6840
NAS100,20220408,1100,14588.38,14602.38,14577.26,14587.05,5728
NAS100,20220408,1200,14587.01,14591.26,14513.26,14519.13,8162
NAS100,20220408,1300,14519.20,14519.23,14317.15,14331.25,16801
NAS100,20220408,1400,14323.88,14472.35,14321.61,14471.81,21438
NAS100,20220408,1500,14469.16,14498.06,14393.81,14448.93,20462
NAS100,20220408,1600,14448.96,14500.62,14429.50,14483.27,18183
NAS100,20220408,1700,14480.31,14483.56,14383.28,14394.31,16661
NAS100,20220408,1800,14393.06,14420.28,14341.40,14383.00,17683
NAS100,20220408,1900,14380.93,14417.03,14314.11,14336.09,19001
NAS100,20220408,2000,14347.03,14357.55,14333.55,14334.88,3344
NAS100,20220410,2200,14348.61,14374.01,14343.51,14366.64,3075
NAS100,20220410,2300,14366.70,14372.06,14316.45,14317.51,3116
NAS100,20220411,0000,14316.35,14316.35,14259.46,14301.01,6262
NAS100,20220411,0100,14301.20,14313.01,14235.01,14245.26,6338
NAS100,20220411,0200,14245.11,14251.93,14199.85,14218.81,6849
NAS100,20220411,0300,14218.51,14232.56,14202.68,14232.35,4763
NAS100,20220411,0400,14232.23,14236.68,14206.60,14207.26,3520
NAS100,20220411,0500,14208.45,14247.43,14206.51,14245.51,5087
NAS100,20220411,0600,14245.37,14270.11,14230.41,14233.39,6182
NAS100,20220411,0700,14236.36,14308.01,14192.64,14264.76,12970
NAS100,20220411,0800,14264.95,14271.95,14158.96,14179.70,10297
NAS100,20220411,0900,14179.64,14229.14,14172.35,14219.06,7817
NAS100,20220411,1000,14218.60,14247.29,14184.66,14234.95,7637
NAS100,20220411,1100,14236.51,14241.26,14174.14,14180.85,8301
NAS100,20220411,1200,14181.10,14192.11,14131.21,14160.41,9147
NAS100,20220411,1300,14160.20,14198.40,14103.56,14142.50,12620
NAS100,20220411,1400,14140.71,14190.74,14037.73,14052.90,20516
NAS100,20220411,1500,14048.81,14101.46,14042.84,14077.46,19225
NAS100,20220411,1600,14077.44,14102.46,14047.96,14095.41,16686
NAS100,20220411,1700,14093.50,14133.96,14075.76,14096.31,17555
NAS100,20220411,1800,14096.25,14120.49,14050.64,14098.76,17162
NAS100,20220411,1900,14099.06,14126.15,13988.26,14005.78,18646
NAS100,20220411,2000,14009.68,14014.36,13991.41,14006.61,5026
NAS100,20220411,2200,14009.70,14021.37,14009.70,14019.10,2033
NAS100,20220411,2300,14018.66,14020.03,13977.91,13986.43,3435
NAS100,20220412,0000,13985.16,14004.38,13936.22,13943.45,6905
NAS100,20220412,0100,13943.28,13952.46,13914.78,13917.10,7080
NAS100,20220412,0200,13917.13,13942.53,13915.43,13939.88,5396
NAS100,20220412,0300,13939.78,13947.50,13922.28,13927.53,3869
NAS100,20220412,0400,13927.43,13933.35,13906.88,13911.20,3100
NAS100,20220412,0500,13911.12,13964.95,13906.22,13955.88,6537
NAS100,20220412,0600,13955.62,13989.51,13942.12,13983.68,7197
NAS100,20220412,0700,13983.91,13989.35,13926.03,13969.03,12098
NAS100,20220412,0800,13968.66,14024.91,13959.18,14012.35,9414
NAS100,20220412,0900,14012.53,14049.39,13990.16,14033.28,7407
NAS100,20220412,1000,14033.45,14047.28,14009.66,14018.91,7281
NAS100,20220412,1100,14019.03,14037.68,13990.16,14035.91,7416
NAS100,20220412,1200,14036.78,14286.93,14024.66,14263.16,13811
NAS100,20220412,1300,14263.18,14271.57,14116.92,14262.53,17936
NAS100,20220412,1400,14270.33,14280.65,14091.78,14120.75,21802
NAS100,20220412,1500,14121.15,14204.23,14088.88,14158.93,20412
NAS100,20220412,1600,14159.30,14160.82,14065.96,14107.15,20138
NAS100,20220412,1700,14106.83,14136.93,14000.98,14009.75,19076
NAS100,20220412,1800,14008.25,14035.21,13920.13,13956.40,19552
NAS100,20220412,1900,13956.33,13979.83,13884.96,13947.78,20800
NAS100,20220412,2000,13942.41,13965.70,13924.76,13956.84,4907
NAS100,20220412,2200,13959.29,13971.57,13945.55,13970.80,2923
NAS100,20220412,2300,13970.70,14000.70,13969.45,14000.40,3111
NAS100,20220413,0000,14000.32,14019.50,13990.70,14017.76,5244
NAS100,20220413,0100,14017.70,14023.57,14008.00,14017.35,5250
NAS100,20220413,0200,14017.70,14036.86,14014.51,14029.28,4745
NAS100,20220413,0300,14029.32,14053.57,14029.32,14043.53,3505
NAS100,20220413,0400,14043.57,14046.45,14015.39,14034.82,3199
NAS100,20220413,0500,14035.03,14102.51,14029.89,14100.45,5927
NAS100,20220413,0600,14100.20,14102.51,14049.32,14060.30,6028
NAS100,20220413,0700,14060.70,14072.06,14021.85,14049.11,11268
NAS100,20220413,0800,14048.99,14082.61,14044.73,14071.10,8239
NAS100,20220413,0900,14070.28,14080.41,13997.53,14003.01,6863
NAS100,20220413,1000,14002.61,14052.53,13997.95,14048.36,8200
NAS100,20220413,1100,14048.45,14068.95,13978.07,13985.10,8770
NAS100,20220413,1200,13984.01,13994.56,13929.79,13955.14,11666
NAS100,20220413,1300,13955.80,14073.91,13927.03,14018.54,16328
NAS100,20220413,1400,14018.58,14121.90,13998.75,14071.56,21203
NAS100,20220413,1500,14072.81,14177.90,14070.00,14157.31,19059
NAS100,20220413,1600,14157.28,14205.62,14131.25,14191.62,17091
NAS100,20220413,1700,14191.81,14211.18,14136.87,14165.62,16850
NAS100,20220413,1800,14165.33,14216.60,14154.83,14208.72,14969
NAS100,20220413,1900,14208.85,14270.62,14185.33,14223.57,17071
NAS100,20220413,2000,14224.32,14230.18,14212.45,14215.80,4257
NAS100,20220413,2200,14217.30,14242.05,14215.35,14239.20,1909
NAS100,20220413,2300,14239.14,14240.10,14216.55,14219.58,2288
NAS100,20220414,0000,14220.95,14255.89,14217.20,14236.08,5012
NAS100,20220414,0100,14236.45,14246.95,14219.54,14246.08,5081
NAS100,20220414,0200,14245.81,14259.58,14240.87,14250.64,4318
NAS100,20220414,0300,14250.70,14274.45,14246.67,14262.70,3569
NAS100,20220414,0400,14262.60,14295.05,14261.89,14287.20,3402
NAS100,20220414,0500,14287.39,14299.58,14274.52,14275.95,4530
NAS100,20220414,0600,14276.08,14287.45,14260.27,14264.85,5251
NAS100,20220414,0700,14267.10,14267.45,14223.37,14253.62,8463
NAS100,20220414,0800,14253.55,14266.45,14227.83,14243.52,6628
NAS100,20220414,0900,14243.83,14248.45,14219.02,14242.33,7139
NAS100,20220414,1000,14242.58,14252.37,14205.04,14225.29,7055
NAS100,20220414,1100,14225.35,14247.29,14194.62,14203.39,8811
NAS100,20220414,1200,14203.95,14238.20,14185.60,14192.25,9502
NAS100,20220414,1300,14191.92,14248.17,14108.32,14118.50,17233
NAS100,20220414,1400,14118.32,14144.65,14020.75,14049.00,21515
NAS100,20220414,1500,14046.74,14087.00,14015.34,14023.88,19921
NAS100,20220414,1600,14023.84,14038.90,13964.34,13987.50,17045
NAS100,20220414,1700,13987.13,14034.63,13973.44,14032.09,15027
NAS100,20220414,1800,14031.84,14051.50,13943.94,13944.67,15789
NAS100,20220414,1900,13945.28,13971.65,13889.83,13898.17,18154
NAS100,20220414,2000,13896.83,13902.58,13880.54,13894.87,3689
NAS100,20220417,2200,13891.94,13895.94,13796.34,13822.04,5567
NAS100,20220417,2300,13822.22,13824.67,13733.64,13739.65,5178
NAS100,20220418,0000,13739.97,13760.97,13736.47,13746.42,5721
NAS100,20220418,0100,13746.47,13776.51,13745.84,13766.67,4280
NAS100,20220418,0200,13766.47,13776.69,13754.97,13773.53,3197
NAS100,20220418,0300,13773.78,13776.09,13753.99,13770.84,3161
NAS100,20220418,0400,13770.97,13774.47,13751.42,13755.09,2705
NAS100,20220418,0500,13754.97,13795.74,13754.84,13789.47,3676
NAS100,20220418,0600,13789.34,13808.76,13783.74,13788.67,3146
NAS100,20220418,0700,13789.15,13796.03,13774.17,13791.78,3269
NAS100,20220418,0800,13791.63,13841.14,13790.99,13817.51,3786
NAS100,20220418,0900,13817.47,13818.97,13781.84,13799.72,3354
NAS100,20220418,1000,13799.34,13829.28,13798.49,13818.65,3175
NAS100,20220418,1100,13819.84,13872.47,13819.84,13842.28,5114
NAS100,20220418,1200,13842.53,13862.84,13806.19,13847.92,6705
NAS100,20220418,1300,13848.09,13935.77,13832.64,13870.52,16258
NAS100,20220418,1400,13870.70,14006.04,13842.31,13943.70,21967
NAS100,20220418,1500,13944.20,13967.04,13841.52,13879.06,19075
NAS100,20220418,1600,13879.22,13881.47,13790.64,13820.71,17282
NAS100,20220418,1700,13820.74,13981.54,13809.27,13959.14,17611
NAS100,20220418,1800,13961.46,13999.44,13932.33,13935.22,17999
NAS100,20220418,1900,13935.02,13946.52,13829.78,13916.97,18961
NAS100,20220418,2000,13920.21,13993.34,13917.92,13968.63,6127
NAS100,20220418,2200,13966.71,13991.24,13963.96,13977.43,2294
NAS100,20220418,2300,13977.21,14022.39,13970.14,14020.24,3037
NAS100,20220419,0000,14019.86,14021.86,13946.95,13957.86,6086
NAS100,20220419,0100,13957.28,13982.45,13937.11,13965.24,6922
NAS100,20220419,0200,13965.45,13968.74,13949.03,13961.36,4482
NAS100,20220419,0300,13961.43,14003.33,13959.21,13995.90,4432
NAS100,20220419,0400,13996.08,14001.18,13989.01,14000.11,2371
NAS100,20220419,0500,13999.95,14005.18,13970.61,13972.01,4261
NAS100,20220419,0600,13971.20,14010.49,13966.36,13996.61,6610
NAS100,20220419,0700,13995.28,13995.28,13909.11,13950.49,11614
NAS100,20220419,0800,13950.74,13977.93,13863.70,13870.08,9985
NAS100,20220419,0900,13866.71,13875.66,13832.11,13864.24,9572
NAS100,20220419,1000,13864.76,13900.28,13846.06,13895.21,7591
NAS100,20220419,1100,13894.68,13933.19,13885.04,13925.51,8173
NAS100,20220419,1200,13925.78,13950.45,13888.86,13900.08,9322
NAS100,20220419,1300,13898.61,14019.16,13838.29,14017.04,15669
NAS100,20220419,1400,14024.49,14157.72,14004.29,14139.24,21011
NAS100,20220419,1500,14139.38,14200.06,14119.50,14178.29,18118
NAS100,20220419,1600,14178.58,14180.31,14137.01,14160.25,15243
NAS100,20220419,1700,14160.36,14173.35,14128.04,14160.50,15035
NAS100,20220419,1800,14160.85,14167.41,14107.25,14161.46,17448
NAS100,20220419,1900,14161.45,14244.04,14151.00,14217.75,18260
NAS100,20220419,2000,14219.74,14219.99,14069.24,14099.15,8801
NAS100,20220419,2200,14098.71,14120.28,14085.16,14098.70,3359
NAS100,20220419,2300,14098.66,14100.88,14069.41,14082.62,3608
NAS100,20220420,0000,14083.20,14097.66,14070.22,14092.03,5677
NAS100,20220420,0100,14092.25,14107.57,14048.03,14073.28,7922
NAS100,20220420,0200,14073.37,14098.03,14062.03,14092.78,6230
NAS100,20220420,0300,14092.97,14126.08,14086.70,14126.08,5100
NAS100,20220420,0400,14125.73,14127.87,14104.60,14109.53,3293
NAS100,20220420,0500,14109.66,14117.41,14083.70,14107.16,6164
NAS100,20220420,0600,14105.66,14112.91,14071.16,14097.72,6068
NAS100,20220420,0700,14095.03,14142.22,14069.66,14108.20,10765
NAS100,20220420,0800,14107.16,14156.20,14086.53,14148.91,8171
NAS100,20220420,0900,14148.78,14218.38,14146.73,14209.66,8696
NAS100,20220420,1000,14208.60,14217.85,14184.63,14201.98,7229
NAS100,20220420,1100,14201.91,14300.53,14186.66,14294.41,7937
NAS100,20220420,1200,14294.50,14297.16,14264.00,14293.70,8626
NAS100,20220420,1300,14293.21,14295.62,14071.03,14089.08,15983
NAS100,20220420,1400,14089.13,14151.15,14042.67,14130.83,19853
NAS100,20220420,1500,14130.02,14134.08,14025.46,14048.46,20259
NAS100,20220420,1600,14048.21,14075.83,13983.46,14057.33,18877
NAS100,20220420,1700,14056.98,14119.65,14041.23,14082.96,18046
NAS100,20220420,1800,14081.90,14095.62,13962.17,13992.33,18317
NAS100,20220420,1900,13992.21,14080.18,13986.98,14007.58,20179
NAS100,20220420,2000,14005.78,14094.78,13995.41,14073.55,8412
NAS100,20220420,2200,14073.60,14094.22,14066.78,14074.77,2891
NAS100,20220420,2300,14074.57,14092.60,14072.35,14087.35,2174
NAS100,20220421,0000,14086.97,14107.30,14082.07,14094.22,5350
NAS100,20220421,0100,14094.41,14128.23,14080.22,14116.97,5824
NAS100,20220421,0200,14116.89,14125.10,14098.60,14106.05,4314
NAS100,20220421,0300,14105.72,14113.07,14081.05,14086.10,4155
NAS100,20220421,0400,14086.30,14101.37,14086.30,14098.61,2750
NAS100,20220421,0500,14098.40,14135.05,14082.87,14100.22,6109
NAS100,20220421,0600,14100.55,14100.82,14058.32,14092.14,7231
NAS100,20220421,0700,14095.80,14160.55,14074.47,14150.72,11280
NAS100,20220421,0800,14149.47,14178.11,14146.30,14177.28,8206
NAS100,20220421,0900,14177.27,14181.53,14135.72,14139.35,6328
NAS100,20220421,1000,14139.47,14176.28,14130.91,14165.60,6118
NAS100,20220421,1100,14166.16,14191.97,14145.35,14186.35,7335
NAS100,20220421,1200,14186.41,14197.01,14151.12,14187.37,7450
NAS100,20220421,1300,14187.10,14285.65,14168.22,14205.44,17364
NAS100,20220421,1400,14208.33,14220.65,14071.15,14098.71,23861
NAS100,20220421,1500,14098.65,14127.87,13967.32,13968.65,23194
NAS100,20220421,1600,13968.62,13990.15,13909.92,13916.52,21435
NAS100,20220421,1700,13916.40,13954.40,13857.96,13867.90,22587
NAS100,20220421,1800,13864.85,13865.09,13745.90,13762.35,22206
NAS100,20220421,1900,13762.45,13774.37,13685.07,13724.96,23146
NAS100,20220421,2000,13723.22,13739.60,13671.70,13719.82,8021
NAS100,20220421,2200,13717.74,13730.46,13695.90,13718.77,3048
NAS100,20220421,2300,13718.90,13725.31,13678.15,13684.90,3717
NAS100,20220422,0000,13685.09,13709.15,13615.80,13639.98,8460
NAS100,20220422,0100,13639.40,13675.65,13633.49,13663.40,8378
NAS100,20220422,0200,13663.02,13693.65,13658.55,13671.99,6560
NAS100,20220422,0300,13672.77,13687.52,13656.21,13684.73,4459
NAS100,20220422,0400,13684.56,13714.76,13670.74,13712.77,3748
NAS100,20220422,0500,13712.65,13742.72,13701.74,13705.77,7125
NAS100,20220422,0600,13705.74,13751.52,13698.90,13738.77,7669
NAS100,20220422,0700,13738.98,13763.56,13667.40,13731.40,13571
NAS100,20220422,0800,13731.49,13749.71,13705.85,13710.40,9838
NAS100,20220422,0900,13710.56,13727.72,13655.77,13669.59,8573
NAS100,20220422,1000,13669.55,13700.27,13655.71,13688.06,8364
NAS100,20220422,1100,13687.56,13756.98,13684.30,13753.65,9038
NAS100,20220422,1200,13753.46,13782.23,13713.65,13725.21,10344
NAS100,20220422,1300,13725.40,13780.55,13620.64,13670.80,19124
NAS100,20220422,1400,13671.40,13757.95,13586.80,13615.45,23775
NAS100,20220422,1500,13614.49,13675.45,13516.53,13517.48,22803
NAS100,20220422,1600,13517.61,13556.34,13489.02,13495.03,20222
NAS100,20220422,1700,13494.88,13511.28,13433.86,13434.23,18744
NAS100,20220422,1800,13433.14,13492.80,13379.07,13403.27,19522
NAS100,20220422,1900,13403.52,13511.45,13344.54,13361.32,23703
NAS100,20220422,2000,13360.31,13371.61,13300.55,13319.77,6424
NAS100,20220424,2200,13338.80,13357.55,13293.35,13336.89,6903
NAS100,20220424,2300,13336.95,13363.37,13320.87,13331.80,4874
NAS100,20220425,0000,13331.87,13344.62,13262.87,13297.05,8865
NAS100,20220425,0100,13297.05,13310.95,13239.83,13251.03,9780
NAS100,20220425,0200,13251.58,13280.78,13246.05,13273.03,7566
NAS100,20220425,0300,13273.95,13325.37,13269.24,13309.28,7294
NAS100,20220425,0400,13308.80,13312.03,13271.03,13280.95,4619
NAS100,20220425,0500,13281.20,13313.12,13253.55,13257.18,7573
NAS100,20220425,0600,13256.83,13282.78,13208.87,13221.08,11288
NAS100,20220425,0700,13221.45,13340.28,13204.45,13261.58,15569
NAS100,20220425,0800,13261.87,13306.70,13220.45,13245.78,12120
NAS100,20220425,0900,13245.45,13285.77,13216.55,13252.58,10926
NAS100,20220425,1000,13252.05,13275.03,13231.95,13255.15,9374
NAS100,20220425,1100,13254.95,13268.95,13188.03,13251.95,11502
NAS100,20220425,1200,13253.53,13325.95,13226.95,13321.20,12381
NAS100,20220425,1300,13319.95,13369.69,13240.70,13253.58,18149
NAS100,20220425,1400,13254.44,13470.63,13251.67,13332.69,25719
NAS100,20220425,1500,13332.75,13377.65,13245.63,13271.69,24442
NAS100,20220425,1600,13270.75,13411.75,13247.15,13346.75,24191
NAS100,20220425,1700,13346.00,13419.58,13310.58,13355.94,23523
NAS100,20220425,1800,13355.75,13496.81,13328.13,13440.42,22727
NAS100,20220425,1900,13439.50,13546.84,13352.65,13537.25,24161
NAS100,20220425,2000,13536.75,13553.45,13516.20,13531.74,6072
NAS100,20220425,2200,13530.34,13533.50,13511.71,13529.73,2267
NAS100,20220425,2300,13529.31,13539.40,13523.37,13527.94,2396
NAS100,20220426,0000,13527.19,13541.37,13511.91,13538.69,5461
NAS100,20220426,0100,13538.71,13551.31,13525.81,13535.41,5836
NAS100,20220426,0200,13534.65,13569.81,13528.81,13565.56,5490
NAS100,20220426,0300,13565.69,13587.44,13564.31,13576.69,4444
NAS100,20220426,0400,13576.65,13578.23,13564.41,13575.00,2536
NAS100,20220426,0500,13574.94,13577.73,13544.75,13559.81,5383
NAS100,20220426,0600,13560.00,13568.98,13503.31,13526.25,8362
NAS100,20220426,0700,13526.94,13526.94,13436.56,13458.37,13360
NAS100,20220426,0800,13457.56,13526.69,13452.66,13526.16,9454
NAS100,20220426,0900,13525.73,13533.37,13495.23,13508.62,7478
NAS100,20220426,1000,13507.69,13519.78,13480.31,13481.61,7716
NAS100,20220426,1100,13481.75,13494.91,13462.51,13491.94,7382
NAS100,20220426,1200,13491.69,13499.40,13452.40,13479.90,9524
NAS100,20220426,1300,13480.73,13480.73,13258.05,13272.11,16481
NAS100,20220426,1400,13270.24,13278.28,13141.61,13150.86,23188
NAS100,20220426,1500,13148.28,13174.04,13100.99,13106.53,21954
NAS100,20220426,1600,13107.78,13231.74,13107.16,13221.70,21276
NAS100,20220426,1700,13222.04,13223.36,13103.51,13128.61,19978
NAS100,20220426,1800,13127.99,13208.11,13110.41,13199.20,21483
NAS100,20220426,1900,13199.56,13216.99,13013.33,13013.33,22508
NAS100,20220426,2000,13013.03,13029.11,12805.11,12819.16,14188
NAS100,20220426,2200,12888.07,13046.03,12882.00,12970.66,8960
NAS100,20220426,2300,12970.57,13016.66,12968.66,13001.74,4946
NAS100,20220427,0000,13002.32,13014.78,12956.01,12965.41,7501
NAS100,20220427,0100,12965.07,13068.53,12959.97,13029.16,9489
NAS100,20220427,0200,13029.24,13071.57,12996.75,13064.82,8886
NAS100,20220427,0300,13065.41,13084.89,13037.78,13070.91,6416
NAS100,20220427,0400,13070.57,13080.74,13049.91,13059.82,4269
NAS100,20220427,0500,13060.24,13073.34,13041.16,13063.25,7038
NAS100,20220427,0600,13062.78,13108.22,13040.91,13095.49,8381
NAS100,20220427,0700,13096.28,13144.91,12983.01,13141.66,16488
NAS100,20220427,0800,13141.86,13187.76,13109.24,13131.51,12645
NAS100,20220427,0900,13130.26,13156.82,13119.78,13148.01,9190
NAS100,20220427,1000,13148.41,13164.81,13109.50,13149.41,8710
NAS100,20220427,1100,13150.82,13150.82,13019.50,13044.03,11607
NAS100,20220427,1200,13044.16,13087.24,13022.97,13044.91,12579
NAS100,20220427,1300,13044.74,13255.71,12996.59,13180.50,19300
NAS100,20220427,1400,13183.50,13224.29,12935.46,13052.21,26244
NAS100,20220427,1500,13056.77,13169.64,13051.39,13091.37,24954
NAS100,20220427,1600,13091.56,13235.46,13045.11,13193.33,22400
NAS100,20220427,1700,13193.62,13210.16,13089.21,13174.31,22940
NAS100,20220427,1800,13174.21,13181.04,13038.11,13052.96,21402
NAS100,20220427,1900,13053.39,13068.26,12981.71,13008.08,24266
NAS100,20220427,2000,13010.78,13193.72,12989.59,13173.75,11597
NAS100,20220427,2200,13195.97,13199.93,13158.94,13166.63,3309
NAS100,20220427,2300,13167.41,13185.76,13160.22,13177.69,2903
NAS100,20220428,0000,13177.93,13177.93,13144.77,13167.93,5458
NAS100,20220428,0100,13167.78,13177.59,13137.34,13157.22,6467
NAS100,20220428,0200,13157.34,13196.97,13153.47,13184.59,5167
NAS100,20220428,0300,13184.70,13195.09,13170.34,13183.53,5233
NAS100,20220428,0400,13183.68,13202.47,13173.93,13200.94,3046
NAS100,20220428,0500,13200.74,13211.72,13170.84,13193.26,6135
NAS100,20220428,0600,13193.19,13248.56,13185.94,13241.34,7067
NAS100,20220428,0700,13242.22,13337.09,13225.28,13292.69,12961
NAS100,20220428,0800,13292.84,13343.59,13281.22,13342.97,9421
NAS100,20220428,0900,13342.59,13351.22,13278.22,13290.18,8678
NAS100,20220428,1000,13289.93,13297.43,13254.09,13273.28,8250
NAS100,20220428,1100,13274.22,13319.34,13259.76,13269.22,8839
NAS100,20220428,1200,13269.49,13270.68,13172.94,13199.64,12689
NAS100,20220428,1300,13199.59,13284.77,13100.77,13140.64,20746
NAS100,20220428,1400,13139.64,13190.52,13037.94,13109.52,25515
NAS100,20220428,1500,13109.83,13216.96,13095.77,13141.57,22918
NAS100,20220428,1600,13141.96,13376.27,13119.98,13361.39,22209
NAS100,20220428,1700,13361.08,13456.21,13347.77,13451.44,21163
NAS100,20220428,1800,13451.79,13529.52,13427.89,13500.39,19105
NAS100,20220428,1900,13499.46,13546.14,13416.27,13465.46,21216
NAS100,20220428,2000,13467.01,13473.34,13275.44,13311.51,13918
NAS100,20220428,2200,13205.80,13287.60,13181.48,13255.71,6531
NAS100,20220428,2300,13255.42,13278.09,13239.87,13250.14,3434
NAS100,20220429,0000,13250.14,13292.37,13247.42,13289.37,4272
NAS100,20220429,0100,13289.12,13348.64,13278.89,13325.98,6587
NAS100,20220429,0200,13325.79,13337.29,13289.89,13306.87,5599
NAS100,20220429,0300,13307.37,13338.04,13286.37,13336.64,5746
NAS100,20220429,0400,13335.46,13356.04,13326.39,13351.42,3402
NAS100,20220429,0500,13351.46,13397.79,13350.17,13369.54,7744
NAS100,20220429,0600,13369.64,13423.46,13355.62,13377.71,8589
NAS100,20220429,0700,13377.42,13388.71,13324.87,13365.39,12766
NAS100,20220429,0800,13365.96,13394.29,13328.87,13352.67,10212
NAS100,20220429,0900,13352.18,13359.24,13306.54,13319.67,9176
NAS100,20220429,1000,13319.48,13342.79,13285.93,13299.62,9244
NAS100,20220429,1100,13298.87,13311.21,13252.79,13269.42,9884
NAS100,20220429,1200,13269.37,13336.54,13263.54,13285.85,11203
NAS100,20220429,1300,13286.23,13435.89,13230.34,13425.89,21015
NAS100,20220429,1400,13425.97,13432.76,13170.78,13212.84,24989
NAS100,20220429,1500,13210.59,13258.09,13157.99,13175.53,23318
NAS100,20220429,1600,13175.51,13183.28,13062.92,13077.72,20085
NAS100,20220429,1700,13077.09,13140.15,13055.44,13058.44,20140
NAS100,20220429,1800,13058.24,13076.19,12959.99,12992.17,20534
NAS100,20220429,1900,12990.44,13002.65,12835.71,12857.59,23387
NAS100,20220429,2000,12860.64,12912.17,12854.08,12888.62,6753
NAS100,20220501,2200,12925.25,12929.13,12811.00,12885.25,7320
NAS100,20220501,2300,12885.25,12925.50,12840.25,12885.50,6666
NAS100,20220502,0000,12886.00,12909.25,12861.47,12901.47,7089
NAS100,20220502,0100,12901.47,12918.75,12862.05,12866.72,4625
NAS100,20220502,0200,12866.79,12911.12,12844.31,12899.19,4833
NAS100,20220502,0300,12899.72,12972.75,12899.72,12950.04,5082
NAS100,20220502,0400,12950.22,12960.21,12931.79,12951.21,5028
NAS100,20220502,0500,12951.12,12964.75,12907.29,12911.29,6504
NAS100,20220502,0600,12911.37,12968.96,12907.72,12965.00,6335
NAS100,20220502,0700,12964.47,12983.71,12882.37,12909.96,11432
NAS100,20220502,0800,12907.72,12963.31,12876.87,12893.37,11858
NAS100,20220502,0900,12893.75,12935.04,12892.62,12912.79,7877
NAS100,20220502,1000,12913.00,12942.12,12900.97,12911.79,6574
NAS100,20220502,1100,12912.12,12923.26,12770.47,12787.87,9083
NAS100,20220502,1200,12788.00,12831.19,12778.71,12800.21,11274
NAS100,20220502,1300,12799.71,12976.84,12747.05,12940.72,19676
NAS100,20220502,1400,12929.22,13047.17,12814.17,12912.26,26709
NAS100,20220502,1500,12911.42,12940.67,12827.42,12910.34,25303
NAS100,20220502,1600,12908.92,12959.17,12804.57,12814.92,23449
NAS100,20220502,1700,12818.09,12845.35,12743.05,12788.17,21668
NAS100,20220502,1800,12787.92,12837.42,12714.11,12773.80,23084
NAS100,20220502,1900,12772.99,13086.24,12770.80,13077.09,25659
NAS100,20220502,2000,13075.62,13088.03,13026.29,13054.97,7697
NAS100,20220502,2200,13057.01,13059.26,13033.17,13039.37,2427
NAS100,20220502,2300,13039.17,13065.33,13039.17,13061.25,2377
NAS100,20220503,0000,13061.29,13124.67,13050.58,13109.23,5361
NAS100,20220503,0100,13109.42,13123.60,13076.73,13120.29,6314
NAS100,20220503,0200,13120.42,13175.58,13120.33,13160.20,5714
NAS100,20220503,0300,13160.23,13164.10,13126.87,13129.67,4188
NAS100,20220503,0400,13129.48,13147.60,13122.33,13126.17,3675
NAS100,20220503,0500,13126.04,13149.54,13117.35,13128.92,5073
NAS100,20220503,0600,13127.83,13134.29,13079.67,13091.08,6796
NAS100,20220503,0700,13090.79,13109.08,13049.79,13096.42,12954
NAS100,20220503,0800,13096.75,13133.75,13064.83,13078.42,9522
NAS100,20220503,0900,13078.67,13095.75,13059.50,13085.42,8089
NAS100,20220503,1000,13085.23,13093.50,13008.67,13024.54,9242
NAS100,20220503,1100,13025.17,13068.14,13007.35,13064.17,8017
NAS100,20220503,1200,13064.22,13125.99,13062.04,13112.17,10280
NAS100,20220503,1300,13112.60,13118.22,12974.40,13114.77,19344
NAS100,20220503,1400,13115.76,13156.09,12982.72,13031.72,25306
NAS100,20220503,1500,13032.72,13149.37,13005.65,13110.63,22866
NAS100,20220503,1600,13109.62,13148.53,13031.37,13088.13,22449
NAS100,20220503,1700,13088.22,13188.34,13082.47,13142.22,20817
NAS100,20220503,1800,13142.47,13144.12,13000.62,13122.12,22476
NAS100,20220503,1900,13121.54,13142.82,13024.22,13095.12,24059
NAS100,20220503,2000,13096.33,13151.17,13086.98,13124.64,7583
NAS100,20220503,2200,13125.43,13138.20,13111.87,13116.03,2379
NAS100,20220503,2300,13115.78,13132.03,13109.20,13123.40,2022
NAS100,20220504,0000,13123.28,13136.03,13117.53,13127.03,2913
NAS100,20220504,0100,13127.70,13148.61,13127.70,13141.65,3772
NAS100,20220504,0200,13141.53,13148.86,13108.87,13110.53,3381
NAS100,20220504,0300,13110.45,13121.95,13093.61,13103.84,3166
NAS100,20220504,0400,13104.15,13133.45,13103.40,13112.63,2590
NAS100,20220504,0500,13112.59,13131.78,13108.87,13127.03,3108
NAS100,20220504,0600,13127.40,13135.90,13109.03,13132.90,4647
NAS100,20220504,0700,13131.65,13140.34,13086.53,13123.53,9227
NAS100,20220504,0800,13123.86,13137.63,13112.36,13117.08,6735
NAS100,20220504,0900,13116.68,13130.65,13097.12,13129.97,5715
NAS100,20220504,1000,13129.53,13145.03,13121.09,13133.95,5037
NAS100,20220504,1100,13133.37,13158.15,13124.87,13135.95,5133
NAS100,20220504,1200,13136.78,13143.95,13106.90,13107.36,6688
NAS100,20220504,1300,13107.24,13122.86,13021.58,13022.45,15678
NAS100,20220504,1400,13022.70,13031.83,12924.23,12938.08,23205
NAS100,20220504,1500,12938.64,12981.83,12887.91,12964.45,20670
NAS100,20220504,1600,12964.33,13107.25,12953.45,13106.18,20108
NAS100,20220504,1700,13106.08,13176.24,13073.93,13148.58,18924
NAS100,20220504,1800,13145.12,13359.75,12943.58,13339.92,25925
NAS100,20220504,1900,13342.16,13559.45,13314.91,13537.33,24100
NAS100,20220504,2000,13537.03,13537.20,13491.55,13499.55,6881
NAS100,20220504,2200,13509.21,13544.92,13504.46,13510.24,3742
NAS100,20220504,2300,13510.49,13523.33,13505.17,13515.86,2228
NAS100,20220505,0000,13516.05,13532.85,13506.86,13530.49,3049
NAS100,20220505,0100,13530.36,13545.24,13517.24,13523.86,4499
NAS100,20220505,0200,13523.81,13524.80,13510.78,13513.24,3403
NAS100,20220505,0300,13513.80,13527.79,13512.86,13525.28,2392
NAS100,20220505,0400,13525.11,13544.16,13522.42,13543.30,1749
NAS100,20220505,0500,13543.36,13551.18,13528.71,13545.11,3836
NAS100,20220505,0600,13546.95,13547.49,13472.95,13474.74,6602
NAS100,20220505,0700,13474.96,13484.81,13425.51,13455.61,12188
NAS100,20220505,0800,13453.28,13458.78,13382.01,13407.46,9800
NAS100,20220505,0900,13407.03,13443.86,13403.24,13424.46,7671
NAS100,20220505,1000,13424.42,13452.86,13414.66,13415.74,6952
NAS100,20220505,1100,13416.53,13455.86,13409.70,13423.61,9108
NAS100,20220505,1200,13423.70,13456.46,13398.28,13403.76,8864
NAS100,20220505,1300,13406.16,13406.16,13160.32,13178.10,19988
NAS100,20220505,1400,13179.91,13179.91,12930.85,12986.96,26534
NAS100,20220505,1500,12986.41,12991.97,12842.66,12845.48,25669
NAS100,20220505,1600,12844.85,12941.10,12800.56,12909.60,25256
NAS100,20220505,1700,12907.41,12969.01,12820.72,12839.51,24170
NAS100,20220505,1800,12839.22,12900.47,12785.91,12823.29,23593
NAS100,20220505,1900,12824.72,12881.41,12709.35,12861.41,24505
NAS100,20220505,2000,12867.45,12925.70,12855.21,12901.96,9459
NAS100,20220505,2200,12885.23,12889.24,12848.73,12868.04,3821
NAS100,20220505,2300,12868.14,12889.64,12857.98,12885.55,3365
NAS100,20220506,0000,12886.08,12891.14,12821.97,12824.23,7841
NAS100,20220506,0100,12824.97,12836.14,12783.64,12808.97,8053
NAS100,20220506,0200,12809.05,12837.51,12798.05,12828.73,6006
NAS100,20220506,0300,12829.01,12879.18,12818.73,12873.05,5288
NAS100,20220506,0400,12873.22,12876.14,12830.01,12842.98,3996
NAS100,20220506,0500,12843.51,12853.47,12824.89,12847.89,5973
NAS100,20220506,0600,12846.23,12882.26,12829.73,12831.23,7258
NAS100,20220506,0700,12833.98,12833.98,12751.45,12817.20,14991
NAS100,20220506,0800,12817.22,12866.51,12789.48,12792.19,13752
NAS100,20220506,0900,12792.26,12823.74,12765.51,12819.14,10842
NAS100,20220506,1000,12818.89,12828.26,12777.23,12794.14,8690
NAS100,20220506,1100,12794.73,12795.73,12729.47,12776.64,10103
NAS100,20220506,1200,12776.70,12895.23,12718.73,12725.14,14856
NAS100,20220506,1300,12725.89,12794.31,12521.77,12552.27,22163
NAS100,20220506,1400,12554.77,12869.56,12546.44,12844.00,28100
NAS100,20220506,1500,12843.00,12929.54,12700.17,12714.69,26142
NAS100,20220506,1600,12713.94,12867.19,12700.85,12863.94,24685
NAS100,20220506,1700,12864.19,12877.56,12681.88,12688.94,23833
NAS100,20220506,1800,12688.04,12716.33,12608.34,12632.31,23106
NAS100,20220506,1900,12631.69,12755.19,12568.48,12696.24,24054
NAS100,20220506,2000,12695.49,12695.49,12630.89,12655.48,5219
NAS100,20220508,2200,12604.11,12638.89,12563.36,12620.11,5529
NAS100,20220508,2300,12620.39,12624.76,12554.86,12579.11,5849
NAS100,20220509,0000,12579.18,12591.76,12529.76,12533.08,7202
NAS100,20220509,0100,12533.26,12569.18,12511.76,12560.64,7720
NAS100,20220509,0200,12561.01,12567.06,12542.64,12566.84,4448
NAS100,20220509,0300,12567.51,12604.36,12563.08,12597.46,5289
NAS100,20220509,0400,12597.66,12598.18,12570.36,12574.86,3060
NAS100,20220509,0500,12575.11,12591.20,12553.36,12557.14,5262
NAS100,20220509,0600,12556.11,12605.64,12555.51,12593.14,6664
NAS100,20220509,0700,12591.61,12626.10,12529.93,12538.60,13908
NAS100,20220509,0800,12538.93,12545.51,12461.81,12497.85,13285
NAS100,20220509,0900,12497.45,12521.10,12434.51,12458.76,11469
NAS100,20220509,1000,12458.70,12468.93,12371.18,12390.39,11921
NAS100,20220509,1100,12389.86,12426.39,12346.64,12415.76,13306
NAS100,20220509,1200,12415.18,12475.26,12389.61,12445.66,12931
NAS100,20220509,1300,12445.43,12558.19,12423.00,12450.94,19188
NAS100,20220509,1400,12452.61,12466.75,12295.71,12306.31,25376
NAS100,20220509,1500,12306.06,12361.13,12241.31,12328.19,23510
NAS100,20220509,1600,12328.31,12421.31,12275.11,12289.69,22512
NAS100,20220509,1700,12289.88,12334.61,12228.69,12259.56,21521
NAS100,20220509,1800,12259.06,12302.81,12214.31,12294.44,21800
NAS100,20220509,1900,12296.66,12341.38,12138.65,12200.23,23119
NAS100,20220509,2000,12199.05,12250.51,12197.16,12207.36,7462
NAS100,20220509,2200,12215.98,12254.48,12211.08,12245.48,3136
NAS100,20220509,2300,12245.61,12248.15,12213.36,12238.33,3593
NAS100,20220510,0000,12238.36,12243.83,12105.83,12157.83,9112
NAS100,20220510,0100,12158.33,12243.86,12149.41,12236.36,9747
NAS100,20220510,0200,12236.40,12308.05,12229.80,12290.48,8422
NAS100,20220510,0300,12290.57,12313.86,12263.28,12310.48,5870
NAS100,20220510,0400,12310.40,12310.61,12292.58,12303.07,3642
NAS100,20220510,0500,12302.86,12368.66,12296.86,12337.55,6700
NAS100,20220510,0600,12337.57,12410.11,12330.61,12401.15,8373
NAS100,20220510,0700,12402.11,12406.33,12339.58,12348.58,11142
NAS100,20220510,0800,12348.58,12413.80,12343.33,12391.86,9928
NAS100,20220510,0900,12391.58,12421.23,12355.33,12355.82,8902
NAS100,20220510,1000,12356.36,12384.02,12340.48,12340.82,8701
NAS100,20220510,1100,12339.73,12348.17,12296.67,12340.23,9489
NAS100,20220510,1200,12339.82,12477.13,12338.80,12470.73,11503
NAS100,20220510,1300,12470.82,12549.78,12341.47,12466.78,20845
NAS100,20220510,1400,12466.12,12539.43,12260.03,12273.10,26476
NAS100,20220510,1500,12271.13,12316.72,12173.85,12273.74,26424
NAS100,20220510,1600,12275.03,12320.70,12196.58,12233.97,25585
NAS100,20220510,1700,12235.10,12517.88,12221.47,12517.43,24197
NAS100,20220510,1800,12518.18,12522.41,12395.78,12461.63,23630
NAS100,20220510,1900,12461.78,12513.70,12319.97,12347.35,22782
NAS100,20220510,2000,12346.82,12363.98,12318.36,12336.21,5459
NAS100,20220510,2200,12326.62,12363.69,12326.62,12357.40,2313
NAS100,20220510,2300,12357.35,12368.90,12323.44,12342.27,2849
NAS100,20220511,0000,12342.02,12405.44,12326.12,12375.94,5791
NAS100,20220511,0100,12376.19,12421.40,12356.46,12416.40,6277
NAS100,20220511,0200,12416.52,12466.65,12409.87,12440.08,5768
NAS100,20220511,0300,12440.27,12454.35,12430.87,12445.96,4253
NAS100,20220511,0400,12445.10,12456.65,12438.58,12453.52,2792
NAS100,20220511,0500,12453.32,12464.77,12435.19,12442.60,5328
NAS100,20220511,0600,12442.44,12461.82,12419.20,12431.62,6678
NAS100,20220511,0700,12431.69,12437.10,12388.62,12420.35,11603
NAS100,20220511,0800,12419.12,12520.37,12416.52,12507.62,10482
NAS100,20220511,0900,12507.65,12530.08,12497.62,12514.02,7084
NAS100,20220511,1000,12513.90,12543.44,12479.08,12528.69,7522
NAS100,20220511,1100,12528.85,12555.90,12514.12,12525.02,7393
NAS100,20220511,1200,12525.90,12535.82,12104.62,12143.27,15747
NAS100,20220511,1300,12142.12,12478.20,12133.37,12389.67,19788
NAS100,20220511,1400,12384.37,12430.88,12265.07,12310.45,24645
NAS100,20220511,1500,12310.95,12393.82,12222.01,12289.72,23394
NAS100,20220511,1600,12289.76,12310.74,12129.82,12139.17,22186
NAS100,20220511,1700,12138.80,12144.74,12005.87,12010.88,23589
NAS100,20220511,1800,12012.32,12169.74,12009.82,12049.32,22713
NAS100,20220511,1900,12049.13,12057.17,11942.40,11977.10,21009
NAS100,20220511,2000,11978.77,12029.65,11964.52,12012.50,7577
NAS100,20220511,2200,12006.09,12006.09,11955.69,12001.31,4680
NAS100,20220511,2300,12001.26,12021.59,11977.69,12010.72,4198
NAS100,20220512,0000,12010.68,12053.95,11926.44,12041.84,9358
NAS100,20220512,0100,12041.69,12073.47,12010.34,12058.03,7765
NAS100,20220512,0200,12058.09,12067.97,12010.93,12034.79,5720
NAS100,20220512,0300,12034.99,12044.76,12004.94,12019.16,4881
NAS100,20220512,0400,12018.84,12023.59,11962.44,11975.09,5086
NAS100,20220512,0500,11974.93,11996.43,11904.32,11911.97,8302
NAS100,20220512,0600,11910.76,11970.97,11892.94,11912.69,9504
NAS100,20220512,0700,11912.69,11972.69,11846.72,11931.44,13842
NAS100,20220512,0800,11931.19,11939.59,11815.41,11836.22,13266
NAS100,20220512,0900,11836.68,11862.54,11795.59,11836.18,10982
NAS100,20220512,1000,11835.93,11879.59,11821.84,11868.66,9337
NAS100,20220512,1100,11868.09,11919.53,11758.44,11767.69,11404
NAS100,20220512,1200,11767.76,11836.09,11759.84,11795.19,11845
NAS100,20220512,1300,11795.19,11909.02,11695.44,11796.39,20606
NAS100,20220512,1400,11796.02,12086.48,11745.54,12077.59,26603
NAS100,20220512,1500,12079.39,12134.24,11847.54,11849.27,24831
NAS100,20220512,1600,11849.02,11986.81,11812.19,11909.98,23843
NAS100,20220512,1700,11912.31,11941.81,11720.98,11743.64,23383
NAS100,20220512,1800,11742.39,11786.11,11691.97,11719.14,23223
NAS100,20220512,1900,11719.27,11957.27,11710.48,11950.14,24711
NAS100,20220512,2000,11949.92,11956.06,11860.43,11875.94,8612
NAS100,20220512,2200,11893.96,11948.53,11893.96,11941.46,3113
NAS100,20220512,2300,11941.01,12030.49,11939.61,12025.61,5224
NAS100,20220513,0000,12024.66,12077.16,12009.36,12062.70,6025
NAS100,20220513,0100,12062.74,12092.74,12048.96,12070.53,6269
NAS100,20220513,0200,12070.70,12085.20,12061.45,12070.21,4139
NAS100,20220513,0300,12070.24,12149.72,12068.31,12115.99,5541
NAS100,20220513,0400,12115.49,12132.20,12093.74,12123.24,4226
NAS100,20220513,0500,12123.96,12142.28,12102.74,12120.96,5790
NAS100,20220513,0600,12120.46,12124.96,12070.71,12116.36,8416
NAS100,20220513,0700,12115.30,12181.99,12071.17,12141.21,13537
NAS100,20220513,0800,12141.70,12176.66,12128.56,12148.61,9428
NAS100,20220513,0900,12148.70,12176.11,12123.46,12138.96,8152
NAS100,20220513,1000,12138.96,12163.80,12115.96,12156.86,7044
NAS100,20220513,1100,12155.55,12208.99,12138.36,12201.21,7022
NAS100,20220513,1200,12201.08,12208.11,12174.53,12176.92,8475
NAS100,20220513,1300,12177.11,12280.66,12067.13,12245.08,18621
NAS100,20220513,1400,12245.46,12346.04,12239.21,12326.58,22594
NAS100,20220513,1500,12326.91,12369.96,12290.08,12362.11,20205
NAS100,20220513,1600,12362.35,12432.43,12345.81,12386.04,18104
NAS100,20220513,1700,12386.22,12398.91,12294.04,12306.46,19084
NAS100,20220513,1800,12305.75,12354.00,12221.27,12351.58,20897
NAS100,20220513,1900,12352.29,12433.76,12318.73,12386.73,21058
NAS100,20220513,2000,12385.96,12391.96,12354.58,12379.99,4675
NAS100,20220515,2200,12410.37,12488.62,12393.34,12456.12,5558
NAS100,20220515,2300,12456.09,12499.33,12433.79,12469.93,4786
NAS100,20220516,0000,12469.37,12471.91,12431.84,12459.59,5876
NAS100,20220516,0100,12459.99,12470.87,12377.41,12383.34,7284
NAS100,20220516,0200,12383.66,12383.66,12294.59,12315.09,9589
NAS100,20220516,0300,12314.59,12322.87,12237.59,12289.33,6566
NAS100,20220516,0400,12289.49,12338.74,12286.87,12314.37,4609
NAS100,20220516,0500,12313.99,12332.37,12303.84,12321.59,5792
NAS100,20220516,0600,12322.09,12327.12,12267.59,12283.66,7428
NAS100,20220516,0700,12285.66,12322.16,12232.08,12288.12,12492
NAS100,20220516,0800,12288.08,12347.93,12287.24,12347.87,8981
NAS100,20220516,0900,12347.69,12355.89,12289.33,12295.12,7224
NAS100,20220516,1000,12295.74,12330.24,12294.59,12321.49,6956
NAS100,20220516,1100,12322.74,12344.91,12313.59,12334.08,7232
NAS100,20220516,1200,12334.04,12414.12,12314.99,12356.58,9691
NAS100,20220516,1300,12356.74,12367.74,12218.84,12252.63,13561
NAS100,20220516,1400,12252.96,12373.38,12205.24,12210.14,21768
NAS100,20220516,1500,12209.98,12338.30,12192.36,12329.39,22670
NAS100,20220516,1600,12329.67,12350.79,12229.84,12239.79,20868
NAS100,20220516,1700,12239.19,12353.39,12219.75,12325.04,20457
NAS100,20220516,1800,12325.21,12401.29,12300.48,12362.69,19630
NAS100,20220516,1900,12362.67,12368.94,12213.67,12249.38,21154
NAS100,20220516,2000,12248.91,12256.12,12232.58,12238.34,5364
NAS100,20220516,2200,12234.09,12268.62,12234.09,12260.00,2148
NAS100,20220516,2300,12260.62,12271.50,12247.00,12268.44,2515
NAS100,20220517,0000,12268.58,12311.25,12253.87,12291.62,5497
NAS100,20220517,0100,12291.09,12338.12,12281.62,12330.08,6541
NAS100,20220517,0200,12329.83,12332.37,12283.84,12295.25,5088
NAS100,20220517,0300,12295.42,12316.83,12289.00,12310.58,3821
NAS100,20220517,0400,12311.34,12330.08,12309.59,12324.75,2631
NAS100,20220517,0500,12324.62,12349.37,12316.50,12343.37,3763
NAS100,20220517,0600,12343.62,12354.00,12330.08,12353.83,4217
NAS100,20220517,0700,12354.19,12401.69,12327.34,12388.00,9265
NAS100,20220517,0800,12387.50,12529.06,12387.50,12497.60,9646
NAS100,20220517,0900,12497.20,12539.75,12488.08,12533.58,7465
NAS100,20220517,1000,12533.25,12544.50,12485.50,12487.31,7480
NAS100,20220517,1100,12487.87,12509.85,12469.50,12477.50,7861
NAS100,20220517,1200,12478.46,12495.56,12438.34,12477.12,9068
NAS100,20220517,1300,12478.00,12536.13,12433.80,12446.17,14161
NAS100,20220517,1400,12446.80,12494.74,12333.16,12366.05,20981
NAS100,20220517,1500,12366.40,12491.45,12355.92,12465.90,18936
NAS100,20220517,1600,12466.42,12501.80,12430.47,12467.13,17318
NAS100,20220517,1700,12467.27,12510.42,12437.30,12485.75,16811
NAS100,20220517,1800,12485.67,12546.42,12373.80,12517.48,22585
NAS100,20220517,1900,12517.61,12578.92,12512.34,12565.71,20453
NAS100,20220517,2000,12567.14,12578.12,12548.67,12575.27,4662
NAS100,20220517,2200,12573.24,12591.89,12567.23,12568.27,2528
NAS100,20220517,2300,12568.52,12573.19,12551.02,12560.73,2931
NAS100,20220518,0000,12561.02,12571.64,12540.73,12546.27,4943
NAS100,20220518,0100,12546.02,12549.98,12505.27,12522.23,5645
NAS100,20220518,0200,12522.27,12543.56,12510.48,12532.27,4507
NAS100,20220518,0300,12532.14,12537.31,12471.74,12499.89,4167
NAS100,20220518,0400,12499.98,12516.10,12486.58,12492.39,3422
NAS100,20220518,0500,12492.21,12517.25,12490.64,12514.71,3748
NAS100,20220518,0600,12525.50,12527.25,12504.00,12508.00,3869
NAS100,20220518,0700,12507.25,12512.56,12470.59,12489.58,10196
NAS100,20220518,0800,12489.89,12501.14,12457.84,12477.52,7222
NAS100,20220518,0900,12477.81,12509.96,12470.31,12509.39,5633
NAS100,20220518,1000,12509.54,12521.81,12463.89,12480.39,6276
NAS100,20220518,1100,12480.64,12487.50,12408.27,12413.27,8716
NAS100,20220518,1200,12413.23,12445.34,12362.24,12364.06,8659
NAS100,20220518,1300,12364.56,12397.07,12288.54,12296.69,18272
NAS100,20220518,1400,12297.88,12358.13,12258.74,12300.82,23815
NAS100,20220518,1500,12300.79,12301.34,12111.54,12116.12,20281
NAS100,20220518,1600,12116.57,12133.07,12056.36,12131.07,20527
NAS100,20220518,1700,12130.82,12131.66,11955.82,11975.69,19744
NAS100,20220518,1800,11975.79,12006.57,11916.19,11926.76,21101
NAS100,20220518,1900,11926.84,11977.32,11885.99,11938.53,22429
NAS100,20220518,2000,11941.64,11949.64,11861.74,11892.58,8841
NAS100,20220518,2200,11903.79,11918.32,11883.79,11905.28,4147
NAS100,20220518,2300,11904.95,11908.20,11820.79,11824.78,5402
NAS100,20220519,0000,11824.95,11872.11,11805.76,11853.61,6978
NAS100,20220519,0100,11853.28,11870.57,11820.00,11846.28,7069
NAS100,20220519,0200,11846.29,11910.32,11841.07,11908.07,6270
NAS100,20220519,0300,11907.95,11951.03,11904.82,11935.95,7840
NAS100,20220519,0400,11936.36,11948.20,11914.29,11929.65,4150
NAS100,20220519,0500,11929.95,11942.70,11878.51,11895.82,6511
NAS100,20220519,0600,11894.04,11915.90,11880.04,11895.95,6685
NAS100,20220519,0700,11896.01,11897.85,11744.69,11812.07,15089
NAS100,20220519,0800,11812.20,11819.45,11734.32,11739.51,11436
NAS100,20220519,0900,11739.45,11756.60,11702.70,11724.76,10208
NAS100,20220519,1000,11724.95,11810.48,11719.70,11806.07,9621
NAS100,20220519,1100,11806.45,11857.20,11770.51,11840.79,10705
NAS100,20220519,1200,11841.05,11843.79,11772.07,11816.55,11722
NAS100,20220519,1300,11815.28,11976.65,11793.93,11892.04,20600
NAS100,20220519,1400,11891.79,12007.16,11868.43,11949.25,26845
NAS100,20220519,1500,11949.87,12075.08,11902.37,12027.25,24735
NAS100,20220519,1600,12027.81,12057.33,11887.82,11930.50,22488
NAS100,20220519,1700,11930.41,11988.93,11849.82,11974.43,23265
NAS100,20220519,1800,11972.75,12034.81,11903.89,12010.87,23606
NAS100,20220519,1900,12010.67,12049.12,11857.35,11876.25,23917
NAS100,20220519,2000,11874.40,11909.86,11847.20,11897.10,6166
NAS100,20220519,2200,11896.36,11926.36,11894.11,11906.77,2716
NAS100,20220519,2300,11906.68,11937.27,11893.27,11931.36,3316
NAS100,20220520,0000,11933.52,11978.10,11931.02,11954.02,5690
NAS100,20220520,0100,11953.61,12006.77,11949.35,11996.52,6352
NAS100,20220520,0200,11996.11,11998.45,11958.14,11992.93,5572
NAS100,20220520,0300,11992.11,11995.39,11970.52,11979.77,3928
NAS100,20220520,0400,11979.02,12013.70,11974.36,12009.35,3984
NAS100,20220520,0500,12009.10,12023.20,11986.02,12015.02,4910
NAS100,20220520,0600,12015.36,12028.52,11962.36,11983.68,7008
NAS100,20220520,0700,11983.83,12063.12,11971.60,12049.60,10588
NAS100,20220520,0800,12049.42,12085.64,12028.92,12063.70,7748
NAS100,20220520,0900,12063.18,12094.18,12041.27,12051.64,7482
NAS100,20220520,1000,12051.85,12070.47,12036.61,12042.86,6506
NAS100,20220520,1100,12043.09,12082.82,12021.83,12059.77,7123
NAS100,20220520,1200,12059.39,12062.64,12006.04,12028.10,8118
NAS100,20220520,1300,12028.37,12050.32,11944.00,11993.67,16932
NAS100,20220520,1400,11993.63,12008.92,11792.44,11800.32,24507
NAS100,20220520,1500,11800.50,11816.17,11712.19,11732.00,23456
NAS100,20220520,1600,11732.25,11741.07,11532.19,11575.65,22925
NAS100,20220520,1700,11574.44,11634.17,11489.50,11608.94,23535
NAS100,20220520,1800,11609.40,11638.89,11518.32,11586.07,21664
NAS100,20220520,1900,11586.40,11844.73,11544.72,11832.32,24149
NAS100,20220520,2000,11832.36,11852.39,11798.60,11826.36,6145
NAS100,20220522,2200,11864.34,11936.18,11858.09,11930.50,5601
NAS100,20220522,2300,11930.62,11986.41,11930.62,11971.59,4601
NAS100,20220523,0000,11971.54,12000.30,11956.80,11986.75,6044
NAS100,20220523,0100,11986.37,12006.16,11969.96,11976.25,6242
NAS100,20220523,0200,11976.12,11981.08,11926.92,11945.37,6133
NAS100,20220523,0300,11945.50,11970.35,11944.25,11958.66,4451
NAS100,20220523,0400,11958.56,11993.65,11950.84,11963.18,3373
NAS100,20220523,0500,11963.37,12021.66,11952.00,11993.09,5638
NAS100,20220523,0600,11991.59,12043.31,11983.25,12029.87,6937
NAS100,20220523,0700,12030.66,12035.00,11952.50,11982.04,11443
NAS100,20220523,0800,11981.91,12003.25,11864.50,11896.75,11731
NAS100,20220523,0900,11896.50,11941.33,11876.16,11894.16,8760
NAS100,20220523,1000,11894.33,11972.12,11884.78,11965.16,7844
NAS100,20220523,1100,11965.83,11971.25,11900.75,11919.87,8730
NAS100,20220523,1200,11920.12,11953.40,11884.08,11894.87,9112
NAS100,20220523,1300,11894.93,11976.11,11818.21,11852.05,19417
NAS100,20220523,1400,11852.71,11940.92,11783.92,11877.86,26731
NAS100,20220523,1500,11876.80,12013.15,11861.38,11987.71,23199
NAS100,20220523,1600,11988.30,12050.92,11963.65,11982.63,20253
NAS100,20220523,1700,11983.13,12016.71,11916.42,12001.90,18981
NAS100,20220523,1800,12001.73,12052.57,11980.23,11994.25,19288
NAS100,20220523,1900,11994.52,12040.26,11955.35,12034.08,20961
NAS100,20220523,2000,12035.35,12074.08,12033.18,12054.95,5800
NAS100,20220523,2200,11912.57,11912.57,11819.57,11882.33,7448
NAS100,20220523,2300,11882.48,11894.27,11862.98,11887.35,4555
NAS100,20220524,0000,11887.31,11896.35,11866.91,11875.23,5705
NAS100,20220524,0100,11874.98,11889.10,11855.54,11877.10,6309
NAS100,20220524,0200,11877.35,11880.57,11852.10,11865.58,4821
NAS100,20220524,0300,11865.37,11875.56,11858.04,11871.31,3189
NAS100,20220524,0400,11871.14,11875.10,11841.76,11845.23,2881
NAS100,20220524,0500,11845.10,11852.81,11800.31,11811.54,6039
NAS100,20220524,0600,11811.60,11825.89,11752.56,11779.81,6991
NAS100,20220524,0700,11780.14,11821.16,11754.79,11802.35,12062
NAS100,20220524,0800,11801.78,11817.37,11773.98,11783.23,9354
NAS100,20220524,0900,11783.48,11833.23,11780.60,11824.94,7127
NAS100,20220524,1000,11825.06,11846.28,11812.04,11826.48,6627
NAS100,20220524,1100,11827.31,11875.32,11822.04,11832.55,8373
NAS100,20220524,1200,11832.66,11856.58,11803.85,11838.73,8216
NAS100,20220524,1300,11838.60,11849.23,11675.11,11677.68,15623
NAS100,20220524,1400,11677.89,11678.33,11575.88,11625.65,23824
NAS100,20220524,1500,11625.43,11734.59,11611.38,11706.15,23028
NAS100,20220524,1600,11705.43,11805.71,11664.71,11699.78,21924
NAS100,20220524,1700,11698.90,11763.73,11642.65,11738.65,21262
NAS100,20220524,1800,11739.59,11798.05,11649.93,11678.09,22225
NAS100,20220524,1900,11676.78,11830.65,11671.96,11779.23,23149
NAS100,20220524,2000,11782.39,11818.48,11775.91,11810.55,6528
NAS100,20220524,2200,11806.67,11855.57,11806.67,11847.23,3788
NAS100,20220524,2300,11847.27,11868.98,11843.48,11853.98,2845
NAS100,20220525,0000,11852.40,11852.48,11787.71,11815.23,6689
NAS100,20220525,0100,11815.15,11839.82,11813.32,11834.15,6166
NAS100,20220525,0200,11834.34,11860.52,11830.90,11844.23,5505
NAS100,20220525,0300,11844.24,11891.65,11840.15,11884.98,4089
NAS100,20220525,0400,11885.90,11885.90,11867.15,11868.48,2872
NAS100,20220525,0500,11868.34,11884.77,11848.36,11859.32,4706
NAS100,20220525,0600,11859.27,11882.65,11822.15,11880.65,6719
NAS100,20220525,0700,11882.07,11882.07,11808.52,11816.02,10529
NAS100,20220525,0800,11815.65,11828.40,11761.40,11784.77,9220
NAS100,20220525,0900,11784.65,11798.84,11731.85,11786.27,8015
NAS100,20220525,1000,11786.15,11805.73,11749.84,11753.73,7339
NAS100,20220525,1100,11753.90,11768.57,11675.15,11700.77,10394
NAS100,20220525,1200,11700.40,11739.52,11672.24,11717.98,10263
NAS100,20220525,1300,11717.40,11857.00,11707.30,11805.55,19224
NAS100,20220525,1400,11805.95,11928.70,11757.20,11879.70,24643
NAS100,20220525,1500,11879.95,11901.70,11814.80,11855.10,21868
NAS100,20220525,1600,11855.09,11873.20,11788.63,11838.64,19298
NAS100,20220525,1700,11835.99,11868.85,11792.79,11847.74,17846
NAS100,20220525,1800,11847.24,11975.07,11770.70,11968.51,24933
NAS100,20220525,1900,11969.55,12032.76,11899.20,11948.82,21315
NAS100,20220525,2000,11949.02,11951.02,11815.49,11892.00,9691
NAS100,20220525,2200,11882.99,11920.34,11882.99,11912.77,3250
NAS100,20220525,2300,11912.89,11924.19,11887.96,11891.44,2995
NAS100,20220526,0000,11890.89,11991.08,11888.20,11983.77,7407
NAS100,20220526,0100,11983.52,11992.73,11907.64,11912.52,7273
NAS100,20220526,0200,11911.99,11920.77,11894.74,11909.77,5872
NAS100,20220526,0300,11909.24,11916.52,11859.73,11912.23,6183
NAS100,20220526,0400,11912.14,11913.59,11870.39,11873.52,3495
NAS100,20220526,0500,11873.42,11887.89,11852.64,11861.27,6184
NAS100,20220526,0600,11861.74,11889.77,11847.64,11881.39,5616
NAS100,20220526,0700,11882.06,11977.77,11880.64,11976.52,8611
NAS100,20220526,0800,11975.89,11976.96,11872.48,11892.77,8077
NAS100,20220526,0900,11892.64,11943.79,11877.39,11938.02,6699
NAS100,20220526,1000,11937.14,11962.74,11915.95,11947.52,6526
NAS100,20220526,1100,11946.52,12019.14,11943.57,11976.89,9642
NAS100,20220526,1200,11977.14,11993.59,11932.49,11975.02,10118
NAS100,20220526,1300,11974.77,12124.89,11899.66,12112.28,19467
NAS100,20220526,1400,12113.53,12196.71,12096.13,12194.82,22083
NAS100,20220526,1500,12194.72,12237.62,12182.04,12228.13,19020
NAS100,20220526,1600,12228.09,12318.91,12213.38,12317.34,15725
NAS100,20220526,1700,12317.07,12342.07,12283.14,12317.78,15754
NAS100,20220526,1800,12317.15,12331.07,12288.11,12306.54,15805
NAS100,20220526,1900,12306.57,12333.75,12233.82,12274.88,19409
NAS100,20220526,2000,12274.49,12277.29,12244.49,12257.33,6119
NAS100,20220526,2200,12248.03,12297.28,12248.03,12277.31,3688
NAS100,20220526,2300,12277.68,12297.31,12274.74,12288.33,2648
NAS100,20220527,0000,12288.37,12298.10,12221.27,12244.31,6318
NAS100,20220527,0100,12244.52,12264.31,12237.77,12255.28,6227
NAS100,20220527,0200,12255.28,12260.81,12237.78,12243.18,4467
NAS100,20220527,0300,12243.03,12267.93,12240.60,12250.85,3652
NAS100,20220527,0400,12251.02,12275.43,12249.49,12264.18,2453
NAS100,20220527,0500,12264.68,12281.68,12242.31,12258.18,4275
NAS100,20220527,0600,12258.43,12272.28,12232.27,12268.93,5190
NAS100,20220527,0700,12268.77,12280.62,12235.06,12251.77,8590
NAS100,20220527,0800,12251.81,12345.35,12243.18,12335.88,8320
NAS100,20220527,0900,12336.06,12372.18,12306.18,12360.33,6588
NAS100,20220527,1000,12361.56,12361.68,12319.93,12352.24,6193
NAS100,20220527,1100,12351.62,12351.62,12289.68,12294.31,7411
NAS100,20220527,1200,12294.81,12435.28,12287.23,12415.78,11964
NAS100,20220527,1300,12415.81,12530.73,12380.37,12518.79,17571
NAS100,20220527,1400,12518.98,12592.36,12502.73,12531.42,20832
NAS100,20220527,1500,12532.36,12597.51,12507.48,12592.90,17908
NAS100,20220527,1600,12592.95,12610.33,12559.36,12584.63,14647
NAS100,20220527,1700,12584.88,12598.54,12566.63,12587.53,13238
NAS100,20220527,1800,12587.50,12617.26,12571.36,12614.36,13111
NAS100,20220527,1900,12614.55,12681.19,12606.03,12677.34,15968
NAS100,20220527,2000,12681.09,12718.77,12670.48,12714.63,5233
NAS100,20220529,2200,12704.76,12719.93,12671.91,12705.16,3364
NAS100,20220529,2300,12705.25,12755.75,12701.04,12736.29,3902
NAS100,20220530,0000,12736.16,12752.16,12719.14,12747.75,5357
NAS100,20220530,0100,12747.25,12767.01,12737.29,12749.83,5737
NAS100,20220530,0200,12750.00,12793.57,12744.04,12782.04,5710
NAS100,20220530,0300,12781.91,12789.85,12768.08,12786.31,3858
NAS100,20220530,0400,12786.33,12815.29,12781.41,12813.54,3193
NAS100,20220530,0500,12813.75,12867.79,12804.98,12866.25,5765
NAS100,20220530,0600,12866.41,12866.91,12836.79,12844.66,5374
NAS100,20220530,0700,12844.60,12862.35,12830.33,12851.01,6977
NAS100,20220530,0800,12851.58,12866.25,12839.16,12849.50,4790
NAS100,20220530,0900,12849.46,12880.50,12840.79,12868.66,4880
NAS100,20220530,1000,12868.83,12870.48,12810.50,12844.77,5426
NAS100,20220530,1100,12846.08,12846.29,12826.41,12835.16,4380
NAS100,20220530,1200,12835.64,12836.10,12785.84,12814.96,5143
NAS100,20220530,1300,12814.73,12820.65,12746.09,12771.96,7430
NAS100,20220530,1400,12772.38,12797.28,12736.71,12779.96,6854
NAS100,20220530,1500,12779.21,12815.71,12769.76,12795.51,5450
NAS100,20220530,1600,12795.21,12834.38,12784.51,12807.51,5086
NAS100,20220530,2200,12810.64,12822.46,12745.87,12774.04,5058
NAS100,20220530,2300,12773.96,12824.64,12771.46,12814.58,4180
NAS100,20220531,0000,12814.83,12821.33,12682.96,12712.55,8617
NAS100,20220531,0100,12712.02,12753.58,12676.30,12731.08,9205
NAS100,20220531,0200,12730.30,12767.79,12725.46,12758.58,6805
NAS100,20220531,0300,12758.33,12762.21,12724.70,12752.58,5465
NAS100,20220531,0400,12752.21,12765.29,12737.29,12750.05,3511
NAS100,20220531,0500,12750.05,12763.83,12736.30,12738.58,5717
NAS100,20220531,0600,12739.33,12744.58,12664.87,12694.80,8179
NAS100,20220531,0700,12692.30,12704.33,12631.37,12652.21,10195
NAS100,20220531,0800,12652.29,12749.87,12652.29,12718.08,9188
NAS100,20220531,0900,12717.96,12718.46,12616.33,12640.08,10240
NAS100,20220531,1000,12640.46,12685.04,12615.30,12659.30,7752
NAS100,20220531,1100,12663.54,12705.46,12659.12,12674.04,7672
NAS100,20220531,1200,12674.08,12678.06,12594.29,12605.64,9828
NAS100,20220531,1300,12605.78,12687.13,12520.17,12552.26,17017
NAS100,20220531,1400,12548.81,12645.38,12480.05,12621.07,23195
NAS100,20220531,1500,12620.38,12721.20,12565.17,12709.18,21185
NAS100,20220531,1600,12709.51,12754.63,12661.38,12731.32,18971
NAS100,20220531,1700,12731.51,12762.13,12659.51,12759.26,19329
NAS100,20220531,1800,12757.59,12767.42,12601.32,12631.65,19686
NAS100,20220531,1900,12631.38,12743.26,12606.01,12653.88,20519
NAS100,20220531,2000,12652.96,12667.74,12632.79,12652.68,6817
NAS100,20220531,2200,12664.93,12694.11,12655.89,12692.59,3288
NAS100,20220531,2300,12692.57,12709.01,12682.55,12702.68,3000
NAS100,20220601,0000,12702.76,12716.24,12694.05,12696.80,4283
NAS100,20220601,0100,12697.01,12723.93,12691.36,12709.68,5215
NAS100,20220601,0200,12709.51,12709.61,12674.57,12677.68,4759
NAS100,20220601,0300,12677.84,12684.23,12660.80,12680.80,3786
NAS100,20220601,0400,12680.38,12686.18,12645.43,12677.24,3664
NAS100,20220601,0500,12677.34,12694.09,12615.05,12630.05,6761
NAS100,20220601,0600,12626.76,12667.51,12619.99,12662.55,6510
NAS100,20220601,0700,12661.36,12681.26,12632.52,12640.77,8966
NAS100,20220601,0800,12641.43,12647.80,12580.43,12617.52,7927
NAS100,20220601,0900,12618.77,12652.59,12617.02,12627.28,5200
NAS100,20220601,1000,12627.18,12636.80,12604.08,12618.09,5753
NAS100,20220601,1100,12618.11,12682.93,12617.43,12681.68,6254
NAS100,20220601,1200,12681.76,12715.80,12674.33,12688.18,7831
NAS100,20220601,1300,12688.05,12821.58,12682.48,12802.52,16769
NAS100,20220601,1400,12803.02,12814.52,12556.94,12641.56,21786
NAS100,20220601,1500,12640.48,12641.26,12499.14,12508.08,21989
NAS100,20220601,1600,12507.88,12524.79,12453.98,12496.31,20158
NAS100,20220601,1700,12496.06,12566.30,12488.35,12547.10,19039
NAS100,20220601,1800,12545.87,12657.83,12539.68,12609.10,19855
NAS100,20220601,1900,12609.16,12661.85,12542.70,12549.35,20612
NAS100,20220601,2000,12548.36,12560.80,12524.61,12545.93,6261
NAS100,20220601,2200,12542.94,12550.23,12518.10,12522.85,3452
NAS100,20220601,2300,12522.73,12533.35,12499.79,12506.10,3685
NAS100,20220602,0000,12505.98,12582.77,12491.48,12573.60,7299
NAS100,20220602,0100,12573.27,12586.73,12550.27,12552.35,6548
NAS100,20220602,0200,12552.19,12572.85,12534.69,12547.73,6081
NAS100,20220602,0300,12547.98,12560.60,12539.44,12555.77,4151
NAS100,20220602,0400,12555.85,12566.02,12549.35,12561.94,2357
NAS100,20220602,0500,12561.85,12567.48,12525.44,12552.10,5585
NAS100,20220602,0600,12551.98,12585.66,12541.35,12582.45,4877
NAS100,20220602,0700,12582.70,12627.10,12574.60,12602.35,7068
NAS100,20220602,0800,12602.44,12643.27,12581.95,12613.60,6021
NAS100,20220602,0900,12613.65,12640.41,12594.44,12617.69,5226
NAS100,20220602,1000,12617.60,12651.69,12599.45,12644.44,5077
NAS100,20220602,1100,12644.48,12644.79,12616.60,12631.77,5022
NAS100,20220602,1200,12632.27,12640.48,12581.77,12584.85,9546
NAS100,20220602,1300,12584.27,12597.85,12441.00,12529.57,19249
NAS100,20220602,1400,12528.40,12628.97,12495.90,12597.80,22542
NAS100,20220602,1500,12598.40,12728.30,12588.32,12689.78,21561
NAS100,20220602,1600,12690.05,12797.72,12682.03,12783.49,18532
NAS100,20220602,1700,12783.57,12830.96,12761.06,12828.53,17404
NAS100,20220602,1800,12828.57,12863.40,12813.96,12816.15,16045
NAS100,20220602,1900,12817.03,12896.17,12806.15,12888.85,19170
NAS100,20220602,2000,12892.23,12899.70,12867.00,12893.37,6095
NAS100,20220602,2200,12893.78,12941.75,12892.65,12914.07,3783
NAS100,20220602,2300,12914.15,12929.57,12913.00,12918.82,2917
NAS100,20220603,0000,12918.65,12923.03,12885.40,12888.53,5690
NAS100,20220603,0100,12888.65,12910.25,12882.74,12906.40,4695
NAS100,20220603,0200,12906.07,12909.99,12889.55,12894.90,2801
NAS100,20220603,0300,12895.53,12900.75,12884.96,12887.53,2719
NAS100,20220603,0400,12887.65,12905.07,12887.40,12888.40,2350
NAS100,20220603,0500,12888.28,12904.83,12886.53,12897.99,2838
NAS100,20220603,0600,12897.96,12902.84,12879.46,12884.24,3469
NAS100,20220603,0700,12883.65,12885.07,12819.28,12823.90,6937
NAS100,20220603,0800,12823.49,12844.53,12806.40,12835.40,6117
NAS100,20220603,0900,12835.55,12839.38,12799.65,12824.60,4952
NAS100,20220603,1000,12824.90,12825.82,12762.15,12769.82,5950
NAS100,20220603,1100,12771.28,12779.49,12725.00,12729.24,7081
NAS100,20220603,1200,12728.75,12804.60,12682.78,12712.03,13672
NAS100,20220603,1300,12711.90,12737.90,12606.75,12690.20,18777
NAS100,20220603,1400,12692.63,12728.04,12561.79,12564.70,22339
NAS100,20220603,1500,12563.35,12571.10,12500.68,12545.37,21236
NAS100,20220603,1600,12545.20,12609.93,12523.98,12603.43,19371
NAS100,20220603,1700,12603.70,12643.40,12532.55,12548.51,19437
NAS100,20220603,1800,12548.39,12600.54,12536.04,12574.49,17870
NAS100,20220603,1900,12574.62,12582.64,12508.54,12547.80,20083
NAS100,20220603,2000,12552.15,12562.55,12533.87,12551.85,4023
NAS100,20220605,2200,12554.62,12586.40,12525.27,12550.00,4523
NAS100,20220605,2300,12550.50,12567.40,12536.50,12548.02,3083
NAS100,20220606,0000,12547.19,12581.69,12529.58,12576.65,5251
NAS100,20220606,0100,12576.61,12603.90,12568.12,12599.27,6665
NAS100,20220606,0200,12599.15,12633.61,12595.40,12628.86,4975
NAS100,20220606,0300,12628.77,12640.61,12622.09,12630.58,3521
NAS100,20220606,0400,12630.52,12647.56,12623.77,12643.61,3032
NAS100,20220606,0500,12643.19,12647.19,12621.90,12636.27,4298
NAS100,20220606,0600,12635.94,12660.20,12615.83,12654.65,4907
NAS100,20220606,0700,12653.93,12711.52,12650.90,12710.27,7364
NAS100,20220606,0800,12709.90,12748.65,12709.69,12744.40,6504
NAS100,20220606,0900,12744.61,12747.19,12701.87,12710.86,4571
NAS100,20220606,1000,12711.02,12743.12,12707.40,12735.69,3878
NAS100,20220606,1100,12735.96,12740.92,12707.52,12736.19,4808
NAS100,20220606,1200,12736.44,12763.58,12721.15,12738.94,6562
NAS100,20220606,1300,12738.84,12782.20,12672.57,12747.07,13239
NAS100,20220606,1400,12753.37,12807.82,12747.70,12777.45,21081
NAS100,20220606,1500,12778.45,12791.32,12626.41,12663.66,20289
NAS100,20220606,1600,12663.76,12665.51,12531.72,12603.89,19769
NAS100,20220606,1700,12603.45,12676.82,12553.95,12675.82,18513
NAS100,20220606,1800,12675.72,12681.68,12555.92,12587.76,18980
NAS100,20220606,1900,12588.24,12615.20,12539.17,12604.87,19175
NAS100,20220606,2000,12600.40,12607.22,12579.34,12604.29,4571
NAS100,20220606,2200,12602.55,12612.26,12576.51,12581.47,3367
NAS100,20220606,2300,12581.72,12611.01,12579.59,12601.59,2637
NAS100,20220607,0000,12601.76,12603.93,12542.59,12555.93,6049
NAS100,20220607,0100,12555.44,12570.53,12487.44,12524.84,8850
NAS100,20220607,0200,12524.59,12528.84,12500.72,12510.34,5728
NAS100,20220607,0300,12510.26,12542.91,12508.69,12528.26,4607
NAS100,20220607,0400,12528.84,12531.16,12503.84,12512.44,4229
NAS100,20220607,0500,12512.72,12518.68,12468.93,12474.09,6575
NAS100,20220607,0600,12473.97,12517.59,12473.97,12494.93,5777
NAS100,20220607,0700,12494.97,12551.76,12491.97,12535.18,8687
NAS100,20220607,0800,12534.84,12563.94,12528.94,12550.72,5445
NAS100,20220607,0900,12550.68,12555.51,12522.24,12527.59,4642
NAS100,20220607,1000,12527.41,12535.59,12479.51,12486.47,5356
NAS100,20220607,1100,12486.29,12509.34,12439.72,12466.93,8452
NAS100,20220607,1200,12468.66,12474.72,12427.19,12432.84,8923
NAS100,20220607,1300,12432.78,12578.06,12411.56,12525.89,13032
NAS100,20220607,1400,12527.39,12703.32,12491.14,12669.07,20138
NAS100,20220607,1500,12671.27,12678.02,12560.71,12613.89,19198
NAS100,20220607,1600,12613.96,12633.04,12563.04,12623.96,17447
NAS100,20220607,1700,12624.02,12666.77,12610.84,12645.36,15064
NAS100,20220607,1800,12645.54,12701.54,12637.27,12664.58,14522
NAS100,20220607,1900,12665.06,12737.74,12660.79,12709.11,15038
NAS100,20220607,2000,12703.76,12704.03,12677.12,12679.57,4467
NAS100,20220607,2200,12678.85,12700.81,12678.81,12689.48,2591
NAS100,20220607,2300,12689.56,12700.67,12665.06,12669.98,2945
NAS100,20220608,0000,12669.85,12696.78,12661.32,12687.35,5753
NAS100,20220608,0100,12687.60,12705.92,12677.90,12693.23,6040
NAS100,20220608,0200,12693.40,12709.23,12682.81,12683.85,4493
NAS100,20220608,0300,12683.60,12687.60,12645.48,12655.65,5344
NAS100,20220608,0400,12655.48,12663.48,12636.15,12637.48,3350
NAS100,20220608,0500,12637.40,12668.48,12635.98,12661.56,5492
NAS100,20220608,0600,12661.98,12683.06,12648.08,12671.15,5072
NAS100,20220608,0700,12671.10,12671.56,12623.60,12652.35,8031
NAS100,20220608,0800,12652.19,12691.13,12645.07,12679.56,6814
NAS100,20220608,0900,12679.40,12693.85,12660.06,12679.98,5433
NAS100,20220608,1000,12680.16,12696.40,12649.44,12689.90,5747
NAS100,20220608,1100,12689.54,12719.04,12677.60,12682.90,5731
NAS100,20220608,1200,12684.10,12692.15,12629.92,12653.40,7969
NAS100,20220608,1300,12653.23,12781.72,12626.78,12758.13,14615
NAS100,20220608,1400,12758.28,12772.34,12686.86,12712.61,20902
NAS100,20220608,1500,12713.40,12772.60,12688.45,12724.88,18895
NAS100,20220608,1600,12725.14,12747.21,12605.12,12645.53,18632
NAS100,20220608,1700,12645.22,12646.19,12578.12,12631.11,17956
NAS100,20220608,1800,12630.81,12651.69,12586.58,12614.86,17279
NAS100,20220608,1900,12615.84,12655.97,12579.25,12617.65,17929
NAS100,20220608,2000,12618.25,12626.94,12595.17,12618.95,4113
NAS100,20220608,2200,12616.64,12628.40,12606.66,12625.80,1868
NAS100,20220608,2300,12625.85,12630.55,12616.67,12622.42,2050
NAS100,20220609,0000,12622.47,12634.63,12583.05,12592.13,5714
NAS100,20220609,0100,12592.30,12602.61,12565.17,12575.38,6550
NAS100,20220609,0200,12575.42,12590.74,12570.80,12588.55,5170
NAS100,20220609,0300,12588.74,12603.67,12580.64,12598.49,3466
NAS100,20220609,0400,12598.80,12601.92,12591.67,12594.55,2373
NAS100,20220609,0500,12594.67,12611.30,12571.67,12573.42,5613
NAS100,20220609,0600,12572.64,12599.36,12568.22,12599.30,5052
NAS100,20220609,0700,12598.39,12617.80,12576.33,12611.05,8236
NAS100,20220609,0800,12610.80,12677.22,12588.50,12676.72,7021
NAS100,20220609,0900,12676.67,12682.30,12652.14,12659.72,5834
NAS100,20220609,1000,12659.80,12723.67,12649.63,12689.63,6024
NAS100,20220609,1100,12689.38,12715.55,12632.72,12641.88,8596
NAS100,20220609,1200,12641.72,12642.67,12535.86,12555.25,12549
NAS100,20220609,1300,12555.55,12652.72,12504.94,12637.50,15527
NAS100,20220609,1400,12637.47,12670.22,12553.47,12580.10,20428
NAS100,20220609,1500,12580.72,12612.12,12531.64,12570.35,19690
NAS100,20220609,1600,12570.52,12595.51,12525.39,12585.97,17993
NAS100,20220609,1700,12586.18,12606.30,12500.37,12541.08,16337
NAS100,20220609,1800,12540.52,12541.70,12436.95,12437.66,16533
NAS100,20220609,1900,12435.72,12440.72,12269.22,12271.08,18891
NAS100,20220609,2000,12272.67,12300.90,12253.89,12295.25,6399
NAS100,20220609,2200,12300.30,12304.33,12272.77,12279.95,2380
NAS100,20220609,2300,12280.20,12299.45,12274.79,12286.62,2285
NAS100,20220610,0000,12286.45,12298.58,12261.08,12275.08,4954
NAS100,20220610,0100,12274.95,12287.80,12269.87,12279.37,5370
NAS100,20220610,0200,12279.45,12301.75,12276.83,12294.45,4021
NAS100,20220610,0300,12294.58,12329.95,12294.58,12307.45,3195
NAS100,20220610,0400,12307.33,12309.20,12282.89,12287.42,1986
NAS100,20220610,0500,12287.75,12334.16,12287.08,12314.89,4510
NAS100,20220610,0600,12314.62,12336.99,12308.55,12322.39,4848
NAS100,20220610,0700,12320.70,12332.20,12258.92,12264.45,7997
NAS100,20220610,0800,12264.70,12322.45,12257.45,12288.54,7028
NAS100,20220610,0900,12288.56,12326.56,12286.08,12301.62,4996
NAS100,20220610,1000,12301.79,12312.95,12270.05,12288.20,4668
NAS100,20220610,1100,12288.10,12319.77,12274.33,12291.70,4550
NAS100,20220610,1200,12292.45,12329.30,12032.05,12033.20,10816
NAS100,20220610,1300,12033.29,12089.08,11940.38,11957.30,13506
NAS100,20220610,1400,11942.05,11946.80,11851.34,11855.60,18398
NAS100,20220610,1500,11854.25,11879.84,11821.84,11863.75,15922
NAS100,20220610,1600,11864.09,11887.75,11833.75,11859.60,13404
NAS100,20220610,1700,11859.67,11901.13,11834.17,11897.75,6193
NAS100,20220610,1800,11898.38,11946.86,11873.88,11934.88,13427
NAS100,20220610,1900,11933.50,11971.35,11836.31,11838.15,15640
NAS100,20220610,2000,11839.20,11871.70,11834.45,11856.95,3887
NAS100,20220612,2200,11670.96,11691.71,11649.58,11659.24,2733
NAS100,20220612,2300,11659.74,11672.62,11649.46,11665.24,2194
NAS100,20220613,0000,11665.52,11666.62,11608.62,11610.67,3716
NAS100,20220613,0100,11610.99,11622.28,11569.96,11602.12,5895
NAS100,20220613,0200,11602.21,11636.53,11595.71,11629.96,5163
NAS100,20220613,0300,11630.62,11636.12,11615.31,11622.49,3588
NAS100,20220613,0400,11622.74,11643.24,11596.67,11599.37,3420
NAS100,20220613,0500,11598.78,11630.87,11573.99,11590.96,5367
NAS100,20220613,0600,11590.93,11598.70,11550.99,11566.96,7968
NAS100,20220613,0700,11563.21,11613.74,11540.96,11549.96,11656
NAS100,20220613,0800,11549.21,11550.49,11432.71,11475.74,9350
NAS100,20220613,0900,11475.46,11515.74,11458.43,11492.71,7247
NAS100,20220613,1000,11492.62,11532.49,11484.62,11514.21,5879
NAS100,20220613,1100,11513.46,11536.62,11458.71,11465.21,5750
NAS100,20220613,1200,11465.49,11528.49,11464.71,11492.62,6929
NAS100,20220613,1300,11492.99,11573.98,11461.49,11484.02,18149
NAS100,20220613,1400,11483.77,11524.48,11342.99,11358.12,23234
NAS100,20220613,1500,11358.33,11442.04,11317.79,11409.48,22369
NAS100,20220613,1600,11408.92,11528.54,11386.92,11416.79,21448
NAS100,20220613,1700,11417.83,11464.23,11373.67,11450.92,18471
NAS100,20220613,1800,11451.12,11451.92,11354.46,11361.67,18552
NAS100,20220613,1900,11362.04,11403.58,11253.96,11294.96,20677
NAS100,20220613,2000,11293.96,11350.37,11272.21,11329.22,5562
NAS100,20220613,2200,11331.39,11370.29,11331.39,11349.92,2850
NAS100,20220613,2300,11350.04,11353.62,11312.48,11339.12,2960
NAS100,20220614,0000,11338.39,11393.79,11322.89,11377.73,6773
NAS100,20220614,0100,11377.92,11383.67,11335.42,11341.42,7098
NAS100,20220614,0200,11341.29,11374.88,11336.89,11371.96,5357
NAS100,20220614,0300,11371.92,11400.49,11371.79,11394.17,4077
NAS100,20220614,0400,11395.04,11451.79,11394.92,11435.17,4997
NAS100,20220614,0500,11436.29,11486.92,11430.87,11477.73,5800
NAS100,20220614,0600,11477.39,11503.12,11472.71,11485.92,5352
NAS100,20220614,0700,11485.89,11489.08,11408.37,11451.67,10898
NAS100,20220614,0800,11451.29,11458.60,11375.79,11387.67,9082
NAS100,20220614,0900,11387.71,11401.96,11369.19,11382.85,8677
NAS100,20220614,1000,11382.67,11406.04,11339.42,11386.29,8943
NAS100,20220614,1100,11386.37,11389.29,11323.96,11328.92,8320
NAS100,20220614,1200,11328.54,11444.29,11327.89,11385.54,11021
NAS100,20220614,1300,11385.64,11423.21,11261.14,11374.84,17742
NAS100,20220614,1400,11373.72,11402.09,11238.54,11312.47,23044
NAS100,20220614,1500,11311.22,11359.59,11253.90,11347.47,20224
NAS100,20220614,1600,11347.39,11349.09,11275.59,11323.99,18122
NAS100,20220614,1700,11324.42,11421.22,11286.84,11297.51,18746
NAS100,20220614,1800,11298.22,11336.34,11267.28,11269.01,17026
NAS100,20220614,1900,11268.67,11363.09,11202.99,11316.76,19577
NAS100,20220614,2000,11315.92,11328.86,11292.32,11327.14,4413
NAS100,20220614,2200,11329.61,11365.71,11327.86,11343.89,2740
NAS100,20220614,2300,11343.92,11414.10,11328.14,11396.52,3326
NAS100,20220615,0000,11396.64,11399.52,11360.02,11370.86,5200
NAS100,20220615,0100,11370.61,11412.11,11364.86,11388.89,4797
NAS100,20220615,0200,11389.46,11412.39,11384.61,11397.96,3413
NAS100,20220615,0300,11398.02,11408.71,11373.85,11374.18,2921
NAS100,20220615,0400,11374.27,11381.64,11341.72,11347.11,2619
NAS100,20220615,0500,11347.68,11390.21,11325.33,11368.92,5577
NAS100,20220615,0600,11367.60,11399.11,11355.11,11375.86,6846
NAS100,20220615,0700,11376.36,11394.64,11335.43,11388.43,10348
NAS100,20220615,0800,11387.86,11426.68,11372.61,11393.77,8007
NAS100,20220615,0900,11393.99,11401.14,11363.86,11396.02,7154
NAS100,20220615,1000,11395.93,11396.39,11365.77,11379.77,6695
NAS100,20220615,1100,11378.77,11449.93,11365.08,11445.64,7806
NAS100,20220615,1200,11445.60,11482.62,11396.61,11461.52,11263
NAS100,20220615,1300,11461.62,11515.15,11427.32,11477.11,17862
NAS100,20220615,1400,11478.11,11540.19,11430.51,11463.19,20033
NAS100,20220615,1500,11462.15,11501.23,11446.32,11498.94,17718
NAS100,20220615,1600,11499.12,11537.15,11453.69,11458.51,15957
NAS100,20220615,1700,11458.90,11556.61,11456.07,11536.86,13167
NAS100,20220615,1800,11526.82,11717.57,11339.36,11554.44,22448
NAS100,20220615,1900,11558.36,11757.26,11542.11,11595.65,21074
NAS100,20220615,2000,11595.27,11602.85,11558.61,11590.62,4218
NAS100,20220615,2200,11608.61,11671.89,11608.61,11657.64,3581
NAS100,20220615,2300,11657.77,11689.52,11640.60,11688.52,2996
NAS100,20220616,0000,11688.35,11702.27,11674.11,11693.35,5050
NAS100,20220616,0100,11693.43,11735.64,11658.60,11669.14,6525
NAS100,20220616,0200,11669.27,11678.64,11636.18,11663.77,5773
NAS100,20220616,0300,11663.60,11686.43,11637.39,11646.02,4384
NAS100,20220616,0400,11645.89,11653.39,11602.52,11604.64,4082
NAS100,20220616,0500,11604.39,11609.89,11531.61,11534.68,5940
NAS100,20220616,0600,11534.61,11560.14,11431.27,11444.86,5216
NAS100,20220616,0700,11443.61,11460.11,11285.36,11337.11,9126
NAS100,20220616,0800,11337.61,11360.36,11261.36,11261.36,7051
NAS100,20220616,0900,11260.64,11293.95,11231.36,11288.14,6665
NAS100,20220616,1000,11288.36,11316.86,11255.36,11267.36,5062
NAS100,20220616,1100,11267.11,11306.11,11249.11,11286.23,6577
NAS100,20220616,1200,11285.86,11386.70,11280.86,11321.36,6909
NAS100,20220616,1300,11321.39,11338.89,11217.61,11232.11,15006
NAS100,20220616,1400,11230.36,11230.36,11095.36,11108.61,15562
NAS100,20220616,1500,11109.11,11206.37,11105.86,11158.00,14932
NAS100,20220616,1600,11158.32,11179.98,11109.11,11160.90,14635
NAS100,20220616,1700,11162.36,11200.69,11080.36,11081.44,16325
NAS100,20220616,1800,11081.25,11104.40,11035.36,11063.11,13192
NAS100,20220616,1900,11062.61,11146.44,11056.61,11130.11,12456
NAS100,20220616,2000,11130.86,11173.11,11110.86,11170.24,6245
NAS100,20220616,2200,11175.84,11195.37,11158.83,11158.99,4361
NAS100,20220616,2300,11158.87,11173.58,11135.44,11164.24,4247
NAS100,20220617,0000,11163.49,11200.76,11133.99,11173.37,8687
NAS100,20220617,0100,11172.74,11220.37,11166.09,11213.59,7928
NAS100,20220617,0200,11214.12,11238.87,11188.62,11202.09,7419
NAS100,20220617,0300,11202.34,11230.16,11188.74,11198.24,6617
NAS100,20220617,0400,11198.12,11258.24,11195.09,11251.16,5582
NAS100,20220617,0500,11251.12,11263.49,11227.34,11228.87,6881
NAS100,20220617,0600,11228.84,11232.74,11167.34,11194.09,8652
NAS100,20220617,0700,11195.09,11244.49,11169.74,11238.58,12731
NAS100,20220617,0800,11237.84,11274.12,11220.43,11237.37,9686
NAS100,20220617,0900,11237.33,11269.99,11223.24,11258.24,8729
NAS100,20220617,1000,11257.66,11279.83,11238.37,11258.49,7659
NAS100,20220617,1100,11258.16,11292.41,11246.17,11259.49,7569
NAS100,20220617,1200,11259.37,11268.74,11202.14,11212.33,8875
NAS100,20220617,1300,11212.31,11319.79,11139.24,11284.79,19133
NAS100,20220617,1400,11285.63,11291.21,11092.67,11142.98,22933
NAS100,20220617,1500,11143.44,11289.69,11110.21,11205.46,22047
NAS100,20220617,1600,11206.88,11282.17,11179.04,11263.38,21050
NAS100,20220617,1700,11262.67,11367.24,11255.50,11314.36,20512
NAS100,20220617,1800,11316.04,11355.54,11291.14,11301.44,19468
NAS100,20220617,1900,11301.61,11328.86,11240.94,11267.67,21301
NAS100,20220617,2000,11264.69,11289.84,11262.99,11281.62,5182
NAS100,20220619,2200,11302.86,11392.57,11286.79,11389.52,5168
NAS100,20220619,2300,11389.57,11407.44,11363.27,11398.79,4296
NAS100,20220620,0000,11399.04,11402.57,11316.11,11320.11,8510
NAS100,20220620,0100,11319.57,11340.82,11244.86,11270.54,10163
NAS100,20220620,0200,11270.94,11329.19,11268.04,11323.36,7574
NAS100,20220620,0300,11323.54,11358.77,11316.36,11339.86,6930
NAS100,20220620,0400,11340.27,11343.02,11311.13,11315.36,3822
NAS100,20220620,0500,11315.32,11336.54,11299.07,11336.54,6196
NAS100,20220620,0600,11336.69,11356.94,11328.27,11349.94,5496
NAS100,20220620,0700,11350.19,11368.32,11301.13,11340.69,9132
NAS100,20220620,0800,11340.57,11366.85,11329.32,11358.57,5943
NAS100,20220620,0900,11358.77,11359.19,11333.94,11353.44,5516
NAS100,20220620,1000,11353.36,11372.19,11344.54,11348.19,4866
NAS100,20220620,1100,11348.27,11367.69,11342.49,11363.19,3882
NAS100,20220620,1200,11363.32,11369.05,11336.94,11338.07,4036
NAS100,20220620,1300,11338.08,11346.74,11304.12,11334.91,7543
NAS100,20220620,1400,11334.82,11355.55,11333.99,11348.43,6169
NAS100,20220620,1500,11348.62,11393.99,11345.41,11385.41,5363
NAS100,20220620,1600,11385.33,11401.16,11374.44,11392.04,4731
NAS100,20220620,2200,11395.21,11398.49,11373.46,11391.03,2778
NAS100,20220620,2300,11390.87,11412.03,11368.12,11393.87,3644
NAS100,20220621,0000,11393.74,11427.87,11380.20,11417.28,6697
NAS100,20220621,0100,11417.37,11426.70,11395.12,11423.80,6664
NAS100,20220621,0200,11423.62,11437.49,11420.03,11431.37,5300
NAS100,20220621,0300,11431.24,11475.62,11429.05,11456.24,4728
NAS100,20220621,0400,11456.12,11463.39,11449.87,11460.74,2468
NAS100,20220621,0500,11460.55,11467.29,11428.49,11438.03,4756
NAS100,20220621,0600,11437.74,11450.55,11401.21,11424.12,5888
NAS100,20220621,0700,11424.20,11510.87,11418.70,11489.37,8624
NAS100,20220621,0800,11488.78,11515.99,11480.99,11503.24,6129
NAS100,20220621,0900,11503.47,11508.45,11467.03,11473.99,4430
NAS100,20220621,1000,11473.70,11484.70,11461.82,11477.45,5984
NAS100,20220621,1100,11477.28,11477.28,11420.71,11427.49,6174
NAS100,20220621,1200,11427.80,11460.74,11411.71,11427.37,7464
NAS100,20220621,1300,11426.46,11601.33,11426.12,11598.77,13394
NAS100,20220621,1400,11598.17,11647.73,11584.97,11641.79,18416
NAS100,20220621,1500,11641.96,11647.54,11576.54,11576.57,16451
NAS100,20220621,1600,11576.40,11603.32,11558.26,11598.67,16436
NAS100,20220621,1700,11599.00,11612.71,11567.07,11572.49,15184
NAS100,20220621,1800,11572.17,11588.67,11546.46,11582.79,16170
NAS100,20220621,1900,11582.74,11601.35,11531.58,11550.48,15258
NAS100,20220621,2000,11544.32,11560.70,11534.24,11551.71,4430
NAS100,20220621,2200,11546.69,11546.69,11524.95,11541.97,2708
NAS100,20220621,2300,11542.09,11545.97,11523.84,11543.72,2396
NAS100,20220622,0000,11543.78,11546.69,11490.94,11501.01,6085
NAS100,20220622,0100,11501.18,11511.93,11470.47,11480.34,6319
NAS100,20220622,0200,11480.44,11489.39,11436.09,11437.72,5737
NAS100,20220622,0300,11438.22,11445.59,11417.34,11433.68,5610
NAS100,20220622,0400,11433.72,11446.84,11420.84,11440.19,3325
NAS100,20220622,0500,11440.26,11454.97,11389.72,11396.76,5472
NAS100,20220622,0600,11396.78,11412.84,11379.94,11400.19,6311
NAS100,20220622,0700,11397.84,11400.34,11302.01,11309.41,11494
NAS100,20220622,0800,11307.18,11332.59,11288.59,11322.26,8273
NAS100,20220622,0900,11320.47,11350.51,11319.47,11345.59,6698
NAS100,20220622,1000,11345.84,11367.26,11342.01,11351.68,5467
NAS100,20220622,1100,11355.47,11396.47,11353.81,11366.91,6422
NAS100,20220622,1200,11367.03,11386.39,11333.44,11384.97,8826
NAS100,20220622,1300,11384.81,11586.89,11357.97,11558.27,18194
NAS100,20220622,1400,11565.77,11713.84,11526.54,11665.52,22829
NAS100,20220622,1500,11666.24,11683.56,11551.61,11555.84,20719
NAS100,20220622,1600,11555.93,11623.54,11535.92,11621.27,19216
NAS100,20220622,1700,11621.06,11649.64,11586.89,11627.77,15503
NAS100,20220622,1800,11627.85,11686.17,11610.25,11637.54,16715
NAS100,20220622,1900,11638.52,11650.29,11508.08,11526.49,20266
NAS100,20220622,2000,11527.66,11536.18,11508.74,11512.44,5660
NAS100,20220622,2200,11510.84,11524.31,11489.81,11499.39,2933
NAS100,20220622,2300,11499.31,11499.97,11429.15,11453.87,5220
NAS100,20220623,0000,11452.91,11572.56,11450.81,11554.85,8556
NAS100,20220623,0100,11554.35,11561.89,11471.14,11476.93,9094
NAS100,20220623,0200,11476.68,11516.47,11458.40,11498.47,7895
NAS100,20220623,0300,11498.18,11520.81,11487.40,11495.22,5880
NAS100,20220623,0400,11495.66,11541.18,11480.39,11524.97,5490
NAS100,20220623,0500,11524.64,11557.83,11520.14,11537.93,5807
NAS100,20220623,0600,11537.90,11541.22,11512.15,11528.97,5835
NAS100,20220623,0700,11529.47,11530.90,11454.15,11490.15,11479
NAS100,20220623,0800,11486.40,11593.47,11474.90,11557.14,9143
NAS100,20220623,0900,11557.06,11617.89,11554.26,11606.81,7733
NAS100,20220623,1000,11606.56,11670.76,11600.56,11664.31,7354
NAS100,20220623,1100,11664.12,11673.14,11637.87,11647.88,7694
NAS100,20220623,1200,11647.86,11650.16,11579.81,11611.93,9116
NAS100,20220623,1300,11611.56,11651.91,11512.11,11614.19,19556
NAS100,20220623,1400,11614.27,11699.73,11562.76,11690.44,24586
NAS100,20220623,1500,11689.38,11711.26,11616.01,11619.79,21517
NAS100,20220623,1600,11619.69,11624.79,11536.29,11548.42,20646
NAS100,20220623,1700,11548.92,11591.42,11515.98,11587.11,18207
NAS100,20220623,1800,11587.73,11648.76,11574.08,11636.48,17376
NAS100,20220623,1900,11635.98,11735.11,11619.48,11702.16,18129
NAS100,20220623,2000,11701.82,11701.82,11649.72,11655.84,5030
NAS100,20220623,2200,11655.84,11682.60,11655.84,11677.60,3094
NAS100,20220623,2300,11677.35,11691.10,11659.25,11664.55,2879
NAS100,20220624,0000,11663.75,11703.60,11653.09,11698.66,6913
NAS100,20220624,0100,11698.60,11755.00,11691.40,11750.87,6923
NAS100,20220624,0200,11750.75,11800.87,11743.09,11796.37,5936
NAS100,20220624,0300,11796.50,11810.16,11779.08,11781.50,4584
NAS100,20220624,0400,11781.68,11833.45,11779.06,11820.80,4742
NAS100,20220624,0500,11820.83,11842.25,11807.93,11822.75,5620
NAS100,20220624,0600,11823.37,11823.91,11788.84,11794.75,5459
NAS100,20220624,0700,11794.08,11831.41,11774.00,11816.64,8823
NAS100,20220624,0800,11816.25,11830.50,11784.50,11808.50,7036
NAS100,20220624,0900,11808.75,11822.06,11797.75,11820.75,5257
NAS100,20220624,1000,11820.37,11832.75,11809.12,11810.16,5005
NAS100,20220624,1100,11809.81,11825.37,11782.68,11790.41,5426
NAS100,20220624,1200,11790.37,11808.75,11780.85,11793.00,6280
NAS100,20220624,1300,11792.90,11951.96,11789.37,11923.61,15598
NAS100,20220624,1400,11939.67,12050.38,11939.09,11981.48,22300
NAS100,20220624,1500,11980.70,12009.96,11938.13,11981.60,19293
NAS100,20220624,1600,11982.13,11999.11,11961.55,11994.90,14448
NAS100,20220624,1700,11994.92,12005.07,11966.62,11975.65,12736
NAS100,20220624,1800,11975.80,12025.17,11967.88,12022.62,12326
NAS100,20220624,1900,12023.58,12112.48,12005.84,12110.63,13451
NAS100,20220624,2000,12115.62,12115.62,12063.59,12080.90,5052
NAS100,20220627,0800,12196.62,12200.24,12180.24,12187.16,1505
NAS100,20220627,0900,12186.49,12196.49,12168.40,12187.58,5477
NAS100,20220627,1000,12187.74,12191.74,12146.46,12165.66,5822
NAS100,20220627,1100,12165.62,12200.56,12160.81,12173.62,5117
NAS100,20220627,1200,12173.84,12179.62,12115.94,12127.64,8294
NAS100,20220627,1300,12127.12,12179.01,11989.17,12031.88,12034
NAS100,20220627,1400,12032.23,12117.06,11993.61,12105.29,17938
NAS100,20220627,1500,12105.24,12119.14,12054.64,12086.94,18302
NAS100,20220627,1600,12086.69,12095.11,12008.88,12061.98,17996
NAS100,20220627,1700,12062.09,12066.46,11998.99,12007.69,16726
NAS100,20220627,1800,12007.48,12043.44,11996.54,12017.19,15739
NAS100,20220627,1900,12017.29,12031.49,11962.94,12012.67,18442
NAS100,20220627,2000,12013.46,12047.62,12012.66,12042.59,5431
NAS100,20220627,2200,12044.76,12050.08,12022.08,12030.55,1866
NAS100,20220627,2300,12031.05,12042.72,12024.55,12035.55,2165
NAS100,20220628,0000,12035.17,12064.05,12033.39,12048.92,5088
NAS100,20220628,0100,12049.17,12055.75,11978.05,11986.30,6553
NAS100,20220628,0200,11986.20,12004.09,11939.88,11971.97,6948
NAS100,20220628,0300,11972.67,12000.19,11968.74,11991.30,4586
NAS100,20220628,0400,11991.22,12006.21,11976.97,11992.30,3631
NAS100,20220628,0500,11992.39,12026.05,11990.64,12020.42,5063
NAS100,20220628,0600,12021.17,12094.20,12019.45,12067.35,7365
NAS100,20220628,0700,12067.42,12124.92,12015.89,12045.30,10176
NAS100,20220628,0800,12045.42,12084.41,12043.14,12079.64,6726
NAS100,20220628,0900,12078.49,12094.55,12051.14,12055.38,6016
NAS100,20220628,1000,12055.42,12077.22,12045.64,12072.80,5015
NAS100,20220628,1100,12072.39,12090.16,12057.88,12067.55,4922
NAS100,20220628,1200,12068.22,12076.35,12011.73,12038.95,7446
NAS100,20220628,1300,12038.92,12141.72,12021.54,12071.39,11932
NAS100,20220628,1400,12072.22,12092.97,11903.77,11938.41,18681
NAS100,20220628,1500,11938.24,11949.85,11752.89,11760.41,20709
NAS100,20220628,1600,11760.45,11806.15,11728.38,11786.41,20033
NAS100,20220628,1700,11786.45,11786.45,11708.70,11724.81,18237
NAS100,20220628,1800,11724.93,11753.75,11658.06,11685.49,16347
NAS100,20220628,1900,11685.18,11699.52,11636.68,11642.89,18821
NAS100,20220628,2000,11642.66,11652.63,11630.90,11649.77,5500
NAS100,20220628,2200,11649.22,11668.50,11646.47,11668.25,2134
NAS100,20220628,2300,11668.18,11668.19,11644.88,11658.22,2984
NAS100,20220629,0000,11658.38,11676.13,11629.38,11635.94,6496
NAS100,20220629,0100,11636.17,11673.29,11632.38,11653.25,6190
NAS100,20220629,0200,11653.67,11679.73,11641.71,11670.00,5331
NAS100,20220629,0300,11669.96,11673.25,11651.25,11662.38,4495
NAS100,20220629,0400,11662.63,11689.75,11657.03,11680.63,3333
NAS100,20220629,0500,11680.54,11693.79,11672.88,11677.00,4605
NAS100,20220629,0600,11676.97,11686.04,11603.07,11610.97,6818
NAS100,20220629,0700,11610.97,11659.38,11598.29,11636.79,10200
NAS100,20220629,0800,11636.54,11674.00,11631.07,11653.00,7599
NAS100,20220629,0900,11652.79,11667.49,11587.47,11593.43,6507
NAS100,20220629,1000,11593.25,11624.53,11591.71,11607.21,6802
NAS100,20220629,1100,11608.00,11664.07,11592.21,11659.82,6151
NAS100,20220629,1200,11659.88,11692.63,11608.69,11630.38,9571
NAS100,20220629,1300,11630.25,11687.99,11535.84,11660.49,12363
NAS100,20220629,1400,11658.55,11717.78,11602.18,11662.87,15452
NAS100,20220629,1500,11662.49,11687.44,11609.18,11662.99,17692
NAS100,20220629,1600,11662.93,11667.74,11575.27,11623.09,17520
NAS100,20220629,1700,11623.53,11664.30,11592.55,11662.26,15223
NAS100,20220629,1800,11662.32,11698.55,11617.78,11630.68,14563
NAS100,20220629,1900,11630.43,11690.63,11615.78,11660.11,16613
NAS100,20220629,2000,11659.45,11666.57,11638.53,11661.73,3937
NAS100,20220629,2200,11662.30,11667.38,11654.48,11661.12,1614
NAS100,20220629,2300,11661.63,11662.72,11640.47,11649.22,2080
NAS100,20220630,0000,11648.99,11658.88,11623.17,11645.47,5173
NAS100,20220630,0100,11645.63,11645.72,11601.90,11610.38,6728
NAS100,20220630,0200,11610.42,11645.67,11610.30,11637.30,5072
NAS100,20220630,0300,11638.17,11643.55,11616.65,11623.92,3884
NAS100,20220630,0400,11623.80,11630.80,11614.27,11619.86,2638
NAS100,20220630,0500,11619.80,11625.17,11547.30,11569.63,6597
NAS100,20220630,0600,11569.80,11578.59,11467.05,11492.61,9285
NAS100,20220630,0700,11493.22,11523.99,11462.65,11515.80,11704
NAS100,20220630,0800,11515.92,11538.90,11487.24,11496.17,8931
NAS100,20220630,0900,11496.30,11497.67,11433.17,11477.47,8435
NAS100,20220630,1000,11477.15,11479.67,11445.70,11475.05,6290
NAS100,20220630,1100,11474.92,11489.26,11447.67,11462.97,6982
NAS100,20220630,1200,11463.30,11550.80,11459.65,11484.25,10748
NAS100,20220630,1300,11484.05,11558.43,11364.47,11368.22,18639
NAS100,20220630,1400,11368.68,11464.12,11322.72,11458.22,23074
NAS100,20220630,1500,11459.22,11585.45,11428.50,11583.00,20828
NAS100,20220630,1600,11583.20,11656.20,11511.42,11606.41,19080
NAS100,20220630,1700,11606.47,11638.82,11537.85,11615.70,17493
NAS100,20220630,1800,11615.68,11625.70,11507.10,11520.29,18195
NAS100,20220630,1900,11520.22,11574.56,11442.60,11514.77,21435
NAS100,20220630,2000,11514.66,11515.65,11467.92,11482.02,6020
NAS100,20220630,2200,11479.20,11484.12,11453.40,11468.70,3409
NAS100,20220630,2300,11468.58,11519.33,11462.95,11516.12,3726
NAS100,20220701,0000,11516.28,11528.12,11495.08,11499.78,7058
NAS100,20220701,0100,11499.62,11508.37,11450.58,11470.76,6939
NAS100,20220701,0200,11470.80,11495.33,11411.56,11424.58,7063
NAS100,20220701,0300,11424.78,11426.62,11369.62,11392.08,7752
NAS100,20220701,0400,11392.45,11405.83,11354.33,11375.28,6583
NAS100,20220701,0500,11375.20,11400.70,11355.78,11382.20,7220
NAS100,20220701,0600,11382.03,11420.70,11368.95,11405.05,7440
NAS100,20220701,0700,11405.33,11447.45,11361.87,11411.64,11621
NAS100,20220701,0800,11411.30,11470.95,11384.70,11460.80,8930
NAS100,20220701,0900,11460.45,11495.89,11450.37,11492.62,7428
NAS100,20220701,1000,11492.28,11498.95,11431.06,11438.53,6526
NAS100,20220701,1100,11439.05,11473.20,11402.25,11419.58,7952
NAS100,20220701,1200,11420.03,11479.53,11406.64,11468.14,8537
NAS100,20220701,1300,11469.28,11571.65,11390.19,11531.55,18399
NAS100,20220701,1400,11531.80,11586.25,11374.38,11430.31,25544
NAS100,20220701,1500,11430.00,11503.18,11399.05,11426.30,21793
NAS100,20220701,1600,11425.60,11469.29,11399.50,11409.18,17878
NAS100,20220701,1700,11408.71,11495.94,11404.97,11494.57,16758
NAS100,20220701,1800,11495.19,11559.69,11456.32,11550.88,15795
NAS100,20220701,1900,11550.78,11600.50,11514.15,11584.31,17289
NAS100,20220701,2000,11583.44,11592.28,11575.60,11579.70,2377
NAS100,20220703,2200,11579.98,11590.73,11559.83,11572.51,2333
NAS100,20220703,2300,11572.63,11586.26,11534.46,11545.38,3868
NAS100,20220704,0000,11543.96,11551.76,11499.94,11507.48,6968
NAS100,20220704,0100,11507.73,11518.76,11473.98,11508.21,8570
NAS100,20220704,0200,11507.96,11522.71,11481.56,11503.26,6746
NAS100,20220704,0300,11502.98,11513.76,11495.51,11507.80,4464
NAS100,20220704,0400,11507.63,11509.63,11483.23,11497.71,3401
NAS100,20220704,0500,11498.05,11522.01,11491.23,11520.88,4877
NAS100,20220704,0600,11521.05,11549.38,11510.88,11530.69,5010
NAS100,20220704,0700,11530.96,11541.80,11486.70,11493.88,7956
NAS100,20220704,0800,11494.13,11513.71,11490.63,11505.80,4925
NAS100,20220704,0900,11505.63,11552.58,11495.60,11542.46,4905
NAS100,20220704,1000,11542.76,11552.81,11524.92,11542.73,3740
NAS100,20220704,1100,11542.96,11550.71,11525.21,11537.76,3800
NAS100,20220704,1200,11537.23,11547.05,11528.80,11538.13,3317
NAS100,20220704,1300,11537.96,11551.76,11518.01,11522.35,4287
NAS100,20220704,1400,11522.01,11525.78,11505.06,11518.93,5000
NAS100,20220704,1500,11519.06,11543.03,11517.93,11526.62,3917
NAS100,20220704,1600,11527.18,11548.24,11524.56,11527.98,2528
NAS100,20220704,1700,11527.73,11527.73,11527.73,11527.73,1
NAS100,20220704,2200,11526.47,11629.00,11526.47,11623.54,3899
NAS100,20220704,2300,11622.97,11719.04,11620.75,11667.04,6393
NAS100,20220705,0000,11666.81,11688.04,11658.47,11668.72,5932
NAS100,20220705,0100,11668.95,11675.12,11635.00,11667.62,6991
NAS100,20220705,0200,11667.37,11670.79,11620.93,11627.45,6155
NAS100,20220705,0300,11627.25,11644.87,11622.12,11624.25,4969
NAS100,20220705,0400,11624.50,11646.32,11623.87,11645.00,3444
NAS100,20220705,0500,11644.80,11658.19,11634.20,11646.12,4560
NAS100,20220705,0600,11646.00,11674.37,11640.62,11653.00,4885
NAS100,20220705,0700,11652.97,11653.79,11602.75,11604.72,8938
NAS100,20220705,0800,11604.70,11620.93,11493.72,11498.25,9887
NAS100,20220705,0900,11498.47,11512.04,11477.82,11507.00,8415
NAS100,20220705,1000,11506.60,11531.43,11502.77,11512.75,5360
NAS100,20220705,1100,11513.29,11520.54,11453.18,11457.42,6390
NAS100,20220705,1200,11457.37,11461.72,11403.59,11410.62,11235
NAS100,20220705,1300,11410.68,11456.17,11360.48,11420.61,18705
NAS100,20220705,1400,11419.82,11580.34,11376.90,11500.82,24677
NAS100,20220705,1500,11501.05,11558.94,11439.07,11541.92,21806
NAS100,20220705,1600,11542.59,11617.96,11516.50,11554.84,18674
NAS100,20220705,1700,11554.77,11673.96,11551.75,11645.80,16875
NAS100,20220705,1800,11646.00,11753.74,11627.57,11727.42,16279
NAS100,20220705,1900,11727.30,11784.49,11701.22,11782.59,17716
NAS100,20220705,2000,11784.53,11786.37,11765.06,11782.34,4745
NAS100,20220705,2200,11793.24,11807.39,11774.99,11781.23,3143
NAS100,20220705,2300,11781.39,11787.81,11745.63,11753.81,3405
NAS100,20220706,0000,11754.02,11831.77,11753.81,11820.98,7423
NAS100,20220706,0100,11821.23,11843.89,11760.34,11775.89,8729
NAS100,20220706,0200,11775.71,11791.23,11748.23,11762.97,6369
NAS100,20220706,0300,11763.18,11796.77,11752.52,11794.64,5186
NAS100,20220706,0400,11794.46,11794.89,11764.49,11768.64,3905
NAS100,20220706,0500,11768.89,11774.52,11733.33,11733.89,5823
NAS100,20220706,0600,11733.56,11766.89,11702.24,11764.77,7592
NAS100,20220706,0700,11765.02,11833.02,11764.49,11803.77,11534
NAS100,20220706,0800,11803.64,11810.14,11732.31,11740.56,8441
NAS100,20220706,0900,11740.58,11780.64,11725.48,11774.49,7349
NAS100,20220706,1000,11774.77,11791.14,11749.27,11760.48,5877
NAS100,20220706,1100,11760.14,11760.14,11712.34,11726.89,6152
NAS100,20220706,1200,11726.58,11793.56,11699.02,11779.02,9029
NAS100,20220706,1300,11779.14,11853.19,11725.04,11822.89,18374
NAS100,20220706,1400,11823.94,11846.98,11742.19,11817.10,25067
NAS100,20220706,1500,11816.66,11828.57,11725.19,11766.58,20063
NAS100,20220706,1600,11766.61,11796.76,11748.29,11793.07,15881
NAS100,20220706,1700,11792.84,11828.54,11791.94,11819.49,13037
NAS100,20220706,1800,11820.07,11915.61,11762.90,11908.57,22825
NAS100,20220706,1900,11909.19,11944.84,11819.36,11854.53,18608
NAS100,20220706,2000,11855.23,11877.35,11851.27,11873.62,4484
NAS100,20220706,2200,11871.74,11881.56,11856.66,11858.70,2274
NAS100,20220706,2300,11858.91,11875.30,11853.41,11868.33,2542
NAS100,20220707,0000,11868.48,11869.78,11833.45,11854.99,6174
NAS100,20220707,0100,11855.17,11855.45,11807.74,11831.74,7994
NAS100,20220707,0200,11832.08,11877.33,11831.91,11875.33,6930
NAS100,20220707,0300,11875.45,11880.27,11861.17,11862.91,5063
NAS100,20220707,0400,11862.74,11886.83,11862.74,11885.73,3249
NAS100,20220707,0500,11885.91,11920.73,11880.45,11895.24,5914
NAS100,20220707,0600,11895.20,11906.64,11872.38,11886.51,5630
NAS100,20220707,0700,11886.33,11909.20,11865.49,11895.95,8711
NAS100,20220707,0800,11895.67,11924.42,11885.33,11908.91,6426
NAS100,20220707,0900,11909.67,11917.54,11878.24,11880.58,6213
NAS100,20220707,1000,11880.49,11901.41,11861.33,11898.16,5389
NAS100,20220707,1100,11898.41,11918.18,11879.14,11915.08,4924
NAS100,20220707,1200,11914.95,11919.89,11880.01,11899.95,7404
NAS100,20220707,1300,11899.88,12019.57,11883.89,12005.29,15971
NAS100,20220707,1400,12005.43,12039.50,11961.17,12021.48,20055
NAS100,20220707,1500,12021.00,12059.56,11998.95,12059.41,16021
NAS100,20220707,1600,12059.64,12078.04,12045.69,12072.79,12391
NAS100,20220707,1700,12072.93,12097.29,12050.24,12096.73,10730
NAS100,20220707,1800,12096.93,12117.18,12087.11,12105.08,10434
NAS100,20220707,1900,12105.19,12138.63,12094.23,12106.25,13430
NAS100,20220707,2000,12106.19,12109.26,12085.66,12089.93,4000
NAS100,20220707,2200,12085.43,12093.39,12071.84,12081.93,2384
NAS100,20220707,2300,12081.91,12084.51,12067.84,12074.14,2858
NAS100,20220708,0000,12074.39,12092.51,12062.39,12089.89,6092
NAS100,20220708,0100,12089.84,12100.51,12078.34,12082.76,6410
NAS100,20220708,0200,12083.56,12097.14,12037.89,12045.34,7053
NAS100,20220708,0300,12045.57,12072.94,12036.11,12047.97,8393
NAS100,20220708,0400,12048.30,12068.52,12045.82,12065.20,3953
NAS100,20220708,0500,12065.16,12066.64,12033.82,12042.01,5484
NAS100,20220708,0600,12041.68,12058.76,12031.95,12057.81,4851
NAS100,20220708,0700,12057.31,12084.51,12043.61,12067.56,7316
NAS100,20220708,0800,12067.59,12080.65,12042.70,12045.64,5870
NAS100,20220708,0900,12045.51,12059.51,12022.98,12054.95,5427
NAS100,20220708,1000,12054.26,12094.82,12033.48,12039.43,6820
NAS100,20220708,1100,12039.20,12069.76,12037.16,12055.81,6038
NAS100,20220708,1200,12056.01,12075.61,11923.11,11981.59,12271
NAS100,20220708,1300,11981.69,12060.94,11949.44,11976.19,19890
NAS100,20220708,1400,11975.87,12127.61,11955.31,12116.06,21598
NAS100,20220708,1500,12116.64,12181.19,12111.29,12158.44,16707
NAS100,20220708,1600,12158.37,12159.62,12014.71,12029.69,17288
NAS100,20220708,1700,12029.96,12120.13,12009.99,12096.27,14297
NAS100,20220708,1800,12095.87,12160.09,12080.63,12148.77,13111
NAS100,20220708,1900,12148.39,12154.75,12111.19,12125.99,16231
NAS100,20220708,2000,12125.44,12136.01,12116.54,12129.11,2485
NAS100,20220710,2200,12112.71,12113.50,12064.21,12076.29,3887
NAS100,20220710,2300,12076.75,12098.00,12066.00,12087.87,4104
NAS100,20220711,0000,12087.96,12094.54,12064.22,12088.50,6182
NAS100,20220711,0100,12088.46,12088.46,12024.71,12026.22,8723
NAS100,20220711,0200,12025.75,12030.89,12005.70,12009.82,7069
NAS100,20220711,0300,12010.05,12021.31,11995.57,12020.37,5054
NAS100,20220711,0400,12020.25,12024.50,12004.29,12007.71,3763
NAS100,20220711,0500,12007.37,12016.57,11992.47,11999.25,5060
NAS100,20220711,0600,11999.21,12011.75,11968.12,11991.75,5980
NAS100,20220711,0700,11991.72,12036.25,11975.12,12014.62,9027
NAS100,20220711,0800,12014.57,12046.42,12009.29,12028.62,6592
NAS100,20220711,0900,12028.25,12047.50,12021.06,12022.47,4960
NAS100,20220711,1000,12022.29,12055.54,12015.87,12035.29,4890
NAS100,20220711,1100,12034.62,12050.46,12008.37,12014.97,4608
NAS100,20220711,1200,12015.25,12042.44,12009.79,12039.54,6525
NAS100,20220711,1300,12039.43,12046.50,11827.52,11855.99,8845
NAS100,20220711,1400,11855.57,11938.85,11824.17,11879.52,16356
NAS100,20220711,1500,11879.82,11930.84,11869.01,11887.35,16863
NAS100,20220711,1600,11887.87,11917.36,11872.65,11901.05,13549
NAS100,20220711,1700,11901.07,11975.55,11898.76,11956.01,13213
NAS100,20220711,1800,11956.09,11958.47,11877.96,11877.96,12852
NAS100,20220711,1900,11876.86,11884.30,11829.64,11855.73,14867
NAS100,20220711,2000,11863.47,11887.25,11862.69,11871.97,4035
NAS100,20220711,2200,11870.46,11875.46,11849.21,11853.08,2604
NAS100,20220711,2300,11853.27,11878.08,11852.21,11876.50,2734
NAS100,20220712,0000,11875.73,11881.33,11782.17,11786.58,7302
NAS100,20220712,0100,11786.96,11807.15,11778.21,11796.00,8781
NAS100,20220712,0200,11795.96,11805.99,11780.50,11789.58,6132
NAS100,20220712,0300,11789.42,11791.33,11761.08,11787.71,5099
NAS100,20220712,0400,11787.58,11789.18,11770.08,11779.83,3267
NAS100,20220712,0500,11779.58,11791.53,11771.71,11778.67,5167
NAS100,20220712,0600,11778.96,11793.33,11749.42,11784.43,6526
NAS100,20220712,0700,11785.49,11795.83,11731.43,11776.67,10083
NAS100,20220712,0800,11776.71,11797.65,11759.23,11790.27,5949
NAS100,20220712,0900,11790.33,11804.73,11768.83,11779.67,6409
NAS100,20220712,1000,11779.83,11824.63,11779.33,11792.96,6368
NAS100,20220712,1100,11793.21,11878.41,11788.39,11853.92,7906
NAS100,20220712,1200,11853.90,11897.71,11838.67,11880.21,7988
NAS100,20220712,1300,11880.28,11994.51,11829.45,11829.88,10544
NAS100,20220712,1400,11830.16,11879.06,11779.05,11844.74,16650
NAS100,20220712,1500,11845.18,11904.53,11826.24,11868.24,17725
NAS100,20220712,1600,11868.26,11906.04,11848.33,11887.23,15945
NAS100,20220712,1700,11887.22,11914.55,11838.85,11875.53,14814
NAS100,20220712,1800,11875.51,11878.78,11801.23,11802.16,12948
NAS100,20220712,1900,11801.99,11801.99,11685.72,11752.86,17847
NAS100,20220712,2000,11753.31,11754.75,11736.18,11752.93,4454
NAS100,20220712,2200,11754.03,11762.65,11742.57,11746.23,3088
NAS100,20220712,2300,11746.78,11764.01,11735.12,11746.90,3408
NAS100,20220713,0000,11747.95,11776.59,11743.50,11770.33,6400
NAS100,20220713,0100,11770.46,11790.07,11746.25,11759.78,7707
NAS100,20220713,0200,11759.55,11782.15,11751.57,11779.07,6360
NAS100,20220713,0300,11779.23,11792.21,11773.40,11779.96,4160
NAS100,20220713,0400,11780.28,11787.65,11774.90,11779.28,2815
NAS100,20220713,0500,11779.15,11785.21,11764.15,11780.00,4668
NAS100,20220713,0600,11780.00,11816.03,11753.50,11807.75,6224
NAS100,20220713,0700,11808.70,11808.70,11760.34,11767.53,9414
NAS100,20220713,0800,11767.40,11808.46,11743.47,11807.07,7517
NAS100,20220713,0900,11806.78,11808.28,11783.31,11788.25,5291
NAS100,20220713,1000,11788.22,11790.40,11767.23,11789.90,4872
NAS100,20220713,1100,11789.80,11808.28,11776.00,11800.90,5285
NAS100,20220713,1200,11800.73,11940.50,11455.04,11536.07,16673
NAS100,20220713,1300,11535.09,11673.37,11497.03,11650.70,22580
NAS100,20220713,1400,11649.83,11805.83,11572.40,11762.10,25682
NAS100,20220713,1500,11762.66,11803.08,11678.67,11720.45,21596
NAS100,20220713,1600,11720.27,11794.35,11706.92,11792.70,17774
NAS100,20220713,1700,11792.56,11826.85,11757.02,11796.83,16833
NAS100,20220713,1800,11796.80,11813.20,11712.80,11812.70,19137
NAS100,20220713,1900,11813.10,11815.40,11727.70,11730.95,18063
NAS100,20220713,2000,11730.83,11735.90,11701.10,11706.38,5182
NAS100,20220713,2200,11699.32,11704.23,11658.73,11671.06,3852
NAS100,20220713,2300,11671.15,11682.81,11634.95,11647.06,4564
NAS100,20220714,0000,11647.04,11674.13,11638.62,11666.30,6688
NAS100,20220714,0100,11666.35,11701.60,11661.35,11693.92,7779
NAS100,20220714,0200,11693.81,11722.23,11689.81,11708.38,5957
NAS100,20220714,0300,11708.65,11736.40,11707.31,11717.73,5045
NAS100,20220714,0400,11718.06,11730.35,11708.92,11721.73,3576
NAS100,20220714,0500,11721.85,11732.60,11681.06,11689.35,5832
NAS100,20220714,0600,11689.10,11699.40,11664.90,11680.06,6345
NAS100,20220714,0700,11680.35,11695.90,11639.85,11643.85,11885
NAS100,20220714,0800,11644.17,11667.90,11572.92,11601.38,10162
NAS100,20220714,0900,11601.40,11638.58,11588.65,11636.60,8228
NAS100,20220714,1000,11636.48,11649.04,11603.56,11626.63,8141
NAS100,20220714,1100,11626.67,11642.92,11602.07,11614.10,9200
NAS100,20220714,1200,11613.48,11656.79,11583.07,11628.35,12321
NAS100,20220714,1300,11626.98,11655.53,11520.13,11538.68,17104
NAS100,20220714,1400,11538.62,11576.63,11483.40,11551.35,17740
NAS100,20220714,1500,11554.24,11687.07,11553.53,11673.53,17914
NAS100,20220714,1600,11673.74,11685.82,11593.45,11622.38,17369
NAS100,20220714,1700,11622.43,11714.19,11602.09,11698.70,16630
NAS100,20220714,1800,11698.38,11804.13,11693.23,11775.90,16191
NAS100,20220714,1900,11775.88,11806.42,11734.28,11771.74,16847
NAS100,20220714,2000,11771.93,11789.01,11764.82,11778.70,4372
NAS100,20220714,2200,11785.11,11816.53,11782.63,11805.49,2796
NAS100,20220714,2300,11805.39,11839.66,11802.66,11837.11,3010
NAS100,20220715,0000,11835.86,11840.64,11782.93,11787.30,7758
NAS100,20220715,0100,11786.57,11823.61,11776.67,11822.64,8032
NAS100,20220715,0200,11822.54,11832.43,11815.36,11829.86,6194
NAS100,20220715,0300,11830.11,11831.20,11801.80,11826.36,5203
NAS100,20220715,0400,11826.24,11828.74,11806.82,11812.41,2987
NAS100,20220715,0500,11812.24,11816.11,11780.64,11799.24,5651
NAS100,20220715,0600,11797.41,11811.06,11762.33,11763.02,6183
NAS100,20220715,0700,11763.57,11800.74,11737.43,11778.86,10688
NAS100,20220715,0800,11778.64,11825.32,11758.43,11805.61,8081
NAS100,20220715,0900,11805.30,11822.64,11786.74,11790.68,6970
NAS100,20220715,1000,11789.80,11801.49,11779.09,11796.36,5496
NAS100,20220715,1100,11796.43,11814.49,11777.08,11778.86,5607
NAS100,20220715,1200,11778.93,11879.68,11714.08,11866.18,12456
NAS100,20220715,1300,11866.09,11956.16,11828.26,11878.08,12229
NAS100,20220715,1400,11956.83,11957.83,11866.16,11919.94,15855
NAS100,20220715,1500,11919.29,11973.29,11913.59,11930.49,16144
NAS100,20220715,1600,11929.98,11941.66,11902.85,11926.83,14204
NAS100,20220715,1700,11927.34,11963.63,11922.97,11954.23,10929
NAS100,20220715,1800,11953.83,11969.99,11930.82,11954.54,11087
NAS100,20220715,1900,11954.21,11985.70,11930.94,11985.70,13211
NAS100,20220715,2000,11978.34,11994.49,11972.31,11986.36,2809
NAS100,20220717,2200,12018.20,12052.89,12015.05,12019.46,3874
NAS100,20220717,2300,12019.30,12040.38,12018.17,12034.17,2788
NAS100,20220718,0000,12034.05,12035.80,12002.95,12011.40,4144
NAS100,20220718,0100,12011.55,12034.55,12011.55,12026.30,5815
NAS100,20220718,0200,12026.49,12033.92,12018.05,12032.67,4405
NAS100,20220718,0300,12032.61,12077.14,12032.05,12073.92,4773
NAS100,20220718,0400,12073.99,12082.17,12066.52,12077.24,2510
NAS100,20220718,0500,12077.30,12095.46,12064.05,12088.80,4139
NAS100,20220718,0600,12088.74,12103.74,12073.20,12101.46,5098
NAS100,20220718,0700,12101.17,12144.07,12076.63,12122.80,9876
NAS100,20220718,0800,12123.40,12154.60,12109.49,12145.74,7090
NAS100,20220718,0900,12145.80,12147.55,12118.50,12124.55,4807
NAS100,20220718,1000,12124.30,12133.24,12116.20,12119.55,3903
NAS100,20220718,1100,12119.60,12139.08,12107.80,12124.55,4643
NAS100,20220718,1200,12124.63,12132.10,12077.14,12100.58,8183
NAS100,20220718,1300,12100.50,12160.26,12065.22,12137.30,16555
NAS100,20220718,1400,12137.41,12158.25,12070.80,12111.70,20605
NAS100,20220718,1500,12111.85,12157.74,12097.06,12155.03,15596
NAS100,20220718,1600,12155.01,12158.93,12115.62,12118.81,11905
NAS100,20220718,1700,12118.51,12124.10,11947.81,11962.72,15018
NAS100,20220718,1800,11962.68,11990.45,11896.68,11901.00,17492
NAS100,20220718,1900,11900.97,11939.25,11833.47,11880.97,18063
NAS100,20220718,2000,11881.16,11893.57,11873.10,11891.15,4709
NAS100,20220718,2200,11885.15,11903.70,11876.95,11898.66,2721
NAS100,20220718,2300,11898.71,11918.76,11885.45,11915.63,3620
NAS100,20220719,0000,11915.76,11919.38,11891.26,11902.63,5094
NAS100,20220719,0100,11902.68,11925.63,11897.11,11906.83,5762
NAS100,20220719,0200,11906.70,11928.38,11906.70,11920.51,4595
NAS100,20220719,0300,11920.38,11927.01,11891.11,11901.18,4014
NAS100,20220719,0400,11901.11,11903.35,11883.44,11886.84,2857
NAS100,20220719,0500,11887.09,11918.46,11882.68,11908.01,4963
NAS100,20220719,0600,11908.13,11921.88,11899.38,11906.76,4614
NAS100,20220719,0700,11907.36,11944.63,11865.38,11889.01,10925
NAS100,20220719,0800,11889.34,11936.10,11887.91,11931.84,6920
NAS100,20220719,0900,11931.96,11969.36,11929.26,11955.76,6047
NAS100,20220719,1000,11955.68,12003.07,11952.95,11986.41,6196
NAS100,20220719,1100,11986.09,11993.81,11966.76,11987.88,5377
NAS100,20220719,1200,11987.95,12007.58,11957.43,11998.61,7096
NAS100,20220719,1300,11998.42,12054.25,11969.91,12042.06,16444
NAS100,20220719,1400,12042.72,12121.35,11988.17,12119.12,20291
NAS100,20220719,1500,12119.00,12169.62,12117.11,12158.38,14887
NAS100,20220719,1600,12158.62,12184.98,12127.51,12183.73,12551
NAS100,20220719,1700,12183.72,12231.84,12161.59,12229.73,11698
NAS100,20220719,1800,12229.85,12255.89,12200.32,12229.68,13780
NAS100,20220719,1900,12229.43,12261.68,12216.39,12241.67,14690
NAS100,20220719,2000,12242.87,12303.71,12237.16,12295.86,6463
NAS100,20220719,2200,12305.70,12311.17,12281.10,12293.70,2733
NAS100,20220719,2300,12293.82,12298.90,12280.65,12287.50,2689
NAS100,20220720,0000,12287.36,12323.95,12272.76,12309.90,5619
NAS100,20220720,0100,12309.93,12320.93,12292.12,12312.95,5446
NAS100,20220720,0200,12312.82,12332.70,12305.70,12322.27,4644
NAS100,20220720,0300,12322.26,12326.20,12315.43,12321.95,3318
NAS100,20220720,0400,12322.20,12329.83,12305.82,12316.01,3460
NAS100,20220720,0500,12316.07,12316.07,12283.76,12297.13,5639
NAS100,20220720,0600,12297.02,12316.40,12286.90,12302.49,5232
NAS100,20220720,0700,12302.37,12314.95,12250.40,12256.88,10288
NAS100,20220720,0800,12256.95,12290.45,12253.07,12274.38,7470
NAS100,20220720,0900,12274.15,12297.97,12273.45,12290.82,5279
NAS100,20220720,1000,12290.65,12293.42,12213.24,12241.20,8517
NAS100,20220720,1100,12240.95,12248.17,12224.40,12231.17,6287
NAS100,20220720,1200,12230.97,12255.82,12210.45,12241.82,10211
NAS100,20220720,1300,12241.92,12325.45,12232.47,12259.56,16787
NAS100,20220720,1400,12259.95,12460.29,12246.84,12460.29,21101
NAS100,20220720,1500,12460.79,12482.67,12412.62,12470.01,17006
NAS100,20220720,1600,12469.31,12491.80,12376.25,12434.07,15839
NAS100,20220720,1700,12433.40,12437.04,12332.97,12352.91,19446
NAS100,20220720,1800,12352.94,12438.79,12349.50,12428.37,16316
NAS100,20220720,1900,12428.50,12475.29,12420.84,12440.37,15997
NAS100,20220720,2000,12440.29,12468.70,12394.82,12402.55,7798
NAS100,20220720,2200,12407.91,12418.19,12385.50,12395.73,3184
NAS100,20220720,2300,12395.98,12422.69,12394.94,12410.42,2955
NAS100,20220721,0000,12410.37,12419.57,12392.15,12415.82,5124
NAS100,20220721,0100,12415.73,12415.82,12370.19,12384.38,6755
NAS100,20220721,0200,12384.32,12406.44,12379.10,12392.69,5045
NAS100,20220721,0300,12392.88,12411.82,12389.65,12406.19,4265
NAS100,20220721,0400,12406.23,12431.57,12398.40,12418.57,3880
NAS100,20220721,0500,12418.47,12462.44,12410.64,12458.19,5673
NAS100,20220721,0600,12458.41,12464.48,12411.90,12417.15,6601
NAS100,20220721,0700,12417.41,12446.32,12391.82,12413.44,10664
NAS100,20220721,0800,12413.32,12418.48,12379.66,12411.23,8535
NAS100,20220721,0900,12411.07,12445.63,12403.87,12443.44,6298
NAS100,20220721,1000,12443.43,12472.96,12436.16,12441.48,6222
NAS100,20220721,1100,12441.92,12451.94,12427.82,12444.82,6520
NAS100,20220721,1200,12444.63,12532.91,12416.66,12500.69,14155
NAS100,20220721,1300,12500.57,12503.69,12386.41,12470.03,22106
NAS100,20220721,1400,12468.99,12515.78,12348.45,12451.49,24266
NAS100,20220721,1500,12451.52,12518.40,12439.95,12502.68,18853
NAS100,20220721,1600,12502.37,12594.84,12499.84,12581.59,15577
NAS100,20220721,1700,12581.49,12593.52,12521.05,12552.68,15906
NAS100,20220721,1800,12553.19,12591.74,12547.03,12576.77,13621
NAS100,20220721,1900,12577.05,12619.17,12568.49,12618.12,15384
NAS100,20220721,2000,12618.95,12629.53,12520.14,12547.04,8080
NAS100,20220721,2200,12533.10,12538.06,12510.48,12527.39,3034
NAS100,20220721,2300,12527.26,12533.80,12517.51,12521.26,2468
NAS100,20220722,0000,12521.21,12528.18,12503.26,12527.01,4415
NAS100,20220722,0100,12526.89,12543.51,12509.76,12531.61,6034
NAS100,20220722,0200,12531.43,12534.26,12505.26,12514.14,4648
NAS100,20220722,0300,12514.26,12524.39,12506.14,12521.94,3298
NAS100,20220722,0400,12522.01,12526.26,12511.86,12511.86,2276
NAS100,20220722,0500,12512.39,12522.35,12497.35,12502.43,4941
NAS100,20220722,0600,12502.39,12533.26,12500.98,12525.11,4806
NAS100,20220722,0700,12525.06,12549.39,12505.66,12527.86,9891
NAS100,20220722,0800,12527.91,12550.89,12509.70,12542.10,7002
NAS100,20220722,0900,12541.93,12563.08,12539.39,12541.64,5774
NAS100,20220722,1000,12541.68,12575.64,12536.66,12559.64,5022
NAS100,20220722,1100,12559.85,12590.26,12539.08,12589.18,6290
NAS100,20220722,1200,12589.01,12590.24,12565.18,12570.61,7197
NAS100,20220722,1300,12570.16,12672.16,12540.15,12552.31,15914
NAS100,20220722,1400,12551.90,12586.01,12517.19,12556.81,21025
NAS100,20220722,1500,12556.94,12561.99,12395.69,12436.21,19586
NAS100,20220722,1600,12436.19,12448.94,12380.67,12401.44,17563
NAS100,20220722,1700,12402.19,12402.19,12332.36,12368.71,15912
NAS100,20220722,1800,12368.67,12372.77,12318.04,12359.67,15950
NAS100,20220722,1900,12360.19,12404.69,12339.53,12397.09,16730
NAS100,20220722,2000,12397.63,12401.80,12382.39,12399.76,2946
NAS100,20220724,2200,12429.51,12429.51,12377.67,12394.42,3879
NAS100,20220724,2300,12394.29,12405.42,12379.06,12379.88,3042
NAS100,20220725,0000,12379.67,12412.92,12367.73,12369.92,6110
NAS100,20220725,0100,12369.51,12386.17,12362.26,12374.54,6997
NAS100,20220725,0200,12374.67,12393.08,12371.59,12388.75,4743
NAS100,20220725,0300,12388.50,12395.54,12376.85,12394.17,3843
NAS100,20220725,0400,12394.04,12403.29,12387.67,12393.00,2399
NAS100,20220725,0500,12392.42,12396.47,12372.17,12384.29,4097
NAS100,20220725,0600,12384.26,12404.83,12379.45,12396.83,4337
NAS100,20220725,0700,12396.92,12412.01,12365.92,12391.54,7875
NAS100,20220725,0800,12391.58,12445.54,12389.26,12432.54,6549
NAS100,20220725,0900,12432.67,12470.92,12429.29,12470.35,6392
NAS100,20220725,1000,12470.42,12472.73,12451.10,12465.57,4296
NAS100,20220725,1100,12463.83,12474.99,12440.58,12450.92,5273
NAS100,20220725,1200,12450.78,12460.63,12416.04,12428.04,6162
NAS100,20220725,1300,12428.29,12434.93,12333.97,12363.12,15477
NAS100,20220725,1400,12363.57,12379.63,12271.37,12331.25,22569
NAS100,20220725,1500,12331.37,12364.59,12280.12,12348.37,18266
NAS100,20220725,1600,12348.38,12383.29,12307.80,12355.82,14917
NAS100,20220725,1700,12356.09,12372.00,12298.31,12298.34,13127
NAS100,20220725,1800,12298.47,12307.13,12261.38,12268.75,13604
NAS100,20220725,1900,12266.86,12335.52,12243.67,12329.77,16288
NAS100,20220725,2000,12331.33,12352.34,12293.17,12302.52,6369
NAS100,20220725,2200,12288.48,12292.91,12278.10,12286.73,1994
NAS100,20220725,2300,12286.28,12287.04,12263.13,12274.88,1824
NAS100,20220726,0000,12274.63,12282.25,12254.98,12267.10,5679
NAS100,20220726,0100,12267.14,12289.93,12264.39,12275.10,5756
NAS100,20220726,0200,12275.03,12296.35,12266.98,12285.63,4708
NAS100,20220726,0300,12285.66,12294.48,12279.57,12287.53,3090
NAS100,20220726,0400,12287.89,12288.81,12278.64,12286.14,1894
NAS100,20220726,0500,12286.29,12293.23,12275.81,12289.73,3419
NAS100,20220726,0600,12289.85,12299.98,12273.43,12284.41,3791
NAS100,20220726,0700,12284.23,12309.23,12278.48,12302.85,6720
NAS100,20220726,0800,12302.98,12305.73,12276.14,12289.83,4739
NAS100,20220726,0900,12290.85,12310.89,12284.60,12302.48,4802
NAS100,20220726,1000,12302.73,12309.48,12253.14,12274.43,7150
NAS100,20220726,1100,12274.73,12291.29,12258.85,12269.39,5752
NAS100,20220726,1200,12269.35,12292.27,12242.58,12258.10,6397
NAS100,20220726,1300,12257.98,12273.60,12174.15,12211.96,18058
NAS100,20220726,1400,12211.07,12236.34,12136.31,12173.11,20739
NAS100,20220726,1500,12173.15,12181.15,12087.11,12091.23,16354
NAS100,20220726,1600,12091.18,12129.83,12084.11,12117.68,14233
NAS100,20220726,1700,12117.61,12141.31,12095.23,12097.33,12146
NAS100,20220726,1800,12097.85,12139.47,12063.38,12082.18,13080
NAS100,20220726,1900,12082.19,12110.46,12052.69,12085.58,14641
NAS100,20220726,2000,12084.68,12175.18,12050.06,12175.18,9171
NAS100,20220726,2200,12169.49,12284.73,12169.49,12227.65,6561
NAS100,20220726,2300,12227.68,12268.90,12223.52,12258.32,4065
NAS100,20220727,0000,12258.73,12268.18,12249.58,12256.65,4653
NAS100,20220727,0100,12256.40,12261.79,12235.95,12247.77,5226
NAS100,20220727,0200,12249.00,12255.56,12242.23,12252.77,3423
NAS100,20220727,0300,12252.95,12260.40,12249.33,12255.90,2307
NAS100,20220727,0400,12256.15,12283.06,12254.83,12276.65,2038
NAS100,20220727,0500,12276.56,12279.27,12262.31,12267.77,3316
NAS100,20220727,0600,12267.48,12274.77,12246.73,12251.90,3965
NAS100,20220727,0700,12251.31,12291.02,12248.23,12276.65,6811
NAS100,20220727,0800,12276.77,12309.15,12273.02,12289.77,5281
NAS100,20220727,0900,12289.83,12297.21,12268.25,12275.31,3942
NAS100,20220727,1000,12275.81,12276.80,12251.24,12271.31,4052
NAS100,20220727,1100,12271.08,12271.08,12242.61,12248.77,4576
NAS100,20220727,1200,12248.65,12283.19,12243.77,12275.31,6046
NAS100,20220727,1300,12275.35,12379.48,12255.65,12365.51,15362
NAS100,20220727,1400,12364.48,12412.99,12351.28,12403.95,17600
NAS100,20220727,1500,12403.82,12427.49,12384.91,12417.61,14110
NAS100,20220727,1600,12417.78,12452.50,12404.90,12407.52,12109
NAS100,20220727,1700,12407.55,12428.80,12395.07,12414.99,11674
NAS100,20220727,1800,12414.99,12590.28,12382.91,12557.20,23591
NAS100,20220727,1900,12557.05,12667.22,12541.32,12593.22,21212
NAS100,20220727,2000,12593.15,12593.15,12515.65,12559.50,8405
NAS100,20220727,2200,12557.28,12562.64,12548.78,12555.37,2279
NAS100,20220727,2300,12555.56,12570.43,12549.68,12553.93,2724
NAS100,20220728,0000,12554.68,12562.60,12530.40,12541.87,5476
NAS100,20220728,0100,12541.68,12546.70,12532.13,12543.68,6050
NAS100,20220728,0200,12543.87,12562.93,12540.02,12557.08,4112
NAS100,20220728,0300,12557.02,12557.50,12537.00,12539.33,3107
NAS100,20220728,0400,12539.43,12546.93,12534.93,12545.31,2118
NAS100,20220728,0500,12545.43,12547.58,12535.78,12547.10,3223
NAS100,20220728,0600,12546.93,12560.43,12537.27,12539.77,4574
NAS100,20220728,0700,12539.73,12552.56,12506.78,12517.18,8637
NAS100,20220728,0800,12516.62,12523.10,12474.53,12481.35,7036
NAS100,20220728,0900,12480.93,12505.93,12458.78,12505.62,5658
NAS100,20220728,1000,12505.68,12522.50,12498.27,12520.18,4866
NAS100,20220728,1100,12520.43,12532.58,12510.81,12517.31,4333
NAS100,20220728,1200,12517.27,12603.31,12474.75,12557.43,12194
NAS100,20220728,1300,12557.56,12631.80,12433.38,12467.16,18852
NAS100,20220728,1400,12465.73,12555.61,12427.94,12554.86,23393
NAS100,20220728,1500,12554.82,12673.36,12551.79,12642.69,18869
NAS100,20220728,1600,12642.52,12657.58,12613.23,12621.36,15357
NAS100,20220728,1700,12622.53,12716.59,12602.11,12707.31,14440
NAS100,20220728,1800,12707.57,12720.16,12671.28,12716.18,13448
NAS100,20220728,1900,12716.16,12742.90,12689.18,12716.03,15294
NAS100,20220728,2000,12717.75,12926.08,12710.78,12901.16,12079
NAS100,20220728,2200,12897.83,12897.83,12850.33,12857.14,3922
NAS100,20220728,2300,12857.41,12871.39,12848.43,12870.25,3190
NAS100,20220729,0000,12869.98,12870.45,12856.89,12861.83,4731
NAS100,20220729,0100,12861.70,12886.13,12857.95,12885.33,4926
NAS100,20220729,0200,12885.50,12900.89,12880.88,12887.54,4297
NAS100,20220729,0300,12887.80,12889.51,12865.76,12867.33,4171
NAS100,20220729,0400,12867.20,12882.58,12865.12,12876.91,2608
NAS100,20220729,0500,12876.95,12901.43,12864.77,12897.95,5180
NAS100,20220729,0600,12897.33,12916.43,12884.77,12905.91,5770
NAS100,20220729,0700,12905.58,12916.63,12873.04,12879.16,8533
NAS100,20220729,0800,12879.18,12893.20,12831.20,12850.20,6783
NAS100,20220729,0900,12850.25,12873.78,12836.64,12872.68,5750
NAS100,20220729,1000,12872.95,12875.11,12851.75,12855.68,4875
NAS100,20220729,1100,12854.91,12861.25,12822.03,12839.95,6014
NAS100,20220729,1200,12839.93,12844.14,12780.81,12812.50,9437
NAS100,20220729,1300,12812.58,12861.63,12722.25,12840.18,18299
NAS100,20220729,1400,12841.68,12907.82,12822.50,12840.28,21356
NAS100,20220729,1500,12835.75,12846.19,12764.46,12837.18,19295
NAS100,20220729,1600,12837.28,12879.55,12812.00,12873.69,15406
NAS100,20220729,1700,12873.84,12915.96,12859.66,12903.04,12656
NAS100,20220729,1800,12902.93,12948.95,12892.87,12936.91,12356
NAS100,20220729,1900,12937.03,12985.71,12931.97,12945.41,14752
NAS100,20220729,2000,12946.71,12956.60,12940.27,12947.33,3067
NAS100,20220731,2200,12968.14,12975.89,12894.48,12902.67,4946
NAS100,20220731,2300,12902.61,12916.92,12890.54,12897.79,3486
NAS100,20220801,0000,12896.71,12902.38,12886.04,12894.63,5016
NAS100,20220801,0100,12894.79,12909.85,12883.94,12907.74,5966
NAS100,20220801,0200,12907.88,12914.46,12898.17,12910.92,4319
NAS100,20220801,0300,12910.96,12911.61,12886.49,12894.54,3447
NAS100,20220801,0400,12894.38,12905.72,12892.38,12905.46,1880
NAS100,20220801,0500,12905.19,12906.74,12881.24,12898.23,3368
NAS100,20220801,0600,12898.19,12904.34,12889.04,12901.92,3742
NAS100,20220801,0700,12901.38,12944.92,12901.38,12932.67,6946
NAS100,20220801,0800,12932.98,12934.64,12889.14,12898.64,5447
NAS100,20220801,0900,12898.63,12926.63,12897.17,12919.88,4432
NAS100,20220801,1000,12919.94,12931.04,12913.21,12922.42,3918
NAS100,20220801,1100,12922.69,12965.64,12922.04,12943.96,5079
NAS100,20220801,1200,12944.21,12945.04,12879.69,12879.69,7974
NAS100,20220801,1300,12879.63,13001.51,12830.34,12969.26,16813
NAS100,20220801,1400,12959.64,13085.90,12944.72,13067.47,22137
NAS100,20220801,1500,13069.19,13078.56,13008.47,13056.15,18267
NAS100,20220801,1600,13056.04,13062.63,12970.07,12988.72,16655
NAS100,20220801,1700,12989.03,12989.03,12876.56,12911.18,17810
NAS100,20220801,1800,12911.40,12976.18,12886.84,12967.38,16930
NAS100,20220801,1900,12967.00,12978.31,12919.22,12941.39,16656
NAS100,20220801,2000,12941.80,12959.92,12935.17,12958.54,4107
NAS100,20220801,2200,12953.04,12953.04,12930.87,12939.29,2292
NAS100,20220801,2300,12938.79,12954.29,12927.91,12930.35,2788
NAS100,20220802,0000,12930.04,12935.91,12901.48,12902.91,6006
NAS100,20220802,0100,12902.96,12908.64,12872.22,12885.94,7048
NAS100,20220802,0200,12886.16,12889.85,12863.12,12887.57,5464
NAS100,20220802,0300,12887.79,12903.57,12879.37,12889.04,3911
NAS100,20220802,0400,12889.21,12891.84,12877.74,12884.79,3025
NAS100,20220802,0500,12884.62,12897.83,12872.14,12878.60,4792
NAS100,20220802,0600,12878.54,12897.54,12876.07,12879.54,4698
NAS100,20220802,0700,12879.66,12888.29,12823.12,12858.98,10099
NAS100,20220802,0800,12858.79,12866.16,12826.96,12838.29,7291
NAS100,20220802,0900,12838.14,12848.54,12807.02,12808.79,5378
NAS100,20220802,1000,12808.62,12824.79,12794.38,12823.60,5665
NAS100,20220802,1100,12823.23,12859.98,12821.60,12839.41,6165
NAS100,20220802,1200,12839.66,12853.85,12808.98,12831.08,7642
NAS100,20220802,1300,12831.83,12935.79,12825.66,12892.34,16235
NAS100,20220802,1400,12892.14,12980.17,12799.75,12948.70,21727
NAS100,20220802,1500,12948.48,12974.59,12901.09,12959.95,19461
NAS100,20220802,1600,12960.39,13076.03,12953.13,13053.40,16726
NAS100,20220802,1700,13053.64,13056.05,12882.77,12910.84,18943
NAS100,20220802,1800,12910.64,12979.42,12893.99,12936.03,17863
NAS100,20220802,1900,12935.71,12959.03,12899.30,12901.21,18589
NAS100,20220802,2000,12900.53,12909.21,12866.14,12899.97,5637
NAS100,20220802,2200,12901.16,12914.38,12889.13,12901.48,2720
NAS100,20220802,2300,12901.31,12911.88,12882.76,12883.55,2877
NAS100,20220803,0000,12883.13,12899.47,12847.33,12867.32,6729
NAS100,20220803,0100,12867.38,12901.26,12865.58,12890.93,6787
NAS100,20220803,0200,12890.73,12911.73,12885.53,12896.76,5221
NAS100,20220803,0300,12896.88,12910.26,12896.88,12907.13,3794
NAS100,20220803,0400,12907.19,12926.26,12900.72,12903.51,3120
NAS100,20220803,0500,12903.55,12930.88,12902.55,12920.88,4123
NAS100,20220803,0600,12920.55,12934.05,12906.88,12916.22,4190
NAS100,20220803,0700,12915.73,12917.82,12872.97,12890.26,9721
NAS100,20220803,0800,12890.38,12921.13,12872.85,12913.80,5770
NAS100,20220803,0900,12913.63,12974.91,12908.82,12951.88,5768
NAS100,20220803,1000,12951.57,12957.88,12934.78,12946.01,4620
NAS100,20220803,1100,12945.95,12976.47,12941.26,12964.44,5925
NAS100,20220803,1200,12963.51,12995.73,12951.23,12984.82,5908
NAS100,20220804,0800,13245.32,13246.49,13229.20,13233.70,2654
NAS100,20220804,0900,13233.72,13276.07,13223.40,13274.22,5007
NAS100,20220804,1000,13274.07,13333.17,13271.13,13313.57,6869
NAS100,20220804,1100,13313.24,13316.24,13249.68,13250.64,8239
NAS100,20220804,1200,13250.72,13300.71,13245.40,13295.82,8815
NAS100,20220804,1300,13295.70,13316.62,13223.59,13283.26,17849
NAS100,20220804,1400,13285.21,13311.35,13163.05,13233.25,22888
NAS100,20220804,1500,13232.69,13269.20,13176.79,13262.69,20132
NAS100,20220804,1600,13262.59,13292.22,13221.84,13226.91,16185
NAS100,20220804,1700,13227.44,13294.81,13226.71,13276.83,13915
NAS100,20220804,1800,13276.66,13302.88,13249.56,13293.16,13363
NAS100,20220804,1900,13293.25,13324.70,13269.79,13307.92,12427
NAS100,20220804,2000,13308.43,13322.10,13300.93,13305.64,3980
NAS100,20220804,2200,13303.89,13311.31,13293.68,13305.39,1818
NAS100,20220804,2300,13305.31,13319.94,13305.31,13309.69,2096
NAS100,20220805,0000,13309.76,13329.22,13309.49,13322.14,3944
NAS100,20220805,0100,13322.19,13353.99,13319.47,13347.01,5304
NAS100,20220805,0200,13346.89,13360.64,13341.25,13347.75,3355
NAS100,20220805,0300,13347.47,13351.20,13334.18,13347.83,2775
NAS100,20220805,0400,13347.99,13350.95,13341.64,13348.64,1724
NAS100,20220805,0500,13348.51,13349.26,13329.96,13342.19,3430
NAS100,20220805,0600,13342.22,13342.39,13319.00,13319.00,3069
NAS100,20220805,0700,13319.21,13338.24,13313.39,13331.39,5934
NAS100,20220805,0800,13331.51,13335.76,13289.76,13300.89,4783
NAS100,20220805,0900,13301.14,13310.45,13284.14,13298.56,4360
NAS100,20220805,1000,13298.51,13298.51,13271.66,13280.89,4391
NAS100,20220805,1100,13281.01,13314.70,13266.89,13311.79,4533
NAS100,20220805,1200,13311.83,13327.08,13096.14,13113.99,13598
NAS100,20220805,1300,13113.39,13187.56,13084.08,13159.56,21530
NAS100,20220805,1400,13159.15,13286.52,13144.36,13205.51,22279
NAS100,20220805,1500,13205.55,13205.94,13061.99,13099.78,19917
NAS100,20220805,1600,13099.86,13179.19,13098.51,13176.56,17153
NAS100,20220805,1700,13176.50,13218.47,13154.87,13168.99,15918
NAS100,20220805,1800,13168.56,13174.50,13122.27,13143.64,14795
NAS100,20220805,1900,13143.60,13213.87,13134.04,13203.62,15690
NAS100,20220805,2000,13202.78,13206.67,13180.14,13189.14,3228
NAS100,20220807,2200,13206.91,13258.66,13147.03,13162.15,4015
NAS100,20220807,2300,13162.31,13166.44,13154.50,13156.94,2564
NAS100,20220808,0000,13157.19,13176.36,13155.44,13171.40,4784
NAS100,20220808,0100,13171.44,13177.69,13159.81,13176.31,4788
NAS100,20220808,0200,13176.15,13197.73,13172.66,13194.19,4283
NAS100,20220808,0300,13194.06,13203.44,13189.27,13192.56,2687
NAS100,20220808,0400,13192.69,13211.73,13192.69,13209.81,2004
NAS100,20220808,0500,13209.69,13240.48,13207.65,13230.19,3872
NAS100,20220808,0600,13230.23,13250.38,13226.19,13246.16,4205
NAS100,20220808,0700,13246.31,13281.69,13243.65,13269.65,7194
NAS100,20220808,0800,13269.56,13285.06,13248.50,13263.90,5108
NAS100,20220808,0900,13264.19,13275.03,13243.54,13254.92,3916
NAS100,20220808,1000,13255.44,13301.98,13251.40,13301.81,4279
NAS100,20220808,1100,13301.84,13308.44,13272.71,13300.98,4719
NAS100,20220808,1200,13300.76,13327.88,13294.69,13326.44,6689
NAS100,20220808,1300,13326.81,13389.76,13211.70,13371.17,20000
NAS100,20220808,1400,13371.39,13398.49,13292.70,13305.24,22180
NAS100,20220808,1500,13305.45,13335.90,13176.55,13231.68,19993
NAS100,20220808,1600,13231.49,13240.03,13137.64,13175.45,19252
NAS100,20220808,1700,13175.49,13205.53,13150.40,13190.30,10157
NAS100,20220808,1800,13190.43,13191.26,13100.21,13126.61,18188
NAS100,20220808,1900,13126.74,13167.33,13111.83,13161.18,17636
NAS100,20220808,2000,13160.71,13192.68,13157.02,13191.83,3480
NAS100,20220808,2200,13186.49,13188.62,13175.83,13178.14,1754
NAS100,20220808,2300,13178.33,13213.80,13171.08,13200.87,2779
NAS100,20220809,0000,13200.64,13206.50,13181.47,13182.62,4314
NAS100,20220809,0100,13182.70,13183.70,13148.12,13153.25,5174
NAS100,20220809,0200,13153.33,13178.08,13153.03,13176.95,3564
NAS100,20220809,0300,13177.20,13205.36,13174.89,13201.62,3795
NAS100,20220809,0400,13202.05,13204.33,13189.41,13197.37,2055
NAS100,20220809,0500,13197.33,13198.12,13184.33,13187.08,3640
NAS100,20220809,0600,13187.05,13187.95,13166.26,13180.95,3730
NAS100,20220809,0700,13180.78,13202.45,13155.56,13172.08,6808
NAS100,20220809,0800,13172.12,13184.12,13148.70,13175.33,5479
NAS100,20220809,0900,13175.70,13182.03,13142.80,13145.95,4238
NAS100,20220809,1000,13145.87,13150.70,13081.53,13096.03,6883
NAS100,20220809,1100,13096.05,13112.83,13064.12,13070.70,6858
NAS100,20220809,1200,13070.58,13096.00,13057.20,13081.08,7379
NAS100,20220809,1300,13081.13,13091.92,12974.46,12982.08,16925
NAS100,20220809,1400,12982.11,13042.43,12953.86,13007.38,22212
NAS100,20220809,1500,13007.43,13047.38,12964.42,12992.42,19165
NAS100,20220809,1600,12992.30,13000.18,12944.31,12964.60,16569
NAS100,20220809,1700,12964.88,13012.42,12953.73,13004.56,14535
NAS100,20220809,1800,13004.80,13030.53,12970.07,13010.80,14663
NAS100,20220809,1900,13011.13,13039.95,13001.83,13012.97,15021
NAS100,20220809,2000,13015.08,13036.80,13015.08,13036.18,3577
NAS100,20220809,2200,13031.10,13036.38,13022.13,13026.63,1643
NAS100,20220809,2300,13026.75,13035.25,13020.00,13033.58,1798
NAS100,20220810,0000,13033.63,13036.33,12996.21,12999.83,4329
NAS100,20220810,0100,12999.38,13022.17,12998.88,13008.08,4461
NAS100,20220810,0200,13007.92,13009.50,12987.46,13000.13,4282
NAS100,20220810,0300,13000.19,13004.85,12991.24,12993.92,2263
NAS100,20220810,0400,12994.13,13006.79,12994.13,13003.50,1599
NAS100,20220810,0500,13002.75,13004.88,12981.20,12981.67,3176
NAS100,20220810,0600,12981.55,12987.57,12965.61,12983.63,4089
NAS100,20220810,0700,12983.33,13023.31,12964.88,13009.13,7143
NAS100,20220810,0800,13009.25,13075.17,13005.90,13069.38,6094
NAS100,20220810,0900,13069.44,13083.18,13045.69,13053.96,4206
NAS100,20220810,1000,13054.22,13054.58,13028.88,13038.92,3847
NAS100,20220810,1100,13039.13,13068.25,13033.00,13067.17,4622
NAS100,20220810,1200,13068.08,13353.67,13062.80,13308.19,14594
NAS100,20220810,1300,13308.44,13335.68,13250.01,13298.44,21113
NAS100,20220810,1400,13298.30,13321.83,13218.97,13311.68,22837
NAS100,20220810,1500,13311.62,13363.58,13311.62,13359.86,18242
NAS100,20220810,1600,13359.98,13369.68,13297.78,13322.84,15267
NAS100,20220810,1700,13323.08,13371.10,13301.14,13351.93,13403
NAS100,20220810,1800,13352.11,13362.26,13318.80,13320.37,13543
NAS100,20220810,1900,13320.40,13388.09,13314.01,13374.08,14921
NAS100,20220810,2000,13374.90,13377.44,13357.58,13361.61,4425
NAS100,20220810,2200,13360.20,13360.23,13349.43,13355.40,1712
NAS100,20220810,2300,13355.61,13382.21,13355.11,13378.48,2251
NAS100,20220811,0000,13378.36,13432.30,13377.61,13428.36,4338
NAS100,20220811,0100,13428.54,13436.42,13417.52,13422.27,4335
NAS100,20220811,0200,13422.54,13430.47,13407.54,13411.92,3035
NAS100,20220811,0300,13412.19,13432.48,13411.61,13422.69,2970
NAS100,20220811,0400,13422.61,13430.98,13414.29,13414.86,1851
NAS100,20220811,0500,13414.76,13425.44,13412.86,13419.51,2555
NAS100,20220811,0600,13419.71,13461.19,13403.27,13445.69,4713
NAS100,20220811,0700,13445.48,13450.67,13408.40,13421.52,7367
NAS100,20220811,0800,13421.61,13422.11,13366.11,13388.11,6386
NAS100,20220811,0900,13388.27,13420.42,13380.11,13407.16,5343
NAS100,20220811,1000,13406.86,13407.66,13383.68,13394.06,4612
NAS100,20220811,1100,13393.59,13432.96,13388.03,13430.21,5073
NAS100,20220811,1200,13429.76,13489.36,13428.61,13483.36,11120
NAS100,20220811,1300,13483.48,13491.03,13435.20,13473.53,17903
NAS100,20220811,1400,13473.31,13554.21,13445.87,13464.84,21495
NAS100,20220811,1500,13464.98,13472.03,13341.21,13370.01,21928
NAS100,20220811,1600,13369.83,13410.03,13352.46,13401.07,17592
NAS100,20220811,1700,13400.98,13421.30,13363.24,13370.53,15920
NAS100,20220811,1800,13370.46,13370.68,13273.45,13299.60,17351
NAS100,20220811,1900,13299.37,13313.08,13266.45,13294.70,17893
NAS100,20220811,2000,13295.95,13326.06,13295.77,13325.87,4288
NAS100,20220811,2200,13324.41,13324.64,13298.84,13308.99,1985
NAS100,20220811,2300,13308.97,13316.09,13304.44,13315.22,1735
NAS100,20220812,0000,13315.42,13339.09,13292.19,13295.47,5717
NAS100,20220812,0100,13295.34,13317.01,13294.47,13300.97,4817
NAS100,20220812,0200,13301.09,13323.09,13300.22,13321.22,3855
NAS100,20220812,0300,13321.09,13328.68,13315.09,13323.97,2749
NAS100,20220812,0400,13324.01,13328.05,13318.74,13320.59,2112
NAS100,20220812,0500,13320.43,13333.76,13319.68,13333.18,3270
NAS100,20220812,0600,13333.43,13344.69,13327.94,13340.44,3206
NAS100,20220812,0700,13340.68,13383.81,13315.51,13370.18,6996
NAS100,20220812,0800,13370.68,13387.59,13356.76,13364.68,5382
NAS100,20220812,0900,13364.72,13384.89,13359.22,13374.84,4347
NAS100,20220812,1000,13374.99,13375.01,13342.84,13348.34,4980
NAS100,20220812,1100,13348.68,13350.22,13322.59,13344.72,5189
NAS100,20220812,1200,13344.28,13373.51,13336.26,13371.93,6531
NAS100,20220812,1300,13371.84,13414.06,13339.52,13405.48,17099
NAS100,20220812,1400,13375.64,13441.94,13345.73,13412.35,23152
NAS100,20220812,1500,13411.97,13469.31,13406.08,13437.18,17811
NAS100,20220812,1600,13437.43,13479.37,13434.04,13461.27,12864
NAS100,20220812,1700,13461.48,13492.22,13456.38,13484.56,10263
NAS100,20220812,1800,13484.44,13523.58,13482.68,13522.22,9755
NAS100,20220812,1900,13522.55,13562.35,13515.38,13557.02,13046
NAS100,20220812,2000,13557.43,13560.59,13543.29,13560.26,3258
NAS100,20220814,2200,13551.05,13554.49,13527.20,13535.22,2911
NAS100,20220814,2300,13535.45,13547.42,13520.78,13521.87,2611
NAS100,20220815,0000,13522.24,13539.20,13522.24,13530.22,4007
NAS100,20220815,0100,13529.99,13541.24,13511.45,13539.12,4983
NAS100,20220815,0200,13539.28,13541.12,13516.77,13521.37,4076
NAS100,20220815,0300,13521.51,13531.74,13516.87,13526.68,2702
NAS100,20220815,0400,13526.49,13530.30,13522.46,13528.01,1766
NAS100,20220815,0500,13528.05,13534.87,13517.95,13526.93,2909
NAS100,20220815,0600,13526.74,13539.26,13521.95,13525.52,2933
NAS100,20220815,0700,13525.03,13528.87,13483.65,13490.37,6112
NAS100,20220815,0800,13490.55,13513.62,13489.74,13497.95,4918
NAS100,20220815,0900,13497.87,13505.44,13477.53,13503.47,4053
NAS100,20220815,1000,13503.62,13530.45,13499.05,13530.37,4185
NAS100,20220815,1100,13530.24,13533.15,13496.17,13507.37,4313
NAS100,20220815,1200,13507.28,13531.62,13483.74,13487.67,7696
NAS100,20220815,1300,13487.93,13616.32,13486.17,13599.42,16201
NAS100,20220815,1400,13599.49,13601.23,13521.35,13540.38,20088
NAS100,20220815,1500,13539.98,13644.29,13523.51,13637.54,16242
NAS100,20220815,1600,13637.47,13652.48,13618.21,13647.67,12829
NAS100,20220815,1700,13647.99,13658.10,13625.50,13643.63,11827
NAS100,20220815,1800,13643.29,13665.60,13623.47,13661.54,11650
NAS100,20220815,1900,13661.74,13687.70,13655.04,13667.56,12587
NAS100,20220815,2000,13667.46,13667.89,13650.27,13660.37,4154
NAS100,20220815,2200,13657.41,13659.79,13648.24,13653.62,1556
NAS100,20220815,2300,13653.74,13668.45,13651.73,13663.73,1743
NAS100,20220816,0000,13663.62,13663.66,13640.73,13643.19,4254
NAS100,20220816,0100,13643.12,13650.41,13629.38,13643.99,4904
NAS100,20220816,0200,13644.06,13663.84,13641.66,13658.23,4322
NAS100,20220816,0300,13658.29,13658.91,13641.54,13645.79,2576
NAS100,20220816,0400,13645.70,13657.13,13645.41,13652.66,1689
NAS100,20220816,0500,13652.62,13655.16,13638.91,13653.16,3159
NAS100,20220816,0600,13653.20,13654.70,13631.79,13632.16,3733
NAS100,20220816,0700,13631.91,13637.95,13609.41,13636.37,6765
NAS100,20220816,0800,13636.20,13670.76,13630.98,13657.94,5790
NAS100,20220816,0900,13657.74,13660.45,13627.50,13637.60,4994
NAS100,20220816,1000,13637.12,13642.08,13622.94,13637.62,4170
NAS100,20220816,1100,13637.45,13660.29,13628.54,13646.98,4463
NAS100,20220816,1200,13647.16,13664.19,13612.16,13630.16,6908
NAS100,20220816,1300,13630.23,13641.62,13566.18,13594.99,16776
NAS100,20220816,1400,13594.65,13596.21,13505.79,13540.21,20777
NAS100,20220816,1500,13540.21,13663.86,13535.16,13656.56,17214
NAS100,20220816,1600,13657.29,13666.80,13614.56,13632.45,13743
NAS100,20220816,1700,13632.63,13684.88,13629.20,13681.30,11920
NAS100,20220816,1800,13681.29,13723.03,13564.42,13604.27,16076
NAS100,20220816,1900,13604.02,13669.88,13575.67,13636.67,16972
NAS100,20220816,2000,13636.91,13646.88,13622.75,13645.59,3538
NAS100,20220816,2200,13637.47,13638.82,13621.99,13625.57,2027
NAS100,20220816,2300,13625.82,13635.72,13618.70,13630.82,1852
NAS100,20220817,0000,13631.07,13650.20,13623.32,13633.86,4330
NAS100,20220817,0100,13634.07,13634.47,13617.40,13629.90,4911
NAS100,20220817,0200,13630.07,13631.74,13619.20,13622.88,4443
NAS100,20220817,0300,13622.82,13628.24,13620.22,13625.51,2660
NAS100,20220817,0400,13625.47,13637.45,13624.92,13634.07,1646
NAS100,20220817,0500,13633.88,13650.20,13630.99,13648.24,3492
NAS100,20220817,0600,13648.99,13648.99,13608.65,13616.22,4353
NAS100,20220817,0700,13616.17,13619.94,13577.38,13580.20,7011
NAS100,20220817,0800,13580.26,13588.40,13555.95,13561.99,6159
NAS100,20220817,0900,13561.82,13578.99,13538.40,13545.24,5026
NAS100,20220817,1000,13545.07,13547.99,13515.32,13531.32,6296
NAS100,20220817,1100,13531.97,13539.43,13492.67,13506.07,7253
NAS100,20220817,1200,13506.01,13533.42,13485.17,13499.82,10501
NAS100,20220817,1300,13499.45,13544.56,13464.29,13513.12,17508
NAS100,20220817,1400,13513.56,13537.32,13403.16,13409.25,20949
NAS100,20220817,1500,13409.19,13459.13,13386.25,13403.68,18152
NAS100,20220817,1600,13403.75,13473.33,13403.75,13457.17,14795
NAS100,20220817,1700,13457.44,13488.80,13435.96,13464.67,13645
NAS100,20220817,1800,13464.17,13595.17,13453.18,13525.54,21669
NAS100,20220817,1900,13525.43,13559.89,13456.03,13474.43,18825
NAS100,20220817,2000,13474.48,13491.24,13468.28,13490.09,3527
NAS100,20220817,2200,13481.84,13481.84,13448.09,13450.87,2136
NAS100,20220817,2300,13451.00,13452.25,13429.68,13434.10,2995
NAS100,20220818,0000,13434.16,13438.80,13418.84,13435.31,4342
NAS100,20220818,0100,13435.35,13457.00,13433.16,13443.35,4845
NAS100,20220818,0200,13443.18,13461.12,13441.00,13454.33,3746
NAS100,20220818,0300,13454.40,13460.37,13445.97,13452.41,2681
NAS100,20220818,0400,13452.62,13457.93,13442.35,13443.25,1716
NAS100,20220818,0500,13443.05,13459.66,13430.59,13430.66,3619
NAS100,20220818,0600,13430.83,13443.16,13394.95,13397.81,5298
NAS100,20220818,0700,13398.16,13434.81,13391.84,13428.56,8145
NAS100,20220818,0800,13428.60,13457.82,13420.21,13456.75,5605
NAS100,20220818,0900,13456.93,13497.16,13453.70,13493.18,5382
NAS100,20220818,1000,13493.50,13510.87,13474.42,13477.87,5362
NAS100,20220818,1100,13477.78,13510.50,13471.08,13510.03,5150
NAS100,20220818,1200,13510.12,13537.08,13477.87,13497.32,8743
NAS100,20220818,1300,13498.58,13500.15,13415.64,13432.23,16327
NAS100,20220818,1400,13432.30,13513.21,13402.42,13489.61,20585
NAS100,20220818,1500,13489.52,13554.99,13466.36,13535.35,17714
NAS100,20220818,1600,13535.42,13548.42,13463.72,13491.70,15526
NAS100,20220818,1700,13491.33,13540.00,13481.25,13520.10,14500
NAS100,20220818,1800,13520.35,13534.17,13494.30,13521.16,12593
NAS100,20220818,1900,13521.18,13552.21,13491.59,13506.60,14004
NAS100,20220818,2000,13507.06,13521.77,13503.33,13519.22,3573
NAS100,20220818,2200,13514.54,13514.58,13503.93,13504.83,1381
NAS100,20220818,2300,13505.11,13507.68,13497.88,13507.68,1404
NAS100,20220819,0000,13507.53,13512.33,13475.73,13482.08,4177
NAS100,20220819,0100,13481.83,13492.17,13469.58,13488.98,4391
NAS100,20220819,0200,13488.65,13498.62,13484.96,13498.46,3599
NAS100,20220819,0300,13498.40,13500.42,13478.75,13480.33,2714
NAS100,20220819,0400,13480.23,13483.42,13470.05,13472.83,2011
NAS100,20220819,0500,13472.93,13475.33,13449.02,13461.83,3972
NAS100,20220819,0600,13462.00,13464.21,13407.12,13412.96,5824
NAS100,20220819,0700,13412.16,13437.40,13405.73,13423.25,7575
NAS100,20220819,0800,13423.30,13434.17,13351.90,13377.40,7781
NAS100,20220819,0900,13377.03,13401.92,13371.18,13374.51,6490
NAS100,20220819,1000,13374.83,13388.42,13338.73,13354.00,6506
NAS100,20220819,1100,13353.58,13372.13,13343.28,13371.83,6752
NAS100,20220819,1200,13371.96,13376.71,13342.83,13361.54,8057
NAS100,20220819,1300,13361.53,13405.70,13281.19,13289.03,16445
NAS100,20220819,1400,13288.03,13306.39,13243.37,13244.48,19172
NAS100,20220819,1500,13244.91,13278.56,13227.33,13248.26,16308
NAS100,20220819,1600,13248.31,13291.68,13235.85,13276.42,13385
NAS100,20220819,1700,13276.67,13290.18,13211.18,13254.84,13041
NAS100,20220819,1800,13254.93,13258.19,13224.56,13231.63,12647
NAS100,20220819,1900,13231.67,13267.92,13210.26,13243.51,14874
NAS100,20220819,2000,13243.67,13245.86,13230.99,13232.08,2891
NAS100,20220821,2200,13207.90,13207.90,13160.68,13182.93,4155
NAS100,20220821,2300,13181.80,13194.68,13159.93,13170.43,3676
NAS100,20220822,0000,13171.68,13182.55,13160.05,13170.43,5088
NAS100,20220822,0100,13168.30,13190.43,13166.05,13180.43,6220
NAS100,20220822,0200,13179.80,13206.93,13178.55,13203.30,5101
NAS100,20220822,0300,13201.18,13204.55,13185.90,13191.30,3542
NAS100,20220822,0400,13190.93,13191.30,13172.55,13174.68,2623
NAS100,20220822,0500,13173.55,13181.43,13160.05,13168.80,4108
NAS100,20220822,0600,13169.93,13173.30,13134.80,13151.18,6364
NAS100,20220822,0700,13150.40,13172.93,13076.18,13092.05,10939
NAS100,20220822,0800,13092.18,13096.43,13036.43,13054.43,10398
NAS100,20220822,0900,13053.18,13061.05,13029.68,13051.68,7411
NAS100,20220822,1000,13050.55,13077.43,13046.80,13059.93,7139
NAS100,20220822,1100,13059.80,13070.93,13037.30,13056.18,6654
NAS100,20220822,1200,13054.93,13059.80,13034.90,13046.68,8216
NAS100,20220822,1300,13049.30,13075.35,12989.23,13010.35,16860
NAS100,20220822,1400,13011.60,13015.48,12933.73,12933.73,19302
NAS100,20220822,1500,12936.48,12983.60,12928.23,12974.23,15933
NAS100,20220822,1600,12973.23,12985.35,12943.10,12962.10,13008
NAS100,20220822,1700,12960.73,12964.60,12903.48,12906.48,12404
NAS100,20220822,1800,12908.73,12921.98,12872.10,12886.23,12280
NAS100,20220822,1900,12888.48,12912.98,12858.98,12898.23,14778
NAS100,20220822,2000,12896.98,12921.93,12891.43,12915.78,4185
NAS100,20220822,2200,12918.81,12931.18,12906.90,12924.68,2050
NAS100,20220822,2300,12924.56,12942.06,12920.40,12939.56,2722
NAS100,20220823,0000,12941.56,12943.18,12907.56,12912.31,5481
NAS100,20220823,0100,12911.18,12932.56,12907.06,12910.31,6384
NAS100,20220823,0200,12910.56,12934.43,12909.06,12930.18,4844
NAS100,20220823,0300,12929.31,12932.56,12917.31,12918.81,3631
NAS100,20220823,0400,12919.68,12923.68,12900.31,12901.90,2642
NAS100,20220823,0500,12902.06,12906.18,12860.93,12879.31,6256
NAS100,20220823,0600,12877.18,12891.81,12807.93,12835.68,7831
NAS100,20220823,0700,12835.56,12925.18,12834.43,12913.93,11939
NAS100,20220823,0800,12912.93,12950.31,12911.68,12924.81,7661
NAS100,20220823,0900,12925.06,12938.81,12902.68,12936.56,6499
NAS100,20220823,1000,12935.18,12936.93,12892.31,12905.56,6584
NAS100,20220823,1100,12905.90,12935.31,12894.31,12925.31,6308
NAS100,20220823,1200,12925.06,12934.18,12882.31,12885.43,9130
NAS100,20220823,1300,12886.18,12969.61,12850.86,12933.23,18208
NAS100,20220823,1400,12932.36,13004.23,12880.11,12885.61,22882
NAS100,20220823,1500,12884.73,12930.23,12859.48,12905.11,19138
NAS100,20220823,1600,12906.23,12924.73,12866.23,12920.11,15392
NAS100,20220823,1700,12919.61,12946.36,12885.48,12905.48,15252
NAS100,20220823,1800,12905.73,12940.11,12893.23,12917.11,13783
NAS100,20220823,1900,12917.36,12936.61,12865.98,12883.48,14444
NAS100,20220823,2000,12884.23,12892.18,12870.56,12873.53,3800
NAS100,20220823,2200,12875.51,12888.67,12870.54,12885.92,1993
NAS100,20220823,2300,12886.79,12895.17,12874.67,12881.79,2459
NAS100,20220824,0000,12880.79,12890.79,12864.67,12870.42,5047
NAS100,20220824,0100,12871.54,12874.17,12825.54,12839.54,6568
NAS100,20220824,0200,12839.79,12844.67,12816.51,12827.54,6023
NAS100,20220824,0300,12827.67,12835.17,12820.29,12830.79,3806
NAS100,20220824,0400,12828.54,12867.04,12817.04,12859.67,3681
NAS100,20220824,0500,12860.54,12874.17,12851.79,12863.42,5214
NAS100,20220824,0600,12864.67,12885.42,12848.17,12869.26,5854
NAS100,20220824,0700,12869.42,12893.54,12810.92,12844.79,10941
NAS100,20220824,0800,12845.54,12905.17,12839.54,12895.42,8157
NAS100,20220824,0900,12894.54,12903.17,12867.42,12874.17,6146
NAS100,20220824,1000,12872.04,12884.29,12856.92,12863.04,5343
NAS100,20220824,1100,12862.04,12917.42,12858.79,12908.79,6561
NAS100,20220824,1200,12910.67,12924.42,12876.29,12891.92,9764
NAS100,20220824,1300,12892.92,12900.84,12838.72,12888.72,17167
NAS100,20220824,1400,12889.97,12941.72,12862.09,12917.84,20289
NAS100,20220824,1500,12916.84,12991.22,12909.72,12977.59,16251
NAS100,20220824,1600,12976.59,12997.59,12917.59,12929.84,13097
NAS100,20220824,1700,12932.22,12949.22,12895.72,12926.09,12228
NAS100,20220824,1800,12923.59,12939.59,12899.59,12926.47,10883
NAS100,20220824,1900,12926.84,12958.09,12911.09,12920.84,12679
NAS100,20220824,2000,12919.59,12950.29,12909.67,12942.14,4515
NAS100,20220824,2200,12927.62,12943.02,12924.89,12929.64,1758
NAS100,20220824,2300,12927.77,12934.89,12915.39,12919.39,2036
NAS100,20220825,0000,12920.77,12953.77,12909.89,12949.52,5359
NAS100,20220825,0100,12949.64,12965.77,12944.02,12957.52,5043
NAS100,20220825,0200,12958.52,12964.14,12949.89,12954.14,3874
NAS100,20220825,0300,12955.14,12962.14,12944.64,12948.89,3279
NAS100,20220825,0400,12949.77,12972.52,12946.77,12966.89,3325
NAS100,20220825,0500,12966.02,12980.77,12958.39,12962.14,5019
NAS100,20220825,0600,12962.02,13071.52,12958.64,13052.64,8407
NAS100,20220825,0700,13051.52,13059.52,13035.77,13056.39,8731
NAS100,20220825,0800,13058.52,13069.02,13034.27,13045.64,6026
NAS100,20220825,0900,13044.64,13050.39,12976.77,12990.14,7652
NAS100,20220825,1000,12988.27,13017.77,12981.77,13009.27,6242
NAS100,20220825,1100,13008.39,13031.89,12999.27,13011.52,6554
NAS100,20220825,1200,13011.39,13024.77,12970.14,12992.39,9606
NAS100,20220825,1300,12993.64,13035.19,12947.19,13030.19,17426
NAS100,20220825,1400,13030.94,13104.69,13026.57,13063.19,19689
NAS100,20220825,1500,13061.32,13064.44,12986.19,13031.07,17160
NAS100,20220825,1600,13031.19,13039.94,12982.32,13013.69,14875
NAS100,20220825,1700,13014.19,13079.82,13006.82,13066.44,13246
NAS100,20220825,1800,13067.44,13075.69,13027.94,13052.32,12331
NAS100,20220825,1900,13051.19,13146.94,13038.94,13141.69,13919
NAS100,20220825,2000,13139.94,13146.52,13124.02,13130.24,4044
NAS100,20220825,2200,13139.60,13150.70,13121.73,13126.48,2054
NAS100,20220825,2300,13127.48,13148.10,13126.73,13131.23,2883
NAS100,20220826,0000,13132.10,13140.98,13114.60,13135.35,5140
NAS100,20220826,0100,13137.23,13140.48,13121.85,13136.35,5329
NAS100,20220826,0200,13136.23,13138.98,13126.23,13133.98,4174
NAS100,20220826,0300,13133.73,13145.73,13131.70,13139.23,3141
NAS100,20220826,0400,13139.35,13139.35,13122.48,13125.10,2546
NAS100,20220826,0500,13126.23,13129.48,13101.48,13108.10,4426
NAS100,20220826,0600,13106.98,13117.73,13094.98,13114.60,4739
NAS100,20220826,0700,13115.48,13132.85,13090.85,13096.48,8863
NAS100,20220826,0800,13097.23,13105.48,13072.73,13085.48,7231
NAS100,20220826,0900,13085.73,13090.48,13061.35,13071.35,6487
NAS100,20220826,1000,13070.35,13083.73,13063.85,13075.23,5106
NAS100,20220826,1100,13076.73,13103.85,13055.23,13094.10,6796
NAS100,20220826,1200,13094.23,13153.23,13074.10,13142.73,11557
NAS100,20220826,1300,13143.60,13205.98,13070.90,13122.70,19110
NAS100,20220826,1400,13121.95,13183.65,12855.40,12879.53,25801
NAS100,20220826,1500,12877.90,12885.15,12763.53,12800.40,23129
NAS100,20220826,1600,12800.28,12802.03,12745.90,12791.53,18107
NAS100,20220826,1700,12789.28,12806.78,12720.90,12731.03,15979
NAS100,20220826,1800,12732.65,12740.15,12685.78,12691.78,15254
NAS100,20220826,1900,12692.90,12714.28,12602.65,12609.78,17857
NAS100,20220826,2000,12608.28,12609.60,12564.48,12572.60,6003
NAS100,20220828,2200,12473.85,12501.69,12450.69,12477.72,7046
NAS100,20220828,2300,12478.85,12486.69,12400.69,12407.85,6460
NAS100,20220829,0000,12407.72,12442.47,12395.47,12407.10,9160
NAS100,20220829,0100,12406.97,12435.10,12391.85,12431.97,9079
NAS100,20220829,0200,12433.10,12475.85,12426.44,12454.97,7425
NAS100,20220829,0300,12456.10,12473.85,12446.97,12472.47,4929
NAS100,20220829,0400,12471.47,12482.22,12445.35,12455.72,4660
NAS100,20220829,0500,12457.60,12468.85,12421.97,12424.35,5899
NAS100,20220829,0600,12422.22,12487.47,12422.22,12486.22,6610
NAS100,20220829,0700,12486.35,12524.22,12429.72,12492.22,12412
NAS100,20220829,0800,12492.94,12499.85,12441.10,12441.10,9190
NAS100,20220829,0900,12441.47,12473.97,12436.35,12469.72,7573
NAS100,20220829,1000,12471.35,12487.22,12454.47,12464.10,6907
NAS100,20220829,1100,12464.85,12471.10,12441.85,12469.97,7520
NAS100,20220829,1200,12469.60,12509.47,12450.44,12482.97,9700
NAS100,20220829,1300,12483.22,12596.02,12468.47,12525.65,18394
NAS100,20220829,1400,12522.27,12599.90,12447.40,12453.52,23700
NAS100,20220829,1500,12453.15,12513.02,12437.52,12501.40,20144
NAS100,20220829,1600,12502.40,12576.65,12489.77,12551.15,17535
NAS100,20220829,1700,12552.27,12596.27,12526.40,12563.77,15832
NAS100,20220829,1800,12565.52,12566.27,12511.40,12542.65,15339
NAS100,20220829,1900,12542.40,12584.90,12475.40,12485.15,17392
NAS100,20220829,2000,12484.77,12495.97,12469.85,12494.07,4460
NAS100,20220829,2200,12494.27,12502.27,12483.15,12490.02,1916
NAS100,20220829,2300,12489.90,12527.65,12478.27,12521.52,3330
NAS100,20220830,0000,12521.40,12528.27,12473.15,12498.27,6321
NAS100,20220830,0100,12497.65,12525.65,12482.27,12490.90,7360
NAS100,20220830,0200,12491.27,12503.15,12473.65,12498.27,6264
NAS100,20220830,0300,12498.02,12520.77,12487.65,12519.77,4673
NAS100,20220830,0400,12519.52,12556.15,12513.65,12541.02,4536
NAS100,20220830,0500,12538.77,12545.99,12519.65,12536.52,5094
NAS100,20220830,0600,12535.65,12550.90,12518.40,12539.52,6281
NAS100,20220830,0700,12538.99,12609.02,12527.27,12588.02,12422
NAS100,20220830,0800,12585.90,12648.40,12585.90,12622.27,9053
NAS100,20220830,0900,12623.40,12638.65,12602.40,12625.15,7493
NAS100,20220830,1000,12626.02,12641.90,12616.65,12620.15,6014
NAS100,20220830,1100,12621.02,12628.40,12589.52,12597.77,6791
NAS100,20220830,1200,12598.77,12617.27,12549.40,12551.90,10531
NAS100,20220830,1300,12551.97,12575.32,12453.75,12469.74,19341
NAS100,20220830,1400,12469.69,12486.57,12260.02,12330.27,24319
NAS100,20220830,1500,12330.40,12371.20,12296.27,12334.90,23821
NAS100,20220830,1600,12334.75,12385.87,12281.07,12305.15,19010
NAS100,20220830,1700,12305.00,12320.08,12238.33,12289.81,17444
NAS100,20220830,1800,12290.08,12314.83,12272.06,12295.82,18149
NAS100,20220830,1900,12296.21,12375.32,12291.94,12346.06,20052
NAS100,20220830,2000,12345.46,12370.28,12341.76,12350.00,5591
NAS100,20220830,2200,12357.44,12361.34,12338.20,12359.33,2418
NAS100,20220830,2300,12359.21,12363.45,12338.45,12357.09,2330
NAS100,20220831,0000,12357.10,12404.09,12352.10,12395.22,5672
NAS100,20220831,0100,12395.96,12417.68,12387.83,12400.08,5605
NAS100,20220831,0200,12400.22,12421.46,12397.46,12407.84,4636
NAS100,20220831,0300,12407.71,12443.20,12402.67,12429.96,4490
NAS100,20220831,0400,12429.84,12468.35,12423.46,12443.72,3071
NAS100,20220831,0500,12443.71,12465.59,12424.21,12441.84,5332
NAS100,20220831,0600,12441.72,12454.67,12418.58,12434.67,5391
NAS100,20220831,0700,12435.21,12444.72,12377.09,12389.35,10556
NAS100,20220831,0800,12389.09,12410.08,12359.08,12384.58,9554
NAS100,20220831,0900,12384.47,12385.10,12352.20,12372.72,9215
NAS100,20220831,1000,12372.84,12461.59,12364.96,12433.58,9293
NAS100,20220831,1100,12433.20,12446.22,12402.97,12425.96,8190
NAS100,20220831,1200,12425.85,12464.35,12412.20,12447.20,11141
NAS100,20220831,1300,12446.85,12503.14,12384.77,12446.90,20313
NAS100,20220831,1400,12447.14,12458.63,12344.38,12350.14,25047
NAS100,20220831,1500,12351.75,12395.75,12292.52,12381.64,21998
NAS100,20220831,1600,12381.88,12391.90,12323.76,12336.64,17987
NAS100,20220831,1700,12336.14,12361.01,12276.76,12304.90,16465
NAS100,20220831,1800,12304.64,12335.27,12267.76,12289.14,16748
NAS100,20220831,1900,12289.51,12377.89,12271.50,12274.65,20256
NAS100,20220831,2000,12273.39,12300.83,12270.58,12296.32,5204
NAS100,20220831,2200,12273.70,12284.23,12198.83,12218.09,5011
NAS100,20220831,2300,12217.97,12218.33,12143.33,12168.60,6274
NAS100,20220901,0000,12168.83,12175.60,12114.58,12140.73,8817
NAS100,20220901,0100,12141.08,12168.09,12137.97,12164.71,8168
NAS100,20220901,0200,12164.58,12180.09,12153.08,12161.71,5550
NAS100,20220901,0300,12161.59,12165.72,12124.58,12127.09,4679
NAS100,20220901,0400,12126.96,12156.10,12124.73,12152.22,3878
NAS100,20220901,0500,12152.23,12158.60,12133.58,12142.35,5670
NAS100,20220901,0600,12142.46,12159.48,12103.97,12145.96,8193
NAS100,20220901,0700,12146.47,12177.10,12121.23,12150.08,12643
NAS100,20220901,0800,12149.96,12161.23,12115.23,12131.10,10291
NAS100,20220901,0900,12131.23,12152.48,12107.09,12142.58,8588
NAS100,20220901,1000,12142.59,12164.35,12136.34,12159.96,7408
NAS100,20220901,1100,12159.59,12227.59,12157.84,12197.73,10122
NAS100,20220901,1200,12197.83,12210.59,12151.84,12168.98,11932
NAS100,20220901,1300,12168.97,12214.26,12132.01,12174.44,19487
NAS100,20220901,1400,12173.94,12192.01,12044.01,12044.26,22334
NAS100,20220901,1500,12044.28,12090.39,12016.52,12034.01,21598
NAS100,20220901,1600,12034.02,12074.76,12009.76,12029.76,18112
NAS100,20220901,1700,12030.15,12117.01,12022.51,12074.76,17460
NAS100,20220901,1800,12076.27,12211.14,12063.40,12182.02,20247
NAS100,20220901,1900,12181.65,12290.03,12172.77,12277.90,20658
NAS100,20220901,2000,12277.52,12289.60,12248.22,12281.94,5800
NAS100,20220901,2200,12285.88,12307.55,12270.29,12281.54,3303
NAS100,20220901,2300,12281.41,12288.81,12264.43,12288.55,3056
NAS100,20220902,0000,12288.66,12297.31,12268.56,12281.67,5987
NAS100,20220902,0100,12281.66,12288.81,12271.06,12279.80,6095
NAS100,20220902,0200,12280.18,12280.18,12245.29,12259.55,5195
NAS100,20220902,0300,12259.81,12276.31,12257.66,12266.80,3696
NAS100,20220902,0400,12266.68,12300.81,12266.68,12290.67,3571
NAS100,20220902,0500,12290.80,12296.06,12247.54,12255.92,5350
NAS100,20220902,0600,12255.81,12304.68,12234.16,12302.42,7203
NAS100,20220902,0700,12302.67,12304.18,12247.54,12263.79,11540
NAS100,20220902,0800,12263.80,12303.31,12261.56,12294.54,8556
NAS100,20220902,0900,12293.43,12293.43,12263.16,12277.31,6480
NAS100,20220902,1000,12277.91,12283.04,12230.04,12249.67,7115
NAS100,20220902,1100,12249.30,12275.92,12230.81,12265.04,7965
NAS100,20220902,1200,12264.91,12393.04,12247.81,12354.41,15810
NAS100,20220902,1300,12354.18,12409.43,12281.97,12297.86,21047
NAS100,20220902,1400,12298.21,12451.48,12262.47,12387.46,22222
NAS100,20220902,1500,12386.98,12424.85,12369.71,12407.23,19645
NAS100,20220902,1600,12407.36,12414.22,12189.98,12225.96,21921
NAS100,20220902,1700,12225.09,12225.86,12074.96,12076.59,23161
NAS100,20220902,1800,12076.60,12145.10,12071.48,12095.59,20528
NAS100,20220902,1900,12095.22,12148.61,12030.72,12099.59,20661
NAS100,20220902,2000,12099.46,12126.68,12094.17,12118.43,4358
NAS100,20220904,2200,12086.56,12089.82,12047.21,12059.44,4043
NAS100,20220904,2300,12059.31,12121.21,12057.94,12115.83,3952
NAS100,20220905,0000,12115.58,12141.08,12076.08,12100.71,7484
NAS100,20220905,0100,12101.57,12128.57,12086.46,12098.45,7906
NAS100,20220905,0200,12098.32,12109.82,12077.46,12095.70,6317
NAS100,20220905,0300,12095.58,12116.96,12081.96,12110.08,4704
NAS100,20220905,0400,12110.07,12119.82,12099.66,12107.82,3363
NAS100,20220905,0500,12107.96,12109.33,12070.31,12076.56,5042
NAS100,20220905,0600,12076.69,12121.46,12070.44,12115.33,7096
NAS100,20220905,0700,12115.56,12133.08,12060.44,12077.56,11189
NAS100,20220905,0800,12077.44,12097.95,12059.83,12093.44,7309
NAS100,20220905,0900,12093.56,12113.96,12068.33,12105.56,7147
NAS100,20220905,1000,12105.83,12112.58,12080.67,12084.33,5996
NAS100,20220905,1100,12084.07,12096.21,12055.56,12063.31,5670
NAS100,20220905,1200,12063.32,12088.96,12046.42,12087.46,6862
NAS100,20220905,1300,12087.45,12136.38,12086.69,12124.24,7999
NAS100,20220905,1400,12124.36,12152.87,12115.38,12139.38,6540
NAS100,20220905,1500,12138.99,12153.76,12121.26,12131.26,5633
NAS100,20220905,1600,12131.11,12159.61,12121.38,12128.43,4432
NAS100,20220905,1700,12128.43,12133.21,12117.24,12118.71,84
NAS100,20220905,2200,12118.44,12175.37,12105.23,12163.11,3954
NAS100,20220905,2300,12162.61,12166.95,12131.85,12141.48,3274
NAS100,20220906,0000,12141.35,12221.35,12125.22,12209.48,7370
NAS100,20220906,0100,12209.49,12226.47,12179.74,12181.36,6901
NAS100,20220906,0200,12181.24,12194.98,12161.97,12189.99,6230
NAS100,20220906,0300,12189.73,12190.73,12147.98,12158.23,4461
NAS100,20220906,0400,12158.35,12175.11,12148.35,12151.61,3925
NAS100,20220906,0500,12151.72,12170.87,12140.19,12155.60,5211
NAS100,20220906,0600,12155.73,12192.74,12147.23,12184.23,5829
NAS100,20220906,0700,12184.35,12237.12,12176.47,12191.85,11181
NAS100,20220906,0800,12191.73,12204.37,12154.11,12203.48,8753
NAS100,20220906,0900,12203.74,12203.87,12164.47,12188.74,7088
NAS100,20220906,1000,12188.62,12228.61,12177.98,12189.86,7400
NAS100,20220906,1100,12188.73,12191.49,12136.37,12173.62,7823
NAS100,20220906,1200,12173.37,12195.73,12149.36,12161.61,9255
NAS100,20220906,1300,12161.73,12181.23,12013.29,12038.78,19721
NAS100,20220906,1400,12039.03,12116.66,11923.77,12097.02,25116
NAS100,20220906,1500,12096.79,12136.79,12051.54,12113.92,23877
NAS100,20220906,1600,12113.79,12132.78,12006.52,12051.53,20372
NAS100,20220906,1700,12051.66,12054.79,11957.52,12001.28,18981
NAS100,20220906,1800,12000.92,12054.52,11993.66,12008.77,19355
NAS100,20220906,1900,12008.90,12059.28,11983.78,12016.16,21145
NAS100,20220906,2000,12013.79,12019.74,11996.49,12012.97,4815
NAS100,20220906,2200,12013.04,12027.67,12003.68,12013.68,2522
NAS100,20220906,2300,12013.78,12017.43,11994.16,12000.53,2906
NAS100,20220907,0000,11999.80,12008.03,11915.53,11946.16,8768
NAS100,20220907,0100,11946.03,11967.78,11926.51,11961.04,7901
NAS100,20220907,0200,11961.05,11972.43,11946.05,11950.67,6078
NAS100,20220907,0300,11950.80,11957.05,11931.51,11955.43,5078
NAS100,20220907,0400,11955.17,11981.28,11943.41,11975.68,3773
NAS100,20220907,0500,11975.79,12004.67,11971.80,11982.68,5561
NAS100,20220907,0600,11983.17,12019.17,11964.53,11997.29,7035
NAS100,20220907,0700,11997.41,12042.17,11965.92,12034.53,11395
NAS100,20220907,0800,12034.41,12071.29,12025.53,12055.42,9032
NAS100,20220907,0900,12055.66,12056.43,12027.92,12049.55,7431
NAS100,20220907,1000,12049.43,12054.30,12027.78,12034.53,6750
NAS100,20220907,1100,12034.66,12039.54,11973.30,12002.54,8560
NAS100,20220907,1200,12002.79,12016.05,11971.03,12005.79,10588
NAS100,20220907,1300,12005.55,12121.10,11999.30,12072.84,19357
NAS100,20220907,1400,12072.59,12103.48,12023.83,12070.35,23687
NAS100,20220907,1500,12069.98,12155.98,12054.21,12138.48,19048
NAS100,20220907,1600,12138.83,12167.09,12095.34,12151.60,17879
NAS100,20220907,1700,12151.73,12210.59,12142.23,12204.46,16042
NAS100,20220907,1800,12205.10,12273.73,12200.21,12265.34,16051
NAS100,20220907,1900,12265.58,12299.73,12251.47,12256.97,16489
NAS100,20220907,2000,12257.58,12264.55,12242.03,12257.38,4701
NAS100,20220907,2200,12262.81,12281.34,12257.81,12266.83,2117
NAS100,20220907,2300,12266.70,12275.20,12249.20,12252.20,2840
NAS100,20220908,0000,12252.45,12279.71,12244.09,12272.47,5501
NAS100,20220908,0100,12272.46,12288.95,12268.97,12271.35,5740
NAS100,20220908,0200,12270.83,12275.59,12253.59,12256.35,4224
NAS100,20220908,0300,12256.22,12273.71,12255.72,12262.72,4153
NAS100,20220908,0400,12262.70,12283.34,12262.70,12282.21,3055
NAS100,20220908,0500,12282.60,12288.47,12271.33,12285.33,4775
NAS100,20220908,0600,12284.59,12326.59,12274.47,12295.33,6292
NAS100,20220908,0700,12295.70,12305.46,12225.59,12241.45,11166
NAS100,20220908,0800,12241.71,12262.10,12219.34,12261.83,8399
NAS100,20220908,0900,12261.70,12265.34,12240.10,12256.60,6250
NAS100,20220908,1000,12256.72,12278.60,12245.46,12267.20,5899
NAS100,20220908,1100,12266.82,12287.59,12236.71,12247.20,7798
NAS100,20220908,1200,12247.21,12284.46,12170.70,12176.59,15011
NAS100,20220908,1300,12175.47,12265.26,12113.02,12240.51,21939
NAS100,20220908,1400,12242.89,12335.89,12173.63,12335.89,23747
NAS100,20220908,1500,12334.75,12373.75,12301.64,12310.88,19746
NAS100,20220908,1600,12311.02,12318.75,12133.01,12222.90,22605
NAS100,20220908,1700,12223.13,12296.64,12188.25,12253.65,19969
NAS100,20220908,1800,12254.14,12295.51,12234.00,12251.40,19386
NAS100,20220908,1900,12251.00,12321.13,12224.52,12321.13,18305
NAS100,20220908,2000,12320.46,12343.33,12318.10,12340.93,4172
NAS100,20220908,2200,12334.09,12340.84,12324.12,12333.26,1194
NAS100,20220908,2300,12333.39,12352.76,12333.24,12345.51,1672
NAS100,20220909,0000,12345.99,12392.76,12340.50,12382.88,4479
NAS100,20220909,0100,12383.00,12383.39,12355.12,12361.51,4131
NAS100,20220909,0200,12361.39,12383.88,12361.24,12369.62,3079
NAS100,20220909,0300,12369.74,12382.87,12365.24,12382.12,2569
NAS100,20220909,0400,12382.01,12408.89,12382.00,12402.01,2532
NAS100,20220909,0500,12401.75,12404.13,12379.89,12385.37,3035
NAS100,20220909,0600,12385.51,12385.51,12350.64,12375.26,4342
NAS100,20220909,0700,12375.63,12449.38,12371.64,12414.01,10102
NAS100,20220909,0800,12413.74,12448.14,12402.76,12445.38,7538
NAS100,20220909,0900,12445.39,12457.74,12433.24,12447.00,6066
NAS100,20220909,1000,12446.89,12475.89,12429.88,12458.38,5557
NAS100,20220909,1100,12458.50,12459.01,12430.14,12439.99,5019
NAS100,20220909,1200,12440.26,12468.00,12422.24,12439.88,7319
NAS100,20220909,1300,12439.49,12498.81,12401.12,12497.80,17363
NAS100,20220909,1400,12497.54,12563.94,12482.29,12554.06,20550
NAS100,20220909,1500,12554.17,12574.94,12516.80,12553.18,17514
NAS100,20220909,1600,12553.19,12570.81,12505.31,12569.17,15801
NAS100,20220909,1700,12569.42,12598.80,12552.18,12582.18,11286
NAS100,20220909,1800,12582.19,12593.94,12554.06,12572.17,12180
NAS100,20220909,1900,12572.29,12608.44,12566.43,12584.42,13466
NAS100,20220909,2000,12584.80,12587.89,12567.10,12584.50,2348
NAS100,20220911,2200,12623.40,12675.32,12623.40,12637.57,3040
NAS100,20220911,2300,12637.55,12643.45,12624.43,12628.56,2072
NAS100,20220912,0000,12628.43,12628.43,12597.43,12608.94,3765
NAS100,20220912,0100,12608.80,12613.82,12591.66,12612.95,3735
NAS100,20220912,0200,12613.06,12614.70,12577.20,12588.81,3283
NAS100,20220912,0300,12588.93,12592.70,12573.43,12581.82,2750
NAS100,20220912,0400,12582.06,12587.82,12570.19,12579.18,2485
NAS100,20220912,0500,12579.31,12603.95,12578.55,12603.95,2838
NAS100,20220912,0600,12604.07,12640.43,12579.06,12635.55,5197
NAS100,20220912,0700,12634.95,12664.30,12617.70,12645.05,10625
NAS100,20220912,0800,12645.06,12683.94,12625.55,12681.68,8179
NAS100,20220912,0900,12681.43,12693.68,12660.56,12663.18,6139
NAS100,20220912,1000,12662.81,12662.81,12639.80,12648.68,5852
NAS100,20220912,1100,12647.65,12677.95,12638.93,12673.20,6150
NAS100,20220912,1200,12672.94,12673.95,12608.07,12640.07,8266
NAS100,20220912,1300,12640.18,12734.37,12625.95,12733.49,15957
NAS100,20220912,1400,12733.86,12752.87,12691.40,12696.61,20694
NAS100,20220912,1500,12697.00,12736.00,12640.49,12658.99,19300
NAS100,20220912,1600,12659.11,12713.60,12635.98,12710.86,17758
NAS100,20220912,1700,12711.11,12741.11,12681.91,12735.24,14936
NAS100,20220912,1800,12735.73,12738.25,12678.49,12709.35,15830
NAS100,20220912,1900,12709.75,12740.00,12698.74,12739.37,15555
NAS100,20220912,2000,12738.75,12770.45,12736.20,12768.53,3916
NAS100,20220912,2200,12765.94,12772.96,12750.94,12760.09,1671
NAS100,20220912,2300,12760.22,12767.71,12755.96,12760.22,1651
NAS100,20220913,0000,12760.46,12768.22,12748.08,12755.70,4361
NAS100,20220913,0100,12755.35,12763.85,12739.96,12748.59,4947
NAS100,20220913,0200,12748.71,12758.71,12734.34,12757.60,3718
NAS100,20220913,0300,12757.59,12762.35,12749.09,12751.70,2443
NAS100,20220913,0400,12751.85,12752.60,12739.20,12746.45,2074
NAS100,20220913,0500,12746.34,12771.45,12740.45,12769.85,3018
NAS100,20220913,0600,12769.95,12803.35,12764.67,12785.35,4874
NAS100,20220913,0700,12784.95,12807.71,12766.33,12799.58,9003
NAS100,20220913,0800,12800.21,12802.34,12780.70,12791.97,6564
NAS100,20220913,0900,12791.83,12794.72,12772.85,12786.97,5960
NAS100,20220913,1000,12786.46,12821.09,12780.22,12815.20,5788
NAS100,20220913,1100,12815.09,12839.09,12814.58,12829.59,6288
NAS100,20220913,1200,12829.33,12880.19,12374.33,12374.45,16482
NAS100,20220913,1300,12373.47,12423.14,12303.90,12304.27,23131
NAS100,20220913,1400,12304.40,12326.75,12208.63,12225.90,23435
NAS100,20220913,1500,12225.77,12234.64,12179.42,12193.40,20842
NAS100,20220913,1600,12191.44,12236.52,12181.26,12210.25,18315
NAS100,20220913,1700,12210.02,12253.50,12195.25,12207.27,18225
NAS100,20220913,1800,12207.50,12213.90,12123.27,12131.40,17265
NAS100,20220913,1900,12131.39,12138.40,12001.38,12037.27,20663
NAS100,20220913,2000,12037.51,12055.70,12026.20,12045.18,5222
NAS100,20220913,2200,12047.23,12069.98,12025.23,12062.98,2781
NAS100,20220913,2300,12063.23,12063.23,12035.60,12055.47,3313
NAS100,20220914,0000,12055.07,12056.96,12006.47,12024.32,7243
NAS100,20220914,0100,12024.70,12055.83,12021.34,12049.82,6782
NAS100,20220914,0200,12049.70,12073.84,12047.70,12055.20,4699
NAS100,20220914,0300,12055.22,12066.09,12041.07,12049.47,3818
NAS100,20220914,0400,12049.59,12061.72,12041.95,12056.08,3661
NAS100,20220914,0500,12056.22,12068.34,12020.72,12022.97,4947
NAS100,20220914,0600,12022.70,12071.97,12014.82,12058.47,6998
NAS100,20220914,0700,12058.09,12102.72,12032.96,12077.97,11635
NAS100,20220914,0800,12078.09,12133.97,12073.20,12112.33,9217
NAS100,20220914,0900,12112.22,12120.71,12081.96,12094.59,6754
NAS100,20220914,1000,12094.46,12112.22,12075.71,12087.45,6088
NAS100,20220914,1100,12088.21,12089.84,11999.83,12004.20,9130
NAS100,20220914,1200,12004.22,12092.59,12000.83,12078.70,12417
NAS100,20220914,1300,12078.71,12129.13,12016.87,12104.64,14286
NAS100,20220914,1400,12110.50,12144.38,12011.37,12132.87,17436
NAS100,20220914,1500,12132.51,12167.12,12102.25,12126.75,20230
NAS100,20220914,1600,12126.88,12162.64,12097.13,12144.26,18668
NAS100,20220914,1700,12144.12,12163.26,12055.13,12065.89,17919
NAS100,20220914,1800,12065.77,12096.12,12035.25,12055.14,18965
NAS100,20220914,1900,12055.13,12145.88,12010.88,12134.02,19814
NAS100,20220914,2000,12131.46,12168.71,12130.95,12166.69,4777
NAS100,20220914,2200,12151.06,12184.98,12151.06,12177.86,1839
NAS100,20220914,2300,12177.99,12178.23,12156.11,12165.48,2035
NAS100,20220915,0000,12165.74,12165.74,12142.74,12156.72,4014
NAS100,20220915,0100,12156.60,12176.10,12129.60,12175.49,5013
NAS100,20220915,0200,12175.61,12177.22,12147.74,12153.59,3505
NAS100,20220915,0300,12153.72,12161.09,12144.09,12147.23,2419
NAS100,20220915,0400,12147.22,12150.48,12132.74,12141.61,2321
NAS100,20220915,0500,12141.74,12143.72,12124.48,12131.57,3398
NAS100,20220915,0600,12132.47,12145.74,12123.11,12133.73,3719
NAS100,20220915,0700,12133.59,12166.72,12129.22,12161.99,6007
NAS100,20220915,0800,12161.97,12170.61,12122.48,12137.61,5752
NAS100,20220915,0900,12137.86,12155.97,12123.59,12148.36,3939
NAS100,20220915,1000,12148.48,12157.23,12076.73,12098.59,5246
NAS100,20220915,1100,12097.98,12135.11,12089.10,12098.59,5054
NAS100,20220915,1200,12098.22,12121.97,12061.09,12100.35,10715
NAS100,20220915,1300,12100.72,12138.65,12031.41,12123.91,14326
NAS100,20220915,1400,12123.39,12152.65,11933.52,11934.90,19267
NAS100,20220915,1500,11935.16,11993.89,11910.90,11948.03,20201
NAS100,20220915,1600,11948.16,11995.28,11923.41,11994.53,18795
NAS100,20220915,1700,11994.78,12074.02,11994.78,12015.64,18525
NAS100,20220915,1800,12015.90,12016.91,11937.39,11948.89,18206
NAS100,20220915,1900,11949.41,11955.40,11864.54,11929.33,18893
NAS100,20220915,2000,11931.33,11963.08,11880.31,11898.09,5973
NAS100,20220915,2200,11878.00,11878.39,11814.49,11854.15,4412
NAS100,20220915,2300,11853.89,11855.29,11828.04,11838.02,3342
NAS100,20220916,0000,11838.04,11857.66,11828.02,11830.15,5635
NAS100,20220916,0100,11830.28,11847.29,11826.28,11834.03,6419
NAS100,20220916,0200,11834.14,11843.28,11829.40,11836.90,5162
NAS100,20220916,0300,11837.02,11838.40,11824.02,11826.03,3704
NAS100,20220916,0400,11825.79,11830.27,11817.53,11827.66,2903
NAS100,20220916,0500,11827.53,11834.28,11815.53,11816.41,4309
NAS100,20220916,0600,11816.40,11832.16,11798.77,11806.64,7607
NAS100,20220916,0700,11807.04,11824.77,11800.27,11816.15,9116
NAS100,20220916,0800,11816.14,11821.91,11773.90,11789.29,7304
NAS100,20220916,0900,11789.14,11805.54,11781.91,11787.65,6883
NAS100,20220916,1000,11787.90,11840.91,11779.14,11836.91,6720
NAS100,20220916,1100,11836.90,11836.90,11799.64,11816.89,7082
NAS100,20220916,1200,11817.90,11818.77,11757.27,11761.04,10116
NAS100,20220916,1300,11760.79,11793.14,11705.46,11715.32,12608
NAS100,20220916,1400,11717.07,11837.20,11717.07,11740.32,12264
NAS100,20220916,1500,11738.21,11789.84,11718.32,11783.32,17785
NAS100,20220916,1600,11783.69,11786.84,11701.84,11765.83,17020
NAS100,20220916,1700,11765.57,11775.08,11726.07,11738.46,15956
NAS100,20220916,1800,11738.32,11827.08,11733.82,11812.57,16582
NAS100,20220916,1900,11812.58,11870.20,11793.20,11859.71,19189
NAS100,20220916,2000,11847.54,11865.65,11847.14,11858.66,3647
NAS100,20220918,2200,11838.16,11853.82,11807.55,11847.19,4406
NAS100,20220918,2300,11846.05,11869.93,11840.55,11856.32,3245
NAS100,20220919,0000,11856.45,11876.43,11854.69,11865.56,4328
NAS100,20220919,0100,11865.68,11871.94,11842.81,11857.45,5522
NAS100,20220919,0200,11857.30,11859.57,11782.07,11806.82,6271
NAS100,20220919,0300,11806.80,11813.56,11792.20,11809.20,3587
NAS100,20220919,0400,11809.32,11813.57,11795.93,11806.32,2463
NAS100,20220919,0500,11806.30,11817.07,11782.19,11782.81,3780
NAS100,20220919,0600,11782.69,11789.70,11750.69,11787.56,5792
NAS100,20220919,0700,11787.44,11787.56,11741.93,11753.07,8675
NAS100,20220919,0800,11753.57,11784.82,11736.93,11741.32,6936
NAS100,20220919,0900,11741.45,11757.82,11727.81,11744.32,6258
NAS100,20220919,1000,11744.31,11755.82,11718.20,11754.80,6298
NAS100,20220919,1100,11754.70,11766.05,11731.18,11732.20,6871
NAS100,20220919,1200,11732.32,11793.05,11731.19,11774.43,9042
NAS100,20220919,1300,11774.57,11855.23,11740.95,11840.75,12263
NAS100,20220919,1400,11840.85,11900.50,11797.48,11872.23,17628
NAS100,20220919,1500,11872.50,11903.75,11795.74,11802.86,17322
NAS100,20220919,1600,11803.00,11878.00,11775.25,11868.98,16538
NAS100,20220919,1700,11869.00,11874.60,11828.37,11844.37,14123
NAS100,20220919,1800,11844.48,11874.50,11824.10,11871.85,14648
NAS100,20220919,1900,11871.98,11957.10,11871.98,11953.10,17329
NAS100,20220919,2000,11949.95,11992.32,11946.19,11971.70,5116
NAS100,20220919,2200,11971.42,11990.32,11967.30,11977.30,2357
NAS100,20220919,2300,11977.18,12003.82,11975.31,12003.67,3044
NAS100,20220920,0000,12003.55,12018.18,11979.07,11986.81,5790
NAS100,20220920,0100,11986.55,11987.44,11959.16,11974.43,5994
NAS100,20220920,0200,11974.30,11983.17,11966.18,11978.80,4209
NAS100,20220920,0300,11978.92,11984.30,11971.56,11982.31,3116
NAS100,20220920,0400,11982.18,11987.67,11977.19,11981.06,2509
NAS100,20220920,0500,11981.18,11994.32,11977.06,11988.06,3381
NAS100,20220920,0600,11987.94,11989.19,11962.93,11974.68,5203
NAS100,20220920,0700,11974.30,12014.07,11930.92,11937.68,11366
NAS100,20220920,0800,11937.80,11939.17,11900.68,11917.32,8646
NAS100,20220920,0900,11917.18,11921.42,11873.42,11889.57,8049
NAS100,20220920,1000,11889.82,11897.44,11869.68,11894.82,7290
NAS100,20220920,1100,11894.93,11912.69,11876.44,11876.44,7561
NAS100,20220920,1200,11876.81,11884.18,11840.81,11864.69,10866
NAS100,20220920,1300,11864.17,11875.92,11813.11,11846.48,11817
NAS100,20220920,1400,11842.10,11889.98,11818.35,11881.85,15489
NAS100,20220920,1500,11883.12,11942.99,11869.22,11940.22,17099
NAS100,20220920,1600,11940.49,11948.74,11861.22,11876.23,15381
NAS100,20220920,1700,11876.49,11879.99,11754.72,11762.35,15978
NAS100,20220920,1800,11758.99,11841.73,11758.99,11831.86,16157
NAS100,20220920,1900,11831.74,11892.62,11818.61,11848.48,17874
NAS100,20220920,2000,11852.44,11882.31,11852.44,11874.67,4951
NAS100,20220920,2200,11872.31,11872.31,11851.41,11859.92,2293
NAS100,20220920,2300,11860.06,11863.31,11836.79,11852.54,2941
NAS100,20220921,0000,11852.66,11878.81,11846.56,11868.81,5388
NAS100,20220921,0100,11868.67,11874.54,11836.17,11845.42,5862
NAS100,20220921,0200,11844.93,11869.91,11842.68,11863.81,4459
NAS100,20220921,0300,11863.29,11867.91,11851.68,11866.42,2786
NAS100,20220921,0400,11866.55,11867.06,11852.16,11856.92,2402
NAS100,20220921,0500,11856.81,11877.81,11830.29,11840.81,4785
NAS100,20220921,0600,11840.43,11866.18,11809.54,11819.41,11199
NAS100,20220921,0700,11819.66,11871.66,11787.76,11846.41,12160
NAS100,20220921,0800,11846.55,11862.68,11829.29,11851.66,7536
NAS100,20220921,0900,11851.56,11871.66,11830.05,11863.30,6504
NAS100,20220921,1000,11863.66,11866.79,11832.17,11851.41,5774
NAS100,20220921,1100,11851.80,11874.93,11840.66,11865.41,6308
NAS100,20220921,1200,11865.54,11914.93,11860.91,11902.04,8760
NAS100,20220921,1300,11901.91,11922.86,11864.46,11896.59,16653
NAS100,20220921,1400,11896.85,11925.23,11867.09,11882.34,19864
NAS100,20220921,1500,11882.35,11904.23,11865.21,11893.86,15803
NAS100,20220921,1600,11893.85,11935.96,11884.22,11907.60,12425
NAS100,20220921,1700,11907.73,11979.36,11890.85,11955.53,11931
NAS100,20220921,1800,11955.78,12060.86,11691.35,11994.60,22762
NAS100,20220921,1900,12012.11,12021.10,11631.86,11631.86,22449
NAS100,20220921,2000,11629.56,11633.42,11573.54,11592.90,8415
NAS100,20220921,2200,11590.80,11607.32,11547.57,11552.70,4884
NAS100,20220921,2300,11552.69,11563.45,11536.43,11541.69,4968
NAS100,20220922,0000,11541.57,11556.43,11502.69,11510.82,7469
NAS100,20220922,0100,11510.57,11529.33,11479.57,11528.83,8972
NAS100,20220922,0200,11528.58,11560.33,11520.43,11545.95,7803
NAS100,20220922,0300,11545.94,11551.33,11531.78,11539.45,5204
NAS100,20220922,0400,11539.69,11559.08,11536.81,11546.82,3805
NAS100,20220922,0500,11546.68,11574.44,11541.55,11554.33,5403
NAS100,20220922,0600,11554.43,11577.95,11526.57,11544.45,7859
NAS100,20220922,0700,11544.43,11653.44,11529.93,11642.31,13545
NAS100,20220922,0800,11642.33,11725.07,11639.19,11683.69,15049
NAS100,20220922,0900,11683.06,11686.32,11611.94,11630.69,10883
NAS100,20220922,1000,11630.20,11663.20,11609.58,11654.69,8100
NAS100,20220922,1100,11654.68,11665.20,11569.31,11629.08,13295
NAS100,20220922,1200,11628.95,11680.33,11593.03,11646.70,13781
NAS100,20220922,1300,11646.32,11650.56,11501.37,11522.48,19527
NAS100,20220922,1400,11522.62,11566.99,11466.24,11473.62,23333
NAS100,20220922,1500,11473.50,11519.75,11439.74,11493.73,20773
NAS100,20220922,1600,11493.99,11538.49,11470.11,11508.11,20430
NAS100,20220922,1700,11508.12,11534.63,11465.86,11520.63,17851
NAS100,20220922,1800,11520.50,11529.13,11451.11,11512.98,18860
NAS100,20220922,1900,11512.87,11613.36,11490.49,11493.50,22388
NAS100,20220922,2000,11492.73,11506.83,11472.81,11495.04,6295
NAS100,20220922,2200,11514.79,11517.43,11489.41,11502.30,3098
NAS100,20220922,2300,11502.42,11521.18,11498.55,11518.68,2728
NAS100,20220923,0000,11518.79,11531.42,11511.54,11512.68,4498
NAS100,20220923,0100,11512.55,11516.18,11495.67,11513.54,5574
NAS100,20220923,0200,11513.55,11514.05,11453.75,11477.43,5819
NAS100,20220923,0300,11477.18,11487.54,11459.16,11467.42,4452
NAS100,20220923,0400,11467.66,11470.92,11431.54,11443.79,4874
NAS100,20220923,0500,11443.53,11484.53,11442.68,11466.79,6347
NAS100,20220923,0600,11466.66,11489.43,11457.91,11463.79,6171
NAS100,20220923,0700,11463.41,11466.67,11417.04,11449.05,11645
NAS100,20220923,0800,11449.18,11465.18,11402.53,11403.92,9414
NAS100,20220923,0900,11403.80,11408.67,11350.54,11385.67,11246
NAS100,20220923,1000,11385.66,11387.03,11315.16,11321.28,11839
NAS100,20220923,1100,11320.29,11348.42,11311.18,11342.68,13005
NAS100,20220923,1200,11342.67,11360.42,11324.68,11341.91,12445
NAS100,20220923,1300,11341.93,11413.03,11282.59,11288.08,20654
NAS100,20220923,1400,11286.34,11349.34,11270.23,11310.22,24277
NAS100,20220923,1500,11310.10,11357.47,11271.08,11292.97,20932
NAS100,20220923,1600,11293.10,11299.22,11229.23,11287.21,18565
NAS100,20220923,1700,11286.97,11303.59,11239.47,11260.97,17045
NAS100,20220923,1800,11260.96,11277.21,11160.84,11168.47,19627
NAS100,20220923,1900,11168.84,11316.59,11165.97,11305.72,22140
NAS100,20220923,2000,11305.21,11324.42,11300.18,11316.93,4562
NAS100,20220925,2200,11298.39,11330.63,11244.87,11288.75,7461
NAS100,20220925,2300,11288.62,11301.89,11263.24,11280.39,5462
NAS100,20220926,0000,11279.87,11314.12,11233.98,11240.24,9700
NAS100,20220926,0100,11240.25,11274.50,11219.00,11272.39,12795
NAS100,20220926,0200,11272.50,11299.26,11263.88,11266.64,8960
NAS100,20220926,0300,11266.62,11286.24,11248.12,11256.38,6750
NAS100,20220926,0400,11256.13,11263.49,11226.13,11230.24,6137
NAS100,20220926,0500,11229.99,11242.38,11199.38,11207.39,8299
NAS100,20220926,0600,11207.63,11232.01,11191.51,11211.74,8889
NAS100,20220926,0700,11211.75,11356.63,11208.37,11285.25,16777
NAS100,20220926,0800,11285.64,11343.38,11278.00,11315.63,12625
NAS100,20220926,0900,11316.25,11325.50,11214.26,11240.25,11546
NAS100,20220926,1000,11240.49,11274.13,11225.14,11246.87,10533
NAS100,20220926,1100,11246.00,11262.25,11220.87,11251.51,10516
NAS100,20220926,1200,11251.38,11319.89,11226.89,11319.12,13486
NAS100,20220926,1300,11318.74,11430.81,11277.26,11425.43,19621
NAS100,20220926,1400,11425.79,11472.18,11370.79,11393.55,24525
NAS100,20220926,1500,11393.67,11407.29,11290.81,11349.04,23390
NAS100,20220926,1600,11349.56,11350.69,11245.04,11307.54,20610
NAS100,20220926,1700,11307.68,11310.80,11229.29,11234.17,19380
NAS100,20220926,1800,11233.79,11333.80,11229.29,11318.18,20104
NAS100,20220926,1900,11317.94,11342.17,11244.69,11257.06,22640
NAS100,20220926,2000,11256.80,11270.75,11225.99,11250.36,6773
NAS100,20220926,2200,11251.94,11262.82,11234.30,11260.07,3399
NAS100,20220926,2300,11259.80,11292.93,11259.56,11285.07,4051
NAS100,20220927,0000,11285.31,11353.57,11283.68,11344.67,8718
NAS100,20220927,0100,11344.93,11358.55,11328.18,11331.06,8860
NAS100,20220927,0200,11331.19,11350.18,11320.52,11335.32,6757
NAS100,20220927,0300,11335.17,11347.07,11310.68,11337.55,5317
NAS100,20220927,0400,11337.19,11343.44,11329.82,11335.67,3303
NAS100,20220927,0500,11335.57,11355.55,11322.31,11354.81,5479
NAS100,20220927,0600,11354.56,11402.81,11348.56,11375.31,8524
NAS100,20220927,0700,11375.06,11446.06,11360.05,11422.69,13388
NAS100,20220927,0800,11422.55,11436.94,11387.80,11391.18,10150
NAS100,20220927,0900,11390.81,11394.44,11351.17,11355.81,9143
NAS100,20220927,1000,11355.55,11421.55,11354.93,11404.05,9738
NAS100,20220927,1100,11404.32,11449.68,11393.92,11432.81,10252
NAS100,20220927,1200,11432.92,11460.43,11410.55,11410.57,12250
NAS100,20220927,1300,11410.07,11504.36,11395.19,11424.28,20176
NAS100,20220927,1400,11424.52,11440.24,11342.72,11424.85,24731
NAS100,20220927,1500,11424.11,11435.49,11278.37,11280.62,22567
NAS100,20220927,1600,11280.99,11282.62,11170.36,11237.36,22037
NAS100,20220927,1700,11236.98,11237.22,11178.97,11208.48,20545
NAS100,20220927,1800,11208.60,11299.99,11190.99,11278.87,19248
NAS100,20220927,1900,11279.24,11291.37,11217.85,11270.62,20962
NAS100,20220927,2000,11270.10,11292.57,11245.93,11290.41,5875
NAS100,20220927,2200,11298.06,11314.45,11280.31,11303.94,3642
NAS100,20220927,2300,11303.70,11314.33,11284.06,11285.06,4315
NAS100,20220928,0000,11284.81,11330.21,11284.81,11299.06,8500
NAS100,20220928,0100,11298.83,11313.57,11191.95,11210.46,12900
NAS100,20220928,0200,11210.45,11211.83,11122.31,11154.31,12036
NAS100,20220928,0300,11154.20,11186.69,11152.44,11172.33,8198
NAS100,20220928,0400,11172.08,11201.07,11152.95,11171.31,6421
NAS100,20220928,0500,11171.44,11197.58,11145.96,11197.44,8121
NAS100,20220928,0600,11197.31,11219.94,11140.45,11143.94,10371
NAS100,20220928,0700,11144.56,11207.31,11106.55,11184.69,17117
NAS100,20220928,0800,11185.32,11192.69,11120.06,11153.31,13021
NAS100,20220928,0900,11153.44,11157.69,11083.44,11089.19,11971
NAS100,20220928,1000,11089.06,11249.31,11079.69,11187.45,19327
NAS100,20220928,1100,11187.57,11196.46,11130.06,11155.06,14979
NAS100,20220928,1200,11155.19,11292.83,11153.06,11258.69,17127
NAS100,20220928,1300,11259.58,11290.51,11204.49,11249.49,21883
NAS100,20220928,1400,11249.36,11370.26,11209.86,11335.12,23975
NAS100,20220928,1500,11335.61,11419.50,11322.74,11417.11,21970
NAS100,20220928,1600,11417.26,11450.76,11392.11,11415.25,17923
NAS100,20220928,1700,11416.26,11456.88,11397.50,11415.11,17597
NAS100,20220928,1800,11414.87,11465.63,11409.75,11455.50,16424
NAS100,20220928,1900,11455.49,11550.36,11451.76,11490.99,18643
NAS100,20220928,2000,11490.76,11504.81,11473.19,11477.43,6165
NAS100,20220928,2200,11480.72,11501.50,11457.23,11467.52,3948
NAS100,20220928,2300,11467.65,11476.90,11459.15,11469.39,3854
NAS100,20220929,0000,11469.77,11500.51,11463.38,11476.76,8021
NAS100,20220929,0100,11476.90,11483.14,11460.50,11462.26,7711
NAS100,20220929,0200,11462.14,11471.27,11436.76,11450.52,7453
NAS100,20220929,0300,11450.65,11479.75,11445.01,11472.75,5353
NAS100,20220929,0400,11473.01,11493.51,11468.39,11482.15,4547
NAS100,20220929,0500,11482.25,11486.40,11419.89,11437.52,8021
NAS100,20220929,0600,11438.52,11439.27,11359.02,11402.38,10466
NAS100,20220929,0700,11402.97,11411.75,11296.01,11326.15,16872
NAS100,20220929,0800,11326.25,11361.40,11312.50,11332.40,13853
NAS100,20220929,0900,11332.14,11404.52,11326.26,11377.26,13475
NAS100,20220929,1000,11377.13,11380.64,11324.50,11341.90,11423
NAS100,20220929,1100,11342.01,11394.63,11342.01,11353.38,11585
NAS100,20220929,1200,11353.52,11370.77,11270.25,11305.63,16273
NAS100,20220929,1300,11305.65,11352.14,11180.82,11192.30,21229
NAS100,20220929,1400,11192.56,11203.57,11095.55,11152.55,24268
NAS100,20220929,1500,11152.31,11210.18,11127.69,11193.19,22562
NAS100,20220929,1600,11192.80,11207.55,11113.30,11118.44,19791
NAS100,20220929,1700,11118.68,11135.70,11055.20,11058.82,17988
NAS100,20220929,1800,11059.05,11095.93,11028.30,11042.81,18805
NAS100,20220929,1900,11042.94,11174.07,11042.07,11168.44,20862
NAS100,20220929,2000,11167.69,11190.02,11156.01,11169.22,6452
NAS100,20220929,2200,11160.41,11198.80,11158.19,11183.43,4927
NAS100,20220929,2300,11183.32,11213.82,11183.31,11205.30,4420
NAS100,20220930,0000,11205.45,11211.18,11147.18,11173.43,9376
NAS100,20220930,0100,11173.69,11210.56,11162.93,11193.32,9860
NAS100,20220930,0200,11193.57,11200.70,11135.18,11165.18,9234
NAS100,20220930,0300,11165.05,11173.43,11128.81,11135.31,7063
NAS100,20220930,0400,11135.20,11163.07,11120.32,11154.44,6133
NAS100,20220930,0500,11154.05,11197.18,11151.45,11165.45,8002
NAS100,20220930,0600,11165.30,11232.93,11165.20,11222.18,9621
NAS100,20220930,0700,11221.91,11290.94,11221.20,11274.56,15672
NAS100,20220930,0800,11274.93,11287.93,11243.19,11281.82,12894
NAS100,20220930,0900,11282.30,11284.19,11221.18,11231.93,11192
NAS100,20220930,1000,11231.81,11269.45,11204.31,11214.31,11660
NAS100,20220930,1100,11215.32,11220.80,11164.30,11187.44,12275
NAS100,20220930,1200,11187.80,11238.95,11105.20,11179.82,16906
NAS100,20220930,1300,11180.18,11205.60,11083.61,11171.25,21269
NAS100,20220930,1400,11170.73,11256.12,11137.48,11239.60,25015
NAS100,20220930,1500,11239.37,11296.50,11176.60,11185.98,21412
NAS100,20220930,1600,11186.12,11202.85,11139.99,11166.74,18535
NAS100,20220930,1700,11166.73,11177.61,11090.37,11100.62,17657
NAS100,20220930,1800,11100.50,11131.49,11046.12,11050.99,18516
NAS100,20220930,1900,11051.11,11101.49,10965.75,10981.48,21579
NAS100,20220930,2000,10981.61,11022.43,10964.56,10987.44,5871
NAS100,20221002,2200,10974.04,10993.79,10923.14,10966.39,7490
NAS100,20221002,2300,10967.04,10979.03,10874.40,10887.15,6205
NAS100,20221003,0000,10887.66,10892.03,10834.77,10851.04,8907
NAS100,20221003,0100,10851.29,10967.91,10850.40,10959.27,9617
NAS100,20221003,0200,10958.79,10959.89,10901.39,10904.41,8521
NAS100,20221003,0300,10904.65,10950.64,10904.53,10934.65,6794
NAS100,20221003,0400,10934.40,10943.52,10907.03,10919.52,4897
NAS100,20221003,0500,10919.28,10978.78,10896.40,10954.03,7666
NAS100,20221003,0600,10954.14,11004.77,10920.78,10950.28,9644
NAS100,20221003,0700,10950.54,10978.16,10908.02,10936.15,15450
NAS100,20221003,0800,10936.16,10936.16,10898.02,10924.91,12110
NAS100,20221003,0900,10924.41,10950.66,10887.64,10947.77,9674
NAS100,20221003,1000,10948.27,10984.54,10941.79,10981.39,8541
NAS100,20221003,1100,10982.28,11019.27,10971.77,11017.78,9795
NAS100,20221003,1200,11017.27,11070.16,10996.66,11048.16,12289
NAS100,20221003,1300,11049.03,11079.03,10984.74,11030.20,17578
NAS100,20221003,1400,11030.59,11174.57,11030.59,11142.70,21964
NAS100,20221003,1500,11142.45,11180.59,11102.71,11120.82,19206
NAS100,20221003,1600,11120.46,11166.84,11118.44,11150.20,17230
NAS100,20221003,1700,11150.57,11225.57,11147.82,11208.20,15978
NAS100,20221003,1800,11208.44,11301.96,11207.71,11286.94,15957
NAS100,20221003,1900,11287.07,11300.84,11221.19,11233.59,17340
NAS100,20221003,2000,11233.45,11270.29,11231.77,11253.00,5384
NAS100,20221003,2200,11251.56,11267.85,11222.70,11239.21,4280
NAS100,20221003,2300,11239.46,11285.83,11238.20,11284.21,5498
NAS100,20221004,0000,11284.20,11341.58,11275.20,11325.09,9057
NAS100,20221004,0100,11325.20,11325.20,11296.20,11296.33,6096
NAS100,20221004,0200,11296.34,11308.10,11276.70,11307.71,6113
NAS100,20221004,0300,11307.72,11341.34,11302.72,11338.09,6281
NAS100,20221004,0400,11338.21,11367.22,11325.82,11353.08,6009
NAS100,20221004,0500,11352.97,11375.58,11347.35,11359.22,6173
NAS100,20221004,0600,11359.83,11387.95,11349.95,11384.34,8752
NAS100,20221004,0700,11385.10,11435.72,11368.83,11429.47,14586
NAS100,20221004,0800,11429.45,11438.85,11413.10,11433.46,10528
NAS100,20221004,0900,11433.83,11455.72,11407.07,11449.46,10747
NAS100,20221004,1000,11449.45,11492.35,11443.08,11466.08,9861
NAS100,20221004,1100,11466.60,11467.20,11446.20,11459.60,9354
NAS100,20221004,1200,11459.71,11467.20,11422.82,11454.08,11888
NAS100,20221004,1300,11453.97,11558.65,11436.47,11556.13,18362
NAS100,20221004,1400,11556.26,11614.39,11556.26,11609.89,22806
NAS100,20221004,1500,11610.27,11615.01,11565.25,11587.65,18339
NAS100,20221004,1600,11588.01,11599.51,11531.14,11540.77,17986
NAS100,20221004,1700,11541.01,11564.01,11464.65,11548.00,18629
NAS100,20221004,1800,11548.14,11588.02,11521.88,11576.64,16744
NAS100,20221004,1900,11576.77,11586.65,11517.76,11581.15,19334
NAS100,20221004,2000,11577.88,11605.33,11571.84,11585.05,5805
NAS100,20221004,2200,11569.19,11581.45,11554.85,11562.09,3784
NAS100,20221004,2300,11562.23,11566.23,11547.72,11559.36,3655
NAS100,20221005,0000,11559.09,11559.22,11510.71,11524.71,7969
NAS100,20221005,0100,11524.84,11551.21,11501.72,11514.09,10016
NAS100,20221005,0200,11514.23,11536.60,11508.36,11516.98,7544
NAS100,20221005,0300,11516.86,11529.35,11514.48,11524.35,4685
NAS100,20221005,0400,11524.21,11526.47,11509.22,11512.36,4129
NAS100,20221005,0500,11512.23,11533.11,11511.60,11531.23,5431
NAS100,20221005,0600,11531.09,11534.48,11511.21,11515.84,6011
NAS100,20221005,0700,11515.97,11531.85,11491.10,11504.22,13392
NAS100,20221005,0800,11504.48,11514.48,11447.35,11489.10,11580
NAS100,20221005,0900,11488.97,11499.35,11453.97,11467.59,8924
NAS100,20221005,1000,11467.60,11504.73,11464.97,11504.73,8328
NAS100,20221005,1100,11504.61,11506.11,11468.84,11478.10,9349
NAS100,20221005,1200,11477.60,11485.10,11441.60,11451.23,11404
NAS100,20221005,1300,11450.98,11477.41,11404.70,11437.77,17817
NAS100,20221005,1400,11437.39,11438.90,11307.76,11320.16,21644
NAS100,20221005,1500,11319.90,11397.78,11314.52,11392.78,20140
NAS100,20221005,1600,11392.89,11506.15,11364.27,11480.78,19071
NAS100,20221005,1700,11481.02,11564.16,11477.01,11505.41,17580
NAS100,20221005,1800,11505.27,11585.77,11498.16,11583.77,16211
NAS100,20221005,1900,11584.03,11648.90,11550.52,11564.91,18209
NAS100,20221005,2000,11580.47,11602.73,11566.71,11566.81,5549
NAS100,20221005,2200,11566.40,11593.05,11555.28,11590.17,3662
NAS100,20221005,2300,11589.79,11638.80,11582.42,11638.18,5022
NAS100,20221006,0000,11637.92,11668.68,11623.92,11645.54,8777
NAS100,20221006,0100,11645.66,11652.30,11607.30,11629.80,10270
NAS100,20221006,0200,11629.66,11638.80,11613.39,11630.17,6892
NAS100,20221006,0300,11630.41,11651.78,11628.29,11633.91,5431
NAS100,20221006,0400,11634.17,11640.79,11619.53,11639.66,4237
NAS100,20221006,0500,11639.80,11656.04,11632.16,11645.53,5096
NAS100,20221006,0600,11645.78,11646.30,11569.55,11571.43,8672
NAS100,20221006,0700,11570.90,11605.80,11545.28,11575.80,13769
NAS100,20221006,0800,11574.67,11585.91,11506.78,11523.53,12002
NAS100,20221006,0900,11523.55,11531.66,11480.91,11484.03,9122
NAS100,20221006,1000,11483.93,11490.78,11463.17,11483.30,9064
NAS100,20221006,1100,11483.78,11527.79,11483.28,11518.16,9528
NAS100,20221006,1200,11519.16,11599.93,11491.28,11560.54,12434
NAS100,20221006,1300,11561.17,11660.72,11514.18,11576.83,18562
NAS100,20221006,1400,11576.85,11582.85,11466.10,11580.47,23073
NAS100,20221006,1500,11580.73,11606.47,11520.09,11523.72,21869
NAS100,20221006,1600,11523.46,11581.96,11500.59,11554.59,19373
NAS100,20221006,1700,11554.60,11578.71,11526.85,11565.35,17034
NAS100,20221006,1800,11565.48,11566.60,11468.21,11495.48,17869
NAS100,20221006,1900,11495.33,11526.96,11466.98,11482.48,19456
NAS100,20221006,2000,11482.58,11495.41,11444.78,11444.78,7094
NAS100,20221006,2200,11432.08,11454.98,11417.83,11433.12,3859
NAS100,20221006,2300,11433.24,11463.62,11431.35,11439.99,4278
NAS100,20221007,0000,11439.98,11470.36,11437.25,11455.12,7307
NAS100,20221007,0100,11455.36,11485.00,11450.37,11480.37,6942
NAS100,20221007,0200,11479.98,11504.99,11468.60,11493.86,5601
NAS100,20221007,0300,11493.73,11498.10,11462.36,11470.73,5092
NAS100,20221007,0400,11470.87,11478.35,11446.75,11448.85,4179
NAS100,20221007,0500,11449.10,11468.23,11439.10,11454.74,5877
NAS100,20221007,0600,11454.85,11462.73,11394.25,11420.50,8544
NAS100,20221007,0700,11420.99,11465.50,11412.61,11426.86,12041
NAS100,20221007,0800,11426.48,11444.36,11407.12,11441.50,8648
NAS100,20221007,0900,11441.35,11468.99,11437.23,11455.99,7224
NAS100,20221007,1000,11456.35,11459.11,11423.11,11442.50,7286
NAS100,20221007,1100,11442.35,11457.35,11434.98,11443.12,7026
NAS100,20221007,1200,11442.50,11483.09,11241.62,11294.25,16071
NAS100,20221007,1300,11293.98,11317.36,11159.04,11167.78,21839
NAS100,20221007,1400,11168.05,11216.66,11146.66,11177.55,23771
NAS100,20221007,1500,11177.66,11197.90,11107.90,11128.78,20844
NAS100,20221007,1600,11128.54,11143.92,11063.91,11078.16,17500
NAS100,20221007,1700,11078.41,11094.90,11050.41,11055.66,16674
NAS100,20221007,1800,11055.90,11074.90,11028.57,11049.91,17114
NAS100,20221007,1900,11049.53,11076.29,10984.91,11044.67,20022
NAS100,20221007,2000,11043.42,11045.10,11028.49,11036.00,4407
NAS100,20221009,2200,11011.71,11013.96,10933.21,10945.62,6794
NAS100,20221009,2300,10946.13,10993.87,10933.96,10982.49,6255
NAS100,20221010,0000,10982.88,11017.88,10960.49,11000.51,7608
NAS100,20221010,0100,11000.50,11028.01,10982.71,11009.12,7413
NAS100,20221010,0200,11009.01,11010.13,10992.24,11003.39,5265
NAS100,20221010,0300,11003.12,11006.89,10981.75,10993.50,4584
NAS100,20221010,0400,10993.39,11007.89,10989.26,11003.39,3834
NAS100,20221010,0500,11003.75,11017.38,10974.26,10975.00,6078
NAS100,20221010,0600,10975.26,11010.75,10959.12,10972.24,8306
NAS100,20221010,0700,10972.38,11037.76,10970.24,10992.74,12450
NAS100,20221010,0800,10992.51,10998.62,10942.62,10967.14,9654
NAS100,20221010,0900,10967.37,11027.49,10967.37,11023.13,8184
NAS100,20221010,1000,11022.89,11030.75,10981.62,10989.88,7494
NAS100,20221010,1100,10989.14,11031.50,10989.12,11014.64,7842
NAS100,20221010,1200,11014.74,11075.62,10998.51,11073.76,9787
NAS100,20221010,1300,11073.75,11081.87,10950.54,10960.94,18645
NAS100,20221010,1400,10961.30,11014.94,10881.29,10899.06,23628
NAS100,20221010,1500,10898.81,10965.06,10874.94,10935.30,20285
NAS100,20221010,1600,10935.42,10935.42,10853.31,10854.06,16792
NAS100,20221010,1700,10854.29,11014.19,10824.17,10982.56,18754
NAS100,20221010,1800,10982.31,10990.54,10919.05,10948.79,18195
NAS100,20221010,1900,10949.44,10996.04,10924.44,10927.54,19565
NAS100,20221010,2000,10928.29,10951.01,10927.63,10940.36,4113
NAS100,20221010,2200,10934.78,10959.53,10932.51,10955.14,2734
NAS100,20221010,2300,10955.26,10979.41,10955.26,10962.03,3751
NAS100,20221011,0000,10962.76,10970.39,10917.51,10962.91,8955
NAS100,20221011,0100,10963.15,10977.41,10898.39,10909.16,10375
NAS100,20221011,0200,10909.03,10916.41,10868.78,10883.53,9490
NAS100,20221011,0300,10884.15,10903.16,10878.40,10884.76,6258
NAS100,20221011,0400,10884.64,10894.78,10862.26,10874.91,5474
NAS100,20221011,0500,10874.78,10888.78,10865.76,10876.03,6724
NAS100,20221011,0600,10875.52,10911.78,10832.90,10840.41,9223
NAS100,20221011,0700,10840.16,10903.89,10802.01,10857.26,15273
NAS100,20221011,0800,10857.02,10894.52,10823.02,10837.41,11761
NAS100,20221011,0900,10837.27,10854.53,10816.39,10832.02,10347
NAS100,20221011,1000,10832.39,10862.51,10806.90,10862.41,10425
NAS100,20221011,1100,10862.16,10886.90,10856.52,10884.53,10067
NAS100,20221011,1200,10884.52,10938.89,10875.40,10891.39,12110
NAS100,20221011,1300,10891.16,10897.14,10769.58,10771.70,19229
NAS100,20221011,1400,10772.08,10849.69,10736.95,10794.58,23791
NAS100,20221011,1500,10794.96,10943.83,10792.06,10909.83,22280
NAS100,20221011,1600,10909.94,10988.07,10861.81,10944.95,18950
NAS100,20221011,1700,10945.21,10957.56,10889.46,10922.33,18796
NAS100,20221011,1800,10922.70,10933.83,10759.19,10767.19,19956
NAS100,20221011,1900,10767.58,10808.07,10717.07,10794.82,23429
NAS100,20221011,2000,10794.95,10830.40,10789.76,10829.63,5728
NAS100,20221011,2200,10824.09,10827.98,10802.74,10811.25,3347
NAS100,20221011,2300,10811.49,10821.50,10797.61,10814.74,3365
NAS100,20221012,0000,10814.86,10858.37,10787.63,10842.12,8906
NAS100,20221012,0100,10842.23,10847.88,10796.37,10815.48,9452
NAS100,20221012,0200,10815.36,10832.62,10791.13,10828.36,7921
NAS100,20221012,0300,10828.50,10836.08,10812.48,10818.48,5854
NAS100,20221012,0400,10818.88,10879.36,10814.50,10855.11,7754
NAS100,20221012,0500,10854.99,10887.38,10833.38,10881.87,8484
NAS100,20221012,0600,10882.23,10926.13,10864.13,10892.88,11947
NAS100,20221012,0700,10893.00,10898.62,10825.09,10855.75,15303
NAS100,20221012,0800,10855.61,10885.75,10848.87,10870.50,11195
NAS100,20221012,0900,10870.13,10923.87,10859.11,10901.36,10369
NAS100,20221012,1000,10900.49,10915.87,10860.75,10883.86,8896
NAS100,20221012,1100,10883.36,10909.37,10874.38,10890.12,8885
NAS100,20221012,1200,10890.00,10917.87,10803.58,10837.75,14380
NAS100,20221012,1300,10838.00,10894.92,10756.17,10840.91,20844
NAS100,20221012,1400,10841.78,10858.28,10758.16,10786.16,23550
NAS100,20221012,1500,10787.29,10872.16,10782.67,10863.03,20814
NAS100,20221012,1600,10863.04,10875.41,10793.04,10832.41,17817
NAS100,20221012,1700,10832.66,10845.68,10788.41,10799.60,15125
NAS100,20221012,1800,10798.84,10869.55,10781.18,10806.79,22296
NAS100,20221012,1900,10807.29,10835.78,10786.29,10787.55,17884
NAS100,20221012,2000,10788.03,10803.98,10784.61,10803.59,4729
NAS100,20221012,2200,10810.03,10816.16,10801.77,10806.29,2114
NAS100,20221012,2300,10806.41,10824.18,10802.91,10820.30,2475
NAS100,20221013,0000,10820.17,10828.28,10808.16,10824.18,5407
NAS100,20221013,0100,10823.92,10829.66,10804.25,10809.91,6602
NAS100,20221013,0200,10809.93,10811.68,10786.28,10797.93,6868
NAS100,20221013,0300,10797.43,10805.68,10795.67,10801.67,3821
NAS100,20221013,0400,10801.54,10808.41,10788.79,10793.28,3011
NAS100,20221013,0500,10793.03,10807.16,10776.68,10781.68,5760
NAS100,20221013,0600,10781.80,10793.93,10772.93,10785.41,6412
NAS100,20221013,0700,10784.92,10804.05,10755.41,10790.43,9674
NAS100,20221013,0800,10790.55,10814.53,10775.04,10809.28,6975
NAS100,20221013,0900,10809.03,10836.79,10807.43,10812.54,7228
NAS100,20221013,1000,10812.93,10833.42,10806.92,10821.91,5796
NAS100,20221013,1100,10822.02,10894.42,10816.03,10866.78,10896
NAS100,20221013,1200,10867.04,10946.50,10453.78,10494.67,17501
NAS100,20221013,1300,10494.66,10581.10,10437.84,10567.51,21912
NAS100,20221013,1400,10567.73,10660.34,10548.83,10611.21,24833
NAS100,20221013,1500,10610.96,11063.71,10594.96,10954.09,24610
NAS100,20221013,1600,10953.46,10997.84,10866.58,10924.21,22267
NAS100,20221013,1700,10924.33,11068.21,10924.33,11022.33,20638
NAS100,20221013,1800,11022.08,11071.98,10958.60,11058.33,19900
NAS100,20221013,1900,11058.47,11093.60,11004.97,11033.58,20991
NAS100,20221013,2000,11034.34,11064.04,11012.28,11016.77,5759
NAS100,20221013,2200,11014.15,11034.91,11007.17,11023.05,3660
NAS100,20221013,2300,11023.55,11033.42,11013.79,11014.42,3737
NAS100,20221014,0000,11013.54,11016.17,10971.15,11009.67,8379
NAS100,20221014,0100,11009.28,11107.67,11003.03,11102.03,9894
NAS100,20221014,0200,11101.91,11122.55,11084.16,11093.30,8489
NAS100,20221014,0300,11093.42,11134.05,11082.05,11116.15,6507
NAS100,20221014,0400,11116.90,11117.41,11091.40,11096.53,5057
NAS100,20221014,0500,11096.28,11108.65,11081.65,11092.16,7053
NAS100,20221014,0600,11092.30,11131.41,11076.03,11102.03,10163
NAS100,20221014,0700,11101.91,11104.29,11019.55,11056.79,12796
NAS100,20221014,0800,11057.16,11058.05,10955.53,10960.29,10274
NAS100,20221014,0900,10960.41,10996.17,10937.66,10992.28,9955
NAS100,20221014,1000,10992.15,11076.40,10987.42,11061.54,11879
NAS100,20221014,1100,11061.05,11073.67,10976.40,10977.80,10158
NAS100,20221014,1200,10977.67,11202.54,10976.17,11169.40,14633
NAS100,20221014,1300,11169.53,11175.66,10980.84,11000.14,22553
NAS100,20221014,1400,11000.38,11000.38,10803.83,10866.34,26052
NAS100,20221014,1500,10866.47,10920.70,10771.58,10782.72,22888
NAS100,20221014,1600,10782.71,10824.85,10733.20,10768.95,21319
NAS100,20221014,1700,10768.83,10801.35,10743.20,10800.45,18246
NAS100,20221014,1800,10800.35,10800.85,10717.33,10749.97,17921
NAS100,20221014,1900,10749.59,10774.45,10676.59,10697.72,20009
NAS100,20221014,2000,10697.83,10715.05,10691.15,10699.65,4233
NAS100,20221016,2200,10676.00,10756.01,10673.97,10745.38,5156
NAS100,20221016,2300,10745.51,10752.37,10727.87,10746.12,5104
NAS100,20221017,0000,10746.61,10752.88,10716.50,10741.36,8836
NAS100,20221017,0100,10741.49,10758.26,10726.61,10738.37,9974
NAS100,20221017,0200,10738.24,10748.51,10727.71,10734.61,7626
NAS100,20221017,0300,10734.49,10746.37,10726.86,10738.75,5227
NAS100,20221017,0400,10738.88,10746.01,10730.74,10742.88,4296
NAS100,20221017,0500,10742.61,10804.25,10741.25,10793.63,7460
NAS100,20221017,0600,10793.75,10807.63,10777.76,10790.61,7311
NAS100,20221017,0700,10790.61,10852.63,10765.37,10834.75,12706
NAS100,20221017,0800,10834.86,10838.01,10793.49,10817.76,9136
NAS100,20221017,0900,10818.01,10842.76,10810.51,10836.63,6244
NAS100,20221017,1000,10836.62,10870.74,10827.88,10858.36,7885
NAS100,20221017,1100,10859.13,10864.49,10832.86,10856.13,6940
NAS100,20221017,1200,10856.00,10903.86,10830.12,10898.38,10398
NAS100,20221017,1300,10898.37,11070.81,10898.37,11028.55,18930
NAS100,20221017,1400,11028.81,11087.66,10982.06,11000.92,22141
NAS100,20221017,1500,11001.29,11090.67,10977.54,11069.30,19308
NAS100,20221017,1600,11069.42,11086.66,11031.92,11050.18,18103
NAS100,20221017,1700,11050.04,11090.54,11031.93,11082.80,16109
NAS100,20221017,1800,11083.05,11099.56,11052.05,11068.31,15957
NAS100,20221017,1900,11068.06,11092.80,11043.06,11066.91,17937
NAS100,20221017,2000,11067.06,11099.76,11058.01,11088.84,5776
NAS100,20221017,2200,11114.94,11149.48,11113.94,11138.59,4710
NAS100,20221017,2300,11138.58,11171.22,11136.33,11164.59,4727
NAS100,20221018,0000,11164.48,11170.73,11145.73,11157.98,6297
NAS100,20221018,0100,11157.84,11167.08,11141.47,11147.46,6614
NAS100,20221018,0200,11147.84,11147.84,11133.34,11140.98,5537
NAS100,20221018,0300,11141.10,11268.58,11140.23,11250.34,7795
NAS100,20221018,0400,11250.72,11316.09,11246.85,11284.85,8746
NAS100,20221018,0500,11284.34,11292.47,11251.33,11259.23,7440
NAS100,20221018,0600,11258.83,11304.83,11241.46,11264.47,8255
NAS100,20221018,0700,11264.23,11290.73,11217.33,11283.08,11589
NAS100,20221018,0800,11283.43,11287.73,11210.34,11212.96,9257
NAS100,20221018,0900,11212.59,11245.59,11191.44,11244.46,10492
NAS100,20221018,1000,11244.09,11282.84,11233.59,11240.83,8526
NAS100,20221018,1100,11241.72,11309.09,11237.46,11293.21,9005
NAS100,20221018,1200,11293.47,11351.35,11289.46,11344.34,11174
NAS100,20221018,1300,11344.23,11384.39,11246.77,11262.52,18987
NAS100,20221018,1400,11261.64,11298.28,11167.76,11197.53,23155
NAS100,20221018,1500,11197.78,11210.02,11037.39,11111.63,22621
NAS100,20221018,1600,11110.89,11200.51,11082.90,11147.89,19466
NAS100,20221018,1700,11147.52,11207.26,11101.15,11196.26,19301
NAS100,20221018,1800,11195.39,11201.90,11035.14,11092.77,19653
NAS100,20221018,1900,11092.90,11168.15,11051.65,11157.38,20612
NAS100,20221018,2000,11156.65,11291.33,11120.08,11277.08,9075
NAS100,20221018,2200,11274.34,11289.86,11260.84,11284.26,3413
NAS100,20221018,2300,11284.62,11335.64,11282.87,11297.50,6451
NAS100,20221019,0000,11297.39,11313.13,11270.37,11303.25,7787
NAS100,20221019,0100,11303.51,11330.99,11292.74,11316.62,8234
NAS100,20221019,0200,11316.74,11318.13,11278.87,11292.13,6497
NAS100,20221019,0300,11292.01,11296.63,11273.64,11285.25,5605
NAS100,20221019,0400,11285.13,11290.14,11264.87,11268.63,4280
NAS100,20221019,0500,11268.26,11276.87,11231.84,11242.13,6754
NAS100,20221019,0600,11242.00,11249.35,11190.59,11198.51,9155
NAS100,20221019,0700,11198.74,11214.26,11155.76,11206.76,11659
NAS100,20221019,0800,11206.64,11206.88,11128.63,11165.26,10186
NAS100,20221019,0900,11165.12,11243.64,11160.37,11243.64,8854
NAS100,20221019,1000,11243.38,11245.39,11146.49,11169.50,9024
NAS100,20221019,1100,11169.63,11190.25,11081.59,11122.88,11454
NAS100,20221019,1200,11122.74,11127.13,11058.62,11084.39,12949
NAS100,20221019,1300,11084.26,11166.29,11060.13,11091.68,19050
NAS100,20221019,1400,11092.56,11237.80,11074.42,11142.04,23239
NAS100,20221019,1500,11141.30,11186.30,11111.55,11156.42,20350
NAS100,20221019,1600,11156.56,11161.94,11063.17,11074.30,18160
NAS100,20221019,1700,11074.81,11080.80,11003.84,11052.56,18438
NAS100,20221019,1800,11051.18,11106.30,11039.69,11056.92,16286
NAS100,20221019,1900,11056.68,11110.42,11041.30,11107.55,18002
NAS100,20221019,2000,11108.81,11166.14,11062.62,11104.23,8243
NAS100,20221019,2200,11088.77,11100.05,11045.01,11053.69,4110
NAS100,20221019,2300,11053.67,11057.80,11028.06,11043.06,4466
NAS100,20221020,0000,11043.05,11068.43,10991.56,11012.93,8111
NAS100,20221020,0100,11012.69,11012.69,10962.92,10985.06,10478
NAS100,20221020,0200,10985.18,11010.68,10976.77,11007.04,7664
NAS100,20221020,0300,11007.43,11014.04,10970.80,10984.29,6212
NAS100,20221020,0400,10983.92,11056.30,10972.43,11035.92,8192
NAS100,20221020,0500,11035.93,11109.18,11016.42,11054.18,11444
NAS100,20221020,0600,11053.67,11062.17,11009.29,11042.81,8022
NAS100,20221020,0700,11042.78,11053.67,10983.42,10995.31,12433
NAS100,20221020,0800,10995.28,11028.68,10984.92,11009.04,9000
NAS100,20221020,0900,11009.18,11058.54,11004.80,11039.94,7298
NAS100,20221020,1000,11039.42,11132.67,11025.80,11114.69,8550
NAS100,20221020,1100,11113.94,11141.94,11078.69,11113.54,9562
NAS100,20221020,1200,11113.44,11172.79,11037.55,11037.55,14974
NAS100,20221020,1300,11037.69,11183.59,11036.80,11156.36,20247
NAS100,20221020,1400,11156.60,11282.98,11148.11,11273.11,22890
NAS100,20221020,1500,11272.98,11280.09,11201.36,11225.97,19366
NAS100,20221020,1600,11226.47,11229.98,11099.97,11130.34,19527
NAS100,20221020,1700,11129.22,11137.36,11029.22,11050.85,18878
NAS100,20221020,1800,11050.99,11057.48,10996.47,11038.49,17714
NAS100,20221020,1900,11038.48,11074.11,11011.48,11045.11,18186
NAS100,20221020,2000,11040.77,11080.55,11004.69,11014.27,7831
NAS100,20221020,2200,11016.54,11018.21,10966.45,10972.82,4368
NAS100,20221020,2300,10972.84,10978.84,10951.07,10974.97,4776
NAS100,20221021,0000,10975.20,10992.95,10938.30,10982.57,6849
NAS100,20221021,0100,10982.71,10992.70,10966.45,10973.95,8140
NAS100,20221021,0200,10974.08,11007.96,10970.81,11003.45,6464
NAS100,20221021,0300,11003.34,11017.07,10974.32,10980.57,5652
NAS100,20221021,0400,10980.34,10984.08,10961.70,10975.34,4595
NAS100,20221021,0500,10975.08,10979.71,10958.83,10971.83,5738
NAS100,20221021,0600,10971.33,11007.22,10961.71,10993.84,6631
NAS100,20221021,0700,10993.96,11040.71,10960.96,10972.22,11000
NAS100,20221021,0800,10972.09,10977.22,10931.47,10942.47,9794
NAS100,20221021,0900,10942.72,10961.71,10922.57,10956.09,9182
NAS100,20221021,1000,10955.71,10963.59,10933.55,10957.47,7225
NAS100,20221021,1100,10957.71,10982.45,10936.46,10937.72,8593
NAS100,20221021,1200,10937.47,10948.33,10892.45,10936.97,12953
NAS100,20221021,1300,10936.95,11111.01,10936.21,11111.01,25091
NAS100,20221021,1400,11110.76,11178.63,11036.14,11044.38,25368
NAS100,20221021,1500,11044.77,11166.75,11006.75,11166.75,24732
NAS100,20221021,1600,11165.87,11211.89,11135.27,11188.26,22384
NAS100,20221021,1700,11188.13,11247.14,11178.50,11246.64,17061
NAS100,20221021,1800,11247.12,11275.64,11229.38,11258.27,16683
NAS100,20221021,1900,11258.89,11329.12,11250.50,11310.52,16898
NAS100,20221021,2000,11310.26,11341.33,11304.71,11331.32,4052
NAS100,20221023,2200,11349.98,11487.50,11346.72,11434.50,9242
NAS100,20221023,2300,11434.25,11455.26,11408.37,11408.37,9494
NAS100,20221024,0000,11408.64,11432.27,11390.22,11402.75,9234
NAS100,20221024,0100,11402.62,11406.02,11363.51,11374.25,11672
NAS100,20221024,0200,11374.39,11376.12,11350.64,11363.89,10466
NAS100,20221024,0300,11364.14,11371.63,11320.13,11334.00,7776
NAS100,20221024,0400,11333.87,11392.14,11321.77,11375.00,6518
NAS100,20221024,0500,11374.88,11379.75,11315.51,11329.02,8720
NAS100,20221024,0600,11328.77,11369.12,11317.27,11332.13,10334
NAS100,20221024,0700,11332.00,11375.02,11256.87,11284.87,14862
NAS100,20221024,0800,11285.38,11293.52,11218.01,11255.01,13666
NAS100,20221024,0900,11254.89,11313.88,11231.26,11307.14,10542
NAS100,20221024,1000,11307.51,11345.88,11281.87,11341.88,11523
NAS100,20221024,1100,11341.77,11405.62,11318.01,11369.75,13033
NAS100,20221024,1200,11369.77,11382.50,11312.01,11361.00,14202
NAS100,20221024,1300,11361.38,11371.69,11259.18,11319.07,8982
NAS100,20221024,1400,11319.30,11319.30,11165.55,11310.07,8997
NAS100,20221024,1500,11309.55,11377.19,11278.80,11375.05,17883
NAS100,20221024,1600,11375.19,11411.30,11350.57,11385.57,18213
NAS100,20221024,1700,11385.80,11388.06,11330.80,11352.57,16453
NAS100,20221024,1800,11352.55,11437.82,11348.55,11435.57,15341
NAS100,20221024,1900,11435.82,11472.55,11413.05,11436.32,16393
NAS100,20221024,2000,11435.52,11442.25,11410.75,11416.60,5464
NAS100,20221024,2200,11411.42,11441.46,11410.93,11441.21,3426
NAS100,20221024,2300,11441.32,11449.45,11426.31,11432.08,3755
NAS100,20221025,0000,11432.42,11460.82,11408.96,11447.57,8151
NAS100,20221025,0100,11447.95,11451.82,11387.66,11409.45,13327
NAS100,20221025,0200,11409.70,11417.58,11395.07,11417.58,9581
NAS100,20221025,0300,11417.57,11452.95,11412.70,11439.45,8934
NAS100,20221025,0400,11439.32,11452.46,11436.57,11442.58,3721
NAS100,20221025,0500,11442.70,11447.81,11421.33,11434.82,7898
NAS100,20221025,0600,11434.70,11470.07,11434.06,11450.71,7291
NAS100,20221025,0700,11450.82,11468.70,11426.94,11450.31,12956
NAS100,20221025,0800,11450.45,11465.57,11425.45,11430.31,9276
NAS100,20221025,0900,11430.08,11430.33,11397.57,11409.94,8629
NAS100,20221025,1000,11410.20,11438.21,11397.46,11437.06,8255
NAS100,20221025,1100,11437.46,11450.08,11419.70,11423.07,7814
NAS100,20221025,1200,11423.19,11437.57,11404.19,11434.96,10594
NAS100,20221025,1300,11434.56,11621.87,11434.44,11606.87,18109
NAS100,20221025,1400,11606.63,11619.50,11563.24,11586.75,21531
NAS100,20221025,1500,11586.76,11654.11,11579.36,11641.24,17808
NAS100,20221025,1600,11641.37,11663.12,11604.13,11611.63,15498
NAS100,20221025,1700,11611.74,11627.24,11572.87,11605.01,16751
NAS100,20221025,1800,11605.00,11657.88,11602.01,11629.11,13918
NAS100,20221025,1900,11628.26,11684.88,11626.51,11668.26,15893
NAS100,20221025,2000,11668.50,11688.33,11497.31,11542.41,10685
NAS100,20221025,2200,11466.92,11481.41,11427.66,11430.67,8308
NAS100,20221025,2300,11430.66,11434.90,11407.92,11425.17,5282
NAS100,20221026,0000,11425.40,11432.67,11398.90,11405.17,7485
NAS100,20221026,0100,11405.16,11445.92,11393.17,11439.30,9884
NAS100,20221026,0200,11439.17,11463.29,11438.78,11452.66,8035
NAS100,20221026,0300,11452.79,11454.80,11440.15,11450.41,5207
NAS100,20221026,0400,11450.54,11459.55,11444.80,11448.04,3330
NAS100,20221026,0500,11447.91,11458.67,11432.16,11437.41,6912
NAS100,20221026,0600,11437.28,11464.90,11433.16,11450.41,7022
NAS100,20221026,0700,11450.28,11496.66,11446.80,11487.80,12986
NAS100,20221026,0800,11488.04,11524.79,11486.55,11515.30,11068
NAS100,20221026,0900,11515.40,11515.40,11465.66,11475.04,9477
NAS100,20221026,1000,11474.90,11496.67,11461.54,11489.66,9134
NAS100,20221026,1100,11490.67,11511.91,11459.15,11472.04,10052
NAS100,20221026,1200,11471.92,11484.55,11435.67,11462.66,11917
NAS100,20221026,1300,11462.80,11485.96,11390.35,11439.22,19680
NAS100,20221026,1400,11461.02,11611.22,11444.76,11561.45,23629
NAS100,20221026,1500,11561.83,11659.85,11561.83,11622.97,19504
NAS100,20221026,1600,11623.09,11636.59,11503.08,11513.10,18191
NAS100,20221026,1700,11513.22,11513.22,11429.59,11481.70,19631
NAS100,20221026,1800,11481.47,11499.84,11415.96,11436.33,16909
NAS100,20221026,1900,11436.10,11441.10,11394.47,11409.83,18207
NAS100,20221026,2000,11410.22,11493.42,11372.00,11430.13,9737
NAS100,20221026,2200,11377.98,11423.00,11375.96,11422.89,4311
NAS100,20221026,2300,11422.87,11464.26,11421.49,11457.88,4921
NAS100,20221027,0000,11457.37,11496.50,11436.87,11450.62,8170
NAS100,20221027,0100,11450.50,11476.39,11447.39,11464.62,9242
NAS100,20221027,0200,11464.37,11465.25,11420.99,11436.75,7751
NAS100,20221027,0300,11436.89,11458.76,11436.37,11457.88,5379
NAS100,20221027,0400,11457.87,11464.39,11448.25,11460.89,4069
NAS100,20221027,0500,11461.14,11476.26,11440.50,11469.37,6657
NAS100,20221027,0600,11469.01,11474.64,11414.87,11418.75,7609
NAS100,20221027,0700,11418.01,11436.00,11393.25,11403.63,12688
NAS100,20221027,0800,11402.88,11426.87,11387.62,11398.00,9245
NAS100,20221027,0900,11398.24,11400.64,11351.38,11351.76,8292
NAS100,20221027,1000,11351.75,11367.62,11325.49,11330.89,7999
NAS100,20221027,1100,11331.14,11366.62,11326.74,11335.74,9227
NAS100,20221027,1200,11335.50,11416.46,11315.14,11395.37,18796
NAS100,20221027,1300,11396.62,11423.55,11223.29,11251.30,23244
NAS100,20221027,1400,11251.54,11411.67,11235.56,11279.68,24810
NAS100,20221027,1500,11279.94,11339.19,11243.69,11250.80,23060
NAS100,20221027,1600,11250.55,11288.80,11207.18,11248.06,18774
NAS100,20221027,1700,11247.93,11296.67,11220.93,11222.79,16148
NAS100,20221027,1800,11222.92,11233.04,11189.18,11202.81,14757
NAS100,20221027,1900,11202.67,11243.56,11179.80,11200.43,18255
NAS100,20221027,2000,11201.80,11209.76,10881.72,11054.97,16350
NAS100,20221027,2200,11091.15,11148.70,11083.41,11114.08,6942
NAS100,20221027,2300,11114.19,11121.44,11087.95,11094.33,5009
NAS100,20221028,0000,11094.94,11116.69,11083.56,11104.19,7052
NAS100,20221028,0100,11104.44,11149.08,11104.44,11140.83,9605
NAS100,20221028,0200,11140.43,11145.44,11108.44,11125.43,8474
NAS100,20221028,0300,11125.68,11132.20,11106.45,11119.45,6496
NAS100,20221028,0400,11119.07,11122.69,11094.82,11105.57,4549
NAS100,20221028,0500,11105.56,11106.70,11062.58,11072.57,8318
NAS100,20221028,0600,11072.81,11084.18,11043.57,11051.82,8898
NAS100,20221028,0700,11051.92,11084.08,11021.93,11036.70,12864
NAS100,20221028,0800,11037.82,11080.45,11027.19,11069.18,9409
NAS100,20221028,0900,11069.56,11078.56,11035.69,11076.81,9787
NAS100,20221028,1000,11076.94,11088.95,11062.06,11078.83,7145
NAS100,20221028,1100,11078.94,11113.07,11060.69,11089.93,8852
NAS100,20221028,1200,11089.68,11177.07,11030.40,11110.58,15076
NAS100,20221028,1300,11110.56,11324.00,11097.92,11280.50,21094
NAS100,20221028,1400,11280.48,11431.23,11217.36,11420.86,23856
NAS100,20221028,1500,11420.86,11457.13,11401.00,11420.25,19266
NAS100,20221028,1600,11419.75,11490.74,11395.48,11478.50,16657
NAS100,20221028,1700,11478.74,11514.37,11472.98,11488.48,14078
NAS100,20221028,1800,11488.50,11544.75,11474.98,11536.24,14288
NAS100,20221028,1900,11536.12,11565.24,11508.48,11543.11,15799
NAS100,20221028,2000,11545.25,11580.45,11542.08,11578.43,4830
NAS100,20221030,2200,11551.96,11551.96,11506.49,11531.01,4404
NAS100,20221030,2300,11531.13,11548.00,11515.25,11517.61,3622
NAS100,20221031,0000,11517.74,11522.13,11480.24,11492.75,5715
NAS100,20221031,0100,11492.62,11515.49,11477.62,11510.51,8002
NAS100,20221031,0200,11510.38,11526.51,11501.86,11516.76,6014
NAS100,20221031,0300,11516.99,11541.87,11513.99,11529.75,4837
NAS100,20221031,0400,11529.61,11534.26,11515.25,11518.38,3234
NAS100,20221031,0500,11518.61,11533.61,11504.13,11512.26,6142
NAS100,20221031,0600,11512.49,11517.74,11495.00,11503.38,5512
NAS100,20221031,0700,11503.00,11523.37,11486.26,11523.37,5990
NAS100,20221031,0800,11523.51,11524.51,11445.23,11460.38,8999
NAS100,20221031,0900,11460.25,11482.37,11450.01,11467.25,5838
NAS100,20221031,1000,11467.37,11478.26,11454.99,11475.36,6416
NAS100,20221031,1100,11474.88,11506.01,11474.88,11483.63,7937
NAS100,20221031,1200,11483.62,11484.75,11450.75,11465.01,9256
NAS100,20221031,1300,11465.11,11482.93,11374.55,11384.18,17655
NAS100,20221031,1400,11384.06,11413.79,11328.93,11373.56,20933
NAS100,20221031,1500,11374.04,11461.06,11368.54,11420.81,19251
NAS100,20221031,1600,11420.54,11474.31,11385.91,11406.66,18297
NAS100,20221031,1700,11406.93,11458.05,11387.93,11434.30,15662
NAS100,20221031,1800,11433.66,11459.55,11412.91,11428.16,15184
NAS100,20221031,1900,11428.42,11442.31,11378.18,11409.04,18256
NAS100,20221031,2000,11407.73,11429.74,11398.24,11414.34,5681
NAS100,20221031,2200,11418.86,11430.04,11409.53,11424.39,2714
NAS100,20221031,2300,11424.27,11441.90,11424.14,11431.27,3333
NAS100,20221101,0000,11431.41,11456.65,11426.41,11444.91,5420
NAS100,20221101,0100,11445.03,11457.41,11442.89,11456.02,7217
NAS100,20221101,0200,11456.28,11462.41,11447.77,11461.52,5982
NAS100,20221101,0300,11461.64,11462.41,11443.40,11452.78,5284
NAS100,20221101,0400,11452.89,11455.66,11440.78,11447.41,3184
NAS100,20221101,0500,11447.66,11487.29,11446.02,11480.02,6096
NAS100,20221101,0600,11480.03,11503.66,11479.90,11501.39,6224
NAS100,20221101,0700,11501.14,11511.65,11465.77,11487.78,8811
NAS100,20221101,0800,11488.04,11536.53,11485.28,11517.41,10724
NAS100,20221101,0900,11517.65,11535.53,11498.54,11532.41,7987
NAS100,20221101,1000,11532.54,11555.53,11521.41,11545.28,7695
NAS100,20221101,1100,11545.54,11556.66,11531.53,11547.66,7204
NAS100,20221101,1200,11549.27,11576.65,11540.39,11564.91,10065
NAS100,20221101,1300,11564.27,11581.21,11462.70,11475.44,17100
NAS100,20221101,1400,11475.58,11486.38,11306.20,11321.44,23343
NAS100,20221101,1500,11320.71,11359.46,11289.20,11327.21,20906
NAS100,20221101,1600,11327.20,11373.57,11278.69,11318.45,19836
NAS100,20221101,1700,11318.46,11337.21,11286.94,11314.59,15708
NAS100,20221101,1800,11314.70,11338.46,11291.19,11331.94,14542
NAS100,20221101,1900,11332.20,11342.70,11291.70,11295.83,15922
NAS100,20221101,2000,11295.19,11301.66,11251.14,11283.51,6703
NAS100,20221101,2200,11285.85,11307.65,11285.85,11305.26,2535
NAS100,20221101,2300,11305.52,11312.64,11292.02,11296.50,3025
NAS100,20221102,0000,11297.02,11334.26,11283.52,11329.65,6820
NAS100,20221102,0100,11329.77,11342.27,11323.89,11333.02,6549
NAS100,20221102,0200,11333.01,11343.15,11316.38,11337.64,5671
NAS100,20221102,0300,11337.39,11347.65,11325.26,11336.50,5351
NAS100,20221102,0400,11336.64,11342.27,11327.13,11334.88,3494
NAS100,20221102,0500,11335.02,11346.90,11331.26,11339.88,5840
NAS100,20221102,0600,11340.15,11340.64,11315.51,11323.77,3906
NAS100,20221102,0700,11323.75,11330.14,11300.13,11315.50,5805
NAS100,20221102,0800,11315.76,11353.76,11313.25,11336.25,9522
NAS100,20221102,0900,11336.27,11344.76,11300.50,11319.27,7391
NAS100,20221102,1000,11318.90,11325.27,11294.76,11312.02,6260
NAS100,20221102,1100,11311.88,11323.40,11299.88,11318.00,6019
NAS100,20221102,1200,11318.75,11324.27,11260.51,11296.25,11725
NAS100,20221102,1300,11297.00,11305.19,11236.44,11244.94,16712
NAS100,20221102,1400,11244.81,11273.68,11218.68,11233.70,19246
NAS100,20221102,1500,11234.30,11241.57,11189.31,11199.18,16971
NAS100,20221102,1600,11199.70,11209.45,11155.68,11199.69,15035
NAS100,20221102,1700,11199.81,11237.95,11174.44,11214.62,12763
NAS100,20221102,1800,11214.87,11420.69,11084.20,11132.44,26481
NAS100,20221102,1900,11131.35,11207.57,10901.62,10902.80,24882
NAS100,20221102,2000,10903.69,10920.26,10873.13,10906.50,9072
NAS100,20221102,2200,10902.67,10913.05,10868.55,10890.53,4761
NAS100,20221102,2300,10890.41,10891.68,10872.92,10886.54,4794
NAS100,20221103,0000,10886.67,10911.05,10878.28,10910.92,5467
NAS100,20221103,0100,10911.04,10952.68,10906.42,10932.54,8250
NAS100,20221103,0200,10932.41,10949.16,10925.67,10931.18,5795
NAS100,20221103,0300,10931.41,10953.93,10931.41,10946.28,4688
NAS100,20221103,0400,10946.42,10954.29,10936.41,10943.04,3241
NAS100,20221103,0500,10943.30,10963.18,10940.78,10943.05,4966
NAS100,20221103,0600,10942.79,10945.30,10911.91,10927.43,5938
NAS100,20221103,0700,10927.17,10941.68,10888.80,10909.93,9057
NAS100,20221103,0800,10909.79,10931.67,10863.79,10885.43,12905
NAS100,20221103,0900,10885.16,10900.92,10859.29,10882.05,10176
NAS100,20221103,1000,10882.16,10889.18,10820.16,10832.79,9209
NAS100,20221103,1100,10832.55,10837.04,10783.93,10795.67,8977
NAS100,20221103,1200,10795.54,10825.79,10770.03,10772.29,14663
NAS100,20221103,1300,10772.41,10815.08,10691.21,10693.83,20410
NAS100,20221103,1400,10704.48,10849.71,10676.97,10834.33,23951
NAS100,20221103,1500,10834.47,10855.46,10721.58,10735.47,21100
NAS100,20221103,1600,10735.48,10828.98,10719.98,10819.10,19749
NAS100,20221103,1700,10819.22,10825.21,10745.08,10745.58,15831
NAS100,20221103,1800,10745.73,10784.84,10731.96,10776.84,15448
NAS100,20221103,1900,10776.96,10779.23,10687.97,10694.08,16399
NAS100,20221103,2000,10693.58,10708.68,10685.67,10696.38,5537
NAS100,20221103,2200,10677.66,10684.42,10659.41,10677.65,3971
NAS100,20221103,2300,10677.77,10684.41,10671.27,10676.65,2979
NAS100,20221104,0000,10676.17,10700.41,10676.17,10698.42,5203
NAS100,20221104,0100,10698.53,10707.54,10682.16,10707.03,7279
NAS100,20221104,0200,10707.17,10714.53,10700.38,10708.90,5204
NAS100,20221104,0300,10708.77,10713.17,10702.53,10711.03,4590
NAS100,20221104,0400,10710.92,10747.28,10708.15,10741.16,4529
NAS100,20221104,0500,10741.02,10758.78,10735.63,10736.67,7741
NAS100,20221104,0600,10736.79,10794.03,10733.27,10780.03,7034
NAS100,20221104,0700,10779.90,10789.42,10716.03,10722.65,8849
NAS100,20221104,0800,10722.78,10755.17,10715.67,10753.65,11260
NAS100,20221104,0900,10753.78,10796.40,10749.52,10770.66,9576
NAS100,20221104,1000,10770.54,10794.02,10758.79,10784.67,8275
NAS100,20221104,1100,10784.78,10810.03,10764.15,10781.65,8553
NAS100,20221104,1200,10783.53,10843.15,10607.37,10838.40,17033
NAS100,20221104,1300,10838.04,10926.08,10691.70,10809.82,23473
NAS100,20221104,1400,10810.20,10939.72,10773.21,10855.34,24320
NAS100,20221104,1500,10855.96,10872.70,10667.20,10671.59,22965
NAS100,20221104,1600,10671.47,10761.21,10645.33,10680.22,22041
NAS100,20221104,1700,10680.82,10704.34,10634.20,10653.70,19840
NAS100,20221104,1800,10653.96,10782.71,10629.08,10774.32,18560
NAS100,20221104,1900,10774.20,10862.72,10759.57,10855.08,19264
NAS100,20221104,2000,10860.09,10882.17,10842.02,10847.17,4311
NAS100,20221106,2300,10764.55,10785.60,10754.57,10764.09,6150
NAS100,20221107,0000,10764.22,10802.46,10758.96,10789.85,6658
NAS100,20221107,0100,10789.71,10820.09,10753.20,10811.22,10262
NAS100,20221107,0200,10811.20,10837.10,10800.33,10833.21,7482
NAS100,20221107,0300,10833.34,10848.72,10819.34,10832.09,6820
NAS100,20221107,0400,10831.95,10842.71,10822.83,10832.34,4090
NAS100,20221107,0500,10832.09,10859.33,10822.72,10826.20,6618
NAS100,20221107,0600,10825.83,10845.46,10824.85,10839.22,5293
NAS100,20221107,0700,10839.20,10843.08,10783.57,10787.84,7604
NAS100,20221107,0800,10788.83,10902.10,10781.10,10894.35,12427
NAS100,20221107,0900,10894.10,10912.10,10867.46,10869.10,10423
NAS100,20221107,1000,10869.08,10920.97,10869.08,10917.70,7436
NAS100,20221107,1100,10917.71,10939.83,10911.57,10913.46,7048
NAS100,20221107,1200,10913.35,10930.09,10887.57,10900.21,8562
NAS100,20221107,1300,10900.35,10920.46,10875.09,10894.20,12643
NAS100,20221107,1400,10893.71,10936.77,10817.25,10851.89,18878
NAS100,20221107,1500,10852.15,10930.01,10833.63,10895.02,23572
NAS100,20221107,1600,10894.52,10918.13,10835.38,10835.63,20287
NAS100,20221107,1700,10835.13,10878.13,10818.77,10867.26,16065
NAS100,20221107,1800,10867.15,10908.64,10865.38,10901.14,13590
NAS100,20221107,1900,10900.76,10992.75,10900.76,10965.76,15118
NAS100,20221107,2000,10965.63,11006.40,10964.27,10983.64,15654
NAS100,20221107,2100,10983.26,10996.84,10971.72,10982.20,4524
NAS100,20221107,2300,10982.30,10994.70,10973.06,10992.81,3206
NAS100,20221108,0000,10993.57,11031.32,10990.80,11023.30,5655
NAS100,20221108,0100,11023.56,11023.56,11000.43,11010.07,7635
NAS100,20221108,0200,11010.19,11010.45,10983.30,10983.30,5639
NAS100,20221108,0300,10983.80,10999.81,10981.81,10991.95,3837
NAS100,20221108,0400,10992.20,10997.82,10965.07,10973.95,3410
NAS100,20221108,0500,10973.94,10974.95,10952.80,10961.20,5135
NAS100,20221108,0600,10960.80,10980.18,10960.20,10974.82,4443
NAS100,20221108,0700,10974.70,10976.45,10946.43,10951.56,5798
NAS100,20221108,0800,10951.82,10980.69,10923.31,10975.30,11460
NAS100,20221108,0900,10975.07,11026.80,10961.82,11026.45,9675
NAS100,20221108,1000,11026.69,11043.82,11002.05,11003.45,8169
NAS100,20221108,1100,11003.55,11060.93,11003.32,11054.30,8186
NAS100,20221108,1200,11054.06,11056.07,11021.43,11042.06,9648
NAS100,20221108,1300,11042.31,11061.44,11016.95,11049.56,10506
NAS100,20221108,1400,11049.30,11072.94,10975.98,11034.50,18195
NAS100,20221108,1500,11033.75,11106.61,11009.86,11097.25,21786
NAS100,20221108,1600,11097.50,11199.86,11079.62,11166.86,18235
NAS100,20221108,1700,11166.87,11184.74,11146.12,11169.00,15571
NAS100,20221108,1800,11169.12,11187.48,10998.50,11012.23,18580
NAS100,20221108,1900,11011.75,11033.11,10897.86,10991.11,20995
NAS100,20221108,2000,10991.00,11127.36,10985.99,11060.99,19678
NAS100,20221108,2100,11060.37,11067.44,11032.57,11057.54,5958
NAS100,20221108,2300,11057.41,11097.44,11052.02,11092.95,4711
NAS100,20221109,0000,11093.18,11093.18,11058.30,11069.45,6239
NAS100,20221109,0100,11069.44,11130.93,11060.44,11090.93,9194
NAS100,20221109,0200,11091.19,11115.19,11072.81,11089.80,7916
NAS100,20221109,0300,11089.68,11098.43,11043.81,11060.55,7416
NAS100,20221109,0400,11060.69,11106.57,11043.20,11096.82,6397
NAS100,20221109,0500,11096.69,11100.31,11055.70,11067.05,6562
NAS100,20221109,0600,11067.20,11070.07,11046.05,11050.68,5887
NAS100,20221109,0700,11050.79,11095.81,11047.55,11085.18,6712
NAS100,20221109,0800,11086.05,11121.70,11069.95,11078.18,11280
NAS100,20221109,0900,11078.20,11080.07,11001.43,11014.44,10353
NAS100,20221109,1000,11014.95,11047.69,10987.56,11039.69,9486
NAS100,20221109,1100,11039.44,11074.82,11032.93,11055.55,8325
NAS100,20221109,1200,11055.32,11065.20,11013.20,11058.82,9009
NAS100,20221109,1300,11058.70,11068.06,10977.82,10990.18,13705
NAS100,20221109,1400,10989.82,11019.31,10929.60,10944.61,18663
NAS100,20221109,1500,10944.23,11016.24,10893.54,10920.36,23446
NAS100,20221109,1600,10920.48,10996.85,10918.10,10949.35,20067
NAS100,20221109,1700,10949.49,10959.00,10908.48,10926.61,16255
NAS100,20221109,1800,10926.98,10942.23,10823.98,10845.61,18411
NAS100,20221109,1900,10845.99,10874.48,10803.60,10813.37,16788
NAS100,20221109,2000,10813.62,10861.37,10790.10,10799.99,17873
NAS100,20221109,2100,10800.23,10820.19,10795.06,10810.41,5604
NAS100,20221109,2300,10810.29,10825.67,10805.03,10814.79,3655
NAS100,20221110,0000,10814.42,10846.52,10809.27,10839.15,5541
NAS100,20221110,0100,10839.28,10853.16,10831.16,10837.03,7757
NAS100,20221110,0200,10837.02,10841.54,10818.02,10831.28,7176
NAS100,20221110,0300,10831.40,10843.53,10826.16,10832.02,4907
NAS100,20221110,0400,10831.90,10849.67,10828.29,10847.41,3231
NAS100,20221110,0500,10847.91,10861.16,10843.16,10848.78,5172
NAS100,20221110,0600,10848.91,10853.65,10831.54,10845.67,5136
NAS100,20221110,0700,10845.79,10856.78,10810.28,10827.16,6521
NAS100,20221110,0800,10826.91,10857.42,10820.90,10832.79,9122
NAS100,20221110,0900,10832.54,10846.79,10819.53,10834.04,7791
NAS100,20221110,1000,10834.16,10854.03,10813.16,10854.03,7446
NAS100,20221110,1100,10854.04,10874.54,10824.91,10854.16,9039
NAS100,20221110,1200,10855.04,10860.40,10833.92,10848.78,7315
NAS100,20221110,1300,10848.52,11284.66,10794.63,11274.92,17737
NAS100,20221110,1400,11274.67,11424.95,11239.83,11421.33,23223
NAS100,20221110,1500,11421.07,11439.09,11328.71,11420.32,24132
NAS100,20221110,1600,11420.08,11468.72,11378.45,11464.21,20609
NAS100,20221110,1700,11464.45,11465.71,11392.70,11395.97,18028
NAS100,20221110,1800,11396.33,11478.59,11395.20,11471.58,18012
NAS100,20221110,1900,11471.07,11499.83,11456.70,11495.96,15329
NAS100,20221110,2000,11495.72,11614.72,11483.70,11597.20,17930
NAS100,20221110,2100,11597.97,11646.92,11587.77,11645.62,8358
NAS100,20221110,2300,11645.77,11652.47,11614.45,11643.58,4147
NAS100,20221111,0000,11643.46,11650.33,11610.84,11631.95,6423
NAS100,20221111,0100,11631.72,11644.84,11593.94,11598.32,10540
NAS100,20221111,0200,11598.07,11629.83,11597.96,11611.33,8120
NAS100,20221111,0300,11611.46,11611.47,11588.84,11603.32,5803
NAS100,20221111,0400,11603.57,11625.33,11595.08,11623.71,4470
NAS100,20221111,0500,11623.46,11689.21,11612.57,11686.34,9010
NAS100,20221111,0600,11686.32,11712.95,11679.45,11703.57,8515
NAS100,20221111,0700,11703.95,11726.47,11673.22,11721.47,9239
NAS100,20221111,0800,11721.45,11745.09,11677.57,11738.32,13495
NAS100,20221111,0900,11738.58,11738.97,11679.95,11694.96,10135
NAS100,20221111,1000,11695.20,11710.95,11656.96,11667.08,10082
NAS100,20221111,1100,11667.07,11687.08,11653.34,11670.09,7926
NAS100,20221111,1200,11670.22,11674.46,11639.97,11672.70,9006
NAS100,20221111,1300,11672.82,11689.95,11651.08,11669.47,11260
NAS100,20221111,1400,11669.97,11670.08,11537.87,11610.69,19141
NAS100,20221111,1500,11581.01,11748.38,11561.42,11716.38,23330
NAS100,20221111,1600,11716.51,11746.63,11607.76,11675.88,21286
NAS100,20221111,1700,11675.64,11747.01,11652.64,11731.27,16923
NAS100,20221111,1800,11731.01,11817.52,11728.75,11812.01,16278
NAS100,20221111,1900,11812.14,11844.75,11792.00,11842.62,16210
NAS100,20221111,2000,11843.26,11844.27,11756.62,11813.76,18614
NAS100,20221111,2100,11814.13,11821.59,11796.95,11809.82,3537
NAS100,20221113,2300,11760.23,11787.99,11736.33,11780.61,6420
NAS100,20221114,0000,11780.47,11792.10,11755.36,11764.99,7036
NAS100,20221114,0100,11764.85,11795.12,11757.97,11764.35,10740
NAS100,20221114,0200,11764.49,11771.37,11747.85,11768.10,7127
NAS100,20221114,0300,11767.99,11779.61,11762.85,11774.73,5519
NAS100,20221114,0400,11774.86,11775.62,11754.10,11758.35,3668
NAS100,20221114,0500,11758.23,11764.58,11728.97,11728.98,5661
NAS100,20221114,0600,11729.11,11756.24,11728.35,11755.48,5166
NAS100,20221114,0700,11755.72,11776.10,11749.73,11756.48,5826
NAS100,20221114,0800,11756.62,11780.87,11743.62,11769.60,9763
NAS100,20221114,0900,11769.97,11771.74,11722.47,11726.47,7688
NAS100,20221114,1000,11726.11,11747.36,11715.97,11740.24,5965
NAS100,20221114,1100,11740.23,11750.37,11726.59,11740.47,4828
NAS100,20221114,1200,11740.22,11771.12,11734.99,11768.98,5848
NAS100,20221114,1300,11767.87,11774.37,11737.10,11743.86,8595
NAS100,20221114,1400,11743.23,11758.73,11672.52,11715.17,17227
NAS100,20221114,1500,11715.41,11786.16,11715.41,11765.77,22169
NAS100,20221114,1600,11764.52,11796.04,11698.65,11772.77,20124
NAS100,20221114,1700,11773.15,11822.40,11753.52,11796.92,17166
NAS100,20221114,1800,11797.52,11864.42,11788.03,11862.28,15268
NAS100,20221114,1900,11861.92,11868.16,11807.52,11824.04,15449
NAS100,20221114,2000,11824.28,11853.42,11699.27,11708.41,18236
NAS100,20221114,2100,11708.92,11742.11,11708.92,11738.45,5504
NAS100,20221114,2300,11746.02,11755.42,11738.27,11738.27,2636
NAS100,20221115,0000,11738.79,11748.91,11733.02,11736.16,4792
NAS100,20221115,0100,11735.90,11765.52,11733.79,11759.54,8495
NAS100,20221115,0200,11759.77,11776.79,11752.88,11775.03,7105
NAS100,20221115,0300,11775.29,11783.42,11769.77,11779.15,5465
NAS100,20221115,0400,11779.04,11782.79,11773.77,11775.77,3269
NAS100,20221115,0500,11775.90,11798.42,11774.41,11788.78,5768
NAS100,20221115,0600,11788.77,11803.78,11786.66,11802.91,4263
NAS100,20221115,0700,11802.78,11832.78,11800.79,11813.67,8025
NAS100,20221115,0800,11813.92,11827.29,11795.28,11819.79,11407
NAS100,20221115,0900,11820.04,11832.42,11810.28,11826.28,8963
NAS100,20221115,1000,11826.41,11850.92,11824.77,11843.67,7900
NAS100,20221115,1100,11843.52,11854.90,11829.27,11849.67,7172
NAS100,20221115,1200,11849.92,11891.41,11829.65,11886.42,9006
NAS100,20221115,1300,11885.90,12089.77,11883.16,12046.02,17706
NAS100,20221115,1400,12045.91,12049.42,11934.59,12002.46,21879
NAS100,20221115,1500,12002.71,12025.71,11933.46,11956.33,22950
NAS100,20221115,1600,11956.21,12015.20,11915.34,12008.71,21210
NAS100,20221115,1700,12008.72,12010.83,11943.07,11960.96,17480
NAS100,20221115,1800,11960.95,11972.47,11736.95,11815.83,22861
NAS100,20221115,1900,11815.58,11905.46,11750.96,11890.96,24041
NAS100,20221115,2000,11891.20,11923.21,11844.71,11877.09,20586
NAS100,20221115,2100,11877.32,11908.28,11852.13,11865.00,6676
NAS100,20221115,2300,11838.62,11866.77,11824.12,11865.76,5207
NAS100,20221116,0000,11866.27,11870.40,11808.64,11809.89,8220
NAS100,20221116,0100,11809.40,11845.52,11806.01,11842.01,11090
NAS100,20221116,0200,11841.89,11872.65,11837.51,11858.66,10021
NAS100,20221116,0300,11858.40,11876.01,11843.78,11858.26,7186
NAS100,20221116,0400,11858.28,11858.28,11828.26,11832.39,5355
NAS100,20221116,0500,11832.64,11896.02,11825.52,11890.26,9029
NAS100,20221116,0600,11890.14,11899.15,11869.14,11895.51,6637
NAS100,20221116,0700,11895.52,11928.76,11871.76,11916.36,8852
NAS100,20221116,0800,11917.89,11926.14,11887.65,11894.39,9229
NAS100,20221116,0900,11894.52,11901.15,11872.15,11890.53,7255
NAS100,20221116,1000,11891.03,11920.01,11875.26,11878.53,6663
NAS100,20221116,1100,11878.40,11883.76,11845.51,11860.26,7869
NAS100,20221116,1200,11860.27,11874.39,11837.89,11872.41,7752
NAS100,20221116,1300,11872.40,11876.40,11793.39,11798.40,13577
NAS100,20221116,1400,11799.28,11825.91,11717.07,11749.94,19293
NAS100,20221116,1500,11750.70,11764.07,11673.95,11683.19,22171
NAS100,20221116,1600,11683.46,11761.08,11679.69,11734.70,17597
NAS100,20221116,1700,11734.95,11797.33,11713.44,11761.44,17056
NAS100,20221116,1800,11761.21,11776.33,11705.37,11712.21,16036
NAS100,20221116,1900,11712.07,11741.08,11699.19,11734.57,15004
NAS100,20221116,2000,11734.31,11738.32,11679.82,11708.96,17047
NAS100,20221116,2100,11708.95,11771.40,11704.89,11739.38,7461
NAS100,20221116,2300,11739.51,11750.50,11738.15,11749.13,2777
NAS100,20221117,0000,11749.25,11756.02,11741.88,11752.15,3970
NAS100,20221117,0100,11752.26,11759.14,11723.25,11729.39,7565
NAS100,20221117,0200,11729.50,11733.02,11712.27,11725.38,5726
NAS100,20221117,0300,11725.63,11729.50,11713.89,11728.13,4205
NAS100,20221117,0400,11728.27,11729.89,11717.76,11718.38,2731
NAS100,20221117,0500,11718.52,11745.90,11717.65,11731.77,5169
NAS100,20221117,0600,11731.39,11773.26,11730.38,11766.77,5177
NAS100,20221117,0700,11766.89,11791.51,11751.88,11772.14,7191
NAS100,20221117,0800,11772.15,11796.64,11743.01,11743.40,10016
NAS100,20221117,0900,11743.51,11747.65,11683.14,11694.88,9403
NAS100,20221117,1000,11695.25,11718.40,11635.14,11636.90,8241
NAS100,20221117,1100,11637.15,11658.40,11611.88,11652.65,9794
NAS100,20221117,1200,11652.50,11657.77,11592.13,11598.39,10852
NAS100,20221117,1300,11598.01,11601.25,11526.25,11529.39,15253
NAS100,20221117,1400,11530.02,11604.32,11497.52,11558.18,18222
NAS100,20221117,1500,11556.06,11641.56,11541.05,11576.06,21277
NAS100,20221117,1600,11575.55,11679.56,11568.55,11678.31,18799
NAS100,20221117,1700,11678.32,11727.95,11650.55,11718.93,17578
NAS100,20221117,1800,11718.70,11744.19,11697.05,11715.70,16138
NAS100,20221117,1900,11715.55,11725.81,11634.05,11652.81,16105
NAS100,20221117,2000,11653.19,11685.19,11595.31,11682.45,17678
NAS100,20221117,2100,11682.05,11716.65,11674.63,11715.35,5707
NAS100,20221117,2300,11715.60,11727.47,11688.70,11690.10,3875
NAS100,20221118,0000,11689.97,11709.47,11685.97,11709.09,4606
NAS100,20221118,0100,11709.33,11720.20,11687.95,11701.33,7605
NAS100,20221118,0200,11701.45,11716.83,11696.47,11699.09,6335
NAS100,20221118,0300,11698.85,11719.09,11693.59,11710.20,4827
NAS100,20221118,0400,11710.10,11710.46,11690.83,11694.96,3981
NAS100,20221118,0500,11695.10,11703.59,11677.21,11685.60,5402
NAS100,20221118,0600,11685.71,11693.33,11655.59,11677.34,5551
NAS100,20221118,0700,11677.10,11698.70,11671.59,11678.47,6306
NAS100,20221118,0800,11678.59,11694.21,11642.96,11693.97,9847
NAS100,20221118,0900,11693.70,11747.84,11686.20,11722.10,8981
NAS100,20221118,1000,11721.84,11784.47,11711.97,11778.70,7564
NAS100,20221118,1100,11778.85,11788.71,11761.20,11769.97,7143
NAS100,20221118,1200,11769.96,11806.21,11766.58,11781.97,7489
NAS100,20221118,1300,11781.84,11809.83,11775.71,11805.96,4219
NAS100,20221118,1400,11727.39,11754.38,11718.63,11723.40,2243
NAS100,20221118,1500,11723.76,11728.26,11626.51,11642.77,21302
NAS100,20221118,1600,11643.01,11686.90,11616.51,11652.15,18551
NAS100,20221118,1700,11651.51,11660.50,11577.50,11603.76,16775
NAS100,20221118,1800,11603.75,11646.64,11597.26,11614.02,15196
NAS100,20221118,1900,11613.76,11643.76,11607.25,11639.27,14291
NAS100,20221118,2000,11639.02,11711.52,11636.40,11680.50,17090
NAS100,20221118,2100,11680.26,11691.97,11670.08,11677.46,3432
NAS100,20221120,2300,11697.40,11729.50,11675.89,11682.75,5027
NAS100,20221121,0000,11682.88,11688.01,11654.63,11658.90,5500
NAS100,20221121,0100,11658.75,11662.65,11637.65,11643.65,9412
NAS100,20221121,0200,11643.38,11651.64,11632.75,11649.65,6809
NAS100,20221121,0300,11649.77,11656.89,11645.25,11655.40,4732
NAS100,20221121,0400,11655.39,11662.02,11646.13,11653.40,3869
NAS100,20221121,0500,11653.26,11656.76,11640.13,11655.02,6060
NAS100,20221121,0600,11655.14,11659.27,11635.14,11639.27,5131
NAS100,20221121,0700,11638.65,11649.26,11618.88,11622.52,6202
NAS100,20221121,0800,11622.75,11656.14,11609.38,11623.76,9270
NAS100,20221121,0900,11623.63,11630.00,11592.00,11605.25,8269
NAS100,20221121,1000,11605.39,11617.15,11585.51,11593.13,6226
NAS100,20221121,1100,11592.90,11603.40,11576.52,11584.39,5109
NAS100,20221121,1200,11584.40,11598.00,11570.02,11596.75,6205
NAS100,20221121,1300,11596.50,11630.15,11588.15,11627.52,8336
NAS100,20221121,1400,11627.64,11673.68,11602.82,11636.70,17424
NAS100,20221121,1500,11636.94,11648.32,11549.43,11571.94,20417
NAS100,20221121,1600,11572.20,11603.06,11538.95,11552.06,17792
NAS100,20221121,1700,11552.31,11574.57,11532.70,11561.30,12647
NAS100,20221121,1800,11576.44,11608.82,11573.06,11574.31,8137
NAS100,20221121,1900,11574.32,11594.44,11553.68,11563.05,14971
NAS100,20221121,2000,11563.18,11586.45,11551.68,11560.32,15856
NAS100,20221121,2100,11560.94,11571.65,11559.01,11563.35,4186
NAS100,20221121,2300,11563.25,11572.03,11558.78,11569.43,2396
NAS100,20221122,0000,11569.54,11597.67,11568.28,11586.54,5249
NAS100,20221122,0100,11586.67,11600.43,11579.67,11581.54,7078
NAS100,20221122,0200,11581.05,11589.43,11571.16,11582.30,5964
NAS100,20221122,0300,11582.28,11594.30,11578.78,11585.04,5198
NAS100,20221122,0400,11585.18,11586.93,11578.78,11579.04,2547
NAS100,20221122,0500,11579.67,11581.30,11557.28,11558.53,5145
NAS100,20221122,0600,11558.78,11568.17,11547.80,11553.29,4539
NAS100,20221122,0700,11553.28,11568.05,11537.30,11560.80,5420
NAS100,20221122,0800,11561.28,11564.03,11502.41,11528.79,10656
NAS100,20221122,0900,11528.53,11599.05,11527.43,11590.68,9110
NAS100,20221122,1000,11590.54,11594.28,11571.04,11583.16,5669
NAS100,20221122,1100,11583.28,11589.42,11541.68,11560.53,6879
NAS100,20221122,1200,11561.55,11589.43,11554.67,11583.78,6183
NAS100,20221122,1300,11583.66,11616.55,11582.92,11612.53,8464
NAS100,20221122,1400,11612.43,11617.29,11503.96,11522.60,16429
NAS100,20221122,1500,11521.60,11629.97,11515.96,11626.83,20275
NAS100,20221122,1600,11626.97,11631.71,11591.97,11619.47,16291
NAS100,20221122,1700,11619.46,11644.10,11617.72,11629.72,13339
NAS100,20221122,1800,11630.21,11675.73,11620.46,11674.08,12159
NAS100,20221122,1900,11674.21,11682.09,11650.34,11675.08,12111
NAS100,20221122,2000,11675.09,11734.84,11672.58,11727.73,13703
NAS100,20221122,2100,11727.35,11729.68,11709.42,11715.15,4301
NAS100,20221122,2300,11718.30,11726.73,11713.71,11720.21,2848
NAS100,20221123,0000,11720.23,11731.10,11711.96,11713.83,3114
NAS100,20221123,0100,11713.72,11713.98,11697.81,11701.85,5257
NAS100,20221123,1000,11743.72,11744.59,11724.34,11733.35,4930
NAS100,20221123,1100,11733.46,11752.21,11721.33,11752.10,4972
NAS100,20221123,1200,11751.83,11768.33,11736.22,11758.09,5710
NAS100,20221123,1300,11757.47,11758.46,11713.47,11734.22,10445
NAS100,20221123,1400,11733.71,11827.51,11721.15,11806.05,17062
NAS100,20221123,1500,11806.31,11863.81,11778.05,11852.13,20027
NAS100,20221123,1600,11851.90,11861.26,11742.01,11761.39,17108
NAS100,20221123,1700,11761.15,11792.27,11717.53,11736.38,15567
NAS100,20221123,1800,11736.02,11799.64,11727.88,11786.57,13729
NAS100,20221123,1900,11786.55,11859.88,11757.27,11841.53,19978
NAS100,20221123,2000,11840.77,11868.14,11814.63,11843.13,15810
NAS100,20221123,2100,11843.14,11855.60,11840.08,11852.32,4082
NAS100,20221123,2300,11854.78,11865.70,11850.95,11864.43,2759
NAS100,20221124,0000,11864.58,11875.08,11864.32,11871.95,4507
NAS100,20221124,0100,11871.81,11880.56,11869.56,11873.56,5727
NAS100,20221124,0200,11873.69,11877.33,11865.32,11875.32,4267
NAS100,20221124,0300,11875.56,11877.83,11868.44,11870.08,3355
NAS100,20221124,0400,11869.95,11871.83,11864.31,11871.56,2548
NAS100,20221124,0500,11871.70,11873.18,11862.56,11862.93,3631
NAS100,20221124,0600,11862.83,11866.08,11854.93,11862.43,3090
NAS100,20221124,0700,11862.56,11884.58,11860.95,11862.44,4255
NAS100,20221124,0800,11862.58,11885.58,11850.32,11880.93,7093
NAS100,20221124,0900,11881.07,11900.44,11880.06,11891.56,5931
NAS100,20221124,1000,11891.31,11904.45,11889.06,11904.18,5015
NAS100,20221124,1100,11904.33,11905.95,11893.44,11901.68,3892
NAS100,20221124,1200,11901.82,11908.83,11882.69,11888.32,4235
NAS100,20221124,1300,11888.19,11897.33,11877.45,11895.83,4537
NAS100,20221124,1400,11895.94,11897.83,11875.36,11885.75,5398
NAS100,20221124,1500,11886.73,11896.99,11881.62,11896.50,4285
NAS100,20221124,1600,11896.11,11901.11,11890.62,11899.98,3815
NAS100,20221124,1700,11899.88,11901.38,11887.55,11887.55,2076
NAS100,20221124,2300,11892.06,11901.10,11890.06,11894.96,1541
NAS100,20221125,0000,11895.21,11897.09,11879.09,11889.22,3307
NAS100,20221125,0100,11889.35,11896.83,11881.09,11885.72,5102
NAS100,20221125,0200,11885.10,11891.58,11880.08,11885.71,4171
NAS100,20221125,0300,11885.70,11891.09,11881.96,11887.58,3092
NAS100,20221125,0400,11887.34,11894.71,11887.34,11891.72,2356
NAS100,20221125,0500,11891.85,11895.60,11880.72,11882.70,3210
NAS100,20221125,0600,11882.84,11885.47,11872.70,11885.22,2753
NAS100,20221125,0700,11885.47,11894.05,11875.97,11876.20,4162
NAS100,20221125,0800,11876.08,11884.20,11851.45,11860.58,6769
NAS100,20221125,0900,11860.60,11869.22,11823.72,11834.84,6620
NAS100,20221125,1000,11834.70,11851.85,11825.09,11839.85,5257
NAS100,20221125,1100,11839.58,11845.60,11818.20,11820.97,4479
NAS100,20221125,1200,11821.09,11832.58,11809.72,11813.21,5150
NAS100,20221125,1300,11812.72,11826.22,11791.84,11796.33,7371
NAS100,20221125,1400,11796.46,11799.60,11743.88,11780.76,15428
NAS100,20221125,1500,11781.02,11805.02,11771.63,11784.39,16338
NAS100,20221125,1600,11784.65,11802.01,11749.07,11777.65,13668
NAS100,20221125,1700,11777.51,11781.40,11755.75,11763.25,10754
NAS100,20221125,1800,11763.51,11766.27,11752.00,11764.52,1772
NAS100,20221127,2300,11712.81,11728.44,11700.31,11708.43,5090
NAS100,20221128,0000,11707.94,11713.18,11680.69,11686.43,5330
NAS100,20221128,0100,11686.56,11686.81,11647.92,11662.67,8873
NAS100,20221128,0200,11662.93,11678.42,11648.43,11675.81,6508
NAS100,20221128,0300,11675.94,11677.18,11666.93,11668.44,3822
NAS100,20221128,0400,11668.19,11672.80,11665.80,11666.93,2618
NAS100,20221128,0500,11667.04,11667.68,11639.44,11651.06,4731
NAS100,20221128,0600,11651.44,11671.19,11647.80,11670.92,4033
NAS100,20221128,0700,11671.06,11687.29,11664.54,11667.18,5824
NAS100,20221128,0800,11666.94,11710.69,11665.06,11684.29,10459
NAS100,20221128,0900,11684.31,11692.30,11627.89,11633.19,9492
NAS100,20221128,1000,11633.30,11662.31,11624.18,11657.79,7142
NAS100,20221128,1100,11657.93,11677.44,11647.55,11677.06,7164
NAS100,20221128,1200,11677.56,11691.19,11672.69,11683.93,6742
NAS100,20221128,1300,11683.44,11696.42,11662.04,11695.80,8751
NAS100,20221128,1400,11695.81,11769.98,11672.05,11739.60,16776
NAS100,20221128,1500,11739.35,11750.24,11660.85,11666.24,20416
NAS100,20221128,1600,11666.48,11698.10,11652.47,11692.85,17031
NAS100,20221128,1700,11693.35,11713.11,11646.11,11649.22,16969
NAS100,20221128,1800,11649.10,11668.10,11608.72,11611.47,13647
NAS100,20221128,1900,11611.59,11617.23,11576.73,11595.34,14014
NAS100,20221128,2000,11595.85,11603.48,11557.09,11594.86,15040
NAS100,20221128,2100,11592.72,11610.56,11591.98,11605.14,4368
NAS100,20221128,2300,11607.92,11608.43,11598.70,11601.94,2910
NAS100,20221129,0000,11601.95,11616.08,11594.81,11611.18,4393
NAS100,20221129,0100,11611.43,11620.82,11602.07,11619.20,6781
NAS100,20221129,0200,11618.93,11626.58,11616.82,11618.56,4936
NAS100,20221129,0300,11618.33,11649.45,11615.42,11647.56,4768
NAS100,20221129,0400,11647.81,11653.83,11642.65,11650.82,3108
NAS100,20221129,0500,11650.93,11659.58,11648.07,11658.32,4772
NAS100,20221129,0600,11658.07,11668.82,11644.93,11654.57,5331
NAS100,20221129,0700,11654.68,11672.45,11652.32,11660.19,7327
NAS100,20221129,0800,11660.42,11687.45,11650.94,11675.82,10581
NAS100,20221129,0900,11676.06,11682.31,11631.07,11640.94,8883
NAS100,20221129,1000,11640.83,11666.06,11634.70,11650.31,7076
NAS100,20221129,1100,11650.68,11661.83,11636.81,11661.56,6314
NAS100,20221129,1200,11660.93,11660.94,11634.68,11657.07,6326
NAS100,20221129,1300,11657.33,11657.58,11600.68,11618.43,12008
NAS100,20221129,1400,11618.32,11632.07,11548.98,11561.63,17327
NAS100,20221129,1500,11562.11,11621.88,11545.37,11578.99,20769
NAS100,20221129,1600,11579.00,11584.00,11449.13,11506.98,20215
NAS100,20221129,1700,11507.11,11536.24,11491.25,11520.36,15523
NAS100,20221129,1800,11520.63,11522.25,11460.75,11503.74,14617
NAS100,20221129,1900,11503.86,11537.87,11473.88,11493.86,14390
NAS100,20221129,2000,11493.74,11514.74,11483.12,11507.63,15087
NAS100,20221129,2100,11507.24,11512.20,11490.58,11502.66,4117
NAS100,20221129,2300,11497.37,11504.64,11481.14,11486.91,2899
NAS100,20221130,0000,11487.66,11511.28,11484.27,11506.91,4863
NAS100,20221130,0100,11506.77,11526.27,11503.76,11517.02,7384
NAS100,20221130,0200,11516.66,11518.78,11510.16,11515.41,4879
NAS100,20221130,0300,11516.03,11521.91,11511.01,11521.41,3810
NAS100,20221130,0400,11521.40,11529.77,11519.36,11523.28,3041
NAS100,20221130,0500,11523.39,11530.53,11516.41,11516.41,4883
NAS100,20221130,0600,11516.66,11522.89,11512.16,11516.27,4312
NAS100,20221130,0700,11516.14,11532.53,11514.14,11525.15,6543
NAS100,20221130,0800,11524.41,11556.03,11520.52,11548.65,9428
NAS100,20221130,0900,11548.90,11569.41,11533.76,11545.28,8208
NAS100,20221130,1000,11545.01,11559.39,11538.53,11544.39,7016
NAS100,20221130,1100,11544.52,11560.15,11534.90,11556.51,5516
NAS100,20221130,1200,11556.53,11558.78,11540.76,11542.66,5714
NAS100,20221130,1300,11542.64,11577.76,11500.64,11503.01,12879
NAS100,20221130,1400,11502.91,11561.08,11500.02,11548.69,18217
NAS100,20221130,1500,11548.95,11561.32,11502.95,11512.31,20810
NAS100,20221130,1600,11512.71,11559.31,11492.33,11542.96,17923
NAS100,20221130,1700,11542.70,11550.19,11481.69,11514.46,14819
NAS100,20221130,1800,11514.21,11750.45,11512.06,11738.83,19718
NAS100,20221130,1900,11738.56,11915.07,11737.07,11879.44,21020
NAS100,20221130,2000,11877.33,12019.19,11870.81,12019.19,18179
NAS100,20221130,2100,12026.16,12060.76,12012.64,12058.63,9071
NAS100,20221130,2300,12060.23,12067.76,12041.15,12054.77,5186
NAS100,20221201,0000,12054.63,12062.40,12040.64,12045.51,6402
NAS100,20221201,0100,12045.40,12050.64,12029.13,12030.65,8364
NAS100,20221201,0200,12030.52,12034.25,12012.64,12019.01,6873
NAS100,20221201,0300,12019.15,12033.15,12008.38,12030.75,5307
NAS100,20221201,0400,12030.64,12048.27,12026.90,12040.77,3628
NAS100,20221201,0500,12040.50,12064.39,12036.27,12054.02,6220
NAS100,20221201,0600,12054.64,12058.02,12037.26,12040.89,4348
NAS100,20221201,0700,12040.52,12043.40,12020.74,12030.27,7256
NAS100,20221201,0800,12030.13,12038.40,12000.39,12010.40,11410
NAS100,20221201,0900,12010.38,12011.50,11974.51,11997.65,8997
NAS100,20221201,1000,11997.77,12007.89,11986.13,11987.26,7385
NAS100,20221201,1100,11987.51,12012.63,11981.39,12006.63,6178
NAS100,20221201,1200,12006.89,12033.90,12002.63,12033.25,7527
NAS100,20221201,1300,12033.38,12113.90,12012.99,12059.89,13803
NAS100,20221201,1400,12059.64,12117.82,12013.72,12091.97,18803
NAS100,20221201,1500,12092.22,12120.97,11926.93,12055.32,23504
NAS100,20221201,1600,12055.20,12058.30,11988.45,12012.94,20732
NAS100,20221201,1700,12013.19,12041.70,11967.20,12029.56,18721
NAS100,20221201,1800,12029.32,12056.45,11999.94,12033.82,16836
NAS100,20221201,1900,12034.07,12069.32,12011.68,12064.81,15979
NAS100,20221201,2000,12065.57,12080.32,12033.80,12043.20,17003
NAS100,20221201,2100,12042.56,12042.56,12017.38,12018.36,4924
NAS100,20221201,2300,12019.43,12030.48,12015.48,12022.23,2596
NAS100,20221202,0000,12022.08,12022.21,11990.48,11993.47,5473
NAS100,20221202,0100,11993.60,12001.46,11980.46,11986.71,5990
NAS100,20221202,0200,11986.72,12001.33,11985.08,11999.96,5975
NAS100,20221202,0300,12000.09,12007.60,11995.23,12005.71,4214
NAS100,20221202,0400,12005.23,12010.10,11992.71,12007.47,2834
NAS100,20221202,0500,12007.33,12009.60,11995.84,12004.72,4220
NAS100,20221202,0600,12004.85,12008.97,12001.33,12004.46,3206
NAS100,20221202,0700,12004.48,12016.21,12003.22,12005.58,5610
NAS100,20221202,0800,12005.71,12030.73,11999.10,12030.10,10179
NAS100,20221202,0900,12029.09,12040.60,12012.85,12039.46,8326
NAS100,20221202,1000,12039.60,12043.85,12029.59,12037.46,6697
NAS100,20221202,1100,12037.21,12037.98,12016.09,12023.21,5628
NAS100,20221202,1200,12023.58,12038.85,12005.73,12038.34,6998
NAS100,20221202,1300,12037.97,12049.98,11723.60,11806.84,16030
NAS100,20221202,1400,11806.60,11897.90,11772.22,11857.39,21589
NAS100,20221202,1500,11856.40,11934.89,11834.63,11886.63,21583
NAS100,20221202,1600,11886.51,11960.65,11861.89,11926.03,18569
NAS100,20221202,1700,11925.90,11962.02,11898.03,11903.88,15843
NAS100,20221202,1800,11904.53,11928.77,11879.65,11918.78,13898
NAS100,20221202,1900,11919.02,11972.76,11895.51,11970.89,13821
NAS100,20221202,2000,11970.88,12030.15,11953.88,11995.88,18028
NAS100,20221202,2100,11995.38,11996.63,11964.71,11965.58,3146
NAS100,20221204,2300,11987.70,12002.24,11967.74,11988.74,4662
NAS100,20221205,0000,11987.98,11995.63,11976.45,11977.63,5293
NAS100,20221205,0100,11977.75,11985.24,11967.73,11970.74,6134
NAS100,20221205,0200,11969.88,11982.74,11969.38,11977.74,4066
NAS100,20221205,0300,11977.61,11984.63,11972.98,11983.73,2888
NAS100,20221205,0400,11983.86,11984.37,11971.88,11979.13,2182
NAS100,20221205,0500,11979.12,11982.25,11971.99,11981.99,3264
NAS100,20221205,0600,11981.98,11983.00,11963.62,11982.61,3384
NAS100,20221205,0700,11982.63,11982.88,11944.75,11953.36,5740
NAS100,20221205,0800,11953.49,11978.88,11929.13,11978.86,10218
NAS100,20221205,0900,11978.48,11979.24,11939.61,11966.61,7528
NAS100,20221205,1000,11966.00,11972.75,11947.86,11957.75,6941
NAS100,20221205,1100,11957.61,11981.98,11955.38,11980.75,5551
NAS100,20221205,1200,11980.24,11984.63,11937.86,11949.48,7011
NAS100,20221205,1300,11949.25,11955.48,11907.24,11913.49,10168
NAS100,20221205,1400,11913.63,11958.91,11899.03,11919.91,16914
NAS100,20221205,1500,11896.80,11919.17,11848.66,11908.54,21500
NAS100,20221205,1600,11909.41,11937.43,11829.16,11834.30,18020
NAS100,20221205,1700,11834.43,11859.53,11803.03,11806.42,16115
NAS100,20221205,1800,11806.53,11834.80,11768.05,11770.05,15672
NAS100,20221205,1900,11770.04,11788.66,11732.04,11754.91,16373
NAS100,20221205,2000,11754.67,11795.68,11740.03,11789.91,17589
NAS100,20221205,2100,11789.54,11799.73,11777.48,11799.73,4838
NAS100,20221205,2300,11796.54,11817.43,11787.03,11807.81,3366
NAS100,20221206,0000,11807.94,11823.55,11807.94,11816.93,4543
NAS100,20221206,0100,11817.17,11831.69,11814.92,11820.30,6776
NAS100,20221206,0200,11820.18,11828.92,11808.56,11810.30,6602
NAS100,20221206,0300,11810.81,11815.82,11799.32,11810.69,5106
NAS100,20221206,0400,11810.93,11811.82,11791.06,11793.44,3481
NAS100,20221206,0500,11793.56,11800.31,11783.05,11790.92,5188
NAS100,20221206,0600,11791.07,11791.43,11776.32,11786.68,4036
NAS100,20221206,0700,11786.43,11795.05,11769.42,11786.30,5807
NAS100,20221206,0800,11786.67,11826.82,11769.67,11820.81,10626
NAS100,20221206,0900,11820.69,11825.82,11801.05,11803.19,7830
NAS100,20221206,1000,11802.69,11813.69,11777.55,11804.81,7525
NAS100,20221206,1100,11804.67,11820.05,11792.30,11817.92,6342
NAS100,20221206,1200,11817.56,11833.56,11808.06,11808.69,6931
NAS100,20221206,1300,11808.67,11820.92,11777.57,11808.57,9158
NAS100,20221206,1400,11809.80,11817.32,11652.23,11653.10,17007
NAS100,20221206,1500,11652.85,11662.85,11577.85,11599.60,22915
NAS100,20221206,1600,11599.72,11632.97,11579.61,11605.10,19657
NAS100,20221206,1700,11605.62,11622.22,11563.86,11575.12,17676
NAS100,20221206,1800,11575.11,11589.73,11531.24,11559.86,17471
NAS100,20221206,1900,11560.22,11562.12,11490.36,11522.24,17537
NAS100,20221206,2000,11521.85,11566.97,11492.62,11553.61,18683
NAS100,20221206,2100,11552.97,11559.67,11541.55,11554.40,4965
NAS100,20221206,2300,11557.01,11572.17,11555.75,11568.27,3177
NAS100,20221207,0000,11568.53,11577.79,11562.28,11562.28,4215
NAS100,20221207,0100,11562.42,11585.67,11556.53,11580.78,6605
NAS100,20221207,0200,11580.91,11585.17,11575.67,11579.29,5505
NAS100,20221207,0300,11579.91,11584.78,11569.15,11583.28,4011
NAS100,20221207,0400,11583.16,11585.28,11576.65,11579.04,2653
NAS100,20221207,0500,11579.54,11582.67,11563.16,11566.91,5367
NAS100,20221207,0600,11567.28,11569.02,11544.27,11553.04,5056
NAS100,20221207,0700,11552.90,11575.53,11537.28,11545.65,7972
NAS100,20221207,0800,11545.42,11562.77,11531.15,11557.52,11410
NAS100,20221207,0900,11557.79,11558.03,11502.53,11516.27,8409
NAS100,20221207,1000,11516.17,11526.53,11505.02,11522.28,6580
NAS100,20221207,1100,11522.79,11531.52,11471.41,11485.41,7104
NAS100,20221207,1200,11485.52,11495.54,11413.42,11436.40,8690
NAS100,20221207,1300,11436.17,11510.53,11433.40,11494.77,12019
NAS100,20221207,1400,11495.16,11586.32,11450.34,11461.57,19908
NAS100,20221207,1500,11461.97,11560.57,11431.32,11542.70,23811
NAS100,20221207,1600,11543.22,11570.46,11448.84,11496.59,20342
NAS100,20221207,1700,11496.07,11521.71,11463.58,11511.84,17037
NAS100,20221207,1800,11512.84,11547.97,11492.45,11497.22,15730
NAS100,20221207,1900,11497.46,11519.45,11472.71,11490.46,15756
NAS100,20221207,2000,11490.47,11512.33,11464.83,11496.34,16645
NAS100,20221207,2100,11497.34,11504.42,11485.54,11488.63,3701
NAS100,20221207,2300,11492.07,11508.11,11492.07,11501.23,2525
NAS100,20221208,0000,11501.09,11503.86,11470.23,11470.59,4661
NAS100,20221208,0100,11470.74,11471.36,11425.97,11448.60,8165
NAS100,20221208,0200,11448.36,11468.72,11445.48,11463.97,5123
NAS100,20221208,0300,11463.86,11487.98,11461.85,11482.09,4136
NAS100,20221208,0400,11482.11,11488.48,11478.22,11480.60,2740
NAS100,20221208,0500,11480.74,11486.24,11470.22,11484.72,3942
NAS100,20221208,0600,11484.99,11499.74,11478.34,11496.99,3164
NAS100,20221208,0700,11496.97,11531.74,11494.09,11521.34,5221
NAS100,20221208,0800,11521.23,11532.11,11502.24,11527.61,9996
NAS100,20221208,0900,11527.49,11539.72,11512.97,11522.60,7095
NAS100,20221208,1000,11523.09,11533.59,11514.35,11525.24,5956
NAS100,20221208,1100,11525.09,11540.73,11509.10,11529.60,5988
NAS100,20221208,1200,11529.49,11549.98,11517.98,11546.85,7351
NAS100,20221208,1300,11547.22,11588.60,11539.72,11566.09,10823
NAS100,20221208,1400,11566.10,11595.54,11468.89,11592.15,18121
NAS100,20221208,1500,11592.03,11662.15,11587.15,11636.41,21774
NAS100,20221208,1600,11635.91,11648.90,11573.78,11626.14,18838
NAS100,20221208,1700,11626.03,11636.04,11588.78,11619.39,16501
NAS100,20221208,1800,11619.77,11676.66,11610.66,11640.29,15293
NAS100,20221208,1900,11640.15,11640.29,11571.90,11617.91,16979
NAS100,20221208,2000,11617.66,11662.41,11595.90,11637.27,17069
NAS100,20221208,2100,11637.16,11648.99,11627.84,11627.95,4699
NAS100,20221208,2300,11629.32,11647.86,11628.72,11629.22,1839
NAS100,20221209,0000,11628.47,11629.86,11615.21,11621.34,3033
NAS100,20221209,0100,11621.22,11652.46,11619.36,11651.11,4623
NAS100,20221209,0200,11651.21,11665.23,11651.21,11658.71,3731
NAS100,20221209,0300,11658.84,11678.61,11658.84,11670.09,3144
NAS100,20221209,0400,11670.10,11677.86,11668.22,11669.48,1886
NAS100,20221209,0500,11669.22,11677.72,11667.46,11672.73,3246
NAS100,20221209,0600,11672.59,11689.60,11671.86,11689.22,2523
NAS100,20221209,0700,11689.36,11707.59,11671.21,11692.96,4191
NAS100,20221209,0800,11692.84,11697.23,11668.10,11681.09,7673
NAS100,20221209,0900,11681.46,11690.59,11656.97,11663.11,5644
NAS100,20221209,1000,11663.35,11695.36,11662.96,11688.98,4382
NAS100,20221209,1100,11688.84,11699.86,11677.60,11691.61,4882
NAS100,20221209,1200,11692.35,11726.22,11681.22,11720.73,5550
NAS100,20221209,1300,11720.85,11733.48,11514.59,11609.36,13702
NAS100,20221209,1400,11609.23,11651.64,11541.39,11605.89,19911
NAS100,20221209,1500,11603.81,11696.77,11567.32,11696.02,24040
NAS100,20221209,1600,11695.91,11708.52,11656.89,11697.65,18798
NAS100,20221209,1700,11697.78,11709.39,11671.01,11675.89,14534
NAS100,20221209,1800,11675.65,11675.65,11623.27,11653.40,14210
NAS100,20221209,1900,11653.27,11661.03,11620.40,11649.53,11681
NAS100,20221209,2000,11649.41,11664.15,11557.66,11561.41,14654
NAS100,20221209,2100,11561.40,11565.35,11544.97,11550.10,2504
NAS100,20221211,2300,11548.51,11567.29,11523.02,11531.28,2821
NAS100,20221212,0000,11530.52,11549.04,11525.52,11533.02,3013
NAS100,20221212,0100,11533.14,11547.28,11518.39,11530.78,4807
NAS100,20221212,0200,11530.39,11541.41,11520.89,11538.64,2939
NAS100,20221212,0300,11538.91,11553.54,11534.64,11543.78,2139
NAS100,20221212,0400,11543.89,11558.29,11543.89,11552.40,1669
NAS100,20221212,0500,11552.41,11554.90,11543.29,11552.28,2223
NAS100,20221212,0600,11552.02,11556.02,11542.39,11554.78,2192
NAS100,20221212,0700,11554.91,11573.29,11548.28,11558.65,3612
NAS100,20221212,0800,11558.02,11573.79,11545.54,11562.14,6401
NAS100,20221212,0900,11562.89,11592.90,11559.03,11589.14,4722
NAS100,20221212,1000,11589.54,11608.53,11585.02,11604.27,3865
NAS100,20221212,1100,11604.14,11611.16,11595.14,11600.54,3244
NAS100,20221212,1200,11600.66,11603.54,11588.89,11591.40,3263
NAS100,20221212,1300,11591.66,11609.27,11582.39,11588.29,5869
NAS100,20221212,1400,11588.02,11603.69,11538.46,11590.69,16459
NAS100,20221212,1500,11590.45,11593.46,11526.44,11554.32,21687
NAS100,20221212,1600,11555.34,11597.82,11550.82,11582.46,17411
NAS100,20221212,1700,11582.69,11594.46,11571.07,11592.07,14265
NAS100,20221212,1800,11591.94,11620.09,11568.07,11596.21,15266
NAS100,20221212,1900,11596.44,11644.46,11577.70,11639.07,13804
NAS100,20221212,2000,11638.94,11709.34,11638.94,11709.08,17375
NAS100,20221212,2100,11709.94,11710.83,11684.29,11692.49,3842
NAS100,20221212,2300,11687.66,11711.82,11687.66,11706.58,1551
NAS100,20221213,0000,11706.84,11716.44,11703.94,11709.32,2311
NAS100,20221213,0100,11708.95,11709.57,11685.70,11688.44,3353
NAS100,20221213,0200,11688.19,11701.46,11686.44,11689.44,3211
NAS100,20221213,0300,11689.83,11692.09,11677.32,11680.96,2560
NAS100,20221213,0400,11681.08,11693.96,11676.19,11693.69,1748
NAS100,20221213,0500,11693.59,11724.21,11691.33,11720.21,2793
NAS100,20221213,0600,11720.08,11720.57,11702.09,11712.71,2162
NAS100,20221213,0700,11712.84,11734.21,11710.32,11724.59,3202
NAS100,20221213,0800,11725.07,11743.46,11701.96,11714.69,6950
NAS100,20221213,0900,11714.57,11757.70,11709.71,11736.70,5816
NAS100,20221213,1000,11736.82,11770.46,11722.94,11766.09,5118
NAS100,20221213,1100,11765.95,11776.83,11758.71,11766.94,4583
NAS100,20221213,1200,11766.09,11802.83,11753.34,11796.71,5454
NAS100,20221213,1300,11796.59,12212.16,11776.44,12160.32,15958
NAS100,20221213,1400,12159.82,12202.19,12059.63,12128.89,24939
NAS100,20221213,1500,12129.24,12134.64,11922.75,11970.25,27517
NAS100,20221213,1600,11970.88,12013.37,11849.39,11878.49,24286
NAS100,20221213,1700,11878.74,11892.12,11725.88,11775.51,24757
NAS100,20221213,1800,11775.50,11851.39,11753.62,11814.87,20988
NAS100,20221213,1900,11815.37,11885.63,11790.74,11822.63,20101
NAS100,20221213,2000,11822.14,11873.88,11757.75,11837.12,21543
NAS100,20221213,2100,11836.64,11849.95,11818.57,11827.56,4415
NAS100,20221213,2300,11829.69,11849.45,11828.42,11834.72,1807
NAS100,20221214,0000,11834.59,11861.71,11828.59,11859.08,3130
NAS100,20221214,0100,11859.07,11872.71,11853.34,11868.95,3851
NAS100,20221214,0200,11869.59,11875.20,11855.46,11860.21,2465
NAS100,20221214,0300,11860.33,11891.58,11860.09,11881.09,2267
NAS100,20221214,0400,11881.32,11882.47,11871.83,11875.34,1289
NAS100,20221214,0500,11874.57,11884.97,11871.82,11874.33,2306
NAS100,20221214,0600,11874.58,11883.20,11863.07,11871.57,2688
NAS100,20221214,0700,11871.58,11872.82,11839.20,11839.97,3648
NAS100,20221214,0800,11840.33,11855.45,11831.72,11852.33,7317
NAS100,20221214,0900,11852.20,11857.83,11811.46,11830.59,6576
NAS100,20221214,1000,11830.95,11847.82,11819.45,11827.08,5254
NAS100,20221214,1100,11826.72,11832.95,11796.59,11831.09,5164
NAS100,20221214,1200,11831.47,11853.21,11811.71,11820.72,4983
NAS100,20221214,1300,11820.84,11826.82,11799.97,11821.58,7394
NAS100,20221214,1400,11820.97,11892.01,11798.96,11886.27,17946
NAS100,20221214,1500,11887.26,11920.37,11876.38,11905.77,21646
NAS100,20221214,1600,11906.01,11937.89,11890.89,11908.50,18065
NAS100,20221214,1700,11908.77,11910.37,11868.26,11869.37,15936
NAS100,20221214,1800,11869.77,11943.89,11864.13,11921.43,14474
NAS100,20221214,1900,11921.19,11921.68,11607.69,11712.67,26617
NAS100,20221214,2000,11712.94,11888.64,11681.42,11743.02,25126
NAS100,20221214,2100,11740.27,11775.08,11729.33,11765.54,4099
NAS100,20221214,2300,11758.87,11776.41,11750.92,11761.41,1953
NAS100,20221215,0000,11761.66,11775.53,11751.91,11774.90,2472
NAS100,20221215,0100,11774.65,11776.40,11736.65,11741.54,4004
NAS100,20221215,0200,11742.04,11746.92,11719.27,11730.54,3115
NAS100,20221215,0300,11730.42,11741.53,11714.54,11734.02,2657
NAS100,20221215,0400,11734.16,11738.03,11724.04,11735.03,1957
NAS100,20221215,0500,11734.42,11746.91,11727.78,11743.79,2344
NAS100,20221215,0600,11744.28,11746.28,11718.03,11721.03,2350
NAS100,20221215,0700,11721.15,11721.29,11635.52,11642.16,5602
NAS100,20221215,0800,11642.79,11659.92,11600.54,11612.88,10107
NAS100,20221215,0900,11614.42,11616.40,11575.02,11603.78,7470
NAS100,20221215,1000,11603.92,11604.17,11578.77,11580.04,5981
NAS100,20221215,1100,11580.54,11613.54,11576.92,11613.03,4737
NAS100,20221215,1200,11612.53,11623.04,11597.54,11618.41,6038
NAS100,20221215,1300,11618.15,11622.16,11528.29,11566.29,13056
NAS100,20221215,1400,11565.77,11599.97,11445.46,11461.33,20691
NAS100,20221215,1500,11461.09,11463.72,11393.59,11406.59,23942
NAS100,20221215,1600,11406.34,11423.21,11348.96,11359.32,20946
NAS100,20221215,1700,11358.84,11389.72,11328.34,11337.72,18981
NAS100,20221215,1800,11337.71,11345.47,11296.22,11325.09,17392
NAS100,20221215,1900,11324.83,11371.46,11303.82,11369.21,17448
NAS100,20221215,2000,11369.47,11385.95,11318.58,11348.62,17312
NAS100,20221215,2100,11343.62,11362.67,11324.64,11339.89,4411
NAS100,20221215,2300,11344.21,11360.70,11344.19,11356.58,2653
NAS100,20221216,0000,11356.46,11368.20,11351.21,11355.58,4309
NAS100,20221216,0100,11355.56,11361.81,11344.33,11355.57,5162
NAS100,20221216,0200,11355.31,11385.31,11354.44,11381.32,4624
NAS100,20221216,0300,11381.21,11382.96,11362.06,11364.44,3311
NAS100,20221216,0400,11364.45,11366.33,11343.56,11343.56,2788
NAS100,20221216,0500,11343.70,11358.82,11328.19,11358.46,4517
NAS100,20221216,0600,11358.57,11372.82,11342.06,11369.81,3822
NAS100,20221216,0700,11369.32,11372.20,11309.71,11312.07,5518
NAS100,20221216,0800,11312.46,11334.57,11224.32,11229.33,11215
NAS100,20221216,0900,11228.81,11251.07,11210.81,11250.71,8994
NAS100,20221216,1000,11250.96,11259.57,11220.45,11242.33,9245
NAS100,20221216,1100,11242.07,11281.94,11232.56,11267.83,7414
NAS100,20221216,1200,11267.44,11319.07,11263.08,11319.07,8371
NAS100,20221216,1300,11318.69,11318.69,11277.07,11297.70,9493
NAS100,20221216,1400,11297.95,11388.13,11261.69,11352.99,19389
NAS100,20221216,1500,11353.12,11353.12,11211.13,11254.26,24462
NAS100,20221216,1600,11254.36,11260.13,11193.26,11200.50,23656
NAS100,20221216,1700,11200.61,11250.87,11184.49,11189.99,19186
NAS100,20221216,1800,11190.12,11213.51,11180.74,11198.00,16300
NAS100,20221216,1900,11198.11,11239.86,11173.51,11228.50,17339
NAS100,20221216,2000,11228.25,11292.75,11210.12,11243.12,22246
NAS100,20221216,2100,11242.74,11245.19,11207.06,11218.69,4574
NAS100,20221218,2300,11230.23,11267.37,11222.73,11253.50,3841
NAS100,20221219,0000,11253.64,11271.87,11253.64,11262.25,4685
NAS100,20221219,0100,11262.37,11284.14,11259.76,11274.00,5921
NAS100,20221219,0200,11273.62,11280.39,11264.76,11271.38,4410
NAS100,20221219,0300,11271.24,11280.39,11266.25,11270.37,3045
NAS100,20221219,0400,11270.49,11277.01,11263.89,11265.12,2136
NAS100,20221219,0500,11265.24,11266.87,11233.64,11248.12,4041
NAS100,20221219,0600,11247.76,11270.00,11246.26,11269.87,3290
NAS100,20221219,0700,11270.14,11275.38,11251.87,11255.24,4473
NAS100,20221219,0800,11254.74,11306.87,11251.50,11295.00,7891
NAS100,20221219,0900,11294.25,11304.87,11275.75,11278.25,6641
NAS100,20221219,1000,11278.37,11312.01,11278.37,11301.64,5074
NAS100,20221219,1100,11301.51,11303.49,11276.50,11291.38,4783
NAS100,20221219,1200,11291.12,11300.26,11278.12,11291.38,4926
NAS100,20221219,1300,11291.37,11297.24,11250.13,11257.14,7024
NAS100,20221219,1400,11256.99,11274.24,11155.81,11170.30,17120
NAS100,20221219,1500,11170.44,11210.56,11132.06,11136.30,23717
NAS100,20221219,1600,11136.31,11140.67,11082.31,11109.43,21269
NAS100,20221219,1700,11109.56,11149.17,11108.30,11133.04,17650
NAS100,20221219,1800,11133.06,11156.55,11091.67,11093.55,15426
NAS100,20221219,1900,11093.56,11095.31,11052.69,11064.42,18560
NAS100,20221219,2000,11064.81,11105.67,11033.31,11091.19,19141
NAS100,20221219,2100,11090.69,11098.26,11079.24,11086.11,4376
NAS100,20221219,2300,11086.10,11123.24,11086.10,11116.61,3085
NAS100,20221220,0000,11116.25,11124.86,11109.61,11122.12,3888
NAS100,20221220,0100,11122.24,11131.13,11115.62,11126.74,5362
NAS100,20221220,0200,11126.61,11130.25,11111.37,11118.26,4250
NAS100,20221220,0300,11118.36,11121.75,10979.61,10991.87,16656
NAS100,20221220,0400,10991.76,10997.26,10956.13,10980.87,9553
NAS100,20221220,0500,10981.01,10990.51,10946.75,10976.61,8039
NAS100,20221220,0600,10976.11,11003.88,10969.62,10995.75,6119
NAS100,20221220,0700,10996.01,11017.99,10984.49,10998.13,7729
NAS100,20221220,0800,10997.37,11073.62,10976.51,11066.37,12531
NAS100,20221220,0900,11066.26,11082.62,11046.49,11068.87,9186
NAS100,20221220,1000,11068.63,11078.00,11048.13,11064.61,6931
NAS100,20221220,1100,11064.49,11090.49,11060.61,11069.26,6365
NAS100,20221220,1200,11069.74,11082.01,11024.75,11025.75,7592
NAS100,20221220,1300,11026.01,11063.26,11026.01,11041.01,8952
NAS100,20221220,1400,11040.87,11080.91,10970.29,11071.81,18822
NAS100,20221220,1500,11072.31,11150.06,11061.66,11095.67,24677
NAS100,20221220,1600,11095.56,11114.68,11005.29,11078.93,22953
NAS100,20221220,1700,11079.17,11114.18,11057.29,11097.29,18815
NAS100,20221220,1800,11097.43,11131.31,11067.41,11092.41,16872
NAS100,20221220,1900,11092.79,11120.05,11069.43,11080.16,16008
NAS100,20221220,2000,11080.29,11109.68,11062.17,11078.68,17019
NAS100,20221220,2100,11078.92,11098.38,11074.87,11096.47,4319
NAS100,20221220,2300,11110.13,11138.41,11109.37,11127.40,3928
NAS100,20221221,0000,11127.29,11137.41,11108.28,11130.40,5359
NAS100,20221221,0100,11130.39,11167.37,11126.15,11155.40,7203
NAS100,20221221,0200,11155.54,11161.03,11145.52,11149.28,4739
NAS100,20221221,0300,11149.27,11150.04,11136.54,11143.39,3840
NAS100,20221221,0400,11143.40,11144.89,11111.03,11115.54,4012
NAS100,20221221,0500,11115.90,11137.90,11111.29,11129.15,4094
NAS100,20221221,0600,11129.91,11142.53,11123.54,11140.79,3789
NAS100,20221221,0700,11140.66,11148.27,11128.04,11142.79,5211
NAS100,20221221,0800,11143.02,11146.66,11103.77,11142.16,8764
NAS100,20221221,0900,11142.27,11162.28,11141.91,11154.03,6468
NAS100,20221221,1000,11154.14,11156.02,11120.64,11125.27,5782
NAS100,20221221,1100,11125.02,11131.78,11107.66,11122.78,5607
NAS100,20221221,1200,11123.39,11135.90,11091.77,11133.27,7259
NAS100,20221221,1300,11133.16,11153.03,11127.02,11141.28,9007
NAS100,20221221,1400,11140.91,11178.09,11086.09,11130.94,18282
NAS100,20221221,1500,11131.45,11256.20,11127.13,11255.08,23859
NAS100,20221221,1600,11255.07,11281.70,11216.58,11233.45,19265
NAS100,20221221,1700,11233.70,11260.71,11208.44,11258.70,18820
NAS100,20221221,1800,11258.82,11277.19,11231.83,11255.33,16748
NAS100,20221221,1900,11255.44,11294.70,11233.44,11245.21,17697
NAS100,20221221,2000,11245.46,11256.46,11212.32,11240.44,17588
NAS100,20221221,2100,11240.71,11265.41,11235.29,11260.24,4876
NAS100,20221221,2300,11261.92,11265.07,11247.93,11256.82,2669
NAS100,20221222,0000,11256.81,11261.05,11242.56,11260.70,4133
NAS100,20221222,0100,11260.55,11277.94,11254.30,11271.82,5816
NAS100,20221222,0200,11271.81,11285.06,11269.31,11274.94,4230
NAS100,20221222,0300,11274.93,11284.57,11269.68,11278.93,2752
NAS100,20221222,0400,11279.05,11281.95,11273.07,11274.93,2200
NAS100,20221222,0500,11274.80,11280.31,11267.93,11276.80,2802
NAS100,20221222,0600,11276.94,11278.32,11262.67,11267.43,2697
NAS100,20221222,0700,11267.94,11271.45,11256.30,11257.94,3595
NAS100,20221222,0800,11257.70,11288.57,11252.05,11267.81,6783
NAS100,20221222,0900,11268.18,11269.56,11240.07,11242.95,5290
NAS100,20221222,1000,11242.81,11243.06,11224.05,11232.55,5519
NAS100,20221222,1100,11233.19,11233.81,11206.19,11219.70,5252
NAS100,20221222,1200,11219.81,11229.94,11183.05,11198.18,5940
NAS100,20221222,1300,11198.69,11204.70,11095.94,11107.43,11006
NAS100,20221222,1400,11107.55,11112.10,10997.85,11028.12,17659
NAS100,20221222,1500,11028.00,11028.24,10903.36,10910.86,23598
NAS100,20221222,1600,10911.25,10935.12,10867.12,10884.73,19509
NAS100,20221222,1700,10884.98,10888.23,10811.10,10832.25,17668
NAS100,20221222,1800,10832.24,10832.24,10775.23,10807.50,17640
NAS100,20221222,1900,10807.36,10895.74,10805.99,10891.35,18825
NAS100,20221222,2000,10891.00,10964.10,10882.86,10959.12,21396
NAS100,20221222,2100,10959.23,10983.81,10932.32,10949.40,4030
NAS100,20221222,2300,10970.27,10970.79,10950.67,10957.04,3220
NAS100,20221223,0000,10957.30,10962.56,10921.29,10922.92,4534
NAS100,20221223,0100,10923.54,10972.55,10919.54,10967.31,6343
NAS100,20221223,0200,10967.30,10982.31,10957.69,10963.04,4850
NAS100,20221223,0300,10963.30,10987.17,10962.30,10981.54,3569
NAS100,20221223,0400,10981.92,10983.68,10964.67,10966.56,2499
NAS100,20221223,0500,10966.80,10977.17,10959.30,10961.54,3312
NAS100,20221223,0600,10961.80,10975.55,10950.68,10969.30,3426
NAS100,20221223,0700,10969.05,10978.81,10953.67,10959.55,4183
NAS100,20221223,0800,10959.44,10976.42,10937.04,10958.80,7787
NAS100,20221223,0900,10958.69,10964.31,10935.17,10950.81,5178
NAS100,20221223,1000,10950.92,11009.81,10946.44,11003.55,5519
NAS100,20221223,1100,11003.04,11019.17,10969.06,10977.29,5444
NAS100,20221223,1200,10976.79,11005.06,10969.43,10998.17,4960
NAS100,20221223,1300,10998.42,11051.06,10888.93,10959.43,13772
NAS100,20221223,1400,10959.30,10968.30,10831.47,10847.26,19062
NAS100,20221223,1500,10847.28,11012.10,10825.97,10923.73,25476
NAS100,20221223,1600,10924.49,10972.23,10884.49,10941.48,20926
NAS100,20221223,1700,10941.22,10991.35,10934.10,10951.99,17221
NAS100,20221223,1800,10951.73,10972.61,10927.11,10946.59,14404
NAS100,20221223,1900,10946.84,10982.61,10929.73,10979.86,12970
NAS100,20221223,2000,10979.59,10996.86,10945.49,10988.48,15770
NAS100,20221223,2100,10988.49,10990.31,10978.04,10979.92,1920
NAS100,20221226,2300,11017.69,11075.96,11017.69,11069.94,4542
NAS100,20221227,0000,11070.08,11075.46,11058.32,11061.83,3820
NAS100,20221227,0100,11061.81,11095.83,11060.44,11093.56,4232
NAS100,20221227,0200,11093.45,11096.82,11085.32,11091.31,2575
NAS100,20221227,0300,11091.71,11092.82,11074.07,11074.95,2596
NAS100,20221227,0400,11074.82,11077.83,11067.83,11076.46,2087
NAS100,20221227,0500,11076.32,11080.06,11071.21,11074.07,2192
NAS100,20221227,0600,11073.81,11077.82,11063.06,11074.94,2385
NAS100,20221227,0700,11075.06,11075.83,11056.81,11072.56,3454
NAS100,20221227,0800,11072.82,11090.45,11066.94,11067.07,5005
NAS100,20221227,0900,11067.45,11068.07,11030.67,11057.31,5077
NAS100,20221227,1000,11057.46,11066.82,11049.19,11051.45,4503
NAS100,20221227,1100,11051.31,11058.96,11039.19,11046.57,3357
NAS100,20221227,1200,11046.70,11047.21,10992.82,11001.81,5537
NAS100,20221227,1300,11001.69,11017.71,10953.81,10968.83,8986
NAS100,20221227,1400,10968.81,10990.20,10819.13,10843.99,18358
NAS100,20221227,1500,10844.49,10930.88,10810.74,10886.13,23537
NAS100,20221227,1600,10886.74,10910.50,10862.24,10878.74,20741
NAS100,20221227,1700,10878.86,10909.87,10841.75,10864.50,18800
NAS100,20221227,1800,10864.51,10882.25,10825.51,10832.24,16059
NAS100,20221227,1900,10832.38,10851.37,10813.49,10836.87,16756
NAS100,20221227,2000,10837.01,10872.01,10822.74,10832.12,17629
NAS100,20221227,2100,10832.25,10846.46,10825.19,10825.68,3453
NAS100,20221227,2300,10832.75,10841.77,10824.67,10829.41,2397
NAS100,20221228,0000,10829.54,10841.78,10808.52,10812.04,4571
NAS100,20221228,0100,10811.77,10854.02,10809.77,10852.66,5353
NAS100,20221228,0200,10852.40,10854.29,10835.78,10835.78,3696
NAS100,20221228,0300,10836.29,10845.40,10831.26,10836.52,3051
NAS100,20221228,0400,10836.54,10844.03,10835.15,10840.53,2188
NAS100,20221228,0500,10840.65,10845.92,10826.78,10831.15,3306
NAS100,20221228,0600,10831.42,10850.79,10828.27,10850.66,2801
NAS100,20221228,0700,10851.40,10861.78,10847.29,10861.17,3966
NAS100,20221228,0800,10861.41,10870.53,10841.53,10843.16,6782
NAS100,20221228,0900,10843.02,10849.02,10808.41,10826.78,5390
NAS100,20221228,1000,10826.67,10857.92,10814.66,10846.77,4924
NAS100,20221228,1100,10846.65,10862.42,10836.92,10854.02,4739
NAS100,20221228,1200,10854.67,10868.27,10844.28,10858.77,5021
NAS100,20221228,1300,10858.92,10866.91,10823.78,10832.53,6301
NAS100,20221228,1400,10832.52,10911.72,10778.20,10866.97,17839
NAS100,20221228,1500,10866.59,10900.32,10743.33,10745.33,25401
NAS100,20221228,1600,10745.21,10754.09,10707.33,10710.72,21695
NAS100,20221228,1700,10710.59,10779.33,10689.33,10772.71,19812
NAS100,20221228,1800,10772.97,10807.47,10729.20,10740.22,19492
NAS100,20221228,1900,10740.33,10754.59,10707.96,10718.71,18342
NAS100,20221228,2000,10718.97,10720.57,10675.33,10689.08,19766
NAS100,20221228,2100,10688.83,10709.15,10680.15,10700.13,3547
NAS100,20221228,2200,10699.99,10713.87,10699.99,10713.37,136
NAS100,20221228,2300,10713.24,10715.64,10701.39,10711.64,2659
NAS100,20221229,0000,10711.51,10717.01,10695.89,10711.74,3826
NAS100,20221229,0100,10712.01,10724.49,10702.14,10711.12,5142
NAS100,20221229,0200,10711.25,10717.99,10700.75,10713.14,3293
NAS100,20221229,0300,10713.24,10716.37,10704.75,10712.64,2637
NAS100,20221229,0400,10712.49,10724.00,10709.25,10722.75,1874
NAS100,20221229,0500,10722.25,10724.50,10711.37,10719.00,2598
NAS100,20221229,0600,10719.25,10733.00,10716.88,10732.64,2915
NAS100,20221229,0700,10732.75,10736.14,10722.24,10732.62,2870
NAS100,20221229,0800,10732.63,10747.26,10725.99,10740.99,6007
NAS100,20221229,0900,10740.89,10764.76,10739.75,10757.13,4765
NAS100,20221229,1000,10756.99,10767.89,10750.00,10766.49,3990
NAS100,20221229,1100,10766.39,10781.63,10754.26,10763.51,4299
NAS100,20221229,1200,10763.88,10771.01,10749.62,10757.14,4127
NAS100,20221229,1300,10756.87,10822.25,10755.50,10809.00,7968
NAS100,20221229,1400,10808.75,10895.31,10775.43,10881.56,16228
NAS100,20221229,1500,10882.18,10955.54,10862.42,10950.29,21299
NAS100,20221229,1600,10950.44,10990.05,10922.17,10977.17,17552
NAS100,20221229,1700,10977.44,10983.18,10938.30,10956.06,14911
NAS100,20221229,1800,10956.17,10968.31,10928.29,10964.94,13836
NAS100,20221229,1900,10964.81,10982.55,10944.79,10948.68,13295
NAS100,20221229,2000,10948.54,10988.06,10947.29,10950.18,15817
NAS100,20221229,2100,10951.19,10959.75,10945.87,10948.34,4213
NAS100,20221229,2300,10947.51,10953.03,10937.66,10939.52,2130
NAS100,20221230,0000,10939.03,10943.04,10931.02,10933.78,2708
NAS100,20221230,0100,10933.90,10939.78,10921.92,10930.90,4150
NAS100,20221230,0200,10930.77,10939.78,10923.28,10939.17,3225
NAS100,20221230,0300,10938.92,10946.79,10938.92,10941.67,2425
NAS100,20221230,0400,10941.79,10942.54,10934.54,10939.17,1377
NAS100,20221230,0500,10939.77,10941.17,10910.53,10921.79,3782
NAS100,20221230,0600,10921.53,10922.52,10886.41,10890.17,3639
NAS100,20221230,0700,10890.16,10901.67,10879.65,10898.27,3804
NAS100,20221230,0800,10897.92,10899.27,10863.66,10866.53,6681
NAS100,20221230,0900,10866.92,10909.42,10860.41,10909.15,5145
NAS100,20221230,1000,10909.53,10927.15,10898.90,10920.65,4706
NAS100,20221230,1100,10920.29,10924.92,10899.41,10902.41,3975
NAS100,20221230,1200,10901.67,10905.90,10843.41,10848.52,6032
NAS100,20221230,1300,10848.17,10848.28,10821.27,10840.91,7534
NAS100,20221230,1400,10840.90,10863.97,10772.82,10833.32,17023
NAS100,20221230,1500,10832.71,10887.97,10800.57,10848.20,21377
NAS100,20221230,1600,10848.46,10868.21,10817.07,10863.57,16500
NAS100,20221230,1700,10863.59,10873.71,10846.58,10871.20,15827
NAS100,20221230,1800,10871.45,10871.96,10792.33,10823.82,18123
NAS100,20221230,1900,10824.22,10830.21,10800.08,10821.70,15128
NAS100,20221230,2000,10821.84,10942.59,10819.82,10938.47,19016
NAS100,20221230,2100,10938.70,10968.17,10932.03,10959.17,3862
