<TICKER>,<DTYYYYMMDD>,<TIME>,<OPEN>,<HIGH>,<LOW>,<CLOSE>,<VOL>
AUDJPY,20221230,2100,89.359,89.359,89.275,89.275,76460000
AUDJPY,20230101,2200,88.817,88.881,88.817,88.864,39900000
AUDJPY,20230101,2300,89.098,89.219,89.098,89.207,36580000
AUDJPY,20230102,0000,89.184,89.274,88.936,88.994,212820000
AUDJPY,20230102,0100,88.986,89.159,88.986,89.109,1312150000
AUDJPY,20230102,0200,89.020,89.179,89.020,89.133,4782960000
AUDJPY,20230102,0300,89.149,89.159,89.016,89.067,472680000
AUDJPY,20230102,0400,89.079,89.129,89.006,89.009,573570000
AUDJPY,20230102,0500,89.010,89.114,89.009,89.074,1391980000
AUDJPY,20230102,0600,89.074,89.119,89.012,89.049,872340000
AUDJPY,20230102,0700,89.006,89.134,88.979,89.035,1160880000
AUDJPY,20230102,0800,89.038,89.179,89.010,89.042,1907510000
AUDJPY,20230102,0900,89.031,89.059,88.902,88.922,2898100000
AUDJPY,20230102,1000,88.922,89.024,88.853,88.872,7816020000
AUDJPY,20230102,1100,88.875,89.019,88.866,88.987,3831350000
AUDJPY,20230102,1200,88.988,89.064,88.884,89.005,3309900000
AUDJPY,20230102,1300,89.005,89.006,88.872,88.905,3322200000
AUDJPY,20230102,1400,88.905,89.098,88.905,89.049,4998460000
AUDJPY,20230102,1500,89.062,89.172,89.043,89.159,11542480000
AUDJPY,20230102,1600,89.163,89.203,89.077,89.090,11257740000
AUDJPY,20230102,1700,89.089,89.134,89.075,89.105,16053870000
AUDJPY,20230102,1800,89.109,89.138,89.023,89.035,6849720000
AUDJPY,20230102,1900,89.035,89.100,88.999,89.005,1439820000
AUDJPY,20230102,2000,89.008,89.014,88.793,88.801,846480000
AUDJPY,20230102,2100,88.793,88.888,88.768,88.793,657680000
AUDJPY,20230102,2200,88.849,88.934,88.785,88.802,263500000
AUDJPY,20230102,2300,88.839,89.318,88.813,89.038,14187070000
AUDJPY,20230103,0000,89.036,89.088,88.691,88.759,12763390000
AUDJPY,20230103,0100,88.759,88.772,88.018,88.257,19271790000
AUDJPY,20230103,0200,88.259,88.509,88.222,88.490,15786950000
AUDJPY,20230103,0300,88.490,88.697,88.480,88.654,14624210000
AUDJPY,20230103,0400,88.652,88.656,88.406,88.470,11983740000
AUDJPY,20230103,0500,88.471,88.498,88.160,88.219,13281960000
AUDJPY,20230103,0600,88.218,88.403,88.109,88.305,12828710000
AUDJPY,20230103,0700,88.305,88.463,88.286,88.301,19057140000
AUDJPY,20230103,0800,88.302,88.342,87.720,87.785,34473179997
AUDJPY,20230103,0900,87.787,87.787,87.431,87.657,23326480000
AUDJPY,20230103,1000,87.656,87.702,87.514,87.608,18470360000
AUDJPY,20230103,1100,87.608,87.661,87.409,87.658,15782180000
AUDJPY,20230103,1200,87.657,87.858,87.645,87.825,16653660000
AUDJPY,20230103,1300,87.825,88.042,87.726,88.029,19742110000
AUDJPY,20230103,1400,88.029,88.157,87.825,87.864,24086400000
AUDJPY,20230103,1500,87.864,88.234,87.860,88.158,28855480000
AUDJPY,20230103,1600,88.160,88.197,87.993,88.037,23875720000
AUDJPY,20230103,1700,88.036,88.111,87.974,87.994,13771980000
AUDJPY,20230103,1800,87.995,87.995,87.846,87.947,9218460000
AUDJPY,20230103,1900,87.949,88.151,87.914,88.090,8949120000
AUDJPY,20230103,2000,88.090,88.130,88.040,88.117,7643930000
AUDJPY,20230103,2100,88.117,88.152,88.042,88.090,4799020000
AUDJPY,20230103,2200,88.093,88.161,88.065,88.097,1916470000
AUDJPY,20230103,2300,88.102,88.303,88.088,88.296,11052250000
AUDJPY,20230104,0000,88.298,88.348,88.024,88.348,14560800000
AUDJPY,20230104,0100,88.347,88.584,88.322,88.371,17344230000
AUDJPY,20230104,0200,88.372,88.604,88.365,88.521,12995820000
AUDJPY,20230104,0300,88.521,88.627,88.455,88.607,8107540000
AUDJPY,20230104,0400,88.608,89.164,88.606,89.026,7265950000
AUDJPY,20230104,0500,89.028,89.139,88.793,88.994,11799580000
AUDJPY,20230104,0600,88.993,88.998,88.838,88.940,12542020000
AUDJPY,20230104,0700,88.940,89.167,88.881,89.110,23440950000
AUDJPY,20230104,0800,89.112,89.682,89.027,89.665,34519700000
AUDJPY,20230104,0900,89.664,89.740,89.546,89.610,22611740000
AUDJPY,20230104,1000,89.610,89.736,89.610,89.723,16810890000
AUDJPY,20230104,1100,89.725,89.750,89.634,89.697,15599780000
AUDJPY,20230104,1200,89.697,89.881,89.659,89.705,20048440000
AUDJPY,20230104,1300,89.705,89.880,89.648,89.856,22724510000
AUDJPY,20230104,1400,89.856,90.126,89.835,90.060,26342110000
AUDJPY,20230104,1500,90.074,90.557,89.898,90.473,38426160000
AUDJPY,20230104,1600,90.473,90.536,90.349,90.529,27334810000
AUDJPY,20230104,1700,90.529,90.876,90.501,90.727,16626510000
AUDJPY,20230104,1800,90.728,90.836,90.516,90.543,12582220000
AUDJPY,20230104,1900,90.545,90.718,90.466,90.697,21221440000
AUDJPY,20230104,2000,90.697,90.734,90.583,90.719,12902100000
AUDJPY,20230104,2100,90.718,90.771,90.636,90.636,3813740000
AUDJPY,20230104,2200,90.575,90.619,90.437,90.461,2183140000
AUDJPY,20230104,2300,90.461,90.531,90.207,90.312,6501130000
AUDJPY,20230105,0000,90.308,90.322,90.071,90.087,13625170000
AUDJPY,20230105,0100,90.090,90.269,89.994,90.252,15881380000
AUDJPY,20230105,0200,90.252,90.278,89.847,89.959,11366000000
AUDJPY,20230105,0300,89.958,90.148,89.914,90.026,10308320000
AUDJPY,20230105,0400,90.028,90.242,89.998,90.161,10175200000
AUDJPY,20230105,0500,90.164,90.391,90.154,90.381,10641200000
AUDJPY,20230105,0600,90.382,90.467,90.268,90.272,12029400000
AUDJPY,20230105,0700,90.270,90.341,90.134,90.211,16507640000
AUDJPY,20230105,0800,90.213,90.525,90.206,90.431,22930770000
AUDJPY,20230105,0900,90.431,90.545,90.371,90.457,17763000000
AUDJPY,20230105,1000,90.458,90.519,90.378,90.455,14751700000
AUDJPY,20230105,1100,90.460,90.614,90.416,90.519,12736960000
AUDJPY,20230105,1200,90.518,90.691,90.473,90.666,12216360000
AUDJPY,20230105,1300,90.668,90.979,90.523,90.602,28845900000
AUDJPY,20230105,1400,90.603,90.610,90.398,90.474,27591880000
AUDJPY,20230105,1500,90.477,90.585,90.175,90.208,28133640000
AUDJPY,20230105,1600,90.210,90.344,89.988,90.065,19534800000
AUDJPY,20230105,1700,90.065,90.078,89.809,89.881,13271740000
AUDJPY,20230105,1800,89.881,90.149,89.824,90.058,13713500000
AUDJPY,20230105,1900,90.060,90.163,90.001,90.005,10615560000
AUDJPY,20230105,2000,90.006,90.078,89.997,90.046,8413640000
AUDJPY,20230105,2100,90.046,90.087,89.997,90.045,3867540000
AUDJPY,20230105,2200,90.031,90.164,90.021,90.069,7485060000
AUDJPY,20230105,2300,90.070,90.225,90.015,90.027,10863650000
AUDJPY,20230106,0000,90.024,90.433,90.024,90.421,9974300000
AUDJPY,20230106,0100,90.421,90.508,90.336,90.455,9865880000
AUDJPY,20230106,0200,90.455,90.514,90.338,90.372,9166340000
AUDJPY,20230106,0300,90.370,90.860,90.364,90.639,10800940000
AUDJPY,20230106,0400,90.639,90.730,90.598,90.634,6355520000
AUDJPY,20230106,0500,90.637,90.762,90.451,90.631,11379700000
AUDJPY,20230106,0600,90.635,90.783,90.605,90.605,11439060000
AUDJPY,20230106,0700,90.604,90.686,90.462,90.592,17382240000
AUDJPY,20230106,0800,90.595,90.760,90.584,90.710,15620500000
AUDJPY,20230106,0900,90.710,90.740,90.534,90.613,13203240000
AUDJPY,20230106,1000,90.617,90.629,90.483,90.556,11457620000
AUDJPY,20230106,1100,90.557,90.633,90.458,90.527,12721960000
AUDJPY,20230106,1200,90.527,90.645,90.490,90.625,15061680000
AUDJPY,20230106,1300,90.625,90.842,90.350,90.538,31567330000
AUDJPY,20230106,1400,90.539,90.631,90.401,90.414,29580560000
AUDJPY,20230106,1500,90.414,90.714,90.286,90.591,38949470000
AUDJPY,20230106,1600,90.590,90.942,90.502,90.741,19409980000
AUDJPY,20230106,1700,90.743,90.817,90.669,90.744,9097940000
AUDJPY,20230106,1800,90.745,90.858,90.692,90.819,8088560000
AUDJPY,20230106,1900,90.820,90.887,90.791,90.851,7327140000
AUDJPY,20230106,2000,90.852,90.950,90.814,90.933,7952180000
AUDJPY,20230106,2100,90.930,90.937,90.771,90.791,3058120000
AUDJPY,20230108,2200,90.713,90.856,90.664,90.829,2118900000
AUDJPY,20230108,2300,90.830,91.034,90.816,90.889,12701120000
AUDJPY,20230109,0000,90.890,91.018,90.846,90.958,13951590000
AUDJPY,20230109,0100,90.957,91.069,90.818,90.940,17239560000
AUDJPY,20230109,0200,90.942,91.009,90.846,90.964,16358560000
AUDJPY,20230109,0300,90.965,91.038,90.880,91.010,11604780000
AUDJPY,20230109,0400,91.010,91.262,91.002,91.233,7021090000
AUDJPY,20230109,0500,91.235,91.465,91.224,91.426,9438370000
AUDJPY,20230109,0600,91.426,91.523,91.315,91.388,10277220000
AUDJPY,20230109,0700,91.389,91.527,91.339,91.448,20681660000
AUDJPY,20230109,0800,91.448,91.657,91.418,91.528,22074120000
AUDJPY,20230109,0900,91.530,91.817,91.526,91.722,20078600000
AUDJPY,20230109,1000,91.725,91.729,91.531,91.619,17066400000
AUDJPY,20230109,1100,91.622,91.659,91.496,91.612,15235050000
AUDJPY,20230109,1200,91.612,91.614,91.388,91.552,17755340000
AUDJPY,20230109,1300,91.551,91.564,91.345,91.361,24945640000
AUDJPY,20230109,1400,91.361,91.503,91.275,91.480,27151200000
AUDJPY,20230109,1500,91.480,91.726,91.480,91.597,24189200000
AUDJPY,20230109,1600,91.598,91.605,91.397,91.410,19578690000
AUDJPY,20230109,1700,91.410,91.416,91.287,91.401,12620520000
AUDJPY,20230109,1800,91.401,91.413,91.231,91.314,13999130000
AUDJPY,20230109,1900,91.314,91.331,91.176,91.239,10722240000
AUDJPY,20230109,2000,91.237,91.238,91.088,91.103,12820870000
AUDJPY,20230109,2100,91.102,91.172,91.069,91.115,2627330000
AUDJPY,20230109,2200,91.107,91.187,91.055,91.110,1938940000
AUDJPY,20230109,2300,91.110,91.163,90.936,91.013,6551590000
AUDJPY,20230110,0000,91.016,91.302,90.984,91.017,14063740000
AUDJPY,20230110,0100,91.016,91.126,90.904,91.069,17176380000
AUDJPY,20230110,0200,91.069,91.194,90.860,90.978,14815840000
AUDJPY,20230110,0300,90.980,91.064,90.897,90.996,10994360000
AUDJPY,20230110,0400,90.997,91.147,90.967,91.119,7210460000
AUDJPY,20230110,0500,91.119,91.206,91.025,91.078,10137200000
AUDJPY,20230110,0600,91.077,91.190,91.013,91.123,10761820000
AUDJPY,20230110,0700,91.122,91.215,90.993,91.187,19376820000
AUDJPY,20230110,0800,91.186,91.199,90.966,91.034,19856590000
AUDJPY,20230110,0900,91.036,91.053,90.832,90.950,18819760000
AUDJPY,20230110,1000,90.950,91.067,90.942,90.975,14505670000
AUDJPY,20230110,1100,90.976,91.035,90.894,90.898,13218960000
AUDJPY,20230110,1200,90.901,90.917,90.795,90.868,14633900000
AUDJPY,20230110,1300,90.869,90.956,90.780,90.932,15799600000
AUDJPY,20230110,1400,90.932,91.069,90.844,90.979,33765250000
AUDJPY,20230110,1500,90.981,91.070,90.781,90.952,29488270000
AUDJPY,20230110,1600,90.951,91.078,90.929,91.024,20461080000
AUDJPY,20230110,1700,91.024,91.078,90.955,91.019,13313380000
AUDJPY,20230110,1800,91.017,91.147,90.980,91.138,8660060000
AUDJPY,20230110,1900,91.139,91.165,91.084,91.163,6927240000
AUDJPY,20230110,2000,91.165,91.173,91.062,91.152,4053980000
AUDJPY,20230110,2100,91.156,91.170,91.109,91.110,2346760000
AUDJPY,20230110,2200,91.006,91.144,90.983,91.114,5410490000
AUDJPY,20230110,2300,91.114,91.178,91.030,91.058,4411850000
AUDJPY,20230111,0000,91.058,91.402,91.056,91.237,11756390000
AUDJPY,20230111,0100,91.237,91.263,91.157,91.222,12775740000
AUDJPY,20230111,0200,91.223,91.417,91.205,91.316,8996840000
AUDJPY,20230111,0300,91.316,91.463,91.289,91.413,6266160000
AUDJPY,20230111,0400,91.413,91.487,91.393,91.412,4761380000
AUDJPY,20230111,0500,91.413,91.580,91.403,91.478,6724080000
AUDJPY,20230111,0600,91.478,91.569,91.435,91.448,7054920000
AUDJPY,20230111,0700,91.445,91.451,91.335,91.442,13529240000
AUDJPY,20230111,0800,91.442,91.531,91.383,91.506,16415760000
AUDJPY,20230111,0900,91.506,91.669,91.504,91.565,15504360000
AUDJPY,20230111,1000,91.565,91.580,91.407,91.477,13836950000
AUDJPY,20230111,1100,91.477,91.537,91.375,91.385,14395660000
AUDJPY,20230111,1200,91.385,91.459,91.182,91.423,14932550000
AUDJPY,20230111,1300,91.422,91.536,91.380,91.524,15637860000
AUDJPY,20230111,1400,91.524,91.559,91.359,91.413,22502290000
AUDJPY,20230111,1500,91.413,91.509,91.287,91.490,21586320000
AUDJPY,20230111,1600,91.491,91.501,91.403,91.447,13222220000
AUDJPY,20230111,1700,91.447,91.528,91.329,91.329,7147200000
AUDJPY,20230111,1800,91.329,91.454,91.327,91.396,12003300000
AUDJPY,20230111,1900,91.396,91.541,91.364,91.516,6756930000
AUDJPY,20230111,2000,91.518,91.549,91.484,91.530,5643420000
AUDJPY,20230111,2100,91.533,91.545,91.422,91.449,3606160000
AUDJPY,20230111,2200,91.401,91.500,91.356,91.388,3323030000
AUDJPY,20230111,2300,91.388,91.463,91.096,91.130,13484500000
AUDJPY,20230112,0000,91.130,91.285,90.990,91.175,18761460000
AUDJPY,20230112,0100,91.176,91.265,90.959,91.066,16955900000
AUDJPY,20230112,0200,91.068,91.175,90.955,91.031,9953460000
AUDJPY,20230112,0300,91.032,91.079,90.958,91.041,8815210000
AUDJPY,20230112,0400,91.042,91.102,90.965,90.992,7283540000
AUDJPY,20230112,0500,90.993,91.069,90.930,91.047,10639160000
AUDJPY,20230112,0600,91.048,91.077,90.891,90.917,10134330000
AUDJPY,20230112,0700,90.918,90.939,90.763,90.810,15482780000
AUDJPY,20230112,0800,90.813,90.832,90.672,90.799,16022710000
AUDJPY,20230112,0900,90.799,90.875,90.451,90.525,21990290000
AUDJPY,20230112,1000,90.525,90.562,90.440,90.457,16107580000
AUDJPY,20230112,1100,90.457,90.471,90.290,90.331,12580390000
AUDJPY,20230112,1200,90.331,90.332,90.152,90.279,14697080000
AUDJPY,20230112,1300,90.279,90.521,89.893,90.507,41942800000
AUDJPY,20230112,1400,90.504,90.636,90.053,90.169,52761660000
AUDJPY,20230112,1500,90.169,90.390,89.950,90.011,46940070000
AUDJPY,20230112,1600,90.011,90.144,89.944,90.115,30343020000
AUDJPY,20230112,1700,90.116,90.323,90.057,90.116,16775390000
AUDJPY,20230112,1800,90.116,90.147,89.959,90.139,17765550000
AUDJPY,20230112,1900,90.138,90.240,90.089,90.138,12558740000
AUDJPY,20230112,2000,90.137,90.152,90.011,90.026,11428030000
AUDJPY,20230112,2100,90.026,90.121,90.022,90.039,4033580000
AUDJPY,20230112,2200,89.997,90.126,89.959,90.017,1792800000
AUDJPY,20230112,2300,90.017,90.125,89.916,89.994,9395510000
AUDJPY,20230113,0000,89.993,90.050,89.809,90.006,18813990000
AUDJPY,20230113,0100,90.006,90.082,89.715,89.839,19236940000
AUDJPY,20230113,0200,89.840,89.902,89.684,89.846,18554310000
AUDJPY,20230113,0300,89.848,89.867,89.714,89.786,8233300000
AUDJPY,20230113,0400,89.786,89.863,89.681,89.863,6930640000
AUDJPY,20230113,0500,89.863,89.921,89.754,89.798,9128750000
AUDJPY,20230113,0600,89.799,89.869,89.562,89.667,14789020000
AUDJPY,20230113,0700,89.664,89.744,89.400,89.490,22387120000
AUDJPY,20230113,0800,89.490,89.705,89.449,89.632,27727460000
AUDJPY,20230113,0900,89.632,89.804,89.570,89.647,21779200000
AUDJPY,20230113,1000,89.646,89.705,89.546,89.576,14495460000
AUDJPY,20230113,1100,89.576,89.605,89.353,89.463,17480630000
AUDJPY,20230113,1200,89.461,89.515,89.157,89.175,19270480000
AUDJPY,20230113,1300,89.173,89.210,88.740,88.800,23883960000
AUDJPY,20230113,1400,88.801,88.890,88.645,88.645,28803410000
AUDJPY,20230113,1500,88.645,88.898,88.636,88.738,34488890000
AUDJPY,20230113,1600,88.738,88.885,88.653,88.852,20071750000
AUDJPY,20230113,1700,88.851,88.993,88.829,88.960,12211480000
AUDJPY,20230113,1800,88.961,89.180,88.927,89.171,8762050000
AUDJPY,20230113,1900,89.171,89.264,89.104,89.261,7380950000
AUDJPY,20230113,2000,89.263,89.282,89.217,89.235,5396040000
AUDJPY,20230113,2100,89.237,89.248,89.126,89.139,3035570000
AUDJPY,20230115,2200,89.050,89.119,89.007,89.067,582180000
AUDJPY,20230115,2300,89.063,89.339,89.053,89.280,9097710000
AUDJPY,20230116,0000,89.281,89.586,89.237,89.326,11992150000
AUDJPY,20230116,0100,89.328,89.574,89.155,89.564,16545070000
AUDJPY,20230116,0200,89.564,89.565,89.236,89.351,15131370000
AUDJPY,20230116,0300,89.351,89.375,89.167,89.300,7696040000
AUDJPY,20230116,0400,89.298,89.326,89.141,89.204,8958570000
AUDJPY,20230116,0500,89.206,89.356,89.178,89.244,8574950000
AUDJPY,20230116,0600,89.244,89.351,89.142,89.323,12615190000
AUDJPY,20230116,0700,89.322,89.397,89.202,89.289,18221700000
AUDJPY,20230116,0800,89.289,89.576,89.199,89.377,27222970000
AUDJPY,20230116,0900,89.376,89.493,89.326,89.397,17103090000
AUDJPY,20230116,1000,89.398,89.514,89.339,89.428,11892650000
AUDJPY,20230116,1100,89.428,89.506,89.314,89.402,11233090000
AUDJPY,20230116,1200,89.404,89.491,89.367,89.410,10484590000
AUDJPY,20230116,1300,89.413,89.437,89.279,89.377,13744050000
AUDJPY,20230116,1400,89.377,89.467,89.335,89.404,13291050000
AUDJPY,20230116,1500,89.404,89.527,89.391,89.432,11457700000
AUDJPY,20230116,1600,89.433,89.503,89.384,89.466,7468170000
AUDJPY,20230116,1700,89.465,89.529,89.456,89.515,3410170000
AUDJPY,20230116,1800,89.515,89.518,89.370,89.382,2975550000
AUDJPY,20230116,1900,89.383,89.409,89.337,89.409,2000070000
AUDJPY,20230116,2000,89.409,89.421,89.319,89.331,2180110000
AUDJPY,20230116,2100,89.332,89.398,89.287,89.375,3025630000
AUDJPY,20230116,2200,89.315,89.370,89.284,89.307,3530370000
AUDJPY,20230116,2300,89.326,89.407,89.219,89.400,5693460000
AUDJPY,20230117,0000,89.400,89.593,89.372,89.437,10408220000
AUDJPY,20230117,0100,89.436,89.869,89.413,89.734,15696730000
AUDJPY,20230117,0200,89.733,89.871,89.622,89.760,15200960000
AUDJPY,20230117,0300,89.759,89.843,89.702,89.740,10612910000
AUDJPY,20230117,0400,89.738,89.743,89.644,89.718,9057310000
AUDJPY,20230117,0500,89.716,89.758,89.552,89.619,8195060000
AUDJPY,20230117,0600,89.619,89.803,89.594,89.633,12152960000
AUDJPY,20230117,0700,89.629,89.697,89.551,89.628,18062300000
AUDJPY,20230117,0800,89.626,89.679,89.380,89.397,19624280000
AUDJPY,20230117,0900,89.398,89.567,89.398,89.509,14692520000
AUDJPY,20230117,1000,89.509,89.563,89.423,89.436,16714980000
AUDJPY,20230117,1100,89.436,89.499,89.363,89.461,14126110000
AUDJPY,20230117,1200,89.462,89.549,89.325,89.413,15744820000
AUDJPY,20230117,1300,89.412,89.414,89.261,89.412,22447890000
AUDJPY,20230117,1400,89.414,89.551,89.358,89.399,27449200000
AUDJPY,20230117,1500,89.400,89.739,89.396,89.580,31052880000
AUDJPY,20230117,1600,89.582,89.611,89.458,89.535,19521940000
AUDJPY,20230117,1700,89.533,89.592,89.471,89.578,7708740000
AUDJPY,20230117,1800,89.579,89.683,89.557,89.658,5197860000
AUDJPY,20230117,1900,89.659,89.731,89.566,89.702,7862270000
AUDJPY,20230117,2000,89.700,89.706,89.517,89.561,5475610000
AUDJPY,20230117,2100,89.564,89.622,89.460,89.460,3188290000
AUDJPY,20230117,2200,89.470,89.599,89.413,89.593,4444380000
AUDJPY,20230117,2300,89.594,89.686,89.569,89.639,5779790000
AUDJPY,20230118,0000,89.639,89.965,89.623,89.928,13518390000
AUDJPY,20230118,0100,89.927,90.141,89.851,89.894,12898080000
AUDJPY,20230118,0200,89.894,91.276,89.825,91.257,23842800000
AUDJPY,20230118,0300,91.249,91.650,91.154,91.600,30145180000
AUDJPY,20230118,0400,91.602,91.909,91.573,91.849,18680790001
AUDJPY,20230118,0500,91.848,91.916,91.431,91.514,16788670000
AUDJPY,20230118,0600,91.512,91.797,91.377,91.640,19120440000
AUDJPY,20230118,0700,91.636,91.893,91.367,91.423,28429070000
AUDJPY,20230118,0800,91.420,91.535,90.984,90.998,29208010000
AUDJPY,20230118,0900,91.001,91.100,90.732,90.899,27896310000
AUDJPY,20230118,1000,90.900,90.966,90.640,90.719,24197190000
AUDJPY,20230118,1100,90.719,90.861,90.467,90.526,21206900000
AUDJPY,20230118,1200,90.525,90.731,90.465,90.659,18710850000
AUDJPY,20230118,1300,90.659,90.718,90.124,90.226,30481940000
AUDJPY,20230118,1400,90.225,90.298,90.021,90.297,37895190000
AUDJPY,20230118,1500,90.301,90.345,89.976,90.009,28665640000
AUDJPY,20230118,1600,90.011,90.053,89.722,89.751,23922630000
AUDJPY,20230118,1700,89.751,89.801,89.601,89.653,18212700000
AUDJPY,20230118,1800,89.652,89.680,89.335,89.501,10709130000
AUDJPY,20230118,1900,89.500,89.565,89.344,89.360,8949470000
AUDJPY,20230118,2000,89.362,89.412,89.350,89.384,7414590000
AUDJPY,20230118,2100,89.387,89.491,89.359,89.433,3521080000
AUDJPY,20230118,2200,89.436,89.453,89.206,89.396,4495320000
AUDJPY,20230118,2300,89.397,89.445,89.190,89.261,6646260000
AUDJPY,20230119,0000,89.260,89.260,88.606,88.700,16808500000
AUDJPY,20230119,0100,88.698,88.876,88.673,88.728,12426710000
AUDJPY,20230119,0200,88.727,88.779,88.631,88.683,9370790000
AUDJPY,20230119,0300,88.681,88.728,88.531,88.595,8539910000
AUDJPY,20230119,0400,88.595,88.596,88.294,88.384,9290160000
AUDJPY,20230119,0500,88.385,88.410,88.117,88.273,11189930000
AUDJPY,20230119,0600,88.275,88.332,88.145,88.171,11093320000
AUDJPY,20230119,0700,88.171,88.311,88.112,88.300,18270880000
AUDJPY,20230119,0800,88.300,88.517,88.272,88.368,18518830000
AUDJPY,20230119,0900,88.370,88.489,88.281,88.329,14839130000
AUDJPY,20230119,1000,88.331,88.525,88.297,88.510,14842720000
AUDJPY,20230119,1100,88.509,88.541,88.431,88.516,13538630000
AUDJPY,20230119,1200,88.517,88.540,88.380,88.456,13409910000
AUDJPY,20230119,1300,88.455,88.715,88.322,88.633,25154200000
AUDJPY,20230119,1400,88.634,88.776,88.603,88.718,24476100000
AUDJPY,20230119,1500,88.718,88.840,88.443,88.511,25068450000
AUDJPY,20230119,1600,88.517,88.684,88.460,88.468,17366630000
AUDJPY,20230119,1700,88.466,88.739,88.465,88.701,10605390000
AUDJPY,20230119,1800,88.700,88.795,88.619,88.758,10458840000
AUDJPY,20230119,1900,88.756,88.901,88.719,88.854,8271980000
AUDJPY,20230119,2000,88.854,88.905,88.767,88.775,7102360000
AUDJPY,20230119,2100,88.779,88.817,88.685,88.708,2843270000
AUDJPY,20230119,2200,88.703,88.756,88.670,88.751,1293120000
AUDJPY,20230119,2300,88.745,88.868,88.714,88.725,4746370000
AUDJPY,20230120,0000,88.725,88.979,88.722,88.910,10142760000
AUDJPY,20230120,0100,88.910,89.176,88.825,89.168,11100840000
AUDJPY,20230120,0200,89.169,89.286,89.117,89.170,9005330000
AUDJPY,20230120,0300,89.170,89.206,89.107,89.167,4769720000
AUDJPY,20230120,0400,89.169,89.310,89.146,89.259,8862140000
AUDJPY,20230120,0500,89.262,89.505,89.229,89.443,9465950000
AUDJPY,20230120,0600,89.443,89.481,89.353,89.468,7299330000
AUDJPY,20230120,0700,89.468,89.493,89.278,89.421,14257580000
AUDJPY,20230120,0800,89.421,89.695,89.377,89.658,16627930000
AUDJPY,20230120,0900,89.658,89.858,89.642,89.744,18258650000
AUDJPY,20230120,1000,89.743,89.887,89.611,89.858,19744740000
AUDJPY,20230120,1100,89.858,89.991,89.792,89.883,13116710000
AUDJPY,20230120,1200,89.882,90.222,89.841,90.155,16587260000
AUDJPY,20230120,1300,90.155,90.292,90.107,90.286,16992320000
AUDJPY,20230120,1400,90.286,90.431,90.179,90.302,24256420000
AUDJPY,20230120,1500,90.302,90.416,90.221,90.304,23911560000
AUDJPY,20230120,1600,90.303,90.355,90.200,90.350,12755280000
AUDJPY,20230120,1700,90.347,90.361,90.212,90.256,8084950000
AUDJPY,20230120,1800,90.257,90.330,90.107,90.309,10192140000
AUDJPY,20230120,1900,90.307,90.332,90.228,90.298,5379840000
AUDJPY,20230120,2000,90.298,90.351,90.252,90.314,5832940000
AUDJPY,20230120,2100,90.313,90.353,90.172,90.191,2572030000
AUDJPY,20230122,2200,90.118,90.347,90.102,90.342,908830000
AUDJPY,20230122,2300,90.342,90.403,90.232,90.358,7235640000
AUDJPY,20230123,0000,90.358,90.414,90.223,90.321,8732430000
AUDJPY,20230123,0100,90.319,90.358,90.203,90.259,9825010000
AUDJPY,20230123,0200,90.259,90.294,90.163,90.210,5666000000
AUDJPY,20230123,0300,90.206,90.336,90.170,90.303,8245010000
AUDJPY,20230123,0400,90.303,90.532,90.301,90.483,8929630000
AUDJPY,20230123,0500,90.481,90.678,90.458,90.621,8240030000
AUDJPY,20230123,0600,90.620,90.854,90.573,90.802,11710930000
AUDJPY,20230123,0700,90.798,90.928,90.735,90.840,18061990000
AUDJPY,20230123,0800,90.842,90.927,90.726,90.909,19974320000
AUDJPY,20230123,0900,90.909,91.034,90.839,90.983,13863630000
AUDJPY,20230123,1000,90.983,91.202,90.892,91.169,12183270000
AUDJPY,20230123,1100,91.169,91.255,91.013,91.091,14060650000
AUDJPY,20230123,1200,91.093,91.180,90.993,91.119,14441590000
AUDJPY,20230123,1300,91.119,91.274,91.005,91.036,18870440000
AUDJPY,20230123,1400,91.036,91.266,91.001,91.175,24728990000
AUDJPY,20230123,1500,91.175,91.901,91.099,91.838,25833370000
AUDJPY,20230123,1600,91.840,91.926,91.705,91.795,19643620000
AUDJPY,20230123,1700,91.795,91.840,91.744,91.790,7964860000
AUDJPY,20230123,1800,91.788,91.899,91.781,91.810,7676660000
AUDJPY,20230123,1900,91.809,91.810,91.630,91.739,7361860000
AUDJPY,20230123,2000,91.739,91.831,91.721,91.829,7800550000
AUDJPY,20230123,2100,91.828,91.851,91.781,91.811,3318560000
AUDJPY,20230123,2200,91.790,91.795,91.701,91.776,3187390000
AUDJPY,20230123,2300,91.776,91.827,91.694,91.779,4318020000
AUDJPY,20230124,0000,91.780,91.834,91.574,91.703,7226280000
AUDJPY,20230124,0100,91.702,91.791,91.627,91.739,6128080000
AUDJPY,20230124,0200,91.738,91.859,91.627,91.732,4892070000
AUDJPY,20230124,0300,91.731,91.756,91.659,91.711,3930030000
AUDJPY,20230124,0400,91.711,91.752,91.487,91.603,5188860000
AUDJPY,20230124,0500,91.603,91.665,91.532,91.578,4871030000
AUDJPY,20230124,0600,91.579,91.689,91.537,91.652,5823670000
AUDJPY,20230124,0700,91.650,91.650,91.332,91.354,11589290000
AUDJPY,20230124,0800,91.349,91.445,91.291,91.363,14791890000
AUDJPY,20230124,0900,91.361,91.492,91.288,91.314,15515440000
AUDJPY,20230124,1000,91.314,91.402,91.254,91.402,10681550000
AUDJPY,20230124,1100,91.403,91.450,91.331,91.423,8226910000
AUDJPY,20230124,1200,91.421,91.430,91.303,91.356,8926820000
AUDJPY,20230124,1300,91.356,91.562,91.338,91.494,14810640000
AUDJPY,20230124,1400,91.493,91.847,91.400,91.717,21638940000
AUDJPY,20230124,1500,91.716,91.925,91.635,91.695,27620180000
AUDJPY,20230124,1600,91.697,91.722,91.502,91.574,15963030000
AUDJPY,20230124,1700,91.574,91.596,91.486,91.588,8838300000
AUDJPY,20230124,1800,91.588,91.650,91.559,91.613,4638290000
AUDJPY,20230124,1900,91.613,91.675,91.554,91.663,3497510000
AUDJPY,20230124,2000,91.664,91.682,91.603,91.649,3601490000
AUDJPY,20230124,2100,91.649,91.751,91.637,91.691,3472520000
AUDJPY,20230124,2200,91.685,91.710,91.430,91.627,1023940000
AUDJPY,20230124,2300,91.624,91.801,91.475,91.767,5663790000
AUDJPY,20230125,0000,91.772,92.375,91.702,92.271,12899420000
AUDJPY,20230125,0100,92.265,92.339,92.157,92.261,9962680000
AUDJPY,20230125,0200,92.258,92.530,92.237,92.439,6266300000
AUDJPY,20230125,0300,92.441,92.714,92.425,92.629,6093360000
AUDJPY,20230125,0400,92.632,92.703,92.558,92.595,5539790000
AUDJPY,20230125,0500,92.596,92.716,92.556,92.587,6301180000
AUDJPY,20230125,0600,92.586,92.759,92.576,92.751,6124820000
AUDJPY,20230125,0700,92.749,92.782,92.522,92.554,12333700000
AUDJPY,20230125,0800,92.553,92.604,92.405,92.431,13519240000
AUDJPY,20230125,0900,92.429,92.429,92.036,92.057,13353080000
AUDJPY,20230125,1000,92.057,92.213,91.971,92.071,11570330000
AUDJPY,20230125,1100,92.070,92.070,91.807,91.842,11490820000
AUDJPY,20230125,1200,91.841,91.969,91.658,91.837,13145760000
AUDJPY,20230125,1300,91.838,91.934,91.713,91.802,13692570000
AUDJPY,20230125,1400,91.804,91.877,91.615,91.729,20251660000
AUDJPY,20230125,1500,91.728,91.773,91.410,91.675,26731160000
AUDJPY,20230125,1600,91.673,91.876,91.663,91.771,16657570000
AUDJPY,20230125,1700,91.771,91.807,91.729,91.758,6231550000
AUDJPY,20230125,1800,91.759,91.938,91.759,91.906,6484240000
AUDJPY,20230125,1900,91.909,92.078,91.908,91.968,4385110000
AUDJPY,20230125,2000,91.969,92.046,91.968,92.041,4761600000
AUDJPY,20230125,2100,92.042,92.062,91.978,91.978,3054690000
AUDJPY,20230125,2200,92.020,92.047,91.943,91.993,2487710000
AUDJPY,20230125,2300,91.993,92.003,91.850,91.867,5360510000
AUDJPY,20230126,0000,91.867,91.983,91.785,91.801,9474430000
AUDJPY,20230126,0100,91.801,91.883,91.640,91.873,9196440000
AUDJPY,20230126,0200,91.873,92.094,91.788,92.040,8653850000
AUDJPY,20230126,0300,92.040,92.147,91.923,91.947,5702730000
AUDJPY,20230126,0400,91.947,92.068,91.842,92.014,6472940000
AUDJPY,20230126,0500,92.014,92.223,91.999,92.121,5384970000
AUDJPY,20230126,0600,92.121,92.168,91.968,91.995,6598850000
AUDJPY,20230126,0700,91.993,92.198,91.970,92.168,15348390000
AUDJPY,20230126,0800,92.170,92.429,92.170,92.273,18911860000
AUDJPY,20230126,0900,92.273,92.400,92.142,92.310,15749560000
AUDJPY,20230126,1000,92.312,92.357,92.267,92.289,11831230000
AUDJPY,20230126,1100,92.288,92.457,92.281,92.393,9979390000
AUDJPY,20230126,1200,92.394,92.469,92.292,92.398,11934020000
AUDJPY,20230126,1300,92.400,92.594,92.236,92.495,25479210000
AUDJPY,20230126,1400,92.500,92.813,92.468,92.572,31209460000
AUDJPY,20230126,1500,92.580,92.639,92.392,92.413,29380340000
AUDJPY,20230126,1600,92.411,92.571,92.340,92.489,19286420000
AUDJPY,20230126,1700,92.488,92.560,92.416,92.466,8612090000
AUDJPY,20230126,1800,92.464,92.487,92.395,92.472,9096380000
AUDJPY,20230126,1900,92.474,92.628,92.464,92.620,4607250000
AUDJPY,20230126,2000,92.620,92.702,92.595,92.688,4180980000
AUDJPY,20230126,2100,92.687,92.698,92.620,92.620,1748710000
AUDJPY,20230126,2200,92.617,92.623,92.475,92.557,26305740000
AUDJPY,20230126,2300,92.559,92.595,92.289,92.338,8637230000
AUDJPY,20230127,0000,92.338,92.547,92.259,92.411,12580890000
AUDJPY,20230127,0100,92.412,92.442,92.292,92.380,10243640000
AUDJPY,20230127,0200,92.380,92.455,92.336,92.391,6893490000
AUDJPY,20230127,0300,92.391,92.415,92.301,92.311,6561860000
AUDJPY,20230127,0400,92.313,92.512,92.306,92.397,6693440000
AUDJPY,20230127,0500,92.396,92.495,92.346,92.491,4527300000
AUDJPY,20230127,0600,92.490,92.492,92.346,92.450,7143300000
AUDJPY,20230127,0700,92.450,92.451,92.285,92.322,9453680000
AUDJPY,20230127,0800,92.322,92.391,92.158,92.390,15348670000
AUDJPY,20230127,0900,92.390,92.419,92.248,92.254,12335740000
AUDJPY,20230127,1000,92.254,92.340,92.208,92.340,9726590000
AUDJPY,20230127,1100,92.340,92.355,92.270,92.323,10407700000
AUDJPY,20230127,1200,92.324,92.376,92.221,92.248,11068810000
AUDJPY,20230127,1300,92.247,92.373,92.164,92.225,20093870000
AUDJPY,20230127,1400,92.225,92.400,92.185,92.307,24450200000
AUDJPY,20230127,1500,92.309,92.449,92.060,92.184,25584230000
AUDJPY,20230127,1600,92.183,92.352,92.126,92.271,18439810000
AUDJPY,20230127,1700,92.270,92.314,92.218,92.309,6359590000
AUDJPY,20230127,1800,92.309,92.334,92.214,92.300,4694970000
AUDJPY,20230127,1900,92.301,92.381,92.276,92.370,3564380000
AUDJPY,20230127,2000,92.371,92.389,92.297,92.313,3041520000
AUDJPY,20230127,2100,92.314,92.329,92.239,92.251,2282980000
AUDJPY,20230129,2200,92.021,92.198,91.950,92.157,2627700000
AUDJPY,20230129,2300,92.155,92.300,92.138,92.284,5479620000
AUDJPY,20230130,0000,92.284,92.621,92.273,92.608,10255820000
AUDJPY,20230130,0100,92.611,92.653,92.489,92.632,12839850000
AUDJPY,20230130,0200,92.634,92.652,92.215,92.231,9802920000
AUDJPY,20230130,0300,92.231,92.307,92.043,92.044,5649410000
AUDJPY,20230130,0400,92.044,92.081,91.692,91.830,20946840000
AUDJPY,20230130,0500,91.830,91.933,91.708,91.871,12249600000
AUDJPY,20230130,0600,91.871,91.914,91.780,91.892,10893480000
AUDJPY,20230130,0700,91.893,91.904,91.606,91.771,12026070000
AUDJPY,20230130,0800,91.771,92.180,91.771,92.060,20786270000
AUDJPY,20230130,0900,92.060,92.082,91.914,91.983,15482920000
AUDJPY,20230130,1000,91.984,92.178,91.962,92.074,11961720000
AUDJPY,20230130,1100,92.074,92.257,92.053,92.088,12945740000
AUDJPY,20230130,1200,92.091,92.156,92.040,92.087,10364790000
AUDJPY,20230130,1300,92.084,92.154,91.973,92.043,14401680000
AUDJPY,20230130,1400,92.042,92.208,92.002,92.137,19044110000
AUDJPY,20230130,1500,92.137,92.304,92.087,92.272,22917000000
AUDJPY,20230130,1600,92.273,92.315,92.158,92.220,13914790000
AUDJPY,20230130,1700,92.220,92.241,92.137,92.201,8045420000
AUDJPY,20230130,1800,92.201,92.236,92.138,92.176,6016370000
AUDJPY,20230130,1900,92.174,92.177,92.042,92.133,5967990000
AUDJPY,20230130,2000,92.133,92.177,92.058,92.086,4088590000
AUDJPY,20230130,2100,92.087,92.107,92.007,92.017,1974280000
AUDJPY,20230130,2200,92.018,92.077,91.954,91.969,4248870000
AUDJPY,20230130,2300,91.970,92.125,91.946,92.093,4265700000
AUDJPY,20230131,0000,92.091,92.108,91.727,91.874,13201530000
AUDJPY,20230131,0100,91.876,91.957,91.682,91.819,10912740000
AUDJPY,20230131,0200,91.818,91.851,91.639,91.756,9047010000
AUDJPY,20230131,0300,91.755,91.767,91.586,91.617,7179540000
AUDJPY,20230131,0400,91.617,91.707,91.521,91.707,6884130000
AUDJPY,20230131,0500,91.708,91.761,91.515,91.534,7025420000
AUDJPY,20230131,0600,91.535,91.639,91.504,91.602,6221490000
AUDJPY,20230131,0700,91.599,91.599,91.463,91.560,11172230000
AUDJPY,20230131,0800,91.560,91.589,91.302,91.346,20132720000
AUDJPY,20230131,0900,91.346,91.443,91.301,91.420,13471500000
AUDJPY,20230131,1000,91.422,91.431,91.109,91.117,12293540000
AUDJPY,20230131,1100,91.117,91.267,91.085,91.267,8816470000
AUDJPY,20230131,1200,91.267,91.379,91.210,91.217,11695670000
AUDJPY,20230131,1300,91.217,91.430,91.139,91.261,25740280000
AUDJPY,20230131,1400,91.259,91.361,91.125,91.215,26885610000
AUDJPY,20230131,1500,91.218,91.723,91.195,91.604,32952170000
AUDJPY,20230131,1600,91.606,91.786,91.597,91.761,18546740000
AUDJPY,20230131,1700,91.762,91.856,91.719,91.765,10448520000
AUDJPY,20230131,1800,91.766,91.869,91.766,91.843,5806670000
AUDJPY,20230131,1900,91.844,91.880,91.799,91.816,4975800000
AUDJPY,20230131,2000,91.810,91.886,91.759,91.859,7205780000
AUDJPY,20230131,2100,91.858,91.873,91.730,91.731,4397070000
AUDJPY,20230131,2200,91.726,91.755,91.676,91.705,1384840000
AUDJPY,20230131,2300,91.705,91.765,91.685,91.741,3748130000
AUDJPY,20230201,0000,91.741,91.770,91.566,91.573,6755700000
AUDJPY,20230201,0100,91.573,91.703,91.535,91.673,7512290000
AUDJPY,20230201,0200,91.672,91.695,91.491,91.524,6577060000
AUDJPY,20230201,0300,91.524,91.734,91.521,91.726,4665750000
AUDJPY,20230201,0400,91.725,92.098,91.695,92.049,6030090000
AUDJPY,20230201,0500,92.050,92.105,92.005,92.061,6118590000
AUDJPY,20230201,0600,92.060,92.177,92.018,92.082,5737170000
AUDJPY,20230201,0700,92.084,92.235,92.067,92.091,13010640000
AUDJPY,20230201,0800,92.094,92.175,91.961,91.964,16318460000
AUDJPY,20230201,0900,91.963,92.008,91.798,91.803,12439920000
AUDJPY,20230201,1000,91.802,91.933,91.799,91.875,11613810000
AUDJPY,20230201,1100,91.875,91.911,91.774,91.883,10893890000
AUDJPY,20230201,1200,91.883,91.927,91.799,91.890,9677460000
AUDJPY,20230201,1300,91.891,91.911,91.658,91.668,22464900000
AUDJPY,20230201,1400,91.668,91.777,91.579,91.590,21220400000
AUDJPY,20230201,1500,91.590,91.691,91.382,91.448,32929850000
AUDJPY,20230201,1600,91.448,91.517,91.341,91.341,16932530000
AUDJPY,20230201,1700,91.341,91.399,91.256,91.320,10199340000
AUDJPY,20230201,1800,91.319,91.492,91.317,91.371,9215230000
AUDJPY,20230201,1900,91.371,91.809,91.203,91.712,44252620000
AUDJPY,20230201,2000,91.709,92.014,91.699,91.887,34747620000
AUDJPY,20230201,2100,91.886,92.032,91.844,91.982,9643940000
AUDJPY,20230201,2200,91.982,91.982,91.858,91.930,2702830000
AUDJPY,20230201,2300,91.927,92.001,91.844,91.916,10709620000
AUDJPY,20230202,0000,91.914,91.957,91.620,91.791,14811850000
AUDJPY,20230202,0100,91.792,91.942,91.786,91.847,14201080000
AUDJPY,20230202,0200,91.847,91.887,91.764,91.805,10286640000
AUDJPY,20230202,0300,91.805,91.864,91.728,91.856,5750110000
AUDJPY,20230202,0400,91.858,91.868,91.759,91.825,4547270000
AUDJPY,20230202,0500,91.826,91.929,91.765,91.912,7968890000
AUDJPY,20230202,0600,91.911,91.987,91.866,91.870,8379550000
AUDJPY,20230202,0700,91.869,91.938,91.795,91.853,11033790000
AUDJPY,20230202,0800,91.852,92.158,91.848,92.046,17732990000
AUDJPY,20230202,0900,92.046,92.047,91.861,91.934,15874130000
AUDJPY,20230202,1000,91.933,91.969,91.756,91.761,12209300000
AUDJPY,20230202,1100,91.761,91.798,91.706,91.737,10200850000
AUDJPY,20230202,1200,91.737,91.783,91.423,91.552,22350400000
AUDJPY,20230202,1300,91.552,91.648,91.429,91.479,29981940000
AUDJPY,20230202,1400,91.480,91.591,91.211,91.222,37344680000
AUDJPY,20230202,1500,91.226,91.283,91.080,91.197,31996370000
AUDJPY,20230202,1600,91.200,91.203,90.903,90.969,19694930000
AUDJPY,20230202,1700,90.968,90.988,90.896,90.942,12079500000
AUDJPY,20230202,1800,90.942,91.119,90.873,91.118,8832270000
AUDJPY,20230202,1900,91.116,91.139,90.929,90.978,12380390000
AUDJPY,20230202,2000,90.980,91.204,90.966,91.200,11172080000
AUDJPY,20230202,2100,91.200,91.208,91.012,91.013,8217140000
AUDJPY,20230202,2200,90.871,91.061,90.869,90.960,11256650000
AUDJPY,20230202,2300,90.959,91.143,90.959,91.070,5622940000
AUDJPY,20230203,0000,91.071,91.093,90.831,90.937,11058750000
AUDJPY,20230203,0100,90.934,91.039,90.913,90.916,9982750000
AUDJPY,20230203,0200,90.916,90.930,90.627,90.690,8857720000
AUDJPY,20230203,0300,90.689,90.782,90.649,90.773,7048060000
AUDJPY,20230203,0400,90.772,90.786,90.666,90.754,5742460000
AUDJPY,20230203,0500,90.755,90.858,90.752,90.837,6644950000
AUDJPY,20230203,0600,90.839,90.923,90.835,90.872,6788180000
AUDJPY,20230203,0700,90.872,90.891,90.763,90.827,14723570000
AUDJPY,20230203,0800,90.827,90.855,90.645,90.727,15638400000
AUDJPY,20230203,0900,90.725,90.821,90.659,90.750,13152260000
AUDJPY,20230203,1000,90.750,90.793,90.665,90.758,10866190000
AUDJPY,20230203,1100,90.757,90.775,90.582,90.603,8520440000
AUDJPY,20230203,1200,90.604,90.664,90.504,90.605,9722720000
AUDJPY,20230203,1300,90.602,90.831,90.363,90.671,32618830000
AUDJPY,20230203,1400,90.671,91.058,90.596,90.915,38567650000
AUDJPY,20230203,1500,90.915,91.484,90.864,91.426,43255550000
AUDJPY,20230203,1600,91.427,91.438,90.915,91.027,28507870000
AUDJPY,20230203,1700,91.027,91.209,90.992,91.022,15372310000
AUDJPY,20230203,1800,91.021,91.021,90.812,90.898,14845360000
AUDJPY,20230203,1900,90.896,90.902,90.759,90.768,11057340000
AUDJPY,20230203,2000,90.769,90.808,90.731,90.786,6670720000
AUDJPY,20230203,2100,90.785,90.851,90.755,90.755,3167400000
AUDJPY,20230205,2200,91.284,91.359,90.881,91.140,1745170000
AUDJPY,20230205,2300,91.136,91.362,91.078,91.361,12798150000
AUDJPY,20230206,0000,91.360,91.501,91.261,91.495,13222030000
AUDJPY,20230206,0100,91.497,91.551,91.352,91.503,12045510000
AUDJPY,20230206,0200,91.505,91.609,91.237,91.387,11975040000
AUDJPY,20230206,0300,91.388,91.440,91.277,91.343,8698770000
AUDJPY,20230206,0400,91.339,91.531,91.283,91.429,9850490000
AUDJPY,20230206,0500,91.430,91.522,91.341,91.516,8753650000
AUDJPY,20230206,0600,91.516,91.532,91.365,91.380,7608370000
AUDJPY,20230206,0700,91.379,91.403,91.227,91.250,13700620000
AUDJPY,20230206,0800,91.250,91.432,91.211,91.246,21620920000
AUDJPY,20230206,0900,91.247,91.316,90.959,90.977,18259180000
AUDJPY,20230206,1000,90.979,91.211,90.958,91.140,17188670000
AUDJPY,20230206,1100,91.139,91.185,91.101,91.143,10557730000
AUDJPY,20230206,1200,91.143,91.263,91.137,91.251,9994920000
AUDJPY,20230206,1300,91.253,91.380,91.222,91.322,21286980000
AUDJPY,20230206,1400,91.322,91.346,91.160,91.206,26597440000
AUDJPY,20230206,1500,91.206,91.314,91.037,91.136,27552650000
AUDJPY,20230206,1600,91.135,91.230,91.107,91.175,18686270000
AUDJPY,20230206,1700,91.176,91.302,91.132,91.225,11350870000
AUDJPY,20230206,1800,91.225,91.326,91.164,91.293,7435920000
AUDJPY,20230206,1900,91.294,91.333,91.160,91.175,7685700000
AUDJPY,20230206,2000,91.176,91.297,91.170,91.297,7722870000
AUDJPY,20230206,2100,91.300,91.324,91.251,91.262,3371150000
AUDJPY,20230206,2200,91.245,91.300,91.187,91.287,2495510000
AUDJPY,20230206,2300,91.287,91.396,91.270,91.358,4228920000
AUDJPY,20230207,0000,91.360,91.401,91.216,91.390,7789550000
AUDJPY,20230207,0100,91.391,91.439,91.254,91.325,10088900000
AUDJPY,20230207,0200,91.325,91.609,91.312,91.603,7972330000
AUDJPY,20230207,0300,91.605,91.944,91.446,91.742,13496810000
AUDJPY,20230207,0400,91.742,91.847,91.613,91.660,8917080000
AUDJPY,20230207,0500,91.659,91.764,91.624,91.761,5623840000
AUDJPY,20230207,0600,91.761,91.762,91.583,91.608,8006920000
AUDJPY,20230207,0700,91.607,91.628,91.504,91.548,14316170000
AUDJPY,20230207,0800,91.548,91.634,91.274,91.419,26974550000
AUDJPY,20230207,0900,91.419,91.557,91.405,91.447,17629480000
AUDJPY,20230207,1000,91.451,91.486,91.387,91.463,13503380000
AUDJPY,20230207,1100,91.465,91.579,91.438,91.511,15298340000
AUDJPY,20230207,1200,91.508,91.515,91.411,91.413,13144500000
AUDJPY,20230207,1300,91.413,91.455,91.069,91.129,21012000000
AUDJPY,20230207,1400,91.132,91.137,90.991,91.024,21900990000
AUDJPY,20230207,1500,91.024,91.025,90.718,90.750,26926440000
AUDJPY,20230207,1600,90.753,91.015,90.744,90.959,21212230000
AUDJPY,20230207,1700,90.960,91.238,90.844,91.137,25229620000
AUDJPY,20230207,1800,91.133,91.167,90.739,90.832,43981030000
AUDJPY,20230207,1900,90.832,91.062,90.830,90.989,27448190000
AUDJPY,20230207,2000,90.991,91.136,90.962,91.117,12161000000
AUDJPY,20230207,2100,91.118,91.244,91.106,91.142,4721280000
AUDJPY,20230207,2200,91.130,91.264,90.905,91.255,11093360000
AUDJPY,20230207,2300,91.253,91.290,91.170,91.271,4275120000
AUDJPY,20230208,0000,91.271,91.271,91.069,91.137,8189090000
AUDJPY,20230208,0100,91.137,91.338,91.116,91.289,12160650000
AUDJPY,20230208,0200,91.288,91.408,91.266,91.381,9812590000
AUDJPY,20230208,0300,91.381,91.409,91.270,91.341,5984630000
AUDJPY,20230208,0400,91.341,91.359,91.278,91.326,6342340000
AUDJPY,20230208,0500,91.326,91.391,91.270,91.314,4904840000
AUDJPY,20230208,0600,91.317,91.490,91.280,91.469,7339770000
AUDJPY,20230208,0700,91.468,91.548,91.397,91.439,18411040000
AUDJPY,20230208,0800,91.440,91.486,91.313,91.368,22337610000
AUDJPY,20230208,0900,91.366,91.419,91.256,91.284,15092610000
AUDJPY,20230208,1000,91.284,91.329,91.226,91.246,11364030000
AUDJPY,20230208,1100,91.247,91.248,91.139,91.200,10313730000
AUDJPY,20230208,1200,91.203,91.352,91.187,91.327,11384700000
AUDJPY,20230208,1300,91.326,91.373,91.255,91.316,16161690000
AUDJPY,20230208,1400,91.315,91.349,91.219,91.238,25202370000
AUDJPY,20230208,1500,91.238,91.285,91.101,91.220,26763610000
AUDJPY,20230208,1600,91.219,91.221,90.985,91.101,20095850000
AUDJPY,20230208,1700,91.100,91.108,90.971,91.019,11828900000
AUDJPY,20230208,1800,91.018,91.056,90.958,90.996,12432520000
AUDJPY,20230208,1900,90.998,91.036,90.927,90.963,7399700000
AUDJPY,20230208,2000,90.963,91.020,90.913,91.003,6314080000
AUDJPY,20230208,2100,91.003,91.022,90.950,90.950,2478310000
AUDJPY,20230208,2200,90.931,90.988,90.898,90.931,8481660000
AUDJPY,20230208,2300,90.931,91.034,90.921,91.025,4798900000
AUDJPY,20230209,0000,91.025,91.136,90.946,91.103,7619360000
AUDJPY,20230209,0100,91.103,91.362,91.068,91.259,10825770000
AUDJPY,20230209,0200,91.257,91.413,91.240,91.323,6257870000
AUDJPY,20230209,0300,91.321,91.433,91.290,91.419,5257100000
AUDJPY,20230209,0400,91.418,91.430,91.339,91.380,3770070000
AUDJPY,20230209,0500,91.380,91.578,90.969,91.354,9364340000
AUDJPY,20230209,0600,91.353,91.404,91.247,91.325,10219700000
AUDJPY,20230209,0700,91.325,91.404,91.280,91.339,14784660000
AUDJPY,20230209,0800,91.339,91.426,91.290,91.361,17606600000
AUDJPY,20230209,0900,91.360,91.364,91.251,91.282,13717850000
AUDJPY,20230209,1000,91.280,91.369,91.198,91.368,12898130000
AUDJPY,20230209,1100,91.369,91.456,91.308,91.338,10380200000
AUDJPY,20230209,1200,91.336,91.409,91.316,91.325,10530320000
AUDJPY,20230209,1300,91.326,91.420,91.288,91.415,20300260000
AUDJPY,20230209,1400,91.413,91.453,91.323,91.334,24109760000
AUDJPY,20230209,1500,91.334,91.418,91.172,91.254,22895110000
AUDJPY,20230209,1600,91.254,91.320,91.147,91.206,20617790000
AUDJPY,20230209,1700,91.205,91.248,91.096,91.197,10587860000
AUDJPY,20230209,1800,91.195,91.299,91.182,91.291,12807210000
AUDJPY,20230209,1900,91.291,91.344,91.254,91.300,12074150000
AUDJPY,20230209,2000,91.300,91.322,91.146,91.238,8202670000
AUDJPY,20230209,2100,91.242,91.270,91.197,91.221,4017930000
AUDJPY,20230209,2200,91.208,91.244,91.052,91.164,17081590000
AUDJPY,20230209,2300,91.172,91.291,91.133,91.249,5127510000
AUDJPY,20230210,0000,91.249,91.400,91.222,91.330,10257730000
AUDJPY,20230210,0100,91.329,91.467,91.297,91.310,11702430000
AUDJPY,20230210,0200,91.310,91.347,91.188,91.200,7726770000
AUDJPY,20230210,0300,91.201,91.201,91.016,91.109,8658540000
AUDJPY,20230210,0400,91.109,91.132,91.030,91.118,6878160000
AUDJPY,20230210,0500,91.115,91.240,91.014,91.092,9995860000
AUDJPY,20230210,0600,91.093,91.139,91.027,91.098,10100720000
AUDJPY,20230210,0700,91.098,91.188,90.499,90.554,29775010000
AUDJPY,20230210,0800,90.554,90.657,90.225,90.613,35121450000
AUDJPY,20230210,0900,90.615,91.223,90.605,90.771,31058750000
AUDJPY,20230210,1000,90.772,90.853,90.661,90.732,16069670000
AUDJPY,20230210,1100,90.735,90.760,90.484,90.583,13099470000
AUDJPY,20230210,1200,90.583,90.776,90.573,90.596,11839050000
AUDJPY,20230210,1300,90.597,90.730,90.531,90.728,21966580000
AUDJPY,20230210,1400,90.727,90.952,90.695,90.858,27234590000
AUDJPY,20230210,1500,90.858,91.113,90.757,90.909,33549570000
AUDJPY,20230210,1600,90.910,91.049,90.901,90.976,20554040000
AUDJPY,20230210,1700,90.975,91.000,90.857,90.949,10793760000
AUDJPY,20230210,1800,90.949,91.013,90.947,90.968,6347460000
AUDJPY,20230210,1900,90.967,90.980,90.885,90.917,7352860000
AUDJPY,20230210,2000,90.917,90.942,90.874,90.929,4796510000
AUDJPY,20230210,2100,90.928,90.965,90.869,90.871,2846530000
AUDJPY,20230212,2200,90.766,90.917,90.766,90.876,583040000
AUDJPY,20230212,2300,90.874,91.025,90.856,90.939,5965770000
AUDJPY,20230213,0000,90.940,91.029,90.822,90.993,9631530000
AUDJPY,20230213,0100,90.993,91.035,90.827,90.970,13335660000
AUDJPY,20230213,0200,90.970,91.074,90.953,91.042,7919400000
AUDJPY,20230213,0300,91.043,91.259,91.031,91.176,7292860000
AUDJPY,20230213,0400,91.176,91.313,91.170,91.261,6664980000
AUDJPY,20230213,0500,91.262,91.379,91.238,91.336,7198690000
AUDJPY,20230213,0600,91.335,91.431,91.304,91.369,9487360000
AUDJPY,20230213,0700,91.371,91.570,91.340,91.554,14368990000
AUDJPY,20230213,0800,91.556,91.781,91.488,91.770,18835980000
AUDJPY,20230213,0900,91.771,91.868,91.745,91.811,14311700000
AUDJPY,20230213,1000,91.812,91.820,91.676,91.805,12216320000
AUDJPY,20230213,1100,91.804,91.980,91.798,91.966,10293940000
AUDJPY,20230213,1200,91.965,92.082,91.942,91.968,12158550000
AUDJPY,20230213,1300,91.969,92.067,91.954,92.005,18345840000
AUDJPY,20230213,1400,92.003,92.211,91.980,92.165,25135050000
AUDJPY,20230213,1500,92.166,92.445,92.127,92.442,21557540000
AUDJPY,20230213,1600,92.442,92.486,92.368,92.406,14262440000
AUDJPY,20230213,1700,92.406,92.412,92.318,92.362,7020940000
AUDJPY,20230213,1800,92.362,92.385,92.255,92.381,5845790000
AUDJPY,20230213,1900,92.381,92.383,92.208,92.235,5682870000
AUDJPY,20230213,2000,92.236,92.239,92.131,92.155,5536310000
AUDJPY,20230213,2100,92.156,92.243,92.133,92.186,2614350000
AUDJPY,20230213,2200,92.184,92.244,92.146,92.169,1106980000
AUDJPY,20230213,2300,92.168,92.254,92.116,92.214,6918640000
AUDJPY,20230214,0000,92.214,92.245,92.006,92.047,8706850000
AUDJPY,20230214,0100,92.047,92.073,91.818,91.836,9998160000
AUDJPY,20230214,0200,91.838,91.954,91.802,91.940,10229780000
AUDJPY,20230214,0300,91.939,91.977,91.847,91.915,5359970000
AUDJPY,20230214,0400,91.916,92.059,91.872,92.047,4825740000
AUDJPY,20230214,0500,92.047,92.047,91.817,91.886,7337300000
AUDJPY,20230214,0600,91.886,91.989,91.828,91.955,8727090000
AUDJPY,20230214,0700,91.955,92.021,91.864,91.958,18480570000
AUDJPY,20230214,0800,91.953,91.978,91.857,91.923,16597170000
AUDJPY,20230214,0900,91.924,92.049,91.891,92.021,15417250000
AUDJPY,20230214,1000,92.021,92.183,92.017,92.099,12971670000
AUDJPY,20230214,1100,92.098,92.191,92.094,92.109,16555550000
AUDJPY,20230214,1200,92.109,92.304,92.083,92.224,17271600000
AUDJPY,20230214,1300,92.224,92.630,91.992,92.506,43212150000
AUDJPY,20230214,1400,92.508,92.542,92.103,92.507,52147720000
AUDJPY,20230214,1500,92.507,92.662,92.431,92.545,40503010000
AUDJPY,20230214,1600,92.546,92.713,92.505,92.620,33365370000
AUDJPY,20230214,1700,92.618,92.922,92.610,92.804,18648150000
AUDJPY,20230214,1800,92.804,92.978,92.771,92.882,16496420000
AUDJPY,20230214,1900,92.883,93.005,92.828,92.988,12324000000
AUDJPY,20230214,2000,92.988,93.036,92.913,93.015,7669270000
AUDJPY,20230214,2100,93.017,93.018,92.916,92.916,3013700000
AUDJPY,20230214,2200,92.916,92.997,92.885,92.938,1914230000
AUDJPY,20230214,2300,92.938,92.996,92.889,92.917,4513660000
AUDJPY,20230215,0000,92.917,92.920,92.604,92.635,8358130000
AUDJPY,20230215,0100,92.634,92.722,92.494,92.518,9709920000
AUDJPY,20230215,0200,92.518,92.550,92.255,92.264,8145010000
AUDJPY,20230215,0300,92.265,92.373,92.204,92.285,7285540000
AUDJPY,20230215,0400,92.285,92.373,92.254,92.324,6266390000
AUDJPY,20230215,0500,92.326,92.326,92.187,92.271,5797490000
AUDJPY,20230215,0600,92.269,92.272,92.135,92.199,8816250000
AUDJPY,20230215,0700,92.197,92.211,91.921,92.055,19732720000
AUDJPY,20230215,0800,92.053,92.218,91.958,92.179,20115520000
AUDJPY,20230215,0900,92.180,92.231,92.064,92.178,15028050000
AUDJPY,20230215,1000,92.176,92.182,91.971,91.972,13976930000
AUDJPY,20230215,1100,91.973,92.085,91.929,91.931,11015230000
AUDJPY,20230215,1200,91.932,92.169,91.919,92.119,12993340000
AUDJPY,20230215,1300,92.126,92.339,92.002,92.173,31261550000
AUDJPY,20230215,1400,92.173,92.227,92.054,92.103,33131300000
AUDJPY,20230215,1500,92.107,92.408,92.099,92.353,27885620000
AUDJPY,20230215,1600,92.353,92.532,92.342,92.508,16713580000
AUDJPY,20230215,1700,92.507,92.509,92.369,92.446,10112310000
AUDJPY,20230215,1800,92.447,92.624,92.359,92.621,9363670000
AUDJPY,20230215,1900,92.621,92.672,92.567,92.592,5702950000
AUDJPY,20230215,2000,92.595,92.638,92.531,92.633,5483400000
AUDJPY,20230215,2100,92.635,92.653,92.579,92.581,3287250000
AUDJPY,20230215,2200,92.566,92.607,92.418,92.505,3819510000
AUDJPY,20230215,2300,92.503,92.541,92.436,92.479,5256850000
AUDJPY,20230216,0000,92.480,92.527,91.984,92.151,14947340000
AUDJPY,20230216,0100,92.153,92.464,92.118,92.397,15327460000
AUDJPY,20230216,0200,92.395,92.505,92.278,92.493,12562220000
AUDJPY,20230216,0300,92.495,92.505,92.361,92.446,8114870000
AUDJPY,20230216,0400,92.447,92.654,92.428,92.602,5047620000
AUDJPY,20230216,0500,92.602,92.728,92.544,92.584,6531450000
AUDJPY,20230216,0600,92.582,92.636,92.484,92.600,7629500000
AUDJPY,20230216,0700,92.598,92.665,92.554,92.606,14245960000
AUDJPY,20230216,0800,92.606,92.712,92.536,92.630,19036220000
AUDJPY,20230216,0900,92.630,92.683,92.578,92.615,12162920000
AUDJPY,20230216,1000,92.615,92.693,92.577,92.634,9117400000
AUDJPY,20230216,1100,92.633,92.647,92.493,92.499,9456880000
AUDJPY,20230216,1200,92.499,92.528,92.387,92.400,9113780000
AUDJPY,20230216,1300,92.400,92.486,92.266,92.342,30538120000
AUDJPY,20230216,1400,92.342,92.404,92.206,92.253,29984190000
AUDJPY,20230216,1500,92.250,92.359,91.950,92.286,29147160000
AUDJPY,20230216,1600,92.286,92.346,92.207,92.270,21142620000
AUDJPY,20230216,1700,92.268,92.393,92.249,92.376,12440310000
AUDJPY,20230216,1800,92.376,92.412,92.277,92.324,11101560000
AUDJPY,20230216,1900,92.325,92.353,92.260,92.305,7266130000
AUDJPY,20230216,2000,92.304,92.313,92.075,92.085,17306160000
AUDJPY,20230216,2100,92.086,92.144,92.053,92.111,3531460000
AUDJPY,20230216,2200,92.111,92.141,91.972,92.063,1970680000
AUDJPY,20230216,2300,92.055,92.113,91.997,91.997,4264460000
AUDJPY,20230217,0000,91.997,92.149,91.979,92.144,6993680000
AUDJPY,20230217,0100,92.144,92.399,92.103,92.296,9179880000
AUDJPY,20230217,0200,92.296,92.304,92.175,92.237,8510330000
AUDJPY,20230217,0300,92.237,92.287,92.210,92.220,5771050000
AUDJPY,20230217,0400,92.220,92.242,92.069,92.146,6261480000
AUDJPY,20230217,0500,92.146,92.199,92.082,92.149,6620890000
AUDJPY,20230217,0600,92.149,92.215,92.057,92.134,5592560000
AUDJPY,20230217,0700,92.134,92.245,92.115,92.220,13781870000
AUDJPY,20230217,0800,92.220,92.249,92.040,92.128,18141390000
AUDJPY,20230217,0900,92.127,92.139,91.959,92.006,15573420000
AUDJPY,20230217,1000,92.007,92.105,91.990,92.027,12275320000
AUDJPY,20230217,1100,92.028,92.088,91.974,92.038,12750390000
AUDJPY,20230217,1200,92.038,92.087,91.969,92.038,15116660000
AUDJPY,20230217,1300,92.038,92.065,91.965,92.024,17621100000
AUDJPY,20230217,1400,92.024,92.144,91.935,91.983,24239730000
AUDJPY,20230217,1500,91.983,92.265,91.981,92.069,36256750000
AUDJPY,20230217,1600,92.073,92.177,92.024,92.120,21352640000
AUDJPY,20230217,1700,92.118,92.242,92.115,92.167,12706630000
AUDJPY,20230217,1800,92.169,92.233,92.131,92.213,7063780000
AUDJPY,20230217,1900,92.213,92.305,92.213,92.280,6577410000
AUDJPY,20230217,2000,92.281,92.329,92.247,92.322,6704740000
AUDJPY,20230217,2100,92.322,92.340,92.227,92.227,2461910000
AUDJPY,20230219,2200,92.171,92.317,92.154,92.259,7852230000
AUDJPY,20230219,2300,92.259,92.299,92.194,92.257,4640030000
AUDJPY,20230220,0000,92.257,92.314,92.192,92.300,6625490000
AUDJPY,20230220,0100,92.301,92.521,92.269,92.489,8231640000
AUDJPY,20230220,0200,92.490,92.621,92.473,92.519,7680250000
AUDJPY,20230220,0300,92.519,92.550,92.425,92.443,5804480000
AUDJPY,20230220,0400,92.443,92.556,92.357,92.380,7046650000
AUDJPY,20230220,0500,92.380,92.595,92.346,92.589,6184110000
AUDJPY,20230220,0600,92.591,92.609,92.492,92.540,11524150000
AUDJPY,20230220,0700,92.540,92.610,92.514,92.606,10794140000
AUDJPY,20230220,0800,92.606,92.693,92.583,92.668,15451850000
AUDJPY,20230220,0900,92.668,92.736,92.507,92.537,11705270000
AUDJPY,20230220,1000,92.535,92.572,92.489,92.554,9157230000
AUDJPY,20230220,1100,92.556,92.614,92.510,92.569,8601500000
AUDJPY,20230220,1200,92.570,92.603,92.471,92.512,8413530000
AUDJPY,20230220,1300,92.511,92.758,92.505,92.727,10669860000
AUDJPY,20230220,1400,92.725,92.775,92.649,92.670,10924150000
AUDJPY,20230220,1500,92.671,92.713,92.639,92.692,10823600000
AUDJPY,20230220,1600,92.692,92.749,92.679,92.743,4412660000
AUDJPY,20230220,1700,92.743,92.800,92.709,92.796,2546590000
AUDJPY,20230220,1800,92.796,92.800,92.757,92.764,1542190000
AUDJPY,20230220,1900,92.764,92.796,92.756,92.782,1344400000
AUDJPY,20230220,2000,92.782,92.816,92.772,92.809,1301230000
AUDJPY,20230220,2100,92.810,92.826,92.752,92.753,1593400000
AUDJPY,20230220,2200,92.638,92.796,92.624,92.744,5156920000
AUDJPY,20230220,2300,92.743,92.838,92.743,92.808,3373640000
AUDJPY,20230221,0000,92.813,92.964,92.662,92.681,10263470000
AUDJPY,20230221,0100,92.681,92.843,92.610,92.748,10946440000
AUDJPY,20230221,0200,92.746,92.820,92.702,92.782,7873330000
AUDJPY,20230221,0300,92.791,92.809,92.687,92.720,6635510000
AUDJPY,20230221,0400,92.721,92.743,92.593,92.632,4456230000
AUDJPY,20230221,0500,92.631,92.700,92.609,92.621,6719390000
AUDJPY,20230221,0600,92.620,92.708,92.564,92.698,6160920000
AUDJPY,20230221,0700,92.696,92.697,92.549,92.600,10604200000
AUDJPY,20230221,0800,92.600,92.766,92.588,92.601,18667910000
AUDJPY,20230221,0900,92.601,92.783,92.552,92.723,22334240000
AUDJPY,20230221,1000,92.723,92.766,92.597,92.597,14647360000
AUDJPY,20230221,1100,92.598,92.697,92.576,92.659,10587360000
AUDJPY,20230221,1200,92.659,92.668,92.545,92.606,11641050000
AUDJPY,20230221,1300,92.605,92.704,92.582,92.582,18570760000
AUDJPY,20230221,1400,92.584,92.820,92.581,92.744,28076610000
AUDJPY,20230221,1500,92.742,93.009,92.678,92.865,32255130000
AUDJPY,20230221,1600,92.865,92.872,92.572,92.587,20569910000
AUDJPY,20230221,1700,92.586,92.595,92.442,92.560,11190010000
AUDJPY,20230221,1800,92.559,92.594,92.437,92.450,7046870000
AUDJPY,20230221,1900,92.450,92.521,92.363,92.504,7483290000
AUDJPY,20230221,2000,92.504,92.531,92.444,92.493,5085220000
AUDJPY,20230221,2100,92.494,92.579,92.472,92.483,2165310000
AUDJPY,20230221,2200,92.461,92.589,92.452,92.557,6015030000
AUDJPY,20230221,2300,92.560,92.680,92.507,92.653,6214290000
AUDJPY,20230222,0000,92.652,92.686,92.170,92.457,15435400000
AUDJPY,20230222,0100,92.455,92.517,92.098,92.129,13511390000
AUDJPY,20230222,0200,92.128,92.228,92.026,92.225,8307260000
AUDJPY,20230222,0300,92.226,92.267,92.154,92.249,5836420000
AUDJPY,20230222,0400,92.253,92.299,92.197,92.265,5103490000
AUDJPY,20230222,0500,92.264,92.275,92.110,92.119,5161270000
AUDJPY,20230222,0600,92.119,92.209,92.100,92.110,5572320000
AUDJPY,20230222,0700,92.109,92.147,91.956,92.004,11447100000
AUDJPY,20230222,0800,92.005,92.007,91.848,91.940,15606150000
AUDJPY,20230222,0900,91.943,92.077,91.915,92.012,17404860000
AUDJPY,20230222,1000,92.012,92.064,91.973,91.986,13133380000
AUDJPY,20230222,1100,91.986,92.030,91.895,91.909,11069510000
AUDJPY,20230222,1200,91.910,92.060,91.886,91.971,15728880000
AUDJPY,20230222,1300,91.971,91.984,91.870,91.908,16805670000
AUDJPY,20230222,1400,91.909,91.943,91.810,91.840,21486460000
AUDJPY,20230222,1500,91.840,91.909,91.677,91.774,23910310000
AUDJPY,20230222,1600,91.774,91.917,91.769,91.894,19320000000
AUDJPY,20230222,1700,91.894,91.997,91.824,91.932,8659750000
AUDJPY,20230222,1800,91.932,91.970,91.886,91.886,9114180000
AUDJPY,20230222,1900,91.886,92.023,91.694,91.697,26378860000
AUDJPY,20230222,2000,91.695,91.848,91.690,91.834,10031480000
AUDJPY,20230222,2100,91.832,91.849,91.780,91.817,2480420000
AUDJPY,20230222,2200,91.670,91.813,91.656,91.763,5376730000
AUDJPY,20230222,2300,91.763,91.918,91.760,91.909,3248270000
AUDJPY,20230223,0000,91.908,92.001,91.892,91.972,5014320000
AUDJPY,20230223,0100,91.974,92.111,91.938,92.096,7590330000
AUDJPY,20230223,0200,92.095,92.112,91.984,92.107,5791300000
AUDJPY,20230223,0300,92.109,92.179,92.052,92.083,4587320000
AUDJPY,20230223,0400,92.085,92.094,92.049,92.079,3103850000
AUDJPY,20230223,0500,92.076,92.085,91.963,91.999,5423400000
AUDJPY,20230223,0600,91.999,92.095,91.958,92.057,5706400000
AUDJPY,20230223,0700,92.058,92.110,92.018,92.090,9901420000
AUDJPY,20230223,0800,92.089,92.122,92.007,92.015,16060280000
AUDJPY,20230223,0900,92.014,92.033,91.889,91.931,12950560000
AUDJPY,20230223,1000,91.931,92.021,91.898,92.016,9244780000
AUDJPY,20230223,1100,92.016,92.188,92.001,92.159,8278810000
AUDJPY,20230223,1200,92.161,92.250,92.141,92.181,12257310000
AUDJPY,20230223,1300,92.181,92.217,92.052,92.193,25946480000
AUDJPY,20230223,1400,92.192,92.286,92.105,92.148,29981690000
AUDJPY,20230223,1500,92.148,92.160,91.741,91.797,26368510000
AUDJPY,20230223,1600,91.799,91.803,91.421,91.482,18656070000
AUDJPY,20230223,1700,91.482,91.516,91.431,91.482,9175250000
AUDJPY,20230223,1800,91.482,91.532,91.448,91.521,9856070000
AUDJPY,20230223,1900,91.518,91.661,91.496,91.626,9064300000
AUDJPY,20230223,2000,91.626,91.764,91.626,91.736,5510530000
AUDJPY,20230223,2100,91.736,91.747,91.649,91.681,2330010000
AUDJPY,20230223,2200,91.687,91.732,91.625,91.663,3233280000
AUDJPY,20230223,2300,91.666,91.679,91.463,91.656,6447160000
AUDJPY,20230224,0000,91.657,91.821,91.372,91.589,16562260000
AUDJPY,20230224,0100,91.587,91.891,91.567,91.880,20139270000
AUDJPY,20230224,0200,91.881,91.932,91.766,91.824,11628410000
AUDJPY,20230224,0300,91.822,91.890,91.801,91.817,7307810000
AUDJPY,20230224,0400,91.816,91.826,91.693,91.746,5089890000
AUDJPY,20230224,0500,91.746,91.812,91.643,91.651,6721850000
AUDJPY,20230224,0600,91.652,91.734,91.591,91.684,5954540000
AUDJPY,20230224,0700,91.682,91.686,91.527,91.607,12362040000
AUDJPY,20230224,0800,91.607,91.645,91.476,91.638,17489100000
AUDJPY,20230224,0900,91.638,91.702,91.608,91.675,14695390000
AUDJPY,20230224,1000,91.674,91.737,91.637,91.655,10076920000
AUDJPY,20230224,1100,91.653,91.685,91.562,91.613,10385680000
AUDJPY,20230224,1200,91.613,91.659,91.556,91.579,11619640000
AUDJPY,20230224,1300,91.576,91.655,91.281,91.606,30179010000
AUDJPY,20230224,1400,91.606,91.755,91.557,91.592,33012570000
AUDJPY,20230224,1500,91.592,91.709,91.575,91.675,32112850000
AUDJPY,20230224,1600,91.678,91.887,91.649,91.830,17549570000
AUDJPY,20230224,1700,91.828,91.877,91.689,91.748,8773990000
AUDJPY,20230224,1800,91.746,91.837,91.731,91.773,6126630000
AUDJPY,20230224,1900,91.772,91.830,91.731,91.767,5863550000
AUDJPY,20230224,2000,91.764,91.814,91.708,91.759,5044350000
AUDJPY,20230224,2100,91.760,91.795,91.723,91.723,1956700000
AUDJPY,20230226,2200,91.777,91.833,91.679,91.681,2244170000
AUDJPY,20230226,2300,91.681,91.876,91.681,91.858,4963450000
AUDJPY,20230227,0000,91.859,91.916,91.624,91.734,9616360000
AUDJPY,20230227,0100,91.734,91.785,91.661,91.751,8293730000
AUDJPY,20230227,0200,91.756,91.762,91.560,91.628,6090820000
AUDJPY,20230227,0300,91.628,91.636,91.466,91.510,6592880000
AUDJPY,20230227,0400,91.509,91.539,91.361,91.469,4535230000
AUDJPY,20230227,0500,91.468,91.513,91.345,91.350,6362430000
AUDJPY,20230227,0600,91.350,91.449,91.328,91.391,7590470000
AUDJPY,20230227,0700,91.390,91.499,91.381,91.450,11918560000
AUDJPY,20230227,0800,91.449,91.569,91.400,91.545,17624110000
AUDJPY,20230227,0900,91.544,91.664,91.528,91.613,13447930000
AUDJPY,20230227,1000,91.611,91.612,91.507,91.551,9571590000
AUDJPY,20230227,1100,91.551,91.563,91.473,91.510,7820560000
AUDJPY,20230227,1200,91.510,91.520,91.406,91.421,9195500000
AUDJPY,20230227,1300,91.423,91.495,91.347,91.477,18789600000
AUDJPY,20230227,1400,91.477,91.543,91.327,91.424,19654770000
AUDJPY,20230227,1500,91.418,91.719,91.404,91.569,21303140000
AUDJPY,20230227,1600,91.570,91.673,91.556,91.620,12529910000
AUDJPY,20230227,1700,91.620,91.738,91.615,91.713,6185030000
AUDJPY,20230227,1800,91.715,91.817,91.699,91.813,4002600000
AUDJPY,20230227,1900,91.815,91.831,91.738,91.762,5130690000
AUDJPY,20230227,2000,91.763,91.827,91.748,91.821,3974110000
AUDJPY,20230227,2100,91.820,91.829,91.734,91.753,1759630000
AUDJPY,20230227,2200,91.752,91.773,91.638,91.725,3365060000
AUDJPY,20230227,2300,91.720,91.902,91.720,91.884,3018720000
AUDJPY,20230228,0000,91.884,91.990,91.846,91.861,8380390000
AUDJPY,20230228,0100,91.861,91.917,91.815,91.839,9840690000
AUDJPY,20230228,0200,91.840,91.933,91.782,91.903,6432240000
AUDJPY,20230228,0300,91.903,91.906,91.746,91.757,3604260000
AUDJPY,20230228,0400,91.757,91.793,91.651,91.678,3527520000
AUDJPY,20230228,0500,91.676,91.693,91.601,91.638,5317980000
AUDJPY,20230228,0600,91.637,91.744,91.602,91.738,5355530000
AUDJPY,20230228,0700,91.737,91.805,91.629,91.786,11052200000
AUDJPY,20230228,0800,91.787,91.883,91.683,91.869,17950830000
AUDJPY,20230228,0900,91.868,91.917,91.809,91.887,11830790000
AUDJPY,20230228,1000,91.885,92.061,91.870,92.028,11036100000
AUDJPY,20230228,1100,92.027,92.084,92.009,92.048,8537500000
AUDJPY,20230228,1200,92.048,92.083,92.023,92.059,8552410000
AUDJPY,20230228,1300,92.059,92.192,92.044,92.161,13459920000
AUDJPY,20230228,1400,92.160,92.173,92.004,92.139,20067340000
AUDJPY,20230228,1500,92.141,92.160,91.797,91.852,30954270000
AUDJPY,20230228,1600,91.850,91.980,91.755,91.772,18528910000
AUDJPY,20230228,1700,91.772,91.842,91.640,91.695,9058800000
AUDJPY,20230228,1800,91.697,91.744,91.634,91.680,7192980000
AUDJPY,20230228,1900,91.681,91.702,91.608,91.667,6552380000
AUDJPY,20230228,2000,91.667,91.667,91.563,91.564,5345490000
AUDJPY,20230228,2100,91.561,91.672,91.542,91.583,3559240000
AUDJPY,20230228,2200,91.597,91.707,91.504,91.705,1967400000
AUDJPY,20230228,2300,91.705,91.772,91.621,91.763,5215610000
AUDJPY,20230301,0000,91.762,91.780,91.274,91.361,10609790000
AUDJPY,20230301,0100,91.358,91.780,91.327,91.772,13408400000
AUDJPY,20230301,0200,91.773,91.908,91.744,91.889,6727200000
AUDJPY,20230301,0300,91.889,92.025,91.874,92.025,5475520000
AUDJPY,20230301,0400,92.025,92.081,91.946,92.049,4409560000
AUDJPY,20230301,0500,92.050,92.200,92.038,92.060,5832950000
AUDJPY,20230301,0600,92.060,92.220,92.052,92.185,8363750000
AUDJPY,20230301,0700,92.187,92.200,91.948,91.986,15440960000
AUDJPY,20230301,0800,91.985,92.061,91.833,91.998,21486420000
AUDJPY,20230301,0900,91.999,92.053,91.787,91.863,18255300000
AUDJPY,20230301,1000,91.864,91.879,91.773,91.814,17418720000
AUDJPY,20230301,1100,91.814,91.823,91.582,91.670,14964200000
AUDJPY,20230301,1200,91.670,91.843,91.634,91.796,12364910000
AUDJPY,20230301,1300,91.795,91.868,91.680,91.697,17438420000
AUDJPY,20230301,1400,91.699,91.952,91.656,91.887,21356000000
AUDJPY,20230301,1500,91.890,92.086,91.646,92.056,34281150000
AUDJPY,20230301,1600,92.057,92.062,91.886,91.914,20168950000
AUDJPY,20230301,1700,91.916,91.932,91.818,91.910,11030040000
AUDJPY,20230301,1800,91.909,91.954,91.883,91.909,5981360000
AUDJPY,20230301,1900,91.909,91.976,91.887,91.940,5379820000
AUDJPY,20230301,2000,91.938,91.996,91.927,91.979,3934340000
AUDJPY,20230301,2100,91.979,92.088,91.978,92.026,2713560000
AUDJPY,20230301,2200,92.024,92.030,91.900,91.943,1158790000
AUDJPY,20230301,2300,91.942,92.080,91.923,92.055,4278230000
AUDJPY,20230302,0000,92.055,92.092,91.928,91.954,7903240000
AUDJPY,20230302,0100,91.952,92.022,91.777,91.883,12265230000
AUDJPY,20230302,0200,91.882,92.008,91.848,91.994,8685430000
AUDJPY,20230302,0300,91.994,92.010,91.902,92.006,6234370000
AUDJPY,20230302,0400,92.006,92.043,91.959,92.016,4314870000
AUDJPY,20230302,0500,92.013,92.061,91.953,92.051,5585860000
AUDJPY,20230302,0600,92.050,92.162,91.987,92.136,6564610000
AUDJPY,20230302,0700,92.135,92.152,92.031,92.061,12930620000
AUDJPY,20230302,0800,92.060,92.093,91.884,91.911,20046650000
AUDJPY,20230302,0900,91.911,91.973,91.860,91.922,16246040000
AUDJPY,20230302,1000,91.920,91.937,91.800,91.901,14990280000
AUDJPY,20230302,1100,91.902,92.033,91.902,91.992,11810330000
AUDJPY,20230302,1200,91.989,92.032,91.879,91.944,13616610000
AUDJPY,20230302,1300,91.943,92.029,91.887,91.938,21768050000
AUDJPY,20230302,1400,91.941,92.019,91.879,91.945,23332040000
AUDJPY,20230302,1500,91.945,92.068,91.900,91.956,23110500000
AUDJPY,20230302,1600,91.958,91.991,91.862,91.938,13118070000
AUDJPY,20230302,1700,91.939,91.947,91.877,91.919,7125190000
AUDJPY,20230302,1800,91.921,91.975,91.851,91.928,7775780000
AUDJPY,20230302,1900,91.928,92.050,91.928,91.989,8415290000
AUDJPY,20230302,2000,91.989,92.067,91.982,92.010,6287960000
AUDJPY,20230302,2100,92.008,92.053,91.995,92.021,2751210000
AUDJPY,20230302,2200,92.009,92.065,91.886,91.983,1037120000
AUDJPY,20230302,2300,91.983,92.070,91.906,92.036,4536750000
AUDJPY,20230303,0000,92.036,92.167,91.979,92.148,6594570000
AUDJPY,20230303,0100,92.148,92.211,92.046,92.149,11411260000
AUDJPY,20230303,0200,92.148,92.199,92.024,92.126,8956340000
AUDJPY,20230303,0300,92.126,92.165,92.082,92.120,5667540000
AUDJPY,20230303,0400,92.120,92.184,92.115,92.182,3067480000
AUDJPY,20230303,0500,92.184,92.243,92.167,92.171,3434760000
AUDJPY,20230303,0600,92.171,92.209,92.091,92.178,6951070000
AUDJPY,20230303,0700,92.178,92.199,92.082,92.082,12064560000
AUDJPY,20230303,0800,92.082,92.215,92.037,92.194,14902100000
AUDJPY,20230303,0900,92.191,92.202,91.994,92.010,15468230000
AUDJPY,20230303,1000,92.010,92.105,92.001,92.077,11136260000
AUDJPY,20230303,1100,92.075,92.098,91.910,91.934,10352450000
AUDJPY,20230303,1200,91.934,91.960,91.902,91.956,11268490000
AUDJPY,20230303,1300,91.956,91.964,91.834,91.851,14697960000
AUDJPY,20230303,1400,91.852,91.916,91.774,91.808,20821690000
AUDJPY,20230303,1500,91.808,92.027,91.795,91.917,27901660000
AUDJPY,20230303,1600,91.916,92.007,91.912,91.973,16283150000
AUDJPY,20230303,1700,91.969,92.026,91.930,92.011,8336460000
AUDJPY,20230303,1800,92.010,92.015,91.879,91.885,4238080000
AUDJPY,20230303,1900,91.887,92.001,91.877,91.961,5385450000
AUDJPY,20230303,2000,91.961,91.996,91.925,91.966,4720710000
AUDJPY,20230303,2100,91.965,91.974,91.870,91.895,2141250000
AUDJPY,20230305,2200,91.704,91.910,91.695,91.777,4526000000
AUDJPY,20230305,2300,91.783,91.888,91.742,91.865,8759050000
AUDJPY,20230306,0000,91.863,91.899,91.707,91.708,8214630000
AUDJPY,20230306,0100,91.708,91.718,91.517,91.698,8860060000
AUDJPY,20230306,0200,91.697,91.839,91.659,91.829,8798180000
AUDJPY,20230306,0300,91.828,91.832,91.602,91.657,7791030000
AUDJPY,20230306,0400,91.657,91.691,91.599,91.628,4295760000
AUDJPY,20230306,0500,91.628,91.733,91.578,91.729,4871020000
AUDJPY,20230306,0600,91.730,91.734,91.617,91.627,6310220000
AUDJPY,20230306,0700,91.628,91.686,91.584,91.653,12146010000
AUDJPY,20230306,0800,91.655,91.726,91.565,91.604,16172470000
AUDJPY,20230306,0900,91.604,91.653,91.490,91.637,13116590000
AUDJPY,20230306,1000,91.637,91.650,91.480,91.527,10417720000
AUDJPY,20230306,1100,91.526,91.528,91.428,91.501,11573960000
AUDJPY,20230306,1200,91.500,91.531,91.460,91.499,8796830000
AUDJPY,20230306,1300,91.499,91.548,91.454,91.491,13453050000
AUDJPY,20230306,1400,91.491,91.570,91.439,91.562,17085760000
AUDJPY,20230306,1500,91.564,91.579,91.366,91.530,18662970000
AUDJPY,20230306,1600,91.530,91.588,91.464,91.577,11061280000
AUDJPY,20230306,1700,91.575,91.630,91.513,91.549,5840750000
AUDJPY,20230306,1800,91.548,91.550,91.436,91.457,5526730000
AUDJPY,20230306,1900,91.456,91.475,91.413,91.443,4712270000
AUDJPY,20230306,2000,91.445,91.498,91.425,91.483,3387540000
AUDJPY,20230306,2100,91.480,91.514,91.442,91.442,1556990000
AUDJPY,20230306,2200,91.452,91.500,91.351,91.463,1334400000
AUDJPY,20230306,2300,91.463,91.566,91.450,91.542,2745560000
AUDJPY,20230307,0000,91.542,91.608,91.511,91.579,5892890000
AUDJPY,20230307,0100,91.580,91.655,91.564,91.631,8141510000
AUDJPY,20230307,0200,91.632,91.734,91.585,91.680,7524110000
AUDJPY,20230307,0300,91.680,91.718,91.056,91.294,11212730000
AUDJPY,20230307,0400,91.297,91.369,91.189,91.317,6101390000
AUDJPY,20230307,0500,91.317,91.322,91.199,91.259,4436890000
AUDJPY,20230307,0600,91.259,91.274,91.044,91.105,6265550000
AUDJPY,20230307,0700,91.105,91.177,91.022,91.038,12648360000
AUDJPY,20230307,0800,91.038,91.069,90.645,90.670,17134750000
AUDJPY,20230307,0900,90.670,90.812,90.626,90.689,15426820000
AUDJPY,20230307,1000,90.689,90.758,90.669,90.739,10564820000
AUDJPY,20230307,1100,90.737,90.818,90.629,90.644,10352800000
AUDJPY,20230307,1200,90.642,90.792,90.637,90.775,10342950000
AUDJPY,20230307,1300,90.777,90.817,90.649,90.658,13336680000
AUDJPY,20230307,1400,90.660,90.723,90.587,90.612,17702860000
AUDJPY,20230307,1500,90.611,90.682,90.313,90.358,43209980000
AUDJPY,20230307,1600,90.357,90.455,90.260,90.344,25275890000
AUDJPY,20230307,1700,90.343,90.373,90.245,90.280,17315170000
AUDJPY,20230307,1800,90.282,90.329,90.207,90.295,10602180000
AUDJPY,20230307,1900,90.296,90.373,90.250,90.285,6545580000
AUDJPY,20230307,2000,90.289,90.449,90.288,90.400,5375530000
AUDJPY,20230307,2100,90.399,90.407,90.255,90.266,2633710000
AUDJPY,20230307,2200,90.259,90.343,90.168,90.338,3905780000
AUDJPY,20230307,2300,90.333,90.557,90.311,90.521,5345340000
AUDJPY,20230308,0000,90.521,90.578,90.403,90.464,8140400000
AUDJPY,20230308,0100,90.466,90.583,90.423,90.466,8705750000
AUDJPY,20230308,0200,90.467,90.527,90.373,90.487,7577140000
AUDJPY,20230308,0300,90.486,90.552,90.477,90.546,6784100000
AUDJPY,20230308,0400,90.546,90.856,90.542,90.830,7206230000
AUDJPY,20230308,0500,90.830,90.889,90.754,90.762,6620300000
AUDJPY,20230308,0600,90.760,90.851,90.740,90.804,4826560000
AUDJPY,20230308,0700,90.804,90.815,90.701,90.713,12420190000
AUDJPY,20230308,0800,90.711,90.791,90.664,90.729,14759410000
AUDJPY,20230308,0900,90.733,90.922,90.733,90.811,10636090000
AUDJPY,20230308,1000,90.811,90.894,90.743,90.774,10379470000
AUDJPY,20230308,1100,90.774,90.804,90.549,90.565,8168110000
AUDJPY,20230308,1200,90.565,90.635,90.522,90.605,8882130000
AUDJPY,20230308,1300,90.608,90.616,90.415,90.431,20872980000
AUDJPY,20230308,1400,90.431,90.495,90.265,90.478,20435090000
AUDJPY,20230308,1500,90.479,90.579,90.403,90.445,35863660000
AUDJPY,20230308,1600,90.445,90.570,90.427,90.547,16484290000
AUDJPY,20230308,1700,90.546,90.563,90.404,90.425,7225550000
AUDJPY,20230308,1800,90.424,90.458,90.310,90.366,6645670000
AUDJPY,20230308,1900,90.366,90.461,90.364,90.408,4770930000
AUDJPY,20230308,2000,90.408,90.518,90.361,90.499,2846890000
AUDJPY,20230308,2100,90.498,90.543,90.461,90.461,1953580000
AUDJPY,20230308,2200,90.424,90.509,90.416,90.435,1527200000
AUDJPY,20230308,2300,90.434,90.502,90.401,90.486,3188450000
AUDJPY,20230309,0000,90.485,90.502,90.146,90.241,8213230000
AUDJPY,20230309,0100,90.241,90.325,90.184,90.247,6631300000
AUDJPY,20230309,0200,90.246,90.279,90.193,90.259,4170520000
AUDJPY,20230309,0300,90.259,90.296,90.174,90.273,3364110000
AUDJPY,20230309,0400,90.273,90.424,90.227,90.420,3578160000
AUDJPY,20230309,0500,90.420,90.503,90.365,90.411,4788190000
AUDJPY,20230309,0600,90.409,90.437,90.317,90.358,4374790000
AUDJPY,20230309,0700,90.354,90.477,90.326,90.472,8339480000
AUDJPY,20230309,0800,90.473,90.476,90.131,90.202,14539950000
AUDJPY,20230309,0900,90.202,90.224,90.001,90.019,10440160000
AUDJPY,20230309,1000,90.020,90.080,89.983,90.023,9481380000
AUDJPY,20230309,1100,90.023,90.210,90.008,90.186,8704540000
AUDJPY,20230309,1200,90.184,90.204,90.114,90.138,8705620000
AUDJPY,20230309,1300,90.139,90.159,90.013,90.117,17815460000
AUDJPY,20230309,1400,90.195,90.312,90.186,90.235,20292160000
AUDJPY,20230309,1500,90.176,90.230,90.083,90.180,18135030000
AUDJPY,20230309,1600,90.179,90.221,90.095,90.168,12077360000
AUDJPY,20230309,1700,90.170,90.187,89.968,90.021,8386040000
AUDJPY,20230309,1800,90.021,90.031,89.842,89.860,9423160000
AUDJPY,20230309,1900,89.860,89.869,89.688,89.690,8369790000
AUDJPY,20230309,2000,89.690,89.711,89.538,89.663,10153040000
AUDJPY,20230309,2100,89.661,89.728,89.630,89.703,2904100000
AUDJPY,20230309,2200,89.703,89.722,89.636,89.698,2621760000
AUDJPY,20230309,2300,89.702,89.882,89.656,89.851,8800690000
AUDJPY,20230310,0000,89.851,89.900,89.455,89.509,13371040000
AUDJPY,20230310,0100,89.509,89.608,89.387,89.489,10214260000
AUDJPY,20230310,0200,89.489,89.995,89.263,89.897,22021490000
AUDJPY,20230310,0300,89.897,89.908,89.679,89.806,11731090000
AUDJPY,20230310,0400,89.805,90.135,89.784,90.116,9513130000
AUDJPY,20230310,0500,90.116,90.144,90.016,90.016,8124330000
AUDJPY,20230310,0600,90.016,90.136,89.989,90.068,7320610000
AUDJPY,20230310,0700,90.067,90.096,89.916,89.995,19367570000
AUDJPY,20230310,0800,89.997,89.997,89.646,89.849,22150370000
AUDJPY,20230310,0900,89.848,90.137,89.827,90.084,16823090000
AUDJPY,20230310,1000,90.084,90.246,90.035,90.193,14516050000
AUDJPY,20230310,1100,90.196,90.251,90.083,90.125,10630490000
AUDJPY,20230310,1200,90.125,90.139,90.012,90.099,13275490000
AUDJPY,20230310,1300,90.098,90.192,89.873,90.062,34264070000
AUDJPY,20230310,1400,90.061,90.101,89.028,89.259,45841200000
AUDJPY,20230310,1500,89.262,89.328,88.896,89.036,39687290000
AUDJPY,20230310,1600,89.036,89.533,89.018,89.255,29588190000
AUDJPY,20230310,1700,89.255,89.311,89.119,89.140,17911500000
AUDJPY,20230310,1800,89.139,89.186,88.635,88.684,14106780000
AUDJPY,20230310,1900,88.686,88.785,88.628,88.737,16358160000
AUDJPY,20230310,2000,88.737,88.802,88.643,88.686,14100250000
AUDJPY,20230310,2100,88.685,88.941,88.671,88.779,3909340000
AUDJPY,20230312,2100,88.951,88.952,88.382,88.403,1864580000
AUDJPY,20230312,2200,88.403,89.174,88.177,89.097,8075720000
AUDJPY,20230312,2300,89.097,89.572,88.871,89.521,22528540000
AUDJPY,20230313,0000,89.523,89.524,88.809,88.832,26395500000
AUDJPY,20230313,0100,88.832,89.145,88.804,89.038,18837890000
AUDJPY,20230313,0200,89.039,89.248,88.994,89.221,25663930000
AUDJPY,20230313,0300,89.221,89.373,89.165,89.349,19024030000
AUDJPY,20230313,0400,89.349,89.431,89.271,89.428,9081250000
AUDJPY,20230313,0500,89.428,89.540,89.311,89.524,8008420000
AUDJPY,20230313,0600,89.523,89.651,89.414,89.602,13295630000
AUDJPY,20230313,0700,89.601,89.818,89.560,89.768,21832050000
AUDJPY,20230313,0800,89.766,89.824,89.077,89.110,30915700000
AUDJPY,20230313,0900,89.111,89.180,88.061,88.245,37717030000
AUDJPY,20230313,1000,88.244,88.578,88.238,88.563,31690930000
AUDJPY,20230313,1100,88.561,88.834,88.246,88.371,33903820000
AUDJPY,20230313,1200,88.371,88.453,87.791,88.044,45793870000
AUDJPY,20230313,1300,88.043,88.779,88.027,88.697,43829970000
AUDJPY,20230313,1400,88.699,88.916,88.474,88.899,41378730000
AUDJPY,20230313,1500,88.901,89.176,88.894,88.993,33815190000
AUDJPY,20230313,1600,88.992,89.068,88.688,88.725,28146110000
AUDJPY,20230313,1700,88.724,88.905,88.646,88.882,17927500000
AUDJPY,20230313,1800,88.882,89.089,88.870,88.991,16782320000
AUDJPY,20230313,1900,88.991,89.107,88.851,88.900,13905800000
AUDJPY,20230313,2000,88.898,88.934,88.774,88.779,5679840000
AUDJPY,20230313,2100,88.748,88.852,88.736,88.786,1787620000
AUDJPY,20230313,2200,88.780,88.823,88.700,88.764,7629380000
AUDJPY,20230313,2300,88.764,88.844,88.562,88.567,6842890000
AUDJPY,20230314,0000,88.568,88.718,88.546,88.611,13808180000
AUDJPY,20230314,0100,88.611,89.002,88.610,88.883,17790880000
AUDJPY,20230314,0200,88.883,88.915,88.656,88.689,12099750000
AUDJPY,20230314,0300,88.689,88.914,88.688,88.874,10555970000
AUDJPY,20230314,0400,88.874,88.999,88.827,88.988,8304480000
AUDJPY,20230314,0500,88.986,89.118,88.947,89.053,7652700000
AUDJPY,20230314,0600,89.053,89.115,88.698,88.992,21242270000
AUDJPY,20230314,0700,88.992,89.081,88.895,89.073,25939680000
AUDJPY,20230314,0800,89.073,89.461,89.038,89.321,29900190000
AUDJPY,20230314,0900,89.321,89.327,89.089,89.204,23752680000
AUDJPY,20230314,1000,89.203,89.266,89.083,89.129,16967600000
AUDJPY,20230314,1100,89.131,89.469,89.123,89.425,16644200000
AUDJPY,20230314,1200,89.424,89.706,89.191,89.643,40186010000
AUDJPY,20230314,1300,89.643,90.095,89.623,90.028,40506770000
AUDJPY,20230314,1400,90.025,90.051,89.723,89.732,28721130000
AUDJPY,20230314,1500,89.732,89.793,89.456,89.486,21602920000
AUDJPY,20230314,1600,89.485,89.754,89.482,89.623,17874910000
AUDJPY,20230314,1700,89.623,89.678,89.371,89.666,17370840000
AUDJPY,20230314,1800,89.664,89.749,89.559,89.692,16486080000
AUDJPY,20230314,1900,89.695,89.720,89.508,89.689,11911210000
AUDJPY,20230314,2000,89.689,89.701,89.616,89.664,2689890000
AUDJPY,20230314,2100,89.656,89.752,89.522,89.675,1937540000
AUDJPY,20230314,2200,89.677,89.813,89.648,89.762,18885330000
AUDJPY,20230314,2300,89.762,89.950,89.756,89.901,5288460000
AUDJPY,20230315,0000,89.901,89.959,89.752,89.754,12699140000
AUDJPY,20230315,0100,89.747,89.826,89.664,89.784,10529990000
AUDJPY,20230315,0200,89.782,90.003,89.726,89.964,11714180000
AUDJPY,20230315,0300,89.964,89.972,89.844,89.903,8154000000
AUDJPY,20230315,0400,89.903,90.041,89.885,90.031,6088920000
AUDJPY,20230315,0500,90.031,90.046,89.896,89.953,6759820000
AUDJPY,20230315,0600,89.954,90.134,89.922,90.047,9786900000
AUDJPY,20230315,0700,90.048,90.192,90.014,90.048,18835790000
AUDJPY,20230315,0800,90.048,90.142,89.858,89.877,20938520000
AUDJPY,20230315,0900,89.876,89.886,89.192,89.275,30271850000
AUDJPY,20230315,1000,89.274,89.293,88.541,88.697,36637080000
AUDJPY,20230315,1100,88.698,88.893,88.529,88.667,35156660000
AUDJPY,20230315,1200,88.667,88.681,88.028,88.085,41180550000
AUDJPY,20230315,1300,88.082,88.552,87.791,87.916,43541680000
AUDJPY,20230315,1400,87.917,88.385,87.849,87.934,41753390000
AUDJPY,20230315,1500,87.934,88.066,87.764,87.793,31587550000
AUDJPY,20230315,1600,87.790,87.819,87.348,87.519,24607510000
AUDJPY,20230315,1700,87.518,87.931,87.492,87.889,22441510000
AUDJPY,20230315,1800,87.890,88.569,87.768,88.388,27671670000
AUDJPY,20230315,1900,88.390,88.473,88.088,88.164,23171170000
AUDJPY,20230315,2000,88.163,88.338,88.141,88.224,6551200000
AUDJPY,20230315,2100,88.067,88.282,88.067,88.164,918260000
AUDJPY,20230315,2200,88.164,88.255,88.100,88.201,8762800000
AUDJPY,20230315,2300,88.201,88.250,87.877,87.943,9362010000
AUDJPY,20230316,0000,87.944,88.511,87.822,88.493,20837670000
AUDJPY,20230316,0100,88.493,88.646,88.227,88.250,21884110000
AUDJPY,20230316,0200,88.250,88.273,88.006,88.011,14399200000
AUDJPY,20230316,0300,88.012,88.051,87.902,87.987,9077400000
AUDJPY,20230316,0400,87.986,88.123,87.872,88.120,9389270000
AUDJPY,20230316,0500,88.118,88.382,88.048,88.133,9445240000
AUDJPY,20230316,0600,88.133,88.288,88.069,88.260,9344800000
AUDJPY,20230316,0700,88.259,88.642,88.192,88.637,20672260000
AUDJPY,20230316,0800,88.637,88.719,88.163,88.421,27784330000
AUDJPY,20230316,0900,88.419,88.421,88.200,88.284,19293660000
AUDJPY,20230316,1000,88.284,88.372,88.209,88.318,13992350000
AUDJPY,20230316,1100,88.318,88.319,88.114,88.162,18520460000
AUDJPY,20230316,1200,88.162,88.186,87.810,87.927,31147800000
AUDJPY,20230316,1300,87.927,88.074,87.391,87.998,43287920000
AUDJPY,20230316,1400,87.998,88.530,87.636,88.341,39717580000
AUDJPY,20230316,1500,88.343,88.637,88.196,88.477,35003460000
AUDJPY,20230316,1600,88.477,88.787,88.240,88.771,23334410000
AUDJPY,20230316,1700,88.770,88.935,88.719,88.791,15940980000
AUDJPY,20230316,1800,88.790,88.817,88.652,88.771,11575620000
AUDJPY,20230316,1900,88.772,88.890,88.756,88.859,10818630000
AUDJPY,20230316,2000,88.861,89.083,88.845,88.987,5394340000
AUDJPY,20230316,2100,88.970,89.011,88.683,88.900,3247520000
AUDJPY,20230316,2200,88.900,88.937,88.816,88.832,4218070000
AUDJPY,20230316,2300,88.832,88.924,88.789,88.865,5524520000
AUDJPY,20230317,0000,88.865,89.005,88.790,88.869,9967080000
AUDJPY,20230317,0100,88.869,89.140,88.838,89.094,12102930000
AUDJPY,20230317,0200,89.094,89.252,89.090,89.228,8811220000
AUDJPY,20230317,0300,89.228,89.339,89.154,89.330,8978690000
AUDJPY,20230317,0400,89.330,89.447,89.305,89.345,6455900000
AUDJPY,20230317,0500,89.345,89.389,89.148,89.246,7286030000
AUDJPY,20230317,0600,89.247,89.266,89.116,89.209,8452700000
AUDJPY,20230317,0700,89.208,89.390,89.156,89.274,15947210000
AUDJPY,20230317,0800,89.276,89.502,89.232,89.285,19291120000
AUDJPY,20230317,0900,89.285,89.422,89.141,89.245,14921840000
AUDJPY,20230317,1000,89.246,89.316,89.079,89.113,11948440000
AUDJPY,20230317,1100,89.115,89.160,88.644,88.789,19595660000
AUDJPY,20230317,1200,88.787,88.870,88.305,88.486,25242520000
AUDJPY,20230317,1300,88.486,88.682,88.399,88.546,27852440000
AUDJPY,20230317,1400,88.546,88.728,88.123,88.340,35595500000
AUDJPY,20230317,1500,88.340,88.439,88.081,88.221,23132220000
AUDJPY,20230317,1600,88.221,88.623,88.212,88.513,18321660000
AUDJPY,20230317,1700,88.512,88.632,88.476,88.590,10404310000
AUDJPY,20230317,1800,88.590,88.639,88.245,88.369,12907240000
AUDJPY,20230317,1900,88.369,88.464,88.304,88.380,10693380000
AUDJPY,20230317,2000,88.379,88.423,88.211,88.211,5400360000
AUDJPY,20230319,2100,88.500,88.537,88.287,88.537,885200000
AUDJPY,20230319,2200,88.515,88.786,88.375,88.646,8225290000
AUDJPY,20230319,2300,88.646,88.853,88.592,88.792,6600930000
AUDJPY,20230320,0000,88.794,89.234,88.776,89.178,11062380000
AUDJPY,20230320,0100,89.180,89.180,88.577,88.671,13968200000
AUDJPY,20230320,0200,88.672,88.778,88.511,88.657,9348820000
AUDJPY,20230320,0300,88.657,88.657,88.258,88.366,11765430000
AUDJPY,20230320,0400,88.366,88.413,88.021,88.094,9669920000
AUDJPY,20230320,0500,88.095,88.261,88.040,88.201,8252080000
AUDJPY,20230320,0600,88.199,88.200,87.485,87.536,20272610000
AUDJPY,20230320,0700,87.536,87.724,87.330,87.668,26631620000
AUDJPY,20230320,0800,87.670,87.872,87.130,87.512,26757610000
AUDJPY,20230320,0900,87.512,87.640,87.229,87.605,21645130000
AUDJPY,20230320,1000,87.603,87.974,87.517,87.911,18222350000
AUDJPY,20230320,1100,87.912,87.928,87.587,87.741,14170670000
AUDJPY,20230320,1200,87.741,88.242,87.653,88.131,18238920000
AUDJPY,20230320,1300,88.130,88.470,87.930,88.414,22582680000
AUDJPY,20230320,1400,88.416,88.538,88.290,88.522,19969200000
AUDJPY,20230320,1500,88.521,88.584,88.271,88.303,17193400000
AUDJPY,20230320,1600,88.304,88.447,88.048,88.430,13285140000
AUDJPY,20230320,1700,88.429,88.570,88.359,88.398,8455420000
AUDJPY,20230320,1800,88.398,88.420,88.154,88.179,7030070000
AUDJPY,20230320,1900,88.176,88.349,88.175,88.297,5828070000
AUDJPY,20230320,2000,88.298,88.332,88.170,88.176,3411300000
AUDJPY,20230320,2100,88.208,88.218,87.974,88.177,871810000
AUDJPY,20230320,2200,88.173,88.315,88.173,88.305,3598190000
AUDJPY,20230320,2300,88.305,88.342,88.124,88.252,4502860000
AUDJPY,20230321,0000,88.252,88.475,87.889,87.905,11275130000
AUDJPY,20230321,0100,87.902,87.945,87.708,87.917,9694880000
AUDJPY,20230321,0200,87.917,88.012,87.839,87.900,5213270000
AUDJPY,20230321,0300,87.902,87.924,87.774,87.854,4642410000
AUDJPY,20230321,0400,87.854,87.902,87.760,87.816,5181670000
AUDJPY,20230321,0500,87.815,87.877,87.737,87.818,4203130000
AUDJPY,20230321,0600,87.817,88.035,87.771,88.024,7120710000
AUDJPY,20230321,0700,88.024,88.213,87.973,88.184,13785080000
AUDJPY,20230321,0800,88.181,88.462,88.148,88.236,16663690000
AUDJPY,20230321,0900,88.235,88.371,88.206,88.347,11034640000
AUDJPY,20230321,1000,88.347,88.484,88.274,88.330,10295870000
AUDJPY,20230321,1100,88.331,88.426,88.298,88.393,10638280000
AUDJPY,20230321,1200,88.393,88.503,88.273,88.375,11843890000
AUDJPY,20230321,1300,88.379,88.417,88.251,88.308,15265030000
AUDJPY,20230321,1400,88.308,88.362,87.708,87.780,19229530000
AUDJPY,20230321,1500,87.783,88.067,87.740,87.974,14493680000
AUDJPY,20230321,1600,87.973,88.152,87.941,88.125,10311140000
AUDJPY,20230321,1700,88.123,88.280,88.096,88.185,9199770000
AUDJPY,20230321,1800,88.185,88.348,88.140,88.336,5505630000
AUDJPY,20230321,1900,88.334,88.410,88.276,88.332,5239790000
AUDJPY,20230321,2000,88.331,88.417,88.326,88.343,3108990000
AUDJPY,20230321,2100,88.303,88.354,88.146,88.327,6066360000
AUDJPY,20230321,2200,88.319,88.372,88.276,88.298,3153270000
AUDJPY,20230321,2300,88.297,88.423,88.234,88.418,3191700000
AUDJPY,20230322,0000,88.418,88.478,88.298,88.467,8557240000
AUDJPY,20230322,0100,88.464,88.789,88.396,88.642,11691750000
AUDJPY,20230322,0200,88.642,88.677,88.393,88.431,7867920000
AUDJPY,20230322,0300,88.432,88.602,88.393,88.575,6239020000
AUDJPY,20230322,0400,88.575,88.714,88.537,88.674,5794020000
AUDJPY,20230322,0500,88.673,88.740,88.564,88.662,5219810000
AUDJPY,20230322,0600,88.662,88.736,88.591,88.618,6829130000
AUDJPY,20230322,0700,88.613,88.806,88.600,88.754,12920330000
AUDJPY,20230322,0800,88.751,88.784,88.535,88.641,12654350000
AUDJPY,20230322,0900,88.642,88.778,88.583,88.760,8159770000
AUDJPY,20230322,1000,88.760,89.000,88.697,88.939,8780150000
AUDJPY,20230322,1100,88.939,88.984,88.811,88.856,6613910000
AUDJPY,20230322,1200,88.855,88.957,88.713,88.723,8825700000
AUDJPY,20230322,1300,88.723,88.759,88.479,88.626,10370570000
AUDJPY,20230322,1400,88.625,88.674,88.472,88.583,11458870000
AUDJPY,20230322,1500,88.581,88.717,88.421,88.688,10453720000
AUDJPY,20230322,1600,88.686,88.701,88.489,88.515,8025060000
AUDJPY,20230322,1700,88.517,88.568,88.399,88.404,7532740000
AUDJPY,20230322,1800,88.409,88.709,88.342,88.404,41077910000
AUDJPY,20230322,1900,88.401,88.439,87.688,87.730,32908540000
AUDJPY,20230322,2000,87.734,87.904,87.594,87.767,9485090000
AUDJPY,20230322,2100,87.650,87.839,87.650,87.788,6633310000
AUDJPY,20230322,2200,87.783,88.031,87.697,87.944,6905230000
AUDJPY,20230322,2300,87.944,87.962,87.795,87.857,6583110000
AUDJPY,20230323,0000,87.856,88.007,87.788,87.867,14393440000
AUDJPY,20230323,0100,87.867,87.922,87.765,87.877,11901380000
AUDJPY,20230323,0200,87.875,88.002,87.810,87.925,11202310000
AUDJPY,20230323,0300,87.926,87.954,87.777,87.907,10804390000
AUDJPY,20230323,0400,87.903,88.140,87.890,88.129,7102130000
AUDJPY,20230323,0500,88.130,88.202,88.028,88.083,9250440000
AUDJPY,20230323,0600,88.081,88.143,87.930,88.117,10408210000
AUDJPY,20230323,0700,88.117,88.295,88.111,88.199,17128430000
AUDJPY,20230323,0800,88.199,88.375,88.154,88.338,16346120000
AUDJPY,20230323,0900,88.339,88.348,88.157,88.199,11985080000
AUDJPY,20230323,1000,88.198,88.230,88.106,88.169,10051260000
AUDJPY,20230323,1100,88.169,88.285,88.157,88.231,9057710000
AUDJPY,20230323,1200,88.232,88.275,88.017,88.025,16415790000
AUDJPY,20230323,1300,88.025,88.052,87.883,88.025,17061800000
AUDJPY,20230323,1400,88.025,88.226,87.965,88.167,16345300000
AUDJPY,20230323,1500,88.167,88.239,87.998,88.011,14531110000
AUDJPY,20230323,1600,88.009,88.038,87.786,87.817,14368060000
AUDJPY,20230323,1700,87.817,87.893,87.690,87.724,12552990000
AUDJPY,20230323,1800,87.724,87.757,87.153,87.239,15066200000
AUDJPY,20230323,1900,87.238,87.716,86.921,87.276,27164080000
AUDJPY,20230323,2000,87.274,87.527,87.243,87.470,7060230000
AUDJPY,20230323,2100,87.340,87.493,87.332,87.489,3170240000
AUDJPY,20230323,2200,87.493,87.497,87.344,87.416,2800660000
AUDJPY,20230323,2300,87.413,87.430,87.285,87.430,5210180000
AUDJPY,20230324,0000,87.432,87.478,87.188,87.189,10484260000
AUDJPY,20230324,0100,87.190,87.219,86.716,87.132,17924080000
AUDJPY,20230324,0200,87.132,87.235,86.962,87.005,9211610000
AUDJPY,20230324,0300,87.003,87.203,86.985,87.097,6495390000
AUDJPY,20230324,0400,87.099,87.145,86.976,86.996,8789360000
AUDJPY,20230324,0500,86.995,87.108,86.920,87.007,8935110000
AUDJPY,20230324,0600,87.009,87.239,86.982,87.216,7469690000
AUDJPY,20230324,0700,87.213,87.274,87.111,87.116,11060630000
AUDJPY,20230324,0800,87.116,87.123,86.563,86.732,23392000000
AUDJPY,20230324,0900,86.732,86.834,86.158,86.209,19358580000
AUDJPY,20230324,1000,86.209,86.370,86.063,86.200,20623640000
AUDJPY,20230324,1100,86.200,86.400,86.056,86.276,14896990000
AUDJPY,20230324,1200,86.276,86.480,86.084,86.404,17638260000
AUDJPY,20230324,1300,86.404,86.740,86.323,86.691,24651360000
AUDJPY,20230324,1400,86.691,86.850,86.587,86.668,22131560000
AUDJPY,20230324,1500,86.667,86.862,86.433,86.767,17021980000
AUDJPY,20230324,1600,86.767,86.956,86.694,86.854,12711240000
AUDJPY,20230324,1700,86.854,86.920,86.776,86.844,9780430000
AUDJPY,20230324,1800,86.843,86.951,86.818,86.897,5958530000
AUDJPY,20230324,1900,86.896,87.020,86.842,86.923,5543100000
AUDJPY,20230324,2000,86.924,86.951,86.803,86.811,3177350000
AUDJPY,20230326,2100,86.826,86.889,86.643,86.655,984000000
AUDJPY,20230326,2200,86.659,87.095,86.659,86.996,6469070000
AUDJPY,20230326,2300,86.999,87.143,86.929,87.075,5454630000
AUDJPY,20230327,0000,87.076,87.083,86.715,86.874,10399090000
AUDJPY,20230327,0100,86.874,87.070,86.812,86.966,10979910000
AUDJPY,20230327,0200,86.966,87.019,86.866,86.922,6308260000
AUDJPY,20230327,0300,86.925,87.004,86.882,86.937,5497240000
AUDJPY,20230327,0400,86.940,86.992,86.835,86.918,5619740000
AUDJPY,20230327,0500,86.918,87.127,86.898,87.064,7377520000
AUDJPY,20230327,0600,87.063,87.510,87.048,87.472,11233400000
AUDJPY,20230327,0700,87.468,87.525,86.854,86.936,16452240000
AUDJPY,20230327,0800,86.936,87.229,86.922,87.138,11440370000
AUDJPY,20230327,0900,87.138,87.385,87.125,87.330,10855360000
AUDJPY,20230327,1000,87.330,87.469,87.241,87.251,9074640000
AUDJPY,20230327,1100,87.251,87.503,87.237,87.417,8612130000
AUDJPY,20230327,1200,87.415,87.501,87.371,87.389,11829280000
AUDJPY,20230327,1300,87.390,87.529,87.330,87.462,13782300000
AUDJPY,20230327,1400,87.461,87.537,87.241,87.329,14027170000
AUDJPY,20230327,1500,87.330,87.387,87.229,87.339,8457350000
AUDJPY,20230327,1600,87.337,87.475,87.303,87.426,6725020000
AUDJPY,20230327,1700,87.428,87.496,87.372,87.465,6333440000
AUDJPY,20230327,1800,87.463,87.539,87.393,87.467,5005040000
AUDJPY,20230327,1900,87.469,87.507,87.424,87.495,4278060000
AUDJPY,20230327,2000,87.496,87.508,87.451,87.463,3130080000
AUDJPY,20230327,2100,87.463,87.469,87.399,87.448,1205190000
AUDJPY,20230327,2200,87.441,87.487,87.424,87.465,6136020000
AUDJPY,20230327,2300,87.460,87.466,87.359,87.395,4900420000
AUDJPY,20230328,0000,87.394,87.394,87.218,87.267,11664240000
AUDJPY,20230328,0100,87.267,87.431,87.166,87.338,11587470000
AUDJPY,20230328,0200,87.338,87.451,87.318,87.377,6545500000
AUDJPY,20230328,0300,87.376,87.448,87.369,87.377,5779760000
AUDJPY,20230328,0400,87.377,87.450,87.329,87.360,6251230000
AUDJPY,20230328,0500,87.360,87.417,87.308,87.368,7128480000
AUDJPY,20230328,0600,87.367,87.644,87.366,87.522,10155820000
AUDJPY,20230328,0700,87.523,87.782,87.521,87.628,13447160000
AUDJPY,20230328,0800,87.628,87.696,87.429,87.431,10140550000
AUDJPY,20230328,0900,87.431,87.569,87.317,87.336,8077790000
AUDJPY,20230328,1000,87.337,87.503,87.305,87.410,7438160000
AUDJPY,20230328,1100,87.411,87.556,87.370,87.384,6398670000
AUDJPY,20230328,1200,87.383,87.392,87.148,87.238,13058370000
AUDJPY,20230328,1300,87.237,87.582,87.224,87.441,13661430000
AUDJPY,20230328,1400,87.442,87.773,87.425,87.731,14113160000
AUDJPY,20230328,1500,87.734,87.864,87.685,87.854,9826110000
AUDJPY,20230328,1600,87.851,87.880,87.797,87.862,5614270000
AUDJPY,20230328,1700,87.863,87.868,87.506,87.525,5624040000
AUDJPY,20230328,1800,87.522,87.666,87.502,87.653,4120520000
AUDJPY,20230328,1900,87.653,87.714,87.634,87.710,3360060000
AUDJPY,20230328,2000,87.710,87.820,87.709,87.797,2167910000
AUDJPY,20230328,2100,87.737,87.799,87.703,87.739,8109580000
AUDJPY,20230328,2200,87.742,87.779,87.689,87.729,3805510000
AUDJPY,20230328,2300,87.731,87.904,87.730,87.880,3348100000
AUDJPY,20230329,0000,87.885,88.119,87.770,87.956,10696940000
AUDJPY,20230329,0100,87.957,88.210,87.948,88.051,11509160000
AUDJPY,20230329,0200,88.051,88.298,88.043,88.256,5888130000
AUDJPY,20230329,0300,88.255,88.282,88.161,88.188,4604740000
AUDJPY,20230329,0400,88.188,88.268,88.094,88.268,5953990000
AUDJPY,20230329,0500,88.268,88.296,88.109,88.187,5470320000
AUDJPY,20230329,0600,88.187,88.192,87.989,88.091,10393560000
AUDJPY,20230329,0700,88.092,88.167,87.994,88.052,11946260000
AUDJPY,20230329,0800,88.054,88.096,87.909,87.993,9252360000
AUDJPY,20230329,0900,87.993,88.014,87.788,87.937,10378640000
AUDJPY,20230329,1000,87.937,88.084,87.891,88.069,7318350000
AUDJPY,20230329,1100,88.069,88.342,88.044,88.251,8311010000
AUDJPY,20230329,1200,88.252,88.517,88.228,88.469,12722670000
AUDJPY,20230329,1300,88.468,88.529,88.350,88.521,14004770000
AUDJPY,20230329,1400,88.523,88.704,88.446,88.552,16666340000
AUDJPY,20230329,1500,88.551,88.673,88.504,88.625,13142300000
AUDJPY,20230329,1600,88.624,88.671,88.560,88.592,6323940000
AUDJPY,20230329,1700,88.590,88.681,88.568,88.609,6158740000
AUDJPY,20230329,1800,88.610,88.641,88.536,88.596,4191810000
AUDJPY,20230329,1900,88.600,88.751,88.528,88.726,5316390000
AUDJPY,20230329,2000,88.726,88.829,88.718,88.781,2598420000
AUDJPY,20230329,2100,88.774,88.774,88.615,88.701,2202780000
AUDJPY,20230329,2200,88.698,88.738,88.666,88.687,3402270000
AUDJPY,20230329,2300,88.686,88.724,88.561,88.561,2944370000
AUDJPY,20230330,0000,88.561,88.625,88.391,88.535,10558590000
AUDJPY,20230330,0100,88.534,88.578,88.432,88.511,9899080000
AUDJPY,20230330,0200,88.510,88.552,88.443,88.498,6316740000
AUDJPY,20230330,0300,88.499,88.646,88.498,88.613,4520560000
AUDJPY,20230330,0400,88.612,88.660,88.547,88.635,3605850000
AUDJPY,20230330,0500,88.638,88.749,88.572,88.742,8799760000
AUDJPY,20230330,0600,88.743,88.858,88.737,88.779,11733350000
AUDJPY,20230330,0700,88.779,88.887,88.658,88.871,15043780000
AUDJPY,20230330,0800,88.872,89.006,88.808,88.940,10891820000
AUDJPY,20230330,0900,88.944,89.043,88.886,88.908,8451790000
AUDJPY,20230330,1000,88.905,89.013,88.769,88.780,8881250000
AUDJPY,20230330,1100,88.780,88.813,88.629,88.790,6927810000
AUDJPY,20230330,1200,88.789,88.992,88.766,88.919,13542850000
AUDJPY,20230330,1300,88.919,89.078,88.916,88.980,14748080000
AUDJPY,20230330,1400,88.981,89.040,88.811,88.975,13899770000
AUDJPY,20230330,1500,88.976,89.001,88.841,88.918,8887200000
AUDJPY,20230330,1600,88.917,88.937,88.748,88.778,7335000000
AUDJPY,20230330,1700,88.779,88.820,88.638,88.735,4809770000
AUDJPY,20230330,1800,88.735,88.856,88.676,88.850,3763310000
AUDJPY,20230330,1900,88.850,89.000,88.834,89.000,3182880000
AUDJPY,20230330,2000,89.000,89.086,88.967,89.015,2910460000
AUDJPY,20230330,2100,88.921,89.058,88.864,89.029,11436910000
AUDJPY,20230330,2200,89.027,89.134,88.945,89.121,2449910000
AUDJPY,20230330,2300,89.120,89.511,89.096,89.446,5954390000
AUDJPY,20230331,0000,89.444,89.675,89.420,89.527,12750350000
AUDJPY,20230331,0100,89.528,89.680,89.438,89.486,12670610000
AUDJPY,20230331,0200,89.487,89.532,89.347,89.347,7397100000
AUDJPY,20230331,0300,89.346,89.380,89.201,89.201,5550600000
AUDJPY,20230331,0400,89.203,89.293,89.056,89.084,5025190000
AUDJPY,20230331,0500,89.085,89.323,89.063,89.280,6404390000
AUDJPY,20230331,0600,89.281,89.344,89.062,89.298,9343310000
AUDJPY,20230331,0700,89.299,89.319,88.839,88.926,13038250000
AUDJPY,20230331,0800,88.927,89.308,88.654,89.264,16171340000
AUDJPY,20230331,0900,89.261,89.307,89.126,89.307,11991220000
AUDJPY,20230331,1000,89.309,89.389,89.203,89.218,6369610000
AUDJPY,20230331,1100,89.217,89.220,89.016,89.045,7189540000
AUDJPY,20230331,1200,89.046,89.160,88.907,89.151,17363250000
AUDJPY,20230331,1300,89.152,89.357,89.134,89.191,15351290000
AUDJPY,20230331,1400,89.190,89.241,88.992,89.112,17633690000
AUDJPY,20230331,1500,89.110,89.166,88.977,88.985,13459120000
AUDJPY,20230331,1600,88.986,89.026,88.881,88.940,6368840000
AUDJPY,20230331,1700,88.940,88.957,88.749,88.819,4650330000
AUDJPY,20230331,1800,88.819,88.820,88.624,88.660,4140730000
AUDJPY,20230331,1900,88.660,88.782,88.658,88.745,4995320000
AUDJPY,20230331,2000,88.748,88.809,88.679,88.727,3430790000
AUDJPY,20230402,2100,89.107,89.120,88.979,89.042,851070000
AUDJPY,20230402,2200,89.042,89.067,88.888,89.025,9852550000
AUDJPY,20230402,2300,89.026,89.033,88.747,88.793,6739200000
AUDJPY,20230403,0000,88.790,88.799,88.553,88.686,13624520000
AUDJPY,20230403,0100,88.684,88.938,88.580,88.890,12117370000
AUDJPY,20230403,0200,88.891,88.913,88.762,88.845,8338400000
AUDJPY,20230403,0300,88.845,88.982,88.845,88.914,6808110000
AUDJPY,20230403,0400,88.913,88.995,88.891,88.973,4305080000
AUDJPY,20230403,0500,88.973,89.030,88.845,88.937,6628870000
AUDJPY,20230403,0600,88.943,89.201,88.917,89.201,10735780000
AUDJPY,20230403,0700,89.219,89.421,89.175,89.410,11790020000
AUDJPY,20230403,0800,89.412,89.475,89.290,89.389,7528650000
AUDJPY,20230403,0900,89.389,89.609,89.386,89.508,8053950000
AUDJPY,20230403,1000,89.510,89.657,89.439,89.632,9695330000
AUDJPY,20230403,1100,89.632,89.892,89.558,89.864,11016710000
AUDJPY,20230403,1200,89.866,90.040,89.744,90.008,13034550000
AUDJPY,20230403,1300,90.011,90.051,89.861,89.876,13116540000
AUDJPY,20230403,1400,89.874,89.886,89.618,89.740,24171730000
AUDJPY,20230403,1500,89.740,89.814,89.560,89.770,13290960000
AUDJPY,20230403,1600,89.770,89.907,89.770,89.882,7231840000
AUDJPY,20230403,1700,89.882,89.882,89.712,89.794,6301310000
AUDJPY,20230403,1800,89.793,89.824,89.671,89.811,6022150000
AUDJPY,20230403,1900,89.813,89.929,89.778,89.921,3474410000
AUDJPY,20230403,2000,89.920,89.921,89.803,89.803,2544470000
AUDJPY,20230403,2100,89.673,89.834,89.673,89.807,6382930000
AUDJPY,20230403,2200,89.807,89.854,89.768,89.809,3812360000
AUDJPY,20230403,2300,89.811,89.839,89.724,89.796,3524370000
AUDJPY,20230404,0000,89.797,89.999,89.743,89.954,9433970000
AUDJPY,20230404,0100,89.954,90.054,89.933,89.999,8475470000
AUDJPY,20230404,0200,89.999,90.014,89.898,89.948,6501220000
AUDJPY,20230404,0300,89.949,90.092,89.928,90.066,3852560000
AUDJPY,20230404,0400,90.064,90.162,89.699,89.754,9322570000
AUDJPY,20230404,0500,89.754,89.949,89.673,89.893,5864780000
AUDJPY,20230404,0600,89.893,89.928,89.645,89.826,10424760000
AUDJPY,20230404,0700,89.826,89.854,89.479,89.584,13548420000
AUDJPY,20230404,0800,89.583,89.721,89.515,89.632,10321000000
AUDJPY,20230404,0900,89.630,89.801,89.586,89.739,9857120000
AUDJPY,20230404,1000,89.739,89.854,89.704,89.800,7251200000
AUDJPY,20230404,1100,89.799,89.856,89.720,89.789,7503650000
AUDJPY,20230404,1200,89.793,89.802,89.342,89.358,10674070000
AUDJPY,20230404,1300,89.359,89.439,89.252,89.302,13071210000
AUDJPY,20230404,1400,89.304,89.329,88.741,88.976,30432400000
AUDJPY,20230404,1500,88.975,88.977,88.652,88.728,16007870000
AUDJPY,20230404,1600,88.728,88.748,88.580,88.676,9624830000
AUDJPY,20230404,1700,88.677,88.860,88.677,88.814,5156450000
AUDJPY,20230404,1800,88.812,88.824,88.707,88.724,4219640000
AUDJPY,20230404,1900,88.723,88.866,88.700,88.866,3660020000
AUDJPY,20230404,2000,88.864,88.987,88.858,88.885,2389830000
AUDJPY,20230404,2100,88.878,88.895,88.807,88.884,751800000
AUDJPY,20230404,2200,88.877,88.967,88.824,88.894,3236750000
AUDJPY,20230404,2300,88.895,88.919,88.709,88.798,6831850000
AUDJPY,20230405,0000,88.800,88.892,88.725,88.858,8208490000
AUDJPY,20230405,0100,88.852,88.928,88.798,88.817,6720200000
AUDJPY,20230405,0200,88.815,89.195,88.812,89.098,11549810000
AUDJPY,20230405,0300,89.097,89.100,88.847,88.888,5158910000
AUDJPY,20230405,0400,88.891,88.894,88.749,88.777,4695770000
AUDJPY,20230405,0500,88.777,88.816,88.491,88.547,5208870000
AUDJPY,20230405,0600,88.548,88.576,88.339,88.358,10548570000
AUDJPY,20230405,0700,88.356,88.533,88.083,88.136,14735270000
AUDJPY,20230405,0800,88.141,88.146,87.858,88.004,13346110000
AUDJPY,20230405,0900,88.003,88.186,87.909,88.001,10554610000
AUDJPY,20230405,1000,88.002,88.020,87.880,87.976,7308740000
AUDJPY,20230405,1100,87.975,88.061,87.893,88.001,7812600000
AUDJPY,20230405,1200,88.001,88.099,87.769,87.865,17280140000
AUDJPY,20230405,1300,87.867,87.986,87.782,87.893,15599060000
AUDJPY,20230405,1400,87.887,87.976,87.639,87.777,25220620000
AUDJPY,20230405,1500,87.777,88.165,87.747,88.153,14033940000
AUDJPY,20230405,1600,88.153,88.169,87.929,87.959,8966410000
AUDJPY,20230405,1700,87.960,88.045,87.886,87.992,5537990000
AUDJPY,20230405,1800,87.993,88.102,87.992,88.080,4226400000
AUDJPY,20230405,1900,88.078,88.213,88.064,88.186,4084200000
AUDJPY,20230405,2000,88.186,88.263,88.139,88.203,2649190000
AUDJPY,20230405,2100,88.101,88.235,88.101,88.183,1879860000
AUDJPY,20230405,2200,88.187,88.221,88.131,88.141,3665400000
AUDJPY,20230405,2300,88.140,88.140,87.887,87.915,4849060000
AUDJPY,20230406,0000,87.913,87.965,87.782,87.946,7886650000
AUDJPY,20230406,0100,87.946,88.005,87.831,87.881,8732840000
AUDJPY,20230406,0200,87.881,87.884,87.762,87.840,6236900000
AUDJPY,20230406,0300,87.841,87.920,87.801,87.879,3962780000
AUDJPY,20230406,0400,87.877,87.900,87.788,87.800,2997570000
AUDJPY,20230406,0500,87.799,87.860,87.722,87.824,4560190000
AUDJPY,20230406,0600,87.823,88.154,87.819,88.065,8672790000
AUDJPY,20230406,0700,88.067,88.126,87.941,88.094,11663370000
AUDJPY,20230406,0800,88.093,88.125,87.827,88.007,10228850000
AUDJPY,20230406,0900,88.007,88.023,87.844,87.928,7290400000
AUDJPY,20230406,1000,87.927,88.028,87.895,87.949,6223380000
AUDJPY,20230406,1100,87.949,87.991,87.837,87.987,6409610000
AUDJPY,20230406,1200,87.986,88.069,87.669,87.751,15748780000
AUDJPY,20230406,1300,87.755,87.846,87.591,87.693,14703360000
AUDJPY,20230406,1400,87.697,87.870,87.646,87.807,14069980000
AUDJPY,20230406,1500,87.804,87.884,87.718,87.838,8464930000
AUDJPY,20230406,1600,87.837,87.933,87.832,87.864,5014350000
AUDJPY,20230406,1700,87.865,87.947,87.852,87.938,3657460000
AUDJPY,20230406,1800,87.940,87.992,87.917,87.981,3609020000
AUDJPY,20230406,1900,87.982,87.994,87.899,87.900,2376060000
AUDJPY,20230406,2000,87.901,87.931,87.863,87.863,1726750000
AUDJPY,20230406,2100,87.863,87.863,87.805,87.840,424220000
AUDJPY,20230406,2200,87.839,87.950,87.825,87.931,4000160000
AUDJPY,20230406,2300,87.930,87.955,87.828,87.869,2827620000
AUDJPY,20230407,0000,87.867,87.933,87.818,87.902,5049950000
AUDJPY,20230407,0100,87.902,87.929,87.839,87.896,3436770000
AUDJPY,20230407,0200,87.894,88.035,87.866,88.016,2580550000
AUDJPY,20230407,0300,88.019,88.072,87.963,87.983,2274530000
AUDJPY,20230407,0400,87.984,88.048,87.969,88.026,1590040000
AUDJPY,20230407,0500,88.025,88.117,87.989,88.084,2827830000
AUDJPY,20230407,0600,88.083,88.182,88.060,88.079,3762810000
AUDJPY,20230407,0700,88.079,88.143,88.054,88.104,2644820000
AUDJPY,20230407,0800,88.101,88.101,87.971,88.011,1943890000
AUDJPY,20230407,0900,88.010,88.049,87.970,88.007,2384330000
AUDJPY,20230407,1000,88.006,88.014,87.860,87.862,2018970000
AUDJPY,20230407,1100,87.865,87.894,87.850,87.884,2204570000
AUDJPY,20230407,1200,87.882,88.236,87.765,88.151,13860120000
AUDJPY,20230407,1300,88.151,88.254,88.103,88.139,6631790000
AUDJPY,20230407,1400,88.139,88.172,88.001,88.006,4115380000
AUDJPY,20230407,1500,88.006,88.045,87.961,88.040,10858950000
AUDJPY,20230407,1600,88.039,88.124,87.937,88.014,8393340000
AUDJPY,20230407,1700,88.018,88.158,87.956,88.133,2632530000
AUDJPY,20230407,1800,88.133,88.206,87.994,88.204,8801780000
AUDJPY,20230407,1900,88.204,88.205,87.956,88.105,2536170000
AUDJPY,20230407,2000,88.105,88.114,87.902,88.024,2437460000
AUDJPY,20230409,2100,87.867,88.055,87.848,88.020,376540000
AUDJPY,20230409,2200,88.013,88.067,87.916,88.039,4356640000
AUDJPY,20230409,2300,88.039,88.205,88.004,88.149,2757370000
AUDJPY,20230410,0000,88.149,88.364,88.139,88.301,8598760000
AUDJPY,20230410,0100,88.300,88.416,88.237,88.377,6608790000
AUDJPY,20230410,0200,88.379,88.410,88.277,88.312,4528850000
AUDJPY,20230410,0300,88.311,88.422,88.299,88.407,2533460000
AUDJPY,20230410,0400,88.406,88.466,88.344,88.349,4411320000
AUDJPY,20230410,0500,88.351,88.354,88.237,88.296,5279880000
AUDJPY,20230410,0600,88.294,88.389,88.259,88.384,4254710000
AUDJPY,20230410,0700,88.383,88.416,88.021,88.092,7461600000
AUDJPY,20230410,0800,88.092,88.163,88.005,88.073,6427610000
AUDJPY,20230410,0900,88.074,88.294,88.026,88.229,4755890000
AUDJPY,20230410,1000,88.231,88.309,88.164,88.227,6619030000
AUDJPY,20230410,1100,88.226,88.509,88.188,88.459,10060050000
AUDJPY,20230410,1200,88.460,88.494,88.255,88.307,15056510000
AUDJPY,20230410,1300,88.306,88.442,88.293,88.440,12759780000
AUDJPY,20230410,1400,88.438,88.690,88.420,88.672,10314880000
AUDJPY,20230410,1500,88.672,88.705,88.585,88.610,7064830000
AUDJPY,20230410,1600,88.608,88.699,88.572,88.686,4275320000
AUDJPY,20230410,1700,88.689,88.753,88.625,88.743,3605290000
AUDJPY,20230410,1800,88.746,88.749,88.682,88.727,2851880000
AUDJPY,20230410,1900,88.728,88.742,88.663,88.717,3330620000
AUDJPY,20230410,2000,88.717,88.755,88.694,88.713,1958240000
AUDJPY,20230410,2100,88.713,88.713,88.448,88.685,6597200000
AUDJPY,20230410,2200,88.685,88.781,88.635,88.727,3496080000
AUDJPY,20230410,2300,88.727,88.807,88.717,88.732,2586000000
AUDJPY,20230411,0000,88.730,88.808,88.628,88.796,6958800000
AUDJPY,20230411,0100,88.797,88.906,88.717,88.846,9321080000
AUDJPY,20230411,0200,88.847,89.004,88.834,88.890,8658190000
AUDJPY,20230411,0300,88.892,88.991,88.888,88.958,4640700000
AUDJPY,20230411,0400,88.960,89.030,88.942,88.947,4886230000
AUDJPY,20230411,0500,88.947,88.986,88.872,88.966,5975030000
AUDJPY,20230411,0600,88.966,89.126,88.954,89.004,9061450000
AUDJPY,20230411,0700,89.005,89.065,88.730,88.740,12185120000
AUDJPY,20230411,0800,88.740,88.852,88.658,88.760,8927620000
AUDJPY,20230411,0900,88.762,88.797,88.595,88.643,7459030000
AUDJPY,20230411,1000,88.641,88.685,88.557,88.599,7762910000
AUDJPY,20230411,1100,88.598,88.705,88.532,88.671,7410300000
AUDJPY,20230411,1200,88.670,88.681,88.582,88.605,7745190000
AUDJPY,20230411,1300,88.605,88.826,88.526,88.775,10642440000
AUDJPY,20230411,1400,88.775,88.939,88.771,88.826,11070570000
AUDJPY,20230411,1500,88.826,88.925,88.817,88.837,7476660000
AUDJPY,20230411,1600,88.837,88.897,88.824,88.879,5036750000
AUDJPY,20230411,1700,88.880,88.932,88.834,88.915,3002820000
AUDJPY,20230411,1800,88.917,89.013,88.900,88.973,2717940000
AUDJPY,20230411,1900,88.975,89.011,88.913,88.939,2758040000
AUDJPY,20230411,2000,88.940,88.987,88.921,88.921,1845440000
AUDJPY,20230411,2100,88.908,88.949,88.819,88.912,9765320000
AUDJPY,20230411,2200,88.912,88.953,88.862,88.889,4660840000
AUDJPY,20230411,2300,88.889,88.902,88.832,88.884,2433320000
AUDJPY,20230412,0000,88.883,89.070,88.869,88.987,6264320000
AUDJPY,20230412,0100,88.987,89.030,88.935,89.024,5820130000
AUDJPY,20230412,0200,89.023,89.112,89.005,89.103,6972890000
AUDJPY,20230412,0300,89.103,89.203,89.082,89.203,5513650000
AUDJPY,20230412,0400,89.203,89.319,89.200,89.275,4209270000
AUDJPY,20230412,0500,89.274,89.310,89.181,89.247,4027430000
AUDJPY,20230412,0600,89.246,89.266,88.906,88.930,7246370000
AUDJPY,20230412,0700,88.929,89.172,88.877,89.165,9507180000
AUDJPY,20230412,0800,89.165,89.183,89.079,89.108,8198350000
AUDJPY,20230412,0900,89.108,89.194,88.988,89.194,6106680000
AUDJPY,20230412,1000,89.193,89.267,89.106,89.210,5466020000
AUDJPY,20230412,1100,89.209,89.257,89.128,89.245,6233060000
AUDJPY,20230412,1200,89.245,89.327,89.012,89.214,22098820000
AUDJPY,20230412,1300,89.212,89.271,89.089,89.183,23196260000
AUDJPY,20230412,1400,89.183,89.284,89.068,89.158,19780970000
AUDJPY,20230412,1500,89.158,89.188,88.938,89.100,11110300000
AUDJPY,20230412,1600,89.099,89.231,89.078,89.208,7195040000
AUDJPY,20230412,1700,89.208,89.360,89.200,89.265,6748190000
AUDJPY,20230412,1800,89.261,89.311,89.060,89.207,10022940000
AUDJPY,20230412,1900,89.204,89.226,89.032,89.137,5302680000
AUDJPY,20230412,2000,89.136,89.154,89.005,89.083,2206250000
AUDJPY,20230412,2100,88.982,89.143,88.970,89.072,1915190000
AUDJPY,20230412,2200,89.072,89.196,89.026,89.117,3324160000
AUDJPY,20230412,2300,89.115,89.143,89.026,89.121,3078600000
AUDJPY,20230413,0000,89.121,89.194,88.974,89.105,8155080000
AUDJPY,20230413,0100,89.103,89.502,88.974,89.443,9651140000
AUDJPY,20230413,0200,89.443,89.502,89.331,89.446,7091840000
AUDJPY,20230413,0300,89.443,89.491,89.344,89.413,4820970000
AUDJPY,20230413,0400,89.412,89.438,89.362,89.434,4335190000
AUDJPY,20230413,0500,89.433,89.443,89.298,89.326,4510480000
AUDJPY,20230413,0600,89.325,89.488,89.273,89.382,6833110000
AUDJPY,20230413,0700,89.382,89.546,89.300,89.437,10640810000
AUDJPY,20230413,0800,89.438,89.601,89.432,89.528,9723560000
AUDJPY,20230413,0900,89.529,89.627,89.482,89.614,6889970000
AUDJPY,20230413,1000,89.614,89.693,89.599,89.655,6236610000
AUDJPY,20230413,1100,89.655,89.901,89.620,89.815,5679050000
AUDJPY,20230413,1200,89.817,89.847,89.523,89.530,18758660000
AUDJPY,20230413,1300,89.531,89.567,89.299,89.430,20281160000
AUDJPY,20230413,1400,89.432,89.612,89.432,89.607,16143980000
AUDJPY,20230413,1500,89.607,89.735,89.585,89.720,9405910000
AUDJPY,20230413,1600,89.723,89.843,89.723,89.831,6206990000
AUDJPY,20230413,1700,89.831,90.080,89.831,90.049,5926700000
AUDJPY,20230413,1800,90.049,90.170,90.049,90.136,4533490000
AUDJPY,20230413,1900,90.135,90.136,90.060,90.069,2982600000
AUDJPY,20230413,2000,90.071,90.099,89.893,89.893,2405110000
AUDJPY,20230413,2100,89.893,89.930,89.828,89.906,10029290000
AUDJPY,20230413,2200,89.921,89.969,89.908,89.933,2510080000
AUDJPY,20230413,2300,89.936,89.947,89.838,89.876,2778340000
AUDJPY,20230414,0000,89.877,90.078,89.837,89.933,8219960000
AUDJPY,20230414,0100,89.934,89.997,89.850,89.915,7983810000
AUDJPY,20230414,0200,89.916,89.943,89.774,89.817,7975970000
AUDJPY,20230414,0300,89.817,89.875,89.767,89.832,4640610000
AUDJPY,20230414,0400,89.832,89.864,89.650,89.851,5265350000
AUDJPY,20230414,0500,89.850,89.868,89.803,89.842,5541040000
AUDJPY,20230414,0600,89.844,89.844,89.699,89.716,7298420000
AUDJPY,20230414,0700,89.717,89.794,89.589,89.611,9755370000
AUDJPY,20230414,0800,89.610,89.653,89.523,89.630,8960170000
AUDJPY,20230414,0900,89.630,89.769,89.613,89.744,5709370000
AUDJPY,20230414,1000,89.745,89.853,89.703,89.841,5397510000
AUDJPY,20230414,1100,89.840,89.921,89.788,89.822,8177470000
AUDJPY,20230414,1200,89.824,90.072,89.810,89.977,23055190000
AUDJPY,20230414,1300,89.975,90.075,89.868,89.996,18540220000
AUDJPY,20230414,1400,89.994,90.086,89.581,89.636,22279900000
AUDJPY,20230414,1500,89.638,89.698,89.560,89.627,13350270000
AUDJPY,20230414,1600,89.627,89.656,89.568,89.604,7373000000
AUDJPY,20230414,1700,89.603,89.673,89.507,89.592,6160820000
AUDJPY,20230414,1800,89.593,89.727,89.592,89.718,3486250000
AUDJPY,20230414,1900,89.717,89.735,89.612,89.715,3565390000
AUDJPY,20230414,2000,89.714,89.761,89.691,89.715,2203320000
AUDJPY,20230416,2100,89.667,89.739,89.595,89.711,373580000
AUDJPY,20230416,2200,89.711,89.801,89.667,89.784,3882660000
AUDJPY,20230416,2300,89.786,89.846,89.732,89.843,3335410000
AUDJPY,20230417,0000,89.842,89.864,89.586,89.600,6570610000
AUDJPY,20230417,0100,89.600,89.884,89.590,89.838,7490650000
AUDJPY,20230417,0200,89.838,89.848,89.724,89.791,5914740000
AUDJPY,20230417,0300,89.792,89.874,89.740,89.872,4017150000
AUDJPY,20230417,0400,89.873,89.963,89.819,89.935,4008810000
AUDJPY,20230417,0500,89.935,90.040,89.889,89.890,5656860000
AUDJPY,20230417,0600,89.890,90.007,89.851,89.984,8223160000
AUDJPY,20230417,0700,89.984,90.020,89.853,89.872,10180980000
AUDJPY,20230417,0800,89.871,89.883,89.638,89.731,10128220000
AUDJPY,20230417,0900,89.731,89.872,89.691,89.848,7525340000
AUDJPY,20230417,1000,89.847,89.925,89.819,89.880,5227590000
AUDJPY,20230417,1100,89.880,89.934,89.735,89.746,6374770000
AUDJPY,20230417,1200,89.746,89.901,89.704,89.727,13563170000
AUDJPY,20230417,1300,89.727,90.012,89.726,89.821,14948650000
AUDJPY,20230417,1400,89.822,90.023,89.736,90.021,15077380000
AUDJPY,20230417,1500,90.021,90.040,89.931,90.010,10671510000
AUDJPY,20230417,1600,90.011,90.033,89.946,89.994,4814790000
AUDJPY,20230417,1700,89.993,90.081,89.962,90.041,3106000000
AUDJPY,20230417,1800,90.041,90.086,89.976,90.062,2288260000
AUDJPY,20230417,1900,90.061,90.131,90.045,90.130,2069510000
AUDJPY,20230417,2000,90.127,90.156,90.080,90.080,1677890000
AUDJPY,20230417,2100,90.004,90.131,89.981,90.095,11106160000
AUDJPY,20230417,2200,90.095,90.140,90.075,90.077,2683730000
AUDJPY,20230417,2300,90.076,90.125,90.055,90.063,2305430000
AUDJPY,20230418,0000,90.063,90.085,89.973,90.044,5136480000
AUDJPY,20230418,0100,90.045,90.370,90.022,90.247,8548950000
AUDJPY,20230418,0200,90.250,90.425,90.211,90.369,8099800000
AUDJPY,20230418,0300,90.368,90.432,90.244,90.259,5417010000
AUDJPY,20230418,0400,90.259,90.367,90.225,90.300,3954330000
AUDJPY,20230418,0500,90.300,90.490,90.275,90.480,5009550000
AUDJPY,20230418,0600,90.478,90.489,90.388,90.421,9046510000
AUDJPY,20230418,0700,90.423,90.511,90.316,90.332,11174330000
AUDJPY,20230418,0800,90.333,90.458,90.302,90.371,8888480000
AUDJPY,20230418,0900,90.370,90.460,90.307,90.351,8019300000
AUDJPY,20230418,1000,90.354,90.406,90.288,90.382,7269570000
AUDJPY,20230418,1100,90.384,90.385,90.209,90.215,8368650000
AUDJPY,20230418,1200,90.219,90.420,90.215,90.297,11371670000
AUDJPY,20230418,1300,90.297,90.353,90.224,90.240,12751900000
AUDJPY,20230418,1400,90.240,90.279,90.037,90.218,13748760000
AUDJPY,20230418,1500,90.218,90.229,90.089,90.100,8803150000
AUDJPY,20230418,1600,90.099,90.280,90.087,90.237,5376300000
AUDJPY,20230418,1700,90.236,90.243,90.147,90.211,3883590000
AUDJPY,20230418,1800,90.210,90.223,90.119,90.188,3885260000
AUDJPY,20230418,1900,90.189,90.236,90.164,90.212,3118680000
AUDJPY,20230418,2000,90.211,90.229,90.172,90.194,1544610000
AUDJPY,20230418,2100,90.147,90.228,90.007,90.192,12349320000
AUDJPY,20230418,2200,90.190,90.221,90.154,90.200,2648290000
AUDJPY,20230418,2300,90.200,90.312,90.177,90.283,2468850000
AUDJPY,20230419,0000,90.281,90.353,90.257,90.286,5638380000
AUDJPY,20230419,0100,90.287,90.369,90.219,90.298,7284060000
AUDJPY,20230419,0200,90.297,90.383,90.200,90.362,6763890000
AUDJPY,20230419,0300,90.362,90.401,90.313,90.387,3682730000
AUDJPY,20230419,0400,90.386,90.442,90.374,90.410,2778890000
AUDJPY,20230419,0500,90.411,90.435,90.368,90.415,3794040000
AUDJPY,20230419,0600,90.415,90.545,90.314,90.409,14495290000
AUDJPY,20230419,0700,90.408,90.528,90.403,90.492,12495490000
AUDJPY,20230419,0800,90.493,90.514,90.383,90.458,10212510000
AUDJPY,20230419,0900,90.458,90.527,90.218,90.278,11588870000
AUDJPY,20230419,1000,90.280,90.362,90.228,90.344,8355810000
AUDJPY,20230419,1100,90.345,90.385,90.280,90.299,8847270000
AUDJPY,20230419,1200,90.299,90.431,90.244,90.281,12956910000
AUDJPY,20230419,1300,90.281,90.413,90.260,90.359,13045910000
AUDJPY,20230419,1400,90.357,90.554,90.356,90.469,11401280000
AUDJPY,20230419,1500,90.469,90.554,90.469,90.532,7842070000
AUDJPY,20230419,1600,90.531,90.575,90.499,90.527,4156480000
AUDJPY,20230419,1700,90.528,90.585,90.513,90.531,3805700000
AUDJPY,20230419,1800,90.532,90.547,90.442,90.470,3907410000
AUDJPY,20230419,1900,90.468,90.515,90.443,90.512,2079580000
AUDJPY,20230419,2000,90.512,90.512,90.393,90.396,1707660000
AUDJPY,20230419,2100,90.393,90.417,90.333,90.375,5626060000
AUDJPY,20230419,2200,90.376,90.490,90.293,90.368,4044560000
AUDJPY,20230419,2300,90.370,90.404,90.281,90.327,3886040000
AUDJPY,20230420,0000,90.327,90.439,90.269,90.401,6950580000
AUDJPY,20230420,0100,90.402,90.473,90.346,90.411,7891110000
AUDJPY,20230420,0200,90.412,90.430,90.297,90.382,5120260000
AUDJPY,20230420,0300,90.382,90.386,90.262,90.335,3955490000
AUDJPY,20230420,0400,90.338,90.385,90.320,90.358,3217630000
AUDJPY,20230420,0500,90.360,90.452,90.352,90.438,3989970000
AUDJPY,20230420,0600,90.437,90.468,90.354,90.389,8141780000
AUDJPY,20230420,0700,90.390,90.421,90.248,90.324,9933510000
AUDJPY,20230420,0800,90.324,90.426,90.285,90.361,8058770000
AUDJPY,20230420,0900,90.359,90.548,90.303,90.484,7530270000
AUDJPY,20230420,1000,90.486,90.648,90.429,90.636,6317950000
AUDJPY,20230420,1100,90.633,90.667,90.497,90.501,6436890000
AUDJPY,20230420,1200,90.499,90.627,90.324,90.619,16663160000
AUDJPY,20230420,1300,90.619,90.666,90.526,90.644,14606240000
AUDJPY,20230420,1400,90.637,90.778,90.613,90.694,13471120000
AUDJPY,20230420,1500,90.694,90.715,90.511,90.554,8065900000
AUDJPY,20230420,1600,90.554,90.601,90.516,90.566,5220830000
AUDJPY,20230420,1700,90.565,90.664,90.560,90.651,2702650000
AUDJPY,20230420,1800,90.652,90.668,90.493,90.569,3453830000
AUDJPY,20230420,1900,90.568,90.589,90.424,90.461,3091110000
AUDJPY,20230420,2000,90.462,90.522,90.434,90.467,1764860000
AUDJPY,20230420,2100,90.474,90.501,90.424,90.471,7904150000
AUDJPY,20230420,2200,90.472,90.533,90.429,90.441,3108630000
AUDJPY,20230420,2300,90.446,90.455,90.331,90.339,2764780000
AUDJPY,20230421,0000,90.338,90.466,90.312,90.431,5504790000
AUDJPY,20230421,0100,90.430,90.441,89.970,90.037,6994620000
AUDJPY,20230421,0200,90.040,90.084,89.942,90.078,5372360000
AUDJPY,20230421,0300,90.076,90.083,89.887,89.912,3097860000
AUDJPY,20230421,0400,89.912,89.918,89.803,89.876,3353600000
AUDJPY,20230421,0500,89.876,89.916,89.749,89.756,3859180000
AUDJPY,20230421,0600,89.754,89.754,89.455,89.525,8829950000
AUDJPY,20230421,0700,89.527,89.639,89.485,89.547,10562310000
AUDJPY,20230421,0800,89.547,89.680,89.397,89.453,10254380000
AUDJPY,20230421,0900,89.452,89.587,89.445,89.450,5398590000
AUDJPY,20230421,1000,89.451,89.596,89.402,89.524,5795110000
AUDJPY,20230421,1100,89.521,89.641,89.494,89.567,5013810000
AUDJPY,20230421,1200,89.568,89.699,89.545,89.554,8361250000
AUDJPY,20230421,1300,89.555,89.851,89.515,89.788,17288670000
AUDJPY,20230421,1400,89.786,90.007,89.728,89.835,18436310000
AUDJPY,20230421,1500,89.836,89.940,89.770,89.813,9295540000
AUDJPY,20230421,1600,89.813,89.826,89.637,89.718,5600530000
AUDJPY,20230421,1700,89.717,89.817,89.687,89.800,3571810000
AUDJPY,20230421,1800,89.800,89.840,89.686,89.708,3790100000
AUDJPY,20230421,1900,89.706,89.729,89.653,89.714,2794590000
AUDJPY,20230421,2000,89.713,89.767,89.687,89.695,1950110000
AUDJPY,20230423,2100,89.695,89.781,89.556,89.696,511650000
AUDJPY,20230423,2200,89.696,89.788,89.645,89.747,2967240000
AUDJPY,20230423,2300,89.746,89.748,89.619,89.621,2403950000
AUDJPY,20230424,0000,89.622,89.698,89.479,89.681,5895540000
AUDJPY,20230424,0100,89.679,89.747,89.631,89.643,5824830000
AUDJPY,20230424,0200,89.643,89.818,89.639,89.801,7401260000
AUDJPY,20230424,0300,89.800,89.819,89.732,89.736,5539160000
AUDJPY,20230424,0400,89.738,89.759,89.646,89.676,3725980000
AUDJPY,20230424,0500,89.677,89.700,89.599,89.694,4976390000
AUDJPY,20230424,0600,89.694,89.694,89.437,89.483,8249200000
AUDJPY,20230424,0700,89.483,89.723,89.423,89.703,8393710000
AUDJPY,20230424,0800,89.703,89.809,89.699,89.801,7361770000
AUDJPY,20230424,0900,89.800,89.933,89.729,89.795,6803800000
AUDJPY,20230424,1000,89.796,89.943,89.771,89.902,6633620000
AUDJPY,20230424,1100,89.903,90.008,89.881,89.941,4342290000
AUDJPY,20230424,1200,89.941,89.967,89.879,89.909,6857110000
AUDJPY,20230424,1300,89.910,89.973,89.807,89.944,9161150000
AUDJPY,20230424,1400,89.942,90.047,89.879,89.978,10427760000
AUDJPY,20230424,1500,89.979,90.000,89.715,89.761,7170150000
AUDJPY,20230424,1600,89.763,89.830,89.744,89.824,3011340000
AUDJPY,20230424,1700,89.826,89.913,89.789,89.888,3004140000
AUDJPY,20230424,1800,89.889,89.897,89.804,89.842,2474350000
AUDJPY,20230424,1900,89.842,89.910,89.842,89.893,2346000000
AUDJPY,20230424,2000,89.894,89.911,89.843,89.843,1270840000
AUDJPY,20230424,2100,89.843,89.843,89.706,89.817,5444250000
AUDJPY,20230424,2200,89.817,89.854,89.725,89.840,2896130000
AUDJPY,20230424,2300,89.839,89.890,89.801,89.883,2353070000
AUDJPY,20230425,0000,89.882,89.970,89.796,89.915,6302270000
AUDJPY,20230425,0100,89.917,90.023,89.821,89.821,6782250000
AUDJPY,20230425,0200,89.822,89.823,89.660,89.727,5868810000
AUDJPY,20230425,0300,89.727,89.821,89.691,89.736,4163640000
AUDJPY,20230425,0400,89.736,89.744,89.647,89.683,3263000000
AUDJPY,20230425,0500,89.681,89.683,89.532,89.617,4566980000
AUDJPY,20230425,0600,89.614,89.805,89.594,89.782,8151070000
AUDJPY,20230425,0700,89.782,89.782,89.305,89.329,14439180000
AUDJPY,20230425,0800,89.328,89.404,89.164,89.391,8426900000
AUDJPY,20230425,0900,89.392,89.427,89.214,89.219,6772750000
AUDJPY,20230425,1000,89.220,89.348,89.212,89.320,5063090000
AUDJPY,20230425,1100,89.321,89.324,89.206,89.274,5964840000
AUDJPY,20230425,1200,89.274,89.328,89.079,89.099,8645610000
AUDJPY,20230425,1300,89.099,89.135,88.764,88.789,11885950000
AUDJPY,20230425,1400,88.789,88.934,88.684,88.790,14705710000
AUDJPY,20230425,1500,88.790,88.906,88.742,88.760,7110500000
AUDJPY,20230425,1600,88.759,88.794,88.628,88.648,5146780000
AUDJPY,20230425,1700,88.647,88.685,88.374,88.395,6504910000
AUDJPY,20230425,1800,88.395,88.440,88.254,88.405,5803330000
AUDJPY,20230425,1900,88.405,88.509,88.343,88.389,3307550000
AUDJPY,20230425,2000,88.388,88.610,88.385,88.562,2234290000
AUDJPY,20230425,2100,88.567,88.720,88.549,88.609,5565470000
AUDJPY,20230425,2200,88.611,88.755,88.595,88.739,3588020000
AUDJPY,20230425,2300,88.736,88.739,88.623,88.728,3784860000
AUDJPY,20230426,0000,88.728,88.747,88.558,88.680,9302120000
AUDJPY,20230426,0100,88.680,88.693,88.298,88.469,11092480000
AUDJPY,20230426,0200,88.469,88.475,88.331,88.427,6235930000
AUDJPY,20230426,0300,88.427,88.448,88.200,88.213,4643970000
AUDJPY,20230426,0400,88.214,88.330,88.164,88.309,4301440000
AUDJPY,20230426,0500,88.310,88.423,88.214,88.299,5475820000
AUDJPY,20230426,0600,88.299,88.464,88.273,88.407,6359140000
AUDJPY,20230426,0700,88.408,88.419,88.131,88.212,12730700000
AUDJPY,20230426,0800,88.213,88.356,88.102,88.196,10222590000
AUDJPY,20230426,0900,88.196,88.232,88.001,88.038,8359140000
AUDJPY,20230426,1000,88.038,88.192,88.033,88.087,7517770000
AUDJPY,20230426,1100,88.091,88.473,87.927,88.292,14439070000
AUDJPY,20230426,1200,88.294,88.431,88.214,88.239,14873540000
AUDJPY,20230426,1300,88.241,88.266,87.957,88.096,19266470000
AUDJPY,20230426,1400,88.097,88.129,87.868,88.094,15797630000
AUDJPY,20230426,1500,88.093,88.476,88.087,88.460,10999330000
AUDJPY,20230426,1600,88.459,88.493,88.348,88.418,6604120000
AUDJPY,20230426,1700,88.420,88.473,88.282,88.296,4329020000
AUDJPY,20230426,1800,88.297,88.297,88.031,88.031,5125320000
AUDJPY,20230426,1900,88.031,88.190,87.995,88.145,4588230000
AUDJPY,20230426,2000,88.146,88.282,88.114,88.186,1911230000
AUDJPY,20230426,2100,88.175,88.250,88.154,88.241,3072310000
AUDJPY,20230426,2200,88.240,88.300,88.216,88.264,2625460000
AUDJPY,20230426,2300,88.266,88.266,88.156,88.191,2635660000
AUDJPY,20230427,0000,88.191,88.329,88.140,88.252,7059440000
AUDJPY,20230427,0100,88.252,88.267,88.133,88.248,7163530000
AUDJPY,20230427,0200,88.256,88.345,88.183,88.232,5444640000
AUDJPY,20230427,0300,88.231,88.367,88.214,88.324,4238930000
AUDJPY,20230427,0400,88.324,88.480,88.311,88.473,4067240000
AUDJPY,20230427,0500,88.475,88.725,88.435,88.606,6983290000
AUDJPY,20230427,0600,88.605,88.731,88.577,88.629,8036430000
AUDJPY,20230427,0700,88.632,88.682,88.440,88.559,9901620000
AUDJPY,20230427,0800,88.559,88.675,88.496,88.609,7403560000
AUDJPY,20230427,0900,88.610,88.625,88.360,88.431,5302020000
AUDJPY,20230427,1000,88.431,88.469,88.374,88.423,5138320000
AUDJPY,20230427,1100,88.423,88.451,88.299,88.347,6909970000
AUDJPY,20230427,1200,88.347,88.556,88.268,88.515,18826500000
AUDJPY,20230427,1300,88.518,88.644,88.465,88.614,17881620000
AUDJPY,20230427,1400,88.610,88.756,88.569,88.712,15622520000
AUDJPY,20230427,1500,88.710,88.742,88.621,88.642,9939310000
AUDJPY,20230427,1600,88.642,88.676,88.607,88.627,4289340000
AUDJPY,20230427,1700,88.628,88.795,88.618,88.765,4134650000
AUDJPY,20230427,1800,88.764,88.856,88.732,88.835,3154550000
AUDJPY,20230427,1900,88.833,88.838,88.752,88.764,3268150000
AUDJPY,20230427,2000,88.759,88.853,88.743,88.790,2662620000
AUDJPY,20230427,2100,88.790,88.790,88.585,88.716,16142450000
AUDJPY,20230427,2200,88.714,88.792,88.698,88.740,2656470000
AUDJPY,20230427,2300,88.740,88.768,88.658,88.712,4685300000
AUDJPY,20230428,0000,88.713,88.943,88.707,88.930,6747890000
AUDJPY,20230428,0100,88.931,89.125,88.675,89.076,11677760000
AUDJPY,20230428,0200,89.075,89.100,88.843,88.900,8018830000
AUDJPY,20230428,0300,88.899,88.936,88.434,88.699,10163360000
AUDJPY,20230428,0400,88.699,89.344,88.431,89.152,17383930000
AUDJPY,20230428,0500,89.151,89.342,89.084,89.224,10698350000
AUDJPY,20230428,0600,89.222,89.655,89.216,89.569,15895840000
AUDJPY,20230428,0700,89.570,89.614,89.362,89.515,13763550000
AUDJPY,20230428,0800,89.511,89.523,89.219,89.282,10886680000
AUDJPY,20230428,0900,89.282,89.628,89.258,89.605,7380020000
AUDJPY,20230428,1000,89.605,89.644,89.518,89.576,6145280000
AUDJPY,20230428,1100,89.578,89.699,89.501,89.658,5412880000
AUDJPY,20230428,1200,89.657,89.704,89.518,89.615,17193240000
AUDJPY,20230428,1300,89.617,89.715,89.547,89.707,16569820000
AUDJPY,20230428,1400,89.708,90.090,89.683,89.973,18251410000
AUDJPY,20230428,1500,89.972,90.026,89.878,89.981,12803220000
AUDJPY,20230428,1600,89.979,90.058,89.920,90.042,6168400000
AUDJPY,20230428,1700,90.042,90.085,89.984,90.064,3821370000
AUDJPY,20230428,1800,90.063,90.142,90.033,90.123,3968100000
AUDJPY,20230428,1900,90.120,90.151,90.059,90.148,3442600000
AUDJPY,20230428,2000,90.147,90.213,90.107,90.107,3009190000
AUDJPY,20230430,2100,89.987,90.131,89.987,90.048,771850000
AUDJPY,20230430,2200,90.062,90.132,90.032,90.115,4536100000
AUDJPY,20230430,2300,90.111,90.267,90.111,90.180,3363310000
AUDJPY,20230501,0000,90.175,90.498,90.151,90.455,7995400000
AUDJPY,20230501,0100,90.457,90.534,90.386,90.473,5321520000
AUDJPY,20230501,0200,90.473,90.675,90.451,90.649,3830130000
AUDJPY,20230501,0300,90.647,90.888,90.645,90.835,4598230000
AUDJPY,20230501,0400,90.836,90.887,90.776,90.817,3968620000
AUDJPY,20230501,0500,90.817,90.952,90.805,90.926,3296190000
AUDJPY,20230501,0600,90.925,90.945,90.862,90.899,4642260000
AUDJPY,20230501,0700,90.898,90.913,90.751,90.777,6593170000
AUDJPY,20230501,0800,90.777,90.843,90.737,90.777,4578830000
AUDJPY,20230501,0900,90.776,90.826,90.739,90.767,4977950000
AUDJPY,20230501,1000,90.769,90.778,90.659,90.773,4415620000
AUDJPY,20230501,1100,90.775,90.843,90.726,90.802,4573200000
AUDJPY,20230501,1200,90.800,91.105,90.795,91.101,9809920000
AUDJPY,20230501,1300,91.103,91.239,91.043,91.149,9350410000
AUDJPY,20230501,1400,91.142,91.300,91.074,91.279,14630750000
AUDJPY,20230501,1500,91.280,91.329,91.090,91.152,8169300000
AUDJPY,20230501,1600,91.151,91.254,91.101,91.244,4315730000
AUDJPY,20230501,1700,91.243,91.243,91.151,91.185,3506950000
AUDJPY,20230501,1800,91.186,91.243,91.116,91.157,3456880000
AUDJPY,20230501,1900,91.158,91.165,91.112,91.157,3160280000
AUDJPY,20230501,2000,91.157,91.192,91.139,91.153,3556350000
AUDJPY,20230501,2100,91.146,91.162,91.027,91.123,5983420000
AUDJPY,20230501,2200,91.123,91.162,91.110,91.111,1653270000
AUDJPY,20230501,2300,91.111,91.214,91.091,91.094,3462400000
AUDJPY,20230502,0000,91.090,91.137,90.964,91.018,7837040000
AUDJPY,20230502,0100,91.023,91.226,91.004,91.168,7485450000
AUDJPY,20230502,0200,91.167,91.203,91.086,91.135,5317280000
AUDJPY,20230502,0300,91.134,91.184,91.115,91.165,4002580000
AUDJPY,20230502,0400,91.165,92.186,91.161,92.171,12021710000
AUDJPY,20230502,0500,92.171,92.393,92.171,92.272,9869360000
AUDJPY,20230502,0600,92.271,92.393,92.126,92.312,11008470000
AUDJPY,20230502,0700,92.311,92.434,92.184,92.226,11503680000
AUDJPY,20230502,0800,92.226,92.230,91.954,92.069,12418620000
AUDJPY,20230502,0900,92.071,92.125,91.897,91.901,8185160000
AUDJPY,20230502,1000,91.902,92.020,91.811,91.966,5891750000
AUDJPY,20230502,1100,91.966,92.084,91.868,92.045,7418660000
AUDJPY,20230502,1200,92.043,92.063,91.943,91.979,8572200000
AUDJPY,20230502,1300,91.981,92.007,91.731,91.797,12374710000
AUDJPY,20230502,1400,91.798,91.801,90.881,90.890,28515730000
AUDJPY,20230502,1500,90.889,91.121,90.853,91.022,15009480000
AUDJPY,20230502,1600,91.021,91.101,90.917,91.034,8971750000
AUDJPY,20230502,1700,91.034,91.198,90.999,91.124,6182840000
AUDJPY,20230502,1800,91.126,91.137,90.965,91.089,5655780000
AUDJPY,20230502,1900,91.090,91.106,90.967,91.013,5399550000
AUDJPY,20230502,2000,91.015,91.037,90.919,90.936,3150970000
AUDJPY,20230502,2100,90.936,91.045,90.832,90.976,1573650000
AUDJPY,20230502,2200,90.977,91.008,90.872,90.982,4025050000
AUDJPY,20230502,2300,90.979,91.064,90.925,91.046,2765990000
AUDJPY,20230503,0000,91.045,91.055,90.873,90.970,5011070000
AUDJPY,20230503,0100,90.969,90.986,90.707,90.735,6323890000
AUDJPY,20230503,0200,90.733,90.811,90.706,90.763,5178390000
AUDJPY,20230503,0300,90.763,90.798,90.683,90.739,4031750000
AUDJPY,20230503,0400,90.738,90.759,90.665,90.686,3375750000
AUDJPY,20230503,0500,90.686,90.747,90.565,90.611,3333420000
AUDJPY,20230503,0600,90.610,90.738,90.565,90.583,6385580000
AUDJPY,20230503,0700,90.584,90.674,90.403,90.467,9622830000
AUDJPY,20230503,0800,90.468,90.517,90.263,90.373,9048990000
AUDJPY,20230503,0900,90.372,90.419,90.238,90.326,7438130000
AUDJPY,20230503,1000,90.327,90.422,90.228,90.319,5788350000
AUDJPY,20230503,1100,90.319,90.470,90.289,90.302,6760250000
AUDJPY,20230503,1200,90.303,90.497,90.089,90.120,13522170000
AUDJPY,20230503,1300,90.121,90.264,90.046,90.193,12337020000
AUDJPY,20230503,1400,90.193,90.288,90.074,90.168,14601500000
AUDJPY,20230503,1500,90.166,90.343,90.136,90.319,9088880000
AUDJPY,20230503,1600,90.319,90.465,90.253,90.455,4715440000
AUDJPY,20230503,1700,90.455,90.521,90.373,90.373,4354890000
AUDJPY,20230503,1800,90.368,90.711,90.294,90.572,32664190000
AUDJPY,20230503,1900,90.573,90.621,89.991,90.054,21968100000
AUDJPY,20230503,2000,90.053,90.295,89.831,89.831,5890290000
AUDJPY,20230503,2100,89.775,89.883,89.720,89.796,4597010000
AUDJPY,20230503,2200,89.794,89.844,89.351,89.454,9896210000
AUDJPY,20230503,2300,89.455,89.470,89.328,89.365,7895570000
AUDJPY,20230504,0000,89.365,89.538,89.324,89.465,7740520000
AUDJPY,20230504,0100,89.467,89.809,89.416,89.778,9558820000
AUDJPY,20230504,0200,89.777,90.002,89.730,89.980,5622520000
AUDJPY,20230504,0300,89.982,90.022,89.912,89.948,5096970000
AUDJPY,20230504,0400,89.950,90.083,89.868,90.055,3927130000
AUDJPY,20230504,0500,90.056,90.120,89.931,89.965,5101210000
AUDJPY,20230504,0600,89.964,89.974,89.483,89.687,10320310000
AUDJPY,20230504,0700,89.687,89.973,89.655,89.872,15213070000
AUDJPY,20230504,0800,89.870,89.881,89.634,89.642,9874660000
AUDJPY,20230504,0900,89.642,89.900,89.628,89.832,7348640000
AUDJPY,20230504,1000,89.830,89.939,89.670,89.742,7682290000
AUDJPY,20230504,1100,89.742,89.855,89.712,89.778,8518720000
AUDJPY,20230504,1200,89.778,89.933,89.631,89.889,21192240000
AUDJPY,20230504,1300,89.888,89.956,89.341,89.602,21283690000
AUDJPY,20230504,1400,89.602,89.632,89.161,89.303,27120140000
AUDJPY,20230504,1500,89.302,89.459,89.233,89.299,16422870000
AUDJPY,20230504,1600,89.300,89.620,89.265,89.614,11674550000
AUDJPY,20230504,1700,89.614,89.863,89.573,89.863,9891920000
AUDJPY,20230504,1800,89.863,89.888,89.733,89.822,7442140000
AUDJPY,20230504,1900,89.819,89.905,89.733,89.759,6100410000
AUDJPY,20230504,2000,89.760,89.915,89.734,89.870,4461290000
AUDJPY,20230504,2100,89.801,89.841,89.788,89.832,959900000
AUDJPY,20230504,2200,89.833,89.963,89.833,89.955,2457650000
AUDJPY,20230504,2300,89.956,89.993,89.830,89.836,2620290000
AUDJPY,20230505,0000,89.834,89.976,89.809,89.939,3894480000
AUDJPY,20230505,0100,89.940,90.005,89.858,89.964,5991660000
AUDJPY,20230505,0200,89.963,90.146,89.933,90.133,4303960000
AUDJPY,20230505,0300,90.132,90.288,90.095,90.280,3752670000
AUDJPY,20230505,0400,90.279,90.291,90.171,90.238,2656980000
AUDJPY,20230505,0500,90.240,90.279,90.173,90.244,4351200000
AUDJPY,20230505,0600,90.243,90.446,90.167,90.402,7457980000
AUDJPY,20230505,0700,90.401,90.430,90.213,90.237,10091830000
AUDJPY,20230505,0800,90.236,90.326,90.098,90.274,7260680000
AUDJPY,20230505,0900,90.275,90.331,90.177,90.277,5860820000
AUDJPY,20230505,1000,90.274,90.358,90.254,90.319,4472480000
AUDJPY,20230505,1100,90.319,90.397,90.234,90.253,4953380000
AUDJPY,20230505,1200,90.257,90.588,90.134,90.499,20376660000
AUDJPY,20230505,1300,90.502,90.874,90.415,90.774,19473280000
AUDJPY,20230505,1400,90.774,90.993,90.644,90.928,14514010000
AUDJPY,20230505,1500,90.929,91.015,90.888,90.975,9297220000
AUDJPY,20230505,1600,90.974,91.006,90.892,90.941,4787240000
AUDJPY,20230505,1700,90.943,90.998,90.914,90.940,3731330000
AUDJPY,20230505,1800,90.939,91.091,90.929,91.053,3238220000
AUDJPY,20230505,1900,91.052,91.052,90.983,91.019,2053780000
AUDJPY,20230505,2000,91.019,91.061,90.991,90.995,2285260000
AUDJPY,20230507,2100,90.944,91.069,90.939,91.026,1037090000
AUDJPY,20230507,2200,91.028,91.210,91.012,91.188,3281290000
AUDJPY,20230507,2300,91.188,91.340,91.151,91.214,3509060000
AUDJPY,20230508,0000,91.216,91.248,90.956,90.974,6797850000
AUDJPY,20230508,0100,90.972,91.181,90.924,91.062,6089950000
AUDJPY,20230508,0200,91.063,91.214,90.992,91.187,4880510000
AUDJPY,20230508,0300,91.189,91.314,91.188,91.291,3317130000
AUDJPY,20230508,0400,91.290,91.334,91.254,91.268,2845570000
AUDJPY,20230508,0500,91.268,91.340,91.222,91.271,3644320000
AUDJPY,20230508,0600,91.271,91.498,91.242,91.460,4510820000
AUDJPY,20230508,0700,91.459,91.640,91.453,91.578,5989800000
AUDJPY,20230508,0800,91.578,91.670,91.540,91.573,6958220000
AUDJPY,20230508,0900,91.575,91.660,91.542,91.645,4994560000
AUDJPY,20230508,1000,91.647,91.750,91.609,91.731,4624430000
AUDJPY,20230508,1100,91.733,91.798,91.680,91.768,5452050000
AUDJPY,20230508,1200,91.766,91.828,91.694,91.765,7003440000
AUDJPY,20230508,1300,91.764,91.874,91.688,91.762,8555210000
AUDJPY,20230508,1400,91.763,91.809,91.535,91.589,9538080000
AUDJPY,20230508,1500,91.589,91.625,91.516,91.559,6727400000
AUDJPY,20230508,1600,91.559,91.569,91.421,91.462,3617660000
AUDJPY,20230508,1700,91.463,91.558,91.418,91.553,2486290000
AUDJPY,20230508,1800,91.552,91.731,91.427,91.706,4834630000
AUDJPY,20230508,1900,91.705,91.706,91.591,91.618,2622260000
AUDJPY,20230508,2000,91.622,91.650,91.583,91.607,2680760000
AUDJPY,20230508,2100,91.533,91.577,91.518,91.551,2241270000
AUDJPY,20230508,2200,91.548,91.611,91.525,91.548,7134840000
AUDJPY,20230508,2300,91.549,91.624,91.533,91.594,2811280000
AUDJPY,20230509,0000,91.594,91.736,91.582,91.607,6442990000
AUDJPY,20230509,0100,91.606,91.642,91.409,91.504,5921250000
AUDJPY,20230509,0200,91.504,91.620,91.491,91.564,4157930000
AUDJPY,20230509,0300,91.564,91.590,91.483,91.545,3618140000
AUDJPY,20230509,0400,91.548,91.609,91.496,91.570,3163940000
AUDJPY,20230509,0500,91.574,91.605,91.401,91.425,4217300000
AUDJPY,20230509,0600,91.424,91.424,91.212,91.262,6497360000
AUDJPY,20230509,0700,91.260,91.316,91.094,91.099,9382510000
AUDJPY,20230509,0800,91.102,91.277,91.096,91.249,7427120000
AUDJPY,20230509,0900,91.249,91.355,91.178,91.215,5360730000
AUDJPY,20230509,1000,91.215,91.248,91.163,91.167,3825040000
AUDJPY,20230509,1100,91.168,91.243,91.165,91.175,5288170000
AUDJPY,20230509,1200,91.176,91.325,91.168,91.281,7873160000
AUDJPY,20230509,1300,91.281,91.402,91.223,91.343,9873320000
AUDJPY,20230509,1400,91.343,91.380,91.130,91.228,9358100000
AUDJPY,20230509,1500,91.229,91.265,91.154,91.231,5501370000
AUDJPY,20230509,1600,91.228,91.345,91.203,91.342,4526450000
AUDJPY,20230509,1700,91.343,91.390,91.288,91.384,3709110000
AUDJPY,20230509,1800,91.385,91.465,91.377,91.417,3486740000
AUDJPY,20230509,1900,91.416,91.463,91.397,91.424,2150220000
AUDJPY,20230509,2000,91.417,91.452,91.410,91.415,4232080000
AUDJPY,20230509,2100,91.410,91.432,91.342,91.402,9925180000
AUDJPY,20230509,2200,91.402,91.452,91.350,91.432,7790060000
AUDJPY,20230509,2300,91.431,91.560,91.431,91.545,2629130000
AUDJPY,20230510,0000,91.545,91.597,91.392,91.409,5296440000
AUDJPY,20230510,0100,91.410,91.482,91.397,91.425,5346480000
AUDJPY,20230510,0200,91.424,91.479,91.371,91.442,4159960000
AUDJPY,20230510,0300,91.444,91.505,91.438,91.473,3379540000
AUDJPY,20230510,0400,91.476,91.553,91.416,91.505,4002790000
AUDJPY,20230510,0500,91.505,91.546,91.449,91.536,4387800000
AUDJPY,20230510,0600,91.536,91.623,91.527,91.613,6300020000
AUDJPY,20230510,0700,91.614,91.686,91.387,91.402,8415160000
AUDJPY,20230510,0800,91.400,91.400,91.233,91.330,8155810000
AUDJPY,20230510,0900,91.328,91.354,91.270,91.328,4803270000
AUDJPY,20230510,1000,91.328,91.359,91.269,91.295,4501310000
AUDJPY,20230510,1100,91.296,91.372,91.274,91.353,4570660000
AUDJPY,20230510,1200,91.354,91.620,91.088,91.588,21688740000
AUDJPY,20230510,1300,91.583,91.604,90.941,91.112,19562650000
AUDJPY,20230510,1400,91.114,91.239,90.793,90.858,18176880000
AUDJPY,20230510,1500,90.858,91.033,90.856,90.960,8479450000
AUDJPY,20230510,1600,90.959,90.964,90.837,90.870,5036230000
AUDJPY,20230510,1700,90.870,90.891,90.504,90.683,7067970000
AUDJPY,20230510,1800,90.685,90.940,90.682,90.894,5866210000
AUDJPY,20230510,1900,90.896,91.089,90.887,91.034,4816030000
AUDJPY,20230510,2000,91.035,91.096,91.008,91.008,2814410000
AUDJPY,20230510,2100,91.004,91.035,90.922,90.993,6645390000
AUDJPY,20230510,2200,90.992,91.092,90.962,90.974,2453660000
AUDJPY,20230510,2300,90.975,90.975,90.866,90.931,3092550000
AUDJPY,20230511,0000,90.932,91.092,90.899,91.009,7276890000
AUDJPY,20230511,0100,91.008,91.152,90.815,90.858,7551650000
AUDJPY,20230511,0200,90.854,90.917,90.756,90.887,6030650000
AUDJPY,20230511,0300,90.887,90.925,90.824,90.869,2903960000
AUDJPY,20230511,0400,90.871,91.044,90.838,90.961,3469210000
AUDJPY,20230511,0500,90.962,91.019,90.904,90.984,4111060000
AUDJPY,20230511,0600,90.983,90.984,90.590,90.596,8386470000
AUDJPY,20230511,0700,90.597,90.698,90.474,90.622,11405880000
AUDJPY,20230511,0800,90.623,90.818,90.478,90.769,10867950000
AUDJPY,20230511,0900,90.776,90.842,90.730,90.761,7164930000
AUDJPY,20230511,1000,90.761,90.772,90.635,90.640,6007700000
AUDJPY,20230511,1100,90.637,90.706,90.256,90.327,12430630000
AUDJPY,20230511,1200,90.324,90.765,90.059,90.116,18452980000
AUDJPY,20230511,1300,90.114,90.114,89.792,89.986,18258690000
AUDJPY,20230511,1400,89.984,90.237,89.861,90.081,15746030000
AUDJPY,20230511,1500,90.081,90.120,89.906,89.987,8134570000
AUDJPY,20230511,1600,89.988,90.087,89.914,90.039,5685200000
AUDJPY,20230511,1700,90.040,90.068,89.873,89.972,4764220000
AUDJPY,20230511,1800,89.977,90.157,89.942,90.122,3790620000
AUDJPY,20230511,1900,90.121,90.185,90.090,90.168,2789370000
AUDJPY,20230511,2000,90.168,90.184,90.124,90.157,3704100000
AUDJPY,20230511,2100,90.106,90.148,90.067,90.125,2671080000
AUDJPY,20230511,2200,90.130,90.200,90.118,90.140,3756710000
AUDJPY,20230511,2300,90.141,90.148,90.085,90.101,2234720000
AUDJPY,20230512,0000,90.097,90.202,90.082,90.179,5171700000
AUDJPY,20230512,0100,90.181,90.238,90.069,90.097,6698410000
AUDJPY,20230512,0200,90.092,90.226,90.061,90.201,5096090000
AUDJPY,20230512,0300,90.201,90.214,89.973,90.027,4269570000
AUDJPY,20230512,0400,90.028,90.143,90.009,90.133,3323660000
AUDJPY,20230512,0500,90.133,90.212,90.083,90.156,4279040000
AUDJPY,20230512,0600,90.155,90.273,90.072,90.242,7139020000
AUDJPY,20230512,0700,90.241,90.407,90.151,90.161,10600900000
AUDJPY,20230512,0800,90.160,90.199,90.030,90.179,6632780000
AUDJPY,20230512,0900,90.179,90.214,90.053,90.058,5032940000
AUDJPY,20230512,1000,90.058,90.129,90.024,90.032,3903330000
AUDJPY,20230512,1100,90.028,90.169,90.026,90.162,4801590000
AUDJPY,20230512,1200,90.163,90.201,90.034,90.130,8397880000
AUDJPY,20230512,1300,90.127,90.204,89.965,90.090,9206370000
AUDJPY,20230512,1400,90.093,90.147,89.911,90.004,15667370000
AUDJPY,20230512,1500,90.005,90.178,89.931,90.171,8467880000
AUDJPY,20230512,1600,90.172,90.195,90.075,90.129,5252860000
AUDJPY,20230512,1700,90.130,90.265,90.095,90.097,4276460000
AUDJPY,20230512,1800,90.095,90.121,90.036,90.102,3658570000
AUDJPY,20230512,1900,90.103,90.195,90.077,90.194,2550670000
AUDJPY,20230512,2000,90.193,90.196,90.095,90.115,2611780000
AUDJPY,20230514,2100,90.152,90.202,90.094,90.196,505030000
AUDJPY,20230514,2200,90.196,90.261,90.158,90.198,4926910000
AUDJPY,20230514,2300,90.199,90.295,90.173,90.279,6755570000
AUDJPY,20230515,0000,90.278,90.473,90.203,90.377,6017480000
AUDJPY,20230515,0100,90.377,90.542,90.315,90.536,6779950000
AUDJPY,20230515,0200,90.536,90.537,90.439,90.484,4316810000
AUDJPY,20230515,0300,90.486,90.700,90.476,90.681,3019000000
AUDJPY,20230515,0400,90.679,90.781,90.673,90.721,3041720000
AUDJPY,20230515,0500,90.721,90.997,90.708,90.983,4774350000
AUDJPY,20230515,0600,90.985,91.011,90.888,90.994,5980630000
AUDJPY,20230515,0700,90.994,91.007,90.742,90.972,8153470000
AUDJPY,20230515,0800,90.970,91.060,90.923,90.974,6282600000
AUDJPY,20230515,0900,90.973,91.073,90.911,90.990,5645660000
AUDJPY,20230515,1000,90.989,91.075,90.982,91.023,4637290000
AUDJPY,20230515,1100,91.025,91.071,90.980,91.070,4809670000
AUDJPY,20230515,1200,91.071,91.122,90.729,90.870,9656490000
AUDJPY,20230515,1300,90.869,91.056,90.849,90.939,9045810000
AUDJPY,20230515,1400,90.938,91.083,90.853,91.026,8862480000
AUDJPY,20230515,1500,91.026,91.141,91.012,91.134,4889600000
AUDJPY,20230515,1600,91.131,91.315,91.093,91.275,3232200000
AUDJPY,20230515,1700,91.277,91.281,91.132,91.200,4125920000
AUDJPY,20230515,1800,91.200,91.222,91.141,91.175,3230170000
AUDJPY,20230515,1900,91.176,91.187,91.146,91.182,1738960000
AUDJPY,20230515,2000,91.181,91.198,91.159,91.173,1806470000
AUDJPY,20230515,2100,91.172,91.175,91.042,91.155,8449460000
AUDJPY,20230515,2200,91.153,91.203,91.146,91.177,2051460000
AUDJPY,20230515,2300,91.176,91.185,91.127,91.167,1564880000
AUDJPY,20230516,0000,91.165,91.258,91.128,91.157,4077410000
AUDJPY,20230516,0100,91.157,91.188,91.033,91.188,4780420000
AUDJPY,20230516,0200,91.187,91.195,90.821,90.956,7804920000
AUDJPY,20230516,0300,90.953,91.084,90.940,91.023,2777940000
AUDJPY,20230516,0400,91.027,91.028,90.953,91.013,2832010000
AUDJPY,20230516,0500,91.017,91.017,90.672,90.678,4140750000
AUDJPY,20230516,0600,90.678,90.728,90.569,90.658,6439470000
AUDJPY,20230516,0700,90.658,90.921,90.611,90.819,7279840000
AUDJPY,20230516,0800,90.820,90.902,90.719,90.865,5908020000
AUDJPY,20230516,0900,90.865,90.942,90.752,90.817,5815800000
AUDJPY,20230516,1000,90.820,90.901,90.742,90.774,4042410000
AUDJPY,20230516,1100,90.772,90.806,90.616,90.648,4365030000
AUDJPY,20230516,1200,90.648,90.887,90.548,90.872,10877540000
AUDJPY,20230516,1300,90.868,91.219,90.836,90.985,13294500000
AUDJPY,20230516,1400,90.983,91.028,90.819,90.928,12316600000
AUDJPY,20230516,1500,90.928,91.038,90.864,91.006,7373030000
AUDJPY,20230516,1600,91.006,91.021,90.868,90.924,4968690000
AUDJPY,20230516,1700,90.924,90.935,90.752,90.817,3003980000
AUDJPY,20230516,1800,90.819,90.822,90.725,90.776,2344460000
AUDJPY,20230516,1900,90.775,90.787,90.676,90.700,2261550000
AUDJPY,20230516,2000,90.696,90.786,90.674,90.735,2317420000
AUDJPY,20230516,2100,90.729,90.786,90.659,90.762,11364470000
AUDJPY,20230516,2200,90.763,90.778,90.685,90.769,1774060000
AUDJPY,20230516,2300,90.771,90.843,90.744,90.826,1888480000
AUDJPY,20230517,0000,90.827,90.887,90.745,90.841,5083380000
AUDJPY,20230517,0100,90.840,90.867,90.671,90.794,6329910000
AUDJPY,20230517,0200,90.795,91.045,90.783,91.038,4367510000
AUDJPY,20230517,0300,91.036,91.037,90.838,90.878,3033770000
AUDJPY,20230517,0400,90.878,90.933,90.825,90.846,2489130000
AUDJPY,20230517,0500,90.846,90.921,90.771,90.815,5233560000
AUDJPY,20230517,0600,90.815,90.906,90.725,90.853,5490440000
AUDJPY,20230517,0700,90.853,91.048,90.801,90.814,8400040000
AUDJPY,20230517,0800,90.816,91.042,90.811,90.981,7424390000
AUDJPY,20230517,0900,90.981,91.092,90.959,91.084,6399390000
AUDJPY,20230517,1000,91.084,91.119,90.990,91.114,4589000000
AUDJPY,20230517,1100,91.114,91.285,91.079,91.201,5192100000
AUDJPY,20230517,1200,91.204,91.312,91.110,91.300,7575390000
AUDJPY,20230517,1300,91.301,91.456,91.279,91.328,11394890000
AUDJPY,20230517,1400,91.330,91.447,91.243,91.264,10927310000
AUDJPY,20230517,1500,91.266,91.550,91.256,91.452,7503120000
AUDJPY,20230517,1600,91.450,91.689,91.446,91.660,4253290000
AUDJPY,20230517,1700,91.660,91.786,91.628,91.749,4409360000
AUDJPY,20230517,1800,91.750,91.756,91.631,91.636,2873840000
AUDJPY,20230517,1900,91.635,91.725,91.618,91.687,2795300000
AUDJPY,20230517,2000,91.687,91.707,91.627,91.657,2662360000
AUDJPY,20230517,2100,91.656,91.700,91.589,91.626,10730600000
AUDJPY,20230517,2200,91.628,91.714,91.613,91.618,2379840000
AUDJPY,20230517,2300,91.618,91.647,91.554,91.584,2242570000
AUDJPY,20230518,0000,91.587,91.767,91.479,91.483,5321270000
AUDJPY,20230518,0100,91.483,91.601,91.074,91.262,10219290000
AUDJPY,20230518,0200,91.262,91.482,91.231,91.468,5764950000
AUDJPY,20230518,0300,91.467,91.559,91.444,91.491,3256200000
AUDJPY,20230518,0400,91.492,91.521,91.415,91.516,2692300000
AUDJPY,20230518,0500,91.518,91.551,91.344,91.384,4396400000
AUDJPY,20230518,0600,91.385,91.485,91.235,91.294,5579640000
AUDJPY,20230518,0700,91.294,91.524,91.279,91.451,7479290000
AUDJPY,20230518,0800,91.452,91.519,91.368,91.375,8038440000
AUDJPY,20230518,0900,91.374,91.452,91.335,91.426,4990840000
AUDJPY,20230518,1000,91.427,91.538,91.409,91.518,4238400000
AUDJPY,20230518,1100,91.517,91.568,91.471,91.497,3924160000
AUDJPY,20230518,1200,91.498,91.714,91.486,91.566,11764610000
AUDJPY,20230518,1300,91.565,91.606,91.369,91.468,12821160000
AUDJPY,20230518,1400,91.468,91.639,91.401,91.633,10766600000
AUDJPY,20230518,1500,91.634,91.700,91.519,91.646,7199310000
AUDJPY,20230518,1600,91.646,91.655,91.510,91.582,5800530000
AUDJPY,20230518,1700,91.583,91.692,91.537,91.590,4578650000
AUDJPY,20230518,1800,91.590,91.739,91.577,91.705,3093090000
AUDJPY,20230518,1900,91.706,91.884,91.691,91.875,3282220000
AUDJPY,20230518,2000,91.873,91.893,91.822,91.822,1708090000
AUDJPY,20230518,2100,91.821,91.867,91.735,91.810,7689100000
AUDJPY,20230518,2200,91.808,91.922,91.805,91.904,2857810000
AUDJPY,20230518,2300,91.902,91.937,91.764,91.866,2979320000
AUDJPY,20230519,0000,91.866,91.915,91.675,91.762,7334310000
AUDJPY,20230519,0100,91.763,91.820,91.654,91.714,7176880000
AUDJPY,20230519,0200,91.715,91.906,91.655,91.889,5641400000
AUDJPY,20230519,0300,91.888,91.951,91.851,91.876,4167440000
AUDJPY,20230519,0400,91.875,91.879,91.808,91.848,2821620000
AUDJPY,20230519,0500,91.847,91.885,91.728,91.749,4334560000
AUDJPY,20230519,0600,91.748,91.893,91.712,91.839,7675320000
AUDJPY,20230519,0700,91.838,91.876,91.751,91.840,8696140000
AUDJPY,20230519,0800,91.841,91.923,91.789,91.901,7171600000
AUDJPY,20230519,0900,91.901,91.977,91.871,91.925,6169050000
AUDJPY,20230519,1000,91.926,91.973,91.864,91.964,6841750000
AUDJPY,20230519,1100,91.965,92.166,91.943,92.155,6156380000
AUDJPY,20230519,1200,92.155,92.319,92.113,92.285,8684020000
AUDJPY,20230519,1300,92.286,92.352,92.205,92.259,12013690000
AUDJPY,20230519,1400,92.259,92.296,92.130,92.201,10312390000
AUDJPY,20230519,1500,92.203,92.210,91.477,91.690,24584190000
AUDJPY,20230519,1600,91.688,91.937,91.656,91.855,8559160000
AUDJPY,20230519,1700,91.856,91.944,91.717,91.727,3968710000
AUDJPY,20230519,1800,91.727,91.857,91.676,91.842,4230520000
AUDJPY,20230519,1900,91.840,91.841,91.750,91.754,3363560000
AUDJPY,20230519,2000,91.752,91.785,91.683,91.735,3393470000
AUDJPY,20230521,2100,91.657,91.756,91.642,91.722,1615840000
AUDJPY,20230521,2200,91.717,91.768,91.535,91.542,2677020000
AUDJPY,20230521,2300,91.542,91.692,91.522,91.687,2178370000
AUDJPY,20230522,0000,91.686,91.786,91.632,91.732,5714980000
AUDJPY,20230522,0100,91.734,91.782,91.440,91.497,8895070000
AUDJPY,20230522,0200,91.497,91.609,91.435,91.540,5137530000
AUDJPY,20230522,0300,91.538,91.612,91.455,91.565,3699890000
AUDJPY,20230522,0400,91.566,91.640,91.541,91.621,2574090000
AUDJPY,20230522,0500,91.620,91.666,91.557,91.606,4598840000
AUDJPY,20230522,0600,91.607,91.644,91.410,91.444,7532420000
AUDJPY,20230522,0700,91.446,91.507,91.403,91.430,9157510000
AUDJPY,20230522,0800,91.431,91.552,91.377,91.526,6907660000
AUDJPY,20230522,0900,91.529,91.643,91.498,91.607,5211330000
AUDJPY,20230522,1000,91.608,91.730,91.601,91.631,5630170000
AUDJPY,20230522,1100,91.630,91.817,91.589,91.807,6969520000
AUDJPY,20230522,1200,91.807,91.964,91.797,91.921,8157410000
AUDJPY,20230522,1300,91.922,92.081,91.860,92.024,9400370000
AUDJPY,20230522,1400,92.022,92.129,91.658,92.060,14569900000
AUDJPY,20230522,1500,92.064,92.131,91.961,92.114,7160300000
AUDJPY,20230522,1600,92.111,92.127,91.995,92.104,4504750000
AUDJPY,20230522,1700,92.103,92.139,91.912,92.064,5455430000
AUDJPY,20230522,1800,92.065,92.225,92.060,92.168,3831980000
AUDJPY,20230522,1900,92.168,92.178,92.067,92.135,3137970000
AUDJPY,20230522,2000,92.136,92.188,92.135,92.182,2174150000
AUDJPY,20230522,2100,92.182,92.186,92.053,92.138,1662560000
AUDJPY,20230522,2200,92.138,92.184,92.121,92.125,4512480000
AUDJPY,20230522,2300,92.124,92.299,92.092,92.189,2528950000
AUDJPY,20230523,0000,92.189,92.324,92.180,92.233,5428790000
AUDJPY,20230523,0100,92.233,92.348,92.193,92.303,6894600000
AUDJPY,20230523,0200,92.304,92.332,92.193,92.299,4905810000
AUDJPY,20230523,0300,92.297,92.304,92.119,92.261,4024570000
AUDJPY,20230523,0400,92.256,92.260,92.010,92.062,4098450000
AUDJPY,20230523,0500,92.061,92.166,92.031,92.144,4245260000
AUDJPY,20230523,0600,92.144,92.250,91.997,92.022,6783590000
AUDJPY,20230523,0700,92.020,92.050,91.684,91.706,10476700000
AUDJPY,20230523,0800,91.704,91.777,91.637,91.702,8455120000
AUDJPY,20230523,0900,91.702,91.741,91.593,91.634,5558140000
AUDJPY,20230523,1000,91.632,91.740,91.587,91.684,5231480000
AUDJPY,20230523,1100,91.682,91.751,91.570,91.573,4925820000
AUDJPY,20230523,1200,91.572,91.839,91.562,91.813,8304190000
AUDJPY,20230523,1300,91.813,91.849,91.571,91.722,15909340000
AUDJPY,20230523,1400,91.723,91.830,91.646,91.705,15968150000
AUDJPY,20230523,1500,91.703,91.890,91.700,91.862,6447120000
AUDJPY,20230523,1600,91.865,91.872,91.676,91.696,5380850000
AUDJPY,20230523,1700,91.697,91.790,91.571,91.625,5305030000
AUDJPY,20230523,1800,91.625,91.669,91.464,91.554,5178690000
AUDJPY,20230523,1900,91.555,91.608,91.514,91.573,3602770000
AUDJPY,20230523,2000,91.574,91.622,91.553,91.569,1478590000
AUDJPY,20230523,2100,91.568,91.597,91.543,91.561,7658890000
AUDJPY,20230523,2200,91.560,91.624,91.556,91.601,1886640000
AUDJPY,20230523,2300,91.600,91.672,91.559,91.670,1822320000
AUDJPY,20230524,0000,91.669,91.669,91.553,91.577,3572820000
AUDJPY,20230524,0100,91.577,91.595,91.411,91.516,5995970000
AUDJPY,20230524,0200,91.517,91.517,91.186,91.330,8930130000
AUDJPY,20230524,0300,91.328,91.439,91.272,91.377,3514160000
AUDJPY,20230524,0400,91.378,91.404,91.294,91.305,2452060000
AUDJPY,20230524,0500,91.310,91.355,91.184,91.212,4257460000
AUDJPY,20230524,0600,91.213,91.317,91.169,91.299,8695460000
AUDJPY,20230524,0700,91.297,91.299,91.013,91.094,11117240000
AUDJPY,20230524,0800,91.095,91.203,91.052,91.175,8828900000
AUDJPY,20230524,0900,91.174,91.197,91.055,91.062,6413170000
AUDJPY,20230524,1000,91.062,91.090,90.852,90.879,6275450000
AUDJPY,20230524,1100,90.882,91.032,90.862,91.005,5336880000
AUDJPY,20230524,1200,91.007,91.217,90.991,91.147,9590960000
AUDJPY,20230524,1300,91.145,91.189,90.879,90.914,10773070000
AUDJPY,20230524,1400,90.912,90.959,90.761,90.861,12104130000
AUDJPY,20230524,1500,90.859,91.081,90.822,90.993,10128180000
AUDJPY,20230524,1600,90.996,91.092,90.983,91.068,7759010000
AUDJPY,20230524,1700,91.070,91.119,90.981,91.087,5114340000
AUDJPY,20230524,1800,91.083,91.127,90.924,90.932,7073060000
AUDJPY,20230524,1900,90.929,91.146,90.922,91.101,4822540000
AUDJPY,20230524,2000,91.100,91.260,91.095,91.231,3319820000
AUDJPY,20230524,2100,91.219,91.236,91.121,91.211,6214470000
AUDJPY,20230524,2200,91.204,91.247,90.847,91.103,5728190000
AUDJPY,20230524,2300,91.103,91.218,91.048,91.141,3523410000
AUDJPY,20230525,0000,91.142,91.244,91.079,91.177,5897910000
AUDJPY,20230525,0100,91.178,91.245,91.071,91.189,7580260000
AUDJPY,20230525,0200,91.189,91.246,91.128,91.144,5113290000
AUDJPY,20230525,0300,91.144,91.224,91.124,91.166,4571030000
AUDJPY,20230525,0400,91.167,91.183,91.068,91.086,3045460000
AUDJPY,20230525,0500,91.086,91.164,91.031,91.082,5142270000
AUDJPY,20230525,0600,91.082,91.255,91.001,91.226,7270430000
AUDJPY,20230525,0700,91.225,91.226,90.962,91.040,9445380000
AUDJPY,20230525,0800,91.041,91.115,90.983,91.094,8058950000
AUDJPY,20230525,0900,91.093,91.148,91.038,91.091,5518010000
AUDJPY,20230525,1000,91.094,91.154,91.053,91.107,3931110000
AUDJPY,20230525,1100,91.105,91.128,91.016,91.113,4875990000
AUDJPY,20230525,1200,91.114,91.119,90.899,91.069,17373670000
AUDJPY,20230525,1300,91.069,91.118,90.787,90.844,15113740000
AUDJPY,20230525,1400,90.843,90.999,90.752,90.988,14303220000
AUDJPY,20230525,1500,90.988,91.060,90.871,90.938,9227770000
AUDJPY,20230525,1600,90.940,91.013,90.935,90.936,6443440000
AUDJPY,20230525,1700,90.937,91.137,90.901,91.122,4007480000
AUDJPY,20230525,1800,91.127,91.188,91.012,91.041,4505460000
AUDJPY,20230525,1900,91.042,91.203,91.040,91.165,3825180000
AUDJPY,20230525,2000,91.166,91.185,91.074,91.074,1973950000
AUDJPY,20230525,2100,91.073,91.135,90.994,91.129,11314710000
AUDJPY,20230525,2200,91.121,91.144,90.994,91.013,5218560000
AUDJPY,20230525,2300,91.015,91.047,90.974,90.989,2202430000
AUDJPY,20230526,0000,90.997,91.053,90.797,90.927,5574990000
AUDJPY,20230526,0100,90.926,91.028,90.866,91.008,6131000000
AUDJPY,20230526,0200,91.007,91.074,90.978,91.011,3416190000
AUDJPY,20230526,0300,91.009,91.059,90.955,91.053,2598760000
AUDJPY,20230526,0400,91.051,91.079,90.972,91.034,2569910000
AUDJPY,20230526,0500,91.033,91.112,90.994,91.019,3878430000
AUDJPY,20230526,0600,91.018,91.171,90.956,91.103,6250340000
AUDJPY,20230526,0700,91.103,91.230,90.930,90.954,8433650000
AUDJPY,20230526,0800,90.953,91.182,90.938,91.114,6503610000
AUDJPY,20230526,0900,91.114,91.181,91.101,91.160,5003580000
AUDJPY,20230526,1000,91.160,91.332,91.133,91.307,4032450000
AUDJPY,20230526,1100,91.306,91.467,91.303,91.421,4734710000
AUDJPY,20230526,1200,91.422,91.542,91.319,91.453,14044140000
AUDJPY,20230526,1300,91.455,91.521,91.344,91.388,12036040000
AUDJPY,20230526,1400,91.387,91.499,91.263,91.402,16442820000
AUDJPY,20230526,1500,91.400,91.505,91.375,91.481,9701850000
AUDJPY,20230526,1600,91.481,91.605,91.471,91.585,4534320000
AUDJPY,20230526,1700,91.587,91.643,91.540,91.621,4127410000
AUDJPY,20230526,1800,91.623,91.693,91.610,91.691,2428390000
AUDJPY,20230526,1900,91.691,91.715,91.632,91.635,2029580000
AUDJPY,20230526,2000,91.633,91.677,91.612,91.621,3276810000
AUDJPY,20230528,2100,91.695,91.695,91.564,91.692,549990000
AUDJPY,20230528,2200,91.696,91.890,91.694,91.823,4405260000
AUDJPY,20230528,2300,91.824,91.961,91.819,91.921,3157140000
AUDJPY,20230529,0000,91.918,91.980,91.846,91.891,4202180000
AUDJPY,20230529,0100,91.893,92.008,91.798,91.863,6207520000
AUDJPY,20230529,0200,91.862,91.932,91.774,91.817,3385040000
AUDJPY,20230529,0300,91.815,91.852,91.756,91.790,1988570000
AUDJPY,20230529,0400,91.790,91.833,91.712,91.817,2117510000
AUDJPY,20230529,0500,91.820,91.906,91.789,91.843,2986460000
AUDJPY,20230529,0600,91.842,91.944,91.835,91.878,4234200000
AUDJPY,20230529,0700,91.879,91.879,91.733,91.775,4345320000
AUDJPY,20230529,0800,91.775,91.833,91.732,91.814,3954270000
AUDJPY,20230529,0900,91.815,91.869,91.696,91.711,3674320000
AUDJPY,20230529,1000,91.709,91.763,91.668,91.763,2479610000
AUDJPY,20230529,1100,91.764,91.786,91.700,91.737,2301360000
AUDJPY,20230529,1200,91.737,91.754,91.657,91.714,2974050000
AUDJPY,20230529,1300,91.713,91.725,91.594,91.646,2294390000
AUDJPY,20230529,1400,91.646,91.777,91.630,91.739,1552740000
AUDJPY,20230529,1500,91.741,91.813,91.735,91.764,1690290000
AUDJPY,20230529,1600,91.763,91.790,91.749,91.764,946580000
AUDJPY,20230529,1700,91.766,91.789,91.742,91.787,476770000
AUDJPY,20230529,1800,91.788,91.801,91.775,91.801,508390000
AUDJPY,20230529,1900,91.801,91.833,91.786,91.833,323600000
AUDJPY,20230529,2000,91.829,91.852,91.785,91.785,719390000
AUDJPY,20230529,2100,91.787,91.838,91.711,91.761,1010840000
AUDJPY,20230529,2200,91.761,91.896,91.749,91.880,3018760000
AUDJPY,20230529,2300,91.880,91.880,91.683,91.697,2257000000
AUDJPY,20230530,0000,91.698,91.859,91.643,91.703,6669400000
AUDJPY,20230530,0100,91.703,91.864,91.662,91.744,7162770000
AUDJPY,20230530,0200,91.745,91.769,91.559,91.569,3603310000
AUDJPY,20230530,0300,91.570,91.584,91.283,91.344,4915360000
AUDJPY,20230530,0400,91.341,91.473,91.316,91.449,3663740000
AUDJPY,20230530,0500,91.448,91.545,91.392,91.535,5083970000
AUDJPY,20230530,0600,91.534,91.827,91.499,91.587,11662230000
AUDJPY,20230530,0700,91.587,91.649,91.471,91.607,11928140000
AUDJPY,20230530,0800,91.606,91.732,91.590,91.697,7321920000
AUDJPY,20230530,0900,91.698,91.942,91.673,91.763,10845380000
AUDJPY,20230530,1000,91.760,91.773,91.662,91.665,7586700000
AUDJPY,20230530,1100,91.663,91.692,91.463,91.506,8294030000
AUDJPY,20230530,1200,91.505,91.537,91.314,91.377,9173480000
AUDJPY,20230530,1300,91.376,91.408,91.192,91.247,10078210000
AUDJPY,20230530,1400,91.242,91.323,91.051,91.083,11978530000
AUDJPY,20230530,1500,91.084,91.125,90.960,91.059,7083760000
AUDJPY,20230530,1600,91.061,91.137,90.976,91.088,4112360000
AUDJPY,20230530,1700,91.088,91.089,90.891,90.901,3776640000
AUDJPY,20230530,1800,90.904,91.096,90.885,91.060,3100420000
AUDJPY,20230530,1900,91.059,91.118,91.008,91.094,3495920000
AUDJPY,20230530,2000,91.095,91.120,91.076,91.076,1706380000
AUDJPY,20230530,2100,91.069,91.111,91.002,91.079,1755100000
AUDJPY,20230530,2200,91.081,91.108,91.038,91.059,2883610000
AUDJPY,20230530,2300,91.058,91.163,91.053,91.110,2987110000
AUDJPY,20230531,0000,91.109,91.134,90.997,91.019,5456880000
AUDJPY,20230531,0100,91.021,91.405,90.819,90.925,9363870000
AUDJPY,20230531,0200,90.923,91.008,90.819,90.855,5276460000
AUDJPY,20230531,0300,90.855,90.856,90.737,90.777,3134810000
AUDJPY,20230531,0400,90.776,90.849,90.728,90.816,2531980000
AUDJPY,20230531,0500,90.816,90.831,90.392,90.555,7682620000
AUDJPY,20230531,0600,90.554,90.587,90.371,90.477,9482960000
AUDJPY,20230531,0700,90.477,90.578,90.394,90.500,10728430000
AUDJPY,20230531,0800,90.502,90.688,90.468,90.661,7706140000
AUDJPY,20230531,0900,90.663,90.710,90.611,90.676,5702150000
AUDJPY,20230531,1000,90.675,90.724,90.572,90.673,4645000000
AUDJPY,20230531,1100,90.671,90.692,90.475,90.477,4306980000
AUDJPY,20230531,1200,90.480,90.542,90.377,90.484,6390560000
AUDJPY,20230531,1300,90.485,90.696,90.377,90.601,11054550000
AUDJPY,20230531,1400,90.602,90.887,90.358,90.417,19595180000
AUDJPY,20230531,1500,90.418,90.487,90.351,90.466,10577410000
AUDJPY,20230531,1600,90.465,90.489,90.259,90.334,6183210000
AUDJPY,20230531,1700,90.337,90.589,90.293,90.503,7081150000
AUDJPY,20230531,1800,90.502,90.532,90.430,90.458,6584210000
AUDJPY,20230531,1900,90.461,90.633,90.442,90.619,5815730000
AUDJPY,20230531,2000,90.620,90.629,90.568,90.590,3340000000
AUDJPY,20230531,2100,90.554,90.585,90.494,90.565,1063510000
AUDJPY,20230531,2200,90.572,90.607,90.521,90.571,4005690000
AUDJPY,20230531,2300,90.571,90.589,90.421,90.525,2997440000
AUDJPY,20230601,0000,90.524,90.608,90.361,90.372,5110280000
AUDJPY,20230601,0100,90.373,90.743,90.293,90.689,9113360000
AUDJPY,20230601,0200,90.690,90.866,90.563,90.812,5518040000
AUDJPY,20230601,0300,90.814,90.903,90.758,90.876,3086710000
AUDJPY,20230601,0400,90.878,90.931,90.817,90.822,2383750000
AUDJPY,20230601,0500,90.825,90.982,90.823,90.969,3668100000
AUDJPY,20230601,0600,90.970,90.982,90.856,90.858,6374920000
AUDJPY,20230601,0700,90.860,90.860,90.726,90.822,8242290000
AUDJPY,20230601,0800,90.821,90.980,90.727,90.926,6492390000
AUDJPY,20230601,0900,90.927,91.067,90.881,91.063,5292440000
AUDJPY,20230601,1000,91.063,91.115,90.994,90.994,4765630000
AUDJPY,20230601,1100,90.993,91.031,90.890,90.944,5111400000
AUDJPY,20230601,1200,90.944,91.082,90.800,90.814,16085190000
AUDJPY,20230601,1300,90.813,90.830,90.655,90.721,14476720000
AUDJPY,20230601,1400,90.721,91.118,90.609,91.078,14944620000
AUDJPY,20230601,1500,91.081,91.264,91.059,91.241,9413130000
AUDJPY,20230601,1600,91.239,91.345,91.219,91.299,5689980000
AUDJPY,20230601,1700,91.299,91.347,91.283,91.347,3259180000
AUDJPY,20230601,1800,91.347,91.347,91.239,91.265,2626000000
AUDJPY,20230601,1900,91.266,91.314,91.144,91.251,2766680000
AUDJPY,20230601,2000,91.251,91.269,91.153,91.153,1504870000
AUDJPY,20230601,2100,91.099,91.238,91.090,91.202,960180000
AUDJPY,20230601,2200,91.198,91.240,91.183,91.225,2392330000
AUDJPY,20230601,2300,91.223,91.309,91.204,91.258,1869670000
AUDJPY,20230604,2100,92.360,92.430,92.360,92.380,667470000
AUDJPY,20230604,2200,92.380,92.532,92.367,92.439,2680590000
AUDJPY,20230604,2300,92.438,92.547,92.438,92.500,3180170000
AUDJPY,20230605,0000,92.501,92.519,92.400,92.430,5937230000
AUDJPY,20230605,0100,92.435,92.587,92.248,92.558,8304140000
AUDJPY,20230605,0200,92.557,92.615,92.482,92.537,4150180000
AUDJPY,20230605,0300,92.538,92.573,92.483,92.522,2765030000
AUDJPY,20230605,0400,92.523,92.524,92.422,92.504,1895350000
AUDJPY,20230605,0500,92.499,92.565,92.428,92.527,3092270000
AUDJPY,20230605,0600,92.527,92.632,92.491,92.556,6169190000
AUDJPY,20230605,0700,92.558,92.639,92.493,92.573,7827290000
AUDJPY,20230605,0800,92.573,92.631,92.458,92.496,5649290000
AUDJPY,20230605,0900,92.497,92.503,92.396,92.406,4243600000
AUDJPY,20230605,1000,92.403,92.464,92.395,92.421,3730550000
AUDJPY,20230605,1100,92.422,92.453,92.334,92.370,3620450000
AUDJPY,20230605,1200,92.369,92.560,92.335,92.537,5167630000
AUDJPY,20230605,1300,92.536,92.655,92.454,92.486,8571590000
AUDJPY,20230605,1400,92.489,92.523,92.132,92.464,20552260000
AUDJPY,20230605,1500,92.464,92.544,92.344,92.509,7476450000
AUDJPY,20230605,1600,92.508,92.532,92.427,92.520,4387350000
AUDJPY,20230605,1700,92.521,92.571,92.457,92.539,3434320000
AUDJPY,20230605,1800,92.539,92.550,92.315,92.389,4991880000
AUDJPY,20230605,1900,92.387,92.424,92.290,92.320,3817630000
AUDJPY,20230605,2000,92.321,92.377,92.300,92.344,2002190000
AUDJPY,20230605,2100,92.339,92.365,92.238,92.325,1318260000
AUDJPY,20230605,2200,92.325,92.370,92.271,92.283,2749030000
AUDJPY,20230605,2300,92.286,92.293,92.134,92.191,2730260000
AUDJPY,20230606,0000,92.193,92.338,92.161,92.304,3443830000
AUDJPY,20230606,0100,92.300,92.381,92.282,92.314,4679270000
AUDJPY,20230606,0200,92.313,92.405,92.294,92.352,4418470000
AUDJPY,20230606,0300,92.354,92.354,92.237,92.344,2580060000
AUDJPY,20230606,0400,92.346,93.133,92.318,92.941,7688190000
AUDJPY,20230606,0500,92.942,93.142,92.897,92.903,5700620000
AUDJPY,20230606,0600,92.904,93.142,92.792,92.916,9034810000
AUDJPY,20230606,0700,92.917,93.073,92.628,92.825,12482100000
AUDJPY,20230606,0800,92.827,92.831,92.649,92.665,8461450000
AUDJPY,20230606,0900,92.668,92.797,92.628,92.691,5670050000
AUDJPY,20230606,1000,92.691,92.844,92.664,92.822,4278830000
AUDJPY,20230606,1100,92.821,93.054,92.804,92.997,4156220000
AUDJPY,20230606,1200,92.998,93.021,92.873,92.976,7107140000
AUDJPY,20230606,1300,92.975,93.047,92.906,93.018,10021610000
AUDJPY,20230606,1400,93.014,93.206,92.924,93.110,10183380000
AUDJPY,20230606,1500,93.110,93.250,93.077,93.204,7570070000
AUDJPY,20230606,1600,93.203,93.244,93.152,93.190,4307430000
AUDJPY,20230606,1700,93.190,93.242,93.139,93.177,2923080000
AUDJPY,20230606,1800,93.177,93.221,93.118,93.198,2911870000
AUDJPY,20230606,1900,93.197,93.260,93.183,93.193,2610320000
AUDJPY,20230606,2000,93.195,93.212,93.120,93.120,1489450000
AUDJPY,20230606,2100,93.122,93.163,92.868,93.096,1136380000
AUDJPY,20230606,2200,93.092,93.157,93.092,93.117,1813920000
AUDJPY,20230606,2300,93.120,93.225,93.113,93.204,2068330000
AUDJPY,20230607,0000,93.205,93.292,93.129,93.129,5489940000
AUDJPY,20230607,0100,93.129,93.157,92.941,93.045,8207460000
AUDJPY,20230607,0200,93.044,93.047,92.843,92.865,5280340000
AUDJPY,20230607,0300,92.864,92.994,92.775,92.992,4059990000
AUDJPY,20230607,0400,92.992,93.062,92.958,93.013,2788950000
AUDJPY,20230607,0500,93.014,93.036,92.918,92.930,3658570000
AUDJPY,20230607,0600,92.929,93.015,92.806,92.858,5527300000
AUDJPY,20230607,0700,92.856,93.063,92.817,93.054,6266820000
AUDJPY,20230607,0800,93.052,93.241,93.036,93.237,5818420000
AUDJPY,20230607,0900,93.237,93.282,93.094,93.127,4896450000
AUDJPY,20230607,1000,93.126,93.430,93.124,93.427,5147270000
AUDJPY,20230607,1100,93.428,93.435,93.242,93.337,5368530000
AUDJPY,20230607,1200,93.340,93.404,93.283,93.327,7014030000
AUDJPY,20230607,1300,93.327,93.375,93.234,93.325,9086470000
AUDJPY,20230607,1400,93.324,93.523,93.108,93.153,16144300000
AUDJPY,20230607,1500,93.154,93.337,93.127,93.219,9649400000
AUDJPY,20230607,1600,93.220,93.294,93.192,93.293,5817190000
AUDJPY,20230607,1700,93.291,93.299,93.083,93.184,5139880000
AUDJPY,20230607,1800,93.183,93.291,93.174,93.252,3802010000
AUDJPY,20230607,1900,93.250,93.299,93.194,93.275,5253580000
AUDJPY,20230607,2000,93.275,93.279,93.171,93.171,2180800000
AUDJPY,20230607,2100,93.171,93.220,93.003,93.183,2240590000
AUDJPY,20230607,2200,93.187,93.282,93.158,93.169,2476960000
AUDJPY,20230607,2300,93.169,93.189,93.117,93.146,2777500000
AUDJPY,20230608,0000,93.144,93.268,93.131,93.240,5025260000
AUDJPY,20230608,0100,93.239,93.407,93.148,93.197,6226550000
AUDJPY,20230608,0200,93.195,93.321,93.177,93.262,3602270000
AUDJPY,20230608,0300,93.260,93.269,93.129,93.131,3504790000
AUDJPY,20230608,0400,93.130,93.147,92.975,93.076,3027090000
AUDJPY,20230608,0500,93.076,93.255,93.008,93.133,4629190000
AUDJPY,20230608,0600,93.132,93.263,93.115,93.196,5455770000
AUDJPY,20230608,0700,93.195,93.436,93.187,93.336,6758270000
AUDJPY,20230608,0800,93.337,93.430,93.323,93.427,6072860000
AUDJPY,20230608,0900,93.427,93.444,93.358,93.393,4429450000
AUDJPY,20230608,1000,93.390,93.411,93.363,93.366,3056680000
AUDJPY,20230608,1100,93.366,93.406,93.317,93.367,4062090000
AUDJPY,20230608,1200,93.367,93.407,93.258,93.351,12350020000
AUDJPY,20230608,1300,93.346,93.368,93.182,93.211,12519520000
AUDJPY,20230608,1400,93.211,93.344,93.155,93.203,11655110000
AUDJPY,20230608,1500,93.205,93.343,93.088,93.095,7905850000
AUDJPY,20230608,1600,93.094,93.336,93.090,93.256,5364920000
AUDJPY,20230608,1700,93.256,93.286,93.208,93.268,3272560000
AUDJPY,20230608,1800,93.270,93.312,93.231,93.270,2932700000
AUDJPY,20230608,1900,93.270,93.284,93.223,93.256,2735260000
AUDJPY,20230608,2000,93.256,93.284,93.239,93.277,1450210000
AUDJPY,20230608,2100,93.281,93.281,92.985,93.205,1628420000
AUDJPY,20230608,2200,93.205,93.285,93.198,93.245,1841350000
AUDJPY,20230608,2300,93.243,93.265,93.159,93.206,2821200000
AUDJPY,20230609,0000,93.206,93.344,93.202,93.291,5798820000
AUDJPY,20230609,0100,93.292,93.407,93.249,93.375,6968800000
AUDJPY,20230609,0200,93.371,93.383,93.285,93.368,3773440000
AUDJPY,20230609,0300,93.369,93.395,93.262,93.273,4042230000
AUDJPY,20230609,0400,93.273,93.285,93.228,93.249,2759350000
AUDJPY,20230609,0500,93.251,93.512,93.233,93.411,4883840000
AUDJPY,20230609,0600,93.411,93.686,93.385,93.602,5638790000
AUDJPY,20230609,0700,93.602,93.828,93.582,93.814,8136070000
AUDJPY,20230609,0800,93.815,93.865,93.690,93.772,6294440000
AUDJPY,20230609,0900,93.775,93.785,93.627,93.662,4655450000
AUDJPY,20230609,1000,93.661,93.681,93.572,93.667,4031320000
AUDJPY,20230609,1100,93.666,93.805,93.664,93.751,4281120000
AUDJPY,20230609,1200,93.750,93.887,93.619,93.801,8928250000
AUDJPY,20230609,1300,93.802,94.008,93.709,93.967,10643620000
AUDJPY,20230609,1400,93.967,94.095,93.875,93.971,9153890000
AUDJPY,20230609,1500,93.971,93.991,93.856,93.907,7346300000
AUDJPY,20230609,1600,93.905,93.964,93.847,93.931,4799270000
AUDJPY,20230609,1700,93.931,93.931,93.827,93.869,2439560000
AUDJPY,20230609,1800,93.872,93.942,93.844,93.939,2699060000
AUDJPY,20230609,1900,93.941,93.983,93.900,93.960,3134240000
AUDJPY,20230609,2000,93.957,93.989,93.916,93.948,2463290000
AUDJPY,20230611,2100,93.815,93.970,93.728,93.918,707940000
AUDJPY,20230611,2200,93.918,94.039,93.918,93.971,2173380000
AUDJPY,20230611,2300,93.976,94.020,93.956,94.001,1905580000
AUDJPY,20230612,0000,94.002,94.033,93.871,94.015,3345110000
AUDJPY,20230612,0100,94.016,94.055,93.961,94.020,4995290000
AUDJPY,20230612,0200,94.018,94.076,93.966,93.998,4449450000
AUDJPY,20230612,0300,94.000,94.056,93.959,94.005,2940270000
AUDJPY,20230612,0400,94.009,94.013,93.950,93.986,2331650000
AUDJPY,20230612,0500,93.988,94.103,93.977,94.072,3390420000
AUDJPY,20230612,0600,94.073,94.248,94.054,94.156,4244420000
AUDJPY,20230612,0700,94.157,94.415,94.122,94.331,7491790000
AUDJPY,20230612,0800,94.330,94.406,94.183,94.267,6785690000
AUDJPY,20230612,0900,94.266,94.327,94.197,94.222,4968600000
AUDJPY,20230612,1000,94.221,94.250,94.107,94.177,5014630000
AUDJPY,20230612,1100,94.176,94.266,94.148,94.199,4395110000
AUDJPY,20230612,1200,94.201,94.299,94.071,94.128,6187960000
AUDJPY,20230612,1300,94.128,94.257,94.083,94.241,9135140000
AUDJPY,20230612,1400,94.242,94.269,94.144,94.220,9367860000
AUDJPY,20230612,1500,94.221,94.268,94.195,94.264,6416300000
AUDJPY,20230612,1600,94.265,94.316,94.206,94.241,4295690000
AUDJPY,20230612,1700,94.240,94.267,94.185,94.261,3375870000
AUDJPY,20230612,1800,94.260,94.273,94.216,94.266,2549560000
AUDJPY,20230612,1900,94.263,94.312,94.230,94.261,2997780000
AUDJPY,20230612,2000,94.257,94.258,94.206,94.214,1508440000
AUDJPY,20230612,2100,94.214,94.259,94.093,94.255,855320000
AUDJPY,20230612,2200,94.255,94.264,94.196,94.227,2048310000
AUDJPY,20230612,2300,94.228,94.239,94.129,94.167,2276650000
AUDJPY,20230613,0000,94.164,94.255,94.132,94.210,5083000000
AUDJPY,20230613,0100,94.209,94.256,94.113,94.154,6086970000
AUDJPY,20230613,0200,94.155,94.191,93.972,94.064,3795640000
AUDJPY,20230613,0300,94.063,94.345,94.049,94.296,4261740000
AUDJPY,20230613,0400,94.295,94.355,94.279,94.320,3215080000
AUDJPY,20230613,0500,94.318,94.431,94.243,94.282,3909670000
AUDJPY,20230613,0600,94.283,94.640,94.265,94.471,8473230000
AUDJPY,20230613,0700,94.469,94.708,94.414,94.506,8305440000
AUDJPY,20230613,0800,94.505,94.616,94.437,94.577,5739300000
AUDJPY,20230613,0900,94.575,94.620,94.500,94.537,5616760000
AUDJPY,20230613,1000,94.537,94.573,94.504,94.542,3440490000
AUDJPY,20230613,1100,94.542,94.630,94.524,94.568,4326480000
AUDJPY,20230613,1200,94.568,94.682,94.274,94.552,18393840000
AUDJPY,20230613,1300,94.552,94.727,94.517,94.694,16527600000
AUDJPY,20230613,1400,94.692,94.942,94.624,94.920,12777250000
AUDJPY,20230613,1500,94.919,95.050,94.836,94.842,9980250000
AUDJPY,20230613,1600,94.840,94.950,94.816,94.924,5220840000
AUDJPY,20230613,1700,94.925,94.933,94.820,94.833,5170890000
AUDJPY,20230613,1800,94.833,94.893,94.743,94.863,4836110000
AUDJPY,20230613,1900,94.863,94.912,94.847,94.875,3194220000
AUDJPY,20230613,2000,94.875,94.913,94.852,94.852,1608110000
AUDJPY,20230613,2100,94.847,94.857,94.767,94.839,752580000
AUDJPY,20230613,2200,94.833,94.911,94.817,94.872,1957740000
AUDJPY,20230613,2300,94.868,94.906,94.850,94.882,1681150000
AUDJPY,20230614,0000,94.878,94.888,94.760,94.765,4955950000
AUDJPY,20230614,0100,94.767,94.984,94.766,94.961,4750060000
AUDJPY,20230614,0200,94.962,95.000,94.847,94.907,3950700000
AUDJPY,20230614,0300,94.913,94.925,94.804,94.862,2956180000
AUDJPY,20230614,0400,94.861,94.864,94.754,94.854,2790320000
AUDJPY,20230614,0500,94.855,94.927,94.764,94.799,4230430000
AUDJPY,20230614,0600,94.801,94.865,94.761,94.830,4706220000
AUDJPY,20230614,0700,94.830,94.966,94.811,94.962,6582220000
AUDJPY,20230614,0800,94.960,94.990,94.900,94.959,4623730000
AUDJPY,20230614,0900,94.957,94.993,94.911,94.974,3933860000
AUDJPY,20230614,1000,94.973,95.129,94.973,95.080,3846890000
AUDJPY,20230614,1100,95.081,95.143,95.014,95.053,3576040000
AUDJPY,20230614,1200,95.053,95.080,94.860,95.061,10914110000
AUDJPY,20230614,1300,95.062,95.190,95.022,95.103,9908610000
AUDJPY,20230614,1400,95.104,95.281,95.081,95.217,8277460000
AUDJPY,20230614,1500,95.215,95.256,95.150,95.177,6379280000
AUDJPY,20230614,1600,95.176,95.263,95.137,95.138,4283450000
AUDJPY,20230614,1700,95.138,95.140,94.957,95.013,4634470000
AUDJPY,20230614,1800,95.013,95.144,94.592,95.098,28682710000
AUDJPY,20230614,1900,95.098,95.185,94.959,95.031,14551400000
AUDJPY,20230614,2000,95.032,95.247,95.028,95.149,3414110000
AUDJPY,20230614,2100,95.149,95.212,95.075,95.138,1311920000
AUDJPY,20230614,2200,95.138,95.243,95.125,95.167,3637820000
AUDJPY,20230614,2300,95.169,95.205,95.115,95.127,3216750000
AUDJPY,20230615,0000,95.127,95.319,95.121,95.311,6187910000
AUDJPY,20230615,0100,95.311,95.726,95.161,95.684,11618710000
AUDJPY,20230615,0200,95.686,95.732,95.478,95.731,9150450000
AUDJPY,20230615,0300,95.727,95.956,95.703,95.929,4075460000
AUDJPY,20230615,0400,95.928,96.174,95.925,96.165,4634520000
AUDJPY,20230615,0500,96.166,96.374,96.123,96.347,7606890000
AUDJPY,20230615,0600,96.346,96.402,96.124,96.159,10318890000
AUDJPY,20230615,0700,96.159,96.396,96.063,96.320,8696460000
AUDJPY,20230615,0800,96.320,96.375,96.172,96.188,6960720000
AUDJPY,20230615,0900,96.192,96.244,95.973,96.166,7513850000
AUDJPY,20230615,1000,96.165,96.171,96.020,96.119,5291260000
AUDJPY,20230615,1100,96.122,96.140,95.954,95.983,4921740000
AUDJPY,20230615,1200,95.981,96.045,95.737,95.817,17703200000
AUDJPY,20230615,1300,95.818,96.240,95.775,96.201,17200370000
AUDJPY,20230615,1400,96.198,96.322,95.983,96.314,12918350000
AUDJPY,20230615,1500,96.315,96.546,96.314,96.509,9742830000
AUDJPY,20230615,1600,96.509,96.545,96.424,96.440,4658490000
AUDJPY,20230615,1700,96.441,96.580,96.375,96.560,3699020000
AUDJPY,20230615,1800,96.562,96.725,96.508,96.725,3194530000
AUDJPY,20230615,1900,96.727,96.727,96.570,96.601,4405050000
AUDJPY,20230615,2000,96.602,96.604,96.507,96.512,1673630000
AUDJPY,20230615,2100,96.494,96.520,96.461,96.496,843070000
AUDJPY,20230615,2200,96.495,96.517,96.451,96.465,2105030000
AUDJPY,20230615,2300,96.466,96.519,96.426,96.493,2570220000
AUDJPY,20230616,0000,96.493,96.546,96.371,96.396,5899170000
AUDJPY,20230616,0100,96.397,96.487,96.237,96.276,6104010000
AUDJPY,20230616,0200,96.276,96.697,96.236,96.633,9812600000
AUDJPY,20230616,0300,96.633,96.663,96.338,96.554,7724270000
AUDJPY,20230616,0400,96.553,96.784,96.508,96.697,2816190000
AUDJPY,20230616,0500,96.693,96.957,96.669,96.913,6618220000
AUDJPY,20230616,0600,96.913,97.172,96.870,97.142,9860250001
AUDJPY,20230616,0700,97.138,97.261,96.931,97.044,13085420000
AUDJPY,20230616,0800,97.044,97.169,96.999,97.088,13219250000
AUDJPY,20230616,0900,97.087,97.119,96.838,96.879,7570740000
AUDJPY,20230616,1000,96.877,96.907,96.716,96.829,5236280000
AUDJPY,20230616,1100,96.829,96.925,96.788,96.907,6113020000
AUDJPY,20230616,1200,96.907,97.155,96.892,97.109,10014080000
AUDJPY,20230616,1300,97.109,97.155,96.957,97.017,12159810000
AUDJPY,20230616,1400,97.004,97.225,96.873,97.216,21778670000
AUDJPY,20230616,1500,97.217,97.354,97.104,97.348,10329660000
AUDJPY,20230616,1600,97.346,97.447,97.282,97.439,6083350000
AUDJPY,20230616,1700,97.440,97.458,97.318,97.446,4166950000
AUDJPY,20230616,1800,97.444,97.545,97.437,97.545,4274850000
AUDJPY,20230616,1900,97.544,97.545,97.438,97.449,4096310000
AUDJPY,20230616,2000,97.450,97.569,97.440,97.545,3225330000
AUDJPY,20230618,2100,97.481,97.527,97.349,97.511,1037590000
AUDJPY,20230618,2200,97.520,97.645,97.504,97.625,3424430000
AUDJPY,20230618,2300,97.623,97.673,97.484,97.487,3083880000
AUDJPY,20230619,0000,97.486,97.503,97.265,97.318,6644300000
AUDJPY,20230619,0100,97.319,97.321,97.121,97.241,5752110000
AUDJPY,20230619,0200,97.241,97.298,97.165,97.172,4953670000
AUDJPY,20230619,0300,97.170,97.177,96.726,96.770,5448680000
AUDJPY,20230619,0400,96.769,96.927,96.745,96.898,4654080000
AUDJPY,20230619,0500,96.897,97.258,96.885,97.229,5109140000
AUDJPY,20230619,0600,97.228,97.228,97.043,97.119,5904560000
AUDJPY,20230619,0700,97.120,97.576,97.091,97.412,7291900000
AUDJPY,20230619,0800,97.409,97.440,97.317,97.404,5991260000
AUDJPY,20230619,0900,97.404,97.476,97.229,97.230,4751860000
AUDJPY,20230619,1000,97.228,97.300,97.080,97.159,5405500000
AUDJPY,20230619,1100,97.158,97.189,97.080,97.088,4256570000
AUDJPY,20230619,1200,97.088,97.196,97.025,97.182,4141500000
AUDJPY,20230619,1300,97.181,97.191,97.046,97.058,4584640000
AUDJPY,20230619,1400,97.059,97.172,96.982,97.090,5021000000
AUDJPY,20230619,1500,97.090,97.188,97.086,97.168,2397140000
AUDJPY,20230619,1600,97.167,97.230,97.102,97.140,1648820000
AUDJPY,20230619,1700,97.140,97.190,97.135,97.173,783140000
AUDJPY,20230619,1800,97.174,97.203,97.160,97.201,439030000
AUDJPY,20230619,1900,97.203,97.237,97.179,97.224,1343280000
AUDJPY,20230619,2000,97.222,97.277,97.168,97.231,1110420000
AUDJPY,20230619,2100,97.215,97.226,97.078,97.184,743530000
AUDJPY,20230619,2200,97.184,97.270,97.179,97.229,3967550000
AUDJPY,20230619,2300,97.229,97.295,97.191,97.198,1897240000
AUDJPY,20230620,0000,97.197,97.403,97.189,97.301,8106540000
AUDJPY,20230620,0100,97.299,97.411,96.734,96.797,9995060000
AUDJPY,20230620,0200,96.793,96.818,96.297,96.373,8857590000
AUDJPY,20230620,0300,96.373,96.526,96.349,96.487,4853180000
AUDJPY,20230620,0400,96.487,96.642,96.406,96.617,4077430000
AUDJPY,20230620,0500,96.614,96.689,96.460,96.628,6304020000
AUDJPY,20230620,0600,96.631,96.675,96.458,96.484,8121630000
AUDJPY,20230620,0700,96.482,96.586,96.359,96.472,9849270000
AUDJPY,20230620,0800,96.470,96.508,96.137,96.154,7872700000
AUDJPY,20230620,0900,96.154,96.261,96.081,96.098,7507710000
AUDJPY,20230620,1000,96.099,96.145,95.984,96.053,5838270000
AUDJPY,20230620,1100,96.054,96.143,95.907,95.920,4745770000
AUDJPY,20230620,1200,95.919,96.023,95.800,95.848,10078800000
AUDJPY,20230620,1300,95.850,95.856,95.726,95.776,11334560000
AUDJPY,20230620,1400,95.775,95.837,95.568,95.591,13486560000
AUDJPY,20230620,1500,95.591,95.771,95.570,95.757,8542100000
AUDJPY,20230620,1600,95.754,95.784,95.701,95.748,4646650000
AUDJPY,20230620,1700,95.749,95.883,95.675,95.823,4943580000
AUDJPY,20230620,1800,95.825,95.936,95.790,95.928,3309350000
AUDJPY,20230620,1900,95.929,96.045,95.873,96.001,3383000000
AUDJPY,20230620,2000,96.002,96.012,95.924,95.933,1684130000
AUDJPY,20230620,2100,95.917,96.000,95.860,95.929,1620390000
AUDJPY,20230620,2200,95.924,96.073,95.913,95.929,2242420000
AUDJPY,20230620,2300,95.931,95.969,95.886,95.966,2992670000
AUDJPY,20230621,0000,95.965,96.140,95.951,96.090,7354030000
AUDJPY,20230621,0100,96.090,96.151,95.998,96.115,7022460000
AUDJPY,20230621,0200,96.114,96.243,96.053,96.109,6198480000
AUDJPY,20230621,0300,96.109,96.195,96.083,96.187,4240820000
AUDJPY,20230621,0400,96.189,96.365,96.181,96.315,4197630000
AUDJPY,20230621,0500,96.315,96.346,96.098,96.107,5745120000
AUDJPY,20230621,0600,96.105,96.261,96.049,96.071,11041660000
AUDJPY,20230621,0700,96.075,96.233,95.953,96.108,9600150000
AUDJPY,20230621,0800,96.109,96.222,95.984,96.001,9136350000
AUDJPY,20230621,0900,96.000,96.076,95.950,96.047,6533330000
AUDJPY,20230621,1000,96.045,96.128,95.904,95.912,5568490000
AUDJPY,20230621,1100,95.911,95.964,95.827,95.880,5555470000
AUDJPY,20230621,1200,95.882,95.910,95.777,95.854,11604130000
AUDJPY,20230621,1300,95.855,96.166,95.836,96.162,13452390000
AUDJPY,20230621,1400,96.163,96.345,96.120,96.182,15745840000
AUDJPY,20230621,1500,96.182,96.344,96.052,96.338,10528380000
AUDJPY,20230621,1600,96.337,96.427,96.320,96.414,5859770000
AUDJPY,20230621,1700,96.414,96.418,96.280,96.374,5218610000
AUDJPY,20230621,1800,96.377,96.466,96.351,96.436,5371790000
AUDJPY,20230621,1900,96.434,96.447,96.353,96.376,4296300000
AUDJPY,20230621,2000,96.377,96.451,96.364,96.422,2923470000
AUDJPY,20230621,2100,96.408,96.408,96.279,96.374,1184440000
AUDJPY,20230621,2200,96.374,96.451,96.312,96.332,3043270000
AUDJPY,20230621,2300,96.330,96.394,96.309,96.327,2014520000
AUDJPY,20230622,0000,96.327,96.479,96.301,96.469,5726610000
AUDJPY,20230622,0100,96.469,96.511,96.371,96.421,4456390000
AUDJPY,20230622,0200,96.421,96.426,96.148,96.207,4408010000
AUDJPY,20230622,0300,96.210,96.251,96.176,96.236,3852510000
AUDJPY,20230622,0400,96.235,96.272,95.876,95.887,4956920000
AUDJPY,20230622,0500,95.887,95.958,95.779,95.889,6186740000
AUDJPY,20230622,0600,95.889,96.076,95.823,96.026,7132350000
AUDJPY,20230622,0700,96.026,96.263,95.999,96.232,10176740000
AUDJPY,20230622,0800,96.230,96.404,96.230,96.365,7046250000
AUDJPY,20230622,0900,96.365,96.456,96.349,96.431,4282270000
AUDJPY,20230622,1000,96.429,96.588,96.419,96.497,4371570000
AUDJPY,20230622,1100,96.496,96.543,96.304,96.441,12097150000
AUDJPY,20230622,1200,96.441,96.461,96.238,96.311,12168430000
AUDJPY,20230622,1300,96.311,96.379,96.173,96.338,16292440000
AUDJPY,20230622,1400,96.335,96.540,96.335,96.531,15816010000
AUDJPY,20230622,1500,96.531,96.616,96.406,96.484,10139630000
AUDJPY,20230622,1600,96.486,96.550,96.449,96.531,5384900000
AUDJPY,20230622,1700,96.534,96.562,96.441,96.562,5728740000
AUDJPY,20230622,1800,96.565,96.692,96.534,96.689,3296840000
AUDJPY,20230622,1900,96.686,96.761,96.661,96.737,3687030000
AUDJPY,20230622,2000,96.736,96.736,96.669,96.673,1940700000
AUDJPY,20230622,2100,96.630,96.671,96.512,96.641,1417650000
AUDJPY,20230622,2200,96.639,96.712,96.621,96.684,3370300000
AUDJPY,20230622,2300,96.685,96.807,96.666,96.676,3182740000
AUDJPY,20230623,0000,96.675,96.845,96.655,96.783,7441850000
AUDJPY,20230623,0100,96.782,96.801,96.168,96.287,10533830000
AUDJPY,20230623,0200,96.285,96.287,95.952,96.061,9768030000
AUDJPY,20230623,0300,96.062,96.069,95.895,95.960,5065500000
AUDJPY,20230623,0400,95.959,96.020,95.739,95.792,5163740000
AUDJPY,20230623,0500,95.791,96.093,95.776,96.012,6344420000
AUDJPY,20230623,0600,96.013,96.085,95.883,96.056,7296870000
AUDJPY,20230623,0700,96.055,96.123,95.487,95.635,15139650000
AUDJPY,20230623,0800,95.633,95.828,95.623,95.683,9108060000
AUDJPY,20230623,0900,95.683,95.897,95.682,95.884,5557930000
AUDJPY,20230623,1000,95.882,95.962,95.805,95.817,6038760000
AUDJPY,20230623,1100,95.816,95.869,95.708,95.752,5162740000
AUDJPY,20230623,1200,95.752,95.785,95.253,95.362,9474260000
AUDJPY,20230623,1300,95.360,95.594,95.328,95.528,14259930000
AUDJPY,20230623,1400,95.527,95.969,95.525,95.969,13989200000
AUDJPY,20230623,1500,95.971,96.152,95.894,96.131,9444930000
AUDJPY,20230623,1600,96.132,96.165,96.056,96.123,5050380000
AUDJPY,20230623,1700,96.121,96.131,96.038,96.045,3847580000
AUDJPY,20230623,1800,96.046,96.051,95.968,96.019,3486960000
AUDJPY,20230623,1900,96.018,96.066,95.967,96.052,3355980000
AUDJPY,20230623,2000,96.055,96.075,95.935,95.935,3080330000
AUDJPY,20230625,2100,95.862,95.907,95.779,95.841,594470000
AUDJPY,20230625,2200,95.840,96.010,95.840,95.846,4005840000
AUDJPY,20230625,2300,95.846,95.918,95.829,95.896,3665730000
AUDJPY,20230626,0000,95.896,95.934,95.593,95.794,9628690000
AUDJPY,20230626,0100,95.793,96.088,95.737,95.874,7475350000
AUDJPY,20230626,0200,95.870,96.032,95.859,95.965,5891300000
AUDJPY,20230626,0300,95.966,95.994,95.906,95.938,4470190000
AUDJPY,20230626,0400,95.938,95.940,95.826,95.842,2999440000
AUDJPY,20230626,0500,95.843,95.872,95.744,95.753,4474340000
AUDJPY,20230626,0600,95.752,95.837,95.633,95.832,6397880000
AUDJPY,20230626,0700,95.832,95.841,95.371,95.619,11796360000
AUDJPY,20230626,0800,95.619,95.626,95.423,95.483,8758390000
AUDJPY,20230626,0900,95.477,95.604,95.466,95.562,5589940000
AUDJPY,20230626,1000,95.561,95.573,95.444,95.498,4402600000
AUDJPY,20230626,1100,95.499,95.700,95.485,95.688,4607690000
AUDJPY,20230626,1200,95.689,95.757,95.536,95.552,5864600000
AUDJPY,20230626,1300,95.552,95.847,95.532,95.784,8872990000
AUDJPY,20230626,1400,95.783,95.943,95.708,95.837,11105540000
AUDJPY,20230626,1500,95.837,95.910,95.758,95.893,8148130000
AUDJPY,20230626,1600,95.893,95.916,95.802,95.915,4565870000
AUDJPY,20230626,1700,95.916,95.919,95.825,95.834,3551110000
AUDJPY,20230626,1800,95.835,95.876,95.786,95.848,2347460000
AUDJPY,20230626,1900,95.847,95.890,95.789,95.819,2986840000
AUDJPY,20230626,2000,95.818,95.845,95.767,95.771,1347590000
AUDJPY,20230626,2100,95.642,95.783,95.624,95.730,2776160000
AUDJPY,20230626,2200,95.738,95.793,95.732,95.748,1862530000
AUDJPY,20230626,2300,95.748,95.805,95.655,95.742,2120410000
AUDJPY,20230627,0000,95.742,95.892,95.693,95.821,6844370000
AUDJPY,20230627,0100,95.819,96.227,95.806,96.202,9230940000
AUDJPY,20230627,0200,96.201,96.306,96.173,96.265,6170650000
AUDJPY,20230627,0300,96.266,96.340,96.198,96.328,5873250000
AUDJPY,20230627,0400,96.327,96.435,96.296,96.369,4755640000
AUDJPY,20230627,0500,96.369,96.431,96.279,96.395,5135520000
AUDJPY,20230627,0600,96.393,96.495,96.289,96.348,6295500000
AUDJPY,20230627,0700,96.347,96.430,96.164,96.288,8083700000
AUDJPY,20230627,0800,96.287,96.287,96.092,96.113,8630970000
AUDJPY,20230627,0900,96.113,96.273,96.015,96.225,5589880000
AUDJPY,20230627,1000,96.225,96.246,96.102,96.203,3951260000
AUDJPY,20230627,1100,96.202,96.209,95.910,96.006,5299920000
AUDJPY,20230627,1200,96.005,96.223,95.907,96.141,10865640000
AUDJPY,20230627,1300,96.140,96.321,96.090,96.179,13013700000
AUDJPY,20230627,1400,96.180,96.413,96.104,96.403,16776850000
AUDJPY,20230627,1500,96.403,96.403,96.191,96.224,9375040000
AUDJPY,20230627,1600,96.223,96.250,96.130,96.240,4258020000
AUDJPY,20230627,1700,96.240,96.339,96.235,96.321,3495330000
AUDJPY,20230627,1800,96.321,96.358,96.288,96.351,3063060000
AUDJPY,20230627,1900,96.352,96.386,96.324,96.324,2497720000
AUDJPY,20230627,2000,96.325,96.356,96.307,96.325,1810490000
AUDJPY,20230627,2100,96.324,96.330,96.222,96.281,1285180000
AUDJPY,20230627,2200,96.280,96.326,96.201,96.220,2646750000
AUDJPY,20230627,2300,96.220,96.220,96.079,96.139,2204420000
AUDJPY,20230628,0000,96.139,96.200,95.845,95.894,7897280000
AUDJPY,20230628,0100,95.895,96.016,95.150,95.418,11515270000
AUDJPY,20230628,0200,95.418,95.698,95.410,95.568,6654590000
AUDJPY,20230628,0300,95.567,95.693,95.528,95.681,3928190000
AUDJPY,20230628,0400,95.682,95.692,95.592,95.664,3941710000
AUDJPY,20230628,0500,95.665,95.687,95.509,95.668,5017800000
AUDJPY,20230628,0600,95.667,95.710,95.494,95.596,6097410000
AUDJPY,20230628,0700,95.593,95.869,95.559,95.683,8735170000
AUDJPY,20230628,0800,95.685,95.781,95.568,95.576,8463830000
AUDJPY,20230628,0900,95.574,95.642,95.504,95.556,5714020000
AUDJPY,20230628,1000,95.555,95.681,95.549,95.586,4261810000
AUDJPY,20230628,1100,95.584,95.665,95.492,95.497,5124580000
AUDJPY,20230628,1200,95.501,95.563,95.368,95.384,8609420000
AUDJPY,20230628,1300,95.383,95.550,95.320,95.542,11939860000
AUDJPY,20230628,1400,95.543,95.632,95.359,95.370,16075300000
AUDJPY,20230628,1500,95.373,95.543,95.343,95.470,11207650000
AUDJPY,20230628,1600,95.469,95.531,95.355,95.411,6265500000
AUDJPY,20230628,1700,95.412,95.460,95.341,95.405,4965120000
AUDJPY,20230628,1800,95.402,95.456,95.335,95.350,3334250000
AUDJPY,20230628,1900,95.351,95.420,95.298,95.339,3448980000
AUDJPY,20230628,2000,95.338,95.401,95.304,95.329,2537340000
AUDJPY,20230628,2100,95.321,95.339,95.254,95.305,793010000
AUDJPY,20230628,2200,95.305,95.351,95.234,95.283,2952770000
AUDJPY,20230628,2300,95.283,95.343,95.277,95.280,3413250000
AUDJPY,20230629,0000,95.278,95.382,95.162,95.224,6984910000
AUDJPY,20230629,0100,95.228,95.593,95.225,95.505,8637970000
AUDJPY,20230629,0200,95.514,95.544,95.354,95.386,6060010000
AUDJPY,20230629,0300,95.385,95.514,95.363,95.453,4918240000
AUDJPY,20230629,0400,95.451,95.593,95.434,95.564,4976270000
AUDJPY,20230629,0500,95.566,95.633,95.488,95.585,5395190000
AUDJPY,20230629,0600,95.585,95.660,95.510,95.603,6543710000
AUDJPY,20230629,0700,95.603,95.732,95.414,95.619,8626000000
AUDJPY,20230629,0800,95.620,95.652,95.488,95.493,8523330000
AUDJPY,20230629,0900,95.493,95.542,95.451,95.505,5615740000
AUDJPY,20230629,1000,95.505,95.656,95.492,95.632,4856300000
AUDJPY,20230629,1100,95.629,95.794,95.609,95.739,4084320000
AUDJPY,20230629,1200,95.746,95.765,95.622,95.708,14799760000
AUDJPY,20230629,1300,95.710,95.720,95.545,95.705,18005600000
AUDJPY,20230629,1400,95.704,95.931,95.639,95.875,16358220000
AUDJPY,20230629,1500,95.875,95.989,95.836,95.984,9102940000
AUDJPY,20230629,1600,95.981,96.009,95.946,95.985,5905890000
AUDJPY,20230629,1700,95.985,95.985,95.812,95.838,4397170000
AUDJPY,20230629,1800,95.838,95.929,95.812,95.902,4625340000
AUDJPY,20230629,1900,95.903,95.929,95.836,95.863,3327940000
AUDJPY,20230629,2000,95.861,95.876,95.760,95.760,1861210000
AUDJPY,20230629,2100,95.742,95.786,95.713,95.735,597850000
AUDJPY,20230629,2200,95.735,95.848,95.734,95.823,1854210000
AUDJPY,20230629,2300,95.822,95.877,95.779,95.808,2708210000
AUDJPY,20230630,0000,95.810,95.833,95.596,95.746,7898490000
AUDJPY,20230630,0100,95.750,95.911,95.731,95.777,10212190000
AUDJPY,20230630,0200,95.778,96.075,95.778,95.833,8933370000
AUDJPY,20230630,0300,95.833,96.011,95.800,95.945,4963020000
AUDJPY,20230630,0400,95.945,95.972,95.861,95.920,4268340000
AUDJPY,20230630,0500,95.924,96.033,95.892,95.908,5494310000
AUDJPY,20230630,0600,95.907,95.930,95.730,95.834,7136880000
AUDJPY,20230630,0700,95.834,95.947,95.778,95.906,8574940000
AUDJPY,20230630,0800,95.907,95.936,95.710,95.717,7261780000
AUDJPY,20230630,0900,95.714,95.851,95.691,95.851,5873670000
AUDJPY,20230630,1000,95.850,95.899,95.706,95.753,5400580000
AUDJPY,20230630,1100,95.754,95.834,95.742,95.796,5425830000
AUDJPY,20230630,1200,95.798,96.034,95.795,95.981,14781400000
AUDJPY,20230630,1300,95.983,96.156,95.946,96.097,13645420000
AUDJPY,20230630,1400,96.097,96.222,96.000,96.195,15494820000
AUDJPY,20230630,1500,96.197,96.292,96.163,96.247,10676530000
AUDJPY,20230630,1600,96.246,96.284,96.186,96.245,6642120000
AUDJPY,20230630,1700,96.246,96.284,96.144,96.178,4973970000
AUDJPY,20230630,1800,96.177,96.224,96.106,96.158,3179530000
AUDJPY,20230630,1900,96.157,96.159,96.081,96.089,3381710000
AUDJPY,20230630,2000,96.087,96.199,96.078,96.133,4459650000
AUDJPY,20230702,2100,96.052,96.127,96.048,96.123,509120000
AUDJPY,20230702,2200,96.123,96.169,96.104,96.123,1834510000
AUDJPY,20230702,2300,96.132,96.169,96.096,96.141,3005790000
AUDJPY,20230703,0000,96.140,96.218,96.018,96.107,6420820000
AUDJPY,20230703,0100,96.108,96.300,96.058,96.142,7380680000
AUDJPY,20230703,0200,96.140,96.154,95.994,96.137,4799060000
AUDJPY,20230703,0300,96.139,96.360,96.106,96.360,4469870000
AUDJPY,20230703,0400,96.360,96.402,96.297,96.350,4424580000
AUDJPY,20230703,0500,96.351,96.438,96.281,96.327,5088560000
AUDJPY,20230703,0600,96.327,96.347,96.043,96.247,7728390000
AUDJPY,20230703,0700,96.247,96.332,96.075,96.190,8588300000
AUDJPY,20230703,0800,96.190,96.472,96.152,96.336,6442240000
AUDJPY,20230703,0900,96.336,96.382,96.102,96.127,5048430000
AUDJPY,20230703,1000,96.128,96.344,96.106,96.317,5703940000
AUDJPY,20230703,1100,96.316,96.381,96.272,96.332,6367180000
AUDJPY,20230703,1200,96.330,96.350,96.236,96.330,6103770000
AUDJPY,20230703,1300,96.328,96.460,96.259,96.400,11826400000
AUDJPY,20230703,1400,96.403,96.547,96.229,96.536,14953380000
AUDJPY,20230703,1500,96.536,96.614,96.479,96.486,7926080000
AUDJPY,20230703,1600,96.484,96.597,96.480,96.547,4830570000
AUDJPY,20230703,1700,96.548,96.601,96.512,96.528,2297610000
AUDJPY,20230703,1800,96.528,96.568,96.520,96.564,2102430000
AUDJPY,20230703,1900,96.566,96.583,96.533,96.557,950700000
AUDJPY,20230703,2000,96.558,96.576,96.489,96.489,1140170000
AUDJPY,20230703,2100,96.466,96.499,96.369,96.470,922570000
AUDJPY,20230703,2200,96.474,96.521,96.457,96.509,1433700000
AUDJPY,20230703,2300,96.509,96.575,96.475,96.502,1670730000
AUDJPY,20230704,0000,96.502,96.586,96.440,96.481,4600730000
AUDJPY,20230704,0100,96.481,96.607,96.379,96.605,5500480000
AUDJPY,20230704,0200,96.605,96.621,96.463,96.481,3585590000
AUDJPY,20230704,0300,96.480,96.614,96.455,96.573,3430350000
AUDJPY,20230704,0400,96.573,96.699,96.062,96.143,7765240000
AUDJPY,20230704,0500,96.142,96.274,96.070,96.237,3792320000
AUDJPY,20230704,0600,96.236,96.444,96.191,96.426,6264580000
AUDJPY,20230704,0700,96.430,96.618,96.426,96.521,6165770000
AUDJPY,20230704,0800,96.522,96.587,96.365,96.444,4126900000
AUDJPY,20230704,0900,96.443,96.567,96.421,96.567,3623340000
AUDJPY,20230704,1000,96.568,96.608,96.522,96.524,3162250000
AUDJPY,20230704,1100,96.525,96.619,96.518,96.586,2557780000
AUDJPY,20230704,1200,96.586,96.627,96.546,96.617,3528750000
AUDJPY,20230704,1300,96.614,96.632,96.552,96.596,3645970000
AUDJPY,20230704,1400,96.598,96.728,96.540,96.719,4338320000
AUDJPY,20230704,1500,96.720,96.828,96.712,96.809,3094290000
AUDJPY,20230704,1600,96.808,96.813,96.712,96.763,2136510000
AUDJPY,20230704,1700,96.764,96.797,96.748,96.771,1204690000
AUDJPY,20230704,1800,96.769,96.787,96.703,96.711,626570000
AUDJPY,20230704,1900,96.712,96.732,96.651,96.714,1004550000
AUDJPY,20230704,2000,96.715,96.719,96.634,96.634,1109390000
AUDJPY,20230704,2100,96.549,96.666,96.549,96.630,968580000
AUDJPY,20230704,2200,96.633,96.692,96.628,96.679,2074530000
AUDJPY,20230704,2300,96.681,96.706,96.635,96.655,1734790000
AUDJPY,20230705,0000,96.655,96.818,96.645,96.698,4802770000
AUDJPY,20230705,0100,96.696,96.829,96.631,96.654,7153580000
AUDJPY,20230705,0200,96.651,96.670,96.579,96.624,4366850000
AUDJPY,20230705,0300,96.624,96.660,96.594,96.609,3058280000
AUDJPY,20230705,0400,96.608,96.621,96.525,96.558,2846350000
AUDJPY,20230705,0500,96.559,96.741,96.524,96.708,4570960000
AUDJPY,20230705,0600,96.708,96.742,96.558,96.601,5797650000
AUDJPY,20230705,0700,96.607,96.702,96.500,96.516,8089200000
AUDJPY,20230705,0800,96.514,96.514,96.205,96.312,8392020000
AUDJPY,20230705,0900,96.311,96.349,96.230,96.269,7394410000
AUDJPY,20230705,1000,96.268,96.274,96.057,96.072,5120270000
AUDJPY,20230705,1100,96.072,96.323,96.057,96.280,5342680000
AUDJPY,20230705,1200,96.279,96.346,96.228,96.249,6784490000
AUDJPY,20230705,1300,96.250,96.453,96.113,96.125,11737710000
AUDJPY,20230705,1400,96.126,96.378,96.123,96.360,10457700000
AUDJPY,20230705,1500,96.360,96.414,96.276,96.308,7584220000
AUDJPY,20230705,1600,96.309,96.432,96.290,96.364,4163260000
AUDJPY,20230705,1700,96.367,96.413,96.333,96.351,3166200000
AUDJPY,20230705,1800,96.348,96.400,96.248,96.253,5971890000
AUDJPY,20230705,1900,96.258,96.331,96.258,96.281,3290950000
AUDJPY,20230705,2000,96.285,96.309,96.241,96.241,2317640000
AUDJPY,20230705,2100,96.241,96.248,96.150,96.196,524270000
AUDJPY,20230705,2200,96.196,96.226,96.157,96.169,1856320000
AUDJPY,20230705,2300,96.168,96.182,96.085,96.160,2058010000
AUDJPY,20230706,0000,96.162,96.178,95.921,95.968,5114990000
AUDJPY,20230706,0100,95.968,96.220,95.962,96.218,6412610000
AUDJPY,20230706,0200,96.223,96.310,96.152,96.189,5142140000
AUDJPY,20230706,0300,96.193,96.211,95.922,95.931,4863450000
AUDJPY,20230706,0400,95.929,95.931,95.598,95.783,7093310000
AUDJPY,20230706,0500,95.785,95.785,95.635,95.711,8413610000
AUDJPY,20230706,0600,95.709,96.161,95.708,96.143,9137290000
AUDJPY,20230706,0700,96.145,96.161,95.914,96.001,11399980000
AUDJPY,20230706,0800,96.001,96.081,95.925,96.039,7356440000
AUDJPY,20230706,0900,96.037,96.139,95.980,96.019,5610940000
AUDJPY,20230706,1000,96.018,96.166,95.992,96.078,6260080000
AUDJPY,20230706,1100,96.077,96.168,96.039,96.067,6876290000
AUDJPY,20230706,1200,96.067,96.089,95.699,95.734,20076420000
AUDJPY,20230706,1300,95.736,95.851,95.573,95.633,14580840000
AUDJPY,20230706,1400,95.633,95.705,95.342,95.451,19119020000
AUDJPY,20230706,1500,95.450,95.469,95.294,95.356,11845060000
AUDJPY,20230706,1600,95.354,95.470,95.316,95.414,7278230000
AUDJPY,20230706,1700,95.415,95.545,95.393,95.522,4608080000
AUDJPY,20230706,1800,95.527,95.539,95.470,95.503,3593070000
AUDJPY,20230706,1900,95.504,95.538,95.462,95.476,2693390000
AUDJPY,20230706,2000,95.476,95.482,95.425,95.430,1875660000
AUDJPY,20230706,2100,95.426,95.446,95.267,95.411,924680000
AUDJPY,20230706,2200,95.410,95.485,95.402,95.466,1550280000
AUDJPY,20230706,2300,95.466,95.475,95.394,95.433,2310970000
AUDJPY,20230707,0000,95.432,95.482,95.220,95.447,6675240000
AUDJPY,20230707,0100,95.449,95.587,95.430,95.510,5978480000
AUDJPY,20230707,0200,95.508,95.540,95.404,95.418,5455470000
AUDJPY,20230707,0300,95.419,95.499,95.409,95.438,4421740000
AUDJPY,20230707,0400,95.439,95.524,95.407,95.447,3107550000
AUDJPY,20230707,0500,95.450,95.482,95.217,95.254,6019610000
AUDJPY,20230707,0600,95.256,95.328,95.064,95.075,7886180000
AUDJPY,20230707,0700,95.075,95.158,94.898,94.989,10255900000
AUDJPY,20230707,0800,94.989,95.025,94.861,94.924,9587280000
AUDJPY,20230707,0900,94.925,95.059,94.925,95.040,8108120000
AUDJPY,20230707,1000,95.042,95.181,94.992,95.169,5390530000
AUDJPY,20230707,1100,95.169,95.231,95.043,95.044,5957370000
AUDJPY,20230707,1200,95.043,95.109,94.697,94.988,18927290000
AUDJPY,20230707,1300,94.986,95.014,94.780,94.993,19734940000
AUDJPY,20230707,1400,94.995,95.094,94.865,95.047,15572000000
AUDJPY,20230707,1500,95.048,95.095,94.997,95.062,9528860000
AUDJPY,20230707,1600,95.064,95.255,95.014,95.214,6359880000
AUDJPY,20230707,1700,95.214,95.240,95.126,95.157,3298000000
AUDJPY,20230707,1800,95.158,95.181,95.120,95.142,3088800000
AUDJPY,20230707,1900,95.142,95.162,94.994,95.009,3058000000
AUDJPY,20230707,2000,95.010,95.102,95.010,95.054,2838210000
AUDJPY,20230709,2100,94.903,95.074,94.903,95.074,1834310000
AUDJPY,20230709,2200,95.071,95.234,95.065,95.103,3342820000
AUDJPY,20230709,2300,95.104,95.146,95.070,95.107,2470090000
AUDJPY,20230710,0000,95.105,95.313,95.061,95.225,7866790000
AUDJPY,20230710,0100,95.224,95.471,95.117,95.274,8858800000
AUDJPY,20230710,0200,95.271,95.414,95.271,95.384,7746900000
AUDJPY,20230710,0300,95.385,95.414,95.106,95.165,6935130000
AUDJPY,20230710,0400,95.167,95.377,95.139,95.309,4295510000
AUDJPY,20230710,0500,95.309,95.333,94.964,95.000,6276930000
AUDJPY,20230710,0600,94.995,95.019,94.642,94.699,7245700000
AUDJPY,20230710,0700,94.700,94.825,94.490,94.622,8960670000
AUDJPY,20230710,0800,94.623,94.774,94.590,94.592,5892100000
AUDJPY,20230710,0900,94.591,94.646,94.470,94.569,5381830000
AUDJPY,20230710,1000,94.567,94.653,94.514,94.607,3837830000
AUDJPY,20230710,1100,94.608,94.638,94.425,94.425,5750730000
AUDJPY,20230710,1200,94.425,94.504,94.358,94.371,9147500000
AUDJPY,20230710,1300,94.369,94.431,94.109,94.328,11980820000
AUDJPY,20230710,1400,94.330,94.370,94.217,94.316,10412610000
AUDJPY,20230710,1500,94.316,94.404,94.206,94.383,7446410000
AUDJPY,20230710,1600,94.383,94.408,94.329,94.388,4825220000
AUDJPY,20230710,1700,94.388,94.442,94.382,94.414,4091700000
AUDJPY,20230710,1800,94.414,94.424,94.323,94.352,3655570000
AUDJPY,20230710,1900,94.352,94.376,94.323,94.345,2443620000
AUDJPY,20230710,2000,94.346,94.374,94.308,94.312,1671270000
AUDJPY,20230710,2100,94.310,94.403,94.138,94.323,1023470000
AUDJPY,20230710,2200,94.326,94.353,94.283,94.329,2852070000
AUDJPY,20230710,2300,94.328,94.359,94.259,94.344,2869220000
AUDJPY,20230711,0000,94.344,94.607,94.344,94.510,7980620000
AUDJPY,20230711,0100,94.509,94.544,94.292,94.292,7645530000
AUDJPY,20230711,0200,94.291,94.339,94.016,94.065,9201000000
AUDJPY,20230711,0300,94.069,94.218,94.033,94.156,5295910000
AUDJPY,20230711,0400,94.156,94.192,94.050,94.155,6787570000
AUDJPY,20230711,0500,94.153,94.195,94.027,94.068,7752280000
AUDJPY,20230711,0600,94.068,94.188,94.061,94.069,15846970000
AUDJPY,20230711,0700,94.071,94.102,93.746,93.772,11784530000
AUDJPY,20230711,0800,93.773,93.897,93.650,93.674,9899050000
AUDJPY,20230711,0900,93.677,93.808,93.608,93.722,7935610000
AUDJPY,20230711,1000,93.723,93.755,93.556,93.580,6364710000
AUDJPY,20230711,1100,93.578,93.611,93.495,93.557,5474410000
AUDJPY,20230711,1200,93.558,93.600,93.469,93.494,9466940000
AUDJPY,20230711,1300,93.495,93.848,93.479,93.810,10598430000
AUDJPY,20230711,1400,93.812,93.833,93.531,93.542,10359670000
AUDJPY,20230711,1500,93.542,93.641,93.505,93.622,6792710000
AUDJPY,20230711,1600,93.621,93.678,93.548,93.592,4575190000
AUDJPY,20230711,1700,93.593,93.692,93.586,93.621,3171960000
AUDJPY,20230711,1800,93.623,93.831,93.600,93.820,3480270000
AUDJPY,20230711,1900,93.820,93.869,93.801,93.851,2947230000
AUDJPY,20230711,2000,93.848,93.871,93.806,93.841,2372220000
AUDJPY,20230711,2100,93.841,93.849,93.686,93.840,1077240000
AUDJPY,20230711,2200,93.840,93.851,93.779,93.816,2418340000
AUDJPY,20230711,2300,93.819,93.883,93.740,93.783,3817280000
AUDJPY,20230712,0000,93.782,93.874,93.571,93.783,11250090000
AUDJPY,20230712,0100,93.781,93.810,93.642,93.752,11577060000
AUDJPY,20230712,0200,93.748,94.128,93.700,94.036,10611340000
AUDJPY,20230712,0300,94.038,94.046,93.763,93.826,6882690000
AUDJPY,20230712,0400,93.827,93.924,93.740,93.771,4764300000
AUDJPY,20230712,0500,93.771,93.773,93.476,93.552,7479980000
AUDJPY,20230712,0600,93.551,93.664,93.448,93.505,7440780000
AUDJPY,20230712,0700,93.505,93.525,93.299,93.345,9592660000
AUDJPY,20230712,0800,93.342,93.422,93.294,93.358,6713630000
AUDJPY,20230712,0900,93.358,93.489,93.347,93.477,6013670000
AUDJPY,20230712,1000,93.478,93.509,93.347,93.349,4594210000
AUDJPY,20230712,1100,93.348,93.405,93.271,93.309,5196620000
AUDJPY,20230712,1200,93.310,93.811,93.224,93.715,21764900000
AUDJPY,20230712,1300,93.713,94.211,93.711,94.051,22650480000
AUDJPY,20230712,1400,94.050,94.097,93.919,94.030,19280830000
AUDJPY,20230712,1500,94.029,94.029,93.660,93.734,12890150000
AUDJPY,20230712,1600,93.735,94.051,93.714,94.009,8079390000
AUDJPY,20230712,1700,94.011,94.055,93.850,93.902,5652710000
AUDJPY,20230712,1800,93.903,93.996,93.867,93.952,4217110000
AUDJPY,20230712,1900,93.951,94.011,93.881,94.005,4723950000
AUDJPY,20230712,2000,94.004,94.064,93.993,94.005,2678670000
AUDJPY,20230712,2100,93.812,93.974,93.812,93.929,1075070000
AUDJPY,20230712,2200,93.927,94.010,93.924,93.939,2391570000
AUDJPY,20230712,2300,93.939,94.042,93.891,93.957,2560630000
AUDJPY,20230713,0000,93.956,94.117,93.854,94.058,9135510000
AUDJPY,20230713,0100,94.057,94.226,94.013,94.177,10416190000
AUDJPY,20230713,0200,94.178,94.322,94.140,94.262,8274350000
AUDJPY,20230713,0300,94.261,94.416,94.207,94.390,6732070000
AUDJPY,20230713,0400,94.390,94.405,94.305,94.342,5489590000
AUDJPY,20230713,0500,94.341,94.554,94.320,94.474,8152820000
AUDJPY,20230713,0600,94.473,94.613,94.420,94.582,9903950000
AUDJPY,20230713,0700,94.582,94.687,94.506,94.678,11408830000
AUDJPY,20230713,0800,94.679,94.763,94.590,94.703,9491120000
AUDJPY,20230713,0900,94.703,94.913,94.682,94.911,7239280000
AUDJPY,20230713,1000,94.914,95.010,94.861,95.001,6509380000
AUDJPY,20230713,1100,95.002,95.012,94.894,94.971,5882540000
AUDJPY,20230713,1200,94.969,95.187,94.915,95.182,19779100000
AUDJPY,20230713,1300,95.181,95.235,95.034,95.171,14916680000
AUDJPY,20230713,1400,95.176,95.310,95.082,95.275,12262960000
AUDJPY,20230713,1500,95.277,95.288,94.883,94.924,9000890000
AUDJPY,20230713,1600,94.924,94.977,94.880,94.964,6896090000
AUDJPY,20230713,1700,94.966,95.111,94.940,95.086,4086160000
AUDJPY,20230713,1800,95.086,95.165,95.047,95.117,3521710000
AUDJPY,20230713,1900,95.115,95.134,95.051,95.069,2896920000
AUDJPY,20230713,2000,95.066,95.119,95.049,95.081,2088480000
AUDJPY,20230713,2100,95.077,95.077,94.802,95.068,1743610000
AUDJPY,20230713,2200,95.067,95.135,95.045,95.089,2514720000
AUDJPY,20230713,2300,95.082,95.114,94.950,95.102,3062910000
AUDJPY,20230714,0000,95.101,95.162,94.682,94.693,10536420000
AUDJPY,20230714,0100,94.695,94.767,94.545,94.706,11742390000
AUDJPY,20230714,0200,94.707,94.881,94.665,94.778,8248950000
AUDJPY,20230714,0300,94.779,94.849,94.685,94.736,7408520000
AUDJPY,20230714,0400,94.736,94.925,94.660,94.891,5733760000
AUDJPY,20230714,0500,94.891,95.006,94.794,94.960,6745990000
AUDJPY,20230714,0600,94.957,95.064,94.856,94.950,9456970000
AUDJPY,20230714,0700,94.951,95.117,94.951,95.034,8820370000
AUDJPY,20230714,0800,95.035,95.117,94.998,95.052,6815360000
AUDJPY,20230714,0900,95.052,95.218,95.029,95.174,6264540000
AUDJPY,20230714,1000,95.174,95.382,95.167,95.254,7871800000
AUDJPY,20230714,1100,95.255,95.267,95.053,95.130,7787760000
AUDJPY,20230714,1200,95.130,95.297,95.086,95.297,11530140000
AUDJPY,20230714,1300,95.297,95.336,95.122,95.221,13279960000
AUDJPY,20230714,1400,95.218,95.335,94.791,94.980,25972680000
AUDJPY,20230714,1500,94.978,95.065,94.874,94.932,10266500000
AUDJPY,20230714,1600,94.930,94.964,94.864,94.958,6359210000
AUDJPY,20230714,1700,94.954,95.046,94.875,95.016,4394510000
AUDJPY,20230714,1800,95.013,95.025,94.886,94.952,2688310000
AUDJPY,20230714,1900,94.954,94.960,94.854,94.916,3953460000
AUDJPY,20230714,2000,94.914,94.934,94.858,94.873,3001700000
AUDJPY,20230716,2100,94.700,94.928,94.691,94.814,378100000
AUDJPY,20230716,2200,94.811,94.915,94.777,94.791,2574090000
AUDJPY,20230716,2300,94.793,94.851,94.783,94.823,2080510000
AUDJPY,20230717,0000,94.821,94.850,94.526,94.530,4935160000
AUDJPY,20230717,0100,94.531,94.702,94.456,94.456,7540600000
AUDJPY,20230717,0200,94.455,94.616,94.368,94.509,6168780000
AUDJPY,20230717,0300,94.508,94.533,94.382,94.406,4464350000
AUDJPY,20230717,0400,94.404,94.517,94.364,94.504,2916740000
AUDJPY,20230717,0500,94.505,94.535,94.383,94.421,3889840000
AUDJPY,20230717,0600,94.420,94.442,94.212,94.301,6075450000
AUDJPY,20230717,0700,94.301,94.538,94.261,94.529,7951270000
AUDJPY,20230717,0800,94.530,94.540,94.304,94.327,7785270000
AUDJPY,20230717,0900,94.328,94.418,94.015,94.074,8035270000
AUDJPY,20230717,1000,94.078,94.135,94.034,94.120,4968400000
AUDJPY,20230717,1100,94.122,94.322,94.110,94.290,4209850000
AUDJPY,20230717,1200,94.291,94.573,94.210,94.473,12625780000
AUDJPY,20230717,1300,94.470,94.821,94.446,94.723,13626740000
AUDJPY,20230717,1400,94.723,94.842,94.634,94.823,12277020000
AUDJPY,20230717,1500,94.824,94.891,94.743,94.748,7528050000
AUDJPY,20230717,1600,94.750,94.843,94.683,94.698,4578670000
AUDJPY,20230717,1700,94.697,94.783,94.669,94.741,3289970000
AUDJPY,20230717,1800,94.744,94.744,94.589,94.604,2161770000
AUDJPY,20230717,1900,94.603,94.690,94.580,94.596,2321900000
AUDJPY,20230717,2000,94.594,94.602,94.515,94.522,2166140000
AUDJPY,20230717,2100,94.512,94.554,94.461,94.510,3201350000
AUDJPY,20230717,2200,94.512,94.568,94.475,94.567,2036300000
AUDJPY,20230717,2300,94.568,94.593,94.467,94.469,2547360000
AUDJPY,20230718,0000,94.465,94.699,94.442,94.559,6182010000
AUDJPY,20230718,0100,94.556,94.781,94.451,94.500,9636130000
AUDJPY,20230718,0200,94.499,94.629,94.461,94.627,8299090000
AUDJPY,20230718,0300,94.626,94.752,94.547,94.619,5288220000
AUDJPY,20230718,0400,94.617,94.712,94.454,94.472,4442550000
AUDJPY,20230718,0500,94.476,94.564,94.432,94.453,6017020000
AUDJPY,20230718,0600,94.453,94.500,94.263,94.410,7911350000
AUDJPY,20230718,0700,94.410,94.448,94.075,94.085,13086650000
AUDJPY,20230718,0800,94.086,94.223,94.069,94.131,10429780000
AUDJPY,20230718,0900,94.132,94.231,94.084,94.231,8129270000
AUDJPY,20230718,1000,94.230,94.278,94.161,94.242,5873790000
AUDJPY,20230718,1100,94.241,94.245,94.067,94.091,6525670000
AUDJPY,20230718,1200,94.090,94.175,93.895,93.951,19520540000
AUDJPY,20230718,1300,93.952,94.437,93.773,94.390,22918760000
AUDJPY,20230718,1400,94.396,94.711,94.390,94.626,17085510000
AUDJPY,20230718,1500,94.625,94.722,94.588,94.696,8237850000
AUDJPY,20230718,1600,94.696,94.704,94.597,94.647,5532260000
AUDJPY,20230718,1700,94.647,94.657,94.499,94.542,3239930000
AUDJPY,20230718,1800,94.541,94.596,94.501,94.592,2884360000
AUDJPY,20230718,1900,94.592,94.695,94.570,94.637,3408280000
AUDJPY,20230718,2000,94.635,94.635,94.530,94.537,2258660000
AUDJPY,20230718,2100,94.539,94.578,94.386,94.550,3065280000
AUDJPY,20230718,2200,94.550,94.743,94.521,94.724,2563510000
AUDJPY,20230718,2300,94.724,94.831,94.661,94.717,2926040000
AUDJPY,20230719,0000,94.717,94.812,94.536,94.537,6442040000
AUDJPY,20230719,0100,94.537,94.624,94.489,94.599,9029120000
AUDJPY,20230719,0200,94.600,94.622,94.450,94.463,9447390000
AUDJPY,20230719,0300,94.461,94.534,94.421,94.517,4697300000
AUDJPY,20230719,0400,94.519,94.590,94.452,94.564,4318000000
AUDJPY,20230719,0500,94.565,94.776,94.555,94.707,5298290000
AUDJPY,20230719,0600,94.704,94.746,94.455,94.676,14377430000
AUDJPY,20230719,0700,94.676,94.686,94.550,94.634,11168090000
AUDJPY,20230719,0800,94.637,94.675,94.467,94.544,9735180000
AUDJPY,20230719,0900,94.544,94.756,94.521,94.636,7669730000
AUDJPY,20230719,1000,94.637,94.659,94.533,94.622,6601630000
AUDJPY,20230719,1100,94.622,94.696,94.549,94.556,6817560000
AUDJPY,20230719,1200,94.555,94.604,94.344,94.527,12509140000
AUDJPY,20230719,1300,94.526,94.778,94.516,94.737,12267620000
AUDJPY,20230719,1400,94.734,94.809,94.335,94.337,14023990000
AUDJPY,20230719,1500,94.337,94.545,94.199,94.519,9440590000
AUDJPY,20230719,1600,94.521,94.542,94.405,94.482,7610170000
AUDJPY,20230719,1700,94.478,94.562,94.472,94.510,5045770000
AUDJPY,20230719,1800,94.511,94.603,94.450,94.596,3303680000
AUDJPY,20230719,1900,94.596,94.656,94.583,94.632,3206670000
AUDJPY,20230719,2000,94.633,94.645,94.516,94.522,1930800000
AUDJPY,20230719,2100,94.368,94.550,94.368,94.534,1758310000
AUDJPY,20230719,2200,94.539,94.545,94.440,94.475,2867900000
AUDJPY,20230719,2300,94.477,94.558,94.467,94.526,2234980000
AUDJPY,20230720,0000,94.527,94.743,94.517,94.612,7182670000
AUDJPY,20230720,0100,94.612,95.158,94.580,95.008,13526750000
AUDJPY,20230720,0200,95.009,95.219,94.973,95.194,8756920000
AUDJPY,20230720,0300,95.194,95.208,94.983,95.083,8089350000
AUDJPY,20230720,0400,95.085,95.220,95.077,95.216,3699240000
AUDJPY,20230720,0500,95.219,95.240,95.101,95.135,6877340000
AUDJPY,20230720,0600,95.133,95.185,94.980,95.161,9738920000
AUDJPY,20230720,0700,95.158,95.282,95.100,95.261,10973190000
AUDJPY,20230720,0800,95.263,95.346,95.216,95.260,10580480000
AUDJPY,20230720,0900,95.260,95.359,95.182,95.342,6022810000
AUDJPY,20230720,1000,95.340,95.421,95.273,95.366,6484810000
AUDJPY,20230720,1100,95.365,95.388,95.233,95.252,7279400000
AUDJPY,20230720,1200,95.255,95.290,95.119,95.268,14458090000
AUDJPY,20230720,1300,95.269,95.405,95.154,95.320,13885230000
AUDJPY,20230720,1400,95.319,95.385,95.007,95.204,18035750000
AUDJPY,20230720,1500,95.201,95.299,95.054,95.147,8431490000
AUDJPY,20230720,1600,95.146,95.240,95.115,95.139,6484330000
AUDJPY,20230720,1700,95.140,95.183,95.041,95.098,5636340000
AUDJPY,20230720,1800,95.096,95.132,95.049,95.074,3148200000
AUDJPY,20230720,1900,95.072,95.078,94.922,94.974,2714180000
AUDJPY,20230720,2000,94.972,94.984,94.929,94.931,2150800000
AUDJPY,20230720,2100,94.923,94.966,94.829,94.926,1447920000
AUDJPY,20230720,2200,94.918,94.966,94.816,94.832,2350010000
AUDJPY,20230720,2300,94.832,94.884,94.737,94.793,3132730000
AUDJPY,20230721,0000,94.792,94.887,94.687,94.831,7345610000
AUDJPY,20230721,0100,94.830,94.941,94.648,94.832,9507870000
AUDJPY,20230721,0200,94.832,95.090,94.822,95.066,6985880000
AUDJPY,20230721,0300,95.067,95.120,94.924,94.959,4333250000
AUDJPY,20230721,0400,94.955,95.001,94.854,94.985,3758800000
AUDJPY,20230721,0500,94.985,95.061,94.952,95.001,4882750000
AUDJPY,20230721,0600,94.996,95.173,94.908,95.129,7333790000
AUDJPY,20230721,0700,95.128,95.564,95.060,95.524,16043160000
AUDJPY,20230721,0800,95.522,95.782,95.465,95.738,12763540000
AUDJPY,20230721,0900,95.738,95.776,95.495,95.646,11053690000
AUDJPY,20230721,1000,95.647,95.772,95.645,95.729,5804770000
AUDJPY,20230721,1100,95.730,95.766,95.449,95.466,6490860000
AUDJPY,20230721,1200,95.465,95.523,95.146,95.198,11675650000
AUDJPY,20230721,1300,95.197,95.406,95.170,95.298,12954320000
AUDJPY,20230721,1400,95.299,95.418,95.199,95.390,13627870000
AUDJPY,20230721,1500,95.390,95.485,95.282,95.478,8635260000
AUDJPY,20230721,1600,95.479,95.489,95.364,95.448,4738600000
AUDJPY,20230721,1700,95.448,95.463,95.405,95.432,2932850000
AUDJPY,20230721,1800,95.431,95.480,95.404,95.455,2812580000
AUDJPY,20230721,1900,95.457,95.457,95.344,95.394,3328640000
AUDJPY,20230721,2000,95.393,95.473,95.354,95.378,3573500000
AUDJPY,20230723,2100,95.295,95.399,95.270,95.399,387260000
AUDJPY,20230723,2200,95.399,95.441,95.344,95.345,2850170000
AUDJPY,20230723,2300,95.345,95.356,95.269,95.333,2320370000
AUDJPY,20230724,0000,95.332,95.372,95.220,95.360,7934060000
AUDJPY,20230724,0100,95.359,95.370,95.065,95.135,8794940000
AUDJPY,20230724,0200,95.136,95.315,95.078,95.231,5868360000
AUDJPY,20230724,0300,95.226,95.296,95.167,95.211,4858660000
AUDJPY,20230724,0400,95.210,95.311,95.152,95.209,4237940000
AUDJPY,20230724,0500,95.210,95.369,95.165,95.363,4889140000
AUDJPY,20230724,0600,95.365,95.369,95.194,95.256,6931320000
AUDJPY,20230724,0700,95.256,95.309,95.037,95.228,11845140000
AUDJPY,20230724,0800,95.232,95.415,95.153,95.205,10179370000
AUDJPY,20230724,0900,95.205,95.455,95.107,95.246,9210950000
AUDJPY,20230724,1000,95.245,95.271,95.104,95.229,7106370000
AUDJPY,20230724,1100,95.223,95.339,95.063,95.073,7490900000
AUDJPY,20230724,1200,95.072,95.087,94.907,94.951,8793430000
AUDJPY,20230724,1300,94.949,95.028,94.853,94.951,15543860000
AUDJPY,20230724,1400,94.952,95.268,94.943,95.253,15648120000
AUDJPY,20230724,1500,95.253,95.372,95.205,95.297,8167020000
AUDJPY,20230724,1600,95.296,95.424,95.290,95.371,6713430000
AUDJPY,20230724,1700,95.371,95.478,95.336,95.447,3944820000
AUDJPY,20230724,1800,95.446,95.476,95.333,95.356,3567240000
AUDJPY,20230724,1900,95.354,95.382,95.302,95.351,3727290000
AUDJPY,20230724,2000,95.355,95.385,95.303,95.305,2075160000
AUDJPY,20230724,2100,95.285,95.338,95.079,95.286,2600610000
AUDJPY,20230724,2200,95.284,95.384,95.271,95.335,1692390000
AUDJPY,20230724,2300,95.337,95.379,95.265,95.281,2184120000
AUDJPY,20230725,0000,95.282,95.329,95.173,95.253,7275190000
AUDJPY,20230725,0100,95.254,95.500,95.221,95.410,9712910000
AUDJPY,20230725,0200,95.411,95.644,95.337,95.574,8722250000
AUDJPY,20230725,0300,95.573,95.599,95.514,95.575,5813140000
AUDJPY,20230725,0400,95.576,95.689,95.531,95.588,4482060000
AUDJPY,20230725,0500,95.586,95.760,95.570,95.704,6732220000
AUDJPY,20230725,0600,95.704,95.856,95.702,95.801,7654370000
AUDJPY,20230725,0700,95.806,95.827,95.607,95.648,10833190000
AUDJPY,20230725,0800,95.648,95.815,95.555,95.795,9470180000
AUDJPY,20230725,0900,95.795,95.822,95.626,95.638,5633990000
AUDJPY,20230725,1000,95.635,95.733,95.628,95.653,5299030000
AUDJPY,20230725,1100,95.653,95.825,95.599,95.641,8278710000
AUDJPY,20230725,1200,95.641,95.695,95.558,95.652,7304120000
AUDJPY,20230725,1300,95.651,95.769,95.563,95.653,12061410000
AUDJPY,20230725,1400,95.656,95.837,95.613,95.743,13779370000
AUDJPY,20230725,1500,95.744,95.761,95.641,95.655,7923450000
AUDJPY,20230725,1600,95.654,95.721,95.622,95.664,5146230000
AUDJPY,20230725,1700,95.666,95.800,95.643,95.772,4161250000
AUDJPY,20230725,1800,95.773,95.819,95.661,95.697,3432990000
AUDJPY,20230725,1900,95.697,95.730,95.673,95.701,3156320000
AUDJPY,20230725,2000,95.700,95.750,95.639,95.642,3681620000
AUDJPY,20230725,2100,95.642,95.683,95.501,95.666,2418690000
AUDJPY,20230725,2200,95.663,95.725,95.621,95.623,2724710000
AUDJPY,20230725,2300,95.623,95.688,95.610,95.641,2420110000
AUDJPY,20230726,0000,95.640,95.724,95.525,95.613,7371480000
AUDJPY,20230726,0100,95.615,95.641,94.940,95.288,12140560000
AUDJPY,20230726,0200,95.286,95.400,95.165,95.364,5509450000
AUDJPY,20230726,0300,95.364,95.450,95.309,95.341,4725530000
AUDJPY,20230726,0400,95.341,95.486,95.319,95.342,3615350000
AUDJPY,20230726,0500,95.342,95.468,95.295,95.307,5354530000
AUDJPY,20230726,0600,95.308,95.334,95.185,95.279,9096190000
AUDJPY,20230726,0700,95.279,95.308,95.153,95.169,10491860000
AUDJPY,20230726,0800,95.167,95.222,94.880,94.939,9441120000
AUDJPY,20230726,0900,94.938,94.970,94.776,94.852,6781460000
AUDJPY,20230726,1000,94.852,94.937,94.819,94.884,5121770000
AUDJPY,20230726,1100,94.882,94.891,94.655,94.690,5285100000
AUDJPY,20230726,1200,94.692,94.709,94.421,94.474,7681820000
AUDJPY,20230726,1300,94.476,94.817,94.444,94.768,11593210000
AUDJPY,20230726,1400,94.768,94.853,94.654,94.768,11961350000
AUDJPY,20230726,1500,94.769,94.914,94.750,94.845,8386030000
AUDJPY,20230726,1600,94.842,94.981,94.840,94.955,3791440000
AUDJPY,20230726,1700,94.955,94.955,94.662,94.673,4120710000
AUDJPY,20230726,1800,94.672,95.046,94.665,94.880,25887340000
AUDJPY,20230726,1900,94.881,94.910,94.641,94.854,15207380000
AUDJPY,20230726,2000,94.853,94.922,94.750,94.750,2941320000
AUDJPY,20230726,2100,94.742,94.753,94.617,94.753,1378780000
AUDJPY,20230726,2200,94.744,94.954,94.709,94.927,2925790000
AUDJPY,20230726,2300,94.929,94.945,94.834,94.902,2360250000
AUDJPY,20230727,0000,94.902,95.057,94.861,95.030,7623440000
AUDJPY,20230727,0100,95.032,95.092,94.741,94.854,9322050000
AUDJPY,20230727,0200,94.853,95.083,94.766,94.972,10408220000
AUDJPY,20230727,0300,94.972,95.212,94.931,95.208,5978120000
AUDJPY,20230727,0400,95.208,95.418,95.207,95.359,5828490000
AUDJPY,20230727,0500,95.359,95.362,95.216,95.227,6982500000
AUDJPY,20230727,0600,95.225,95.240,95.109,95.162,8397350000
AUDJPY,20230727,0700,95.164,95.406,95.118,95.382,11047540000
AUDJPY,20230727,0800,95.382,95.398,95.281,95.349,8662170000
AUDJPY,20230727,0900,95.347,95.383,95.221,95.237,6706380000
AUDJPY,20230727,1000,95.237,95.310,95.138,95.293,5427250000
AUDJPY,20230727,1100,95.290,95.324,95.190,95.273,6402050000
AUDJPY,20230727,1200,95.275,95.411,95.148,95.398,19256830000
AUDJPY,20230727,1300,95.398,95.415,94.936,95.028,18837030000
AUDJPY,20230727,1400,95.026,95.055,94.871,95.019,16360960000
AUDJPY,20230727,1500,95.022,95.111,94.938,95.059,10023350000
AUDJPY,20230727,1600,95.057,95.097,94.983,95.029,6161870000
AUDJPY,20230727,1700,95.031,95.037,93.731,93.872,20453280000
AUDJPY,20230727,1800,93.874,93.894,93.389,93.420,10241700000
AUDJPY,20230727,1900,93.420,93.503,92.959,93.203,9748380000
AUDJPY,20230727,2000,93.203,93.610,93.202,93.532,4121650000
AUDJPY,20230727,2100,93.415,93.530,93.405,93.498,925650000
AUDJPY,20230727,2200,93.495,93.534,93.203,93.406,5530630000
AUDJPY,20230727,2300,93.406,93.469,93.080,93.206,6953100000
AUDJPY,20230728,0000,93.208,93.432,93.048,93.411,10949010000
AUDJPY,20230728,0100,93.413,93.455,93.165,93.188,11340950000
AUDJPY,20230728,0200,93.189,93.331,92.956,93.073,9504270000
AUDJPY,20230728,0300,93.074,94.212,92.444,93.132,23435320000
AUDJPY,20230728,0400,93.137,93.183,91.786,92.299,24049320000
AUDJPY,20230728,0500,92.298,92.881,92.171,92.812,15093930000
AUDJPY,20230728,0600,92.811,93.039,92.471,92.526,17139870000
AUDJPY,20230728,0700,92.529,92.699,92.186,92.635,18864410000
AUDJPY,20230728,0800,92.635,92.907,92.561,92.790,12773040000
AUDJPY,20230728,0900,92.791,92.863,92.629,92.674,9142530000
AUDJPY,20230728,1000,92.674,92.827,92.636,92.709,7639610000
AUDJPY,20230728,1100,92.706,92.925,92.632,92.899,7639620000
AUDJPY,20230728,1200,92.894,93.340,92.848,93.262,18455040000
AUDJPY,20230728,1300,93.261,93.610,93.261,93.527,18041570000
AUDJPY,20230728,1400,93.536,93.688,93.422,93.577,17526590000
AUDJPY,20230728,1500,93.576,93.862,93.497,93.840,10164520000
AUDJPY,20230728,1600,93.839,93.979,93.816,93.843,7162590000
AUDJPY,20230728,1700,93.842,93.848,93.641,93.727,5149230000
AUDJPY,20230728,1800,93.727,93.859,93.710,93.772,4704160000
AUDJPY,20230728,1900,93.772,93.910,93.769,93.861,4648510000
AUDJPY,20230728,2000,93.861,93.906,93.765,93.819,2981310000
AUDJPY,20230730,2100,93.700,93.854,93.644,93.793,1164570000
AUDJPY,20230730,2200,93.793,93.898,93.719,93.729,4695460000
AUDJPY,20230730,2300,93.730,93.852,93.702,93.735,4879080000
AUDJPY,20230731,0000,93.734,93.950,93.710,93.939,9827120000
AUDJPY,20230731,0100,93.940,94.562,93.876,94.329,13448100000
AUDJPY,20230731,0200,94.329,94.648,94.270,94.635,9704260000
AUDJPY,20230731,0300,94.635,94.698,94.511,94.630,8711960000
AUDJPY,20230731,0400,94.631,94.770,94.547,94.705,6310950000
AUDJPY,20230731,0500,94.707,94.821,94.625,94.744,6882910000
AUDJPY,20230731,0600,94.743,95.134,94.738,95.033,11263970000
AUDJPY,20230731,0700,95.032,95.171,94.938,95.116,10598540000
AUDJPY,20230731,0800,95.113,95.373,95.034,95.323,8772300000
AUDJPY,20230731,0900,95.323,95.391,95.253,95.333,7083480000
AUDJPY,20230731,1000,95.333,95.504,95.262,95.404,7401700000
AUDJPY,20230731,1100,95.403,95.422,95.323,95.392,7185620000
AUDJPY,20230731,1200,95.393,95.526,95.339,95.487,9419410000
AUDJPY,20230731,1300,95.486,95.725,95.477,95.607,12174830000
AUDJPY,20230731,1400,95.607,95.828,95.465,95.717,15141810000
AUDJPY,20230731,1500,95.716,95.747,95.630,95.677,10416750000
AUDJPY,20230731,1600,95.677,95.691,95.545,95.568,4897170000
AUDJPY,20230731,1700,95.567,95.644,95.517,95.626,3085010000
AUDJPY,20230731,1800,95.624,95.647,95.572,95.575,3026680000
AUDJPY,20230731,1900,95.578,95.605,95.512,95.558,4507020000
AUDJPY,20230731,2000,95.558,95.588,95.522,95.533,2398050000
AUDJPY,20230731,2100,95.506,95.583,95.444,95.538,2192810000
AUDJPY,20230731,2200,95.539,95.596,95.539,95.563,1501020000
AUDJPY,20230731,2300,95.564,95.668,95.552,95.584,2284080000
AUDJPY,20230801,0000,95.583,95.723,95.569,95.662,6690880000
AUDJPY,20230801,0100,95.664,95.811,95.603,95.720,11627500000
AUDJPY,20230801,0200,95.727,95.756,95.380,95.415,8982740000
AUDJPY,20230801,0300,95.415,95.567,95.415,95.488,5254600000
AUDJPY,20230801,0400,95.484,95.705,95.074,95.271,8768370000
AUDJPY,20230801,0500,95.270,95.335,95.163,95.302,6766730000
AUDJPY,20230801,0600,95.303,95.303,94.918,94.971,6928130000
AUDJPY,20230801,0700,94.972,95.004,94.736,94.824,9264550000
AUDJPY,20230801,0800,94.825,94.837,94.559,94.680,7010700000
AUDJPY,20230801,0900,94.683,94.793,94.576,94.595,5585080000
AUDJPY,20230801,1000,94.593,94.683,94.566,94.670,5003690000
AUDJPY,20230801,1100,94.668,94.813,94.661,94.771,6054610000
AUDJPY,20230801,1200,94.771,94.833,94.555,94.647,11093270000
AUDJPY,20230801,1300,94.648,94.850,94.645,94.780,11765380000
AUDJPY,20230801,1400,94.756,94.958,94.680,94.820,17410430000
AUDJPY,20230801,1500,94.819,94.883,94.659,94.747,7290940000
AUDJPY,20230801,1600,94.748,94.749,94.681,94.723,4561070000
AUDJPY,20230801,1700,94.724,94.780,94.677,94.771,3002450000
AUDJPY,20230801,1800,94.771,94.822,94.732,94.764,3295370000
AUDJPY,20230801,1900,94.765,94.833,94.762,94.813,3126300000
AUDJPY,20230801,2000,94.812,94.827,94.761,94.793,2015260000
AUDJPY,20230801,2100,94.794,94.815,94.448,94.519,2257170000
AUDJPY,20230801,2200,94.522,94.700,94.479,94.571,6494190000
AUDJPY,20230801,2300,94.573,94.621,94.497,94.604,5291230000
AUDJPY,20230802,0000,94.606,94.770,94.497,94.642,8438360000
AUDJPY,20230802,0100,94.643,94.899,94.605,94.736,8823910000
AUDJPY,20230802,0200,94.737,94.820,94.574,94.612,7708030000
AUDJPY,20230802,0300,94.611,94.638,94.366,94.369,5426980000
AUDJPY,20230802,0400,94.365,94.425,94.063,94.167,4197070000
AUDJPY,20230802,0500,94.168,94.168,93.989,94.038,7993960000
AUDJPY,20230802,0600,94.036,94.045,93.747,93.787,8941530000
AUDJPY,20230802,0700,93.787,93.959,93.712,93.870,9679400000
AUDJPY,20230802,0800,93.872,93.890,93.588,93.715,9768030000
AUDJPY,20230802,0900,93.714,93.924,93.668,93.906,5939630000
AUDJPY,20230802,1000,93.905,94.046,93.832,94.006,5786410000
AUDJPY,20230802,1100,94.003,94.067,93.900,93.911,5616450000
AUDJPY,20230802,1200,93.909,94.046,93.878,93.965,15731060000
AUDJPY,20230802,1300,93.966,94.051,93.776,93.951,12243020000
AUDJPY,20230802,1400,93.954,94.086,93.609,93.755,14930900000
AUDJPY,20230802,1500,93.757,93.895,93.632,93.674,8966460000
AUDJPY,20230802,1600,93.672,93.816,93.614,93.777,6020930000
AUDJPY,20230802,1700,93.779,93.795,93.702,93.733,5370620000
AUDJPY,20230802,1800,93.732,93.812,93.705,93.769,2751270000
AUDJPY,20230802,1900,93.768,93.834,93.715,93.811,3561170000
AUDJPY,20230802,2000,93.810,93.811,93.694,93.694,2382440000
AUDJPY,20230802,2100,93.694,93.694,93.516,93.630,2592510000
AUDJPY,20230802,2200,93.637,93.744,93.637,93.729,2377960000
AUDJPY,20230802,2300,93.729,93.768,93.689,93.759,2793980000
AUDJPY,20230803,0000,93.759,93.783,93.583,93.664,7245270000
AUDJPY,20230803,0100,93.664,93.873,93.561,93.749,9960620000
AUDJPY,20230803,0200,93.748,93.801,93.572,93.601,6337040000
AUDJPY,20230803,0300,93.600,93.650,93.527,93.622,5620220000
AUDJPY,20230803,0400,93.621,93.890,93.617,93.766,7757690000
AUDJPY,20230803,0500,93.765,94.085,93.752,93.866,9058070000
AUDJPY,20230803,0600,93.867,93.916,93.722,93.775,11309800000
AUDJPY,20230803,0700,93.775,93.787,93.252,93.280,17607680000
AUDJPY,20230803,0800,93.279,93.442,93.030,93.084,14504800000
AUDJPY,20230803,0900,93.085,93.360,93.082,93.348,9022360000
AUDJPY,20230803,1000,93.349,93.398,93.214,93.288,6296900000
AUDJPY,20230803,1100,93.289,93.418,93.217,93.300,11040810000
AUDJPY,20230803,1200,93.297,93.351,93.079,93.260,17340530000
AUDJPY,20230803,1300,93.261,93.325,93.116,93.200,18020690000
AUDJPY,20230803,1400,93.197,93.250,92.963,92.981,17349130000
AUDJPY,20230803,1500,92.982,93.336,92.982,93.301,11564500000
AUDJPY,20230803,1600,93.300,93.595,93.275,93.494,5917720000
AUDJPY,20230803,1700,93.493,93.558,93.409,93.414,4326770000
AUDJPY,20230803,1800,93.412,93.450,93.381,93.414,3443840000
AUDJPY,20230803,1900,93.414,93.451,93.296,93.296,2632990000
AUDJPY,20230803,2000,93.296,93.394,93.288,93.300,3528380000
AUDJPY,20230803,2100,93.227,93.356,93.144,93.317,2856920000
AUDJPY,20230803,2200,93.321,93.424,93.310,93.406,2378580000
AUDJPY,20230803,2300,93.408,93.558,93.405,93.538,2653200000
AUDJPY,20230804,0000,93.539,93.810,93.431,93.778,6340490000
AUDJPY,20230804,0100,93.774,93.927,93.640,93.876,9199370000
AUDJPY,20230804,0200,93.877,93.920,93.383,93.536,8380400000
AUDJPY,20230804,0300,93.538,93.853,93.515,93.642,5395400000
AUDJPY,20230804,0400,93.642,93.752,93.596,93.613,3727160000
AUDJPY,20230804,0500,93.614,93.695,93.518,93.601,5239000000
AUDJPY,20230804,0600,93.600,93.738,93.453,93.615,8137360000
AUDJPY,20230804,0700,93.614,93.681,93.457,93.595,8399220000
AUDJPY,20230804,0800,93.595,93.644,93.502,93.539,6842520000
AUDJPY,20230804,0900,93.542,93.644,93.525,93.603,5928410000
AUDJPY,20230804,1000,93.603,93.608,93.453,93.491,5930590000
AUDJPY,20230804,1100,93.494,93.499,93.397,93.406,5174600000
AUDJPY,20230804,1200,93.409,93.650,93.400,93.529,24805390000
AUDJPY,20230804,1300,93.527,93.645,93.406,93.410,22838940000
AUDJPY,20230804,1400,93.408,93.503,93.200,93.368,14856620000
AUDJPY,20230804,1500,93.369,93.695,93.359,93.624,8894500000
AUDJPY,20230804,1600,93.622,93.724,93.589,93.676,5145590000
AUDJPY,20230804,1700,93.677,93.685,93.566,93.568,3938180000
AUDJPY,20230804,1800,93.567,93.567,93.160,93.215,6291370000
AUDJPY,20230804,1900,93.211,93.262,93.053,93.089,5283360000
AUDJPY,20230804,2000,93.086,93.123,93.064,93.074,3150600000
AUDJPY,20230806,2100,93.026,93.145,93.021,93.136,566070000
AUDJPY,20230806,2200,93.128,93.256,93.097,93.234,4552140000
AUDJPY,20230806,2300,93.234,93.305,93.186,93.262,3073840000
AUDJPY,20230807,0000,93.260,93.309,93.109,93.196,6722520000
AUDJPY,20230807,0100,93.196,93.394,93.142,93.393,9558090000
AUDJPY,20230807,0200,93.388,93.590,93.386,93.582,5827020000
AUDJPY,20230807,0300,93.581,93.621,93.491,93.575,4756280000
AUDJPY,20230807,0400,93.574,93.624,93.401,93.422,4645980000
AUDJPY,20230807,0500,93.421,93.475,93.265,93.400,5398960000
AUDJPY,20230807,0600,93.399,93.526,93.379,93.487,6557040000
AUDJPY,20230807,0700,93.485,93.595,93.446,93.500,7929070000
AUDJPY,20230807,0800,93.499,93.542,93.303,93.415,5856370000
AUDJPY,20230807,0900,93.415,93.469,93.370,93.418,5256910000
AUDJPY,20230807,1000,93.419,93.481,93.307,93.348,4366680000
AUDJPY,20230807,1100,93.346,93.466,93.341,93.449,4017930000
AUDJPY,20230807,1200,93.449,93.481,93.341,93.447,5596470000
AUDJPY,20230807,1300,93.446,93.489,93.208,93.230,8709200000
AUDJPY,20230807,1400,93.228,93.505,93.211,93.503,9574320000
AUDJPY,20230807,1500,93.503,93.514,93.364,93.493,7069990000
AUDJPY,20230807,1600,93.492,93.612,93.461,93.605,4251810000
AUDJPY,20230807,1700,93.603,93.649,93.562,93.642,3177060000
AUDJPY,20230807,1800,93.641,93.684,93.605,93.621,2656150000
AUDJPY,20230807,1900,93.621,93.664,93.617,93.660,2685180000
AUDJPY,20230807,2000,93.659,93.686,93.630,93.646,2138790000
AUDJPY,20230807,2100,93.631,93.670,93.580,93.626,2235270000
AUDJPY,20230807,2200,93.626,93.654,93.592,93.608,1364610000
AUDJPY,20230807,2300,93.608,93.694,93.603,93.678,2225340000
AUDJPY,20230808,0000,93.680,93.954,93.677,93.931,6409240000
AUDJPY,20230808,0100,93.932,93.977,93.586,93.719,11433710000
AUDJPY,20230808,0200,93.720,93.960,93.688,93.915,7876850000
AUDJPY,20230808,0300,93.915,93.977,93.786,93.820,6602170000
AUDJPY,20230808,0400,93.820,93.847,93.768,93.770,4754930000
AUDJPY,20230808,0500,93.769,93.792,93.580,93.623,5895230000
AUDJPY,20230808,0600,93.622,93.641,93.251,93.264,9471440000
AUDJPY,20230808,0700,93.265,93.434,93.224,93.351,10623710000
AUDJPY,20230808,0800,93.352,93.408,93.213,93.378,7658620000
AUDJPY,20230808,0900,93.379,93.398,93.140,93.170,8217870000
AUDJPY,20230808,1000,93.173,93.225,93.121,93.167,7121020000
AUDJPY,20230808,1100,93.162,93.177,92.900,93.067,8408340000
AUDJPY,20230808,1200,93.065,93.196,92.942,93.163,11492890000
AUDJPY,20230808,1300,93.163,93.299,92.932,93.031,12003460000
AUDJPY,20230808,1400,93.033,93.253,93.000,93.186,12345760000
AUDJPY,20230808,1500,93.189,93.398,93.152,93.255,7268260000
AUDJPY,20230808,1600,93.254,93.505,93.250,93.443,4823030000
AUDJPY,20230808,1700,93.443,93.677,93.441,93.631,4743040000
AUDJPY,20230808,1800,93.631,93.783,93.597,93.736,3456080000
AUDJPY,20230808,1900,93.736,93.862,93.719,93.851,2665160000
AUDJPY,20230808,2000,93.850,93.866,93.757,93.801,2857100000
AUDJPY,20230808,2100,93.791,93.813,93.625,93.764,2627270000
AUDJPY,20230808,2200,93.751,93.793,93.733,93.752,3238520000
AUDJPY,20230808,2300,93.757,93.759,93.575,93.601,3555550000
AUDJPY,20230809,0000,93.601,93.712,93.523,93.605,5998210000
AUDJPY,20230809,0100,93.603,93.859,93.581,93.777,8435560000
AUDJPY,20230809,0200,93.777,94.015,93.715,93.999,6293530000
AUDJPY,20230809,0300,93.999,94.010,93.853,93.865,5597040000
AUDJPY,20230809,0400,93.867,93.903,93.805,93.869,3356760000
AUDJPY,20230809,0500,93.870,93.898,93.798,93.799,5613190000
AUDJPY,20230809,0600,93.797,93.991,93.771,93.953,7332890000
AUDJPY,20230809,0700,93.951,94.104,93.830,94.069,8854930000
AUDJPY,20230809,0800,94.070,94.110,93.916,93.965,6227900000
AUDJPY,20230809,0900,93.963,94.036,93.806,93.817,6773320000
AUDJPY,20230809,1000,93.816,93.837,93.732,93.789,5578680000
AUDJPY,20230809,1100,93.788,93.864,93.739,93.794,5970790000
AUDJPY,20230809,1200,93.796,93.823,93.620,93.688,10561100000
AUDJPY,20230809,1300,93.690,93.791,93.636,93.785,9011800000
AUDJPY,20230809,1400,93.785,93.881,93.727,93.835,13166310000
AUDJPY,20230809,1500,93.836,93.847,93.621,93.685,9121490000
AUDJPY,20230809,1600,93.683,93.790,93.606,93.786,5044550000
AUDJPY,20230809,1700,93.786,93.917,93.773,93.867,4224520000
AUDJPY,20230809,1800,93.865,94.013,93.838,93.942,3391860000
AUDJPY,20230809,1900,93.942,93.999,93.856,93.870,3313700000
AUDJPY,20230809,2000,93.871,93.889,93.811,93.824,2655710000
AUDJPY,20230809,2100,93.824,93.844,93.706,93.813,1334140000
AUDJPY,20230809,2200,93.814,93.870,93.792,93.833,1543370000
AUDJPY,20230809,2300,93.834,93.959,93.828,93.923,2114000000
AUDJPY,20230810,0000,93.924,94.021,93.883,93.918,5693790000
AUDJPY,20230810,0100,93.919,94.057,93.827,93.986,6984390000
AUDJPY,20230810,0200,93.984,94.115,93.959,94.023,5180480000
AUDJPY,20230810,0300,94.023,94.107,93.983,94.081,3266050000
AUDJPY,20230810,0400,94.084,94.255,94.079,94.179,4823940000
AUDJPY,20230810,0500,94.181,94.265,94.143,94.248,4338380000
AUDJPY,20230810,0600,94.245,94.369,94.207,94.302,5874780000
AUDJPY,20230810,0700,94.304,94.407,94.192,94.212,8418540000
AUDJPY,20230810,0800,94.211,94.302,94.179,94.216,7028700000
AUDJPY,20230810,0900,94.216,94.376,94.191,94.355,5836560000
AUDJPY,20230810,1000,94.356,94.396,94.310,94.396,4140120000
AUDJPY,20230810,1100,94.398,94.449,94.362,94.447,4852350000
AUDJPY,20230810,1200,94.446,94.823,94.362,94.714,20865470000
AUDJPY,20230810,1300,94.712,94.935,94.627,94.909,22852810000
AUDJPY,20230810,1400,94.908,94.933,94.626,94.702,15744160000
AUDJPY,20230810,1500,94.702,94.748,94.609,94.680,9712960000
AUDJPY,20230810,1600,94.679,94.729,94.588,94.623,6444810000
AUDJPY,20230810,1700,94.622,94.636,94.314,94.353,9360420000
AUDJPY,20230810,1800,94.352,94.627,94.333,94.622,7988390000
AUDJPY,20230810,1900,94.622,94.629,94.422,94.441,5702770000
AUDJPY,20230810,2000,94.442,94.463,94.238,94.238,2262610000
AUDJPY,20230810,2100,94.276,94.320,94.253,94.285,2220770000
AUDJPY,20230810,2200,94.284,94.394,94.272,94.373,1869750000
AUDJPY,20230810,2300,94.372,94.389,94.322,94.322,2024160000
AUDJPY,20230811,0000,94.323,94.449,94.305,94.447,3956330000
AUDJPY,20230811,0100,94.449,94.589,94.395,94.416,6687790000
AUDJPY,20230811,0200,94.414,94.461,94.327,94.367,5392930000
AUDJPY,20230811,0300,94.367,94.480,94.346,94.395,4150860000
AUDJPY,20230811,0400,94.395,94.414,94.311,94.350,3328020000
AUDJPY,20230811,0500,94.349,94.414,94.313,94.360,4518790000
AUDJPY,20230811,0600,94.356,94.549,94.319,94.403,7925350000
AUDJPY,20230811,0700,94.400,94.439,94.317,94.338,7760890000
AUDJPY,20230811,0800,94.340,94.386,94.156,94.304,7438800000
AUDJPY,20230811,0900,94.304,94.410,94.240,94.265,5763640000
AUDJPY,20230811,1000,94.265,94.376,94.252,94.300,3196310000
AUDJPY,20230811,1100,94.299,94.403,94.282,94.322,3956550000
AUDJPY,20230811,1200,94.318,94.370,94.197,94.204,12656550000
AUDJPY,20230811,1300,94.203,94.285,94.108,94.191,13796280000
AUDJPY,20230811,1400,94.191,94.435,94.081,94.289,16923950000
AUDJPY,20230811,1500,94.289,94.357,94.016,94.094,10451920000
AUDJPY,20230811,1600,94.092,94.172,94.041,94.071,4467680000
AUDJPY,20230811,1700,94.072,94.154,94.026,94.066,5014330000
AUDJPY,20230811,1800,94.070,94.146,94.051,94.118,3324400000
AUDJPY,20230811,1900,94.118,94.166,94.086,94.148,3133580000
AUDJPY,20230811,2000,94.146,94.157,94.089,94.089,2822940000
AUDJPY,20230813,2100,94.002,94.175,94.002,94.173,474300000
AUDJPY,20230813,2200,94.172,94.199,94.101,94.149,2768960000
AUDJPY,20230813,2300,94.149,94.161,94.059,94.079,3209220000
AUDJPY,20230814,0000,94.079,94.228,93.898,93.915,7017210000
AUDJPY,20230814,0100,93.910,93.918,93.696,93.795,8820760000
AUDJPY,20230814,0200,93.793,93.808,93.573,93.679,6250740000
AUDJPY,20230814,0300,93.677,93.728,93.584,93.714,5030890000
AUDJPY,20230814,0400,93.714,93.781,93.677,93.755,4034830000
AUDJPY,20230814,0500,93.757,93.864,93.733,93.793,4984950000
AUDJPY,20230814,0600,93.792,93.832,93.648,93.819,6581710000
AUDJPY,20230814,0700,93.820,94.075,93.778,94.061,9309610000
AUDJPY,20230814,0800,94.060,94.086,93.960,94.042,7303540000
AUDJPY,20230814,0900,94.041,94.208,94.009,94.160,6039400000
AUDJPY,20230814,1000,94.159,94.276,94.132,94.227,4679090000
AUDJPY,20230814,1100,94.226,94.274,94.190,94.214,5216780000
AUDJPY,20230814,1200,94.213,94.217,94.083,94.165,10201880000
AUDJPY,20230814,1300,94.166,94.191,93.915,94.033,13791130000
AUDJPY,20230814,1400,94.037,94.337,94.020,94.276,12878980000
AUDJPY,20230814,1500,94.274,94.401,94.220,94.375,7881030000
AUDJPY,20230814,1600,94.374,94.437,94.275,94.353,5775380000
AUDJPY,20230814,1700,94.349,94.401,94.306,94.342,2587720000
AUDJPY,20230814,1800,94.344,94.356,94.261,94.266,3231950000
AUDJPY,20230814,1900,94.271,94.369,94.270,94.338,3629910000
AUDJPY,20230814,2000,94.338,94.425,94.323,94.394,2215900000
AUDJPY,20230814,2100,94.386,94.434,94.194,94.393,2460630000
AUDJPY,20230814,2200,94.392,94.425,94.368,94.403,1430960000
AUDJPY,20230814,2300,94.406,94.422,94.316,94.356,2172870000
AUDJPY,20230815,0000,94.355,94.474,94.335,94.338,3825480000
AUDJPY,20230815,0100,94.341,94.393,94.003,94.348,11239950000
AUDJPY,20230815,0200,94.345,94.519,94.152,94.510,7778820000
AUDJPY,20230815,0300,94.512,94.722,94.472,94.674,4314770000
AUDJPY,20230815,0400,94.674,94.692,94.572,94.633,3211460000
AUDJPY,20230815,0500,94.633,94.676,94.494,94.601,5835200000
AUDJPY,20230815,0600,94.598,94.860,94.581,94.606,10898990000
AUDJPY,20230815,0700,94.605,94.668,94.291,94.294,9646850000
AUDJPY,20230815,0800,94.295,94.355,94.216,94.318,9133930000
AUDJPY,20230815,0900,94.318,94.344,94.190,94.257,8363080000
AUDJPY,20230815,1000,94.251,94.293,94.114,94.169,8009800000
AUDJPY,20230815,1100,94.170,94.281,94.075,94.143,5917650000
AUDJPY,20230815,1200,94.143,94.351,94.114,94.220,16436240000
AUDJPY,20230815,1300,94.218,94.342,94.084,94.138,18891140000
AUDJPY,20230815,1400,94.138,94.242,93.978,94.219,16434940000
AUDJPY,20230815,1500,94.217,94.321,94.204,94.263,9687580000
AUDJPY,20230815,1600,94.265,94.298,94.109,94.159,6827470000
AUDJPY,20230815,1700,94.161,94.181,94.082,94.094,4461660000
AUDJPY,20230815,1800,94.092,94.165,94.077,94.132,3273110000
AUDJPY,20230815,1900,94.137,94.160,93.926,93.979,4015970000
AUDJPY,20230815,2000,93.979,93.984,93.933,93.933,2453300000
AUDJPY,20230815,2100,93.929,93.982,93.902,93.947,3880640000
AUDJPY,20230815,2200,93.946,93.971,93.914,93.971,1758300000
AUDJPY,20230815,2300,93.967,94.049,93.958,94.032,1849790000
AUDJPY,20230816,0000,94.030,94.035,93.749,93.780,6499340000
AUDJPY,20230816,0100,93.779,93.878,93.635,93.746,9441190000
AUDJPY,20230816,0200,93.746,93.860,93.653,93.830,8402470000
AUDJPY,20230816,0300,93.830,94.008,93.816,93.833,4780590000
AUDJPY,20230816,0400,93.830,93.877,93.786,93.846,3437650000
AUDJPY,20230816,0500,93.846,93.914,93.730,93.811,5419370000
AUDJPY,20230816,0600,93.811,94.059,93.738,93.923,8681260000
AUDJPY,20230816,0700,93.923,94.224,93.906,94.129,8139050000
AUDJPY,20230816,0800,94.133,94.287,94.092,94.194,7464310000
AUDJPY,20230816,0900,94.194,94.230,94.053,94.085,5348360000
AUDJPY,20230816,1000,94.086,94.103,93.985,94.033,5056360000
AUDJPY,20230816,1100,94.034,94.135,94.019,94.120,4841670000
AUDJPY,20230816,1200,94.117,94.197,93.862,93.890,9180140000
AUDJPY,20230816,1300,93.891,94.227,93.862,94.135,13985100000
AUDJPY,20230816,1400,94.134,94.134,93.947,94.127,12636160000
AUDJPY,20230816,1500,94.126,94.161,93.872,93.890,8256920000
AUDJPY,20230816,1600,93.889,93.923,93.790,93.867,5132510000
AUDJPY,20230816,1700,93.864,94.029,93.802,93.990,5368580000
AUDJPY,20230816,1800,93.990,94.154,93.889,93.962,10734190000
AUDJPY,20230816,1900,93.964,94.032,93.882,93.988,6617780000
AUDJPY,20230816,2000,93.986,94.014,93.949,93.994,3625960000
AUDJPY,20230816,2100,93.988,93.988,93.805,93.942,3783670000
AUDJPY,20230816,2200,93.943,93.986,93.928,93.951,1837110000
AUDJPY,20230816,2300,93.949,93.960,93.841,93.852,2784410000
AUDJPY,20230817,0000,93.851,93.901,93.686,93.692,7640760000
AUDJPY,20230817,0100,93.692,93.765,93.212,93.426,13506340000
AUDJPY,20230817,0200,93.429,93.475,93.296,93.378,6594200000
AUDJPY,20230817,0300,93.378,93.477,93.358,93.446,5144700000
AUDJPY,20230817,0400,93.446,93.612,93.428,93.595,3217970000
AUDJPY,20230817,0500,93.595,93.611,93.344,93.416,5341030000
AUDJPY,20230817,0600,93.418,93.748,93.397,93.703,6935150000
AUDJPY,20230817,0700,93.701,93.719,93.464,93.511,8680360000
AUDJPY,20230817,0800,93.512,93.656,93.490,93.532,7989040000
AUDJPY,20230817,0900,93.530,93.816,93.501,93.814,5764590000
AUDJPY,20230817,1000,93.812,93.973,93.800,93.851,8573510000
AUDJPY,20230817,1100,93.851,93.905,93.803,93.818,8720870000
AUDJPY,20230817,1200,93.823,94.001,93.735,93.847,14604300000
AUDJPY,20230817,1300,93.850,93.931,93.701,93.733,15064140000
AUDJPY,20230817,1400,93.730,93.885,93.711,93.753,12497950000
AUDJPY,20230817,1500,93.757,93.791,93.689,93.763,8064780000
AUDJPY,20230817,1600,93.763,93.836,93.649,93.813,5119980000
AUDJPY,20230817,1700,93.812,93.822,93.621,93.679,4821560000
AUDJPY,20230817,1800,93.681,93.694,93.464,93.468,4306950000
AUDJPY,20230817,1900,93.468,93.493,93.224,93.297,7825970000
AUDJPY,20230817,2000,93.298,93.404,93.295,93.355,2947040000
AUDJPY,20230817,2100,93.337,93.398,93.274,93.327,2148340000
AUDJPY,20230817,2200,93.322,93.389,93.268,93.291,5293380000
AUDJPY,20230817,2300,93.291,93.370,93.245,93.344,2699030000
AUDJPY,20230818,0000,93.342,93.499,93.296,93.366,6027680000
AUDJPY,20230818,0100,93.368,93.465,93.274,93.446,8201180000
AUDJPY,20230818,0200,93.445,93.556,93.320,93.366,5352930000
AUDJPY,20230818,0300,93.366,93.366,93.059,93.108,6683020000
AUDJPY,20230818,0400,93.112,93.152,93.034,93.080,4911970000
AUDJPY,20230818,0500,93.081,93.129,92.915,93.120,5557870000
AUDJPY,20230818,0600,93.120,93.192,93.052,93.133,8716060000
AUDJPY,20230818,0700,93.131,93.182,92.900,92.983,10162520000
AUDJPY,20230818,0800,92.983,93.179,92.974,93.141,7429300000
AUDJPY,20230818,0900,93.139,93.160,92.905,93.128,6291130000
AUDJPY,20230818,1000,93.123,93.197,93.017,93.035,5454500000
AUDJPY,20230818,1100,93.035,93.068,92.788,92.873,5655460000
AUDJPY,20230818,1200,92.872,93.051,92.872,93.022,9092330000
AUDJPY,20230818,1300,93.021,93.136,92.980,93.078,14590720000
AUDJPY,20230818,1400,93.078,93.147,93.017,93.055,11317590000
AUDJPY,20230818,1500,93.053,93.184,93.000,93.075,8839880000
AUDJPY,20230818,1600,93.073,93.154,93.028,93.046,5269170000
AUDJPY,20230818,1700,93.045,93.082,92.893,93.082,4739080000
AUDJPY,20230818,1800,93.085,93.132,93.061,93.068,3453990000
AUDJPY,20230818,1900,93.071,93.170,93.021,93.076,3840410000
AUDJPY,20230818,2000,93.073,93.114,93.021,93.084,3688300000
AUDJPY,20230820,2100,93.043,93.171,93.041,93.105,1537790000
AUDJPY,20230820,2200,93.104,93.186,93.081,93.106,1908310000
AUDJPY,20230820,2300,93.108,93.213,93.086,93.211,2395380000
AUDJPY,20230821,0000,93.209,93.209,93.048,93.053,5116240000
AUDJPY,20230821,0100,93.052,93.158,92.830,93.150,9813250000
AUDJPY,20230821,0200,93.151,93.337,93.069,93.159,6301430000
AUDJPY,20230821,0300,93.159,93.184,93.061,93.083,3427080000
AUDJPY,20230821,0400,93.081,93.144,93.048,93.083,3026030000
AUDJPY,20230821,0500,93.083,93.204,93.038,93.055,4239440000
AUDJPY,20230821,0600,93.054,93.159,92.993,93.057,5077780000
AUDJPY,20230821,0700,93.058,93.224,93.025,93.098,9699000000
AUDJPY,20230821,0800,93.097,93.218,93.062,93.214,6651900000
AUDJPY,20230821,0900,93.215,93.457,93.215,93.448,6680340000
AUDJPY,20230821,1000,93.449,93.548,93.422,93.461,6102700000
AUDJPY,20230821,1100,93.459,93.624,93.444,93.595,6490390000
AUDJPY,20230821,1200,93.594,93.763,93.582,93.695,9510000000
AUDJPY,20230821,1300,93.694,93.776,93.572,93.656,11337440000
AUDJPY,20230821,1400,93.662,93.675,93.435,93.593,10774700000
AUDJPY,20230821,1500,93.593,93.606,93.436,93.494,7895140000
AUDJPY,20230821,1600,93.492,93.655,93.492,93.644,4567220000
AUDJPY,20230821,1700,93.646,93.709,93.585,93.661,5223440000
AUDJPY,20230821,1800,93.664,93.742,93.631,93.738,2782070000
AUDJPY,20230821,1900,93.736,93.908,93.732,93.824,2822100000
AUDJPY,20230821,2000,93.824,93.825,93.751,93.760,1719770000
AUDJPY,20230821,2100,93.759,93.795,93.645,93.773,2114850000
AUDJPY,20230821,2200,93.772,93.800,93.736,93.736,1182810000
AUDJPY,20230821,2300,93.738,93.823,93.729,93.788,1810800000
AUDJPY,20230822,0000,93.787,93.856,93.648,93.737,5254250000
AUDJPY,20230822,0100,93.737,93.853,93.586,93.674,6754710000
AUDJPY,20230822,0200,93.677,93.741,93.620,93.674,5097940000
AUDJPY,20230822,0300,93.676,93.808,93.658,93.768,5575550000
AUDJPY,20230822,0400,93.769,93.803,93.694,93.695,3359150000
AUDJPY,20230822,0500,93.695,93.772,93.614,93.726,5930880000
AUDJPY,20230822,0600,93.726,94.002,93.688,93.883,9087100000
AUDJPY,20230822,0700,93.884,93.981,93.814,93.928,7579920000
AUDJPY,20230822,0800,93.927,93.935,93.707,93.742,6726140000
AUDJPY,20230822,0900,93.740,93.944,93.733,93.937,6145600000
AUDJPY,20230822,1000,93.936,94.007,93.835,93.889,6170050000
AUDJPY,20230822,1100,93.887,94.026,93.839,94.014,4937470000
AUDJPY,20230822,1200,94.016,94.057,93.816,93.817,9570410000
AUDJPY,20230822,1300,93.819,93.953,93.631,93.631,12567730000
AUDJPY,20230822,1400,93.633,93.794,93.610,93.737,12259680000
AUDJPY,20230822,1500,93.739,93.743,93.632,93.656,7862860000
AUDJPY,20230822,1600,93.655,93.709,93.568,93.642,4577310000
AUDJPY,20230822,1700,93.639,93.641,93.503,93.597,3922640000
AUDJPY,20230822,1800,93.597,93.718,93.573,93.674,3030740000
AUDJPY,20230822,1900,93.672,93.762,93.640,93.679,2901410000
AUDJPY,20230822,2000,93.679,93.727,93.669,93.672,1661190000
AUDJPY,20230822,2100,93.672,93.680,93.532,93.680,1085730000
AUDJPY,20230822,2200,93.680,93.706,93.642,93.669,1361800000
AUDJPY,20230822,2300,93.668,93.689,93.619,93.647,1589480000
AUDJPY,20230823,0000,93.647,93.800,93.603,93.704,4792080000
AUDJPY,20230823,0100,93.702,93.945,93.648,93.868,7000360000
AUDJPY,20230823,0200,93.868,93.955,93.820,93.848,4403080000
AUDJPY,20230823,0300,93.845,93.874,93.733,93.766,3475560000
AUDJPY,20230823,0400,93.766,93.815,93.739,93.741,3063150000
AUDJPY,20230823,0500,93.740,93.871,93.721,93.819,4711320000
AUDJPY,20230823,0600,93.818,93.837,93.619,93.656,5728080000
AUDJPY,20230823,0700,93.659,93.745,93.325,93.473,11026280000
AUDJPY,20230823,0800,93.472,93.526,93.322,93.465,9295620000
AUDJPY,20230823,0900,93.467,93.480,93.360,93.391,6510890000
AUDJPY,20230823,1000,93.391,93.450,93.263,93.303,5209990000
AUDJPY,20230823,1100,93.305,93.350,93.223,93.349,5629470000
AUDJPY,20230823,1200,93.350,93.417,93.261,93.305,8334580000
AUDJPY,20230823,1300,93.305,93.431,93.223,93.385,17608970000
AUDJPY,20230823,1400,93.385,93.635,93.383,93.545,15721560000
AUDJPY,20230823,1500,93.546,93.594,93.504,93.544,7979710000
AUDJPY,20230823,1600,93.543,93.639,93.532,93.606,4355260000
AUDJPY,20230823,1700,93.604,93.762,93.591,93.731,3783150000
AUDJPY,20230823,1800,93.730,93.733,93.637,93.679,3461420000
AUDJPY,20230823,1900,93.678,93.801,93.641,93.763,4893120000
AUDJPY,20230823,2000,93.763,93.895,93.730,93.830,3615570000
AUDJPY,20230823,2100,93.830,93.877,93.657,93.795,3145380000
AUDJPY,20230823,2200,93.795,93.861,93.791,93.814,1594780000
AUDJPY,20230823,2300,93.814,93.820,93.682,93.759,2766720000
AUDJPY,20230824,0000,93.759,93.847,93.727,93.779,4535180000
AUDJPY,20230824,0100,93.780,93.940,93.765,93.801,7050100000
AUDJPY,20230824,0200,93.802,93.931,93.777,93.919,5146290000
AUDJPY,20230824,0300,93.919,94.084,93.848,93.971,4643890000
AUDJPY,20230824,0400,93.971,94.140,93.939,94.140,3697000000
AUDJPY,20230824,0500,94.140,94.176,94.030,94.061,4400320000
AUDJPY,20230824,0600,94.059,94.080,93.760,93.793,6905940000
AUDJPY,20230824,0700,93.795,93.885,93.763,93.836,8893990000
AUDJPY,20230824,0800,93.836,93.933,93.804,93.837,6053760000
AUDJPY,20230824,0900,93.838,93.864,93.713,93.748,5527370000
AUDJPY,20230824,1000,93.744,93.866,93.723,93.837,4470110000
AUDJPY,20230824,1100,93.836,93.903,93.762,93.785,6786440000
AUDJPY,20230824,1200,93.787,93.869,93.742,93.820,10397950000
AUDJPY,20230824,1300,93.818,93.885,93.721,93.885,11535020000
AUDJPY,20230824,1400,93.885,93.938,93.658,93.700,14501620000
AUDJPY,20230824,1500,93.701,93.712,93.595,93.643,7657820000
AUDJPY,20230824,1600,93.642,93.805,93.637,93.737,4410670000
AUDJPY,20230824,1700,93.739,93.770,93.658,93.708,3955680000
AUDJPY,20230824,1800,93.709,93.747,93.624,93.677,3772900000
AUDJPY,20230824,1900,93.677,93.683,93.538,93.570,4335940000
AUDJPY,20230824,2000,93.569,93.586,93.509,93.559,2155910000
AUDJPY,20230824,2100,93.559,93.620,93.466,93.586,2051270000
AUDJPY,20230824,2200,93.591,93.672,93.572,93.635,1674710000
AUDJPY,20230824,2300,93.635,93.683,93.602,93.657,2702200000
AUDJPY,20230825,0000,93.657,93.748,93.614,93.693,5034840000
AUDJPY,20230825,0100,93.693,93.837,93.680,93.785,5945350000
AUDJPY,20230825,0200,93.786,93.810,93.630,93.672,4179110000
AUDJPY,20230825,0300,93.672,93.708,93.557,93.621,3683730000
AUDJPY,20230825,0400,93.616,93.690,93.529,93.529,2931830000
AUDJPY,20230825,0500,93.529,93.815,93.494,93.731,4514940000
AUDJPY,20230825,0600,93.731,93.760,93.591,93.692,6635960000
AUDJPY,20230825,0700,93.692,93.822,93.653,93.728,7563050000
AUDJPY,20230825,0800,93.728,93.836,93.678,93.817,6132000000
AUDJPY,20230825,0900,93.816,93.862,93.719,93.762,4503950000
AUDJPY,20230825,1000,93.764,93.870,93.751,93.793,5360950000
AUDJPY,20230825,1100,93.795,93.858,93.750,93.813,4192360000
AUDJPY,20230825,1200,93.812,93.849,93.758,93.794,6063330000
AUDJPY,20230825,1300,93.790,93.841,93.642,93.698,8764330000
AUDJPY,20230825,1400,93.703,93.888,93.530,93.573,26465530000
AUDJPY,20230825,1500,93.572,93.802,93.563,93.673,13553910000
AUDJPY,20230825,1600,93.672,93.780,93.672,93.749,6880360000
AUDJPY,20230825,1700,93.747,93.788,93.648,93.788,5079080000
AUDJPY,20230825,1800,93.789,93.967,93.783,93.925,4773830000
AUDJPY,20230825,1900,93.925,93.977,93.841,93.865,4643570000
AUDJPY,20230825,2000,93.864,93.864,93.707,93.710,3490260000
AUDJPY,20230827,2100,93.742,93.840,93.742,93.788,839650000
AUDJPY,20230827,2200,93.793,93.924,93.784,93.905,1860690000
AUDJPY,20230827,2300,93.905,94.028,93.897,94.021,2881920000
AUDJPY,20230828,0000,94.019,94.128,93.974,94.080,5665230000
AUDJPY,20230828,0100,94.081,94.331,94.081,94.160,8668410000
AUDJPY,20230828,0200,94.161,94.293,94.138,94.233,5433930000
AUDJPY,20230828,0300,94.233,94.242,94.121,94.174,3332960000
AUDJPY,20230828,0400,94.174,94.206,94.129,94.165,2780140000
AUDJPY,20230828,0500,94.163,94.182,94.088,94.135,5014230000
AUDJPY,20230828,0600,94.135,94.172,93.995,94.014,4997810000
AUDJPY,20230828,0700,94.017,94.026,93.831,93.890,5486250000
AUDJPY,20230828,0800,93.889,93.950,93.850,93.916,3467210000
AUDJPY,20230828,0900,93.915,93.950,93.851,93.870,3539390000
AUDJPY,20230828,1000,93.870,93.946,93.828,93.902,3620360000
AUDJPY,20230828,1100,93.903,94.005,93.882,93.992,3320640000
AUDJPY,20230828,1200,93.991,94.101,93.991,94.038,6441260000
AUDJPY,20230828,1300,94.037,94.175,93.980,94.129,8654000000
AUDJPY,20230828,1400,94.131,94.180,94.066,94.175,7146790000
AUDJPY,20230828,1500,94.173,94.206,94.014,94.065,6391080000
AUDJPY,20230828,1600,94.063,94.169,94.054,94.169,3485990000
AUDJPY,20230828,1700,94.170,94.200,94.021,94.060,3996100000
AUDJPY,20230828,1800,94.060,94.125,94.010,94.112,2937100000
AUDJPY,20230828,1900,94.112,94.181,94.078,94.171,3164470000
AUDJPY,20230828,2000,94.171,94.211,94.148,94.193,1468660000
AUDJPY,20230828,2100,94.192,94.195,94.009,94.180,3870510000
AUDJPY,20230828,2200,94.180,94.238,94.144,94.175,1624950000
AUDJPY,20230828,2300,94.174,94.194,94.137,94.146,1801730000
AUDJPY,20230829,0000,94.144,94.183,94.043,94.106,4922740000
AUDJPY,20230829,0100,94.107,94.251,94.045,94.170,5743110000
AUDJPY,20230829,0200,94.170,94.323,94.169,94.304,3804250000
AUDJPY,20230829,0300,94.304,94.459,94.301,94.408,3198810000
AUDJPY,20230829,0400,94.407,94.428,94.366,94.389,2545340000
AUDJPY,20230829,0500,94.390,94.474,94.340,94.346,3951220000
AUDJPY,20230829,0600,94.348,94.410,94.326,94.341,4965180000
AUDJPY,20230829,0700,94.339,94.467,94.256,94.257,7607280000
AUDJPY,20230829,0800,94.256,94.406,94.237,94.299,5944410000
AUDJPY,20230829,0900,94.300,94.549,94.290,94.546,4817430000
AUDJPY,20230829,1000,94.548,94.595,94.390,94.414,6315220000
AUDJPY,20230829,1100,94.412,94.476,94.374,94.421,7114300000
AUDJPY,20230829,1200,94.421,94.482,94.292,94.292,8864440000
AUDJPY,20230829,1300,94.293,94.422,94.198,94.342,11530450000
AUDJPY,20230829,1400,94.342,94.474,94.213,94.249,24698630000
AUDJPY,20230829,1500,94.249,94.388,94.208,94.300,12435870000
AUDJPY,20230829,1600,94.299,94.344,94.235,94.277,5792910000
AUDJPY,20230829,1700,94.279,94.379,94.249,94.302,6084390000
AUDJPY,20230829,1800,94.303,94.456,94.291,94.448,3442890000
AUDJPY,20230829,1900,94.448,94.543,94.429,94.539,4133000000
AUDJPY,20230829,2000,94.541,94.545,94.476,94.509,2785860000
AUDJPY,20230829,2100,94.521,94.537,94.286,94.526,2653540000
AUDJPY,20230829,2200,94.524,94.560,94.471,94.471,1996310000
AUDJPY,20230829,2300,94.470,94.570,94.463,94.536,1956720000
AUDJPY,20230830,0000,94.536,94.670,94.477,94.517,6358590000
AUDJPY,20230830,0100,94.516,94.589,94.169,94.455,8440430000
AUDJPY,20230830,0200,94.454,94.563,94.447,94.518,5340860000
AUDJPY,20230830,0300,94.516,94.606,94.506,94.591,3846600000
AUDJPY,20230830,0400,94.593,94.661,94.570,94.641,3219200000
AUDJPY,20230830,0500,94.641,94.756,94.629,94.678,5496650000
AUDJPY,20230830,0600,94.680,94.743,94.606,94.643,7298320000
AUDJPY,20230830,0700,94.643,94.699,94.556,94.647,7146870000
AUDJPY,20230830,0800,94.646,94.647,94.523,94.587,7502770000
AUDJPY,20230830,0900,94.589,94.664,94.571,94.603,6735310000
AUDJPY,20230830,1000,94.601,94.707,94.589,94.682,4228500000
AUDJPY,20230830,1100,94.682,94.766,94.648,94.649,4413610000
AUDJPY,20230830,1200,94.649,95.063,94.623,94.947,17509240000
AUDJPY,20230830,1300,94.944,94.954,94.750,94.897,14860090000
AUDJPY,20230830,1400,94.896,94.995,94.621,94.719,15238210000
AUDJPY,20230830,1500,94.717,94.783,94.660,94.775,7166870000
AUDJPY,20230830,1600,94.775,94.778,94.660,94.719,5064820000
AUDJPY,20230830,1700,94.719,94.776,94.643,94.676,3446420000
AUDJPY,20230830,1800,94.678,94.755,94.577,94.752,4183490000
AUDJPY,20230830,1900,94.757,94.806,94.734,94.750,2952450000
AUDJPY,20230830,2000,94.750,94.761,94.671,94.673,1461810000
AUDJPY,20230830,2100,94.670,94.697,94.539,94.606,4183900000
AUDJPY,20230830,2200,94.609,94.638,94.571,94.614,1763640000
AUDJPY,20230830,2300,94.613,94.657,94.567,94.648,2131730000
AUDJPY,20230831,0000,94.648,94.743,94.633,94.737,4932430000
AUDJPY,20230831,0100,94.737,94.938,94.681,94.735,8682650000
AUDJPY,20230831,0200,94.737,94.777,94.595,94.636,5503430000
AUDJPY,20230831,0300,94.637,94.670,94.577,94.642,3346850000
AUDJPY,20230831,0400,94.642,94.673,94.542,94.571,3348550000
AUDJPY,20230831,0500,94.571,94.642,94.559,94.623,3892720000
AUDJPY,20230831,0600,94.623,94.719,94.590,94.594,5569070000
AUDJPY,20230831,0700,94.593,94.607,94.458,94.592,8097010000
AUDJPY,20230831,0800,94.587,94.587,94.342,94.461,6921050000
AUDJPY,20230831,0900,94.461,94.461,94.321,94.380,7549880000
AUDJPY,20230831,1000,94.384,94.425,94.335,94.380,4905090000
AUDJPY,20230831,1100,94.379,94.423,94.291,94.400,5992490000
AUDJPY,20230831,1200,94.400,94.733,94.392,94.708,14187360000
AUDJPY,20230831,1300,94.709,94.709,94.521,94.664,17656190000
AUDJPY,20230831,1400,94.662,94.681,94.246,94.296,16820990000
AUDJPY,20230831,1500,94.296,94.335,94.142,94.206,13698480000
AUDJPY,20230831,1600,94.205,94.228,94.033,94.143,5396850000
AUDJPY,20230831,1700,94.144,94.232,94.140,94.202,3421560000
AUDJPY,20230831,1800,94.201,94.285,94.135,94.171,3243410000
AUDJPY,20230831,1900,94.174,94.305,94.169,94.237,3316150000
AUDJPY,20230831,2000,94.239,94.372,94.238,94.354,2315590000
AUDJPY,20230831,2100,94.354,94.367,94.191,94.366,1757660000
AUDJPY,20230831,2200,94.366,94.396,94.321,94.340,1890670000
AUDJPY,20230831,2300,94.339,94.403,94.318,94.366,2024350000
AUDJPY,20230901,0000,94.367,94.402,94.233,94.248,4817990000
AUDJPY,20230901,0100,94.242,94.421,94.166,94.300,9303690000
AUDJPY,20230901,0200,94.300,94.335,94.097,94.139,5874810000
AUDJPY,20230901,0300,94.138,94.192,94.064,94.075,3275570000
AUDJPY,20230901,0400,94.075,94.206,94.072,94.172,2862010000
AUDJPY,20230901,0500,94.172,94.271,94.151,94.152,3989930000
AUDJPY,20230901,0600,94.152,94.170,93.853,93.991,6016800000
AUDJPY,20230901,0700,93.990,94.223,93.914,94.193,7580120000
AUDJPY,20230901,0800,94.192,94.237,94.108,94.130,5444240000
AUDJPY,20230901,0900,94.132,94.195,94.091,94.096,4477290000
AUDJPY,20230901,1000,94.096,94.288,94.094,94.225,3748660000
AUDJPY,20230901,1100,94.225,94.280,94.105,94.105,4473630000
AUDJPY,20230901,1200,94.105,94.345,93.891,94.214,18412170000
AUDJPY,20230901,1300,94.214,94.303,94.071,94.170,21504170000
AUDJPY,20230901,1400,94.187,94.322,94.084,94.293,22096830000
AUDJPY,20230901,1500,94.295,94.328,94.200,94.235,10092040000
AUDJPY,20230901,1600,94.236,94.285,94.172,94.244,4661300000
AUDJPY,20230901,1700,94.242,94.312,94.215,94.273,2710520000
AUDJPY,20230901,1800,94.274,94.305,94.213,94.282,2580980000
AUDJPY,20230901,1900,94.282,94.299,94.245,94.261,2298750000
AUDJPY,20230901,2000,94.265,94.325,94.233,94.263,3051610000
AUDJPY,20230903,2100,94.105,94.302,94.086,94.259,1069380000
AUDJPY,20230903,2200,94.255,94.319,94.241,94.274,1619280000
AUDJPY,20230903,2300,94.273,94.287,94.192,94.237,1351830000
AUDJPY,20230904,0000,94.236,94.483,94.224,94.435,3817820000
AUDJPY,20230904,0100,94.436,94.505,94.347,94.417,6732610000
AUDJPY,20230904,0200,94.418,94.598,94.416,94.559,5519370000
AUDJPY,20230904,0300,94.556,94.575,94.479,94.494,2412830000
AUDJPY,20230904,0400,94.494,94.511,94.464,94.506,1634690000
AUDJPY,20230904,0500,94.505,94.676,94.500,94.637,3150060000
AUDJPY,20230904,0600,94.637,94.712,94.565,94.628,4882700000
AUDJPY,20230904,0700,94.628,94.709,94.587,94.644,7515640000
AUDJPY,20230904,0800,94.643,94.690,94.604,94.638,4082260000
AUDJPY,20230904,0900,94.638,94.661,94.551,94.646,3391450000
AUDJPY,20230904,1000,94.644,94.697,94.623,94.641,2774930000
AUDJPY,20230904,1100,94.642,94.716,94.635,94.651,2414790000
AUDJPY,20230904,1200,94.650,94.660,94.570,94.610,3352040000
AUDJPY,20230904,1300,94.612,94.683,94.574,94.600,3452270000
AUDJPY,20230904,1400,94.597,94.599,94.485,94.547,4492320000
AUDJPY,20230904,1500,94.548,94.613,94.536,94.603,2346160000
AUDJPY,20230904,1600,94.602,94.644,94.592,94.622,1126160000
AUDJPY,20230904,1700,94.622,94.643,94.622,94.625,431640000
AUDJPY,20230904,1800,94.625,94.633,94.620,94.621,443860000
AUDJPY,20230904,1900,94.620,94.633,94.616,94.628,413500000
AUDJPY,20230904,2000,94.627,94.673,94.614,94.614,783070000
AUDJPY,20230904,2100,94.614,94.660,94.474,94.628,1025800000
AUDJPY,20230904,2200,94.624,94.682,94.620,94.649,949520000
AUDJPY,20230904,2300,94.648,94.706,94.617,94.626,1448190000
AUDJPY,20230905,0000,94.625,94.652,94.514,94.521,4276410000
AUDJPY,20230905,0100,94.521,94.573,94.294,94.363,6444580000
AUDJPY,20230905,0200,94.364,94.393,94.220,94.299,5184170000
AUDJPY,20230905,0300,94.296,94.355,94.235,94.297,4206560000
AUDJPY,20230905,0400,94.295,94.336,94.124,94.239,3934280000
AUDJPY,20230905,0500,94.240,94.302,93.985,93.986,5208440000
AUDJPY,20230905,0600,93.986,94.002,93.675,93.760,11173030000
AUDJPY,20230905,0700,93.759,93.766,93.605,93.680,9992990000
AUDJPY,20230905,0800,93.678,93.787,93.588,93.745,7238960000
AUDJPY,20230905,0900,93.743,93.896,93.726,93.866,4688830000
AUDJPY,20230905,1000,93.864,93.890,93.718,93.736,4952890000
AUDJPY,20230905,1100,93.736,93.849,93.635,93.782,5526850000
AUDJPY,20230905,1200,93.785,93.947,93.758,93.916,13860100000
AUDJPY,20230905,1300,93.917,94.063,93.871,93.977,18098850000
AUDJPY,20230905,1400,93.975,94.132,93.911,94.128,13948190000
AUDJPY,20230905,1500,94.126,94.246,94.117,94.209,7986940000
AUDJPY,20230905,1600,94.207,94.262,94.187,94.246,4163800000
AUDJPY,20230905,1700,94.250,94.300,94.186,94.282,3828140000
AUDJPY,20230905,1800,94.281,94.318,94.248,94.299,3134600000
AUDJPY,20230905,1900,94.298,94.318,94.223,94.224,2806970000
AUDJPY,20230905,2000,94.225,94.234,94.161,94.207,1849180000
AUDJPY,20230905,2100,94.204,94.212,94.128,94.168,2312850000
AUDJPY,20230905,2200,94.169,94.233,94.139,94.153,1036670000
AUDJPY,20230905,2300,94.152,94.154,93.958,93.995,3747730000
AUDJPY,20230906,0000,93.995,94.127,93.990,94.063,4995560000
AUDJPY,20230906,0100,94.065,94.164,93.899,93.917,6900800000
AUDJPY,20230906,0200,93.916,94.134,93.855,94.096,5333220000
AUDJPY,20230906,0300,94.096,94.160,94.022,94.123,4300750000
AUDJPY,20230906,0400,94.123,94.131,94.048,94.088,2865170000
AUDJPY,20230906,0500,94.088,94.185,94.019,94.162,6076870000
AUDJPY,20230906,0600,94.160,94.182,94.021,94.084,7795280000
AUDJPY,20230906,0700,94.084,94.171,93.992,94.057,11077410000
AUDJPY,20230906,0800,94.057,94.212,94.028,94.183,6069380000
AUDJPY,20230906,0900,94.182,94.225,94.104,94.209,5045390000
AUDJPY,20230906,1000,94.208,94.331,94.208,94.226,5051180000
AUDJPY,20230906,1100,94.224,94.277,94.136,94.164,5409110000
AUDJPY,20230906,1200,94.163,94.165,94.012,94.075,9326550000
AUDJPY,20230906,1300,94.075,94.253,94.044,94.159,14559570000
AUDJPY,20230906,1400,94.159,94.242,93.957,94.106,23221460000
AUDJPY,20230906,1500,94.106,94.240,94.088,94.221,8356510000
AUDJPY,20230906,1600,94.221,94.252,94.115,94.134,4484360000
AUDJPY,20230906,1700,94.134,94.222,94.099,94.201,3431240000
AUDJPY,20230906,1800,94.200,94.264,94.160,94.205,3842240000
AUDJPY,20230906,1900,94.204,94.248,94.185,94.216,2824120000
AUDJPY,20230906,2000,94.215,94.257,94.192,94.214,2187890000
AUDJPY,20230906,2100,94.213,94.235,93.999,94.205,1875820000
AUDJPY,20230906,2200,94.205,94.258,94.185,94.240,1540900000
AUDJPY,20230906,2300,94.241,94.286,94.221,94.258,1768960000
AUDJPY,20230907,0000,94.256,94.270,94.185,94.217,4533420000
AUDJPY,20230907,0100,94.217,94.316,94.083,94.133,6777060000
AUDJPY,20230907,0200,94.139,94.145,94.003,94.004,3944860000
AUDJPY,20230907,0300,94.005,94.076,93.917,94.011,3691140000
AUDJPY,20230907,0400,94.009,94.044,93.866,93.935,2998770000
AUDJPY,20230907,0500,93.935,94.149,93.929,94.126,5063290000
AUDJPY,20230907,0600,94.125,94.295,94.075,94.183,7413320000
AUDJPY,20230907,0700,94.184,94.223,94.056,94.169,7332940000
AUDJPY,20230907,0800,94.168,94.178,94.069,94.144,6577990000
AUDJPY,20230907,0900,94.142,94.245,94.067,94.135,5641740000
AUDJPY,20230907,1000,94.135,94.186,94.067,94.086,3580940000
AUDJPY,20230907,1100,94.086,94.150,93.974,93.975,4665990000
AUDJPY,20230907,1200,93.973,94.145,93.937,94.111,11064430000
AUDJPY,20230907,1300,94.111,94.122,93.928,93.967,14784950000
AUDJPY,20230907,1400,93.967,94.028,93.705,93.789,12596790000
AUDJPY,20230907,1500,93.788,93.906,93.762,93.853,6697340000
AUDJPY,20230907,1600,93.852,93.895,93.782,93.785,3496390000
AUDJPY,20230907,1700,93.787,93.947,93.787,93.926,2407210000
AUDJPY,20230907,1800,93.927,93.946,93.804,93.876,2642380000
AUDJPY,20230907,1900,93.874,93.925,93.862,93.863,2524080000
AUDJPY,20230907,2000,93.865,93.931,93.856,93.889,1943120000
AUDJPY,20230907,2100,93.851,93.944,93.834,93.914,1705740000
AUDJPY,20230907,2200,93.913,93.917,93.859,93.907,1021130000
AUDJPY,20230907,2300,93.906,93.991,93.888,93.967,1454000000
AUDJPY,20230908,0000,93.966,93.997,93.583,93.760,8493910000
AUDJPY,20230908,0100,93.761,94.025,93.690,93.937,9029880000
AUDJPY,20230908,0200,93.938,94.088,93.889,94.033,4447290000
AUDJPY,20230908,0300,94.035,94.051,93.966,94.009,2875710000
AUDJPY,20230908,0400,94.008,94.053,93.965,94.026,3126310000
AUDJPY,20230908,0500,94.026,94.291,94.020,94.243,3609890000
AUDJPY,20230908,0600,94.244,94.341,94.127,94.179,6516470000
AUDJPY,20230908,0700,94.177,94.296,94.166,94.255,6618440000
AUDJPY,20230908,0800,94.256,94.311,94.173,94.248,6855300000
AUDJPY,20230908,0900,94.247,94.254,94.107,94.176,5159110000
AUDJPY,20230908,1000,94.174,94.294,94.159,94.274,4080310000
AUDJPY,20230908,1100,94.275,94.312,94.213,94.281,4858680000
AUDJPY,20230908,1200,94.282,94.396,94.223,94.338,7713540000
AUDJPY,20230908,1300,94.341,94.388,94.269,94.343,11543970000
AUDJPY,20230908,1400,94.344,94.456,94.316,94.359,11506020000
AUDJPY,20230908,1500,94.358,94.384,94.270,94.302,6340460000
AUDJPY,20230908,1600,94.301,94.337,94.204,94.237,4520950000
AUDJPY,20230908,1700,94.236,94.260,94.205,94.229,4611720000
AUDJPY,20230908,1800,94.229,94.278,94.158,94.199,3751650000
AUDJPY,20230908,1900,94.198,94.255,94.183,94.255,3269780000
AUDJPY,20230908,2000,94.254,94.261,94.221,94.247,3344610000
AUDJPY,20230910,2100,93.856,93.866,93.603,93.744,2477450000
AUDJPY,20230910,2200,93.744,94.110,93.651,94.040,5729950000
AUDJPY,20230910,2300,94.039,94.220,94.029,94.113,4624640000
AUDJPY,20230911,0000,94.114,94.139,93.874,93.952,7112300000
AUDJPY,20230911,0100,93.952,94.144,93.943,94.109,8609320000
AUDJPY,20230911,0200,94.112,94.141,93.997,94.062,8386940000
AUDJPY,20230911,0300,94.062,94.080,93.943,93.987,6847440000
AUDJPY,20230911,0400,93.989,94.126,93.915,94.107,9935900000
AUDJPY,20230911,0500,94.108,94.139,93.994,94.115,9123470000
AUDJPY,20230911,0600,94.112,94.133,93.909,94.040,9023130000
AUDJPY,20230911,0700,94.039,94.111,93.993,94.051,10929360000
AUDJPY,20230911,0800,94.056,94.223,94.019,94.174,7246170000
AUDJPY,20230911,0900,94.179,94.343,94.143,94.336,6928670000
AUDJPY,20230911,1000,94.334,94.452,94.283,94.432,6971580000
AUDJPY,20230911,1100,94.432,94.459,94.342,94.385,5151650000
AUDJPY,20230911,1200,94.380,94.398,94.185,94.275,9353500000
AUDJPY,20230911,1300,94.276,94.452,94.172,94.228,11783700000
AUDJPY,20230911,1400,94.228,94.304,94.104,94.218,10809140000
AUDJPY,20230911,1500,94.218,94.267,94.172,94.212,6608930000
AUDJPY,20230911,1600,94.211,94.311,94.202,94.258,4219310000
AUDJPY,20230911,1700,94.257,94.299,94.174,94.185,3903780000
AUDJPY,20230911,1800,94.186,94.243,94.157,94.189,2813010000
AUDJPY,20230911,1900,94.185,94.261,94.165,94.250,2892040000
AUDJPY,20230911,2000,94.250,94.277,94.195,94.195,1607910000
AUDJPY,20230911,2100,94.137,94.272,94.137,94.242,1643480000
AUDJPY,20230911,2200,94.243,94.269,94.195,94.201,1602360000
AUDJPY,20230911,2300,94.201,94.334,94.197,94.301,1423600000
AUDJPY,20230912,0000,94.301,94.332,94.160,94.191,5182290000
AUDJPY,20230912,0100,94.189,94.215,94.053,94.138,7880100000
AUDJPY,20230912,0200,94.138,94.400,94.105,94.368,5973220000
AUDJPY,20230912,0300,94.367,94.431,94.323,94.397,3831680000
AUDJPY,20230912,0400,94.397,94.397,94.259,94.309,2981530000
AUDJPY,20230912,0500,94.310,94.420,94.277,94.307,4362460000
AUDJPY,20230912,0600,94.312,94.529,94.277,94.507,5955410000
AUDJPY,20230912,0700,94.509,94.528,94.339,94.374,9130750000
AUDJPY,20230912,0800,94.371,94.468,94.346,94.356,5676970000
AUDJPY,20230912,0900,94.356,94.374,94.286,94.331,4706560000
AUDJPY,20230912,1000,94.330,94.388,94.264,94.293,3974310000
AUDJPY,20230912,1100,94.293,94.374,94.258,94.349,4065850000
AUDJPY,20230912,1200,94.348,94.467,94.329,94.385,7753690000
AUDJPY,20230912,1300,94.386,94.502,94.316,94.482,10436820000
AUDJPY,20230912,1400,94.483,94.501,94.403,94.449,8511870000
AUDJPY,20230912,1500,94.449,94.522,94.433,94.477,4506020000
AUDJPY,20230912,1600,94.478,94.538,94.460,94.475,3238300000
AUDJPY,20230912,1700,94.475,94.560,94.466,94.488,3170810000
AUDJPY,20230912,1800,94.486,94.524,94.466,94.496,3618730000
AUDJPY,20230912,1900,94.495,94.520,94.454,94.487,2438670000
AUDJPY,20230912,2000,94.485,94.528,94.457,94.494,2650750000
AUDJPY,20230912,2100,94.471,94.519,94.300,94.493,4750410000
AUDJPY,20230912,2200,94.494,94.525,94.464,94.516,1071890000
AUDJPY,20230912,2300,94.516,94.610,94.508,94.595,1710830000
AUDJPY,20230913,0000,94.594,94.691,94.547,94.603,5837200000
AUDJPY,20230913,0100,94.605,94.713,94.519,94.544,6459050000
AUDJPY,20230913,0200,94.544,94.590,94.338,94.366,5727000000
AUDJPY,20230913,0300,94.367,94.439,94.342,94.379,3602360000
AUDJPY,20230913,0400,94.379,94.477,94.352,94.471,2926750000
AUDJPY,20230913,0500,94.472,94.517,94.387,94.435,4048550000
AUDJPY,20230913,0600,94.434,94.435,94.238,94.371,7363260000
AUDJPY,20230913,0700,94.373,94.515,94.286,94.427,7872900000
AUDJPY,20230913,0800,94.428,94.530,94.394,94.429,7780040000
AUDJPY,20230913,0900,94.431,94.499,94.381,94.478,5160090000
AUDJPY,20230913,1000,94.478,94.484,94.379,94.452,4544290000
AUDJPY,20230913,1100,94.453,94.496,94.391,94.464,4503920000
AUDJPY,20230913,1200,94.464,94.616,94.168,94.517,20146660000
AUDJPY,20230913,1300,94.517,94.711,94.471,94.661,16543180000
AUDJPY,20230913,1400,94.663,94.735,94.553,94.703,11653940000
AUDJPY,20230913,1500,94.718,94.826,94.684,94.727,6419950000
AUDJPY,20230913,1600,94.726,94.758,94.674,94.712,5295700000
AUDJPY,20230913,1700,94.712,94.718,94.627,94.699,4565180000
AUDJPY,20230913,1800,94.700,94.709,94.599,94.623,2914170000
AUDJPY,20230913,1900,94.622,94.679,94.553,94.657,3437990000
AUDJPY,20230913,2000,94.657,94.706,94.654,94.673,1794950000
AUDJPY,20230913,2100,94.636,94.651,94.552,94.600,3153800000
AUDJPY,20230913,2200,94.596,94.639,94.591,94.606,1356700000
AUDJPY,20230913,2300,94.605,94.645,94.576,94.602,1471950000
AUDJPY,20230914,0000,94.600,94.845,94.593,94.825,5926660000
AUDJPY,20230914,0100,94.823,94.951,94.643,94.663,8110230000
AUDJPY,20230914,0200,94.660,94.682,94.500,94.570,4736630000
AUDJPY,20230914,0300,94.571,94.701,94.568,94.686,2753250000
AUDJPY,20230914,0400,94.684,94.767,94.656,94.741,2367330000
AUDJPY,20230914,0500,94.740,94.867,94.734,94.753,3496740000
AUDJPY,20230914,0600,94.752,94.811,94.673,94.730,4234650000
AUDJPY,20230914,0700,94.733,94.745,94.637,94.710,5399260000
AUDJPY,20230914,0800,94.711,94.804,94.693,94.767,5461270000
AUDJPY,20230914,0900,94.768,94.795,94.688,94.756,3399150000
AUDJPY,20230914,1000,94.753,94.939,94.745,94.906,5359050000
AUDJPY,20230914,1100,94.907,94.978,94.897,94.943,4857610000
AUDJPY,20230914,1200,94.942,95.019,94.697,94.943,24047780000
AUDJPY,20230914,1300,94.942,95.042,94.861,94.927,17847030000
AUDJPY,20230914,1400,94.891,94.915,94.735,94.848,11709380000
AUDJPY,20230914,1500,94.818,94.877,94.713,94.802,6693240000
AUDJPY,20230914,1600,94.799,94.945,94.773,94.942,4816940000
AUDJPY,20230914,1700,94.942,94.942,94.818,94.839,3628890000
AUDJPY,20230914,1800,94.839,94.923,94.805,94.902,2880870000
AUDJPY,20230914,1900,94.904,94.936,94.878,94.899,2929450000
AUDJPY,20230914,2000,94.902,94.983,94.902,94.948,1856750000
AUDJPY,20230914,2100,94.948,94.971,94.744,94.925,4173010000
AUDJPY,20230914,2200,94.925,94.972,94.900,94.900,1832570000
AUDJPY,20230914,2300,94.901,94.953,94.828,94.829,1515430000
AUDJPY,20230915,0000,94.828,95.078,94.804,94.996,5555460000
AUDJPY,20230915,0100,94.997,95.049,94.888,95.011,5339240000
AUDJPY,20230915,0200,95.027,95.296,95.027,95.289,6654090000
AUDJPY,20230915,0300,95.288,95.367,95.247,95.351,3205170000
AUDJPY,20230915,0400,95.352,95.426,95.232,95.409,2248060000
AUDJPY,20230915,0500,95.410,95.545,95.282,95.314,5469630000
AUDJPY,20230915,0600,95.313,95.506,95.300,95.484,6049290000
AUDJPY,20230915,0700,95.486,95.520,95.386,95.466,7769710000
AUDJPY,20230915,0800,95.464,95.471,95.301,95.326,5814360000
AUDJPY,20230915,0900,95.325,95.416,95.265,95.392,4345650000
AUDJPY,20230915,1000,95.390,95.461,95.346,95.440,3406830000
AUDJPY,20230915,1100,95.439,95.495,95.392,95.434,3862800000
AUDJPY,20230915,1200,95.435,95.476,95.277,95.283,7137630000
AUDJPY,20230915,1300,95.282,95.332,95.171,95.204,10462230000
AUDJPY,20230915,1400,95.204,95.347,95.111,95.196,13937290000
AUDJPY,20230915,1500,95.194,95.246,95.112,95.214,7348100000
AUDJPY,20230915,1600,95.214,95.297,95.190,95.200,3370390000
AUDJPY,20230915,1700,95.185,95.186,95.041,95.149,3089370000
AUDJPY,20230915,1800,95.149,95.149,95.066,95.115,2260790000
AUDJPY,20230915,1900,95.114,95.129,95.049,95.087,2436910000
AUDJPY,20230915,2000,95.085,95.096,95.002,95.050,2460050000
AUDJPY,20230917,2100,95.029,95.090,94.957,95.029,969280000
AUDJPY,20230917,2200,95.029,95.109,95.022,95.085,1133880000
AUDJPY,20230917,2300,95.085,95.234,95.079,95.217,1531840000
AUDJPY,20230918,0000,95.219,95.251,95.091,95.137,3325940000
AUDJPY,20230918,0100,95.139,95.229,94.964,95.064,5451080000
AUDJPY,20230918,0200,95.063,95.187,95.052,95.100,3597590000
AUDJPY,20230918,0300,95.100,95.167,95.080,95.135,2396200000
AUDJPY,20230918,0400,95.133,95.224,95.106,95.169,1541920000
AUDJPY,20230918,0500,95.165,95.207,95.109,95.134,2835460000
AUDJPY,20230918,0600,95.137,95.200,95.031,95.139,4965430000
AUDJPY,20230918,0700,95.139,95.201,95.058,95.099,5969580000
AUDJPY,20230918,0800,95.098,95.098,94.991,95.045,4132490000
AUDJPY,20230918,0900,95.043,95.092,95.007,95.038,4123050000
AUDJPY,20230918,1000,95.037,95.100,95.012,95.071,3202080000
AUDJPY,20230918,1100,95.076,95.089,94.944,94.992,3714240000
AUDJPY,20230918,1200,94.992,95.060,94.972,94.990,5329390000
AUDJPY,20230918,1300,94.989,95.092,94.875,94.925,8926130000
AUDJPY,20230918,1400,94.925,95.078,94.787,94.908,8625680000
AUDJPY,20230918,1500,94.938,95.136,94.930,95.085,5637100000
AUDJPY,20230918,1600,95.085,95.123,95.036,95.042,3848290000
AUDJPY,20230918,1700,95.043,95.103,95.037,95.040,2592040000
AUDJPY,20230918,1800,95.039,95.073,95.022,95.061,2120640000
AUDJPY,20230918,1900,95.061,95.064,94.975,95.010,2243860000
AUDJPY,20230918,2000,95.012,95.046,94.994,94.998,1316090000
AUDJPY,20230918,2100,94.997,95.019,94.920,94.993,2652850000
AUDJPY,20230918,2200,94.993,95.021,94.968,95.019,1682140000
AUDJPY,20230918,2300,95.021,95.064,95.001,95.054,1222120000
AUDJPY,20230919,0000,95.053,95.207,95.015,95.029,5091820000
AUDJPY,20230919,0100,95.027,95.130,94.999,95.001,4440250000
AUDJPY,20230919,0200,95.001,95.063,94.976,95.032,3052280000
AUDJPY,20230919,0300,95.032,95.116,95.032,95.091,2493570000
AUDJPY,20230919,0400,95.092,95.151,95.082,95.116,2705230000
AUDJPY,20230919,0500,95.118,95.140,95.006,95.054,2577630000
AUDJPY,20230919,0600,95.054,95.123,95.022,95.047,3726930000
AUDJPY,20230919,0700,95.049,95.285,95.028,95.261,6034450000
AUDJPY,20230919,0800,95.261,95.373,95.227,95.282,5297930000
AUDJPY,20230919,0900,95.281,95.358,95.217,95.343,3368190000
AUDJPY,20230919,1000,95.347,95.425,95.328,95.353,3824320000
AUDJPY,20230919,1100,95.356,95.481,95.340,95.480,4121700000
AUDJPY,20230919,1200,95.476,95.622,95.468,95.618,8523110000
AUDJPY,20230919,1300,95.619,95.634,95.439,95.495,10643770000
AUDJPY,20230919,1400,95.493,95.533,95.426,95.512,8867610000
AUDJPY,20230919,1500,95.512,95.524,95.379,95.437,5121180000
AUDJPY,20230919,1600,95.438,95.445,95.390,95.422,3584850000
AUDJPY,20230919,1700,95.422,95.496,95.401,95.479,2781660000
AUDJPY,20230919,1800,95.480,95.535,95.451,95.456,2582140000
AUDJPY,20230919,1900,95.453,95.486,95.431,95.433,2243580000
AUDJPY,20230919,2000,95.431,95.442,95.392,95.402,1434590000
AUDJPY,20230919,2100,95.373,95.437,95.336,95.382,3091780000
AUDJPY,20230919,2200,95.379,95.406,95.369,95.394,1201650000
AUDJPY,20230919,2300,95.394,95.517,95.361,95.513,1849440000
AUDJPY,20230920,0000,95.511,95.524,95.388,95.388,4608880000
AUDJPY,20230920,0100,95.389,95.426,95.329,95.384,5129960000
AUDJPY,20230920,0200,95.384,95.428,95.353,95.363,4014610000
AUDJPY,20230920,0300,95.365,95.431,95.299,95.327,3597880000
AUDJPY,20230920,0400,95.326,95.382,95.317,95.358,2309370000
AUDJPY,20230920,0500,95.356,95.481,95.338,95.452,3399480000
AUDJPY,20230920,0600,95.450,95.602,95.385,95.506,6967070000
AUDJPY,20230920,0700,95.506,95.718,95.487,95.705,8425100000
AUDJPY,20230920,0800,95.706,95.752,95.619,95.751,5467960000
AUDJPY,20230920,0900,95.753,95.769,95.680,95.732,3577430000
AUDJPY,20230920,1000,95.733,95.832,95.728,95.810,4586660000
AUDJPY,20230920,1100,95.813,95.951,95.802,95.915,3573430000
AUDJPY,20230920,1200,95.915,95.943,95.867,95.895,4744700000
AUDJPY,20230920,1300,95.895,96.001,95.821,95.973,7129350000
AUDJPY,20230920,1400,95.972,96.024,95.876,95.953,8016340000
AUDJPY,20230920,1500,95.954,96.039,95.932,96.001,5437620000
AUDJPY,20230920,1600,96.000,96.064,95.992,96.052,3910950000
AUDJPY,20230920,1700,96.051,96.058,95.898,95.993,3486130000
AUDJPY,20230920,1800,95.949,96.028,95.656,95.782,27403110000
AUDJPY,20230920,1900,95.781,95.806,95.506,95.519,10200570000
AUDJPY,20230920,2000,95.517,95.649,95.490,95.625,3479670000
AUDJPY,20230920,2100,95.589,95.589,95.456,95.543,3267270000
AUDJPY,20230920,2200,95.543,95.674,95.530,95.626,3346440000
AUDJPY,20230920,2300,95.624,95.624,95.439,95.456,2467390000
AUDJPY,20230921,0000,95.455,95.556,95.287,95.338,6270130000
AUDJPY,20230921,0100,95.338,95.384,95.217,95.232,6438670000
AUDJPY,20230921,0200,95.232,95.275,94.942,94.998,5023780000
AUDJPY,20230921,0300,94.996,95.096,94.993,95.082,2786360000
AUDJPY,20230921,0400,95.081,95.097,94.996,95.026,2763190000
AUDJPY,20230921,0500,95.032,95.137,94.981,94.985,2976620000
AUDJPY,20230921,0600,94.982,95.139,94.965,95.111,4627040000
AUDJPY,20230921,0700,95.113,95.235,95.041,95.073,8005500000
AUDJPY,20230921,0800,95.073,95.111,94.912,94.930,5919830000
AUDJPY,20230921,0900,94.930,94.969,94.853,94.892,4722070000
AUDJPY,20230921,1000,94.893,94.907,94.677,94.681,5345690000
AUDJPY,20230921,1100,94.681,94.783,94.615,94.697,8479330000
AUDJPY,20230921,1200,94.697,94.728,94.534,94.711,10038900000
AUDJPY,20230921,1300,94.711,94.836,94.593,94.597,13439010000
AUDJPY,20230921,1400,94.597,94.748,94.579,94.620,13350070000
AUDJPY,20230921,1500,94.620,94.725,94.591,94.656,8260810000
AUDJPY,20230921,1600,94.656,94.722,94.614,94.671,5150720000
AUDJPY,20230921,1700,94.669,94.848,94.658,94.822,4050930000
AUDJPY,20230921,1800,94.825,94.825,94.677,94.692,3209680000
AUDJPY,20230921,1900,94.693,94.715,94.635,94.645,3379450000
AUDJPY,20230921,2000,94.645,94.675,94.603,94.662,2920440000
AUDJPY,20230921,2100,94.656,94.656,94.576,94.649,1649510000
AUDJPY,20230921,2200,94.650,94.717,94.634,94.659,1701680000
AUDJPY,20230921,2300,94.660,94.694,94.602,94.630,2839110000
AUDJPY,20230922,0000,94.630,94.679,94.539,94.631,5359220000
AUDJPY,20230922,0100,94.632,94.788,94.543,94.766,6443960000
AUDJPY,20230922,0200,94.772,95.086,94.744,94.996,7522400000
AUDJPY,20230922,0300,94.999,95.191,94.943,95.134,6764840000
AUDJPY,20230922,0400,95.135,95.241,95.032,95.107,4121330000
AUDJPY,20230922,0500,95.110,95.158,95.075,95.134,3861210000
AUDJPY,20230922,0600,95.132,95.331,95.123,95.283,9209460000
AUDJPY,20230922,0700,95.283,95.413,95.143,95.369,12787470000
AUDJPY,20230922,0800,95.371,95.508,95.357,95.464,7956500000
AUDJPY,20230922,0900,95.462,95.512,95.394,95.500,5420530000
AUDJPY,20230922,1000,95.503,95.560,95.451,95.518,5812880000
AUDJPY,20230922,1100,95.520,95.684,95.510,95.645,5542270000
AUDJPY,20230922,1200,95.647,95.781,95.603,95.728,8887920000
AUDJPY,20230922,1300,95.730,95.824,95.628,95.687,11168390000
AUDJPY,20230922,1400,95.687,95.778,95.584,95.675,11306290000
AUDJPY,20230922,1500,95.674,95.704,95.530,95.624,7225350000
AUDJPY,20230922,1600,95.624,95.687,95.599,95.634,4222720000
AUDJPY,20230922,1700,95.638,95.661,95.495,95.544,4227840000
AUDJPY,20230922,1800,95.542,95.603,95.494,95.587,3989100000
AUDJPY,20230922,1900,95.585,95.679,95.546,95.576,3442680000
AUDJPY,20230922,2000,95.575,95.598,95.513,95.513,1795280000
AUDJPY,20230924,2100,95.413,95.526,95.403,95.516,865410000
AUDJPY,20230924,2200,95.517,95.597,95.507,95.570,3970390000
AUDJPY,20230924,2300,95.569,95.634,95.535,95.599,2581210000
AUDJPY,20230925,0000,95.600,95.682,95.559,95.578,4420590000
AUDJPY,20230925,0100,95.583,95.622,95.383,95.383,3711260000
AUDJPY,20230925,0200,95.384,95.398,95.288,95.366,3885370000
AUDJPY,20230925,0300,95.367,95.377,95.299,95.320,2466890000
AUDJPY,20230925,0400,95.318,95.398,95.309,95.350,1951170000
AUDJPY,20230925,0500,95.347,95.373,95.178,95.199,3071350000
AUDJPY,20230925,0600,95.199,95.347,95.197,95.343,4193930000
AUDJPY,20230925,0700,95.343,95.388,95.274,95.323,4787360000
AUDJPY,20230925,0800,95.326,95.379,95.253,95.303,7139900000
AUDJPY,20230925,0900,95.303,95.483,95.271,95.467,4133060000
AUDJPY,20230925,1000,95.469,95.525,95.467,95.524,406820000
AUDJPY,20230925,1100,95.605,95.647,95.457,95.486,4569210000
AUDJPY,20230925,1200,95.486,95.574,95.476,95.553,5844070000
AUDJPY,20230925,1300,95.554,95.656,95.463,95.645,9143220000
AUDJPY,20230925,1400,95.645,95.711,95.371,95.387,10999120000
AUDJPY,20230925,1500,95.388,95.543,95.373,95.474,7277440000
AUDJPY,20230925,1600,95.476,95.572,95.438,95.539,3484100000
AUDJPY,20230925,1700,95.537,95.599,95.514,95.576,3094600000
AUDJPY,20230925,1800,95.578,95.623,95.543,95.555,2920340000
AUDJPY,20230925,1900,95.554,95.604,95.503,95.604,2816530000
AUDJPY,20230925,2000,95.604,95.646,95.594,95.619,1991550000
AUDJPY,20230925,2100,95.611,95.612,95.400,95.581,2123290000
AUDJPY,20230925,2200,95.582,95.621,95.542,95.573,1460970000
AUDJPY,20230925,2300,95.573,95.610,95.542,95.571,1927420000
AUDJPY,20230926,0000,95.570,95.600,95.430,95.561,5001530000
AUDJPY,20230926,0100,95.565,95.726,95.534,95.700,6547730000
AUDJPY,20230926,0200,95.702,95.767,95.604,95.604,4644210000
AUDJPY,20230926,0300,95.603,95.656,95.503,95.551,3752740000
AUDJPY,20230926,0400,95.551,95.579,95.509,95.543,2279330000
AUDJPY,20230926,0500,95.542,95.578,95.418,95.541,3713240000
AUDJPY,20230926,0600,95.542,95.595,95.385,95.411,7098940000
AUDJPY,20230926,0700,95.416,95.481,95.221,95.339,9817340000
AUDJPY,20230926,0800,95.337,95.472,95.295,95.408,8656400000
AUDJPY,20230926,0900,95.407,95.522,95.371,95.429,5720720000
AUDJPY,20230926,1000,95.427,95.462,95.338,95.360,3893070000
AUDJPY,20230926,1100,95.360,95.448,95.309,95.385,4638800000
AUDJPY,20230926,1200,95.385,95.518,95.382,95.479,8250530000
AUDJPY,20230926,1300,95.482,95.606,95.446,95.537,10256430000
AUDJPY,20230926,1400,95.544,95.589,95.381,95.499,13067270000
AUDJPY,20230926,1500,95.498,95.515,95.312,95.350,8501760000
AUDJPY,20230926,1600,95.351,95.433,95.336,95.404,4927950000
AUDJPY,20230926,1700,95.405,95.448,95.298,95.336,4393020000
AUDJPY,20230926,1800,95.337,95.337,95.240,95.310,3863720000
AUDJPY,20230926,1900,95.310,95.366,95.268,95.314,3004170000
AUDJPY,20230926,2000,95.314,95.367,95.292,95.339,1986510000
AUDJPY,20230926,2100,95.266,95.336,95.205,95.310,2537350000
AUDJPY,20230926,2200,95.310,95.344,95.285,95.332,1508110000
AUDJPY,20230926,2300,95.329,95.338,95.236,95.295,1714940000
AUDJPY,20230927,0000,95.296,95.422,95.181,95.245,5059810000
AUDJPY,20230927,0100,95.246,95.460,95.227,95.369,7321960000
AUDJPY,20230927,0200,95.372,95.402,95.176,95.211,4474800000
AUDJPY,20230927,0300,95.209,95.218,95.085,95.098,4291220000
AUDJPY,20230927,0400,95.098,95.168,95.044,95.117,3227370000
AUDJPY,20230927,0500,95.118,95.151,95.059,95.095,3785160000
AUDJPY,20230927,0600,95.096,95.198,95.007,95.114,5556930000
AUDJPY,20230927,0700,95.114,95.153,95.060,95.067,5226120000
AUDJPY,20230927,0800,95.069,95.152,95.039,95.117,4814660000
AUDJPY,20230927,0900,95.117,95.139,95.038,95.095,4525370000
AUDJPY,20230927,1000,95.093,95.121,95.032,95.033,3740560000
AUDJPY,20230927,1100,95.033,95.085,94.918,94.988,4901460000
AUDJPY,20230927,1200,94.987,95.154,94.974,95.118,8680070000
AUDJPY,20230927,1300,95.115,95.295,95.087,95.287,10051820000
AUDJPY,20230927,1400,95.288,95.421,95.180,95.320,11850920000
AUDJPY,20230927,1500,95.319,95.408,95.163,95.171,9434140000
AUDJPY,20230927,1600,95.170,95.172,95.053,95.084,6135000000
AUDJPY,20230927,1700,95.083,95.096,94.719,94.880,9446090000
AUDJPY,20230927,1800,94.879,95.081,94.815,95.038,6140160000
AUDJPY,20230927,1900,95.038,95.177,94.974,95.041,6175640000
AUDJPY,20230927,2000,95.041,95.075,94.984,95.035,2639860000
AUDJPY,20230927,2100,95.035,95.035,94.826,94.927,3589860000
AUDJPY,20230927,2200,94.907,94.976,94.873,94.876,1967860000
AUDJPY,20230927,2300,94.874,94.939,94.818,94.886,2083420000
AUDJPY,20230928,0000,94.888,95.074,94.868,95.039,5280840000
AUDJPY,20230928,0100,95.039,95.219,95.035,95.218,6385570000
AUDJPY,20230928,0200,95.220,95.225,95.085,95.102,4635540000
AUDJPY,20230928,0300,95.104,95.260,95.093,95.206,3695280000
AUDJPY,20230928,0400,95.204,95.204,95.050,95.194,3319500000
AUDJPY,20230928,0500,95.198,95.269,95.171,95.220,5646160000
AUDJPY,20230928,0600,95.220,95.234,95.095,95.130,5524260000
AUDJPY,20230928,0700,95.133,95.180,95.048,95.073,7911900000
AUDJPY,20230928,0800,95.079,95.314,95.023,95.250,5951640000
AUDJPY,20230928,0900,95.250,95.356,95.113,95.324,6716040000
AUDJPY,20230928,1000,95.323,95.427,95.253,95.418,5213130000
AUDJPY,20230928,1100,95.418,95.481,95.355,95.432,5353350000
AUDJPY,20230928,1200,95.433,95.536,95.394,95.465,13083230000
AUDJPY,20230928,1300,95.467,95.565,95.426,95.508,16493930000
AUDJPY,20230928,1400,95.501,95.804,95.501,95.767,15983660000
AUDJPY,20230928,1500,95.767,95.856,95.690,95.825,10700880000
AUDJPY,20230928,1600,95.824,95.967,95.806,95.864,7658460000
AUDJPY,20230928,1700,95.865,95.921,95.828,95.857,6395310000
AUDJPY,20230928,1800,95.857,95.892,95.767,95.835,6022290000
AUDJPY,20230928,1900,95.834,95.896,95.785,95.854,4547800000
AUDJPY,20230928,2000,95.855,95.950,95.832,95.926,1971350000
AUDJPY,20230928,2100,95.652,95.949,95.652,95.914,1301340000
AUDJPY,20230928,2200,95.915,95.962,95.904,95.928,1764490000
AUDJPY,20230928,2300,95.930,95.967,95.913,95.949,1694130000
AUDJPY,20230929,0000,95.949,96.014,95.917,95.943,4935890000
AUDJPY,20230929,0100,95.944,96.227,95.928,96.200,5681390000
AUDJPY,20230929,0200,96.201,96.505,96.195,96.501,5519380000
AUDJPY,20230929,0300,96.504,96.512,96.371,96.447,3305400000
AUDJPY,20230929,0400,96.443,96.504,96.420,96.431,3367690000
AUDJPY,20230929,0500,96.433,96.480,96.272,96.272,4266760000
AUDJPY,20230929,0600,96.273,96.440,96.273,96.366,8365220000
AUDJPY,20230929,0700,96.371,96.391,96.227,96.387,10612940000
AUDJPY,20230929,0800,96.387,96.617,96.381,96.606,8869240000
AUDJPY,20230929,0900,96.606,96.791,96.556,96.790,7461690000
AUDJPY,20230929,1000,96.790,96.920,96.745,96.831,5090930000
AUDJPY,20230929,1100,96.831,96.878,96.710,96.716,6171770000
AUDJPY,20230929,1200,96.715,96.901,96.681,96.858,12729860000
AUDJPY,20230929,1300,96.858,96.858,96.576,96.583,14043750000
AUDJPY,20230929,1400,96.585,96.628,96.242,96.284,17275810000
AUDJPY,20230929,1500,96.285,96.431,96.277,96.347,14226490000
AUDJPY,20230929,1600,96.344,96.406,96.191,96.208,6326590000
AUDJPY,20230929,1700,96.209,96.209,96.020,96.028,5573950000
AUDJPY,20230929,1800,96.029,96.170,95.983,96.169,5654860000
AUDJPY,20230929,1900,96.170,96.206,96.034,96.056,6625320000
AUDJPY,20230929,2000,96.055,96.120,96.027,96.047,3095680000
AUDJPY,20231001,2100,96.069,96.207,95.997,96.154,1907180000
AUDJPY,20231001,2200,96.154,96.290,96.111,96.175,3728930000
AUDJPY,20231001,2300,96.176,96.272,96.171,96.250,3043770000
AUDJPY,20231002,0000,96.250,96.414,96.210,96.233,5286130000
AUDJPY,20231002,0100,96.234,96.314,96.229,96.254,3281750000
AUDJPY,20231002,0200,96.254,96.264,96.051,96.080,2885510000
AUDJPY,20231002,0300,96.081,96.118,95.994,96.035,2404350000
AUDJPY,20231002,0400,96.036,96.052,95.893,95.893,2491090000
AUDJPY,20231002,0500,95.896,95.913,95.671,95.738,3694870000
AUDJPY,20231002,0600,95.735,96.086,95.733,96.076,5410550000
AUDJPY,20231002,0700,96.076,96.143,95.951,95.993,6801580000
AUDJPY,20231002,0800,95.994,96.080,95.885,95.900,5141520000
AUDJPY,20231002,0900,95.896,95.902,95.737,95.786,4743380000
AUDJPY,20231002,1000,95.782,95.858,95.748,95.779,4146890000
AUDJPY,20231002,1100,95.780,95.830,95.713,95.749,3765340000
AUDJPY,20231002,1200,95.749,95.804,95.686,95.720,6586360000
AUDJPY,20231002,1300,95.720,95.744,95.532,95.560,9862160000
AUDJPY,20231002,1400,95.557,95.715,95.419,95.467,21225360000
AUDJPY,20231002,1500,95.465,95.651,95.465,95.492,9291290000
AUDJPY,20231002,1600,95.491,95.508,95.327,95.365,6183850000
AUDJPY,20231002,1700,95.364,95.444,95.347,95.407,5178680000
AUDJPY,20231002,1800,95.407,95.458,95.312,95.321,4803860000
AUDJPY,20231002,1900,95.318,95.383,95.274,95.332,4550880000
AUDJPY,20231002,2000,95.335,95.381,95.331,95.336,2468420000
AUDJPY,20231002,2100,95.334,95.369,95.254,95.342,1572030000
AUDJPY,20231002,2200,95.343,95.377,95.304,95.314,2147800000
AUDJPY,20231002,2300,95.313,95.402,95.270,95.340,2459750000
AUDJPY,20231003,0000,95.339,95.362,95.188,95.358,5450300000
AUDJPY,20231003,0100,95.358,95.366,95.109,95.145,4990530000
AUDJPY,20231003,0200,95.144,95.151,95.009,95.031,4594670000
AUDJPY,20231003,0300,95.031,95.178,94.962,95.089,4228160000
AUDJPY,20231003,0400,95.091,95.101,94.640,94.683,4871470000
AUDJPY,20231003,0500,94.680,94.714,94.530,94.538,4689100000
AUDJPY,20231003,0600,94.542,94.717,94.538,94.639,6434490000
AUDJPY,20231003,0700,94.639,94.687,94.506,94.639,7669820000
AUDJPY,20231003,0800,94.641,94.849,94.626,94.718,7492490000
AUDJPY,20231003,0900,94.718,94.736,94.560,94.590,5413540000
AUDJPY,20231003,1000,94.591,94.638,94.437,94.483,4771550000
AUDJPY,20231003,1100,94.482,94.563,94.372,94.532,6031960000
AUDJPY,20231003,1200,94.534,94.593,94.467,94.479,9091360000
AUDJPY,20231003,1300,94.485,94.686,94.459,94.657,11053340000
AUDJPY,20231003,1400,94.657,94.657,93.016,93.954,32842120000
AUDJPY,20231003,1500,93.953,93.990,93.760,93.852,14318740000
AUDJPY,20231003,1600,93.850,94.016,93.842,93.915,9911490000
AUDJPY,20231003,1700,93.915,93.973,93.830,93.855,5945260000
AUDJPY,20231003,1800,93.857,93.871,93.643,93.843,6336500000
AUDJPY,20231003,1900,93.841,93.890,93.711,93.765,7224560000
AUDJPY,20231003,2000,93.765,93.946,93.761,93.871,4048790000
AUDJPY,20231003,2100,93.873,93.943,93.851,93.926,2298380000
AUDJPY,20231003,2200,93.926,93.995,93.879,93.937,2801700000
AUDJPY,20231003,2300,93.938,94.123,93.885,94.107,3500760000
AUDJPY,20231004,0000,94.108,94.194,94.022,94.144,7238350000
AUDJPY,20231004,0100,94.144,94.160,93.787,93.993,8644200000
AUDJPY,20231004,0200,93.992,94.152,93.937,94.129,5295770000
AUDJPY,20231004,0300,94.127,94.144,93.948,94.008,4569420000
AUDJPY,20231004,0400,94.007,94.367,94.001,94.274,4306170000
AUDJPY,20231004,0500,94.273,94.371,94.155,94.186,4629580000
AUDJPY,20231004,0600,94.184,94.188,94.036,94.099,6346950000
AUDJPY,20231004,0700,94.099,94.150,93.880,94.082,12955120000
AUDJPY,20231004,0800,94.082,94.224,94.070,94.207,8797320000
AUDJPY,20231004,0900,94.205,94.390,94.183,94.313,6542280000
AUDJPY,20231004,1000,94.313,94.354,94.152,94.185,5502960000
AUDJPY,20231004,1100,94.184,94.286,94.131,94.159,7431120000
AUDJPY,20231004,1200,94.158,94.395,94.153,94.338,16048210000
AUDJPY,20231004,1300,94.336,94.398,94.187,94.205,13572950000
AUDJPY,20231004,1400,94.205,94.277,93.961,94.005,20677460000
AUDJPY,20231004,1500,94.005,94.324,93.953,94.300,12743900000
AUDJPY,20231004,1600,94.300,94.356,94.236,94.247,7957610000
AUDJPY,20231004,1700,94.246,94.266,94.166,94.213,5821480000
AUDJPY,20231004,1800,94.210,94.264,94.168,94.212,5060090000
AUDJPY,20231004,1900,94.214,94.374,94.214,94.331,4978180000
AUDJPY,20231004,2000,94.330,94.348,94.291,94.306,3555190000
AUDJPY,20231004,2100,94.276,94.312,94.072,94.213,2874490000
AUDJPY,20231004,2200,94.213,94.352,94.213,94.276,1648730000
AUDJPY,20231004,2300,94.276,94.311,94.256,94.281,2252580000
AUDJPY,20231005,0000,94.283,94.380,94.205,94.238,8098190000
AUDJPY,20231005,0100,94.238,94.417,94.214,94.395,14273200000
AUDJPY,20231005,0200,94.394,94.478,94.337,94.458,4149290000
AUDJPY,20231005,0300,94.456,94.693,94.411,94.650,4529020000
AUDJPY,20231005,0400,94.652,94.687,94.574,94.661,3222040000
AUDJPY,20231005,0500,94.658,94.674,94.526,94.562,4294270000
AUDJPY,20231005,0600,94.567,94.591,94.477,94.534,6533860000
AUDJPY,20231005,0700,94.533,94.552,94.439,94.510,9698080000
AUDJPY,20231005,0800,94.510,94.598,94.346,94.356,9347820000
AUDJPY,20231005,0900,94.357,94.402,94.294,94.361,7280860000
AUDJPY,20231005,1000,94.364,94.477,94.337,94.471,7556990000
AUDJPY,20231005,1100,94.470,94.549,94.409,94.488,6228210000
AUDJPY,20231005,1200,94.488,94.525,94.339,94.460,12025080000
AUDJPY,20231005,1300,94.460,94.528,94.347,94.394,13824210000
AUDJPY,20231005,1400,94.395,94.405,94.280,94.366,14357000000
AUDJPY,20231005,1500,94.366,94.381,94.229,94.238,11628640000
AUDJPY,20231005,1600,94.237,94.383,94.213,94.360,7015530000
AUDJPY,20231005,1700,94.361,94.467,94.293,94.464,5438750000
AUDJPY,20231005,1800,94.464,94.561,94.447,94.546,4673270000
AUDJPY,20231005,1900,94.545,94.608,94.519,94.592,3645350000
AUDJPY,20231005,2000,94.592,94.611,94.561,94.591,2007530000
AUDJPY,20231005,2100,94.574,94.583,94.459,94.569,1281600000
AUDJPY,20231005,2200,94.569,94.622,94.558,94.558,1219810000
AUDJPY,20231005,2300,94.558,94.645,94.544,94.570,2272470000
AUDJPY,20231006,0000,94.571,94.690,94.555,94.657,4934100000
AUDJPY,20231006,0100,94.657,94.765,94.586,94.621,5707580000
AUDJPY,20231006,0200,94.627,94.849,94.594,94.803,3814370000
AUDJPY,20231006,0300,94.801,94.821,94.744,94.779,3161000000
AUDJPY,20231006,0400,94.781,94.808,94.710,94.724,3070730000
AUDJPY,20231006,0500,94.722,94.754,94.592,94.599,3120940000
AUDJPY,20231006,0600,94.599,94.738,94.592,94.720,5201360000
AUDJPY,20231006,0700,94.719,94.819,94.682,94.797,6894890000
AUDJPY,20231006,0800,94.798,94.836,94.711,94.769,6253110000
AUDJPY,20231006,0900,94.768,94.822,94.719,94.789,4814660000
AUDJPY,20231006,1000,94.793,94.885,94.752,94.802,4541880000
AUDJPY,20231006,1100,94.801,94.839,94.726,94.774,4472600000
AUDJPY,20231006,1200,94.774,94.836,94.331,94.515,22053520000
AUDJPY,20231006,1300,94.515,94.789,94.456,94.624,24245390000
AUDJPY,20231006,1400,94.627,94.907,94.556,94.843,21376290000
AUDJPY,20231006,1500,94.845,95.331,94.806,95.304,16594190000
AUDJPY,20231006,1600,95.302,95.340,95.203,95.239,8425830000
AUDJPY,20231006,1700,95.238,95.423,95.216,95.403,5763620000
AUDJPY,20231006,1800,95.402,95.556,95.391,95.514,4377820000
AUDJPY,20231006,1900,95.514,95.524,95.374,95.387,4445820000
AUDJPY,20231006,2000,95.381,95.396,95.283,95.300,3035800000
AUDJPY,20231008,2100,94.775,94.911,94.745,94.773,1981350000
AUDJPY,20231008,2200,94.773,94.946,94.618,94.832,8209800000
AUDJPY,20231008,2300,94.834,95.004,94.818,94.997,4417730000
AUDJPY,20231009,0000,94.995,95.140,94.976,95.131,5272730000
AUDJPY,20231009,0100,95.129,95.136,94.868,94.996,5078850000
AUDJPY,20231009,0200,94.995,95.022,94.903,94.916,3430250000
AUDJPY,20231009,0300,94.919,94.920,94.729,94.742,2356310000
AUDJPY,20231009,0400,94.742,94.785,94.680,94.716,2394070000
AUDJPY,20231009,0500,94.716,94.858,94.687,94.817,3850350000
AUDJPY,20231009,0600,94.820,94.899,94.642,94.660,7389680000
AUDJPY,20231009,0700,94.658,94.869,94.632,94.793,8777060000
AUDJPY,20231009,0800,94.793,94.882,94.767,94.845,5605160000
AUDJPY,20231009,0900,94.845,94.948,94.839,94.863,3457640000
AUDJPY,20231009,1000,94.863,94.919,94.807,94.832,3627260000
AUDJPY,20231009,1100,94.836,94.965,94.836,94.924,3598840000
AUDJPY,20231009,1200,94.922,94.942,94.786,94.912,6191160000
AUDJPY,20231009,1300,94.912,95.020,94.902,94.972,11027000000
AUDJPY,20231009,1400,94.973,95.007,94.671,94.712,10452410000
AUDJPY,20231009,1500,94.711,94.890,94.679,94.856,5906600000
AUDJPY,20231009,1600,94.855,94.890,94.814,94.847,3173870000
AUDJPY,20231009,1700,94.848,95.077,94.845,95.076,5695530000
AUDJPY,20231009,1800,95.078,95.263,95.069,95.191,4239630000
AUDJPY,20231009,1900,95.190,95.256,95.169,95.192,3944640000
AUDJPY,20231009,2000,95.192,95.257,95.172,95.183,2215950000
AUDJPY,20231009,2100,95.187,95.213,95.146,95.178,2168970000
AUDJPY,20231009,2200,95.182,95.206,95.128,95.134,1737420000
AUDJPY,20231009,2300,95.137,95.265,95.135,95.246,2601130000
AUDJPY,20231010,0000,95.245,95.436,95.204,95.308,9028300000
AUDJPY,20231010,0100,95.308,95.502,95.295,95.409,7798510000
AUDJPY,20231010,0200,95.409,95.492,95.284,95.286,5912710000
AUDJPY,20231010,0300,95.285,95.370,95.265,95.337,4276820000
AUDJPY,20231010,0400,95.339,95.381,95.283,95.336,3630620000
AUDJPY,20231010,0500,95.337,95.388,95.259,95.338,3951130000
AUDJPY,20231010,0600,95.338,95.368,95.125,95.336,11320610000
AUDJPY,20231010,0700,95.333,95.374,95.223,95.304,11896100000
AUDJPY,20231010,0800,95.304,95.600,95.249,95.550,11064730000
AUDJPY,20231010,0900,95.551,95.563,95.445,95.494,7365720000
AUDJPY,20231010,1000,95.494,95.523,95.399,95.400,5001720000
AUDJPY,20231010,1100,95.400,95.403,95.253,95.322,6740730000
AUDJPY,20231010,1200,95.321,95.380,95.273,95.307,9442610000
AUDJPY,20231010,1300,95.308,95.416,95.282,95.389,13303230000
AUDJPY,20231010,1400,95.386,95.546,95.386,95.449,12242220000
AUDJPY,20231010,1500,95.448,95.560,95.411,95.557,8856680000
AUDJPY,20231010,1600,95.558,95.581,95.463,95.477,6292600000
AUDJPY,20231010,1700,95.477,95.485,95.352,95.445,7476200000
AUDJPY,20231010,1800,95.445,95.563,95.418,95.536,4877800000
AUDJPY,20231010,1900,95.535,95.589,95.494,95.585,4166170000
AUDJPY,20231010,2000,95.582,95.654,95.575,95.626,1842880000
AUDJPY,20231010,2100,95.622,95.629,95.470,95.568,1940520000
AUDJPY,20231010,2200,95.568,95.622,95.558,95.566,1307850000
AUDJPY,20231010,2300,95.568,95.628,95.545,95.595,1975760000
AUDJPY,20231011,0000,95.594,95.710,95.583,95.657,6206400000
AUDJPY,20231011,0100,95.658,95.724,95.562,95.610,6311700000
AUDJPY,20231011,0200,95.609,95.620,95.513,95.566,5686560000
AUDJPY,20231011,0300,95.566,95.615,95.504,95.574,3842020000
AUDJPY,20231011,0400,95.574,95.632,95.529,95.575,2942940000
AUDJPY,20231011,0500,95.575,95.643,95.504,95.524,4270150000
AUDJPY,20231011,0600,95.523,95.631,95.453,95.570,6402680000
AUDJPY,20231011,0700,95.569,95.673,95.447,95.467,10114940000
AUDJPY,20231011,0800,95.468,95.535,95.383,95.482,8985300000
AUDJPY,20231011,0900,95.480,95.527,95.418,95.454,6302090000
AUDJPY,20231011,1000,95.456,95.486,95.375,95.431,5346790000
AUDJPY,20231011,1100,95.433,95.492,95.398,95.454,5307460000
AUDJPY,20231011,1200,95.452,95.635,95.387,95.607,13422660000
AUDJPY,20231011,1300,95.607,95.729,95.575,95.706,16343340000
AUDJPY,20231011,1400,95.706,95.727,95.596,95.676,12318890000
AUDJPY,20231011,1500,95.675,95.700,95.444,95.456,8382500000
AUDJPY,20231011,1600,95.455,95.513,95.376,95.507,5190930000
AUDJPY,20231011,1700,95.506,95.547,95.365,95.412,6420070000
AUDJPY,20231011,1800,95.412,95.645,95.367,95.613,6656760000
AUDJPY,20231011,1900,95.612,95.651,95.567,95.641,4315870000
AUDJPY,20231011,2000,95.640,95.701,95.640,95.654,2698560000
AUDJPY,20231011,2100,95.651,95.651,95.412,95.605,1922200000
AUDJPY,20231011,2200,95.609,95.650,95.594,95.614,1666040000
AUDJPY,20231011,2300,95.615,95.671,95.599,95.647,1761710000
AUDJPY,20231012,0000,95.647,95.761,95.634,95.701,4963680000
AUDJPY,20231012,0100,95.704,95.806,95.678,95.758,4435570000
AUDJPY,20231012,0200,95.759,95.792,95.654,95.723,4491030000
AUDJPY,20231012,0300,95.723,95.769,95.683,95.748,2746260000
AUDJPY,20231012,0400,95.747,95.802,95.729,95.780,2532030000
AUDJPY,20231012,0500,95.780,95.790,95.637,95.665,3402750000
AUDJPY,20231012,0600,95.665,95.825,95.634,95.748,6440700000
AUDJPY,20231012,0700,95.747,95.748,95.572,95.621,6484910000
AUDJPY,20231012,0800,95.621,95.672,95.578,95.609,6879240000
AUDJPY,20231012,0900,95.610,95.614,95.540,95.603,4532820000
AUDJPY,20231012,1000,95.604,95.624,95.499,95.520,3435700000
AUDJPY,20231012,1100,95.522,95.596,95.485,95.545,4207020000
AUDJPY,20231012,1200,95.547,95.559,95.259,95.396,14725910000
AUDJPY,20231012,1300,95.393,95.418,94.997,95.039,14899110000
AUDJPY,20231012,1400,95.038,95.128,94.860,94.947,13241050000
AUDJPY,20231012,1500,94.947,94.952,94.753,94.819,9503140000
AUDJPY,20231012,1600,94.818,94.870,94.717,94.747,6987500000
AUDJPY,20231012,1700,94.748,94.750,94.541,94.558,7964410000
AUDJPY,20231012,1800,94.559,94.639,94.454,94.552,5518710000
AUDJPY,20231012,1900,94.555,94.622,94.545,94.591,3273520000
AUDJPY,20231012,2000,94.592,94.599,94.558,94.574,1277040000
AUDJPY,20231012,2100,94.567,94.595,94.498,94.578,2324230000
AUDJPY,20231012,2200,94.576,94.602,94.564,94.578,1313110000
AUDJPY,20231012,2300,94.579,94.632,94.537,94.602,2190180000
AUDJPY,20231013,0000,94.601,94.729,94.582,94.662,5734530000
AUDJPY,20231013,0100,94.663,94.778,94.653,94.755,5395660000
AUDJPY,20231013,0200,94.754,94.883,94.716,94.764,3531260000
AUDJPY,20231013,0300,94.766,94.807,94.709,94.755,2779510000
AUDJPY,20231013,0400,94.754,94.754,94.510,94.523,3219450000
AUDJPY,20231013,0500,94.522,94.657,94.497,94.643,4741280000
AUDJPY,20231013,0600,94.641,94.641,94.486,94.580,5479880000
AUDJPY,20231013,0700,94.579,94.716,94.535,94.671,7217810000
AUDJPY,20231013,0800,94.669,94.764,94.621,94.639,5996770000
AUDJPY,20231013,0900,94.638,94.645,94.412,94.458,6643010000
AUDJPY,20231013,1000,94.458,94.490,94.320,94.405,6549690000
AUDJPY,20231013,1100,94.408,94.523,94.378,94.507,6714410000
AUDJPY,20231013,1200,94.507,94.612,94.437,94.592,11106600000
AUDJPY,20231013,1300,94.591,94.599,94.440,94.522,13181440000
AUDJPY,20231013,1400,94.521,94.550,94.166,94.211,14080720000
AUDJPY,20231013,1500,94.210,94.230,94.047,94.093,7851500000
AUDJPY,20231013,1600,94.092,94.204,94.083,94.137,5878610000
AUDJPY,20231013,1700,94.137,94.202,94.078,94.180,5557170000
AUDJPY,20231013,1800,94.181,94.193,94.097,94.152,4415140000
AUDJPY,20231013,1900,94.152,94.200,94.132,94.170,4551770000
AUDJPY,20231013,2000,94.170,94.195,94.108,94.146,2185200000
AUDJPY,20231015,2100,94.114,94.262,94.083,94.161,1134740000
AUDJPY,20231015,2200,94.155,94.318,94.145,94.307,3109250000
AUDJPY,20231015,2300,94.308,94.403,94.305,94.391,2473060000
AUDJPY,20231016,0000,94.392,94.397,94.219,94.225,5407810000
AUDJPY,20231016,0100,94.232,94.444,94.232,94.426,4017310000
AUDJPY,20231016,0200,94.426,94.553,94.389,94.446,3453560000
AUDJPY,20231016,0300,94.448,94.503,94.408,94.499,2363510000
AUDJPY,20231016,0400,94.499,94.537,94.462,94.480,2329650000
AUDJPY,20231016,0500,94.480,94.519,94.419,94.491,3240400000
AUDJPY,20231016,0600,94.489,94.672,94.471,94.600,6802080000
AUDJPY,20231016,0700,94.598,94.653,94.531,94.621,7376510000
AUDJPY,20231016,0800,94.621,94.666,94.525,94.578,5704280000
AUDJPY,20231016,0900,94.576,94.592,94.492,94.524,5360470000
AUDJPY,20231016,1000,94.524,94.605,94.498,94.501,3493710000
AUDJPY,20231016,1100,94.502,94.630,94.474,94.609,4468070000
AUDJPY,20231016,1200,94.611,94.643,94.511,94.607,9304710000
AUDJPY,20231016,1300,94.608,94.644,94.501,94.593,9615970000
AUDJPY,20231016,1400,94.591,94.766,94.519,94.753,10958050000
AUDJPY,20231016,1500,94.754,94.827,94.710,94.799,6752350000
AUDJPY,20231016,1600,94.798,94.865,94.791,94.865,3700970000
AUDJPY,20231016,1700,94.866,94.904,94.764,94.867,3911690000
AUDJPY,20231016,1800,94.868,94.877,94.805,94.808,2901720000
AUDJPY,20231016,1900,94.808,94.877,94.789,94.851,3647430000
AUDJPY,20231016,2000,94.850,94.850,94.811,94.811,1584500000
AUDJPY,20231016,2100,94.804,94.827,94.647,94.784,4407370000
AUDJPY,20231016,2200,94.784,94.810,94.717,94.772,1652260000
AUDJPY,20231016,2300,94.773,94.828,94.766,94.795,1741560000
AUDJPY,20231017,0000,94.794,95.119,94.768,94.988,6472440000
AUDJPY,20231017,0100,94.988,95.005,94.877,94.986,5711200000
AUDJPY,20231017,0200,94.986,95.033,94.906,95.011,3828570000
AUDJPY,20231017,0300,95.013,95.209,94.975,95.017,3852560000
AUDJPY,20231017,0400,95.017,95.033,94.952,95.022,2555980000
AUDJPY,20231017,0500,95.021,95.093,94.961,95.020,3625240000
AUDJPY,20231017,0600,95.023,95.120,94.997,95.065,5201760000
AUDJPY,20231017,0700,95.065,95.183,95.050,95.114,7203980000
AUDJPY,20231017,0800,95.111,95.155,94.928,94.953,5582570000
AUDJPY,20231017,0900,94.955,95.100,94.948,95.096,4686220000
AUDJPY,20231017,1000,95.096,95.153,94.566,94.960,8142150000
AUDJPY,20231017,1100,94.959,95.099,94.947,95.082,5822520000
AUDJPY,20231017,1200,95.081,95.146,94.886,94.971,11839640000
AUDJPY,20231017,1300,94.972,95.136,94.914,95.012,12722170000
AUDJPY,20231017,1400,95.011,95.329,95.011,95.262,12579290000
AUDJPY,20231017,1500,95.262,95.463,95.262,95.458,8912900000
AUDJPY,20231017,1600,95.457,95.502,95.403,95.415,6566520000
AUDJPY,20231017,1700,95.415,95.423,95.207,95.226,5461580000
AUDJPY,20231017,1800,95.228,95.305,95.192,95.233,4329560000
AUDJPY,20231017,1900,95.232,95.349,95.223,95.324,3912810000
AUDJPY,20231017,2000,95.324,95.397,95.298,95.327,1710940000
AUDJPY,20231017,2100,95.327,95.356,95.174,95.352,2052610000
AUDJPY,20231017,2200,95.350,95.356,95.307,95.327,1344260000
AUDJPY,20231017,2300,95.327,95.355,95.276,95.289,1438320000
AUDJPY,20231018,0000,95.289,95.323,95.130,95.152,3944740000
AUDJPY,20231018,0100,95.151,95.257,95.118,95.223,5205100000
AUDJPY,20231018,0200,95.233,95.482,95.233,95.422,6433250000
AUDJPY,20231018,0300,95.421,95.457,95.333,95.413,3746430000
AUDJPY,20231018,0400,95.416,95.505,95.397,95.447,2871550000
AUDJPY,20231018,0500,95.448,95.610,95.429,95.539,4617460000
AUDJPY,20231018,0600,95.537,95.662,95.526,95.576,6944780000
AUDJPY,20231018,0700,95.574,95.653,95.492,95.564,6371740000
AUDJPY,20231018,0800,95.566,95.604,95.474,95.583,5786390000
AUDJPY,20231018,0900,95.584,95.600,95.463,95.485,4917120000
AUDJPY,20231018,1000,95.486,95.492,95.303,95.365,5022860000
AUDJPY,20231018,1100,95.366,95.391,95.297,95.316,4347200000
AUDJPY,20231018,1200,95.316,95.336,95.181,95.240,7613680000
AUDJPY,20231018,1300,95.240,95.298,95.150,95.158,9188320000
AUDJPY,20231018,1400,95.156,95.246,94.937,94.993,13506410000
AUDJPY,20231018,1500,94.993,95.032,94.923,94.933,9616520000
AUDJPY,20231018,1600,94.934,94.950,94.837,94.903,6400510000
AUDJPY,20231018,1700,94.902,95.161,94.876,95.116,8481220000
AUDJPY,20231018,1800,95.116,95.137,94.986,94.988,5520760000
AUDJPY,20231018,1900,94.988,95.012,94.933,94.965,4320900000
AUDJPY,20231018,2000,94.966,95.023,94.965,94.977,2076430000
AUDJPY,20231018,2100,94.977,94.977,94.860,94.899,2857780000
AUDJPY,20231018,2200,94.899,94.982,94.853,94.858,1804170000
AUDJPY,20231018,2300,94.862,94.907,94.814,94.847,2632820000
AUDJPY,20231019,0000,94.846,94.890,94.537,94.604,6940010000
AUDJPY,20231019,0100,94.606,94.662,94.405,94.447,6989690000
AUDJPY,20231019,0200,94.447,94.462,94.314,94.403,4753530000
AUDJPY,20231019,0300,94.406,94.453,94.328,94.375,3072480000
AUDJPY,20231019,0400,94.373,94.437,94.363,94.411,2657560000
AUDJPY,20231019,0500,94.410,94.455,94.337,94.355,2742830000
AUDJPY,20231019,0600,94.355,94.518,94.330,94.476,6378770000
AUDJPY,20231019,0700,94.476,94.501,94.320,94.350,7795340000
AUDJPY,20231019,0800,94.348,94.497,94.332,94.460,6708280000
AUDJPY,20231019,0900,94.458,94.493,94.382,94.486,4898820000
AUDJPY,20231019,1000,94.487,94.611,94.470,94.594,4179020000
AUDJPY,20231019,1100,94.595,94.611,94.544,94.586,4898340000
AUDJPY,20231019,1200,94.585,94.738,94.552,94.681,10110230000
AUDJPY,20231019,1300,94.678,94.760,94.640,94.688,11624150000
AUDJPY,20231019,1400,94.688,94.734,94.627,94.675,11246010000
AUDJPY,20231019,1500,94.675,94.860,94.671,94.812,7272130000
AUDJPY,20231019,1600,94.813,95.144,94.664,95.034,25501310000
AUDJPY,20231019,1700,95.034,95.165,94.905,94.979,12413900000
AUDJPY,20231019,1800,94.979,95.075,94.782,94.817,7857570000
AUDJPY,20231019,1900,94.818,94.888,94.798,94.875,6701890000
AUDJPY,20231019,2000,94.876,94.879,94.772,94.785,2275230000
AUDJPY,20231019,2100,94.776,94.799,94.703,94.744,2166270000
AUDJPY,20231019,2200,94.747,94.795,94.693,94.695,1875810000
AUDJPY,20231019,2300,94.695,94.751,94.674,94.741,2408820000
AUDJPY,20231020,0000,94.741,94.744,94.547,94.617,4804420000
AUDJPY,20231020,0100,94.620,94.691,94.511,94.624,6632370000
AUDJPY,20231020,0200,94.623,94.770,94.593,94.745,3687450000
AUDJPY,20231020,0300,94.743,94.761,94.657,94.695,2515460000
AUDJPY,20231020,0400,94.691,94.691,94.609,94.636,2133780000
AUDJPY,20231020,0500,94.636,94.713,94.578,94.578,3422090000
AUDJPY,20231020,0600,94.577,94.668,94.510,94.646,5747310000
AUDJPY,20231020,0700,94.646,94.656,94.497,94.501,6942200000
AUDJPY,20231020,0800,94.502,94.686,94.408,94.656,6779610000
AUDJPY,20231020,0900,94.655,94.713,94.570,94.661,5071760000
AUDJPY,20231020,1000,94.662,94.689,94.599,94.656,3267030000
AUDJPY,20231020,1100,94.654,94.702,94.619,94.659,4117680000
AUDJPY,20231020,1200,94.658,94.694,94.481,94.621,7923990000
AUDJPY,20231020,1300,94.620,94.782,94.616,94.752,9744430000
AUDJPY,20231020,1400,94.749,94.795,94.612,94.738,11237260000
AUDJPY,20231020,1500,94.738,94.779,94.608,94.676,7986880000
AUDJPY,20231020,1600,94.676,94.699,94.558,94.688,5520490000
AUDJPY,20231020,1700,94.690,94.776,94.644,94.672,7059260000
AUDJPY,20231020,1800,94.671,94.688,94.564,94.617,4380880000
AUDJPY,20231020,1900,94.617,94.650,94.554,94.588,4693510000
AUDJPY,20231020,2000,94.586,94.607,94.551,94.559,2768310000
AUDJPY,20231022,2100,94.586,94.612,94.503,94.603,1577180000
AUDJPY,20231022,2200,94.584,94.706,94.550,94.674,2338720000
AUDJPY,20231022,2300,94.676,94.739,94.673,94.725,1932350000
AUDJPY,20231023,0000,94.725,94.742,94.512,94.589,4000580000
AUDJPY,20231023,0100,94.590,94.678,94.529,94.656,3545280000
AUDJPY,20231023,0200,94.653,94.668,94.565,94.586,2495690000
AUDJPY,20231023,0300,94.586,94.689,94.584,94.630,2237750000
AUDJPY,20231023,0400,94.630,94.649,94.587,94.619,1948460000
AUDJPY,20231023,0500,94.619,94.681,94.618,94.634,2364220000
AUDJPY,20231023,0600,94.634,94.739,94.572,94.572,3822280000
AUDJPY,20231023,0700,94.572,94.599,94.464,94.504,5695790000
AUDJPY,20231023,0800,94.501,94.635,94.499,94.562,4639140000
AUDJPY,20231023,0900,94.560,94.595,94.333,94.369,5335610000
AUDJPY,20231023,1000,94.369,94.552,94.314,94.535,5219820000
AUDJPY,20231023,1100,94.535,94.661,94.524,94.607,4488230000
AUDJPY,20231023,1200,94.607,94.740,94.539,94.630,6696330000
AUDJPY,20231023,1300,94.632,94.733,94.501,94.733,8738600000
AUDJPY,20231023,1400,94.732,94.875,94.705,94.764,12349530000
AUDJPY,20231023,1500,94.763,94.932,94.746,94.900,7540420000
AUDJPY,20231023,1600,94.902,94.972,94.865,94.950,4469780000
AUDJPY,20231023,1700,94.953,95.018,94.898,94.953,4503580000
AUDJPY,20231023,1800,94.951,94.976,94.866,94.878,3610450000
AUDJPY,20231023,1900,94.878,94.891,94.691,94.757,5113840000
AUDJPY,20231023,2000,94.757,94.851,94.756,94.831,1878500000
AUDJPY,20231023,2100,94.818,94.865,94.689,94.863,2574430000
AUDJPY,20231023,2200,94.860,94.866,94.795,94.806,1368640000
AUDJPY,20231023,2300,94.804,94.909,94.793,94.902,1549820000
AUDJPY,20231024,0000,94.901,94.987,94.863,94.936,4283580000
AUDJPY,20231024,0100,94.939,95.062,94.851,94.882,5801550000
AUDJPY,20231024,0200,94.874,95.143,94.843,95.102,5483650000
AUDJPY,20231024,0300,95.102,95.125,95.011,95.105,3090270000
AUDJPY,20231024,0400,95.105,95.176,95.086,95.157,2264250000
AUDJPY,20231024,0500,95.157,95.176,95.095,95.141,3466570000
AUDJPY,20231024,0600,95.142,95.312,95.129,95.265,6107830000
AUDJPY,20231024,0700,95.264,95.286,95.125,95.146,10191850000
AUDJPY,20231024,0800,95.147,95.250,95.062,95.176,7484410000
AUDJPY,20231024,0900,95.172,95.239,95.147,95.215,4692680000
AUDJPY,20231024,1000,95.215,95.252,95.176,95.193,4189240000
AUDJPY,20231024,1100,95.193,95.330,95.181,95.302,4405910000
AUDJPY,20231024,1200,95.302,95.334,95.248,95.305,7535660000
AUDJPY,20231024,1300,95.306,95.329,95.183,95.295,11754620000
AUDJPY,20231024,1400,95.293,95.372,95.200,95.295,13171160000
AUDJPY,20231024,1500,95.295,95.295,95.079,95.122,8706610000
AUDJPY,20231024,1600,95.122,95.170,95.033,95.080,5362520000
AUDJPY,20231024,1700,95.078,95.262,95.075,95.239,4034540000
AUDJPY,20231024,1800,95.239,95.316,95.219,95.296,3653770000
AUDJPY,20231024,1900,95.297,95.323,95.259,95.301,2785480000
AUDJPY,20231024,2000,95.301,95.325,95.241,95.243,2603020000
AUDJPY,20231024,2100,95.238,95.282,95.105,95.249,3201900000
AUDJPY,20231024,2200,95.249,95.253,95.195,95.243,1564150000
AUDJPY,20231024,2300,95.243,95.335,95.239,95.308,1631070000
AUDJPY,20231025,0000,95.310,95.812,95.278,95.802,7544620001
AUDJPY,20231025,0100,95.802,95.896,95.678,95.772,5695610000
AUDJPY,20231025,0200,95.772,95.799,95.661,95.704,3332380000
AUDJPY,20231025,0300,95.705,95.739,95.571,95.614,2905760000
AUDJPY,20231025,0400,95.614,95.699,95.588,95.694,2340330000
AUDJPY,20231025,0500,95.695,95.710,95.459,95.537,3561370000
AUDJPY,20231025,0600,95.539,95.635,95.486,95.486,4269340000
AUDJPY,20231025,0700,95.484,95.486,95.273,95.292,6225250000
AUDJPY,20231025,0800,95.290,95.349,95.213,95.238,5396860000
AUDJPY,20231025,0900,95.237,95.246,94.900,94.931,5808430000
AUDJPY,20231025,1000,94.932,95.034,94.882,95.009,4410580000
AUDJPY,20231025,1100,95.007,95.062,94.943,95.020,3622070000
AUDJPY,20231025,1200,95.024,95.148,95.013,95.035,5738640000
AUDJPY,20231025,1300,95.034,95.092,94.825,94.927,7656380000
AUDJPY,20231025,1400,94.927,95.007,94.750,94.950,15224530000
AUDJPY,20231025,1500,94.949,95.057,94.899,94.952,8762920000
AUDJPY,20231025,1600,94.952,94.954,94.739,94.772,4739000000
AUDJPY,20231025,1700,94.771,94.802,94.572,94.624,7364350000
AUDJPY,20231025,1800,94.624,94.689,94.587,94.641,4962950000
AUDJPY,20231025,1900,94.641,94.726,94.619,94.695,3309570000
AUDJPY,20231025,2000,94.693,94.814,94.667,94.748,4152020000
AUDJPY,20231025,2100,94.709,94.758,94.660,94.711,2698460000
AUDJPY,20231025,2200,94.711,94.719,94.325,94.448,3815880000
AUDJPY,20231025,2300,94.445,94.524,94.431,94.463,3222990000
AUDJPY,20231026,0000,94.464,94.531,94.243,94.320,5136670000
AUDJPY,20231026,0100,94.322,94.582,94.259,94.483,6424900000
AUDJPY,20231026,0200,94.483,94.495,94.307,94.392,6393920000
AUDJPY,20231026,0300,94.392,94.467,94.380,94.417,3915470000
AUDJPY,20231026,0400,94.419,94.448,94.363,94.425,2735630000
AUDJPY,20231026,0500,94.424,94.687,94.424,94.618,4532400000
AUDJPY,20231026,0600,94.617,94.817,94.419,94.669,9965340000
AUDJPY,20231026,0700,94.669,94.942,94.654,94.901,8576850000
AUDJPY,20231026,0800,94.901,94.940,94.806,94.894,8411300000
AUDJPY,20231026,0900,94.896,94.943,94.828,94.881,5718330000
AUDJPY,20231026,1000,94.882,94.911,94.685,94.710,6022400000
AUDJPY,20231026,1100,94.705,94.806,94.691,94.761,5348530000
AUDJPY,20231026,1200,94.760,94.950,94.682,94.941,15250680000
AUDJPY,20231026,1300,94.943,95.003,94.829,94.893,15184210000
AUDJPY,20231026,1400,94.894,95.084,94.812,95.033,16285580000
AUDJPY,20231026,1500,95.033,95.043,94.829,94.950,10368690000
AUDJPY,20231026,1600,94.949,94.949,94.791,94.803,6068910000
AUDJPY,20231026,1700,94.803,95.125,94.789,95.115,7672300000
AUDJPY,20231026,1800,95.114,95.202,95.089,95.155,5803060000
AUDJPY,20231026,1900,95.153,95.180,94.937,95.014,4917890000
AUDJPY,20231026,2000,95.014,95.130,95.009,95.040,2727090000
AUDJPY,20231026,2100,95.036,95.070,94.997,95.059,3225750000
AUDJPY,20231026,2200,95.059,95.157,95.056,95.110,1234320000
AUDJPY,20231026,2300,95.115,95.245,95.115,95.230,2403700000
AUDJPY,20231027,0000,95.230,95.315,95.183,95.257,4745280000
AUDJPY,20231027,0100,95.257,95.299,95.089,95.248,5481310000
AUDJPY,20231027,0200,95.248,95.320,95.178,95.213,4207290000
AUDJPY,20231027,0300,95.212,95.241,95.163,95.215,2493250000
AUDJPY,20231027,0400,95.216,95.283,95.205,95.264,1701680000
AUDJPY,20231027,0500,95.264,95.294,95.186,95.232,3524930000
AUDJPY,20231027,0600,95.231,95.320,95.150,95.150,5595450000
AUDJPY,20231027,0700,95.149,95.250,95.088,95.237,6756300000
AUDJPY,20231027,0800,95.236,95.336,95.224,95.304,5258140000
AUDJPY,20231027,0900,95.302,95.359,95.259,95.335,4262890000
AUDJPY,20231027,1000,95.334,95.366,95.239,95.243,4097130000
AUDJPY,20231027,1100,95.242,95.250,95.116,95.140,4988820000
AUDJPY,20231027,1200,95.141,95.234,95.088,95.175,12368270000
AUDJPY,20231027,1300,95.175,95.282,95.122,95.130,13435120000
AUDJPY,20231027,1400,95.110,95.280,94.988,95.008,13944600000
AUDJPY,20231027,1500,95.009,95.078,94.969,95.017,8799300000
AUDJPY,20231027,1600,95.018,95.039,94.861,94.871,5610040000
AUDJPY,20231027,1700,94.868,94.875,94.744,94.756,6207300000
AUDJPY,20231027,1800,94.754,94.794,94.679,94.720,6022180000
AUDJPY,20231027,1900,94.719,94.779,94.674,94.759,5151700000
AUDJPY,20231027,2000,94.758,94.806,94.734,94.759,2957080000
AUDJPY,20231029,2100,94.661,94.796,94.658,94.772,1438610000
AUDJPY,20231029,2200,94.770,94.932,94.761,94.873,2332600000
AUDJPY,20231029,2300,94.873,94.917,94.811,94.908,3413430000
AUDJPY,20231030,0000,94.906,95.080,94.885,95.050,4353670000
AUDJPY,20231030,0100,95.050,95.135,94.971,95.133,4580210000
AUDJPY,20231030,0200,95.150,95.178,95.044,95.106,4121790000
AUDJPY,20231030,0300,95.107,95.160,95.050,95.053,2545750000
AUDJPY,20231030,0400,95.052,95.060,94.962,95.012,2043580000
AUDJPY,20231030,0500,95.013,95.047,94.993,95.029,2738150000
AUDJPY,20231030,0600,95.025,95.084,94.989,95.020,3230370000
AUDJPY,20231030,0700,95.021,95.106,94.935,95.033,7283580000
AUDJPY,20231030,0800,95.029,95.129,94.988,95.086,5622060000
AUDJPY,20231030,0900,95.089,95.316,95.079,95.303,4956130000
AUDJPY,20231030,1000,95.305,95.369,95.237,95.341,4187360000
AUDJPY,20231030,1100,95.340,95.511,95.340,95.464,5590100000
AUDJPY,20231030,1200,95.461,95.479,95.399,95.451,4848980000
AUDJPY,20231030,1300,95.452,95.524,95.403,95.487,7659920000
AUDJPY,20231030,1400,95.489,95.492,94.970,95.011,14908990000
AUDJPY,20231030,1500,95.011,95.061,94.942,94.958,8515190000
AUDJPY,20231030,1600,94.957,95.019,94.899,94.902,6673060000
AUDJPY,20231030,1700,94.903,95.012,94.858,95.003,4597920000
AUDJPY,20231030,1800,95.003,95.034,94.947,94.990,3536070000
AUDJPY,20231030,1900,94.991,95.064,94.986,95.042,3963040000
AUDJPY,20231030,2000,95.040,95.067,94.979,95.000,2194520000
AUDJPY,20231030,2100,94.995,95.047,94.916,94.933,3291430000
AUDJPY,20231030,2200,94.943,95.008,94.909,94.916,1591920000
AUDJPY,20231030,2300,94.914,94.997,94.914,94.942,1989280000
AUDJPY,20231031,0000,94.941,95.183,94.927,95.148,5019510000
AUDJPY,20231031,0100,95.147,95.243,95.052,95.114,6203210000
AUDJPY,20231031,0200,95.113,95.169,94.966,94.991,6342410000
AUDJPY,20231031,0300,94.990,95.249,94.845,95.161,12098210000
AUDJPY,20231031,0400,95.159,95.270,95.143,95.260,5167720000
AUDJPY,20231031,0500,95.259,95.370,95.213,95.354,4648640000
AUDJPY,20231031,0600,95.357,95.507,95.330,95.423,5296920000
AUDJPY,20231031,0700,95.421,95.593,95.417,95.560,6088990000
AUDJPY,20231031,0800,95.557,95.850,95.514,95.849,8179250000
AUDJPY,20231031,0900,95.849,96.003,95.648,95.978,9086630000
AUDJPY,20231031,1000,95.974,96.009,95.883,95.949,6084090000
AUDJPY,20231031,1100,95.949,95.970,95.913,95.927,3467230000
AUDJPY,20231031,1200,95.924,95.939,95.760,95.774,8079290000
AUDJPY,20231031,1300,95.771,95.797,95.583,95.675,9856030000
AUDJPY,20231031,1400,95.676,95.868,95.623,95.825,13640300000
AUDJPY,20231031,1500,95.829,95.949,95.535,95.882,11922940000
AUDJPY,20231031,1600,95.881,96.013,95.781,96.009,9136650000
AUDJPY,20231031,1700,96.008,96.055,95.712,96.040,7838850000
AUDJPY,20231031,1800,96.039,96.146,95.954,96.136,3349610000
AUDJPY,20231031,1900,96.136,96.161,96.099,96.145,3064970000
AUDJPY,20231031,2000,96.144,96.153,96.042,96.057,3148040000
AUDJPY,20231031,2100,96.032,96.106,95.897,96.083,3851010000
AUDJPY,20231031,2200,96.082,96.098,95.958,95.991,2766930000
AUDJPY,20231031,2300,95.991,96.031,95.856,95.898,4073860000
AUDJPY,20231101,0000,95.897,95.981,95.729,95.782,5174690000
AUDJPY,20231101,0100,95.781,95.850,95.610,95.695,6124480000
AUDJPY,20231101,0200,95.695,95.810,95.607,95.774,4507950000
AUDJPY,20231101,0300,95.774,95.867,95.758,95.832,3570050000
AUDJPY,20231101,0400,95.834,95.865,95.750,95.813,3410890000
AUDJPY,20231101,0500,95.811,95.852,95.756,95.778,3082260000
AUDJPY,20231101,0600,95.783,95.930,95.776,95.888,3604910000
AUDJPY,20231101,0700,95.888,95.996,95.861,95.915,5037650000
AUDJPY,20231101,0800,95.913,95.963,95.827,95.905,5141260000
AUDJPY,20231101,0900,95.907,95.998,95.786,95.806,4742540000
AUDJPY,20231101,1000,95.804,95.875,95.770,95.875,4176540000
AUDJPY,20231101,1100,95.875,95.921,95.833,95.920,3636240000
AUDJPY,20231101,1200,95.920,96.241,95.912,96.152,10294800000
AUDJPY,20231101,1300,96.151,96.242,96.049,96.188,9807170000
AUDJPY,20231101,1400,96.190,96.471,96.171,96.410,18679440000
AUDJPY,20231101,1500,96.413,96.460,96.052,96.057,9863620000
AUDJPY,20231101,1600,96.054,96.132,96.033,96.073,7268810000
AUDJPY,20231101,1700,96.073,96.196,96.052,96.098,5402660000
AUDJPY,20231101,1800,96.122,96.385,96.082,96.302,25379980000
AUDJPY,20231101,1900,96.303,96.500,96.303,96.436,12780940000
AUDJPY,20231101,2000,96.442,96.518,96.364,96.497,2578500000
AUDJPY,20231101,2100,96.492,96.567,96.318,96.547,2043590000
AUDJPY,20231101,2200,96.552,96.663,96.513,96.527,2072590000
AUDJPY,20231101,2300,96.528,96.712,96.515,96.706,3952780000
AUDJPY,20231102,0000,96.706,96.766,96.610,96.726,6740270000
AUDJPY,20231102,0100,96.728,96.761,96.653,96.733,7168590000
AUDJPY,20231102,0200,96.732,96.740,96.631,96.714,5141110000
AUDJPY,20231102,0300,96.714,96.721,96.666,96.711,3560250000
AUDJPY,20231102,0400,96.709,96.723,96.599,96.632,2835470000
AUDJPY,20231102,0500,96.632,96.684,96.603,96.628,3770220000
AUDJPY,20231102,0600,96.630,96.673,96.570,96.646,3268610000
AUDJPY,20231102,0700,96.644,96.724,96.501,96.652,6412110000
AUDJPY,20231102,0800,96.650,96.804,96.597,96.714,5980990000
AUDJPY,20231102,0900,96.715,96.869,96.665,96.827,7047310000
AUDJPY,20231102,1000,96.827,96.928,96.747,96.900,5100320000
AUDJPY,20231102,1100,96.897,96.913,96.760,96.792,4407450000
AUDJPY,20231102,1200,96.792,96.834,96.640,96.819,16256930000
AUDJPY,20231102,1300,96.819,96.820,96.596,96.702,13836070000
AUDJPY,20231102,1400,96.700,96.738,96.503,96.580,11009510000
AUDJPY,20231102,1500,96.580,96.642,96.512,96.629,10560880000
AUDJPY,20231102,1600,96.627,96.628,96.540,96.585,8160940000
AUDJPY,20231102,1700,96.585,96.694,96.572,96.682,3785560000
AUDJPY,20231102,1800,96.684,96.752,96.662,96.727,3196700000
AUDJPY,20231102,1900,96.727,96.779,96.697,96.763,2505580000
AUDJPY,20231102,2000,96.762,96.819,96.742,96.767,2616700000
AUDJPY,20231102,2100,96.760,96.802,96.649,96.786,3614480000
AUDJPY,20231102,2200,96.785,96.819,96.743,96.750,1545660000
AUDJPY,20231102,2300,96.748,96.760,96.725,96.736,1566240000
AUDJPY,20231103,0000,96.736,96.766,96.575,96.631,3857380000
AUDJPY,20231103,0100,96.632,96.747,96.612,96.715,5277380000
AUDJPY,20231103,0200,96.717,96.812,96.684,96.730,4968700000
AUDJPY,20231103,0300,96.730,96.749,96.631,96.664,2414180000
AUDJPY,20231103,0400,96.661,96.680,96.617,96.652,1828450000
AUDJPY,20231103,0500,96.651,96.728,96.645,96.693,2408830000
AUDJPY,20231103,0600,96.693,96.782,96.693,96.770,1776440000
AUDJPY,20231103,0700,96.770,96.897,96.742,96.855,4821880000
AUDJPY,20231103,0800,96.857,96.866,96.760,96.808,4920730000
AUDJPY,20231103,0900,96.808,96.883,96.740,96.821,4469310000
AUDJPY,20231103,1000,96.822,96.854,96.779,96.804,3307550000
AUDJPY,20231103,1100,96.802,96.817,96.759,96.774,4090730000
AUDJPY,20231103,1200,96.776,97.161,96.747,97.012,17492460000
AUDJPY,20231103,1300,97.012,97.149,96.961,97.084,19338310000
AUDJPY,20231103,1400,97.093,97.184,96.978,97.113,21362300000
AUDJPY,20231103,1500,97.112,97.195,97.070,97.141,13376290000
AUDJPY,20231103,1600,97.143,97.251,97.105,97.238,10143440000
AUDJPY,20231103,1700,97.235,97.285,97.191,97.267,5577000000
AUDJPY,20231103,1800,97.269,97.304,97.243,97.294,3119290000
AUDJPY,20231103,1900,97.294,97.318,97.272,97.293,3372670000
AUDJPY,20231103,2000,97.293,97.311,97.219,97.245,2553100000
AUDJPY,20231105,2200,97.133,97.234,97.106,97.162,3034290000
AUDJPY,20231105,2300,97.164,97.398,97.164,97.375,2765760000
AUDJPY,20231106,0000,97.372,97.506,97.363,97.424,6030520000
AUDJPY,20231106,0100,97.423,97.496,97.370,97.424,6123220000
AUDJPY,20231106,0200,97.425,97.491,97.408,97.476,4801780000
AUDJPY,20231106,0300,97.476,97.484,97.385,97.406,3333510000
AUDJPY,20231106,0400,97.401,97.502,97.340,97.344,3674290000
AUDJPY,20231106,0500,97.344,97.430,97.268,97.414,3445390000
AUDJPY,20231106,0600,97.414,97.490,97.390,97.408,4667200000
AUDJPY,20231106,0700,97.406,97.449,97.325,97.404,6132510000
AUDJPY,20231106,0800,97.407,97.472,97.334,97.388,6941500000
AUDJPY,20231106,0900,97.389,97.443,97.331,97.391,5732710000
AUDJPY,20231106,1000,97.393,97.436,97.331,97.357,3617270000
AUDJPY,20231106,1100,97.356,97.412,97.326,97.384,3289230000
AUDJPY,20231106,1200,97.387,97.389,97.325,97.352,4936750000
AUDJPY,20231106,1300,97.353,97.378,97.320,97.371,6150340000
AUDJPY,20231106,1400,97.376,97.435,97.284,97.302,8166180000
AUDJPY,20231106,1500,97.303,97.432,97.261,97.356,7514290000
AUDJPY,20231106,1600,97.357,97.396,97.302,97.353,5782550000
AUDJPY,20231106,1700,97.353,97.364,97.291,97.354,3626920000
AUDJPY,20231106,1800,97.352,97.375,97.304,97.336,2992090000
AUDJPY,20231106,1900,97.334,97.370,97.250,97.349,3799970000
AUDJPY,20231106,2000,97.347,97.352,97.284,97.328,2720640000
AUDJPY,20231106,2100,97.328,97.379,97.305,97.364,2085750000
AUDJPY,20231106,2200,97.359,97.467,97.271,97.326,3839060000
AUDJPY,20231106,2300,97.322,97.362,97.297,97.320,2146820000
AUDJPY,20231107,0000,97.316,97.407,97.253,97.283,3812150000
AUDJPY,20231107,0100,97.282,97.298,97.123,97.190,4730220000
AUDJPY,20231107,0200,97.189,97.349,97.150,97.324,3871470000
AUDJPY,20231107,0300,97.327,97.592,96.901,97.024,8129140000
AUDJPY,20231107,0400,97.024,97.102,96.675,96.742,4278550000
AUDJPY,20231107,0500,96.740,96.788,96.640,96.747,4209570000
AUDJPY,20231107,0600,96.748,96.788,96.572,96.674,4967280000
AUDJPY,20231107,0700,96.674,96.788,96.605,96.662,5426190000
AUDJPY,20231107,0800,96.662,96.809,96.655,96.717,8056000000
AUDJPY,20231107,0900,96.716,96.723,96.569,96.596,4550630000
AUDJPY,20231107,1000,96.595,96.625,96.533,96.547,4302870000
AUDJPY,20231107,1100,96.549,96.577,96.407,96.524,4828360000
AUDJPY,20231107,1200,96.524,96.654,96.522,96.602,5786780000
AUDJPY,20231107,1300,96.602,96.655,96.537,96.604,6897440000
AUDJPY,20231107,1400,96.605,96.637,96.488,96.579,7798890000
AUDJPY,20231107,1500,96.580,96.692,96.578,96.651,7313750000
AUDJPY,20231107,1600,96.651,96.702,96.630,96.659,6055360000
AUDJPY,20231107,1700,96.660,96.660,96.566,96.619,4184730000
AUDJPY,20231107,1800,96.619,96.735,96.610,96.710,4671500000
AUDJPY,20231107,1900,96.710,96.797,96.708,96.759,4309850000
AUDJPY,20231107,2000,96.754,96.796,96.721,96.777,2286470000
AUDJPY,20231107,2100,96.775,96.813,96.742,96.742,1094700000
AUDJPY,20231107,2200,96.735,96.780,96.617,96.747,2984000000
AUDJPY,20231107,2300,96.747,96.775,96.682,96.707,2158740000
AUDJPY,20231108,0000,96.706,96.770,96.653,96.732,4167690000
AUDJPY,20231108,0100,96.738,96.893,96.705,96.841,4661400000
AUDJPY,20231108,0200,96.842,97.025,96.797,96.959,4812230000
AUDJPY,20231108,0300,96.958,96.992,96.844,96.869,3605470000
AUDJPY,20231108,0400,96.867,96.929,96.825,96.908,2156480000
AUDJPY,20231108,0500,96.908,96.941,96.842,96.872,2983170000
AUDJPY,20231108,0600,96.872,96.976,96.827,96.940,4078170000
AUDJPY,20231108,0700,96.939,97.095,96.854,97.044,5180940000
AUDJPY,20231108,0800,97.046,97.085,96.985,96.996,6246580000
AUDJPY,20231108,0900,97.000,97.002,96.808,96.833,5386140000
AUDJPY,20231108,1000,96.831,96.930,96.794,96.919,3780770000
AUDJPY,20231108,1100,96.919,96.986,96.910,96.972,3720740000
AUDJPY,20231108,1200,96.971,96.971,96.866,96.944,4218640000
AUDJPY,20231108,1300,96.945,97.032,96.894,96.978,7226120000
AUDJPY,20231108,1400,96.981,97.067,96.935,96.981,7412320000
AUDJPY,20231108,1500,96.982,96.985,96.707,96.773,10027080000
AUDJPY,20231108,1600,96.773,96.827,96.716,96.785,7563880000
AUDJPY,20231108,1700,96.784,96.784,96.667,96.762,4930280000
AUDJPY,20231108,1800,96.763,96.800,96.712,96.756,6226270000
AUDJPY,20231108,1900,96.757,96.799,96.650,96.658,3023240000
AUDJPY,20231108,2000,96.658,96.716,96.630,96.683,3320530000
AUDJPY,20231108,2100,96.680,96.686,96.632,96.632,2045790000
AUDJPY,20231108,2200,96.626,96.639,96.509,96.566,6179540000
AUDJPY,20231108,2300,96.568,96.654,96.567,96.653,2372730000
AUDJPY,20231109,0000,96.657,96.697,96.636,96.652,3378080000
AUDJPY,20231109,0100,96.653,96.836,96.648,96.780,5505140000
AUDJPY,20231109,0200,96.780,96.815,96.699,96.708,3849450000
AUDJPY,20231109,0300,96.708,96.779,96.642,96.714,2899370000
AUDJPY,20231109,0400,96.713,96.842,96.703,96.821,2215270000
AUDJPY,20231109,0500,96.821,96.843,96.748,96.795,3113180000
AUDJPY,20231109,0600,96.797,96.890,96.768,96.825,4553010000
AUDJPY,20231109,0700,96.825,96.860,96.786,96.807,4666170000
AUDJPY,20231109,0800,96.806,96.812,96.568,96.772,6571360000
AUDJPY,20231109,0900,96.773,96.791,96.684,96.758,4682170000
AUDJPY,20231109,1000,96.757,96.823,96.728,96.770,4616590000
AUDJPY,20231109,1100,96.770,96.780,96.628,96.699,3544630000
AUDJPY,20231109,1200,96.699,96.729,96.652,96.720,3428300000
AUDJPY,20231109,1300,96.723,96.858,96.705,96.809,8455520000
AUDJPY,20231109,1400,96.810,96.970,96.742,96.943,9004550000
AUDJPY,20231109,1500,96.945,96.997,96.866,96.980,9577730000
AUDJPY,20231109,1600,96.981,97.003,96.922,96.949,5489230000
AUDJPY,20231109,1700,96.951,96.956,96.849,96.875,4015120000
AUDJPY,20231109,1800,96.877,96.881,96.566,96.682,14642410000
AUDJPY,20231109,1900,96.681,96.686,96.307,96.372,11499930000
AUDJPY,20231109,2000,96.371,96.468,96.352,96.373,5524710000
AUDJPY,20231109,2100,96.375,96.415,96.338,96.338,1715280000
AUDJPY,20231109,2200,96.340,96.361,96.260,96.271,4593820000
AUDJPY,20231109,2300,96.272,96.312,96.215,96.279,2857190000
AUDJPY,20231110,0000,96.276,96.276,96.122,96.219,5275300000
AUDJPY,20231110,0100,96.219,96.287,96.150,96.230,5350340000
AUDJPY,20231110,0200,96.236,96.253,96.159,96.221,3564760000
AUDJPY,20231110,0300,96.221,96.255,96.155,96.168,2326330000
AUDJPY,20231110,0400,96.168,96.272,96.158,96.271,2509100000
AUDJPY,20231110,0500,96.271,96.283,96.183,96.259,2692420000
AUDJPY,20231110,0600,96.259,96.379,96.245,96.346,2794310000
AUDJPY,20231110,0700,96.345,96.356,96.246,96.303,5415420000
AUDJPY,20231110,0800,96.303,96.348,96.244,96.272,6026600000
AUDJPY,20231110,0900,96.274,96.329,96.198,96.297,4276900000
AUDJPY,20231110,1000,96.297,96.300,96.238,96.293,4311790000
AUDJPY,20231110,1100,96.291,96.301,96.162,96.202,3667170000
AUDJPY,20231110,1200,96.202,96.314,96.167,96.302,5293500000
AUDJPY,20231110,1300,96.303,96.326,96.238,96.306,5851320000
AUDJPY,20231110,1400,96.308,96.327,96.162,96.182,7740690000
AUDJPY,20231110,1500,96.179,96.213,96.032,96.173,13702520000
AUDJPY,20231110,1600,96.172,96.270,96.163,96.236,7261740000
AUDJPY,20231110,1700,96.236,96.357,96.197,96.342,4618880000
AUDJPY,20231110,1800,96.342,96.392,96.279,96.354,2635890000
AUDJPY,20231110,1900,96.356,96.419,96.331,96.341,2478540000
AUDJPY,20231110,2000,96.340,96.408,96.331,96.381,2808320000
AUDJPY,20231110,2100,96.380,96.394,96.322,96.322,1638030000
AUDJPY,20231112,2200,96.207,96.386,96.162,96.300,3121760000
AUDJPY,20231112,2300,96.299,96.455,96.297,96.392,2166070000
AUDJPY,20231113,0000,96.391,96.436,96.285,96.357,4014240000
AUDJPY,20231113,0100,96.355,96.468,96.350,96.412,3604800000
AUDJPY,20231113,0200,96.413,96.486,96.391,96.432,3752200000
AUDJPY,20231113,0300,96.432,96.470,96.367,96.462,2181560000
AUDJPY,20231113,0400,96.464,96.525,96.454,96.497,1999640000
AUDJPY,20231113,0500,96.496,96.608,96.496,96.580,2288430000
AUDJPY,20231113,0600,96.579,96.640,96.567,96.588,3028550000
AUDJPY,20231113,0700,96.589,96.719,96.564,96.702,4028060000
AUDJPY,20231113,0800,96.700,96.742,96.640,96.736,4948330000
AUDJPY,20231113,0900,96.738,96.857,96.738,96.764,4293550000
AUDJPY,20231113,1000,96.763,96.782,96.713,96.768,2467530000
AUDJPY,20231113,1100,96.771,96.777,96.697,96.721,2258910000
AUDJPY,20231113,1200,96.722,96.759,96.638,96.748,3076010000
AUDJPY,20231113,1300,96.746,96.754,96.639,96.664,5250820000
AUDJPY,20231113,1400,96.664,96.715,96.611,96.667,6111370000
AUDJPY,20231113,1500,96.663,96.741,96.408,96.740,12731210000
AUDJPY,20231113,1600,96.740,96.799,96.695,96.792,4937890000
AUDJPY,20231113,1700,96.791,96.853,96.768,96.797,2792460000
AUDJPY,20231113,1800,96.796,96.835,96.751,96.788,2466850000
AUDJPY,20231113,1900,96.788,96.797,96.717,96.727,1702250000
AUDJPY,20231113,2000,96.728,96.752,96.699,96.730,1826690000
AUDJPY,20231113,2100,96.729,96.752,96.720,96.731,1073930000
AUDJPY,20231113,2200,96.730,96.730,96.634,96.670,1953540000
AUDJPY,20231113,2300,96.670,96.760,96.648,96.741,2021150000
AUDJPY,20231114,0000,96.736,96.843,96.722,96.775,3326550000
AUDJPY,20231114,0100,96.778,96.853,96.768,96.772,4115720000
AUDJPY,20231114,0200,96.772,96.799,96.703,96.727,3852680000
AUDJPY,20231114,0300,96.727,96.729,96.601,96.662,3646000000
AUDJPY,20231114,0400,96.659,96.700,96.624,96.635,1856910000
AUDJPY,20231114,0500,96.635,96.656,96.545,96.580,2764200000
AUDJPY,20231114,0600,96.579,96.636,96.569,96.608,3269250000
AUDJPY,20231114,0700,96.608,96.637,96.526,96.600,3592590000
AUDJPY,20231114,0800,96.600,96.617,96.474,96.539,4743950000
AUDJPY,20231114,0900,96.538,96.741,96.527,96.732,4820970000
AUDJPY,20231114,1000,96.737,96.771,96.659,96.689,3751180000
AUDJPY,20231114,1100,96.690,96.708,96.589,96.632,2415000000
AUDJPY,20231114,1200,96.634,96.657,96.593,96.631,2859380000
AUDJPY,20231114,1300,96.628,97.312,96.544,97.270,19510410000
AUDJPY,20231114,1400,97.267,97.703,97.249,97.617,21594930000
AUDJPY,20231114,1500,97.618,97.805,97.564,97.724,11997280000
AUDJPY,20231114,1600,97.721,97.939,97.694,97.842,9086110000
AUDJPY,20231114,1700,97.840,97.874,97.763,97.813,6666110000
AUDJPY,20231114,1800,97.814,97.867,97.775,97.831,4221610000
AUDJPY,20231114,1900,97.829,97.860,97.780,97.853,2931590000
AUDJPY,20231114,2000,97.851,97.859,97.762,97.773,3961530000
AUDJPY,20231114,2100,97.774,97.879,97.759,97.831,2013430000
AUDJPY,20231114,2200,97.812,97.830,97.705,97.795,4740750000
AUDJPY,20231114,2300,97.797,97.869,97.745,97.785,3684420000
AUDJPY,20231115,0000,97.785,97.853,97.718,97.767,6506720000
AUDJPY,20231115,0100,97.768,97.805,97.642,97.737,6130610000
AUDJPY,20231115,0200,97.746,97.975,97.726,97.968,5478530000
AUDJPY,20231115,0300,97.966,97.971,97.828,97.921,3745840000
AUDJPY,20231115,0400,97.921,97.933,97.819,97.856,2837700000
AUDJPY,20231115,0500,97.856,97.991,97.846,97.951,3810770000
AUDJPY,20231115,0600,97.952,98.022,97.933,97.977,3635630000
AUDJPY,20231115,0700,97.983,98.105,97.858,98.074,8386830000
AUDJPY,20231115,0800,98.077,98.137,97.948,97.975,9302260000
AUDJPY,20231115,0900,97.976,97.985,97.782,97.857,7136610000
AUDJPY,20231115,1000,97.858,98.065,97.826,98.042,6088420000
AUDJPY,20231115,1100,98.044,98.156,98.005,98.117,4886490000
AUDJPY,20231115,1200,98.116,98.159,98.051,98.151,4441590000
AUDJPY,20231115,1300,98.151,98.262,97.960,98.139,15697740000
AUDJPY,20231115,1400,98.139,98.289,98.025,98.089,15037550000
AUDJPY,20231115,1500,98.086,98.497,98.080,98.481,11774330000
AUDJPY,20231115,1600,98.481,98.553,98.393,98.457,7819510000
AUDJPY,20231115,1700,98.457,98.584,98.430,98.533,5205180000
AUDJPY,20231115,1800,98.533,98.545,98.463,98.542,4279350000
AUDJPY,20231115,1900,98.543,98.562,98.478,98.547,3242870000
AUDJPY,20231115,2000,98.547,98.550,98.469,98.521,4483870000
AUDJPY,20231115,2100,98.520,98.538,98.476,98.477,2573760000
AUDJPY,20231115,2200,98.476,98.478,98.345,98.437,3272370000
AUDJPY,20231115,2300,98.436,98.517,98.423,98.456,2139560000
AUDJPY,20231116,0000,98.456,98.571,98.241,98.251,5016890000
AUDJPY,20231116,0100,98.253,98.275,97.917,97.996,6128620000
AUDJPY,20231116,0200,97.997,98.003,97.751,97.826,6054800000
AUDJPY,20231116,0300,97.824,97.919,97.792,97.813,3024920000
AUDJPY,20231116,0400,97.813,97.929,97.792,97.859,2621050000
AUDJPY,20231116,0500,97.860,97.997,97.815,97.975,2961110000
AUDJPY,20231116,0600,97.977,98.102,97.977,98.079,3111240000
AUDJPY,20231116,0700,98.078,98.140,97.977,98.093,5596220000
AUDJPY,20231116,0800,98.092,98.303,98.039,98.303,7509500000
AUDJPY,20231116,0900,98.303,98.321,98.221,98.278,5728270000
AUDJPY,20231116,1000,98.277,98.305,98.111,98.144,3767320000
AUDJPY,20231116,1100,98.144,98.222,98.125,98.153,3249790000
AUDJPY,20231116,1200,98.154,98.158,97.943,97.988,5005040000
AUDJPY,20231116,1300,97.990,98.086,97.868,98.031,12670140000
AUDJPY,20231116,1400,98.030,98.036,97.744,97.766,16271010000
AUDJPY,20231116,1500,97.767,97.770,97.442,97.527,15530220000
AUDJPY,20231116,1600,97.525,97.548,97.241,97.318,9884420000
AUDJPY,20231116,1700,97.318,97.515,97.302,97.446,4507240000
AUDJPY,20231116,1800,97.444,97.506,97.402,97.494,4050710000
AUDJPY,20231116,1900,97.494,97.516,97.432,97.466,2870390000
AUDJPY,20231116,2000,97.467,97.477,97.385,97.462,2695940000
AUDJPY,20231116,2100,97.461,97.565,97.450,97.466,2122580000
AUDJPY,20231116,2200,97.396,97.532,97.285,97.499,3897390000
AUDJPY,20231116,2300,97.508,97.540,97.468,97.490,1822040000
AUDJPY,20231117,0000,97.490,97.511,97.369,97.376,3791040000
AUDJPY,20231117,0100,97.373,97.429,97.316,97.342,5588730000
AUDJPY,20231117,0200,97.342,97.378,97.190,97.255,4453740000
AUDJPY,20231117,0300,97.254,97.394,97.240,97.347,2418960000
AUDJPY,20231117,0400,97.346,97.397,97.318,97.382,1801060000
AUDJPY,20231117,0500,97.386,97.446,97.314,97.442,3376170000
AUDJPY,20231117,0600,97.442,97.508,97.416,97.470,3147810000
AUDJPY,20231117,0700,97.468,97.469,97.234,97.326,5856820000
AUDJPY,20231117,0800,97.326,97.329,97.005,97.032,10619030000
AUDJPY,20231117,0900,97.029,97.084,96.926,97.055,10204900000
AUDJPY,20231117,1000,97.054,97.243,97.009,97.203,9546070000
AUDJPY,20231117,1100,97.203,97.203,97.109,97.176,7253330000
AUDJPY,20231117,1200,97.180,97.190,97.076,97.099,7374010000
AUDJPY,20231117,1300,97.099,97.274,97.088,97.245,12086580000
AUDJPY,20231117,1400,97.242,97.314,97.110,97.123,13729130000
AUDJPY,20231117,1500,97.122,97.291,97.112,97.245,11476020000
AUDJPY,20231117,1600,97.246,97.299,97.204,97.286,8931950000
AUDJPY,20231117,1700,97.286,97.373,97.273,97.360,4472000000
AUDJPY,20231117,1800,97.359,97.455,97.356,97.424,3021740000
AUDJPY,20231117,1900,97.425,97.454,97.400,97.421,2770350000
AUDJPY,20231117,2000,97.424,97.504,97.397,97.502,3008060000
AUDJPY,20231117,2100,97.500,97.521,97.431,97.459,2513170000
AUDJPY,20231119,2200,97.257,97.512,97.199,97.413,3234860000
AUDJPY,20231119,2300,97.425,97.669,97.425,97.631,4593530000
AUDJPY,20231120,0000,97.632,97.643,97.462,97.516,6345250000
AUDJPY,20231120,0100,97.513,97.604,97.451,97.489,9121480000
AUDJPY,20231120,0200,97.488,97.570,97.391,97.501,9844720000
AUDJPY,20231120,0300,97.503,97.555,97.430,97.516,8363270000
AUDJPY,20231120,0400,97.517,97.631,97.510,97.554,7148050000
AUDJPY,20231120,0500,97.553,97.638,97.532,97.586,5405180000
AUDJPY,20231120,0600,97.586,97.716,97.583,97.652,5186540000
AUDJPY,20231120,0700,97.649,97.726,97.565,97.569,7858290000
AUDJPY,20231120,0800,97.574,97.684,97.355,97.355,10311110000
AUDJPY,20231120,0900,97.355,97.401,97.191,97.259,11501920000
AUDJPY,20231120,1000,97.257,97.303,97.200,97.218,5465930000
AUDJPY,20231120,1100,97.220,97.234,97.017,97.123,6201160000
AUDJPY,20231120,1200,97.120,97.216,97.115,97.211,5816970000
AUDJPY,20231120,1300,97.210,97.303,97.193,97.254,8876610000
AUDJPY,20231120,1400,97.256,97.292,97.057,97.129,10942190000
AUDJPY,20231120,1500,97.130,97.173,97.069,97.120,8084840000
AUDJPY,20231120,1600,97.120,97.247,97.083,97.202,5656590000
AUDJPY,20231120,1700,97.202,97.258,97.120,97.155,4362520000
AUDJPY,20231120,1800,97.156,97.304,97.146,97.300,5885250000
AUDJPY,20231120,1900,97.302,97.332,97.241,97.327,3268260000
AUDJPY,20231120,2000,97.327,97.376,97.308,97.331,2337760000
AUDJPY,20231120,2100,97.331,97.351,97.263,97.264,1943500000
AUDJPY,20231120,2200,97.256,97.282,97.150,97.274,3379150000
AUDJPY,20231120,2300,97.277,97.355,97.253,97.340,2232030000
AUDJPY,20231121,0000,97.338,97.421,97.221,97.233,5202270000
AUDJPY,20231121,0100,97.236,97.354,97.176,97.230,11940800000
AUDJPY,20231121,0200,97.231,97.265,97.067,97.174,9129790000
AUDJPY,20231121,0300,97.174,97.202,97.006,97.031,8299830000
AUDJPY,20231121,0400,97.031,97.113,96.936,96.970,5576900000
AUDJPY,20231121,0500,96.968,97.111,96.967,97.081,6099140000
AUDJPY,20231121,0600,97.084,97.089,96.930,96.965,4465870000
AUDJPY,20231121,0700,96.965,97.003,96.827,96.955,9382410000
AUDJPY,20231121,0800,96.953,97.041,96.842,96.922,10397000000
AUDJPY,20231121,0900,96.920,97.039,96.889,96.919,9090540000
AUDJPY,20231121,1000,96.919,97.034,96.897,96.961,5826680000
AUDJPY,20231121,1100,96.963,97.080,96.953,97.023,4010280000
AUDJPY,20231121,1200,97.023,97.106,96.998,97.026,5640690000
AUDJPY,20231121,1300,97.028,97.112,96.963,96.978,10109630000
AUDJPY,20231121,1400,96.979,97.172,96.979,97.148,10559100000
AUDJPY,20231121,1500,97.149,97.171,96.875,96.982,12066240000
AUDJPY,20231121,1600,96.983,97.132,96.967,97.104,7886020000
AUDJPY,20231121,1700,97.105,97.139,97.049,97.079,4421070000
AUDJPY,20231121,1800,97.079,97.222,97.001,97.175,5654800000
AUDJPY,20231121,1900,97.175,97.306,97.159,97.257,6661580000
AUDJPY,20231121,2000,97.259,97.306,97.222,97.290,2927830000
AUDJPY,20231121,2100,97.286,97.302,97.253,97.261,1793230000
AUDJPY,20231121,2200,97.260,97.289,97.122,97.126,1893150000
AUDJPY,20231121,2300,97.123,97.209,97.083,97.156,3195730000
AUDJPY,20231122,0000,97.155,97.273,97.099,97.255,5078910000
AUDJPY,20231122,0100,97.256,97.316,97.186,97.204,10526190000
AUDJPY,20231122,0200,97.202,97.253,97.135,97.201,5697760000
AUDJPY,20231122,0300,97.205,97.226,97.080,97.141,2949860000
AUDJPY,20231122,0400,97.141,97.276,97.131,97.261,2398430000
AUDJPY,20231122,0500,97.262,97.349,97.238,97.312,4909100000
AUDJPY,20231122,0600,97.312,97.360,97.251,97.323,6821360000
AUDJPY,20231122,0700,97.321,97.430,97.293,97.405,7364830000
AUDJPY,20231122,0800,97.406,97.651,97.367,97.637,9343170000
AUDJPY,20231122,0900,97.635,97.764,97.635,97.728,7812140000
AUDJPY,20231122,1000,97.729,97.811,97.689,97.701,6294510000
AUDJPY,20231122,1100,97.701,97.720,97.613,97.651,6176930000
AUDJPY,20231122,1200,97.652,97.717,97.555,97.618,8159710000
AUDJPY,20231122,1300,97.618,97.795,97.557,97.793,14134840000
AUDJPY,20231122,1400,97.797,97.817,97.571,97.618,15481220000
AUDJPY,20231122,1500,97.611,97.819,97.556,97.795,16817060000
AUDJPY,20231122,1600,97.795,97.845,97.766,97.809,8800190000
AUDJPY,20231122,1700,97.808,97.875,97.787,97.850,5391900000
AUDJPY,20231122,1800,97.852,97.914,97.842,97.904,4313340000
AUDJPY,20231122,1900,97.904,97.927,97.812,97.837,3158770000
AUDJPY,20231122,2000,97.836,97.859,97.822,97.854,2815400000
AUDJPY,20231122,2100,97.853,97.895,97.826,97.826,1675910000
AUDJPY,20231122,2200,97.771,97.819,97.733,97.782,2618160000
AUDJPY,20231122,2300,97.779,97.818,97.771,97.783,1717000000
AUDJPY,20231123,0000,97.778,97.789,97.715,97.738,2980520000
AUDJPY,20231123,0100,97.738,97.779,97.656,97.755,5396700000
AUDJPY,20231123,0200,97.754,97.792,97.713,97.738,5137480000
AUDJPY,20231123,0300,97.737,97.785,97.696,97.763,3153310000
AUDJPY,20231123,0400,97.763,97.771,97.700,97.750,1875750000
AUDJPY,20231123,0500,97.752,97.805,97.731,97.784,3136320000
AUDJPY,20231123,0600,97.788,97.869,97.784,97.846,4432100000
AUDJPY,20231123,0700,97.847,98.019,97.808,98.009,6016390000
AUDJPY,20231123,0800,98.009,98.048,97.903,97.915,7018670000
AUDJPY,20231123,0900,97.911,98.012,97.887,97.935,7069410000
AUDJPY,20231123,1000,97.935,97.950,97.902,97.948,3115020000
AUDJPY,20231123,1100,97.949,98.024,97.944,97.993,3551060000
AUDJPY,20231123,1200,97.991,98.005,97.912,97.965,5404330000
AUDJPY,20231123,1300,97.964,98.063,97.953,98.020,4370660000
AUDJPY,20231123,1400,98.022,98.108,98.011,98.106,3501600000
AUDJPY,20231123,1500,98.104,98.189,98.065,98.094,3627480000
AUDJPY,20231123,1600,98.092,98.192,98.076,98.169,2104120000
AUDJPY,20231123,1700,98.168,98.171,98.130,98.158,1352260000
AUDJPY,20231123,1800,98.156,98.156,98.093,98.102,303870000
AUDJPY,20231123,1900,98.102,98.128,98.094,98.115,537150000
AUDJPY,20231123,2000,98.114,98.116,98.082,98.098,2287030000
AUDJPY,20231123,2100,98.099,98.110,98.011,98.011,671810000
AUDJPY,20231123,2200,98.002,98.064,97.978,98.020,5094740000
AUDJPY,20231123,2300,98.022,98.163,98.022,98.161,2046190000
AUDJPY,20231124,0000,98.155,98.245,98.148,98.189,4407570000
AUDJPY,20231124,0100,98.189,98.234,98.117,98.135,5279030000
AUDJPY,20231124,0200,98.129,98.158,97.992,97.992,4297850000
AUDJPY,20231124,0300,97.992,98.082,97.954,98.035,2659760000
AUDJPY,20231124,0400,98.033,98.040,97.969,98.000,2091070000
AUDJPY,20231124,0500,97.999,98.054,97.958,98.042,3665680000
AUDJPY,20231124,0600,98.042,98.074,97.955,98.046,3650090000
AUDJPY,20231124,0700,98.048,98.062,97.977,98.028,3975350000
AUDJPY,20231124,0800,98.028,98.203,98.020,98.194,5257550000
AUDJPY,20231124,0900,98.193,98.253,98.159,98.202,4867060000
AUDJPY,20231124,1000,98.199,98.263,98.175,98.241,3598880000
AUDJPY,20231124,1100,98.244,98.296,98.229,98.284,3353480000
AUDJPY,20231124,1200,98.285,98.315,98.243,98.261,4593990000
AUDJPY,20231124,1300,98.261,98.296,98.182,98.277,5262820000
AUDJPY,20231124,1400,98.276,98.432,98.230,98.400,7948770000
AUDJPY,20231124,1500,98.399,98.533,98.395,98.464,6586400000
AUDJPY,20231124,1600,98.466,98.524,98.452,98.468,3044900000
AUDJPY,20231124,1700,98.467,98.540,98.451,98.528,2162190000
AUDJPY,20231124,1800,98.528,98.536,98.474,98.480,1752410000
AUDJPY,20231124,1900,98.481,98.504,98.464,98.503,1114880000
AUDJPY,20231124,2000,98.501,98.504,98.454,98.472,2262100000
AUDJPY,20231124,2100,98.470,98.475,98.307,98.333,4066230000
AUDJPY,20231126,2200,98.245,98.460,98.245,98.388,745110000
AUDJPY,20231126,2300,98.389,98.477,98.385,98.437,3230080000
AUDJPY,20231127,0000,98.435,98.465,98.318,98.335,4753840000
AUDJPY,20231127,0100,98.337,98.413,98.198,98.225,9311840000
AUDJPY,20231127,0200,98.225,98.232,98.076,98.093,6311700000
AUDJPY,20231127,0300,98.093,98.111,97.842,97.919,4557330000
AUDJPY,20231127,0400,97.918,97.961,97.809,97.952,4195200000
AUDJPY,20231127,0500,97.952,98.077,97.938,98.058,4162110000
AUDJPY,20231127,0600,98.060,98.101,98.007,98.092,4436930000
AUDJPY,20231127,0700,98.092,98.159,98.072,98.136,7065870000
AUDJPY,20231127,0800,98.137,98.393,98.127,98.371,7300990000
AUDJPY,20231127,0900,98.372,98.494,98.268,98.478,5239660000
AUDJPY,20231127,1000,98.482,98.485,98.348,98.387,5562430000
AUDJPY,20231127,1100,98.387,98.444,98.367,98.406,4810980000
AUDJPY,20231127,1200,98.404,98.413,98.287,98.318,5839240000
AUDJPY,20231127,1300,98.316,98.337,98.215,98.227,9330390000
AUDJPY,20231127,1400,98.225,98.287,98.043,98.109,9701440000
AUDJPY,20231127,1500,98.108,98.278,98.070,98.271,12578260000
AUDJPY,20231127,1600,98.271,98.293,98.184,98.209,7773340000
AUDJPY,20231127,1700,98.208,98.217,98.139,98.212,4028460000
AUDJPY,20231127,1800,98.212,98.283,98.156,98.255,4293910000
AUDJPY,20231127,1900,98.255,98.272,98.174,98.197,3678190000
AUDJPY,20231127,2000,98.197,98.209,98.154,98.189,3337440000
AUDJPY,20231127,2100,98.188,98.235,98.173,98.212,1647360000
AUDJPY,20231127,2200,98.211,98.211,98.110,98.151,2470980000
AUDJPY,20231127,2300,98.148,98.184,98.065,98.153,3112550000
AUDJPY,20231128,0000,98.155,98.161,97.881,97.972,6106930000
AUDJPY,20231128,0100,97.968,98.138,97.951,98.089,8968100000
AUDJPY,20231128,0200,98.087,98.180,98.077,98.082,5997080000
AUDJPY,20231128,0300,98.083,98.152,98.026,98.097,4329330000
AUDJPY,20231128,0400,98.097,98.144,98.045,98.132,2634480000
AUDJPY,20231128,0500,98.132,98.211,98.058,98.074,3895430000
AUDJPY,20231128,0600,98.076,98.214,98.052,98.194,4833950000
AUDJPY,20231128,0700,98.192,98.208,98.070,98.131,7196250000
AUDJPY,20231128,0800,98.133,98.231,98.110,98.203,8225430000
AUDJPY,20231128,0900,98.202,98.300,98.161,98.262,5428410000
AUDJPY,20231128,1000,98.261,98.352,98.261,98.300,4618320000
AUDJPY,20231128,1100,98.300,98.378,98.252,98.276,3203640000
AUDJPY,20231128,1200,98.276,98.277,98.146,98.158,5798160000
AUDJPY,20231128,1300,98.159,98.254,98.142,98.227,10569810000
AUDJPY,20231128,1400,98.228,98.304,98.182,98.216,16225320000
AUDJPY,20231128,1500,98.217,98.276,98.143,98.210,20337290000
AUDJPY,20231128,1600,98.209,98.255,98.149,98.228,14048180000
AUDJPY,20231128,1700,98.229,98.242,98.064,98.086,7935920000
AUDJPY,20231128,1800,98.085,98.087,97.950,97.997,6660610000
AUDJPY,20231128,1900,97.997,98.089,97.995,98.069,4776950000
AUDJPY,20231128,2000,98.068,98.071,97.937,98.000,3205310000
AUDJPY,20231128,2100,97.997,98.049,97.983,98.034,2029440000
AUDJPY,20231128,2200,98.030,98.048,97.943,97.987,2644050000
AUDJPY,20231128,2300,97.982,98.016,97.855,97.883,4719650000
AUDJPY,20231129,0000,97.877,97.961,97.633,97.712,9181090000
AUDJPY,20231129,0100,97.712,97.970,97.685,97.794,12196160000
AUDJPY,20231129,0200,97.794,97.914,97.738,97.878,7002180000
AUDJPY,20231129,0300,97.879,97.958,97.775,97.933,5942360000
AUDJPY,20231129,0400,97.932,97.932,97.782,97.808,5055630000
AUDJPY,20231129,0500,97.810,97.820,97.639,97.765,5764460000
AUDJPY,20231129,0600,97.765,97.783,97.639,97.701,8016590000
AUDJPY,20231129,0700,97.701,97.701,97.581,97.658,7970780000
AUDJPY,20231129,0800,97.657,97.850,97.587,97.781,8861390000
AUDJPY,20231129,0900,97.780,97.791,97.678,97.780,8158650000
AUDJPY,20231129,1000,97.780,97.900,97.735,97.848,7206600000
AUDJPY,20231129,1100,97.848,97.853,97.668,97.748,5914670000
AUDJPY,20231129,1200,97.751,97.876,97.729,97.798,5998820000
AUDJPY,20231129,1300,97.802,97.803,97.616,97.722,19030860000
AUDJPY,20231129,1400,97.722,97.769,97.600,97.610,15229050000
AUDJPY,20231129,1500,97.609,97.678,97.525,97.585,16318140000
AUDJPY,20231129,1600,97.585,97.615,97.339,97.526,9111870000
AUDJPY,20231129,1700,97.527,97.544,97.481,97.502,5828920000
AUDJPY,20231129,1800,97.500,97.557,97.450,97.540,4296060000
AUDJPY,20231129,1900,97.537,97.595,97.448,97.510,4621070000
AUDJPY,20231129,2000,97.510,97.522,97.396,97.421,4093030000
AUDJPY,20231129,2100,97.415,97.463,97.407,97.415,2491010000
AUDJPY,20231129,2200,97.416,97.416,97.295,97.313,3678250000
AUDJPY,20231129,2300,97.308,97.361,97.233,97.309,3881150000
AUDJPY,20231130,0000,97.309,97.442,97.252,97.387,6269330000
AUDJPY,20231130,0100,97.386,97.464,97.276,97.342,8937790000
AUDJPY,20231130,0200,97.341,97.593,97.336,97.588,6878390000
AUDJPY,20231130,0300,97.590,97.634,97.536,97.620,3686700000
AUDJPY,20231130,0400,97.626,97.775,97.621,97.738,3232960000
AUDJPY,20231130,0500,97.738,97.746,97.575,97.612,4469170000
AUDJPY,20231130,0600,97.611,97.768,97.608,97.696,5267840000
AUDJPY,20231130,0700,97.696,97.709,97.522,97.577,8754320000
AUDJPY,20231130,0800,97.578,97.616,97.297,97.435,9186450000
AUDJPY,20231130,0900,97.433,97.545,97.383,97.486,10628020000
AUDJPY,20231130,1000,97.487,97.556,97.402,97.415,7858670000
AUDJPY,20231130,1100,97.415,97.512,97.413,97.473,6321090000
AUDJPY,20231130,1200,97.473,97.519,97.423,97.424,7138200000
AUDJPY,20231130,1300,97.425,97.542,97.374,97.469,17379120000
AUDJPY,20231130,1400,97.469,97.779,97.456,97.759,22042120000
AUDJPY,20231130,1500,97.756,98.099,97.749,98.020,23009570000
AUDJPY,20231130,1600,98.021,98.021,97.780,97.782,16293210000
AUDJPY,20231130,1700,97.783,97.897,97.681,97.889,7161360000
AUDJPY,20231130,1800,97.890,97.935,97.846,97.888,4782770000
AUDJPY,20231130,1900,97.887,97.953,97.875,97.946,4438750000
AUDJPY,20231130,2000,97.946,97.977,97.860,97.942,4990680000
AUDJPY,20231130,2100,97.942,97.956,97.858,97.860,2482090000
AUDJPY,20231130,2200,97.860,97.881,97.795,97.862,2005640000
AUDJPY,20231130,2300,97.866,97.883,97.754,97.776,3706500000
AUDJPY,20231201,0000,97.774,97.833,97.717,97.734,5551270000
AUDJPY,20231201,0100,97.735,97.893,97.691,97.883,9364110000
AUDJPY,20231201,0200,97.883,97.953,97.864,97.891,5487250000
AUDJPY,20231201,0300,97.891,97.897,97.763,97.818,5282160000
AUDJPY,20231201,0400,97.818,97.904,97.785,97.881,3069090000
AUDJPY,20231201,0500,97.879,97.915,97.814,97.907,4744310000
AUDJPY,20231201,0600,97.905,97.940,97.839,97.866,4152340000
AUDJPY,20231201,0700,97.866,97.934,97.784,97.926,6105880000
AUDJPY,20231201,0800,97.927,98.030,97.878,97.919,9415200000
AUDJPY,20231201,0900,97.919,98.053,97.900,98.042,7740410000
AUDJPY,20231201,1000,98.041,98.046,97.937,97.964,5388950000
AUDJPY,20231201,1100,97.964,98.036,97.929,98.029,4912380000
AUDJPY,20231201,1200,98.031,98.068,97.967,98.007,5193390000
AUDJPY,20231201,1300,98.007,98.027,97.936,97.964,10545890000
AUDJPY,20231201,1400,97.963,98.061,97.950,97.966,10612120000
AUDJPY,20231201,1500,97.966,98.057,97.808,97.987,20890080000
AUDJPY,20231201,1600,97.986,98.057,97.820,97.888,22520910000
AUDJPY,20231201,1700,97.889,98.006,97.870,97.970,10883070000
AUDJPY,20231201,1800,97.971,97.997,97.842,97.887,9288840000
AUDJPY,20231201,1900,97.887,97.967,97.881,97.962,6118580000
AUDJPY,20231201,2000,97.962,98.035,97.952,98.016,4175280000
AUDJPY,20231201,2100,98.012,98.021,97.897,97.924,3303530000
AUDJPY,20231203,2200,97.763,97.936,97.763,97.803,1921390000
AUDJPY,20231203,2300,97.815,97.945,97.692,97.802,10886400000
AUDJPY,20231204,0000,97.802,97.873,97.748,97.842,12192030000
AUDJPY,20231204,0100,97.843,97.909,97.816,97.901,11435550000
AUDJPY,20231204,0200,97.900,97.904,97.751,97.804,7389060000
AUDJPY,20231204,0300,97.805,97.837,97.668,97.677,5349340000
AUDJPY,20231204,0400,97.677,97.720,97.648,97.712,4384410000
AUDJPY,20231204,0500,97.713,97.766,97.678,97.730,4859560000
AUDJPY,20231204,0600,97.731,97.768,97.557,97.583,6411260000
AUDJPY,20231204,0700,97.582,97.623,97.494,97.575,9493470000
AUDJPY,20231204,0800,97.576,97.661,97.513,97.559,9800810000
AUDJPY,20231204,0900,97.560,97.588,97.454,97.531,8414490000
AUDJPY,20231204,1000,97.526,97.545,97.399,97.490,6562740000
AUDJPY,20231204,1100,97.491,97.546,97.462,97.473,5911820000
AUDJPY,20231204,1200,97.476,97.544,97.450,97.531,6177330000
AUDJPY,20231204,1300,97.529,97.563,97.443,97.457,10572100000
AUDJPY,20231204,1400,97.456,97.494,97.334,97.356,16891390000
AUDJPY,20231204,1500,97.355,97.362,97.195,97.319,19550120000
AUDJPY,20231204,1600,97.319,97.410,97.276,97.398,11159650000
AUDJPY,20231204,1700,97.398,97.490,97.374,97.486,6053420000
AUDJPY,20231204,1800,97.488,97.489,97.350,97.366,4492620000
AUDJPY,20231204,1900,97.365,97.476,97.360,97.462,4027800000
AUDJPY,20231204,2000,97.466,97.494,97.443,97.469,3815120000
AUDJPY,20231204,2100,97.468,97.473,97.412,97.433,1717100000
AUDJPY,20231204,2200,97.430,97.430,97.290,97.395,3090460000
AUDJPY,20231204,2300,97.395,97.495,97.328,97.471,3738170000
AUDJPY,20231205,0000,97.470,97.513,97.270,97.292,8636990000
AUDJPY,20231205,0100,97.292,97.401,97.261,97.295,9346380000
AUDJPY,20231205,0200,97.294,97.299,97.122,97.158,5562800000
AUDJPY,20231205,0300,97.157,97.235,96.721,96.773,7042410000
AUDJPY,20231205,0400,96.769,96.864,96.733,96.854,4892370000
AUDJPY,20231205,0500,96.854,96.868,96.769,96.789,4154380000
AUDJPY,20231205,0600,96.788,96.803,96.531,96.702,5690950000
AUDJPY,20231205,0700,96.702,96.712,96.465,96.495,10666310000
AUDJPY,20231205,0800,96.494,96.703,96.489,96.692,12017030000
AUDJPY,20231205,0900,96.694,96.805,96.657,96.713,9194110000
AUDJPY,20231205,1000,96.713,96.773,96.679,96.686,6230550000
AUDJPY,20231205,1100,96.687,96.699,96.429,96.466,6299530000
AUDJPY,20231205,1200,96.466,96.537,96.436,96.486,6575930000
AUDJPY,20231205,1300,96.486,96.510,96.263,96.286,9887560000
AUDJPY,20231205,1400,96.286,96.466,96.285,96.386,14347540000
AUDJPY,20231205,1500,96.386,96.549,96.310,96.542,24436670000
AUDJPY,20231205,1600,96.541,96.553,96.398,96.446,13148390000
AUDJPY,20231205,1700,96.446,96.530,96.415,96.477,8537540000
AUDJPY,20231205,1800,96.477,96.601,96.459,96.531,5165390000
AUDJPY,20231205,1900,96.532,96.555,96.460,96.466,3851800000
AUDJPY,20231205,2000,96.466,96.529,96.448,96.460,3768620000
AUDJPY,20231205,2100,96.462,96.466,96.393,96.393,2175960000
AUDJPY,20231205,2200,96.393,96.445,96.283,96.387,3026530000
AUDJPY,20231205,2300,96.388,96.475,96.359,96.471,2226070000
AUDJPY,20231206,0000,96.467,96.782,96.466,96.773,7212820000
AUDJPY,20231206,0100,96.772,97.024,96.719,97.007,9394060000
AUDJPY,20231206,0200,97.009,97.071,96.950,97.056,6450060000
AUDJPY,20231206,0300,97.058,97.152,97.011,97.114,3990280000
AUDJPY,20231206,0400,97.112,97.172,96.923,96.924,2744280000
AUDJPY,20231206,0500,96.924,97.028,96.834,96.964,4392160000
AUDJPY,20231206,0600,96.963,96.963,96.860,96.913,4463380000
AUDJPY,20231206,0700,96.915,96.930,96.810,96.882,8378380000
AUDJPY,20231206,0800,96.881,96.899,96.761,96.822,10196750000
AUDJPY,20231206,0900,96.821,96.863,96.764,96.840,7180320000
AUDJPY,20231206,1000,96.841,96.900,96.787,96.866,5882530000
AUDJPY,20231206,1100,96.866,96.916,96.787,96.893,5048080000
AUDJPY,20231206,1200,96.896,96.919,96.814,96.827,5094110000
AUDJPY,20231206,1300,96.826,96.900,96.720,96.864,13949390000
AUDJPY,20231206,1400,96.866,97.003,96.847,96.911,12574190000
AUDJPY,20231206,1500,96.910,97.006,96.814,96.867,13150890000
AUDJPY,20231206,1600,96.867,96.887,96.641,96.647,8283300000
AUDJPY,20231206,1700,96.647,96.648,96.551,96.584,5954180000
AUDJPY,20231206,1800,96.585,96.684,96.560,96.672,4599650000
AUDJPY,20231206,1900,96.673,96.688,96.547,96.566,3389450000
AUDJPY,20231206,2000,96.566,96.581,96.495,96.529,3705550000
AUDJPY,20231206,2100,96.527,96.541,96.450,96.453,1957460000
AUDJPY,20231206,2200,96.446,96.465,96.346,96.405,4844160000
AUDJPY,20231206,2300,96.397,96.492,96.381,96.421,2709060000
AUDJPY,20231207,0000,96.420,96.480,96.331,96.390,6231340000
AUDJPY,20231207,0100,96.391,96.418,96.149,96.218,8079180000
AUDJPY,20231207,0200,96.217,96.231,95.916,95.956,8747630000
AUDJPY,20231207,0300,95.957,96.026,95.791,95.869,6402310000
AUDJPY,20231207,0400,95.871,95.949,95.775,95.782,3877320000
AUDJPY,20231207,0500,95.781,95.935,95.741,95.757,6138500000
AUDJPY,20231207,0600,95.755,95.840,95.691,95.761,8213880000
AUDJPY,20231207,0700,95.759,95.759,95.504,95.589,11197290000
AUDJPY,20231207,0800,95.589,95.594,95.104,95.341,14920060000
AUDJPY,20231207,0900,95.340,95.377,95.160,95.187,15029550000
AUDJPY,20231207,1000,95.186,95.250,94.969,95.111,11532150000
AUDJPY,20231207,1100,95.110,95.330,95.103,95.212,8998490000
AUDJPY,20231207,1200,95.212,95.263,95.172,95.199,6626070000
AUDJPY,20231207,1300,95.195,95.459,95.175,95.350,16903310000
AUDJPY,20231207,1400,95.353,95.359,94.939,95.015,20629450000
AUDJPY,20231207,1500,95.016,95.169,94.817,94.922,17763920000
AUDJPY,20231207,1600,94.923,95.118,94.872,95.103,13804070000
AUDJPY,20231207,1700,95.103,95.149,93.691,94.681,15677460000
AUDJPY,20231207,1800,94.689,94.930,94.545,94.776,12195480000
AUDJPY,20231207,1900,94.776,94.820,94.701,94.735,6091250000
AUDJPY,20231207,2000,94.733,94.925,94.707,94.909,3782610000
AUDJPY,20231207,2100,94.909,95.179,94.900,95.126,4253480000
AUDJPY,20231207,2200,95.113,95.209,94.975,95.159,2542260000
AUDJPY,20231207,2300,95.159,95.178,94.879,95.108,7171560000
AUDJPY,20231208,0000,95.107,95.148,94.439,94.559,18164050000
AUDJPY,20231208,0100,94.561,94.884,94.163,94.695,20128550000
AUDJPY,20231208,0200,94.697,94.808,94.559,94.745,10758920000
AUDJPY,20231208,0300,94.742,95.227,94.742,95.045,10224270000
AUDJPY,20231208,0400,95.043,95.202,94.997,95.106,9610390000
AUDJPY,20231208,0500,95.110,95.261,95.011,95.185,8376260000
AUDJPY,20231208,0600,95.184,95.326,95.153,95.305,9277000000
AUDJPY,20231208,0700,95.303,95.373,95.145,95.234,13641360000
AUDJPY,20231208,0800,95.233,95.301,94.959,95.116,17218540000
AUDJPY,20231208,0900,95.119,95.366,95.099,95.321,15547750000
AUDJPY,20231208,1000,95.321,95.498,95.295,95.437,11414610000
AUDJPY,20231208,1100,95.438,95.595,95.395,95.411,8899820000
AUDJPY,20231208,1200,95.412,95.423,95.265,95.269,9618120000
AUDJPY,20231208,1300,95.266,95.417,94.953,94.975,25511130000
AUDJPY,20231208,1400,94.975,95.096,94.793,94.900,22984400000
AUDJPY,20231208,1500,94.903,95.176,94.854,95.174,21619660000
AUDJPY,20231208,1600,95.174,95.189,95.006,95.147,11171760000
AUDJPY,20231208,1700,95.147,95.241,95.040,95.217,9631000000
AUDJPY,20231208,1800,95.217,95.369,95.207,95.336,5335440000
AUDJPY,20231208,1900,95.335,95.390,95.296,95.385,3971930000
AUDJPY,20231208,2000,95.384,95.405,95.352,95.368,3049400000
AUDJPY,20231208,2100,95.372,95.401,95.303,95.327,2027800000
AUDJPY,20231210,2200,95.137,95.346,95.136,95.297,2788700000
AUDJPY,20231210,2300,95.321,95.427,95.305,95.394,5776290000
AUDJPY,20231211,0000,95.393,95.560,95.355,95.525,9438860000
AUDJPY,20231211,0100,95.523,95.603,95.314,95.361,10932990000
AUDJPY,20231211,0200,95.361,95.483,95.339,95.405,6582460000
AUDJPY,20231211,0300,95.405,95.409,95.314,95.403,3481430000
AUDJPY,20231211,0400,95.404,95.459,95.383,95.427,3198310000
AUDJPY,20231211,0500,95.427,95.487,95.364,95.477,3486130000
AUDJPY,20231211,0600,95.478,95.668,95.424,95.440,5594440000
AUDJPY,20231211,0700,95.440,95.992,95.384,95.947,11666860000
AUDJPY,20231211,0800,95.948,96.018,95.771,95.833,10985420000
AUDJPY,20231211,0900,95.835,95.963,95.727,95.857,7045700000
AUDJPY,20231211,1000,95.854,95.948,95.818,95.906,5229160000
AUDJPY,20231211,1100,95.910,95.959,95.869,95.946,5011550000
AUDJPY,20231211,1200,95.943,96.095,95.937,95.983,5888020000
AUDJPY,20231211,1300,95.984,96.065,95.913,95.993,8565960000
AUDJPY,20231211,1400,95.994,96.032,95.861,95.930,11811680000
AUDJPY,20231211,1500,95.934,96.145,95.913,96.102,11818910000
AUDJPY,20231211,1600,96.102,96.126,96.040,96.074,8154200000
AUDJPY,20231211,1700,96.072,96.085,95.987,96.037,5361670000
AUDJPY,20231211,1800,96.036,96.101,96.000,96.094,6941740000
AUDJPY,20231211,1900,96.093,96.099,95.952,95.963,3567720000
AUDJPY,20231211,2000,95.962,96.029,95.962,96.014,2992980000
AUDJPY,20231211,2100,96.014,96.035,95.967,95.967,1983280000
AUDJPY,20231211,2200,95.967,95.986,95.776,95.949,3424830000
AUDJPY,20231211,2300,95.949,95.967,95.873,95.875,2612780000
AUDJPY,20231212,0000,95.875,95.934,95.654,95.789,9233760000
AUDJPY,20231212,0100,95.788,95.911,95.716,95.836,8861380000
AUDJPY,20231212,0200,95.835,95.951,95.805,95.932,5344990000
AUDJPY,20231212,0300,95.933,96.013,95.887,95.926,4662520000
AUDJPY,20231212,0400,95.926,95.996,95.903,95.911,2632360000
AUDJPY,20231212,0500,95.912,95.992,95.868,95.892,5155740000
AUDJPY,20231212,0600,95.893,95.933,95.788,95.874,5061950000
AUDJPY,20231212,0700,95.881,95.949,95.798,95.897,7799530000
AUDJPY,20231212,0800,95.897,95.941,95.784,95.835,8732360000
AUDJPY,20231212,0900,95.833,95.887,95.755,95.852,6936120000
AUDJPY,20231212,1000,95.852,95.860,95.730,95.735,5214090000
AUDJPY,20231212,1100,95.738,95.760,95.590,95.658,4500730000
AUDJPY,20231212,1200,95.659,95.672,95.577,95.642,4774290000
AUDJPY,20231212,1300,95.644,95.775,95.526,95.533,21817590000
AUDJPY,20231212,1400,95.532,95.567,95.289,95.390,20730100000
AUDJPY,20231212,1500,95.390,95.539,95.360,95.538,10548380000
AUDJPY,20231212,1600,95.538,95.570,95.389,95.399,7963940000
AUDJPY,20231212,1700,95.400,95.484,95.386,95.406,5556630000
AUDJPY,20231212,1800,95.406,95.491,95.384,95.479,6387870000
AUDJPY,20231212,1900,95.480,95.512,95.439,95.443,3070640000
AUDJPY,20231212,2000,95.443,95.500,95.420,95.437,3881360000
AUDJPY,20231212,2100,95.436,95.459,95.383,95.383,2200530000
AUDJPY,20231212,2200,95.387,95.439,95.187,95.364,3744370000
AUDJPY,20231212,2300,95.366,95.419,95.312,95.378,3134150000
AUDJPY,20231213,0000,95.377,95.551,95.361,95.463,6300670000
AUDJPY,20231213,0100,95.463,95.477,95.385,95.431,7275730000
AUDJPY,20231213,0200,95.432,95.483,95.372,95.382,5403430000
AUDJPY,20231213,0300,95.385,95.446,95.358,95.420,3797530000
AUDJPY,20231213,0400,95.419,95.495,95.355,95.484,2992300000
AUDJPY,20231213,0500,95.486,95.524,95.380,95.453,3404930000
AUDJPY,20231213,0600,95.454,95.569,95.421,95.514,6086040000
AUDJPY,20231213,0700,95.512,95.605,95.475,95.539,7774820000
AUDJPY,20231213,0800,95.537,95.615,95.513,95.608,8064920000
AUDJPY,20231213,0900,95.610,95.620,95.518,95.590,6326310000
AUDJPY,20231213,1000,95.590,95.599,95.460,95.469,6161160000
AUDJPY,20231213,1100,95.468,95.505,95.411,95.477,4544260000
AUDJPY,20231213,1200,95.477,95.567,95.471,95.496,5451790000
AUDJPY,20231213,1300,95.497,95.538,95.430,95.490,11754850000
AUDJPY,20231213,1400,95.489,95.528,95.410,95.459,14111390000
AUDJPY,20231213,1500,95.458,95.609,95.430,95.557,10051890000
AUDJPY,20231213,1600,95.558,95.570,95.489,95.538,7077070000
AUDJPY,20231213,1700,95.539,95.545,95.446,95.466,4337770000
AUDJPY,20231213,1800,95.466,95.466,95.324,95.331,4957760000
AUDJPY,20231213,1900,95.331,95.660,95.276,95.402,35756610000
AUDJPY,20231213,2000,95.402,95.461,95.172,95.356,23161990000
AUDJPY,20231213,2100,95.355,95.451,95.133,95.144,7251960000
AUDJPY,20231213,2200,95.138,95.181,94.570,94.906,7253260000
AUDJPY,20231213,2300,94.905,95.209,94.817,95.172,9807080000
AUDJPY,20231214,0000,95.169,95.402,95.059,95.213,13746770000
AUDJPY,20231214,0100,95.215,95.431,95.192,95.421,13500670000
AUDJPY,20231214,0200,95.427,95.505,95.221,95.333,14617610000
AUDJPY,20231214,0300,95.331,95.346,94.814,94.944,15261320000
AUDJPY,20231214,0400,94.943,95.184,94.913,95.123,9029890000
AUDJPY,20231214,0500,95.125,95.208,94.965,94.993,9216780000
AUDJPY,20231214,0600,94.990,95.276,94.963,95.152,9254100000
AUDJPY,20231214,0700,95.149,95.352,95.063,95.284,13153050000
AUDJPY,20231214,0800,95.284,95.324,94.920,94.948,17608340000
AUDJPY,20231214,0900,94.947,95.012,94.838,94.935,14322260000
AUDJPY,20231214,1000,94.934,95.083,94.932,94.990,9959470000
AUDJPY,20231214,1100,94.989,94.998,94.853,94.927,8501460000
AUDJPY,20231214,1200,94.924,95.251,94.911,95.050,10868150000
AUDJPY,20231214,1300,95.050,95.165,94.963,95.125,23966970000
AUDJPY,20231214,1400,95.127,95.204,95.020,95.126,22414010000
AUDJPY,20231214,1500,95.125,95.160,94.911,94.913,18034660000
AUDJPY,20231214,1600,94.916,95.036,94.883,95.001,15958830000
AUDJPY,20231214,1700,95.003,95.182,95.000,95.037,9981980000
AUDJPY,20231214,1800,95.037,95.041,94.866,94.948,8121090000
AUDJPY,20231214,1900,94.949,95.083,94.947,95.051,8589090000
AUDJPY,20231214,2000,95.049,95.086,94.958,95.011,5506430000
AUDJPY,20231214,2100,95.009,95.080,94.950,95.007,3895860000
AUDJPY,20231214,2200,95.006,95.065,94.873,94.963,2991950000
AUDJPY,20231214,2300,94.995,95.373,94.972,95.349,6748010000
AUDJPY,20231215,0000,95.349,95.440,95.264,95.295,10252620000
AUDJPY,20231215,0100,95.295,95.388,95.244,95.339,9280030000
AUDJPY,20231215,0200,95.335,95.441,95.305,95.412,8308020000
AUDJPY,20231215,0300,95.413,95.422,95.231,95.313,6760810000
AUDJPY,20231215,0400,95.314,95.328,95.148,95.199,5722440000
AUDJPY,20231215,0500,95.199,95.205,95.022,95.023,5458940000
AUDJPY,20231215,0600,95.023,95.204,94.996,95.111,5946830000
AUDJPY,20231215,0700,95.113,95.288,95.105,95.265,9993970000
AUDJPY,20231215,0800,95.265,95.353,95.072,95.166,13446780000
AUDJPY,20231215,0900,95.165,95.305,95.117,95.289,10094290000
AUDJPY,20231215,1000,95.291,95.302,95.105,95.207,7548810000
AUDJPY,20231215,1100,95.207,95.284,95.179,95.210,6581410000
AUDJPY,20231215,1200,95.211,95.230,94.999,95.010,6827250000
AUDJPY,20231215,1300,95.010,95.096,94.900,94.945,19122210000
AUDJPY,20231215,1400,94.943,95.013,94.718,94.906,21450150000
AUDJPY,20231215,1500,94.908,95.276,94.801,95.256,16073830000
AUDJPY,20231215,1600,95.256,95.339,95.178,95.199,11470900000
AUDJPY,20231215,1700,95.197,95.338,95.197,95.298,7459530000
AUDJPY,20231215,1800,95.300,95.307,95.170,95.217,6799900000
AUDJPY,20231215,1900,95.216,95.354,95.119,95.349,6484570000
AUDJPY,20231215,2000,95.350,95.418,95.335,95.341,4239680000
AUDJPY,20231215,2100,95.340,95.382,95.167,95.250,3654580000
AUDJPY,20231217,2200,95.090,95.288,95.090,95.218,2190550000
AUDJPY,20231217,2300,95.221,95.346,95.221,95.339,4348990000
AUDJPY,20231218,0000,95.336,95.526,95.295,95.316,8246720000
AUDJPY,20231218,0100,95.317,95.408,95.276,95.300,7815050000
AUDJPY,20231218,0200,95.300,95.453,95.296,95.413,6709890000
AUDJPY,20231218,0300,95.416,95.515,95.390,95.492,5049760000
AUDJPY,20231218,0400,95.490,95.510,95.431,95.438,3750810000
AUDJPY,20231218,0500,95.441,95.491,95.363,95.456,4215780000
AUDJPY,20231218,0600,95.454,95.702,95.446,95.678,6004030000
AUDJPY,20231218,0700,95.678,95.730,95.581,95.698,6328540000
AUDJPY,20231218,0800,95.696,95.793,95.657,95.759,11209600000
AUDJPY,20231218,0900,95.758,95.905,95.730,95.889,7246210000
AUDJPY,20231218,1000,95.888,95.936,95.831,95.855,7355830000
AUDJPY,20231218,1100,95.854,96.006,95.819,95.988,6606930000
AUDJPY,20231218,1200,95.988,96.097,95.977,96.017,6955820000
AUDJPY,20231218,1300,96.017,96.140,96.015,96.064,11008600000
AUDJPY,20231218,1400,96.064,96.114,96.014,96.080,10462330000
AUDJPY,20231218,1500,96.082,96.092,95.754,95.792,12958190000
AUDJPY,20231218,1600,95.791,95.845,95.752,95.784,8896990000
AUDJPY,20231218,1700,95.784,95.800,95.667,95.795,5480530000
AUDJPY,20231218,1800,95.796,95.840,95.741,95.796,4620130000
AUDJPY,20231218,1900,95.796,95.803,95.695,95.752,3383030000
AUDJPY,20231218,2000,95.752,95.820,95.727,95.808,2758760000
AUDJPY,20231218,2100,95.807,95.840,95.717,95.717,2487490000
AUDJPY,20231218,2200,95.704,95.765,95.675,95.707,3032280000
AUDJPY,20231218,2300,95.701,95.760,95.608,95.659,3792190000
AUDJPY,20231219,0000,95.649,95.771,95.480,95.696,9396830000
AUDJPY,20231219,0100,95.697,95.708,95.531,95.673,9359500000
AUDJPY,20231219,0200,95.673,96.564,95.658,96.544,10988430000
AUDJPY,20231219,0300,96.544,96.615,96.312,96.421,11158500000
AUDJPY,20231219,0400,96.419,96.496,96.314,96.428,6402350000
AUDJPY,20231219,0500,96.426,96.519,96.325,96.393,5731980000
AUDJPY,20231219,0600,96.393,96.563,95.794,96.439,11595650000
AUDJPY,20231219,0700,96.434,96.855,96.429,96.767,15774940000
AUDJPY,20231219,0800,96.768,97.315,96.756,97.259,10688890000
AUDJPY,20231219,0900,97.260,97.327,97.185,97.291,8532480000
AUDJPY,20231219,1000,97.290,97.582,97.257,97.502,7794400000
AUDJPY,20231219,1100,97.504,97.556,97.387,97.484,6191170000
AUDJPY,20231219,1200,97.483,97.487,97.186,97.229,7226380000
AUDJPY,20231219,1300,97.231,97.390,97.127,97.287,12259630000
AUDJPY,20231219,1400,97.283,97.529,97.239,97.454,13738230000
AUDJPY,20231219,1500,97.454,97.455,97.249,97.252,14100810000
AUDJPY,20231219,1600,97.254,97.297,97.107,97.148,9334310000
AUDJPY,20231219,1700,97.147,97.256,97.119,97.248,4972100000
AUDJPY,20231219,1800,97.249,97.311,97.205,97.220,6465070000
AUDJPY,20231219,1900,97.218,97.281,97.176,97.278,3904250000
AUDJPY,20231219,2000,97.276,97.307,97.251,97.289,2819060000
AUDJPY,20231219,2100,97.288,97.316,97.252,97.258,1961730000
AUDJPY,20231219,2200,97.256,97.282,97.145,97.272,2482770000
AUDJPY,20231219,2300,97.275,97.326,97.216,97.267,2875310000
AUDJPY,20231220,0000,97.271,97.396,97.099,97.128,9084750000
AUDJPY,20231220,0100,97.128,97.363,97.016,97.298,10683260000
AUDJPY,20231220,0200,97.298,97.376,97.249,97.327,7302350000
AUDJPY,20231220,0300,97.326,97.372,97.239,97.268,6413700000
AUDJPY,20231220,0400,97.268,97.278,97.078,97.163,7310090000
AUDJPY,20231220,0500,97.163,97.286,97.126,97.197,9680120000
AUDJPY,20231220,0600,97.197,97.261,97.159,97.216,8370400000
AUDJPY,20231220,0700,97.217,97.223,97.025,97.138,15551520000
AUDJPY,20231220,0800,97.138,97.242,97.135,97.199,15488870000
AUDJPY,20231220,0900,97.199,97.211,96.984,97.038,9824270000
AUDJPY,20231220,1000,97.038,97.061,96.902,96.913,7178260000
AUDJPY,20231220,1100,96.911,97.081,96.902,97.073,7416750000
AUDJPY,20231220,1200,97.072,97.158,96.994,97.044,9282020000
AUDJPY,20231220,1300,97.046,97.129,97.003,97.050,10297640000
AUDJPY,20231220,1400,97.051,97.118,97.013,97.062,12397920000
AUDJPY,20231220,1500,97.062,97.324,97.048,97.290,15505620000
AUDJPY,20231220,1600,97.290,97.366,97.186,97.231,9855330000
AUDJPY,20231220,1700,97.231,97.376,97.218,97.363,6463310000
AUDJPY,20231220,1800,97.364,97.400,97.269,97.294,5486520000
AUDJPY,20231220,1900,97.292,97.292,97.007,97.021,6987780000
AUDJPY,20231220,2000,97.019,97.027,96.658,96.672,13767510000
AUDJPY,20231220,2100,96.671,96.710,96.602,96.602,4856290000
AUDJPY,20231220,2200,96.602,96.602,96.388,96.573,2358510000
AUDJPY,20231220,2300,96.576,96.722,96.546,96.720,6810370000
AUDJPY,20231221,0000,96.719,96.760,96.633,96.683,7368080000
AUDJPY,20231221,0100,96.683,96.725,96.377,96.479,7961890000
AUDJPY,20231221,0200,96.478,96.522,96.334,96.406,7217990000
AUDJPY,20231221,0300,96.405,96.527,96.371,96.441,4178630000
AUDJPY,20231221,0400,96.440,96.500,96.368,96.387,4702090000
AUDJPY,20231221,0500,96.384,96.561,96.358,96.505,3992360000
AUDJPY,20231221,0600,96.505,96.572,96.385,96.492,4593590000
AUDJPY,20231221,0700,96.492,96.623,96.459,96.608,6871950000
AUDJPY,20231221,0800,96.610,96.675,96.478,96.609,10468150000
AUDJPY,20231221,0900,96.609,96.650,96.488,96.544,7614480000
AUDJPY,20231221,1000,96.544,96.546,96.398,96.435,6260370000
AUDJPY,20231221,1100,96.436,96.486,96.325,96.415,8242330000
AUDJPY,20231221,1200,96.413,96.506,96.389,96.479,6686540000
AUDJPY,20231221,1300,96.484,96.644,96.344,96.382,19487110000
AUDJPY,20231221,1400,96.384,96.566,96.360,96.520,21689280000
AUDJPY,20231221,1500,96.519,96.581,96.361,96.449,19310410000
AUDJPY,20231221,1600,96.450,96.603,96.450,96.497,13903950000
AUDJPY,20231221,1700,96.496,96.526,96.407,96.443,10824750000
AUDJPY,20231221,1800,96.444,96.603,96.436,96.565,10291600000
AUDJPY,20231221,1900,96.565,96.692,96.562,96.687,7468960000
AUDJPY,20231221,2000,96.686,96.727,96.632,96.720,5960120000
AUDJPY,20231221,2100,96.720,96.765,96.627,96.633,2680360000
AUDJPY,20231221,2200,96.626,96.712,96.489,96.623,3774230000
AUDJPY,20231221,2300,96.626,96.649,96.498,96.521,5009200000
AUDJPY,20231222,0000,96.520,96.623,96.406,96.551,8502670000
AUDJPY,20231222,0100,96.551,96.691,96.550,96.635,9511660000
AUDJPY,20231222,0200,96.635,96.683,96.544,96.589,5538070000
AUDJPY,20231222,0300,96.589,96.671,96.529,96.555,5530890000
AUDJPY,20231222,0400,96.553,96.611,96.505,96.532,4856780000
AUDJPY,20231222,0500,96.530,96.586,96.422,96.443,5541640000
AUDJPY,20231222,0600,96.444,96.480,96.358,96.435,4447870000
AUDJPY,20231222,0700,96.430,96.485,96.362,96.435,8954050000
AUDJPY,20231222,0800,96.436,96.589,96.436,96.518,10565470000
AUDJPY,20231222,0900,96.516,96.565,96.473,96.523,9878980000
AUDJPY,20231222,1000,96.523,96.638,96.501,96.629,7481000000
AUDJPY,20231222,1100,96.629,96.707,96.604,96.665,8672000000
AUDJPY,20231222,1200,96.665,96.734,96.662,96.664,8913920000
AUDJPY,20231222,1300,96.663,96.825,96.655,96.762,19322900000
AUDJPY,20231222,1400,96.761,96.897,96.678,96.781,18363280000
AUDJPY,20231222,1500,96.780,96.952,96.762,96.839,14226180000
AUDJPY,20231222,1600,96.841,97.010,96.774,96.973,13794750000
AUDJPY,20231222,1700,96.973,96.973,96.848,96.935,9724060000
AUDJPY,20231222,1800,96.934,96.973,96.923,96.953,6822310000
AUDJPY,20231222,1900,96.954,96.954,96.761,96.903,8295210000
AUDJPY,20231222,2000,96.904,96.919,96.830,96.847,4085220000
AUDJPY,20231222,2100,96.846,96.872,96.810,96.829,3120150000
AUDJPY,20231225,0000,96.753,96.753,96.410,96.434,381850000
AUDJPY,20231225,0100,96.490,96.552,96.285,96.435,408480000
AUDJPY,20231225,0200,96.430,96.514,96.323,96.469,1374550000
AUDJPY,20231225,0300,96.473,96.473,96.308,96.354,733550000
AUDJPY,20231225,0400,96.343,96.467,96.243,96.467,1097700000
AUDJPY,20231225,0500,96.467,96.518,96.280,96.422,321080000
AUDJPY,20231225,0600,96.422,96.902,96.385,96.715,542180000
AUDJPY,20231225,0700,96.629,96.800,96.629,96.785,47400000
AUDJPY,20231225,2200,96.721,96.811,96.533,96.735,567620000
AUDJPY,20231225,2300,96.743,96.906,96.716,96.775,2651570000
AUDJPY,20231226,0000,96.774,96.831,96.725,96.809,2699340000
AUDJPY,20231226,0100,96.807,96.874,96.756,96.860,2803310000
AUDJPY,20231226,0200,96.858,96.903,96.827,96.876,2043190000
AUDJPY,20231226,0300,96.877,96.911,96.836,96.911,1503370000
AUDJPY,20231226,0400,96.916,96.946,96.871,96.941,1478230000
AUDJPY,20231226,0500,96.940,96.968,96.895,96.950,2433120000
AUDJPY,20231226,0600,96.950,96.975,96.923,96.930,1595660000
AUDJPY,20231226,0700,96.929,96.951,96.841,96.850,2292420000
AUDJPY,20231226,0800,96.851,96.877,96.799,96.811,3171890000
AUDJPY,20231226,0900,96.811,96.894,96.785,96.879,3933230000
AUDJPY,20231226,1000,96.879,96.895,96.863,96.882,3179800000
AUDJPY,20231226,1100,96.881,96.928,96.858,96.912,4531910000
AUDJPY,20231226,1200,96.911,96.977,96.897,96.965,2848850000
AUDJPY,20231226,1300,96.964,97.022,96.949,97.018,5829540000
AUDJPY,20231226,1400,97.019,97.072,96.928,96.972,5989430000
AUDJPY,20231226,1500,96.972,97.095,96.953,97.062,4736170000
AUDJPY,20231226,1600,97.060,97.110,97.055,97.085,3165930000
AUDJPY,20231226,1700,97.085,97.118,97.055,97.075,2158920000
AUDJPY,20231226,1800,97.073,97.115,97.044,97.103,2117020000
AUDJPY,20231226,1900,97.103,97.227,97.097,97.221,1708480000
AUDJPY,20231226,2000,97.221,97.232,97.163,97.202,2480540000
AUDJPY,20231226,2100,97.202,97.221,97.146,97.173,1490150000
AUDJPY,20231226,2200,97.173,97.173,97.006,97.158,1615340000
AUDJPY,20231226,2300,97.153,97.239,97.141,97.232,2279110000
AUDJPY,20231227,0000,97.232,97.431,97.217,97.324,5268930000
AUDJPY,20231227,0100,97.325,97.396,97.284,97.374,5700700000
AUDJPY,20231227,0200,97.373,97.428,97.279,97.345,4963490000
AUDJPY,20231227,0300,97.345,97.431,97.319,97.410,3364400000
AUDJPY,20231227,0400,97.410,97.544,97.407,97.476,2910550000
AUDJPY,20231227,0500,97.477,97.499,97.313,97.345,2588920000
AUDJPY,20231227,0600,97.348,97.497,97.314,97.478,2964440000
AUDJPY,20231227,0700,97.476,97.574,97.457,97.505,5965250000
AUDJPY,20231227,0800,97.505,97.576,97.299,97.367,8394470000
AUDJPY,20231227,0900,97.368,97.459,97.347,97.426,4515390000
AUDJPY,20231227,1000,97.428,97.524,97.361,97.504,3408160000
AUDJPY,20231227,1100,97.504,97.543,97.470,97.502,3219380000
AUDJPY,20231227,1200,97.502,97.556,97.451,97.543,3429280000
AUDJPY,20231227,1300,97.542,97.591,97.415,97.436,6176970000
AUDJPY,20231227,1400,97.437,97.577,97.396,97.572,7437100000
AUDJPY,20231227,1500,97.570,97.588,97.395,97.410,8096600000
AUDJPY,20231227,1600,97.405,97.406,97.150,97.211,8380060000
AUDJPY,20231227,1700,97.210,97.317,97.204,97.269,3979290000
AUDJPY,20231227,1800,97.269,97.304,97.227,97.244,4859380000
AUDJPY,20231227,1900,97.246,97.246,96.888,97.073,5767790000
AUDJPY,20231227,2000,97.074,97.095,97.000,97.089,3895720000
AUDJPY,20231227,2100,97.088,97.119,97.034,97.107,2075320000
AUDJPY,20231227,2200,97.080,97.080,96.842,96.932,2548620000
AUDJPY,20231227,2300,96.932,97.031,96.886,96.927,3752610000
AUDJPY,20231228,0000,96.931,97.235,96.784,97.114,7822880000
AUDJPY,20231228,0100,97.114,97.197,97.062,97.144,5412700000
AUDJPY,20231228,0200,97.144,97.152,96.829,96.902,4908890000
AUDJPY,20231228,0300,96.904,96.979,96.881,96.933,3416720000
AUDJPY,20231228,0400,96.932,96.936,96.547,96.610,4210100000
AUDJPY,20231228,0500,96.611,96.782,96.591,96.641,4437340000
AUDJPY,20231228,0600,96.641,96.712,96.595,96.639,3947820000
AUDJPY,20231228,0700,96.642,96.667,96.394,96.493,5649420000
AUDJPY,20231228,0800,96.494,96.494,96.301,96.330,8411820000
AUDJPY,20231228,0900,96.330,96.330,96.098,96.117,6144290000
AUDJPY,20231228,1000,96.120,96.364,96.119,96.266,5498740000
AUDJPY,20231228,1100,96.263,96.290,96.160,96.287,4710250000
AUDJPY,20231228,1200,96.287,96.395,96.179,96.356,4349990000
AUDJPY,20231228,1300,96.356,96.451,96.251,96.340,9776580000
AUDJPY,20231228,1400,96.342,96.397,96.260,96.343,7331280000
AUDJPY,20231228,1500,96.345,96.668,96.237,96.659,13747980000
AUDJPY,20231228,1600,96.658,96.905,96.523,96.541,9001220000
AUDJPY,20231228,1700,96.539,96.748,96.537,96.681,5961970000
AUDJPY,20231228,1800,96.680,96.793,96.605,96.719,6103320000
AUDJPY,20231228,1900,96.717,96.729,96.630,96.672,4597910000
AUDJPY,20231228,2000,96.672,96.679,96.568,96.573,2823020000
AUDJPY,20231228,2100,96.573,96.596,96.514,96.525,2411840000
AUDJPY,20231228,2200,96.483,96.600,96.473,96.482,2752550000
AUDJPY,20231228,2300,96.485,96.574,96.402,96.546,3747720000
AUDJPY,20231229,0000,96.546,96.827,96.510,96.782,7401280000
AUDJPY,20231229,0100,96.783,96.857,96.689,96.803,7315710000
AUDJPY,20231229,0200,96.802,96.856,96.665,96.689,4902860000
AUDJPY,20231229,0300,96.689,96.752,96.594,96.748,4342880000
AUDJPY,20231229,0400,96.748,96.768,96.659,96.753,3888180000
AUDJPY,20231229,0500,96.754,96.793,96.650,96.702,5040350000
AUDJPY,20231229,0600,96.702,96.752,96.604,96.622,5678940000
AUDJPY,20231229,0700,96.621,96.664,96.572,96.632,5032310000
AUDJPY,20231229,0800,96.632,96.647,96.521,96.531,5450480000
AUDJPY,20231229,0900,96.534,96.615,96.481,96.561,5787540000
AUDJPY,20231229,1000,96.561,96.568,96.353,96.400,5618150000
AUDJPY,20231229,1100,96.400,96.427,96.232,96.254,4298040000
AUDJPY,20231229,1200,96.254,96.257,96.021,96.092,5483890000
AUDJPY,20231229,1300,96.087,96.288,96.057,96.216,7857440000
AUDJPY,20231229,1400,96.214,96.467,96.100,96.439,8377820000
AUDJPY,20231229,1500,96.439,96.514,96.127,96.209,12031020000
AUDJPY,20231229,1600,96.209,96.276,96.032,96.203,10749580000
AUDJPY,20231229,1700,96.202,96.327,96.197,96.270,5683160000
AUDJPY,20231229,1800,96.271,96.345,96.117,96.121,5607320000
AUDJPY,20231229,1900,96.119,96.122,96.048,96.099,3570450000
AUDJPY,20231229,2000,96.099,96.155,96.058,96.087,3564450000
AUDJPY,20231229,2100,96.088,96.140,95.953,96.029,2766720000
