<TICKER>,<DTYYYYMMDD>,<TIME>,<OPEN>,<HIGH>,<LOW>,<CLOSE>,<VOL>
CHFJPY,20151231,2100,119.820,119.820,119.820,119.820,5830000
CHFJPY,20160103,2200,120.043,120.343,120.043,120.272,1212340000
CHFJPY,20160103,2300,120.274,120.371,120.203,120.340,2907390000
CHFJPY,20160104,0000,120.340,120.372,120.185,120.240,2969340000
CHFJPY,20160104,0100,120.237,120.251,119.958,119.979,5151790000
CHFJPY,20160104,0200,119.976,119.981,119.684,119.920,6093350000
CHFJPY,20160104,0300,119.919,119.920,119.758,119.801,3030910000
CHFJPY,20160104,0400,119.799,119.848,119.649,119.765,4410520000
CHFJPY,20160104,0500,119.767,120.059,119.728,120.018,5459730000
CHFJPY,20160104,0600,120.020,120.034,119.805,119.820,3558580000
CHFJPY,20160104,0700,119.821,119.840,119.479,119.551,6645550000
CHFJPY,20160104,0800,119.556,119.774,119.437,119.625,9812830000
CHFJPY,20160104,0900,119.628,119.673,119.425,119.600,6211300000
CHFJPY,20160104,1000,119.599,119.676,119.164,119.167,6734640000
CHFJPY,20160104,1100,119.172,119.193,118.957,119.025,6124310000
CHFJPY,20160104,1200,119.025,119.277,119.020,119.215,5444730000
CHFJPY,20160104,1300,119.216,119.235,118.961,118.998,7275160000
CHFJPY,20160104,1400,118.999,119.053,118.694,118.710,7961530000
CHFJPY,20160104,1500,118.713,118.831,118.602,118.684,9404020000
CHFJPY,20160104,1600,118.679,118.856,118.568,118.794,8417170000
CHFJPY,20160104,1700,118.794,119.085,118.774,118.998,4058930000
CHFJPY,20160104,1800,119.003,119.115,118.938,119.038,3611480000
CHFJPY,20160104,1900,119.040,119.099,118.949,119.024,3395680000
CHFJPY,20160104,2000,119.025,119.161,118.981,119.107,3408090000
CHFJPY,20160104,2100,119.109,119.207,119.107,119.142,1322320000
CHFJPY,20160104,2200,119.143,119.191,118.993,119.005,2306970000
CHFJPY,20160104,2300,119.007,119.151,118.975,119.141,2464440000
CHFJPY,20160105,0000,119.148,119.170,118.958,119.001,3675140000
CHFJPY,20160105,0100,119.001,119.269,118.892,119.252,5732250000
CHFJPY,20160105,0200,119.258,119.368,119.167,119.367,3787890000
CHFJPY,20160105,0300,119.367,119.437,119.280,119.303,3069450000
CHFJPY,20160105,0400,119.305,119.373,119.202,119.344,2838090000
CHFJPY,20160105,0500,119.343,119.363,119.222,119.284,3856170000
CHFJPY,20160105,0600,119.284,119.316,119.174,119.204,3268710000
CHFJPY,20160105,0700,119.204,119.260,118.933,118.967,5677580000
CHFJPY,20160105,0800,118.967,118.987,118.474,118.529,8917680000
CHFJPY,20160105,0900,118.529,118.603,118.201,118.222,7713600000
CHFJPY,20160105,1000,118.222,118.308,118.001,118.222,8565110000
CHFJPY,20160105,1100,118.221,118.233,117.743,117.797,6629490000
CHFJPY,20160105,1200,117.798,117.897,117.597,117.861,8112080000
CHFJPY,20160105,1300,117.861,118.089,117.813,117.977,8044040000
CHFJPY,20160105,1400,117.976,118.093,117.848,117.969,9067590000
CHFJPY,20160105,1500,117.968,117.972,117.605,117.799,10153140000
CHFJPY,20160105,1600,117.795,117.935,117.715,117.806,7253810000
CHFJPY,20160105,1700,117.805,117.935,117.638,117.929,4374750000
CHFJPY,20160105,1800,117.929,117.938,117.782,117.800,3413630000
CHFJPY,20160105,1900,117.800,117.976,117.799,117.966,3415350000
CHFJPY,20160105,2000,117.966,118.032,117.918,117.985,3691730000
CHFJPY,20160105,2100,117.985,118.058,117.963,118.023,1555300000
CHFJPY,20160105,2200,118.007,118.131,117.966,118.091,2563290000
CHFJPY,20160105,2300,118.090,118.196,118.074,118.077,3400810000
CHFJPY,20160106,0000,118.076,118.120,117.949,117.983,3967170000
CHFJPY,20160106,0100,117.988,118.003,117.462,117.602,10569470000
CHFJPY,20160106,0200,117.597,117.715,117.477,117.574,7870810000
CHFJPY,20160106,0300,117.573,117.609,117.420,117.544,6028120000
CHFJPY,20160106,0400,117.547,117.754,117.544,117.637,4226840000
CHFJPY,20160106,0500,117.637,117.660,117.517,117.601,4625560000
CHFJPY,20160106,0600,117.605,117.703,117.435,117.520,3652290000
CHFJPY,20160106,0700,117.516,117.650,117.381,117.646,6014760000
CHFJPY,20160106,0800,117.646,117.682,117.342,117.443,8782170000
CHFJPY,20160106,0900,117.444,117.451,117.180,117.327,7465390000
CHFJPY,20160106,1000,117.327,117.416,117.201,117.295,6102810000
CHFJPY,20160106,1100,117.295,117.397,117.176,117.365,8195490000
CHFJPY,20160106,1200,117.364,117.481,117.247,117.266,6465080000
CHFJPY,20160106,1300,117.264,117.570,117.089,117.506,10352220000
CHFJPY,20160106,1400,117.502,117.655,117.311,117.491,10286880000
CHFJPY,20160106,1500,117.492,117.658,117.408,117.596,11847970000
CHFJPY,20160106,1600,117.591,117.657,117.458,117.536,7304580000
CHFJPY,20160106,1700,117.535,117.552,117.421,117.421,3892680000
CHFJPY,20160106,1800,117.421,117.521,117.389,117.442,4053360000
CHFJPY,20160106,1900,117.440,117.713,117.428,117.597,10619200000
CHFJPY,20160106,2000,117.593,117.731,117.570,117.652,4515920000
CHFJPY,20160106,2100,117.649,117.717,117.553,117.562,1906280000
CHFJPY,20160106,2200,117.553,117.625,117.522,117.549,1485010000
CHFJPY,20160106,2300,117.555,117.773,117.509,117.729,2632190000
CHFJPY,20160107,0000,117.730,117.821,117.710,117.762,4119360000
CHFJPY,20160107,0100,117.764,117.872,117.059,117.255,12690630000
CHFJPY,20160107,0200,117.261,117.606,117.216,117.564,8622160000
CHFJPY,20160107,0300,117.567,117.897,117.522,117.822,5538360000
CHFJPY,20160107,0400,117.823,117.839,117.633,117.664,4141340000
CHFJPY,20160107,0500,117.661,117.791,117.639,117.774,3337320000
CHFJPY,20160107,0600,117.775,117.777,117.541,117.637,5284650000
CHFJPY,20160107,0700,117.632,117.712,117.288,117.297,8774970000
CHFJPY,20160107,0800,117.299,117.369,116.796,116.946,11864510000
CHFJPY,20160107,0900,116.947,117.369,116.887,117.232,12919430000
CHFJPY,20160107,1000,117.232,117.515,117.208,117.367,9667210000
CHFJPY,20160107,1100,117.367,117.672,117.351,117.468,8525810000
CHFJPY,20160107,1200,117.470,117.562,117.314,117.483,7051730000
CHFJPY,20160107,1300,117.482,117.720,117.427,117.713,8240430000
CHFJPY,20160107,1400,117.711,117.886,117.658,117.772,12004960000
CHFJPY,20160107,1500,117.772,117.905,117.662,117.662,12004990000
CHFJPY,20160107,1600,117.662,117.861,117.609,117.777,9873270000
CHFJPY,20160107,1700,117.779,117.892,117.702,117.835,5777610000
CHFJPY,20160107,1800,117.835,118.141,117.771,118.050,8274480000
CHFJPY,20160107,1900,118.050,118.357,118.003,118.289,7138910000
CHFJPY,20160107,2000,118.289,118.474,118.252,118.420,6858320000
CHFJPY,20160107,2100,118.420,118.481,118.378,118.459,2040550000
CHFJPY,20160107,2200,118.422,118.453,118.263,118.302,2955000000
CHFJPY,20160107,2300,118.308,118.400,118.197,118.237,3123490000
CHFJPY,20160108,0000,118.239,118.496,118.215,118.483,5924980000
CHFJPY,20160108,0100,118.480,118.931,118.194,118.630,15576830000
CHFJPY,20160108,0200,118.630,118.683,118.520,118.617,5882000000
CHFJPY,20160108,0300,118.617,118.733,118.606,118.685,3206650000
CHFJPY,20160108,0400,118.685,118.686,118.586,118.637,3239920000
CHFJPY,20160108,0500,118.636,118.734,118.536,118.638,4758830000
CHFJPY,20160108,0600,118.643,118.708,118.523,118.544,3385290000
CHFJPY,20160108,0700,118.543,118.623,118.351,118.583,5698030000
CHFJPY,20160108,0800,118.583,118.640,118.376,118.396,8169350000
CHFJPY,20160108,0900,118.395,118.397,118.106,118.172,5940780000
CHFJPY,20160108,1000,118.173,118.326,118.077,118.316,5830880000
CHFJPY,20160108,1100,118.316,118.391,118.220,118.384,6632910000
CHFJPY,20160108,1200,118.387,118.432,118.276,118.400,6017460000
CHFJPY,20160108,1300,118.398,118.444,118.097,118.166,13453800000
CHFJPY,20160108,1400,118.168,118.439,118.021,118.357,14280610000
CHFJPY,20160108,1500,118.359,118.549,118.221,118.308,13659220000
CHFJPY,20160108,1600,118.308,118.339,118.026,118.065,11586280000
CHFJPY,20160108,1700,118.062,118.246,117.998,118.097,6731090000
CHFJPY,20160108,1800,118.098,118.210,118.084,118.207,5342650000
CHFJPY,20160108,1900,118.207,118.252,118.124,118.150,5128460000
CHFJPY,20160108,2000,118.141,118.238,118.096,118.125,5440340000
CHFJPY,20160108,2100,118.121,118.254,117.729,117.729,3150190000
CHFJPY,20160110,2200,117.707,117.712,117.292,117.597,3056800000
CHFJPY,20160110,2300,117.610,118.271,117.593,117.935,6226980000
CHFJPY,20160111,0000,117.935,117.992,117.811,117.877,7018080000
CHFJPY,20160111,0100,117.876,118.141,117.829,118.042,8505480000
CHFJPY,20160111,0200,118.041,118.045,117.895,117.938,4997250000
CHFJPY,20160111,0300,117.936,118.044,117.869,117.996,3015860000
CHFJPY,20160111,0400,117.997,118.063,117.971,118.019,2296380000
CHFJPY,20160111,0500,118.019,118.021,117.908,118.000,3731050000
CHFJPY,20160111,0600,118.000,118.071,117.886,117.927,4240590000
CHFJPY,20160111,0700,117.931,117.953,117.818,117.907,7265750000
CHFJPY,20160111,0800,117.908,118.129,117.844,118.077,11364230000
CHFJPY,20160111,0900,118.079,118.115,117.881,118.064,7562560000
CHFJPY,20160111,1000,118.064,118.146,118.013,118.104,6941950000
CHFJPY,20160111,1100,118.102,118.183,118.038,118.108,6290000000
CHFJPY,20160111,1200,118.109,118.202,118.051,118.077,6185990000
CHFJPY,20160111,1300,118.076,118.301,118.044,118.158,9950260000
CHFJPY,20160111,1400,118.161,118.199,117.917,118.014,11188200000
CHFJPY,20160111,1500,118.010,118.010,117.101,117.152,13544230000
CHFJPY,20160111,1600,117.155,117.616,117.123,117.464,10752730000
CHFJPY,20160111,1700,117.464,117.564,117.361,117.371,6724280000
CHFJPY,20160111,1800,117.373,117.468,117.295,117.460,5717000000
CHFJPY,20160111,1900,117.462,117.562,117.435,117.518,7082590000
CHFJPY,20160111,2000,117.513,117.624,117.442,117.539,5996190000
CHFJPY,20160111,2100,117.539,117.595,117.489,117.586,1850670000
CHFJPY,20160111,2200,117.586,117.649,117.491,117.513,3103880000
CHFJPY,20160111,2300,117.504,117.535,117.359,117.477,2656610000
CHFJPY,20160112,0000,117.475,117.643,117.393,117.588,6075810000
CHFJPY,20160112,0100,117.587,117.734,117.443,117.634,8954170000
CHFJPY,20160112,0200,117.638,117.664,117.516,117.656,5825980000
CHFJPY,20160112,0300,117.652,117.684,117.489,117.564,4320210000
CHFJPY,20160112,0400,117.564,117.614,117.506,117.602,3668700000
CHFJPY,20160112,0500,117.601,117.638,117.491,117.536,4769810000
CHFJPY,20160112,0600,117.539,117.539,117.350,117.386,5131850000
CHFJPY,20160112,0700,117.384,117.692,117.349,117.630,6329140000
CHFJPY,20160112,0800,117.630,117.859,117.545,117.747,9463280000
CHFJPY,20160112,0900,117.750,117.859,117.653,117.706,9730940000
CHFJPY,20160112,1000,117.705,117.731,117.556,117.672,8466360000
CHFJPY,20160112,1100,117.671,117.782,117.625,117.681,7049810000
CHFJPY,20160112,1200,117.682,117.792,117.623,117.729,6864690000
CHFJPY,20160112,1300,117.726,117.799,117.707,117.772,8697380000
CHFJPY,20160112,1400,117.770,117.797,117.623,117.647,10862430000
CHFJPY,20160112,1500,117.645,117.709,117.486,117.523,13279510000
CHFJPY,20160112,1600,117.528,117.599,117.325,117.428,10817860000
CHFJPY,20160112,1700,117.427,117.444,117.213,117.313,8023390000
CHFJPY,20160112,1800,117.316,117.423,117.208,117.208,7147970000
CHFJPY,20160112,1900,117.207,117.450,117.207,117.315,8243870000
CHFJPY,20160112,2000,117.313,117.470,117.268,117.406,5391880000
CHFJPY,20160112,2100,117.406,117.454,117.362,117.375,1862840000
CHFJPY,20160112,2200,117.372,117.421,117.325,117.420,2635140000
CHFJPY,20160112,2300,117.420,117.499,117.370,117.453,3426180000
CHFJPY,20160113,0000,117.453,117.506,117.357,117.448,4949220000
CHFJPY,20160113,0100,117.449,117.577,117.386,117.489,7569740000
CHFJPY,20160113,0200,117.483,117.774,117.483,117.756,6490320000
CHFJPY,20160113,0300,117.759,117.763,117.562,117.641,3779860000
CHFJPY,20160113,0400,117.641,117.751,117.631,117.747,2801360000
CHFJPY,20160113,0500,117.746,117.773,117.647,117.707,4047230000
CHFJPY,20160113,0600,117.709,117.736,117.537,117.592,3251000000
CHFJPY,20160113,0700,117.592,117.649,117.440,117.613,7244130000
CHFJPY,20160113,0800,117.613,117.698,117.527,117.583,10531100000
CHFJPY,20160113,0900,117.585,117.608,117.390,117.442,7811200000
CHFJPY,20160113,1000,117.445,117.488,117.309,117.339,6260270000
CHFJPY,20160113,1100,117.340,117.421,117.244,117.259,6652720000
CHFJPY,20160113,1200,117.261,117.264,116.896,116.963,6742540000
CHFJPY,20160113,1300,116.963,117.108,116.892,117.094,7477950000
CHFJPY,20160113,1400,117.094,117.247,117.016,117.166,10464320000
CHFJPY,20160113,1500,117.166,117.464,117.159,117.193,13821470000
CHFJPY,20160113,1600,117.191,117.357,117.124,117.297,12286560000
CHFJPY,20160113,1700,117.295,117.304,117.154,117.234,7212700000
CHFJPY,20160113,1800,117.236,117.285,117.024,117.052,6781730000
CHFJPY,20160113,1900,117.052,117.140,116.946,117.001,9022650000
CHFJPY,20160113,2000,117.002,117.149,116.962,117.013,7528960000
CHFJPY,20160113,2100,117.013,117.083,116.918,116.951,2622030000
CHFJPY,20160113,2200,116.957,116.990,116.818,116.889,3510080000
CHFJPY,20160113,2300,116.881,116.977,116.641,116.692,4986660000
CHFJPY,20160114,0000,116.692,116.841,116.656,116.772,6638280000
CHFJPY,20160114,0100,116.771,116.812,116.601,116.651,7787260000
CHFJPY,20160114,0200,116.652,116.783,116.641,116.713,5191540000
CHFJPY,20160114,0300,116.714,116.804,116.661,116.696,4074350000
CHFJPY,20160114,0400,116.693,116.731,116.597,116.715,3953260000
CHFJPY,20160114,0500,116.714,116.819,116.702,116.772,5699240000
CHFJPY,20160114,0600,116.772,116.979,116.751,116.928,5036830000
CHFJPY,20160114,0700,116.927,117.170,116.886,117.113,6900920000
CHFJPY,20160114,0800,117.114,117.114,116.962,117.079,10288040000
CHFJPY,20160114,0900,117.079,117.419,117.031,117.300,11103390000
CHFJPY,20160114,1000,117.300,117.592,117.284,117.382,9214420000
CHFJPY,20160114,1100,117.379,117.506,117.352,117.378,10067350000
CHFJPY,20160114,1200,117.376,117.432,117.192,117.235,9371870000
CHFJPY,20160114,1300,117.234,117.295,117.010,117.207,10258440000
CHFJPY,20160114,1400,117.207,117.299,117.101,117.175,12996250000
CHFJPY,20160114,1500,117.172,117.355,117.049,117.072,16025910000
CHFJPY,20160114,1600,117.075,117.179,116.983,117.165,13381020000
CHFJPY,20160114,1700,117.166,117.491,117.070,117.439,9138290000
CHFJPY,20160114,1800,117.440,117.499,117.306,117.424,6273600000
CHFJPY,20160114,1900,117.427,117.535,117.345,117.519,6145780000
CHFJPY,20160114,2000,117.518,117.526,117.396,117.434,3757170000
CHFJPY,20160114,2100,117.432,117.491,117.352,117.465,1872130000
CHFJPY,20160114,2200,117.473,117.547,117.410,117.516,2178590000
CHFJPY,20160114,2300,117.517,117.632,117.511,117.581,2845410000
CHFJPY,20160115,0000,117.582,117.612,117.428,117.458,4575680000
CHFJPY,20160115,0100,117.463,117.535,117.325,117.451,7497800000
CHFJPY,20160115,0200,117.448,117.473,117.389,117.438,4382480000
CHFJPY,20160115,0300,117.436,117.483,117.329,117.368,3402580000
CHFJPY,20160115,0400,117.369,117.388,117.160,117.253,5312780000
CHFJPY,20160115,0500,117.253,117.330,117.221,117.309,5645030000
CHFJPY,20160115,0600,117.311,117.354,117.193,117.257,4543200000
CHFJPY,20160115,0700,117.255,117.263,116.986,117.022,7417380000
CHFJPY,20160115,0800,117.021,117.145,116.968,116.975,12022280000
CHFJPY,20160115,0900,116.978,117.133,116.829,117.041,11646920000
CHFJPY,20160115,1000,117.042,117.138,116.861,116.971,8877800000
CHFJPY,20160115,1100,116.975,116.976,116.767,116.789,7702170000
CHFJPY,20160115,1200,116.792,116.905,116.738,116.819,6967800000
CHFJPY,20160115,1300,116.814,117.127,116.594,117.002,15672440000
CHFJPY,20160115,1400,117.004,117.189,116.919,117.113,17185090000
CHFJPY,20160115,1500,117.108,117.287,116.990,117.041,16561810000
CHFJPY,20160115,1600,117.038,117.066,116.864,116.935,12074700000
CHFJPY,20160115,1700,116.933,117.066,116.778,116.890,9656230000
CHFJPY,20160115,1800,116.891,117.009,116.811,116.926,7826410000
CHFJPY,20160115,1900,116.923,116.948,116.733,116.749,7877250000
CHFJPY,20160115,2000,116.753,116.855,116.670,116.711,6146930000
CHFJPY,20160115,2100,116.706,116.875,116.695,116.875,2431780000
CHFJPY,20160117,2200,116.591,116.754,116.528,116.669,2360530000
CHFJPY,20160117,2300,116.669,116.827,116.669,116.761,4025940000
CHFJPY,20160118,0000,116.764,116.915,116.720,116.829,6262200000
CHFJPY,20160118,0100,116.829,116.887,116.716,116.794,9769390000
CHFJPY,20160118,0200,116.796,116.844,116.673,116.745,4964550000
CHFJPY,20160118,0300,116.756,116.770,116.634,116.682,4380390000
CHFJPY,20160118,0400,116.687,116.692,116.481,116.522,3619060000
CHFJPY,20160118,0500,116.522,116.669,116.493,116.576,4731230000
CHFJPY,20160118,0600,116.577,116.669,116.523,116.632,4040160000
CHFJPY,20160118,0700,116.632,116.639,116.391,116.520,6050120000
CHFJPY,20160118,0800,116.520,116.717,116.446,116.610,9797150000
CHFJPY,20160118,0900,116.610,116.778,116.571,116.762,8591960000
CHFJPY,20160118,1000,116.764,116.889,116.611,116.848,7112490000
CHFJPY,20160118,1100,116.848,116.915,116.782,116.841,6760920000
CHFJPY,20160118,1200,116.841,116.895,116.788,116.800,4156130000
CHFJPY,20160118,1300,116.798,116.830,116.623,116.754,5211190000
CHFJPY,20160118,1400,116.756,116.843,116.707,116.794,4599040000
CHFJPY,20160118,1500,116.795,116.820,116.594,116.607,4422390000
CHFJPY,20160118,1600,116.604,116.752,116.575,116.671,3712590000
CHFJPY,20160118,1700,116.671,116.764,116.653,116.714,1574800000
CHFJPY,20160118,1800,116.714,116.768,116.711,116.743,1136150000
CHFJPY,20160118,1900,116.743,116.777,116.687,116.691,837020000
CHFJPY,20160118,2000,116.689,116.767,116.681,116.762,1158930000
CHFJPY,20160118,2100,116.766,116.766,116.647,116.652,1729550000
CHFJPY,20160118,2200,116.648,116.785,116.638,116.774,1913280000
CHFJPY,20160118,2300,116.776,116.840,116.749,116.790,1878780000
CHFJPY,20160119,0000,116.791,116.943,116.712,116.882,5227860000
CHFJPY,20160119,0100,116.883,116.918,116.808,116.841,5068410000
CHFJPY,20160119,0200,116.836,116.939,116.570,116.753,8713680000
CHFJPY,20160119,0300,116.746,116.794,116.668,116.749,4821870000
CHFJPY,20160119,0400,116.749,116.883,116.706,116.760,4522400000
CHFJPY,20160119,0500,116.763,116.939,116.725,116.869,5135570000
CHFJPY,20160119,0600,116.873,117.036,116.819,116.991,3939460000
CHFJPY,20160119,0700,116.993,117.176,116.948,117.063,6482410000
CHFJPY,20160119,0800,117.061,117.178,116.945,117.019,9115870000
CHFJPY,20160119,0900,117.017,117.098,116.938,116.993,8226740000
CHFJPY,20160119,1000,116.993,117.132,116.993,117.082,8202570000
CHFJPY,20160119,1100,117.082,117.456,117.036,117.360,8324840000
CHFJPY,20160119,1200,117.361,117.543,117.291,117.387,7967800000
CHFJPY,20160119,1300,117.391,117.406,117.236,117.309,8093760000
CHFJPY,20160119,1400,117.310,117.318,117.158,117.192,11626600000
CHFJPY,20160119,1500,117.197,117.485,117.188,117.374,14087540000
CHFJPY,20160119,1600,117.374,117.387,117.236,117.282,10257560000
CHFJPY,20160119,1700,117.279,117.404,117.256,117.345,7421010000
CHFJPY,20160119,1800,117.344,117.408,117.308,117.317,5748330000
CHFJPY,20160119,1900,117.317,117.335,117.138,117.163,6666350000
CHFJPY,20160119,2000,117.162,117.253,117.137,117.173,8216530000
CHFJPY,20160119,2100,117.173,117.234,117.137,117.208,1900860000
CHFJPY,20160119,2200,117.208,117.279,117.180,117.201,1578860000
CHFJPY,20160119,2300,117.201,117.256,117.141,117.158,2096820000
CHFJPY,20160120,0000,117.155,117.193,117.065,117.116,5828060000
CHFJPY,20160120,0100,117.117,117.145,116.914,116.937,8022460000
CHFJPY,20160120,0200,116.940,117.075,116.890,117.002,5513490000
CHFJPY,20160120,0300,117.005,117.106,116.835,116.890,6520640000
CHFJPY,20160120,0400,116.890,116.962,116.819,116.909,4979410000
CHFJPY,20160120,0500,116.908,116.970,116.801,116.841,6864040000
CHFJPY,20160120,0600,116.837,116.850,116.621,116.701,5591280000
CHFJPY,20160120,0700,116.701,116.715,116.463,116.561,9849030000
CHFJPY,20160120,0800,116.560,116.678,115.919,116.121,15055190000
CHFJPY,20160120,0900,116.123,116.779,115.985,116.517,15070710000
CHFJPY,20160120,1000,116.521,116.557,116.210,116.217,9910190000
CHFJPY,20160120,1100,116.219,116.306,116.147,116.164,8636500000
CHFJPY,20160120,1200,116.166,116.430,116.164,116.389,9456380000
CHFJPY,20160120,1300,116.391,116.780,116.289,116.745,11315780000
CHFJPY,20160120,1400,116.746,116.847,116.381,116.451,13969550000
CHFJPY,20160120,1500,116.453,116.592,115.795,115.797,15504180000
CHFJPY,20160120,1600,115.801,116.122,115.789,116.006,11578130000
CHFJPY,20160120,1700,116.005,116.281,115.957,116.281,9280610000
CHFJPY,20160120,1800,116.279,116.390,116.149,116.333,10106850000
CHFJPY,20160120,1900,116.335,116.363,116.204,116.251,10177790000
CHFJPY,20160120,2000,116.249,116.433,116.237,116.365,9291530000
CHFJPY,20160120,2100,116.365,116.507,116.313,116.407,2217200000
CHFJPY,20160120,2200,116.379,116.429,116.331,116.429,1628050000
CHFJPY,20160120,2300,116.429,116.518,116.351,116.496,4344660000
CHFJPY,20160121,0000,116.497,116.769,116.435,116.759,9684610000
CHFJPY,20160121,0100,116.752,116.793,116.640,116.749,7249470000
CHFJPY,20160121,0200,116.746,116.773,116.660,116.760,4965250000
CHFJPY,20160121,0300,116.761,116.783,116.566,116.598,5202640000
CHFJPY,20160121,0400,116.596,116.659,116.428,116.486,8957890000
CHFJPY,20160121,0500,116.485,116.528,116.337,116.364,9449050000
CHFJPY,20160121,0600,116.364,116.415,116.243,116.329,7198950000
CHFJPY,20160121,0700,116.326,116.455,116.247,116.366,10018860000
CHFJPY,20160121,0800,116.368,116.646,116.302,116.315,14205240000
CHFJPY,20160121,0900,116.319,116.409,116.163,116.307,11317110000
CHFJPY,20160121,1000,116.305,116.465,116.112,116.214,9708680000
CHFJPY,20160121,1100,116.214,116.304,116.120,116.164,9776240000
CHFJPY,20160121,1200,116.167,116.495,116.114,116.414,10665900000
CHFJPY,20160121,1300,116.415,116.701,115.406,115.422,18300400000
CHFJPY,20160121,1400,115.421,116.089,115.340,115.819,17925380000
CHFJPY,20160121,1500,115.818,116.033,115.668,116.007,16596840000
CHFJPY,20160121,1600,116.011,116.477,115.892,116.297,15760900000
CHFJPY,20160121,1700,116.297,116.452,116.229,116.448,9463280000
CHFJPY,20160121,1800,116.448,116.871,116.389,116.722,11048460000
CHFJPY,20160121,1900,116.720,116.765,116.520,116.647,9974370000
CHFJPY,20160121,2000,116.646,116.824,116.595,116.768,8093630000
CHFJPY,20160121,2100,116.770,116.999,116.730,116.807,4432830000
CHFJPY,20160121,2200,116.809,116.992,116.791,116.856,2468760000
CHFJPY,20160121,2300,116.865,116.990,116.839,116.980,3637600000
CHFJPY,20160122,0000,116.981,116.998,116.696,116.709,7426120000
CHFJPY,20160122,0100,116.709,116.808,116.566,116.757,7899040000
CHFJPY,20160122,0200,116.757,116.966,116.685,116.948,6624990000
CHFJPY,20160122,0300,116.940,116.955,116.761,116.850,6121450000
CHFJPY,20160122,0400,116.854,116.949,116.811,116.873,4537520000
CHFJPY,20160122,0500,116.873,117.071,116.859,117.019,7370430000
CHFJPY,20160122,0600,117.019,117.085,116.938,117.010,5640270000
CHFJPY,20160122,0700,117.009,117.014,116.774,116.903,8316300000
CHFJPY,20160122,0800,116.902,117.220,116.796,117.206,11583780000
CHFJPY,20160122,0900,117.207,117.342,117.057,117.057,9070120000
CHFJPY,20160122,1000,117.057,117.117,116.847,116.960,7635070000
CHFJPY,20160122,1100,116.962,117.014,116.760,116.762,6809670000
CHFJPY,20160122,1200,116.762,116.846,116.653,116.755,7655950000
CHFJPY,20160122,1300,116.757,116.769,116.255,116.435,9841390000
CHFJPY,20160122,1400,116.434,116.875,116.398,116.767,12380080000
CHFJPY,20160122,1500,116.767,117.064,116.743,116.857,14790830000
CHFJPY,20160122,1600,116.859,116.869,116.538,116.628,11199590000
CHFJPY,20160122,1700,116.626,116.814,116.602,116.769,5993680000
CHFJPY,20160122,1800,116.767,116.918,116.725,116.868,4895070000
CHFJPY,20160122,1900,116.867,116.894,116.788,116.838,4822070000
CHFJPY,20160122,2000,116.838,116.968,116.833,116.949,3870560000
CHFJPY,20160122,2100,116.949,117.007,116.825,116.836,1962210000
CHFJPY,20160124,2200,116.820,116.873,116.749,116.774,1323480000
CHFJPY,20160124,2300,116.767,116.887,116.637,116.637,2773360000
CHFJPY,20160125,0000,116.638,116.789,116.605,116.761,5324290000
CHFJPY,20160125,0100,116.760,117.016,116.651,116.987,4579090000
CHFJPY,20160125,0200,116.993,117.120,116.964,117.056,4300320000
CHFJPY,20160125,0300,117.058,117.147,117.010,117.045,3652740000
CHFJPY,20160125,0400,117.045,117.114,116.984,117.077,3776140000
CHFJPY,20160125,0500,117.077,117.118,116.998,117.068,4281010000
CHFJPY,20160125,0600,117.068,117.186,117.010,117.014,3653550000
CHFJPY,20160125,0700,117.011,117.055,116.836,116.888,7352930000
CHFJPY,20160125,0800,116.894,116.898,116.604,116.769,11461060000
CHFJPY,20160125,0900,116.767,116.877,116.658,116.749,9468250000
CHFJPY,20160125,1000,116.749,116.794,116.652,116.665,7837370000
CHFJPY,20160125,1100,116.663,116.729,116.628,116.669,6584430000
CHFJPY,20160125,1200,116.670,116.786,116.636,116.768,6426810000
CHFJPY,20160125,1300,116.769,116.848,116.610,116.710,8774960000
CHFJPY,20160125,1400,116.712,116.943,116.699,116.845,11809890000
CHFJPY,20160125,1500,116.842,117.024,116.651,116.741,12613990000
CHFJPY,20160125,1600,116.741,116.846,116.643,116.820,9871720000
CHFJPY,20160125,1700,116.820,116.871,116.681,116.714,4956710000
CHFJPY,20160125,1800,116.712,116.814,116.687,116.719,4279750000
CHFJPY,20160125,1900,116.717,116.741,116.656,116.687,4398970000
CHFJPY,20160125,2000,116.687,116.842,116.687,116.798,4872510000
CHFJPY,20160125,2100,116.801,116.827,116.758,116.794,1329060000
CHFJPY,20160125,2200,116.794,116.853,116.749,116.823,1952200000
CHFJPY,20160125,2300,116.824,116.880,116.730,116.759,2172800000
CHFJPY,20160126,0000,116.756,116.774,116.528,116.567,5299820000
CHFJPY,20160126,0100,116.566,116.608,116.484,116.531,4551310000
CHFJPY,20160126,0200,116.531,116.731,116.489,116.685,3349110000
CHFJPY,20160126,0300,116.683,116.688,116.528,116.552,3343900000
CHFJPY,20160126,0400,116.552,116.567,116.422,116.427,2517600000
CHFJPY,20160126,0500,116.427,116.537,116.406,116.463,4598050000
CHFJPY,20160126,0600,116.462,116.474,116.263,116.342,4643830000
CHFJPY,20160126,0700,116.346,116.409,116.272,116.341,7173720000
CHFJPY,20160126,0800,116.344,116.501,116.252,116.449,10465590000
CHFJPY,20160126,0900,116.447,116.481,116.242,116.443,9990310000
CHFJPY,20160126,1000,116.441,116.594,116.409,116.568,9163370000
CHFJPY,20160126,1100,116.570,116.578,116.456,116.543,7676320000
CHFJPY,20160126,1200,116.543,116.628,116.420,116.435,6993700000
CHFJPY,20160126,1300,116.437,116.583,116.391,116.526,8722870000
CHFJPY,20160126,1400,116.528,116.536,116.308,116.308,10951780000
CHFJPY,20160126,1500,116.303,116.496,116.254,116.337,12455620000
CHFJPY,20160126,1600,116.336,116.498,116.213,116.287,10045220000
CHFJPY,20160126,1700,116.288,116.341,116.205,116.319,5751470000
CHFJPY,20160126,1800,116.319,116.428,116.301,116.321,4450920000
CHFJPY,20160126,1900,116.322,116.427,116.287,116.415,3953260000
CHFJPY,20160126,2000,116.411,116.466,116.378,116.453,3738650000
CHFJPY,20160126,2100,116.453,116.492,116.385,116.450,2142970000
CHFJPY,20160126,2200,116.438,116.467,116.367,116.416,1418140000
CHFJPY,20160126,2300,116.416,116.420,116.311,116.384,2104110000
CHFJPY,20160127,0000,116.383,116.436,116.200,116.283,3566320000
CHFJPY,20160127,0100,116.284,116.331,116.104,116.159,5132040000
CHFJPY,20160127,0200,116.157,116.293,116.126,116.244,3840000000
CHFJPY,20160127,0300,116.246,116.246,116.107,116.188,3733920000
CHFJPY,20160127,0400,116.188,116.390,116.158,116.350,4364950000
CHFJPY,20160127,0500,116.350,116.416,116.227,116.338,5236780000
CHFJPY,20160127,0600,116.336,116.418,116.273,116.273,4008640000
CHFJPY,20160127,0700,116.273,116.454,116.273,116.395,7169200000
CHFJPY,20160127,0800,116.395,116.399,116.178,116.387,11294720000
CHFJPY,20160127,0900,116.382,116.528,116.342,116.422,8754620000
CHFJPY,20160127,1000,116.422,116.567,116.397,116.447,7972980000
CHFJPY,20160127,1100,116.441,116.531,116.432,116.504,6491960000
CHFJPY,20160127,1200,116.502,116.667,116.298,116.622,7543720000
CHFJPY,20160127,1300,116.625,116.890,116.392,116.719,9901370000
CHFJPY,20160127,1400,116.723,116.779,116.560,116.643,10645610000
CHFJPY,20160127,1500,116.645,116.742,116.346,116.725,11573330000
CHFJPY,20160127,1600,116.726,116.925,116.596,116.814,9132670000
CHFJPY,20160127,1700,116.817,116.898,116.749,116.806,5984160000
CHFJPY,20160127,1800,116.806,116.906,116.754,116.790,6926890000
CHFJPY,20160127,1900,116.777,117.146,116.729,116.996,14225380000
CHFJPY,20160127,2000,116.996,117.052,116.824,116.853,10193760000
CHFJPY,20160127,2100,116.852,116.939,116.738,116.877,2768120000
CHFJPY,20160127,2200,116.866,116.917,116.795,116.864,1472240000
CHFJPY,20160127,2300,116.864,116.940,116.767,116.772,2853040000
CHFJPY,20160128,0000,116.777,116.889,116.723,116.848,5351550000
CHFJPY,20160128,0100,116.851,117.064,116.762,117.062,4696200000
CHFJPY,20160128,0200,117.062,117.086,116.904,116.911,4521290000
CHFJPY,20160128,0300,116.912,116.946,116.805,116.887,3293210000
CHFJPY,20160128,0400,116.887,116.890,116.603,116.664,3862230000
CHFJPY,20160128,0500,116.664,116.702,116.553,116.582,4528040000
CHFJPY,20160128,0600,116.579,116.702,116.556,116.687,4329150000
CHFJPY,20160128,0700,116.689,116.886,116.630,116.852,7173920000
CHFJPY,20160128,0800,116.852,117.077,116.728,116.998,11205280000
CHFJPY,20160128,0900,116.996,117.131,116.971,117.014,9628190000
CHFJPY,20160128,1000,117.014,117.350,116.979,117.254,8368290000
CHFJPY,20160128,1100,117.254,117.295,117.134,117.209,8378960000
CHFJPY,20160128,1200,117.209,117.289,117.164,117.270,8227600000
CHFJPY,20160128,1300,117.267,117.445,117.193,117.438,10051070000
CHFJPY,20160128,1400,117.438,117.459,117.251,117.333,13167210000
CHFJPY,20160128,1500,117.333,117.382,116.988,117.055,12375740000
CHFJPY,20160128,1600,117.056,117.138,116.974,117.032,9266840000
CHFJPY,20160128,1700,117.034,117.199,117.029,117.119,6182050000
CHFJPY,20160128,1800,117.124,117.219,117.048,117.175,6982160000
CHFJPY,20160128,1900,117.173,117.281,117.164,117.204,4899520000
CHFJPY,20160128,2000,117.204,117.251,117.173,117.198,3854550000
CHFJPY,20160128,2100,117.199,117.243,117.130,117.180,2367060000
CHFJPY,20160128,2200,117.157,117.207,117.129,117.138,2163940000
CHFJPY,20160128,2300,117.142,117.306,117.128,117.272,3087480000
CHFJPY,20160129,0000,117.269,117.277,117.081,117.103,4237450000
CHFJPY,20160129,0100,117.106,117.128,116.917,116.955,5327720000
CHFJPY,20160129,0200,116.955,117.011,116.888,116.895,4503870000
CHFJPY,20160129,0300,116.893,119.311,116.736,118.647,15373480000
CHFJPY,20160129,0400,118.652,118.657,117.499,118.226,14512700000
CHFJPY,20160129,0500,118.226,118.684,118.160,118.588,10646040000
CHFJPY,20160129,0600,118.590,118.874,118.493,118.662,11218600000
CHFJPY,20160129,0700,118.662,118.737,118.438,118.469,10856190000
CHFJPY,20160129,0800,118.498,118.725,118.419,118.496,13584830000
CHFJPY,20160129,0900,118.499,118.644,118.383,118.594,10067730000
CHFJPY,20160129,1000,118.592,118.728,118.564,118.620,10170160000
CHFJPY,20160129,1100,118.620,118.710,118.496,118.552,8372430000
CHFJPY,20160129,1200,118.550,118.670,118.262,118.606,9777820000
CHFJPY,20160129,1300,118.609,118.693,118.335,118.339,11846280000
CHFJPY,20160129,1400,118.339,118.844,118.339,118.749,12310680000
CHFJPY,20160129,1500,118.746,118.795,118.129,118.137,13656130000
CHFJPY,20160129,1600,118.135,118.441,117.991,118.348,14124490000
CHFJPY,20160129,1700,118.349,118.474,118.239,118.311,6995530000
CHFJPY,20160129,1800,118.311,118.502,118.252,118.370,5812610000
CHFJPY,20160129,1900,118.372,118.417,118.126,118.152,5349770000
CHFJPY,20160129,2000,118.151,118.327,118.150,118.184,4150830000
CHFJPY,20160129,2100,118.180,118.377,118.155,118.364,2030120000
CHFJPY,20160131,2200,118.556,118.621,118.375,118.524,1821370000
CHFJPY,20160131,2300,118.524,118.582,118.355,118.433,3536770000
CHFJPY,20160201,0000,118.427,118.601,118.385,118.465,6228520000
CHFJPY,20160201,0100,118.466,118.727,118.416,118.606,6660830000
CHFJPY,20160201,0200,118.612,118.709,118.536,118.681,4668620000
CHFJPY,20160201,0300,118.679,118.679,118.584,118.647,3166080000
CHFJPY,20160201,0400,118.647,118.690,118.597,118.664,3085200000
CHFJPY,20160201,0500,118.663,118.780,118.650,118.756,3120310000
CHFJPY,20160201,0600,118.757,118.757,118.643,118.684,2736620000
CHFJPY,20160201,0700,118.683,118.738,118.562,118.599,6195990000
CHFJPY,20160201,0800,118.602,118.772,118.480,118.752,9468830000
CHFJPY,20160201,0900,118.752,118.798,118.493,118.507,8141000000
CHFJPY,20160201,1000,118.507,118.728,118.468,118.624,8365150000
CHFJPY,20160201,1100,118.623,118.840,118.621,118.833,6961180000
CHFJPY,20160201,1200,118.832,118.859,118.728,118.840,8498720000
CHFJPY,20160201,1300,118.839,119.037,118.822,118.955,8313760000
CHFJPY,20160201,1400,118.952,118.985,118.755,118.758,11693750000
CHFJPY,20160201,1500,118.758,119.064,118.743,118.914,14357810000
CHFJPY,20160201,1600,118.915,118.939,118.612,118.647,9781700000
CHFJPY,20160201,1700,118.650,118.733,118.592,118.699,5498680000
CHFJPY,20160201,1800,118.694,118.764,118.615,118.757,4727930000
CHFJPY,20160201,1900,118.754,118.937,118.750,118.810,6337800000
CHFJPY,20160201,2000,118.809,118.848,118.718,118.736,4181900000
CHFJPY,20160201,2100,118.733,118.768,118.579,118.590,1868220000
CHFJPY,20160201,2200,118.586,118.700,118.552,118.633,1185650000
CHFJPY,20160201,2300,118.628,118.660,118.504,118.527,3309610000
CHFJPY,20160202,0000,118.526,118.665,118.495,118.496,3623200000
CHFJPY,20160202,0100,118.506,118.607,118.431,118.431,4701040000
CHFJPY,20160202,0200,118.431,118.561,118.421,118.496,3510720000
CHFJPY,20160202,0300,118.494,118.576,118.405,118.443,4437710000
CHFJPY,20160202,0400,118.443,118.481,118.360,118.440,5043770000
CHFJPY,20160202,0500,118.438,118.474,118.118,118.164,5884800000
CHFJPY,20160202,0600,118.165,118.387,118.165,118.325,4452870000
CHFJPY,20160202,0700,118.322,118.401,118.221,118.309,6576910000
CHFJPY,20160202,0800,118.309,118.501,118.231,118.398,11294580000
CHFJPY,20160202,0900,118.398,118.438,118.244,118.253,7893070000
CHFJPY,20160202,1000,118.252,118.327,118.150,118.165,7575820000
CHFJPY,20160202,1100,118.170,118.364,118.125,118.217,6224830000
CHFJPY,20160202,1200,118.217,118.393,118.170,118.245,5977000000
CHFJPY,20160202,1300,118.244,118.303,118.147,118.220,8175490000
CHFJPY,20160202,1400,118.223,118.304,118.056,118.138,12626490000
CHFJPY,20160202,1500,118.135,118.257,117.805,117.865,13562760000
CHFJPY,20160202,1600,117.870,118.214,117.834,118.120,10010170000
CHFJPY,20160202,1700,118.120,118.146,117.946,118.000,6876580000
CHFJPY,20160202,1800,117.998,117.998,117.765,117.796,6557180000
CHFJPY,20160202,1900,117.795,117.889,117.588,117.725,6023150000
CHFJPY,20160202,2000,117.732,117.797,117.620,117.769,8220350000
CHFJPY,20160202,2100,117.762,117.809,117.690,117.731,2509350000
CHFJPY,20160202,2200,117.719,117.754,117.455,117.525,3649120000
CHFJPY,20160202,2300,117.536,117.678,117.526,117.627,3578340000
CHFJPY,20160203,0000,117.628,117.687,117.531,117.576,7352410000
CHFJPY,20160203,0100,117.575,117.608,117.392,117.517,8545300000
CHFJPY,20160203,0200,117.518,117.604,117.434,117.460,5562630000
CHFJPY,20160203,0300,117.461,117.532,117.261,117.501,6049790000
CHFJPY,20160203,0400,117.501,117.563,117.425,117.462,4233130000
CHFJPY,20160203,0500,117.466,117.527,117.396,117.409,4630270000
CHFJPY,20160203,0600,117.410,117.558,117.340,117.554,4334700000
CHFJPY,20160203,0700,117.555,117.769,117.553,117.697,7251060000
CHFJPY,20160203,0800,117.698,117.801,117.629,117.728,10711980000
CHFJPY,20160203,0900,117.729,117.729,117.503,117.551,9683610000
CHFJPY,20160203,1000,117.553,117.587,117.318,117.366,11649000000
CHFJPY,20160203,1100,117.367,117.602,117.360,117.462,8564600000
CHFJPY,20160203,1200,117.467,117.624,117.428,117.526,8212150000
CHFJPY,20160203,1300,117.525,117.627,117.338,117.517,12961910000
CHFJPY,20160203,1400,117.517,117.674,117.131,117.144,14721480000
CHFJPY,20160203,1500,117.132,117.299,116.851,117.023,21829910000
CHFJPY,20160203,1600,117.021,117.125,116.862,117.079,16054750000
CHFJPY,20160203,1700,117.077,117.139,116.915,117.107,10344710000
CHFJPY,20160203,1800,117.109,117.218,116.897,117.177,12536200000
CHFJPY,20160203,1900,117.176,117.251,116.994,117.073,11771120000
CHFJPY,20160203,2000,117.071,117.299,116.995,117.196,9481850000
CHFJPY,20160203,2100,117.196,117.370,117.190,117.358,2914430000
CHFJPY,20160203,2200,117.348,117.413,117.259,117.330,2779860000
CHFJPY,20160203,2300,117.330,117.603,117.286,117.528,5670900000
CHFJPY,20160204,0000,117.523,117.583,117.266,117.286,8766030000
CHFJPY,20160204,0100,117.280,117.574,117.230,117.456,8758400000
CHFJPY,20160204,0200,117.454,117.474,117.308,117.380,6399160000
CHFJPY,20160204,0300,117.380,117.390,117.219,117.344,4470270000
CHFJPY,20160204,0400,117.343,117.425,117.195,117.306,5129970000
CHFJPY,20160204,0500,117.305,117.322,117.222,117.278,4589190000
CHFJPY,20160204,0600,117.282,117.420,117.228,117.250,3884700000
CHFJPY,20160204,0700,117.246,117.364,117.147,117.199,7552080000
CHFJPY,20160204,0800,117.198,117.414,116.964,117.266,15795660000
CHFJPY,20160204,0900,117.265,117.547,117.118,117.529,13493210000
CHFJPY,20160204,1000,117.529,117.579,117.194,117.296,11278270000
CHFJPY,20160204,1100,117.294,117.620,117.294,117.525,11365450000
CHFJPY,20160204,1200,117.524,117.896,117.476,117.655,12633790000
CHFJPY,20160204,1300,117.652,117.802,117.333,117.360,16569330000
CHFJPY,20160204,1400,117.360,117.575,117.201,117.541,17740220000
CHFJPY,20160204,1500,117.541,117.679,117.392,117.399,16102490000
CHFJPY,20160204,1600,117.399,117.659,117.388,117.597,14650920000
CHFJPY,20160204,1700,117.597,117.606,117.334,117.359,12192360000
CHFJPY,20160204,1800,117.362,117.442,117.282,117.356,9341060000
CHFJPY,20160204,1900,117.359,117.591,117.324,117.577,8929750000
CHFJPY,20160204,2000,117.579,117.600,117.470,117.551,6922320000
CHFJPY,20160204,2100,117.556,117.655,117.502,117.502,2098070000
CHFJPY,20160204,2200,117.522,117.659,117.516,117.517,2345470000
CHFJPY,20160204,2300,117.533,117.666,117.533,117.616,2088760000
CHFJPY,20160205,0000,117.611,117.809,117.549,117.706,5952350000
CHFJPY,20160205,0100,117.710,117.737,117.591,117.614,4946540000
CHFJPY,20160205,0200,117.611,117.685,117.503,117.526,3338810000
CHFJPY,20160205,0300,117.524,117.597,117.351,117.390,3665140000
CHFJPY,20160205,0400,117.390,117.470,117.289,117.367,5324200000
CHFJPY,20160205,0500,117.372,117.560,117.326,117.470,5143290000
CHFJPY,20160205,0600,117.467,117.557,117.419,117.428,3951250000
CHFJPY,20160205,0700,117.427,117.563,117.391,117.520,7182900000
CHFJPY,20160205,0800,117.519,117.782,117.474,117.767,11708900000
CHFJPY,20160205,0900,117.767,117.985,117.727,117.904,10217690000
CHFJPY,20160205,1000,117.904,117.956,117.781,117.861,7929900000
CHFJPY,20160205,1100,117.861,117.902,117.767,117.792,6732310000
CHFJPY,20160205,1200,117.794,117.836,117.697,117.720,6671780000
CHFJPY,20160205,1300,117.721,117.920,117.531,117.640,18378080000
CHFJPY,20160205,1400,117.640,117.778,117.488,117.502,18432030000
CHFJPY,20160205,1500,117.501,117.916,117.352,117.786,16876830000
CHFJPY,20160205,1600,117.788,117.924,117.677,117.698,11719820000
CHFJPY,20160205,1700,117.700,117.888,117.670,117.775,7803310001
CHFJPY,20160205,1800,117.774,118.029,117.767,118.007,7951000000
CHFJPY,20160205,1900,118.007,118.007,117.864,117.877,6173160000
CHFJPY,20160205,2000,117.876,117.944,117.840,117.894,4861810000
CHFJPY,20160205,2100,117.893,117.972,117.735,117.837,2769580000
CHFJPY,20160207,2200,117.733,117.933,117.704,117.840,2151980000
CHFJPY,20160207,2300,117.843,117.876,117.730,117.770,4729190000
CHFJPY,20160208,0000,117.772,117.890,117.688,117.838,4240160000
CHFJPY,20160208,0100,117.840,118.022,117.812,117.983,3889290000
CHFJPY,20160208,0200,117.983,118.068,117.943,117.972,3089780000
CHFJPY,20160208,0300,117.980,117.993,117.897,117.948,2749260000
CHFJPY,20160208,0400,117.946,118.070,117.919,118.065,3265660000
CHFJPY,20160208,0500,118.064,118.190,118.062,118.155,3376410000
CHFJPY,20160208,0600,118.155,118.245,118.036,118.201,2930500000
CHFJPY,20160208,0700,118.198,118.199,117.991,118.027,6818960000
CHFJPY,20160208,0800,118.028,118.095,117.885,117.998,11017730000
CHFJPY,20160208,0900,117.996,117.996,117.734,117.749,12948740000
CHFJPY,20160208,1000,117.748,117.859,117.626,117.626,10887460000
CHFJPY,20160208,1100,117.624,117.637,117.071,117.143,11610800000
CHFJPY,20160208,1200,117.148,117.170,116.809,116.916,12435810000
CHFJPY,20160208,1300,116.913,116.953,116.772,116.927,12889740000
CHFJPY,20160208,1400,116.926,117.045,116.824,116.990,15968780000
CHFJPY,20160208,1500,116.993,117.111,116.683,116.731,18340460000
CHFJPY,20160208,1600,116.736,117.093,116.736,117.037,16193640000
CHFJPY,20160208,1700,117.040,117.068,116.794,116.820,9289220000
CHFJPY,20160208,1800,116.817,116.984,116.745,116.903,8298240000
CHFJPY,20160208,1900,116.902,117.218,116.892,117.117,8708100000
CHFJPY,20160208,2000,117.118,117.370,117.091,117.224,8194210000
CHFJPY,20160208,2100,117.224,117.376,117.194,117.338,2773690000
CHFJPY,20160208,2200,117.338,117.346,116.946,116.982,3563060000
CHFJPY,20160208,2300,116.987,117.206,116.975,117.143,4104450000
CHFJPY,20160209,0000,117.143,117.165,116.884,116.999,6986270000
CHFJPY,20160209,0100,117.001,117.001,116.546,116.941,8166530000
CHFJPY,20160209,0200,116.937,116.938,116.279,116.592,8429320000
CHFJPY,20160209,0300,116.592,116.592,116.097,116.425,10813090000
CHFJPY,20160209,0400,116.425,116.498,116.213,116.342,7598930000
CHFJPY,20160209,0500,116.344,116.619,116.264,116.549,6892450000
CHFJPY,20160209,0600,116.547,116.649,116.430,116.606,5422240000
CHFJPY,20160209,0700,116.609,117.042,116.488,116.977,11818910000
CHFJPY,20160209,0800,116.977,117.282,116.841,117.151,16286610000
CHFJPY,20160209,0900,117.146,117.326,116.965,117.218,13488910000
CHFJPY,20160209,1000,117.219,117.720,117.144,117.660,12649050000
CHFJPY,20160209,1100,117.658,117.658,117.255,117.282,11259410000
CHFJPY,20160209,1200,117.290,117.397,117.157,117.214,13095010000
CHFJPY,20160209,1300,117.212,117.792,117.209,117.574,16799710000
CHFJPY,20160209,1400,117.573,118.160,117.518,118.136,17434410000
CHFJPY,20160209,1500,118.135,118.522,118.122,118.209,18964150000
CHFJPY,20160209,1600,118.209,118.604,118.200,118.251,15704120000
CHFJPY,20160209,1700,118.251,118.423,118.192,118.243,11324890000
CHFJPY,20160209,1800,118.244,118.280,117.969,118.014,9650500000
CHFJPY,20160209,1900,118.014,118.279,118.009,118.265,9744460000
CHFJPY,20160209,2000,118.261,118.471,118.261,118.433,8159780000
CHFJPY,20160209,2100,118.445,118.502,118.308,118.324,2592540000
CHFJPY,20160209,2200,118.301,118.347,118.127,118.233,3652110000
CHFJPY,20160209,2300,118.231,118.438,118.231,118.362,4293680000
CHFJPY,20160210,0000,118.359,118.398,117.811,117.870,8793960000
CHFJPY,20160210,0100,117.869,117.916,117.635,117.814,10946780000
CHFJPY,20160210,0200,117.817,118.416,117.777,117.891,11536550000
CHFJPY,20160210,0300,117.891,118.077,117.824,117.868,7892140000
CHFJPY,20160210,0400,117.865,117.921,117.555,117.662,11735390000
CHFJPY,20160210,0500,117.668,117.867,117.656,117.783,9336690000
CHFJPY,20160210,0600,117.785,118.032,117.758,117.981,5566310000
CHFJPY,20160210,0700,117.977,118.145,117.942,118.006,9713330000
CHFJPY,20160210,0800,118.006,118.064,117.652,117.935,14774850000
CHFJPY,20160210,0900,117.936,118.111,117.824,117.998,12342240000
CHFJPY,20160210,1000,118.000,118.181,117.943,118.042,10531390000
CHFJPY,20160210,1100,118.041,118.168,117.948,118.042,9644830000
CHFJPY,20160210,1200,118.046,118.250,118.012,118.205,9529350000
CHFJPY,20160210,1300,118.199,118.233,117.640,117.745,15492690000
CHFJPY,20160210,1400,117.747,117.804,117.413,117.620,16982420000
CHFJPY,20160210,1500,117.619,117.637,116.893,116.897,18620800000
CHFJPY,20160210,1600,116.896,117.080,116.598,116.606,20200230000
CHFJPY,20160210,1700,116.608,116.776,116.412,116.771,14580030000
CHFJPY,20160210,1800,116.765,116.938,116.680,116.915,9206350000
CHFJPY,20160210,1900,116.913,117.031,116.763,116.815,8257270000
CHFJPY,20160210,2000,116.815,116.846,116.379,116.551,10248680000
CHFJPY,20160210,2100,116.555,116.680,116.362,116.387,4795880000
CHFJPY,20160210,2200,116.392,116.631,116.375,116.537,2305660000
CHFJPY,20160210,2300,116.537,116.621,116.247,116.343,4492150000
CHFJPY,20160211,0000,116.343,116.494,115.964,116.093,9066090000
CHFJPY,20160211,0100,116.097,116.167,115.932,116.144,9128930000
CHFJPY,20160211,0200,116.142,116.198,115.984,116.112,6621030000
CHFJPY,20160211,0300,116.111,116.111,115.946,116.008,5051270000
CHFJPY,20160211,0400,116.007,116.009,115.817,115.903,6274260000
CHFJPY,20160211,0500,115.903,116.012,115.870,115.934,4974840000
CHFJPY,20160211,0600,115.934,115.986,115.583,115.793,6628580000
CHFJPY,20160211,0700,115.793,115.938,115.716,115.897,7977160000
CHFJPY,20160211,0800,115.896,115.908,114.811,115.064,19207530000
CHFJPY,20160211,0900,115.061,115.237,114.746,115.112,16870840000
CHFJPY,20160211,1000,115.111,115.326,114.933,115.182,12788730000
CHFJPY,20160211,1100,115.181,115.217,114.664,114.769,13078390000
CHFJPY,20160211,1200,114.770,115.944,114.466,115.430,18420730000
CHFJPY,20160211,1300,115.432,115.736,115.300,115.571,17079790000
CHFJPY,20160211,1400,115.575,115.696,115.357,115.437,18912120000
CHFJPY,20160211,1500,115.432,115.491,114.910,114.924,18793430000
CHFJPY,20160211,1600,114.920,115.364,114.886,115.076,16742880000
CHFJPY,20160211,1700,115.077,115.316,115.073,115.175,11327340000
CHFJPY,20160211,1800,115.175,115.337,115.157,115.304,12028770000
CHFJPY,20160211,1900,115.302,115.659,115.242,115.557,13882270000
CHFJPY,20160211,2000,115.550,115.692,115.440,115.568,9616260000
CHFJPY,20160211,2100,115.565,115.696,115.496,115.567,4015310000
CHFJPY,20160211,2200,115.567,115.809,115.535,115.679,2484030000
CHFJPY,20160211,2300,115.678,115.767,115.546,115.664,3767490000
CHFJPY,20160212,0000,115.659,115.708,115.163,115.437,12335510000
CHFJPY,20160212,0100,115.437,115.471,115.223,115.441,8320300000
CHFJPY,20160212,0200,115.441,115.441,115.101,115.282,7855500000
CHFJPY,20160212,0300,115.282,115.953,115.271,115.904,8732810000
CHFJPY,20160212,0400,115.905,115.907,115.495,115.658,8124060000
CHFJPY,20160212,0500,115.657,115.761,115.347,115.468,8164450000
CHFJPY,20160212,0600,115.474,115.492,114.787,114.893,7060350000
CHFJPY,20160212,0700,114.893,115.356,114.883,114.962,11467290000
CHFJPY,20160212,0800,114.965,115.492,114.918,115.323,17085550000
CHFJPY,20160212,0900,115.326,115.449,115.173,115.414,12099580000
CHFJPY,20160212,1000,115.408,115.574,115.288,115.548,10310260000
CHFJPY,20160212,1100,115.554,115.585,115.345,115.485,8899930000
CHFJPY,20160212,1200,115.485,115.728,115.470,115.591,9858490000
CHFJPY,20160212,1300,115.591,115.713,115.477,115.610,14663610000
CHFJPY,20160212,1400,115.612,115.642,115.421,115.459,16641590000
CHFJPY,20160212,1500,115.454,115.629,115.325,115.377,16615960000
CHFJPY,20160212,1600,115.374,115.705,115.374,115.637,13416470000
CHFJPY,20160212,1700,115.639,115.988,115.636,115.927,7274620000
CHFJPY,20160212,1800,115.929,116.199,115.925,116.097,7001160000
CHFJPY,20160212,1900,116.096,116.249,116.011,116.070,6946660000
CHFJPY,20160212,2000,116.066,116.105,115.957,116.009,4546210000
CHFJPY,20160212,2100,116.008,116.038,115.749,115.804,3610070000
CHFJPY,20160214,2200,115.997,116.147,115.900,116.100,2072320000
CHFJPY,20160214,2300,116.106,116.224,116.018,116.178,5156310000
CHFJPY,20160215,0000,116.176,116.177,115.855,115.871,7491960000
CHFJPY,20160215,0100,115.875,116.218,115.875,116.081,7431390000
CHFJPY,20160215,0200,116.081,116.209,115.972,116.176,6243400000
CHFJPY,20160215,0300,116.182,116.313,116.146,116.298,5005360000
CHFJPY,20160215,0400,116.298,116.310,116.133,116.189,5111940000
CHFJPY,20160215,0500,116.189,116.279,116.157,116.222,5460050000
CHFJPY,20160215,0600,116.221,116.358,116.183,116.235,5966090000
CHFJPY,20160215,0700,116.240,116.300,115.887,115.922,8153060000
CHFJPY,20160215,0800,115.927,115.971,115.676,115.702,12589040000
CHFJPY,20160215,0900,115.701,115.998,115.616,115.980,8992140000
CHFJPY,20160215,1000,115.981,116.029,115.838,115.864,6844490000
CHFJPY,20160215,1100,115.864,116.024,115.842,115.900,7093620000
CHFJPY,20160215,1200,115.898,115.908,115.793,115.899,6453750000
CHFJPY,20160215,1300,115.906,115.911,115.779,115.804,7738130000
CHFJPY,20160215,1400,115.801,115.908,115.638,115.766,10781210000
CHFJPY,20160215,1500,115.766,115.896,115.683,115.834,9919650000
CHFJPY,20160215,1600,115.833,116.068,115.829,116.060,6777370000
CHFJPY,20160215,1700,116.059,116.160,115.950,116.149,3918980000
CHFJPY,20160215,1800,116.144,116.171,115.992,115.994,2656890000
CHFJPY,20160215,1900,116.001,116.094,115.972,116.075,1379600000
CHFJPY,20160215,2000,116.071,116.099,115.994,115.994,1108320000
CHFJPY,20160215,2100,115.995,116.112,115.990,116.048,2185380000
CHFJPY,20160215,2200,116.048,116.152,115.955,115.965,2478910000
CHFJPY,20160215,2300,115.961,116.035,115.916,115.944,3622660000
CHFJPY,20160216,0000,115.940,116.293,115.887,116.257,6915690000
CHFJPY,20160216,0100,116.257,116.282,116.071,116.114,6225920000
CHFJPY,20160216,0200,116.112,116.206,116.085,116.148,5370770000
CHFJPY,20160216,0300,116.148,116.283,116.095,116.267,4555530000
CHFJPY,20160216,0400,116.266,116.266,116.032,116.143,5445830000
CHFJPY,20160216,0500,116.142,116.142,115.915,115.951,4608560000
CHFJPY,20160216,0600,115.957,116.003,115.849,115.962,3571110000
CHFJPY,20160216,0700,115.965,115.965,115.748,115.937,7340090000
CHFJPY,20160216,0800,115.939,116.044,115.741,115.914,11783360000
CHFJPY,20160216,0900,115.914,115.914,115.436,115.453,13309020000
CHFJPY,20160216,1000,115.450,115.508,115.181,115.253,11012760000
CHFJPY,20160216,1100,115.253,115.511,115.250,115.504,8830790000
CHFJPY,20160216,1200,115.502,115.532,115.282,115.317,9637950000
CHFJPY,20160216,1300,115.317,115.496,115.190,115.440,12727500000
CHFJPY,20160216,1400,115.441,115.603,115.243,115.319,12966060000
CHFJPY,20160216,1500,115.322,115.372,115.003,115.119,13792480000
CHFJPY,20160216,1600,115.121,115.246,115.040,115.230,10136310000
CHFJPY,20160216,1700,115.227,115.284,115.196,115.203,5223280000
CHFJPY,20160216,1800,115.201,115.244,115.129,115.242,5681540000
CHFJPY,20160216,1900,115.241,115.270,115.176,115.206,4592560000
CHFJPY,20160216,2000,115.205,115.299,115.153,115.270,3028440000
CHFJPY,20160216,2100,115.268,115.429,115.239,115.351,1848440000
CHFJPY,20160216,2200,115.349,115.527,115.318,115.515,1831690000
CHFJPY,20160216,2300,115.511,115.547,115.401,115.454,2330730000
CHFJPY,20160217,0000,115.454,115.604,115.406,115.541,6125280000
CHFJPY,20160217,0100,115.545,115.550,115.247,115.295,6855170000
CHFJPY,20160217,0200,115.296,115.439,115.231,115.360,4101780000
CHFJPY,20160217,0300,115.361,115.395,115.155,115.195,4498500000
CHFJPY,20160217,0400,115.193,115.339,115.168,115.264,6194890000
CHFJPY,20160217,0500,115.261,115.460,115.226,115.400,6288000000
CHFJPY,20160217,0600,115.401,115.422,115.182,115.185,4783450000
CHFJPY,20160217,0700,115.184,115.224,114.941,114.983,8575200000
CHFJPY,20160217,0800,114.979,115.343,114.973,115.277,12501850000
CHFJPY,20160217,0900,115.282,115.321,115.063,115.097,10802310000
CHFJPY,20160217,1000,115.095,115.286,115.035,115.176,9418920000
CHFJPY,20160217,1100,115.172,115.284,115.063,115.261,8988370000
CHFJPY,20160217,1200,115.260,115.291,115.101,115.286,8688590000
CHFJPY,20160217,1300,115.286,115.362,115.044,115.096,11139620000
CHFJPY,20160217,1400,115.096,115.182,114.973,115.075,13570280000
CHFJPY,20160217,1500,115.075,115.286,115.017,115.031,12351110000
CHFJPY,20160217,1600,115.033,115.194,114.955,114.977,10865020000
CHFJPY,20160217,1700,114.977,115.146,114.952,115.125,5377690000
CHFJPY,20160217,1800,115.125,115.176,114.990,115.015,4975320000
CHFJPY,20160217,1900,115.012,115.082,114.724,114.803,9250990000
CHFJPY,20160217,2000,114.805,114.820,114.693,114.709,5638720000
CHFJPY,20160217,2100,114.711,114.954,114.703,114.934,2601860000
CHFJPY,20160217,2200,114.938,114.972,114.853,114.934,2552940000
CHFJPY,20160217,2300,114.934,115.132,114.907,115.107,3596270000
CHFJPY,20160218,0000,115.104,115.135,114.827,114.855,5742100000
CHFJPY,20160218,0100,114.855,114.976,114.764,114.816,5569220000
CHFJPY,20160218,0200,114.812,114.964,114.768,114.941,4953770000
CHFJPY,20160218,0300,114.940,115.025,114.847,114.881,4694010000
CHFJPY,20160218,0400,114.887,114.983,114.841,114.924,3775230000
CHFJPY,20160218,0500,114.925,115.022,114.857,114.857,5130800000
CHFJPY,20160218,0600,114.859,114.967,114.847,114.847,5264000000
CHFJPY,20160218,0700,114.843,114.977,114.759,114.782,7041220000
CHFJPY,20160218,0800,114.782,114.833,114.567,114.651,12538150000
CHFJPY,20160218,0900,114.648,114.859,114.627,114.702,8323920000
CHFJPY,20160218,1000,114.702,114.779,114.588,114.665,7515290000
CHFJPY,20160218,1100,114.666,114.765,114.427,114.443,8818270000
CHFJPY,20160218,1200,114.442,114.583,114.298,114.360,9076810000
CHFJPY,20160218,1300,114.362,114.457,114.321,114.422,9280110000
CHFJPY,20160218,1400,114.424,114.474,114.165,114.361,10487680000
CHFJPY,20160218,1500,114.358,114.365,114.164,114.341,12539450000
CHFJPY,20160218,1600,114.334,114.377,114.113,114.306,12457370000
CHFJPY,20160218,1700,114.306,114.401,114.233,114.272,5679440000
CHFJPY,20160218,1800,114.274,114.395,114.167,114.217,6713720000
CHFJPY,20160218,1900,114.217,114.289,114.113,114.142,5743820000
CHFJPY,20160218,2000,114.146,114.252,113.883,113.979,6290890000
CHFJPY,20160218,2100,113.979,114.063,113.918,114.008,2785440000
CHFJPY,20160218,2200,114.003,114.087,113.901,114.087,1840900000
CHFJPY,20160218,2300,114.093,114.143,113.992,114.022,3056150000
CHFJPY,20160219,0000,114.024,114.062,113.821,113.830,7359670000
CHFJPY,20160219,0100,113.830,113.929,113.669,113.712,6329730000
CHFJPY,20160219,0200,113.709,113.890,113.692,113.885,3997140000
CHFJPY,20160219,0300,113.884,113.952,113.797,113.823,3857970000
CHFJPY,20160219,0400,113.825,113.874,113.715,113.828,4256910000
CHFJPY,20160219,0500,113.827,114.069,113.811,114.027,5033490000
CHFJPY,20160219,0600,114.027,114.108,113.896,113.906,3924070000
CHFJPY,20160219,0700,113.906,114.006,113.751,113.803,6606850000
CHFJPY,20160219,0800,113.803,114.001,113.771,113.803,12862830000
CHFJPY,20160219,0900,113.801,113.804,113.359,113.432,10805110000
CHFJPY,20160219,1000,113.432,113.510,113.294,113.479,8300460000
CHFJPY,20160219,1100,113.481,113.602,113.450,113.590,7190950000
CHFJPY,20160219,1200,113.591,113.973,113.561,113.840,9904270000
CHFJPY,20160219,1300,113.836,113.906,113.607,113.848,12607940000
CHFJPY,20160219,1400,113.849,113.996,113.786,113.915,13020790000
CHFJPY,20160219,1500,113.913,113.973,113.727,113.742,10598070000
CHFJPY,20160219,1600,113.740,113.837,113.621,113.622,10909380000
CHFJPY,20160219,1700,113.623,113.663,113.512,113.585,5744530000
CHFJPY,20160219,1800,113.586,113.705,113.560,113.641,4511120000
CHFJPY,20160219,1900,113.641,113.792,113.634,113.785,5354390000
CHFJPY,20160219,2000,113.785,113.785,113.675,113.751,3854660000
CHFJPY,20160219,2100,113.751,113.822,113.644,113.655,2447040000
CHFJPY,20160221,2200,113.642,113.810,113.585,113.598,4045150000
CHFJPY,20160221,2300,113.598,113.687,113.487,113.565,4466750000
CHFJPY,20160222,0000,113.570,113.902,113.555,113.888,6063660000
CHFJPY,20160222,0100,113.888,114.003,113.836,113.868,6171980000
CHFJPY,20160222,0200,113.861,113.924,113.778,113.858,4585740000
CHFJPY,20160222,0300,113.859,113.964,113.840,113.875,4081690000
CHFJPY,20160222,0400,113.875,113.903,113.806,113.871,3159410000
CHFJPY,20160222,0500,113.871,113.960,113.826,113.888,3745870000
CHFJPY,20160222,0600,113.889,113.938,113.738,113.756,3408410000
CHFJPY,20160222,0700,113.756,113.824,113.605,113.642,8135830000
CHFJPY,20160222,0800,113.640,113.858,113.629,113.757,11122300000
CHFJPY,20160222,0900,113.757,113.945,113.652,113.841,8841680000
CHFJPY,20160222,1000,113.841,113.891,113.688,113.740,7256480000
CHFJPY,20160222,1100,113.740,113.887,113.627,113.647,7326410000
CHFJPY,20160222,1200,113.646,113.717,113.344,113.418,9076230000
CHFJPY,20160222,1300,113.419,113.518,113.242,113.246,9020200000
CHFJPY,20160222,1400,113.245,113.401,113.202,113.289,10443920000
CHFJPY,20160222,1500,113.290,113.381,113.128,113.132,9469900000
CHFJPY,20160222,1600,113.131,113.277,113.097,113.263,6837330000
CHFJPY,20160222,1700,113.263,113.353,113.196,113.208,4979490000
CHFJPY,20160222,1800,113.208,113.226,113.091,113.160,4560760000
CHFJPY,20160222,1900,113.163,113.166,112.905,112.911,4354220000
CHFJPY,20160222,2000,112.916,113.061,112.916,112.964,3479540000
CHFJPY,20160222,2100,112.967,113.060,112.909,112.909,2525730000
CHFJPY,20160222,2200,112.899,113.009,112.862,112.917,1732450000
CHFJPY,20160222,2300,112.914,113.048,112.896,112.933,3072680000
CHFJPY,20160223,0000,112.933,113.020,112.728,112.769,5928500000
CHFJPY,20160223,0100,112.776,112.776,112.273,112.373,7498120000
CHFJPY,20160223,0200,112.373,112.540,112.326,112.447,6338440000
CHFJPY,20160223,0300,112.449,112.507,112.330,112.476,5088620000
CHFJPY,20160223,0400,112.486,112.910,112.401,112.802,6946970000
CHFJPY,20160223,0500,112.797,112.884,112.734,112.861,5144630000
CHFJPY,20160223,0600,112.858,112.920,112.711,112.795,4320260000
CHFJPY,20160223,0700,112.795,112.884,112.582,112.794,7535400000
CHFJPY,20160223,0800,112.796,112.857,112.603,112.768,11828320000
CHFJPY,20160223,0900,112.768,112.778,112.360,112.442,11712610000
CHFJPY,20160223,1000,112.442,112.698,112.426,112.682,8400110000
CHFJPY,20160223,1100,112.682,112.846,112.552,112.660,7518720000
CHFJPY,20160223,1200,112.660,112.847,112.618,112.753,6715190000
CHFJPY,20160223,1300,112.755,113.121,112.686,113.109,9293460000
CHFJPY,20160223,1400,113.112,113.163,112.885,112.970,11505550000
CHFJPY,20160223,1500,112.997,113.125,112.874,113.108,11780490000
CHFJPY,20160223,1600,113.110,113.165,113.017,113.071,9710770000
CHFJPY,20160223,1700,113.074,113.264,112.987,113.203,5238490000
CHFJPY,20160223,1800,113.205,113.235,113.053,113.073,3657920000
CHFJPY,20160223,1900,113.074,113.098,112.869,112.882,3995820000
CHFJPY,20160223,2000,112.882,113.038,112.874,113.006,3204220000
CHFJPY,20160223,2100,113.005,113.098,112.962,113.060,2164100000
CHFJPY,20160223,2200,113.037,113.102,112.895,112.914,2245630000
CHFJPY,20160223,2300,112.914,113.003,112.797,112.857,2984510000
CHFJPY,20160224,0000,112.856,112.954,112.758,112.906,6660190000
CHFJPY,20160224,0100,112.908,112.954,112.773,112.816,6351120000
CHFJPY,20160224,0200,112.821,112.826,112.737,112.769,3731820000
CHFJPY,20160224,0300,112.768,112.771,112.641,112.687,5050740000
CHFJPY,20160224,0400,112.686,112.689,112.454,112.512,5480530000
CHFJPY,20160224,0500,112.512,112.583,112.436,112.540,4475880000
CHFJPY,20160224,0600,112.543,112.670,112.480,112.611,3538310000
CHFJPY,20160224,0700,112.613,112.991,112.610,112.708,8432180000
CHFJPY,20160224,0800,112.712,112.827,112.588,112.815,10680100000
CHFJPY,20160224,0900,112.813,112.813,112.594,112.719,12775790000
CHFJPY,20160224,1000,112.718,112.742,112.565,112.672,9394340000
CHFJPY,20160224,1100,112.672,112.730,112.384,112.389,8354120000
CHFJPY,20160224,1200,112.391,112.643,112.390,112.634,9703710000
CHFJPY,20160224,1300,112.635,112.749,112.480,112.657,10901330000
CHFJPY,20160224,1400,112.657,112.778,112.404,112.725,12129410000
CHFJPY,20160224,1500,112.718,112.904,112.517,112.535,14475330000
CHFJPY,20160224,1600,112.535,112.943,112.520,112.920,11722140000
CHFJPY,20160224,1700,112.917,113.022,112.885,112.967,7111170000
CHFJPY,20160224,1800,112.967,113.093,112.896,112.970,6598400000
CHFJPY,20160224,1900,112.972,113.129,112.898,113.004,6815570000
CHFJPY,20160224,2000,113.001,113.290,112.992,113.169,5183070000
CHFJPY,20160224,2100,113.173,113.439,113.173,113.436,3212800000
CHFJPY,20160224,2200,113.416,113.463,113.290,113.298,3506810000
CHFJPY,20160224,2300,113.295,113.313,113.147,113.267,4136370000
CHFJPY,20160225,0000,113.265,113.432,113.177,113.410,6671540000
CHFJPY,20160225,0100,113.410,113.430,113.246,113.356,5531570000
CHFJPY,20160225,0200,113.353,113.608,113.299,113.571,4246090000
CHFJPY,20160225,0300,113.571,113.611,113.457,113.521,3434310000
CHFJPY,20160225,0400,113.522,113.887,113.506,113.825,4639040000
CHFJPY,20160225,0500,113.825,113.853,113.686,113.753,5627570000
CHFJPY,20160225,0600,113.750,113.857,113.460,113.505,5650730000
CHFJPY,20160225,0700,113.500,113.502,113.126,113.286,7624390000
CHFJPY,20160225,0800,113.286,113.322,113.110,113.145,12196090000
CHFJPY,20160225,0900,113.144,113.277,113.093,113.135,9878890000
CHFJPY,20160225,1000,113.138,113.320,113.063,113.314,8268330000
CHFJPY,20160225,1100,113.314,113.385,113.202,113.336,6297420000
CHFJPY,20160225,1200,113.338,113.716,113.316,113.471,8953730000
CHFJPY,20160225,1300,113.470,113.545,113.277,113.442,10231120000
CHFJPY,20160225,1400,113.442,113.705,113.371,113.635,12411520000
CHFJPY,20160225,1500,113.633,114.055,113.536,113.936,12137090000
CHFJPY,20160225,1600,113.936,113.936,113.767,113.881,9737740000
CHFJPY,20160225,1700,113.881,113.977,113.768,113.922,6266100000
CHFJPY,20160225,1800,113.925,114.224,113.913,114.107,5597250000
CHFJPY,20160225,1900,114.111,114.146,113.983,114.061,5011940000
CHFJPY,20160225,2000,114.057,114.099,113.973,114.051,4548830000
CHFJPY,20160225,2100,114.050,114.108,113.987,114.076,2273540000
CHFJPY,20160225,2200,114.069,114.096,113.958,113.991,2609680000
CHFJPY,20160225,2300,113.980,114.268,113.951,114.247,3057000000
CHFJPY,20160226,0000,114.246,114.416,114.200,114.409,5285820000
CHFJPY,20160226,0100,114.409,114.464,114.160,114.186,5895970000
CHFJPY,20160226,0200,114.201,114.298,114.074,114.227,4519660000
CHFJPY,20160226,0300,114.229,114.342,114.148,114.309,3636650000
CHFJPY,20160226,0400,114.312,114.326,114.212,114.236,3331030000
CHFJPY,20160226,0500,114.236,114.273,113.956,113.982,4904030000
CHFJPY,20160226,0600,113.982,114.097,113.974,114.030,5009950000
CHFJPY,20160226,0700,114.033,114.185,114.031,114.119,5149570000
CHFJPY,20160226,0800,114.121,114.127,113.795,113.813,9512490000
CHFJPY,20160226,0900,113.819,113.926,113.727,113.901,7590020000
CHFJPY,20160226,1000,113.901,114.022,113.881,114.005,6176240000
CHFJPY,20160226,1100,114.005,114.025,113.721,113.808,6646440000
CHFJPY,20160226,1200,113.809,113.888,113.715,113.793,6363710000
CHFJPY,20160226,1300,113.790,114.054,113.691,113.854,10583680000
CHFJPY,20160226,1400,113.850,114.024,113.778,113.992,11838890000
CHFJPY,20160226,1500,113.995,114.106,113.878,114.085,12834880000
CHFJPY,20160226,1600,114.085,114.256,114.026,114.167,10171330000
CHFJPY,20160226,1700,114.164,114.241,114.086,114.155,6753330000
CHFJPY,20160226,1800,114.152,114.169,114.011,114.071,5280410000
CHFJPY,20160226,1900,114.077,114.214,114.050,114.145,6453920000
CHFJPY,20160226,2000,114.146,114.381,114.142,114.381,3201830000
CHFJPY,20160226,2100,114.381,114.407,114.258,114.258,2640890000
CHFJPY,20160228,2200,114.211,114.268,113.962,113.969,1634060000
CHFJPY,20160228,2300,113.980,114.075,113.852,114.071,3400230000
CHFJPY,20160229,0000,114.072,114.177,113.876,113.923,5366150000
CHFJPY,20160229,0100,113.919,113.972,113.702,113.818,6178320000
CHFJPY,20160229,0200,113.816,113.877,113.623,113.651,4937320000
CHFJPY,20160229,0300,113.653,113.692,113.563,113.596,2901720000
CHFJPY,20160229,0400,113.600,113.659,113.472,113.492,3170100000
CHFJPY,20160229,0500,113.493,113.517,113.301,113.327,5750390000
CHFJPY,20160229,0600,113.327,113.419,113.222,113.372,5278560000
CHFJPY,20160229,0700,113.372,113.557,113.284,113.417,5943590000
CHFJPY,20160229,0800,113.419,113.446,112.964,112.967,11390420000
CHFJPY,20160229,0900,112.967,113.163,112.854,112.861,9162380000
CHFJPY,20160229,1000,112.861,113.032,112.670,112.868,11011890000
CHFJPY,20160229,1100,112.863,112.881,112.517,112.775,8185370000
CHFJPY,20160229,1200,112.775,112.921,112.654,112.844,7257600000
CHFJPY,20160229,1300,112.844,113.044,112.789,113.011,9127430000
CHFJPY,20160229,1400,113.011,113.030,112.828,112.883,11506810000
CHFJPY,20160229,1500,112.887,113.381,112.720,113.335,13520550000
CHFJPY,20160229,1600,113.335,113.507,113.160,113.335,9597699999
CHFJPY,20160229,1700,113.334,113.340,113.163,113.308,4081530000
CHFJPY,20160229,1800,113.310,113.354,113.066,113.069,3426110000
CHFJPY,20160229,1900,113.067,113.134,112.812,112.942,5540140000
CHFJPY,20160229,2000,112.942,113.006,112.897,112.900,3340330000
CHFJPY,20160229,2100,112.899,112.979,112.830,112.850,2140400000
CHFJPY,20160229,2200,112.841,112.901,112.354,112.558,4552749999
CHFJPY,20160229,2300,112.558,112.672,112.440,112.627,3808020000
CHFJPY,20160301,0000,112.627,112.752,112.566,112.574,3634160000
CHFJPY,20160301,0100,112.582,112.661,112.464,112.530,5803900000
CHFJPY,20160301,0200,112.530,112.668,112.497,112.567,4704710000
CHFJPY,20160301,0300,112.564,112.812,112.551,112.804,4077290000
CHFJPY,20160301,0400,112.804,112.972,112.720,112.910,3995090000
CHFJPY,20160301,0500,112.908,112.908,112.782,112.873,5342490000
CHFJPY,20160301,0600,112.879,113.069,112.866,112.940,4489290000
CHFJPY,20160301,0700,112.937,113.223,112.912,113.132,8255890000
CHFJPY,20160301,0800,113.133,113.381,113.023,113.228,11026200000
CHFJPY,20160301,0900,113.228,113.336,112.999,113.052,8290720000
CHFJPY,20160301,1000,113.050,113.272,113.040,113.208,7645340000
CHFJPY,20160301,1100,113.209,113.226,113.110,113.152,6594540000
CHFJPY,20160301,1200,113.152,113.301,113.117,113.215,5424260000
CHFJPY,20160301,1300,113.215,113.272,113.121,113.240,7624390000
CHFJPY,20160301,1400,113.241,113.505,113.192,113.456,11072940000
CHFJPY,20160301,1500,113.456,114.061,113.456,113.795,15449940000
CHFJPY,20160301,1600,113.797,114.012,113.728,114.000,9993880000
CHFJPY,20160301,1700,114.001,114.086,113.872,114.039,7492910000
CHFJPY,20160301,1800,114.039,114.290,114.024,114.256,4788320000
CHFJPY,20160301,1900,114.256,114.396,114.256,114.358,5930770000
CHFJPY,20160301,2000,114.363,114.378,114.191,114.222,4032470000
CHFJPY,20160301,2100,114.223,114.335,114.171,114.240,2883730000
CHFJPY,20160301,2200,114.240,114.425,114.240,114.324,2811000000
CHFJPY,20160301,2300,114.327,114.419,114.250,114.281,2335220000
CHFJPY,20160302,0000,114.281,114.461,114.130,114.281,5783510000
CHFJPY,20160302,0100,114.281,114.418,114.277,114.386,5641040000
CHFJPY,20160302,0200,114.384,114.385,114.189,114.215,4727800000
CHFJPY,20160302,0300,114.215,114.237,114.005,114.084,3843290000
CHFJPY,20160302,0400,114.084,114.175,114.008,114.021,4306770000
CHFJPY,20160302,0500,114.020,114.133,113.978,113.985,3236730000
CHFJPY,20160302,0600,113.984,114.417,113.973,114.417,5673210000
CHFJPY,20160302,0700,114.416,114.508,114.308,114.366,6120530000
CHFJPY,20160302,0800,114.368,114.584,114.319,114.433,9016840000
CHFJPY,20160302,0900,114.434,114.628,114.378,114.551,7616670000
CHFJPY,20160302,1000,114.554,114.620,114.426,114.481,7550260000
CHFJPY,20160302,1100,114.483,114.636,114.447,114.497,7111660000
CHFJPY,20160302,1200,114.497,114.523,114.404,114.466,6360710000
CHFJPY,20160302,1300,114.466,114.542,114.176,114.300,12365370000
CHFJPY,20160302,1400,114.300,114.320,113.854,114.017,13810110000
CHFJPY,20160302,1500,114.017,114.193,113.773,113.849,12810580000
CHFJPY,20160302,1600,113.847,114.069,113.830,114.017,10762310000
CHFJPY,20160302,1700,114.020,114.156,113.976,114.083,6051330000
CHFJPY,20160302,1800,114.086,114.095,113.807,113.855,5177220000
CHFJPY,20160302,1900,113.857,113.910,113.678,113.833,6375180000
CHFJPY,20160302,2000,113.831,113.874,113.715,113.749,4374110000
CHFJPY,20160302,2100,113.749,113.881,113.707,113.826,3263250000
CHFJPY,20160302,2200,113.826,114.036,113.791,113.985,2726190000
CHFJPY,20160302,2300,113.982,113.983,113.835,113.858,2204190000
CHFJPY,20160303,0000,113.861,114.101,113.777,114.084,3330820000
CHFJPY,20160303,0100,114.078,114.279,114.001,114.243,3927090000
CHFJPY,20160303,0200,114.242,114.242,114.099,114.121,3736950000
CHFJPY,20160303,0300,114.118,114.280,114.100,114.265,3526860000
CHFJPY,20160303,0400,114.264,114.409,114.222,114.336,4014680000
CHFJPY,20160303,0500,114.336,114.466,114.293,114.367,4446620000
CHFJPY,20160303,0600,114.367,114.565,114.331,114.402,4400770000
CHFJPY,20160303,0700,114.402,114.446,114.318,114.371,5930740000
CHFJPY,20160303,0800,114.371,114.442,114.162,114.263,11907960000
CHFJPY,20160303,0900,114.263,114.365,114.157,114.213,10150620000
CHFJPY,20160303,1000,114.213,114.388,114.202,114.284,8864460000
CHFJPY,20160303,1100,114.283,114.392,114.242,114.334,6779490000
CHFJPY,20160303,1200,114.335,114.570,114.309,114.488,8458790000
CHFJPY,20160303,1300,114.488,114.671,114.461,114.613,11864370000
CHFJPY,20160303,1400,114.613,114.673,114.463,114.489,12599790000
CHFJPY,20160303,1500,114.489,114.607,114.343,114.362,16435840000
CHFJPY,20160303,1600,114.359,114.562,114.310,114.401,12706110000
CHFJPY,20160303,1700,114.399,114.535,114.369,114.483,8649220000
CHFJPY,20160303,1800,114.484,114.782,114.477,114.774,6898390000
CHFJPY,20160303,1900,114.771,114.791,114.565,114.578,4644510000
CHFJPY,20160303,2000,114.576,114.694,114.549,114.662,3905730000
CHFJPY,20160303,2100,114.662,114.692,114.526,114.566,3143300000
CHFJPY,20160303,2200,114.566,114.637,114.531,114.621,2343620000
CHFJPY,20160303,2300,114.621,114.672,114.519,114.541,3145230000
CHFJPY,20160304,0000,114.539,114.635,114.404,114.471,3949550000
CHFJPY,20160304,0100,114.471,114.490,114.095,114.112,4361779999
CHFJPY,20160304,0200,114.112,114.436,114.100,114.413,3293470000
CHFJPY,20160304,0300,114.413,114.626,114.369,114.555,3549280000
CHFJPY,20160304,0400,114.554,114.581,114.410,114.573,3667310000
CHFJPY,20160304,0500,114.573,114.771,114.516,114.752,4269030000
CHFJPY,20160304,0600,114.755,114.849,114.718,114.812,4081060000
CHFJPY,20160304,0700,114.816,114.874,114.706,114.726,7056010000
CHFJPY,20160304,0800,114.733,114.817,114.361,114.396,10733170000
CHFJPY,20160304,0900,114.396,114.662,114.329,114.534,10390420000
CHFJPY,20160304,1000,114.535,114.721,114.532,114.689,7085490000
CHFJPY,20160304,1100,114.691,114.779,114.603,114.649,6707880000
CHFJPY,20160304,1200,114.650,114.661,114.465,114.485,7615790000
CHFJPY,20160304,1300,114.485,114.618,114.182,114.402,15437100000
CHFJPY,20160304,1400,114.401,114.702,114.368,114.553,18004290000
CHFJPY,20160304,1500,114.556,114.831,114.477,114.554,15650710000
CHFJPY,20160304,1600,114.551,114.860,114.528,114.746,10324560000
CHFJPY,20160304,1700,114.749,114.783,114.624,114.643,6338400000
CHFJPY,20160304,1800,114.643,114.875,114.618,114.840,5325830000
CHFJPY,20160304,1900,114.841,114.874,114.525,114.642,5339160000
CHFJPY,20160304,2000,114.642,114.702,114.528,114.697,5495480000
CHFJPY,20160304,2100,114.695,114.792,114.511,114.515,3888730000
CHFJPY,20160306,2200,114.682,114.689,114.453,114.494,2246440000
CHFJPY,20160306,2300,114.498,114.537,114.389,114.454,3290810000
CHFJPY,20160307,0000,114.459,114.474,114.285,114.430,3972460000
CHFJPY,20160307,0100,114.429,114.493,114.287,114.462,5342030000
CHFJPY,20160307,0200,114.464,114.467,114.286,114.372,3947710000
CHFJPY,20160307,0300,114.376,114.397,114.257,114.290,2795760000
CHFJPY,20160307,0400,114.299,114.462,114.281,114.377,2230470000
CHFJPY,20160307,0500,114.378,114.413,114.335,114.372,2191220000
CHFJPY,20160307,0600,114.371,114.414,114.303,114.372,3559460000
CHFJPY,20160307,0700,114.377,114.432,114.089,114.092,6603150000
CHFJPY,20160307,0800,114.092,114.092,113.578,113.665,11787020000
CHFJPY,20160307,0900,113.665,113.719,113.533,113.557,7605310000
CHFJPY,20160307,1000,113.555,113.585,113.463,113.555,5648780000
CHFJPY,20160307,1100,113.557,113.615,113.521,113.550,5247240000
CHFJPY,20160307,1200,113.545,113.674,113.500,113.559,6579550000
CHFJPY,20160307,1300,113.558,113.591,113.355,113.503,8262460002
CHFJPY,20160307,1400,113.506,113.633,113.439,113.616,10009510000
CHFJPY,20160307,1500,113.617,114.001,113.593,113.681,10727930000
CHFJPY,20160307,1600,113.682,114.012,113.616,113.938,8504400000
CHFJPY,20160307,1700,113.939,114.283,113.937,114.201,6804960000
CHFJPY,20160307,1800,114.201,114.249,113.866,113.871,5777070000
CHFJPY,20160307,1900,113.870,113.916,113.766,113.838,6146430000
CHFJPY,20160307,2000,113.838,113.941,113.767,113.886,5364100000
CHFJPY,20160307,2100,113.886,113.976,113.851,113.951,2368500000
CHFJPY,20160307,2200,113.952,113.962,113.817,113.857,1667950000
CHFJPY,20160307,2300,113.857,113.997,113.772,113.957,2472010000
CHFJPY,20160308,0000,113.951,113.976,113.560,113.574,6781380000
CHFJPY,20160308,0100,113.574,113.681,113.354,113.487,7412030000
CHFJPY,20160308,0200,113.486,113.608,113.426,113.598,5411010000
CHFJPY,20160308,0300,113.596,113.747,113.528,113.652,4745090000
CHFJPY,20160308,0400,113.653,113.865,113.633,113.834,4794100000
CHFJPY,20160308,0500,113.836,113.936,113.814,113.861,4658370000
CHFJPY,20160308,0600,113.872,113.965,113.710,113.805,4480290000
CHFJPY,20160308,0700,113.811,113.870,113.661,113.789,6992530000
CHFJPY,20160308,0800,113.790,114.036,113.701,113.939,9879910000
CHFJPY,20160308,0900,113.943,114.021,113.832,113.871,8847770000
CHFJPY,20160308,1000,113.876,113.965,113.547,113.632,7322320000
CHFJPY,20160308,1100,113.627,113.694,113.429,113.689,7420190000
CHFJPY,20160308,1200,113.689,113.913,113.667,113.714,8963400000
CHFJPY,20160308,1300,113.716,113.879,113.697,113.857,11024160000
CHFJPY,20160308,1400,113.856,113.963,113.439,113.523,13389910000
CHFJPY,20160308,1500,113.523,113.569,113.358,113.371,13726850000
CHFJPY,20160308,1600,113.372,113.437,113.248,113.256,10652600000
CHFJPY,20160308,1700,113.255,113.313,113.041,113.106,7360370000
CHFJPY,20160308,1800,113.108,113.108,112.971,112.993,6085220000
CHFJPY,20160308,1900,112.993,113.092,112.961,113.010,5960520000
CHFJPY,20160308,2000,113.009,113.084,112.942,113.057,5111860000
CHFJPY,20160308,2100,113.054,113.127,113.035,113.081,2197320000
CHFJPY,20160308,2200,113.081,113.233,113.060,113.138,2441460000
CHFJPY,20160308,2300,113.138,113.143,113.002,113.071,3744480000
CHFJPY,20160309,0000,113.071,113.071,112.755,112.802,4536700000
CHFJPY,20160309,0100,112.803,112.855,112.676,112.812,5825660000
CHFJPY,20160309,0200,112.814,112.877,112.699,112.868,4410700000
CHFJPY,20160309,0300,112.868,112.924,112.794,112.877,4449900000
CHFJPY,20160309,0400,112.878,112.936,112.788,112.793,3186640000
CHFJPY,20160309,0500,112.793,112.889,112.736,112.752,5218630000
CHFJPY,20160309,0600,112.749,112.837,112.749,112.758,4122600000
CHFJPY,20160309,0700,112.758,112.877,112.703,112.794,6468340000
CHFJPY,20160309,0800,112.798,112.841,112.474,112.742,9664150000
CHFJPY,20160309,0900,112.742,112.824,112.619,112.630,8377650000
CHFJPY,20160309,1000,112.630,112.655,111.897,112.103,8606290000
CHFJPY,20160309,1100,112.103,112.400,112.027,112.375,7113020000
CHFJPY,20160309,1200,112.375,112.621,112.335,112.432,6871480000
CHFJPY,20160309,1300,112.432,112.661,112.430,112.506,9536670000
CHFJPY,20160309,1400,112.505,112.941,112.472,112.908,11219730000
CHFJPY,20160309,1500,112.909,113.547,112.865,113.267,14395200000
CHFJPY,20160309,1600,113.261,113.539,113.155,113.536,10829220000
CHFJPY,20160309,1700,113.538,113.743,113.501,113.647,5635430000
CHFJPY,20160309,1800,113.648,113.713,113.569,113.698,5337090000
CHFJPY,20160309,1900,113.697,113.777,113.625,113.666,5624820000
CHFJPY,20160309,2000,113.666,113.741,113.584,113.723,5503030000
CHFJPY,20160309,2100,113.724,113.770,113.603,113.618,1989070000
CHFJPY,20160309,2200,113.618,113.669,113.496,113.572,1936360000
CHFJPY,20160309,2300,113.579,113.599,113.401,113.410,2478630000
CHFJPY,20160310,0000,113.410,113.538,113.381,113.505,3139460000
CHFJPY,20160310,0100,113.504,113.939,113.491,113.867,6611700000
CHFJPY,20160310,0200,113.865,113.987,113.793,113.885,5773360000
CHFJPY,20160310,0300,113.885,114.057,113.873,114.022,3801980000
CHFJPY,20160310,0400,114.023,114.079,113.995,114.059,3619510000
CHFJPY,20160310,0500,114.067,114.073,113.932,114.000,3174940000
CHFJPY,20160310,0600,114.001,114.033,113.929,113.971,4811320000
CHFJPY,20160310,0700,113.969,114.026,113.765,113.886,7162030000
CHFJPY,20160310,0800,113.886,113.928,113.723,113.765,9485120000
CHFJPY,20160310,0900,113.767,113.886,113.709,113.721,8288670000
CHFJPY,20160310,1000,113.722,113.885,113.707,113.755,6861010000
CHFJPY,20160310,1100,113.756,113.825,113.665,113.798,6371810000
CHFJPY,20160310,1200,113.798,113.949,113.293,113.337,13167370000
CHFJPY,20160310,1300,113.338,114.196,113.182,113.902,18209040001
CHFJPY,20160310,1400,113.901,114.886,113.736,114.745,20602610000
CHFJPY,20160310,1500,114.745,115.530,114.733,114.749,17288280000
CHFJPY,20160310,1600,114.748,114.876,114.550,114.733,15283870000
CHFJPY,20160310,1700,114.732,114.885,114.624,114.754,12570030000
CHFJPY,20160310,1800,114.754,114.931,114.658,114.914,8625030000
CHFJPY,20160310,1900,114.919,115.115,114.899,115.076,7764270000
CHFJPY,20160310,2000,115.083,115.122,114.885,114.922,7211810000
CHFJPY,20160310,2100,114.923,114.956,114.845,114.872,2675240000
CHFJPY,20160310,2200,114.867,114.973,114.747,114.849,2413750000
CHFJPY,20160310,2300,114.849,114.932,114.542,114.591,6037210000
CHFJPY,20160311,0000,114.592,115.204,114.492,115.114,6894290000
CHFJPY,20160311,0100,115.117,115.149,114.917,115.094,5506060000
CHFJPY,20160311,0200,115.096,115.126,114.860,114.896,4713390000
CHFJPY,20160311,0300,114.895,115.190,114.831,115.146,5616220000
CHFJPY,20160311,0400,115.147,115.268,115.124,115.204,4971100000
CHFJPY,20160311,0500,115.203,115.245,115.071,115.162,4145080000
CHFJPY,20160311,0600,115.161,115.228,115.068,115.089,4087490000
CHFJPY,20160311,0700,115.084,115.409,115.083,115.326,9618070000
CHFJPY,20160311,0800,115.328,115.460,114.987,115.123,13480990000
CHFJPY,20160311,0900,115.125,115.442,115.096,115.307,9288500000
CHFJPY,20160311,1000,115.302,115.350,115.107,115.166,8540700000
CHFJPY,20160311,1100,115.167,115.332,115.066,115.321,8867480000
CHFJPY,20160311,1200,115.317,115.411,115.239,115.357,7137740000
CHFJPY,20160311,1300,115.357,115.414,115.129,115.281,9992730000
CHFJPY,20160311,1400,115.281,115.467,115.217,115.347,10789330000
CHFJPY,20160311,1500,115.341,115.474,115.187,115.382,11039240000
CHFJPY,20160311,1600,115.382,115.923,115.321,115.796,9889630000
CHFJPY,20160311,1700,115.794,115.964,115.751,115.843,6336860000
CHFJPY,20160311,1800,115.842,115.880,115.738,115.875,5001630000
CHFJPY,20160311,1900,115.876,115.880,115.763,115.832,4175470000
CHFJPY,20160311,2000,115.831,115.908,115.738,115.808,3713650000
CHFJPY,20160311,2100,115.803,115.860,115.708,115.761,2491620000
CHFJPY,20160313,2100,115.789,115.920,115.696,115.829,568110000
CHFJPY,20160313,2200,115.833,115.890,115.679,115.703,3553240000
CHFJPY,20160313,2300,115.703,115.793,115.643,115.731,3346720000
CHFJPY,20160314,0000,115.731,115.916,115.677,115.911,4419860000
CHFJPY,20160314,0100,115.912,115.933,115.807,115.862,3143700000
CHFJPY,20160314,0200,115.862,115.867,115.756,115.782,2218100000
CHFJPY,20160314,0300,115.781,115.781,115.681,115.734,1154490000
CHFJPY,20160314,0400,115.736,115.831,115.636,115.671,2884420000
CHFJPY,20160314,0500,115.671,115.709,115.601,115.632,2683370000
CHFJPY,20160314,0600,115.632,115.702,115.541,115.665,3254880000
CHFJPY,20160314,0700,115.662,115.686,115.437,115.497,6844760000
CHFJPY,20160314,0800,115.498,115.498,115.013,115.040,10066930000
CHFJPY,20160314,0900,115.042,115.130,114.915,115.050,9226690000
CHFJPY,20160314,1000,115.049,115.127,114.990,115.107,8413270000
CHFJPY,20160314,1100,115.104,115.167,115.046,115.139,7492030000
CHFJPY,20160314,1200,115.139,115.304,115.127,115.249,7908760000
CHFJPY,20160314,1300,115.249,115.283,114.996,115.077,9451170000
CHFJPY,20160314,1400,115.080,115.332,115.063,115.265,10127580000
CHFJPY,20160314,1500,115.268,115.385,115.174,115.199,8875020000
CHFJPY,20160314,1600,115.197,115.343,115.133,115.196,7620080000
CHFJPY,20160314,1700,115.195,115.305,115.157,115.225,5267500000
CHFJPY,20160314,1800,115.225,115.292,115.168,115.240,5629160000
CHFJPY,20160314,1900,115.245,115.320,115.225,115.234,4301730000
CHFJPY,20160314,2000,115.235,115.311,115.231,115.279,2430050000
CHFJPY,20160314,2100,115.247,115.292,115.204,115.230,1245950000
CHFJPY,20160314,2200,115.233,115.277,115.192,115.220,1808250000
CHFJPY,20160314,2300,115.220,115.317,115.206,115.299,1906120000
CHFJPY,20160315,0000,115.300,115.421,115.222,115.401,3013380000
CHFJPY,20160315,0100,115.403,115.459,115.226,115.302,3985420000
CHFJPY,20160315,0200,115.300,115.504,115.183,115.308,4239350000
CHFJPY,20160315,0300,115.312,115.632,114.951,115.070,8893070000
CHFJPY,20160315,0400,115.068,115.132,114.767,114.839,7292520000
CHFJPY,20160315,0500,114.837,114.926,114.804,114.853,3507980000
CHFJPY,20160315,0600,114.853,114.916,114.692,114.848,4492280000
CHFJPY,20160315,0700,114.848,114.874,114.381,114.656,10165720000
CHFJPY,20160315,0800,114.650,114.758,114.479,114.528,10171520000
CHFJPY,20160315,0900,114.528,114.644,114.446,114.453,8280390000
CHFJPY,20160315,1000,114.455,114.469,114.285,114.408,7516830000
CHFJPY,20160315,1100,114.407,114.507,114.344,114.344,6548250000
CHFJPY,20160315,1200,114.346,114.430,114.201,114.337,9453500000
CHFJPY,20160315,1300,114.339,114.501,114.286,114.323,9778290000
CHFJPY,20160315,1400,114.326,114.607,114.270,114.444,10816570000
CHFJPY,20160315,1500,114.442,114.575,114.374,114.555,9416150000
CHFJPY,20160315,1600,114.555,114.558,114.367,114.475,6089950000
CHFJPY,20160315,1700,114.473,114.649,114.467,114.593,5277190000
CHFJPY,20160315,1800,114.602,114.611,114.503,114.571,5235620000
CHFJPY,20160315,1900,114.571,114.632,114.549,114.596,3645510000
CHFJPY,20160315,2000,114.594,114.687,114.575,114.624,2464210000
CHFJPY,20160315,2100,114.617,114.661,114.557,114.660,2368510000
CHFJPY,20160315,2200,114.662,114.720,114.620,114.692,2432930000
CHFJPY,20160315,2300,114.687,114.705,114.533,114.552,1925760000
CHFJPY,20160316,0000,114.551,114.827,114.492,114.764,4520310000
CHFJPY,20160316,0100,114.763,114.965,114.751,114.871,4551520000
CHFJPY,20160316,0200,114.869,114.898,114.763,114.778,3145830000
CHFJPY,20160316,0300,114.778,114.836,114.723,114.805,3005000000
CHFJPY,20160316,0400,114.805,114.916,114.792,114.845,2516390000
CHFJPY,20160316,0500,114.847,114.874,114.779,114.807,2649280000
CHFJPY,20160316,0600,114.806,114.867,114.707,114.753,3878670000
CHFJPY,20160316,0700,114.752,115.069,114.752,114.914,7334480000
CHFJPY,20160316,0800,114.914,114.972,114.794,114.900,8709390000
CHFJPY,20160316,0900,114.900,115.057,114.860,114.876,6995450000
CHFJPY,20160316,1000,114.877,114.960,114.843,114.882,6436660000
CHFJPY,20160316,1100,114.881,114.932,114.720,114.863,6329770000
CHFJPY,20160316,1200,114.864,115.025,114.770,114.837,8730970000
CHFJPY,20160316,1300,114.837,114.876,114.646,114.834,11357770000
CHFJPY,20160316,1400,114.831,114.945,114.752,114.767,8096080000
CHFJPY,20160316,1500,114.771,115.092,114.703,115.072,8416170000
CHFJPY,20160316,1600,115.072,115.072,114.822,114.944,7748020000
CHFJPY,20160316,1700,114.942,115.110,114.907,114.956,5938400000
CHFJPY,20160316,1800,114.961,115.370,114.789,115.116,21098030000
CHFJPY,20160316,1900,115.117,115.382,114.942,115.306,11429530000
CHFJPY,20160316,2000,115.306,115.310,115.182,115.212,3225710000
CHFJPY,20160316,2100,115.212,115.303,115.018,115.158,2820280000
CHFJPY,20160316,2200,115.156,115.301,115.156,115.254,2143290000
CHFJPY,20160316,2300,115.257,115.356,115.207,115.325,1942740000
CHFJPY,20160317,0000,115.320,115.452,115.232,115.351,5131690000
CHFJPY,20160317,0100,115.351,115.402,115.223,115.300,4163470000
CHFJPY,20160317,0200,115.300,115.368,115.241,115.284,3719530000
CHFJPY,20160317,0300,115.284,115.296,115.074,115.074,2935060000
CHFJPY,20160317,0400,115.072,115.122,114.540,114.567,7012540000
CHFJPY,20160317,0500,114.569,114.761,114.482,114.746,6549840000
CHFJPY,20160317,0600,114.749,114.828,114.581,114.595,5313050000
CHFJPY,20160317,0700,114.595,114.701,114.394,114.563,10852050000
CHFJPY,20160317,0800,114.566,114.841,114.333,114.816,11735250000
CHFJPY,20160317,0900,114.817,114.912,114.627,114.656,10072250000
CHFJPY,20160317,1000,114.656,114.906,114.620,114.768,13397320000
CHFJPY,20160317,1100,114.768,114.818,114.349,114.402,10964270000
CHFJPY,20160317,1200,114.400,115.365,114.273,115.279,16363040000
CHFJPY,20160317,1300,115.278,115.385,115.123,115.198,12914000000
CHFJPY,20160317,1400,115.197,115.435,115.193,115.407,13382550000
CHFJPY,20160317,1500,115.406,115.451,114.969,114.975,10606890000
CHFJPY,20160317,1600,114.976,115.177,114.927,115.013,10046110000
CHFJPY,20160317,1700,115.014,115.235,114.974,115.190,6139570000
CHFJPY,20160317,1800,115.190,115.331,115.155,115.255,4927570000
CHFJPY,20160317,1900,115.255,115.332,115.112,115.173,3966680000
CHFJPY,20160317,2000,115.171,115.250,115.092,115.104,2305280000
CHFJPY,20160317,2100,115.096,115.175,115.061,115.155,1223930000
CHFJPY,20160317,2200,115.160,115.224,115.140,115.154,2075980000
CHFJPY,20160317,2300,115.154,115.194,115.076,115.131,2248500000
CHFJPY,20160318,0000,115.134,115.282,114.776,114.883,7953560000
CHFJPY,20160318,0100,114.881,115.190,114.716,114.970,9442250000
CHFJPY,20160318,0200,114.967,115.225,114.924,115.123,6270770000
CHFJPY,20160318,0300,115.123,115.155,115.038,115.071,3518850000
CHFJPY,20160318,0400,115.072,115.178,115.026,115.152,4186280000
CHFJPY,20160318,0500,115.151,115.365,115.094,115.353,5284490000
CHFJPY,20160318,0600,115.349,115.353,114.886,114.887,6515130000
CHFJPY,20160318,0700,114.890,115.072,114.863,114.988,8689750000
CHFJPY,20160318,0800,114.988,115.030,114.576,114.651,10629250000
CHFJPY,20160318,0900,114.650,114.773,114.555,114.716,7808880000
CHFJPY,20160318,1000,114.715,114.962,114.639,114.917,6547730000
CHFJPY,20160318,1100,114.919,115.169,114.910,115.134,6279140000
CHFJPY,20160318,1200,115.136,115.329,115.131,115.249,7362210000
CHFJPY,20160318,1300,115.252,115.405,115.177,115.286,10025340000
CHFJPY,20160318,1400,115.286,115.325,115.080,115.088,11000320000
CHFJPY,20160318,1500,115.089,115.205,115.026,115.052,8303010000
CHFJPY,20160318,1600,115.056,115.303,114.967,115.120,7791500000
CHFJPY,20160318,1700,115.121,115.321,115.100,115.251,5933960000
CHFJPY,20160318,1800,115.254,115.289,115.062,115.108,4399450000
CHFJPY,20160318,1900,115.109,115.216,115.056,115.166,4299680000
CHFJPY,20160318,2000,115.167,115.170,115.031,115.048,3174120000
CHFJPY,20160320,2100,114.872,115.069,114.822,114.963,836970000
CHFJPY,20160320,2200,114.974,115.018,114.798,114.982,2795190000
CHFJPY,20160320,2300,114.980,115.017,114.881,114.895,2614880000
CHFJPY,20160321,0000,114.897,114.977,114.847,114.892,3958310000
CHFJPY,20160321,0100,114.892,114.940,114.723,114.856,4385780000
CHFJPY,20160321,0200,114.854,114.884,114.794,114.878,2988050000
CHFJPY,20160321,0300,114.877,114.912,114.827,114.855,2415240000
CHFJPY,20160321,0400,114.856,114.976,114.850,114.931,1922650000
CHFJPY,20160321,0500,114.931,115.024,114.922,114.922,2326130000
CHFJPY,20160321,0600,114.922,114.956,114.872,114.913,2714640000
CHFJPY,20160321,0700,114.912,114.935,114.679,114.719,6669900000
CHFJPY,20160321,0800,114.722,114.783,114.487,114.615,9442060000
CHFJPY,20160321,0900,114.618,115.014,114.579,114.944,8416510000
CHFJPY,20160321,1000,114.943,115.024,114.914,115.018,6618820000
CHFJPY,20160321,1100,115.018,115.147,115.004,115.081,6334870000
CHFJPY,20160321,1200,115.081,115.206,115.033,115.187,8522280000
CHFJPY,20160321,1300,115.187,115.470,115.164,115.325,11242580000
CHFJPY,20160321,1400,115.327,115.370,115.220,115.229,9644980000
CHFJPY,20160321,1500,115.226,115.427,115.146,115.326,9491970000
CHFJPY,20160321,1600,115.326,115.337,115.123,115.206,7362140000
CHFJPY,20160321,1700,115.206,115.365,115.163,115.322,5820310000
CHFJPY,20160321,1800,115.320,115.400,115.266,115.365,4045710000
CHFJPY,20160321,1900,115.368,115.446,115.327,115.372,4182900000
CHFJPY,20160321,2000,115.372,115.466,115.330,115.417,2525010000
CHFJPY,20160321,2100,115.416,115.435,115.269,115.332,1277350000
CHFJPY,20160321,2200,115.332,115.534,115.294,115.500,3131470000
CHFJPY,20160321,2300,115.499,115.543,115.423,115.506,3462110000
CHFJPY,20160322,0000,115.503,115.571,115.397,115.405,6214580000
CHFJPY,20160322,0100,115.405,115.571,115.351,115.542,4857940000
CHFJPY,20160322,0200,115.542,115.595,115.517,115.527,4078690000
CHFJPY,20160322,0300,115.527,115.542,115.392,115.427,4670040000
CHFJPY,20160322,0400,115.425,115.513,115.402,115.498,3915970000
CHFJPY,20160322,0500,115.499,115.643,115.499,115.609,3805080000
CHFJPY,20160322,0600,115.607,115.729,115.532,115.535,3276360000
CHFJPY,20160322,0700,115.539,115.630,115.109,115.155,8971100000
CHFJPY,20160322,0800,115.161,115.181,114.536,114.886,15046220000
CHFJPY,20160322,0900,114.884,115.132,114.852,114.956,10985710000
CHFJPY,20160322,1000,114.956,115.084,114.796,114.987,8726000000
CHFJPY,20160322,1100,114.987,115.217,114.984,115.135,7470910000
CHFJPY,20160322,1200,115.135,115.232,115.066,115.109,8996240000
CHFJPY,20160322,1300,115.109,115.138,114.840,115.038,11710370000
CHFJPY,20160322,1400,115.040,115.178,114.964,115.132,10308740000
CHFJPY,20160322,1500,115.132,115.204,115.037,115.204,7960650000
CHFJPY,20160322,1600,115.201,115.299,115.095,115.292,6960380000
CHFJPY,20160322,1700,115.291,115.645,115.235,115.582,7040240000
CHFJPY,20160322,1800,115.585,115.648,115.396,115.401,4964150000
CHFJPY,20160322,1900,115.404,115.487,115.381,115.447,3938680000
CHFJPY,20160322,2000,115.447,115.518,115.428,115.492,2365150000
CHFJPY,20160322,2100,115.492,115.524,115.409,115.465,1610270000
CHFJPY,20160322,2200,115.465,115.524,115.418,115.426,1848860000
CHFJPY,20160322,2300,115.426,115.433,115.300,115.352,2465740000
CHFJPY,20160323,0000,115.352,115.425,115.191,115.309,4863780000
CHFJPY,20160323,0100,115.309,115.427,115.232,115.302,3740470000
CHFJPY,20160323,0200,115.305,115.319,115.240,115.314,2140660000
CHFJPY,20160323,0300,115.314,115.328,115.247,115.318,2453670000
CHFJPY,20160323,0400,115.320,115.417,115.267,115.397,3537410000
CHFJPY,20160323,0500,115.397,115.397,115.293,115.312,3259850000
CHFJPY,20160323,0600,115.310,115.312,115.184,115.190,3572540000
CHFJPY,20160323,0700,115.190,115.226,114.989,115.186,7744110000
CHFJPY,20160323,0800,115.189,115.366,115.171,115.331,9904630000
CHFJPY,20160323,0900,115.331,115.562,115.328,115.426,7949850000
CHFJPY,20160323,1000,115.428,115.809,115.424,115.764,6763460000
CHFJPY,20160323,1100,115.762,115.796,115.632,115.686,5509490000
CHFJPY,20160323,1200,115.686,115.779,115.645,115.657,8727410000
CHFJPY,20160323,1300,115.661,115.793,115.608,115.671,11947730000
CHFJPY,20160323,1400,115.671,115.931,115.612,115.719,11287280000
CHFJPY,20160323,1500,115.719,115.792,115.611,115.709,9380230000
CHFJPY,20160323,1600,115.708,115.758,115.383,115.405,6959550000
CHFJPY,20160323,1700,115.403,115.468,115.340,115.390,3777030000
CHFJPY,20160323,1800,115.391,115.418,115.192,115.218,4087470000
CHFJPY,20160323,1900,115.216,115.354,115.202,115.311,3836400000
CHFJPY,20160323,2000,115.312,115.312,115.180,115.180,2554970000
CHFJPY,20160323,2100,115.172,115.231,115.138,115.208,1108090000
CHFJPY,20160323,2200,115.195,115.253,115.188,115.213,1470040000
CHFJPY,20160323,2300,115.213,115.274,115.196,115.223,1760990000
CHFJPY,20160324,0000,115.223,115.377,115.126,115.345,4340650000
CHFJPY,20160324,0100,115.345,115.597,115.332,115.564,5612650000
CHFJPY,20160324,0200,115.565,115.631,115.487,115.535,4018470000
CHFJPY,20160324,0300,115.540,115.578,115.491,115.530,2655240000
CHFJPY,20160324,0400,115.531,115.579,115.458,115.536,3349420000
CHFJPY,20160324,0500,115.537,115.646,115.536,115.602,3338840000
CHFJPY,20160324,0600,115.599,115.620,115.505,115.585,3077530000
CHFJPY,20160324,0700,115.585,115.699,115.456,115.531,7706550000
CHFJPY,20160324,0800,115.530,115.703,115.439,115.653,9643870000
CHFJPY,20160324,0900,115.652,115.672,115.522,115.563,7274210000
CHFJPY,20160324,1000,115.563,115.627,115.509,115.609,7082570000
CHFJPY,20160324,1100,115.608,115.663,115.463,115.488,7177200000
CHFJPY,20160324,1200,115.488,115.541,115.298,115.421,8565610000
CHFJPY,20160324,1300,115.419,115.435,115.239,115.248,8203690000
CHFJPY,20160324,1400,115.247,115.298,115.162,115.237,8516130000
CHFJPY,20160324,1500,115.241,115.391,115.226,115.315,7488780000
CHFJPY,20160324,1600,115.315,115.513,115.298,115.486,6686520000
CHFJPY,20160324,1700,115.486,115.601,115.446,115.601,4239630000
CHFJPY,20160324,1800,115.604,115.655,115.544,115.630,2994950000
CHFJPY,20160324,1900,115.630,115.638,115.558,115.638,2162060000
CHFJPY,20160324,2000,115.641,115.710,115.617,115.686,2221680000
CHFJPY,20160324,2100,115.686,115.713,115.576,115.588,898570000
CHFJPY,20160324,2200,115.592,115.644,115.543,115.579,1791940000
CHFJPY,20160324,2300,115.579,115.657,115.556,115.570,1919720000
CHFJPY,20160325,0000,115.573,116.028,115.536,115.870,4237250000
CHFJPY,20160325,0100,115.871,115.938,115.652,115.672,3848200000
CHFJPY,20160325,0200,115.671,115.782,115.576,115.619,2588880000
CHFJPY,20160325,0300,115.613,115.736,115.613,115.676,1863330000
CHFJPY,20160325,0400,115.675,115.724,115.630,115.678,2525410000
CHFJPY,20160325,0500,115.683,115.808,115.634,115.675,2239080000
CHFJPY,20160325,0600,115.672,115.786,115.476,115.566,2958080000
CHFJPY,20160325,0700,115.572,115.649,115.441,115.642,2190540000
CHFJPY,20160325,0800,115.643,115.697,115.484,115.607,1155840000
CHFJPY,20160325,0900,115.607,115.706,115.562,115.661,1854080000
CHFJPY,20160325,1000,115.660,115.718,115.626,115.715,936250000
CHFJPY,20160325,1100,115.717,115.717,115.641,115.660,751380000
CHFJPY,20160325,1200,115.658,115.807,115.483,115.787,1966570000
CHFJPY,20160325,1300,115.787,115.815,115.643,115.737,1389870000
CHFJPY,20160325,1400,115.742,115.770,115.621,115.710,1328920000
CHFJPY,20160325,1500,115.710,115.742,115.506,115.556,1189310000
CHFJPY,20160325,1600,115.551,115.736,115.549,115.688,812660000
CHFJPY,20160325,1700,115.685,115.735,115.677,115.727,316710000
CHFJPY,20160325,1800,115.727,115.745,115.689,115.718,557160000
CHFJPY,20160325,1900,115.709,115.756,115.677,115.714,821650000
CHFJPY,20160325,2000,115.715,115.790,115.507,115.507,1153520000
CHFJPY,20160327,2100,115.761,115.885,115.734,115.862,1721670000
CHFJPY,20160327,2200,115.867,115.901,115.713,115.860,4890160000
CHFJPY,20160327,2300,115.872,115.973,115.799,115.932,1843690000
CHFJPY,20160328,0000,115.936,116.096,115.901,116.047,3909180000
CHFJPY,20160328,0100,116.046,116.145,116.044,116.122,2794930000
CHFJPY,20160328,0200,116.121,116.238,116.108,116.215,2408660000
CHFJPY,20160328,0300,116.217,116.252,116.193,116.228,1607460000
CHFJPY,20160328,0400,116.228,116.242,116.068,116.143,2478090000
CHFJPY,20160328,0500,116.142,116.263,116.096,116.127,2455160000
CHFJPY,20160328,0600,116.127,116.257,116.094,116.250,2380560000
CHFJPY,20160328,0700,116.251,116.273,116.186,116.244,2723440000
CHFJPY,20160328,0800,116.244,116.304,116.145,116.176,1829210000
CHFJPY,20160328,0900,116.177,116.230,116.159,116.169,1379940000
CHFJPY,20160328,1000,116.171,116.260,116.158,116.222,1754670000
CHFJPY,20160328,1100,116.225,116.230,116.119,116.143,2218150000
CHFJPY,20160328,1200,116.142,116.203,116.075,116.158,3895680000
CHFJPY,20160328,1300,116.157,116.351,116.133,116.322,6266700000
CHFJPY,20160328,1400,116.331,116.477,116.300,116.386,6560620000
CHFJPY,20160328,1500,116.387,116.457,116.338,116.395,4646760000
CHFJPY,20160328,1600,116.396,116.468,116.326,116.361,3747900000
CHFJPY,20160328,1700,116.362,116.489,116.335,116.358,2088520000
CHFJPY,20160328,1800,116.360,116.408,116.272,116.319,2433030000
CHFJPY,20160328,1900,116.319,116.434,116.310,116.428,3395080000
CHFJPY,20160328,2000,116.427,116.501,116.408,116.473,1909600000
CHFJPY,20160328,2100,116.463,116.498,116.342,116.403,2108680000
CHFJPY,20160328,2200,116.403,116.489,116.360,116.457,2042020000
CHFJPY,20160328,2300,116.457,116.520,116.401,116.430,2539410000
CHFJPY,20160329,0000,116.430,116.438,116.268,116.356,4910790000
CHFJPY,20160329,0100,116.355,116.607,116.342,116.577,6261550000
CHFJPY,20160329,0200,116.577,116.650,116.556,116.575,5058590000
CHFJPY,20160329,0300,116.574,116.579,116.478,116.511,3970540000
CHFJPY,20160329,0400,116.511,116.683,116.471,116.613,5088440000
CHFJPY,20160329,0500,116.613,116.654,116.479,116.518,4412840000
CHFJPY,20160329,0600,116.519,116.706,116.497,116.661,5323060000
CHFJPY,20160329,0700,116.664,116.664,116.500,116.511,9056800000
CHFJPY,20160329,0800,116.510,116.645,116.437,116.645,7575260000
CHFJPY,20160329,0900,116.640,116.760,116.567,116.675,9043390000
CHFJPY,20160329,1000,116.675,116.747,116.607,116.661,7450790000
CHFJPY,20160329,1100,116.661,116.727,116.396,116.476,7499060000
CHFJPY,20160329,1200,116.475,116.573,116.416,116.497,8329950000
CHFJPY,20160329,1300,116.497,116.561,116.293,116.357,10984070000
CHFJPY,20160329,1400,116.354,116.435,116.149,116.275,10427490000
CHFJPY,20160329,1500,116.275,116.320,116.180,116.304,8285360000
CHFJPY,20160329,1600,116.305,116.523,116.255,116.501,12061890000
CHFJPY,20160329,1700,116.502,116.608,116.337,116.461,8287720000
CHFJPY,20160329,1800,116.461,116.733,116.433,116.693,6191280000
CHFJPY,20160329,1900,116.693,116.711,116.517,116.531,3855020000
CHFJPY,20160329,2000,116.531,116.647,116.505,116.529,3257850000
CHFJPY,20160329,2100,116.482,116.626,116.446,116.572,1413040000
CHFJPY,20160329,2200,116.572,116.652,116.553,116.650,4358860000
CHFJPY,20160329,2300,116.651,116.651,116.524,116.564,2583680000
CHFJPY,20160330,0000,116.564,116.564,116.326,116.515,6416110000
CHFJPY,20160330,0100,116.513,116.581,116.420,116.483,4434470000
CHFJPY,20160330,0200,116.485,116.523,116.308,116.366,3657510000
CHFJPY,20160330,0300,116.362,116.425,116.271,116.356,3143970000
CHFJPY,20160330,0400,116.353,116.446,116.342,116.411,2673630000
CHFJPY,20160330,0500,116.411,116.414,116.069,116.198,4845040000
CHFJPY,20160330,0600,116.200,116.409,116.179,116.287,8581390000
CHFJPY,20160330,0700,116.291,116.451,116.208,116.268,11085940000
CHFJPY,20160330,0800,116.268,116.410,116.208,116.395,8763430000
CHFJPY,20160330,0900,116.388,116.545,116.333,116.492,6770800000
CHFJPY,20160330,1000,116.492,116.596,116.478,116.587,6184640000
CHFJPY,20160330,1100,116.585,116.773,116.465,116.703,8477700000
CHFJPY,20160330,1200,116.703,116.832,116.591,116.746,11723550000
CHFJPY,20160330,1300,116.746,116.934,116.733,116.866,11081600000
CHFJPY,20160330,1400,116.866,117.223,116.823,116.880,12515610000
CHFJPY,20160330,1500,116.881,116.913,116.754,116.826,11277440000
CHFJPY,20160330,1600,116.825,116.865,116.681,116.735,7181320000
CHFJPY,20160330,1700,116.738,116.782,116.620,116.646,5629280000
CHFJPY,20160330,1800,116.646,116.732,116.615,116.657,5321760000
CHFJPY,20160330,1900,116.659,116.659,116.548,116.581,3805900000
CHFJPY,20160330,2000,116.581,116.592,116.441,116.479,2653710000
CHFJPY,20160330,2100,116.468,116.534,116.457,116.526,1770410000
CHFJPY,20160330,2200,116.526,116.557,116.455,116.503,2366390000
CHFJPY,20160330,2300,116.505,116.520,116.377,116.427,2288120000
CHFJPY,20160331,0000,116.427,116.699,116.359,116.635,6696530000
CHFJPY,20160331,0100,116.635,116.693,116.328,116.336,6387060000
CHFJPY,20160331,0200,116.337,116.468,116.298,116.354,4598990000
CHFJPY,20160331,0300,116.354,116.396,116.253,116.368,3715230000
CHFJPY,20160331,0400,116.368,116.377,116.154,116.209,4209600000
CHFJPY,20160331,0500,116.209,116.340,116.170,116.234,4553870000
CHFJPY,20160331,0600,116.237,116.607,116.203,116.527,6229460000
CHFJPY,20160331,0700,116.532,116.631,116.416,116.581,8526030000
CHFJPY,20160331,0800,116.582,116.760,116.529,116.643,8204550000
CHFJPY,20160331,0900,116.638,116.824,116.531,116.796,6601070000
CHFJPY,20160331,1000,116.796,116.897,116.726,116.778,6209470000
CHFJPY,20160331,1100,116.776,117.000,116.657,116.985,7980570000
CHFJPY,20160331,1200,116.991,117.138,116.949,116.975,9540790000
CHFJPY,20160331,1300,116.975,117.143,116.870,117.096,11641720000
CHFJPY,20160331,1400,117.094,117.394,117.069,117.394,14793290000
CHFJPY,20160331,1500,117.394,117.413,117.154,117.323,10245520000
CHFJPY,20160331,1600,117.320,117.408,117.281,117.321,7437690000
CHFJPY,20160331,1700,117.321,117.376,117.243,117.265,5812010000
CHFJPY,20160331,1800,117.264,117.277,117.140,117.154,5891510000
CHFJPY,20160331,1900,117.154,117.222,117.022,117.037,4163670000
CHFJPY,20160331,2000,117.038,117.116,116.997,117.027,2902780000
CHFJPY,20160331,2100,117.003,117.053,116.963,116.985,1407940000
CHFJPY,20160331,2200,116.985,117.075,116.965,117.055,1875140000
CHFJPY,20160331,2300,117.054,117.088,117.006,117.042,1775810000
CHFJPY,20160401,0000,117.042,117.050,116.834,116.900,6746300000
CHFJPY,20160401,0100,116.897,116.948,116.636,116.681,7181020000
CHFJPY,20160401,0200,116.681,116.773,116.611,116.762,5179760000
CHFJPY,20160401,0300,116.762,116.896,116.678,116.896,4028960000
CHFJPY,20160401,0400,116.897,116.939,116.767,116.818,4096610000
CHFJPY,20160401,0500,116.819,116.924,116.739,116.776,5278390000
CHFJPY,20160401,0600,116.775,117.000,116.775,116.992,6240250000
CHFJPY,20160401,0700,116.991,117.055,116.738,116.820,8484520000
CHFJPY,20160401,0800,116.820,117.057,116.801,116.977,6929580000
CHFJPY,20160401,0900,116.977,117.097,116.907,117.007,6439410000
CHFJPY,20160401,1000,117.008,117.042,116.891,116.962,5904300000
CHFJPY,20160401,1100,116.964,117.076,116.897,117.010,7013830000
CHFJPY,20160401,1200,117.010,117.191,116.753,116.832,14372090000
CHFJPY,20160401,1300,116.834,116.941,116.615,116.842,12541900000
CHFJPY,20160401,1400,116.842,116.946,116.747,116.807,12229480000
CHFJPY,20160401,1500,116.804,116.962,116.761,116.851,9155800000
CHFJPY,20160401,1600,116.852,116.898,116.607,116.654,7816190000
CHFJPY,20160401,1700,116.654,116.753,116.519,116.528,5132460000
CHFJPY,20160401,1800,116.527,116.651,116.452,116.513,4821900000
CHFJPY,20160401,1900,116.513,116.522,116.395,116.432,5113610000
CHFJPY,20160401,2000,116.432,116.543,116.352,116.401,3170350000
CHFJPY,20160403,2100,116.384,116.597,116.344,116.461,1003540000
CHFJPY,20160403,2200,116.461,116.569,116.399,116.528,1986890000
CHFJPY,20160403,2300,116.532,116.548,116.447,116.494,2503940000
CHFJPY,20160404,0000,116.494,116.543,116.337,116.351,7225870000
CHFJPY,20160404,0100,116.351,116.419,116.223,116.348,5293310000
CHFJPY,20160404,0200,116.347,116.410,116.243,116.410,3658440000
CHFJPY,20160404,0300,116.410,116.434,116.238,116.250,3949410000
CHFJPY,20160404,0400,116.249,116.329,116.245,116.248,3085980000
CHFJPY,20160404,0500,116.248,116.248,116.049,116.152,4410880000
CHFJPY,20160404,0600,116.154,116.227,116.034,116.070,6224530000
CHFJPY,20160404,0700,116.070,116.300,116.063,116.245,9731950000
CHFJPY,20160404,0800,116.245,116.414,116.130,116.143,7280160000
CHFJPY,20160404,0900,116.143,116.211,116.092,116.198,7782770000
CHFJPY,20160404,1000,116.198,116.247,116.087,116.197,5428650000
CHFJPY,20160404,1100,116.201,116.288,116.157,116.245,6386630000
CHFJPY,20160404,1200,116.246,116.417,116.233,116.286,7895940000
CHFJPY,20160404,1300,116.287,116.338,116.206,116.307,9325320000
CHFJPY,20160404,1400,116.305,116.327,115.846,115.917,10634860000
CHFJPY,20160404,1500,115.921,116.002,115.778,115.842,8409230000
CHFJPY,20160404,1600,115.841,115.992,115.838,115.988,5533360000
CHFJPY,20160404,1700,115.988,116.028,115.916,115.959,4249240000
CHFJPY,20160404,1800,115.955,116.042,115.912,116.037,4626730000
CHFJPY,20160404,1900,116.035,116.131,115.998,116.051,4489350000
CHFJPY,20160404,2000,116.051,116.114,116.018,116.098,2582390000
CHFJPY,20160404,2100,116.076,116.134,115.987,116.076,1947690000
CHFJPY,20160404,2200,116.067,116.084,116.022,116.037,1525680000
CHFJPY,20160404,2300,116.039,116.055,115.936,115.958,2013790000
CHFJPY,20160405,0000,115.958,116.004,115.711,115.800,6891270000
CHFJPY,20160405,0100,115.799,115.824,115.659,115.685,7070050000
CHFJPY,20160405,0200,115.687,115.727,115.607,115.631,5290730000
CHFJPY,20160405,0300,115.630,115.724,115.630,115.644,3740880000
CHFJPY,20160405,0400,115.644,115.759,115.560,115.602,5317270000
CHFJPY,20160405,0500,115.603,115.611,115.434,115.482,5851800000
CHFJPY,20160405,0600,115.474,115.548,115.104,115.174,9744280000
CHFJPY,20160405,0700,115.174,115.397,114.990,115.099,12682390000
CHFJPY,20160405,0800,115.095,115.198,115.005,115.126,8383640000
CHFJPY,20160405,0900,115.124,115.294,115.018,115.068,8368300000
CHFJPY,20160405,1000,115.069,115.195,115.031,115.092,6721640000
CHFJPY,20160405,1100,115.094,115.497,115.036,115.416,8376810000
CHFJPY,20160405,1200,115.416,115.562,115.402,115.514,9270790000
CHFJPY,20160405,1300,115.511,115.558,115.224,115.308,10236840000
CHFJPY,20160405,1400,115.308,115.455,115.257,115.384,11428030000
CHFJPY,20160405,1500,115.384,115.423,115.035,115.035,12200070000
CHFJPY,20160405,1600,115.036,115.491,115.036,115.401,7744680000
CHFJPY,20160405,1700,115.401,115.432,115.213,115.280,5879520000
CHFJPY,20160405,1800,115.280,115.565,115.267,115.563,6116730000
CHFJPY,20160405,1900,115.564,115.566,115.329,115.345,5431560000
CHFJPY,20160405,2000,115.351,115.410,115.276,115.383,2684460000
CHFJPY,20160405,2100,115.367,115.388,115.328,115.383,1415420000
CHFJPY,20160405,2200,115.387,115.408,115.302,115.314,1611410000
CHFJPY,20160405,2300,115.312,115.408,115.262,115.361,2524360000
CHFJPY,20160406,0000,115.361,115.558,115.333,115.343,6293770000
CHFJPY,20160406,0100,115.342,115.451,115.277,115.417,5383170000
CHFJPY,20160406,0200,115.419,115.572,115.345,115.469,5132010000
CHFJPY,20160406,0300,115.470,115.504,115.342,115.357,4376810000
CHFJPY,20160406,0400,115.356,115.371,115.233,115.335,4526050000
CHFJPY,20160406,0500,115.333,115.354,115.162,115.209,3509250000
CHFJPY,20160406,0600,115.208,115.254,115.053,115.145,6084880000
CHFJPY,20160406,0700,115.143,115.187,114.927,114.957,9504920000
CHFJPY,20160406,0800,114.956,115.007,114.775,114.874,8048360000
CHFJPY,20160406,0900,114.874,115.115,114.828,114.910,6528360000
CHFJPY,20160406,1000,114.909,114.980,114.840,114.887,6112980000
CHFJPY,20160406,1100,114.887,115.012,114.738,114.982,7472970000
CHFJPY,20160406,1200,114.982,115.178,114.904,115.130,9165990000
CHFJPY,20160406,1300,115.131,115.168,114.921,115.051,10978320000
CHFJPY,20160406,1400,115.051,115.406,114.848,114.850,14313160000
CHFJPY,20160406,1500,114.849,115.043,114.849,114.941,12314380000
CHFJPY,20160406,1600,114.936,114.970,114.816,114.866,7772300000
CHFJPY,20160406,1700,114.867,114.879,114.605,114.610,5266780000
CHFJPY,20160406,1800,114.611,114.759,114.421,114.755,9529080000
CHFJPY,20160406,1900,114.755,114.867,114.723,114.823,5157700000
CHFJPY,20160406,2000,114.821,114.892,114.772,114.862,2400700000
CHFJPY,20160406,2100,114.861,114.867,114.689,114.792,2388240000
CHFJPY,20160406,2200,114.791,114.849,114.751,114.758,1979590000
CHFJPY,20160406,2300,114.758,114.816,114.723,114.783,2619810000
CHFJPY,20160407,0000,114.783,114.932,114.601,114.626,7052920000
CHFJPY,20160407,0100,114.626,114.707,114.442,114.509,7814790000
CHFJPY,20160407,0200,114.510,114.510,114.247,114.338,8791230000
CHFJPY,20160407,0300,114.340,114.384,114.193,114.352,6017050000
CHFJPY,20160407,0400,114.353,114.370,114.164,114.253,5282020000
CHFJPY,20160407,0500,114.251,114.292,114.019,114.084,7757850000
CHFJPY,20160407,0600,114.087,114.302,114.044,114.234,9797220000
CHFJPY,20160407,0700,114.234,114.295,113.638,113.718,13094680000
CHFJPY,20160407,0800,113.720,113.762,113.372,113.372,9904930000
CHFJPY,20160407,0900,113.376,113.410,113.052,113.261,11506770000
CHFJPY,20160407,1000,113.261,113.412,113.159,113.172,7935170000
CHFJPY,20160407,1100,113.170,113.527,113.170,113.384,8150930000
CHFJPY,20160407,1200,113.384,113.398,113.107,113.334,8360820000
CHFJPY,20160407,1300,113.333,113.350,112.859,113.001,14212690000
CHFJPY,20160407,1400,113.002,113.226,112.932,113.000,14165500000
CHFJPY,20160407,1500,113.002,113.212,112.712,113.078,11173730000
CHFJPY,20160407,1600,113.080,113.205,113.043,113.170,6184010000
CHFJPY,20160407,1700,113.170,113.345,113.071,113.151,7569210000
CHFJPY,20160407,1800,113.151,113.305,113.116,113.298,7178070000
CHFJPY,20160407,1900,113.298,113.471,113.257,113.371,5314760000
CHFJPY,20160407,2000,113.367,113.407,113.142,113.167,2769450000
CHFJPY,20160407,2100,113.168,113.341,113.042,113.200,2111920000
CHFJPY,20160407,2200,113.193,113.350,113.174,113.276,3180210000
CHFJPY,20160407,2300,113.278,113.424,113.240,113.402,3262550000
CHFJPY,20160408,0000,113.402,113.771,113.378,113.633,8671720000
CHFJPY,20160408,0100,113.627,113.894,113.615,113.801,8557510000
CHFJPY,20160408,0200,113.797,113.805,113.513,113.568,5383820000
CHFJPY,20160408,0300,113.567,113.682,113.509,113.593,4497040000
CHFJPY,20160408,0400,113.593,113.766,113.543,113.657,4539950000
CHFJPY,20160408,0500,113.651,113.788,113.617,113.621,5875650000
CHFJPY,20160408,0600,113.618,113.737,113.538,113.590,5970400000
CHFJPY,20160408,0700,113.591,114.124,113.542,114.056,9647680000
CHFJPY,20160408,0800,114.056,114.132,113.809,113.905,8344640000
CHFJPY,20160408,0900,113.911,113.989,113.613,113.698,6362550000
CHFJPY,20160408,1000,113.702,113.732,113.356,113.431,5461000000
CHFJPY,20160408,1100,113.430,113.622,113.384,113.495,6231780000
CHFJPY,20160408,1200,113.502,113.632,113.355,113.630,8454960000
CHFJPY,20160408,1300,113.628,114.076,113.571,113.759,11437570000
CHFJPY,20160408,1400,113.760,113.991,113.713,113.716,11747580000
CHFJPY,20160408,1500,113.716,113.759,113.539,113.633,10421460000
CHFJPY,20160408,1600,113.632,113.730,113.611,113.658,6464760000
CHFJPY,20160408,1700,113.660,113.743,113.559,113.594,5455840000
CHFJPY,20160408,1800,113.598,113.665,113.490,113.582,4826200000
CHFJPY,20160408,1900,113.582,113.589,113.402,113.411,5380280000
CHFJPY,20160408,2000,113.406,113.451,113.276,113.282,3239780000
CHFJPY,20160410,2100,113.312,113.465,113.259,113.381,1241710000
CHFJPY,20160410,2200,113.346,113.578,113.301,113.529,6121780000
CHFJPY,20160410,2300,113.530,113.609,113.405,113.569,3331490000
CHFJPY,20160411,0000,113.574,113.582,113.177,113.260,8478430000
CHFJPY,20160411,0100,113.262,113.300,112.999,113.136,9149680000
CHFJPY,20160411,0200,113.136,113.334,113.060,113.298,6326820000
CHFJPY,20160411,0300,113.295,113.375,113.219,113.235,4781000000
CHFJPY,20160411,0400,113.234,113.312,113.144,113.193,4813860000
CHFJPY,20160411,0500,113.192,113.327,113.147,113.195,4889570000
CHFJPY,20160411,0600,113.195,113.263,113.062,113.194,5639540000
CHFJPY,20160411,0700,113.193,113.228,113.006,113.132,10347180000
CHFJPY,20160411,0800,113.136,113.332,113.088,113.182,10881710000
CHFJPY,20160411,0900,113.181,113.183,112.883,112.919,7051860000
CHFJPY,20160411,1000,112.922,113.247,112.921,113.133,7847700000
CHFJPY,20160411,1100,113.131,113.435,113.075,113.302,7465670000
CHFJPY,20160411,1200,113.304,113.459,113.251,113.413,8777110000
CHFJPY,20160411,1300,113.413,113.729,113.391,113.683,11661360000
CHFJPY,20160411,1400,113.684,113.759,113.304,113.341,10758260000
CHFJPY,20160411,1500,113.342,113.366,113.165,113.179,9679960000
CHFJPY,20160411,1600,113.179,113.301,113.131,113.224,5830720000
CHFJPY,20160411,1700,113.229,113.267,113.112,113.229,4223730000
CHFJPY,20160411,1800,113.229,113.289,113.079,113.131,4644870000
CHFJPY,20160411,1900,113.131,113.193,113.039,113.042,4952880000
CHFJPY,20160411,2000,113.040,113.190,113.029,113.103,3208690000
CHFJPY,20160411,2100,113.095,113.109,113.013,113.057,1673760000
CHFJPY,20160411,2200,113.084,113.107,112.995,113.048,1851330000
CHFJPY,20160411,2300,113.048,113.153,113.005,113.122,2257550000
CHFJPY,20160412,0000,113.122,113.366,113.077,113.211,8722130000
CHFJPY,20160412,0100,113.210,113.372,113.090,113.318,7351970000
CHFJPY,20160412,0200,113.318,113.427,113.275,113.365,5363960000
CHFJPY,20160412,0300,113.366,113.464,113.293,113.318,4579210000
CHFJPY,20160412,0400,113.317,113.444,113.301,113.429,3394380000
CHFJPY,20160412,0500,113.428,113.593,113.406,113.551,4198710000
CHFJPY,20160412,0600,113.552,113.753,113.479,113.719,6122020000
CHFJPY,20160412,0700,113.721,113.751,113.492,113.737,9487320000
CHFJPY,20160412,0800,113.738,113.889,113.699,113.811,9648700000
CHFJPY,20160412,0900,113.814,113.816,113.596,113.705,6780260000
CHFJPY,20160412,1000,113.705,113.790,113.560,113.585,5776120000
CHFJPY,20160412,1100,113.587,113.666,113.467,113.631,5633450000
CHFJPY,20160412,1200,113.631,113.661,113.316,113.453,9003670000
CHFJPY,20160412,1300,113.455,113.537,113.357,113.455,11348910000
CHFJPY,20160412,1400,113.453,113.475,113.154,113.438,13263340000
CHFJPY,20160412,1500,113.438,113.767,113.336,113.698,9424530000
CHFJPY,20160412,1600,113.698,113.782,113.617,113.734,4721870000
CHFJPY,20160412,1700,113.736,113.778,113.582,113.585,4625340000
CHFJPY,20160412,1800,113.588,113.702,113.516,113.645,4680860000
CHFJPY,20160412,1900,113.645,113.666,113.537,113.557,4032620000
CHFJPY,20160412,2000,113.555,113.680,113.553,113.622,3189140000
CHFJPY,20160412,2100,113.622,113.668,113.578,113.665,1501750000
CHFJPY,20160412,2200,113.662,113.707,113.608,113.642,1864450000
CHFJPY,20160412,2300,113.641,113.753,113.573,113.752,2289210000
CHFJPY,20160413,0000,113.752,113.802,113.577,113.687,5560630000
CHFJPY,20160413,0100,113.686,113.833,113.614,113.773,6488970000
CHFJPY,20160413,0200,113.773,113.852,113.716,113.763,5074260000
CHFJPY,20160413,0300,113.763,113.833,113.731,113.759,3293820000
CHFJPY,20160413,0400,113.759,113.855,113.731,113.794,3108160000
CHFJPY,20160413,0500,113.796,113.814,113.650,113.674,4904020000
CHFJPY,20160413,0600,113.674,113.866,113.572,113.573,7122120000
CHFJPY,20160413,0700,113.574,113.707,113.470,113.601,9255020000
CHFJPY,20160413,0800,113.601,113.758,113.586,113.725,9123270000
CHFJPY,20160413,0900,113.714,113.732,113.450,113.490,8854020000
CHFJPY,20160413,1000,113.490,113.553,113.395,113.431,7183200000
CHFJPY,20160413,1100,113.430,113.605,113.397,113.576,7289170000
CHFJPY,20160413,1200,113.576,113.577,113.310,113.349,10583740000
CHFJPY,20160413,1300,113.348,113.426,112.966,113.031,10837250000
CHFJPY,20160413,1400,113.032,113.296,112.956,113.216,11220280000
CHFJPY,20160413,1500,113.213,113.325,113.108,113.132,9419970000
CHFJPY,20160413,1600,113.134,113.173,113.026,113.113,5969130000
CHFJPY,20160413,1700,113.112,113.137,113.004,113.077,4526600000
CHFJPY,20160413,1800,113.077,113.108,112.964,112.975,3793000000
CHFJPY,20160413,1900,112.978,113.155,112.961,113.037,3607660000
CHFJPY,20160413,2000,113.039,113.112,112.984,113.074,3157050000
CHFJPY,20160413,2100,113.071,113.096,112.983,112.996,2351400000
CHFJPY,20160413,2200,112.994,113.146,112.990,113.140,2660450000
CHFJPY,20160413,2300,113.141,113.207,113.121,113.199,2510640000
CHFJPY,20160414,0000,113.198,113.217,113.077,113.101,5552070000
CHFJPY,20160414,0100,113.101,113.191,113.067,113.117,5256460000
CHFJPY,20160414,0200,113.114,113.155,113.013,113.128,4861610000
CHFJPY,20160414,0300,113.130,113.204,113.099,113.144,3195170000
CHFJPY,20160414,0400,113.144,113.213,113.122,113.179,3004660000
CHFJPY,20160414,0500,113.176,113.209,113.040,113.191,4140790000
CHFJPY,20160414,0600,113.194,113.260,113.025,113.208,7064540000
CHFJPY,20160414,0700,113.208,113.215,112.975,113.007,8811610000
CHFJPY,20160414,0800,113.008,113.030,112.779,113.002,8459850000
CHFJPY,20160414,0900,113.004,113.042,112.871,112.897,7319710000
CHFJPY,20160414,1000,112.894,113.140,112.890,113.113,6671990000
CHFJPY,20160414,1100,113.113,113.246,113.113,113.239,6633080000
CHFJPY,20160414,1200,113.240,113.345,113.091,113.242,11760180000
CHFJPY,20160414,1300,113.244,113.258,112.669,112.889,11874260000
CHFJPY,20160414,1400,112.887,112.938,112.764,112.882,11401500000
CHFJPY,20160414,1500,112.879,113.009,112.838,112.953,7637940000
CHFJPY,20160414,1600,112.952,113.016,112.918,112.930,4349580000
CHFJPY,20160414,1700,112.930,112.994,112.890,112.932,3921600000
CHFJPY,20160414,1800,112.932,113.049,112.921,112.993,3970590000
CHFJPY,20160414,1900,112.991,113.187,112.982,113.094,3860210000
CHFJPY,20160414,2000,113.093,113.200,113.052,113.121,3048800000
CHFJPY,20160414,2100,113.111,113.177,113.077,113.154,1728150000
CHFJPY,20160414,2200,113.156,113.193,113.108,113.116,2450020000
CHFJPY,20160414,2300,113.117,113.155,113.072,113.106,2322420000
CHFJPY,20160415,0000,113.106,113.381,113.085,113.316,6304200000
CHFJPY,20160415,0100,113.317,113.369,113.256,113.292,4692640000
CHFJPY,20160415,0200,113.302,113.465,113.277,113.415,4748630000
CHFJPY,20160415,0300,113.415,113.422,113.318,113.346,2195500000
CHFJPY,20160415,0400,113.346,113.365,113.267,113.313,2776220000
CHFJPY,20160415,0500,113.313,113.345,113.222,113.292,3188980000
CHFJPY,20160415,0600,113.289,113.314,113.005,113.005,5744780000
CHFJPY,20160415,0700,113.004,113.036,112.829,112.951,8282850000
CHFJPY,20160415,0800,112.951,113.039,112.845,113.030,5651790000
CHFJPY,20160415,0900,113.030,113.073,112.762,112.819,4917430000
CHFJPY,20160415,1000,112.819,112.846,112.441,112.633,6043400000
CHFJPY,20160415,1100,112.636,112.687,112.432,112.500,6024170000
CHFJPY,20160415,1200,112.500,112.718,112.422,112.623,7740270000
CHFJPY,20160415,1300,112.620,112.698,112.522,112.594,8241120000
CHFJPY,20160415,1400,112.594,112.657,112.465,112.466,10251710000
CHFJPY,20160415,1500,112.465,112.515,112.416,112.459,7273550000
CHFJPY,20160415,1600,112.458,112.589,112.458,112.488,5304250000
CHFJPY,20160415,1700,112.488,112.559,112.354,112.365,4122870000
CHFJPY,20160415,1800,112.366,112.392,112.287,112.309,3325100000
CHFJPY,20160415,1900,112.309,112.357,112.289,112.289,2014600000
CHFJPY,20160415,2000,112.297,112.418,112.247,112.293,2865780000
CHFJPY,20160417,2100,112.052,112.102,111.880,111.918,1022780000
CHFJPY,20160417,2200,111.912,112.099,111.867,112.042,4737500000
CHFJPY,20160417,2300,112.045,112.122,111.731,111.812,4726460000
CHFJPY,20160418,0000,111.810,111.904,111.684,111.708,9109000000
CHFJPY,20160418,0100,111.709,111.898,111.636,111.646,6992820000
CHFJPY,20160418,0200,111.645,111.704,111.489,111.651,5237350000
CHFJPY,20160418,0300,111.651,111.709,111.530,111.638,4027230000
CHFJPY,20160418,0400,111.636,111.766,111.622,111.698,3079280000
CHFJPY,20160418,0500,111.698,111.713,111.540,111.637,4199130000
CHFJPY,20160418,0600,111.635,111.782,111.589,111.710,7075540000
CHFJPY,20160418,0700,111.708,112.202,111.690,112.032,10355760000
CHFJPY,20160418,0800,112.033,112.368,111.998,112.320,8655180000
CHFJPY,20160418,0900,112.320,112.429,112.239,112.288,7129800000
CHFJPY,20160418,1000,112.289,112.363,112.193,112.214,6141270000
CHFJPY,20160418,1100,112.214,112.293,112.100,112.190,5108990000
CHFJPY,20160418,1200,112.190,112.690,111.995,112.524,10525040000
CHFJPY,20160418,1300,112.521,112.727,112.425,112.660,9846450000
CHFJPY,20160418,1400,112.660,113.000,112.646,112.867,10235590000
CHFJPY,20160418,1500,112.867,112.954,112.827,112.939,8472150000
CHFJPY,20160418,1600,112.941,113.087,112.918,113.014,5090280000
CHFJPY,20160418,1700,113.016,113.065,112.858,112.908,3784480000
CHFJPY,20160418,1800,112.906,112.916,112.784,112.789,3168490000
CHFJPY,20160418,1900,112.789,112.819,112.714,112.733,2554800000
CHFJPY,20160418,2000,112.734,112.846,112.725,112.817,1987130000
CHFJPY,20160418,2100,112.812,112.878,112.757,112.817,1580210000
CHFJPY,20160418,2200,112.817,112.883,112.796,112.810,2030240000
CHFJPY,20160418,2300,112.812,113.147,112.811,113.077,3300980000
CHFJPY,20160419,0000,113.077,113.195,113.022,113.112,5640720000
CHFJPY,20160419,0100,113.111,113.251,113.075,113.133,4756560000
CHFJPY,20160419,0200,113.135,113.183,113.092,113.142,3319730000
CHFJPY,20160419,0300,113.142,113.245,113.135,113.230,3366430000
CHFJPY,20160419,0400,113.230,113.238,113.160,113.182,2425290000
CHFJPY,20160419,0500,113.181,113.229,113.117,113.142,3404580000
CHFJPY,20160419,0600,113.142,113.290,113.054,113.245,7344360000
CHFJPY,20160419,0700,113.241,113.326,112.962,113.262,8678270000
CHFJPY,20160419,0800,113.262,113.427,113.174,113.394,7660110000
CHFJPY,20160419,0900,113.393,113.623,113.338,113.533,8209270000
CHFJPY,20160419,1000,113.531,113.639,113.405,113.496,7227670000
CHFJPY,20160419,1100,113.497,113.662,113.405,113.626,7630150000
CHFJPY,20160419,1200,113.627,113.676,113.519,113.623,8700410000
CHFJPY,20160419,1300,113.623,113.760,113.574,113.617,10918740000
CHFJPY,20160419,1400,113.616,113.936,113.616,113.868,11097420000
CHFJPY,20160419,1500,113.865,113.980,113.697,113.716,8972690000
CHFJPY,20160419,1600,113.716,113.741,113.546,113.654,5895840000
CHFJPY,20160419,1700,113.655,113.707,113.578,113.614,4182520000
CHFJPY,20160419,1800,113.615,113.685,113.585,113.616,4211690000
CHFJPY,20160419,1900,113.617,113.641,113.535,113.554,3304660000
CHFJPY,20160419,2000,113.554,113.588,113.468,113.510,2013740000
CHFJPY,20160419,2100,113.510,113.655,113.486,113.552,1934870000
CHFJPY,20160419,2200,113.552,113.597,113.536,113.541,2075210000
CHFJPY,20160419,2300,113.542,113.592,113.518,113.527,1357570000
CHFJPY,20160420,0000,113.527,113.571,113.363,113.448,4960630000
CHFJPY,20160420,0100,113.448,113.465,113.305,113.359,4338480000
CHFJPY,20160420,0200,113.361,113.504,113.296,113.437,3304170000
CHFJPY,20160420,0300,113.436,113.515,113.233,113.290,4013580000
CHFJPY,20160420,0400,113.290,113.393,113.271,113.318,3169540000
CHFJPY,20160420,0500,113.318,113.318,113.175,113.248,3979400000
CHFJPY,20160420,0600,113.246,113.306,113.150,113.265,5599980000
CHFJPY,20160420,0700,113.263,113.294,113.103,113.281,7253930000
CHFJPY,20160420,0800,113.282,113.438,113.235,113.317,7839850000
CHFJPY,20160420,0900,113.318,113.601,113.285,113.541,6274580000
CHFJPY,20160420,1000,113.540,113.710,113.475,113.666,6499710000
CHFJPY,20160420,1100,113.664,113.738,113.585,113.586,5914720000
CHFJPY,20160420,1200,113.586,113.659,113.492,113.615,7306470000
CHFJPY,20160420,1300,113.615,113.636,113.283,113.286,9427040000
CHFJPY,20160420,1400,113.283,113.397,113.042,113.071,11260160000
CHFJPY,20160420,1500,113.067,113.261,113.067,113.224,10195560000
CHFJPY,20160420,1600,113.223,113.318,113.116,113.237,6915490000
CHFJPY,20160420,1700,113.239,113.276,113.026,113.031,7161000000
CHFJPY,20160420,1800,113.036,113.103,112.980,113.044,5323170000
CHFJPY,20160420,1900,113.042,113.045,112.837,112.866,5588940000
CHFJPY,20160420,2000,112.866,112.970,112.835,112.970,2541570000
CHFJPY,20160420,2100,112.970,112.988,112.885,112.926,2074030000
CHFJPY,20160420,2200,112.926,113.005,112.891,112.982,2163050000
CHFJPY,20160420,2300,112.982,113.128,112.976,113.101,2798970000
CHFJPY,20160421,0000,113.102,113.106,112.942,112.998,5023630000
CHFJPY,20160421,0100,112.994,113.001,112.803,113.001,5818810000
CHFJPY,20160421,0200,112.996,113.038,112.911,112.970,3713790000
CHFJPY,20160421,0300,112.971,113.104,112.948,113.039,4324520000
CHFJPY,20160421,0400,113.038,113.046,112.921,112.940,2791850000
CHFJPY,20160421,0500,112.941,112.988,112.841,112.973,4296230000
CHFJPY,20160421,0600,112.971,113.053,112.882,112.966,7558600000
CHFJPY,20160421,0700,112.967,113.006,112.834,112.898,10322320000
CHFJPY,20160421,0800,112.898,113.035,112.858,113.025,8999490000
CHFJPY,20160421,0900,113.027,113.031,112.868,113.002,7855230000
CHFJPY,20160421,1000,113.002,113.102,112.866,112.930,6908120000
CHFJPY,20160421,1100,112.929,113.194,112.890,113.165,8179370000
CHFJPY,20160421,1200,113.163,113.632,113.126,113.534,14675000000
CHFJPY,20160421,1300,113.542,113.610,112.413,112.592,15042030000
CHFJPY,20160421,1400,112.590,112.680,112.401,112.529,13498550000
CHFJPY,20160421,1500,112.527,112.638,112.429,112.536,8703250000
CHFJPY,20160421,1600,112.537,112.626,112.500,112.570,5497500000
CHFJPY,20160421,1700,112.568,112.594,112.367,112.386,4940300000
CHFJPY,20160421,1800,112.386,112.467,112.316,112.418,3973610000
CHFJPY,20160421,1900,112.420,112.472,112.273,112.297,2967850000
CHFJPY,20160421,2000,112.299,112.344,112.231,112.231,2146030000
CHFJPY,20160421,2100,112.239,112.292,112.182,112.238,2410850000
CHFJPY,20160421,2200,112.235,112.257,112.171,112.225,2481470000
CHFJPY,20160421,2300,112.225,112.324,112.224,112.259,1505000000
CHFJPY,20160422,0000,112.258,112.351,112.129,112.277,5869310000
CHFJPY,20160422,0100,112.277,112.340,112.187,112.315,5198230000
CHFJPY,20160422,0200,112.314,112.465,112.314,112.404,4002380000
CHFJPY,20160422,0300,112.407,112.421,112.317,112.324,3084590000
CHFJPY,20160422,0400,112.323,113.064,112.277,112.913,7831920000
CHFJPY,20160422,0500,112.913,113.260,112.756,113.197,8531080000
CHFJPY,20160422,0600,113.198,113.472,113.134,113.369,9367180000
CHFJPY,20160422,0700,113.367,113.406,113.201,113.266,11191420000
CHFJPY,20160422,0800,113.272,113.309,112.934,112.936,7829480000
CHFJPY,20160422,0900,112.936,113.316,112.898,113.186,8325410000
CHFJPY,20160422,1000,113.187,113.377,113.156,113.335,7999960000
CHFJPY,20160422,1100,113.334,113.512,113.291,113.406,7903640000
CHFJPY,20160422,1200,113.406,113.835,113.406,113.820,10046420000
CHFJPY,20160422,1300,113.819,114.067,113.666,113.872,12976670000
CHFJPY,20160422,1400,113.869,114.156,113.865,114.090,12739720000
CHFJPY,20160422,1500,114.093,114.227,113.977,114.046,10797150000
CHFJPY,20160422,1600,114.048,114.183,114.001,114.068,8706190000
CHFJPY,20160422,1700,114.069,114.214,114.017,114.148,6335910000
CHFJPY,20160422,1800,114.150,114.163,114.078,114.123,4723900000
CHFJPY,20160422,1900,114.121,114.126,113.995,114.011,4789550000
CHFJPY,20160422,2000,114.014,114.261,114.012,114.179,2951180000
CHFJPY,20160424,2100,114.189,114.269,114.142,114.185,1008920000
CHFJPY,20160424,2200,114.193,114.232,113.948,114.021,3952630000
CHFJPY,20160424,2300,114.021,114.030,113.881,113.898,3007220000
CHFJPY,20160425,0000,113.898,113.950,113.721,113.760,7077360000
CHFJPY,20160425,0100,113.760,113.874,113.709,113.740,6098050000
CHFJPY,20160425,0200,113.740,113.799,113.657,113.787,6475000000
CHFJPY,20160425,0300,113.790,113.957,113.759,113.936,4197090000
CHFJPY,20160425,0400,113.936,113.979,113.693,113.703,3610870000
CHFJPY,20160425,0500,113.704,113.784,113.631,113.749,5591470000
CHFJPY,20160425,0600,113.749,113.992,113.658,113.920,7316510000
CHFJPY,20160425,0700,113.921,114.147,113.827,114.005,9614470000
CHFJPY,20160425,0800,114.003,114.050,113.857,113.969,9104850000
CHFJPY,20160425,0900,113.967,114.141,113.957,114.141,8018730000
CHFJPY,20160425,1000,114.141,114.202,113.935,113.980,7597340000
CHFJPY,20160425,1100,113.979,114.093,113.954,114.004,6534080000
CHFJPY,20160425,1200,114.003,114.025,113.731,113.946,10031060000
CHFJPY,20160425,1300,113.947,114.113,113.912,113.982,11047840000
CHFJPY,20160425,1400,113.981,114.030,113.776,113.867,11395960000
CHFJPY,20160425,1500,113.865,114.072,113.859,113.995,7688740000
CHFJPY,20160425,1600,113.993,114.094,113.954,114.076,5124430000
CHFJPY,20160425,1700,114.079,114.145,114.016,114.072,4309340000
CHFJPY,20160425,1800,114.074,114.096,114.010,114.023,4541900000
CHFJPY,20160425,1900,114.025,114.034,113.847,113.926,3820290000
CHFJPY,20160425,2000,113.929,114.048,113.830,114.020,3012560000
CHFJPY,20160425,2100,114.013,114.099,113.946,114.011,1923860000
CHFJPY,20160425,2200,114.011,114.131,114.011,114.031,2375970000
CHFJPY,20160425,2300,114.032,114.044,113.944,113.951,1906650000
CHFJPY,20160426,0000,113.954,113.964,113.789,113.939,5775590000
CHFJPY,20160426,0100,113.939,114.061,113.923,114.000,5725820000
CHFJPY,20160426,0200,113.999,114.006,113.765,113.815,4754980000
CHFJPY,20160426,0300,113.815,113.843,113.708,113.772,3172110000
CHFJPY,20160426,0400,113.774,113.872,113.736,113.827,4030380000
CHFJPY,20160426,0500,113.830,113.830,113.669,113.711,4647090000
CHFJPY,20160426,0600,113.709,113.782,113.470,113.495,6865630000
CHFJPY,20160426,0700,113.495,113.747,113.422,113.728,10136030001
CHFJPY,20160426,0800,113.726,113.893,113.621,113.845,7643920000
CHFJPY,20160426,0900,113.843,113.843,113.643,113.772,7210730000
CHFJPY,20160426,1000,113.773,113.807,113.681,113.730,5540030000
CHFJPY,20160426,1100,113.730,113.904,113.714,113.878,5716030000
CHFJPY,20160426,1200,113.879,114.241,113.861,114.180,11223240000
CHFJPY,20160426,1300,114.181,114.343,114.138,114.275,11364870000
CHFJPY,20160426,1400,114.269,114.453,114.187,114.251,11554080000
CHFJPY,20160426,1500,114.252,114.512,114.232,114.499,7540550000
CHFJPY,20160426,1600,114.499,114.565,114.368,114.398,5083540000
CHFJPY,20160426,1700,114.399,114.456,114.358,114.379,3622830000
CHFJPY,20160426,1800,114.381,114.381,114.233,114.326,3717990000
CHFJPY,20160426,1900,114.325,114.396,114.323,114.348,2891790000
CHFJPY,20160426,2000,114.348,114.391,114.274,114.314,2463490000
CHFJPY,20160426,2100,114.307,114.365,114.238,114.262,1530410000
CHFJPY,20160426,2200,114.262,114.323,114.254,114.290,1810000000
CHFJPY,20160426,2300,114.290,114.335,114.205,114.209,1726860000
CHFJPY,20160427,0000,114.207,114.317,114.171,114.236,5816270000
CHFJPY,20160427,0100,114.234,114.259,114.168,114.257,5351720000
CHFJPY,20160427,0200,114.267,114.306,114.216,114.220,4687300000
CHFJPY,20160427,0300,114.221,114.230,114.072,114.119,3987160000
CHFJPY,20160427,0400,114.119,114.181,114.031,114.049,3788300000
CHFJPY,20160427,0500,114.052,114.215,114.040,114.215,4211280000
CHFJPY,20160427,0600,114.217,114.430,114.148,114.430,6543880000
CHFJPY,20160427,0700,114.426,114.486,114.336,114.474,8187070000
CHFJPY,20160427,0800,114.472,114.475,114.282,114.355,8507910000
CHFJPY,20160427,0900,114.353,114.509,114.284,114.472,7236020000
CHFJPY,20160427,1000,114.472,114.627,114.344,114.368,6449940000
CHFJPY,20160427,1100,114.369,114.499,114.368,114.445,6054130000
CHFJPY,20160427,1200,114.446,114.473,114.267,114.302,8557230000
CHFJPY,20160427,1300,114.300,114.418,114.235,114.383,9205430000
CHFJPY,20160427,1400,114.390,114.504,114.347,114.369,9904050000
CHFJPY,20160427,1500,114.369,114.626,114.346,114.589,8664880000
CHFJPY,20160427,1600,114.589,114.671,114.552,114.634,5579300000
CHFJPY,20160427,1700,114.632,114.827,114.597,114.713,7421480000
CHFJPY,20160427,1800,114.713,114.830,114.528,114.648,15204600000
CHFJPY,20160427,1900,114.648,114.776,114.569,114.748,6089280000
CHFJPY,20160427,2000,114.747,114.876,114.670,114.750,3143520000
CHFJPY,20160427,2100,114.751,114.879,114.694,114.720,2662130000
CHFJPY,20160427,2200,114.724,114.873,114.704,114.857,2933610000
CHFJPY,20160427,2300,114.857,114.950,114.795,114.861,3103240000
CHFJPY,20160428,0000,114.862,114.959,114.738,114.899,6721870000
CHFJPY,20160428,0100,114.901,115.005,114.876,114.912,7056430000
CHFJPY,20160428,0200,114.912,114.931,114.720,114.807,6137360000
CHFJPY,20160428,0300,114.805,114.823,112.027,112.676,17027270000
CHFJPY,20160428,0400,112.676,112.725,112.237,112.279,7470440000
CHFJPY,20160428,0500,112.280,112.450,112.176,112.362,9920240000
CHFJPY,20160428,0600,112.360,112.361,111.712,111.745,14030610000
CHFJPY,20160428,0700,111.748,112.147,111.717,112.035,12276310000
CHFJPY,20160428,0800,112.035,112.161,111.638,111.867,12642270001
CHFJPY,20160428,0900,111.867,111.965,111.753,111.852,8339690000
CHFJPY,20160428,1000,111.852,112.144,111.761,111.772,7914500000
CHFJPY,20160428,1100,111.766,111.930,111.721,111.911,8004460000
CHFJPY,20160428,1200,111.913,112.108,111.826,112.061,11938490000
CHFJPY,20160428,1300,112.060,112.242,111.975,112.100,11464580000
CHFJPY,20160428,1400,112.099,112.256,111.937,111.986,11054750000
CHFJPY,20160428,1500,111.983,112.089,111.935,112.057,7947810000
CHFJPY,20160428,1600,112.060,112.122,111.991,111.995,5501730000
CHFJPY,20160428,1700,111.999,112.001,111.773,111.813,6842760000
CHFJPY,20160428,1800,111.813,111.874,111.742,111.821,5517940000
CHFJPY,20160428,1900,111.824,111.939,111.695,111.768,7958520000
CHFJPY,20160428,2000,111.765,111.940,111.748,111.824,3252770000
CHFJPY,20160428,2100,111.813,111.898,111.766,111.805,2024510000
CHFJPY,20160428,2200,111.817,111.933,111.808,111.850,3219480000
CHFJPY,20160428,2300,111.852,111.867,111.769,111.867,1557550000
CHFJPY,20160429,0000,111.869,111.878,111.593,111.615,5082180000
CHFJPY,20160429,0100,111.617,111.671,111.010,111.352,9948170000
CHFJPY,20160429,0200,111.353,111.382,111.239,111.315,4305460000
CHFJPY,20160429,0300,111.315,111.347,111.133,111.327,3460780000
CHFJPY,20160429,0400,111.326,111.345,111.230,111.312,3827260000
CHFJPY,20160429,0500,111.310,111.413,111.255,111.386,4618490000
CHFJPY,20160429,0600,111.382,111.524,111.310,111.400,7010820000
CHFJPY,20160429,0700,111.402,111.507,111.156,111.235,11324160000
CHFJPY,20160429,0800,111.235,111.303,111.053,111.188,7587980000
CHFJPY,20160429,0900,111.187,111.238,111.077,111.211,6875570000
CHFJPY,20160429,1000,111.211,111.320,111.173,111.202,6840500000
CHFJPY,20160429,1100,111.201,111.273,111.121,111.253,7147540000
CHFJPY,20160429,1200,111.250,111.588,111.230,111.393,11302600000
CHFJPY,20160429,1300,111.395,111.806,111.395,111.720,11640610000
CHFJPY,20160429,1400,111.720,111.929,111.607,111.608,13525610000
CHFJPY,20160429,1500,111.606,111.661,111.156,111.362,14604770000
CHFJPY,20160429,1600,111.361,111.445,111.282,111.336,10094500000
CHFJPY,20160429,1700,111.336,111.416,111.120,111.195,9971800000
CHFJPY,20160429,1800,111.195,111.338,111.171,111.292,9571950000
CHFJPY,20160429,1900,111.287,111.301,110.816,110.925,8957150000
CHFJPY,20160429,2000,110.924,111.050,110.778,110.807,5453830000
CHFJPY,20160501,2100,110.842,110.980,110.820,110.922,1161000000
CHFJPY,20160501,2200,110.907,111.280,110.907,111.201,4994380000
CHFJPY,20160501,2300,111.201,111.213,110.906,111.013,4503610000
CHFJPY,20160502,0000,111.015,111.128,110.828,111.086,11222420000
CHFJPY,20160502,0100,111.088,111.236,111.044,111.067,6671800000
CHFJPY,20160502,0200,111.066,111.172,111.032,111.134,4446110000
CHFJPY,20160502,0300,111.138,111.224,111.086,111.115,4117220000
CHFJPY,20160502,0400,111.116,111.213,111.112,111.177,2992450000
CHFJPY,20160502,0500,111.180,111.183,111.010,111.112,3612190000
CHFJPY,20160502,0600,111.107,111.143,110.936,110.947,4680740000
CHFJPY,20160502,0700,110.952,111.162,110.797,110.941,7525630000
CHFJPY,20160502,0800,110.941,111.133,110.926,111.037,5124890000
CHFJPY,20160502,0900,111.037,111.192,111.003,111.107,4994610000
CHFJPY,20160502,1000,111.107,111.347,111.105,111.236,5398940000
CHFJPY,20160502,1100,111.236,111.301,111.206,111.283,4781390000
CHFJPY,20160502,1200,111.283,111.397,111.256,111.300,6913720000
CHFJPY,20160502,1300,111.300,111.626,111.233,111.614,10008440000
CHFJPY,20160502,1400,111.608,111.743,111.525,111.543,13555250000
CHFJPY,20160502,1500,111.544,111.656,111.373,111.425,8534730000
CHFJPY,20160502,1600,111.428,111.601,111.428,111.568,7199550000
CHFJPY,20160502,1700,111.566,111.647,111.516,111.526,5539650000
CHFJPY,20160502,1800,111.526,111.586,111.471,111.503,4341800000
CHFJPY,20160502,1900,111.503,111.563,111.414,111.438,3565690000
CHFJPY,20160502,2000,111.440,111.521,111.437,111.495,2673510000
CHFJPY,20160502,2100,111.483,111.540,111.410,111.435,1902810000
CHFJPY,20160502,2200,111.433,111.470,111.417,111.458,1799380000
CHFJPY,20160502,2300,111.457,111.472,111.383,111.391,1188930000
CHFJPY,20160503,0000,111.387,111.407,111.107,111.222,6078660000
CHFJPY,20160503,0100,111.222,111.385,111.177,111.294,4923870000
CHFJPY,20160503,0200,111.294,111.382,111.253,111.290,4051010000
CHFJPY,20160503,0300,111.292,111.329,111.228,111.268,3314910000
CHFJPY,20160503,0400,111.268,111.291,111.016,111.057,5145510000
CHFJPY,20160503,0500,111.061,111.073,110.926,111.013,4890510000
CHFJPY,20160503,0600,111.017,111.204,110.934,111.201,8781530000
CHFJPY,20160503,0700,111.199,111.625,111.115,111.524,10166370000
CHFJPY,20160503,0800,111.525,111.881,111.466,111.681,9589340000
CHFJPY,20160503,0900,111.678,111.857,111.645,111.706,7399610000
CHFJPY,20160503,1000,111.707,111.772,111.618,111.659,7125940000
CHFJPY,20160503,1100,111.662,111.750,111.541,111.566,7391970000
CHFJPY,20160503,1200,111.566,111.686,111.479,111.641,9648470000
CHFJPY,20160503,1300,111.640,111.722,111.523,111.610,11436730000
CHFJPY,20160503,1400,111.610,111.618,111.365,111.445,12441310000
CHFJPY,20160503,1500,111.449,111.567,111.361,111.465,9196070000
CHFJPY,20160503,1600,111.465,111.670,111.426,111.647,5677850000
CHFJPY,20160503,1700,111.647,111.667,111.506,111.604,5857270000
CHFJPY,20160503,1800,111.604,111.704,111.535,111.560,6198480000
CHFJPY,20160503,1900,111.560,111.638,111.505,111.535,4082610000
CHFJPY,20160503,2000,111.534,111.793,111.518,111.655,2898220000
CHFJPY,20160503,2100,111.671,112.556,111.653,111.955,3537050000
CHFJPY,20160503,2200,111.939,112.005,111.804,111.984,5156420000
CHFJPY,20160503,2300,111.988,112.000,111.741,111.815,3975150000
CHFJPY,20160504,0000,111.811,111.850,111.679,111.744,3692220000
CHFJPY,20160504,0100,111.744,112.090,111.714,112.084,6705930000
CHFJPY,20160504,0200,112.086,112.127,111.886,111.935,5096930000
CHFJPY,20160504,0300,111.935,112.193,111.913,112.133,3730070000
CHFJPY,20160504,0400,112.133,112.138,111.991,112.033,3082990000
CHFJPY,20160504,0500,112.036,112.064,111.903,111.917,2680500000
CHFJPY,20160504,0600,111.917,111.998,111.781,111.862,6844320000
CHFJPY,20160504,0700,111.862,111.920,111.752,111.895,9481660000
CHFJPY,20160504,0800,111.898,111.999,111.807,111.829,7258630000
CHFJPY,20160504,0900,111.828,111.876,111.638,111.647,7513510000
CHFJPY,20160504,1000,111.646,111.674,111.518,111.608,5630340000
CHFJPY,20160504,1100,111.609,111.748,111.556,111.572,5369850000
CHFJPY,20160504,1200,111.573,111.648,111.325,111.486,12456960000
CHFJPY,20160504,1300,111.484,111.735,111.396,111.680,10996210000
CHFJPY,20160504,1400,111.686,111.979,111.613,111.662,14184840000
CHFJPY,20160504,1500,111.658,111.928,111.628,111.891,9644940000
CHFJPY,20160504,1600,111.888,112.023,111.866,111.977,5204670000
CHFJPY,20160504,1700,111.976,112.018,111.848,111.942,3734290000
CHFJPY,20160504,1800,111.945,111.962,111.788,111.832,5139730000
CHFJPY,20160504,1900,111.836,111.839,111.696,111.698,3129920000
CHFJPY,20160504,2000,111.694,111.811,111.678,111.707,2933500000
CHFJPY,20160504,2100,111.709,111.764,111.680,111.748,1431210000
CHFJPY,20160504,2200,111.748,111.798,111.668,111.731,3621150000
CHFJPY,20160504,2300,111.732,111.782,111.681,111.722,2064000000
CHFJPY,20160505,0000,111.721,111.932,111.690,111.880,3937520000
CHFJPY,20160505,0100,111.880,111.912,111.804,111.856,3702900000
CHFJPY,20160505,0200,111.854,111.859,111.757,111.819,3017890000
CHFJPY,20160505,0300,111.819,111.872,111.755,111.837,2365940000
CHFJPY,20160505,0400,111.833,111.836,111.770,111.786,1566100000
CHFJPY,20160505,0500,111.786,111.792,111.621,111.696,2704910000
CHFJPY,20160505,0600,111.696,111.824,111.633,111.795,4397260000
CHFJPY,20160505,0700,111.797,111.917,111.564,111.577,9105510000
CHFJPY,20160505,0800,111.577,111.682,111.512,111.577,7813670000
CHFJPY,20160505,0900,111.576,111.672,111.477,111.522,5752490000
CHFJPY,20160505,1000,111.521,111.524,111.101,111.256,7074550000
CHFJPY,20160505,1100,111.253,111.281,111.169,111.197,6362100000
CHFJPY,20160505,1200,111.196,111.212,110.838,110.894,8785260000
CHFJPY,20160505,1300,110.893,111.161,110.881,111.047,10603740000
CHFJPY,20160505,1400,111.047,111.094,110.802,110.926,11533070000
CHFJPY,20160505,1500,110.917,110.955,110.786,110.792,8333010000
CHFJPY,20160505,1600,110.791,110.843,110.670,110.807,4915920000
CHFJPY,20160505,1700,110.808,110.827,110.675,110.676,5136160000
CHFJPY,20160505,1800,110.676,110.746,110.637,110.676,5049870000
CHFJPY,20160505,1900,110.676,110.805,110.675,110.763,4227400000
CHFJPY,20160505,2000,110.762,110.853,110.735,110.829,1940210000
CHFJPY,20160505,2100,110.829,110.840,110.770,110.808,2537940000
CHFJPY,20160505,2200,110.805,110.862,110.789,110.802,1745090000
CHFJPY,20160505,2300,110.802,110.889,110.739,110.866,2169410000
CHFJPY,20160506,0000,110.869,110.942,110.766,110.772,6209660000
CHFJPY,20160506,0100,110.770,110.847,110.526,110.591,6417150000
CHFJPY,20160506,0200,110.590,110.666,110.542,110.587,3145850000
CHFJPY,20160506,0300,110.585,110.665,110.566,110.568,3093040000
CHFJPY,20160506,0400,110.568,110.633,110.545,110.628,2738450000
CHFJPY,20160506,0500,110.628,110.667,110.592,110.653,2894730000
CHFJPY,20160506,0600,110.651,110.697,110.521,110.522,6832720000
CHFJPY,20160506,0700,110.522,110.604,110.437,110.514,8305070000
CHFJPY,20160506,0800,110.514,110.632,110.446,110.554,5724590000
CHFJPY,20160506,0900,110.554,110.592,110.482,110.565,4890530000
CHFJPY,20160506,1000,110.565,110.652,110.448,110.462,4711020000
CHFJPY,20160506,1100,110.459,110.510,110.377,110.392,4287520000
CHFJPY,20160506,1200,110.392,110.447,109.834,110.066,14323470000
CHFJPY,20160506,1300,110.069,110.183,109.970,110.083,13977490000
CHFJPY,20160506,1400,110.087,110.119,109.853,109.969,11119060000
CHFJPY,20160506,1500,109.970,110.068,109.886,109.977,7866050000
CHFJPY,20160506,1600,109.979,110.093,109.972,110.050,4427330000
CHFJPY,20160506,1700,110.056,110.136,110.006,110.062,4753470000
CHFJPY,20160506,1800,110.063,110.281,110.013,110.201,6343300000
CHFJPY,20160506,1900,110.201,110.348,110.171,110.249,4170110000
CHFJPY,20160506,2000,110.249,110.249,110.049,110.087,3157790000
CHFJPY,20160508,2100,110.073,110.263,110.058,110.196,895250000
CHFJPY,20160508,2200,110.193,110.335,110.117,110.291,1799790000
CHFJPY,20160508,2300,110.288,110.418,110.270,110.362,2983990000
CHFJPY,20160509,0000,110.362,110.556,110.290,110.430,5894080000
CHFJPY,20160509,0100,110.430,110.531,110.331,110.367,5849320000
CHFJPY,20160509,0200,110.369,110.402,110.315,110.362,4283440000
CHFJPY,20160509,0300,110.363,110.438,110.299,110.400,3121070000
CHFJPY,20160509,0400,110.398,110.625,110.379,110.620,3680510000
CHFJPY,20160509,0500,110.619,110.783,110.611,110.681,4866180000
CHFJPY,20160509,0600,110.678,110.917,110.642,110.887,5714430000
CHFJPY,20160509,0700,110.885,110.971,110.726,110.968,8803850000
CHFJPY,20160509,0800,110.968,111.297,110.846,111.294,8515690000
CHFJPY,20160509,0900,111.297,111.390,111.221,111.348,6863880000
CHFJPY,20160509,1000,111.347,111.439,111.242,111.419,6324020000
CHFJPY,20160509,1100,111.419,111.685,111.418,111.604,7685110000
CHFJPY,20160509,1200,111.604,111.754,111.530,111.742,8089900000
CHFJPY,20160509,1300,111.742,111.902,111.647,111.889,9164020000
CHFJPY,20160509,1400,111.889,111.903,111.603,111.603,10857310000
CHFJPY,20160509,1500,111.604,111.765,111.594,111.747,8013740000
CHFJPY,20160509,1600,111.744,111.794,111.650,111.700,4344430000
CHFJPY,20160509,1700,111.699,111.706,111.590,111.623,3524390000
CHFJPY,20160509,1800,111.621,111.755,111.609,111.702,4057250000
CHFJPY,20160509,1900,111.697,111.719,111.587,111.604,3497160000
CHFJPY,20160509,2000,111.603,111.603,111.514,111.518,2275690000
CHFJPY,20160509,2100,111.508,111.662,111.501,111.662,2094900000
CHFJPY,20160509,2200,111.662,111.662,111.532,111.575,2133080000
CHFJPY,20160509,2300,111.574,111.635,111.483,111.556,2172420000
CHFJPY,20160510,0000,111.561,111.827,111.545,111.696,5444670000
CHFJPY,20160510,0100,111.696,111.996,111.574,111.880,6959550000
CHFJPY,20160510,0200,111.882,112.022,111.737,111.748,5460230000
CHFJPY,20160510,0300,111.748,111.953,111.701,111.896,3869090000
CHFJPY,20160510,0400,111.896,112.001,111.856,111.941,4581080000
CHFJPY,20160510,0500,111.943,111.982,111.835,111.941,4085610000
CHFJPY,20160510,0600,111.940,112.108,111.892,111.987,5730620000
CHFJPY,20160510,0700,111.989,112.214,111.900,112.122,8993850000
CHFJPY,20160510,0800,112.120,112.219,112.054,112.190,6855150000
CHFJPY,20160510,0900,112.190,112.292,112.101,112.177,7009620000
CHFJPY,20160510,1000,112.172,112.172,111.942,111.945,6396850000
CHFJPY,20160510,1100,111.943,112.212,111.823,112.084,7908640000
CHFJPY,20160510,1200,112.084,112.103,111.860,111.941,7070470000
CHFJPY,20160510,1300,111.940,112.099,111.908,111.961,7867850000
CHFJPY,20160510,1400,111.960,112.119,111.919,112.014,9258940000
CHFJPY,20160510,1500,112.016,112.071,111.968,112.059,5945340000
CHFJPY,20160510,1600,112.059,112.109,111.968,112.061,4406200000
CHFJPY,20160510,1700,112.061,112.121,111.974,112.036,3682140000
CHFJPY,20160510,1800,112.036,112.051,111.966,111.996,3638960000
CHFJPY,20160510,1900,111.999,112.045,111.932,111.973,2474930000
CHFJPY,20160510,2000,111.975,111.999,111.921,111.940,1866340000
CHFJPY,20160510,2100,111.931,112.052,111.902,112.001,2007210000
CHFJPY,20160510,2200,111.998,112.029,111.954,111.992,2432470000
CHFJPY,20160510,2300,111.994,112.005,111.926,111.956,2041410000
CHFJPY,20160511,0000,111.956,111.960,111.820,111.872,4259160000
CHFJPY,20160511,0100,111.873,112.010,111.608,111.662,6591730000
CHFJPY,20160511,0200,111.665,111.720,111.532,111.627,4588250000
CHFJPY,20160511,0300,111.626,111.779,111.626,111.676,3529500000
CHFJPY,20160511,0400,111.675,111.760,111.617,111.624,3484290000
CHFJPY,20160511,0500,111.625,111.703,111.553,111.610,3261410000
CHFJPY,20160511,0600,111.610,111.756,111.516,111.735,5216760000
CHFJPY,20160511,0700,111.735,111.817,111.489,111.583,9204600000
CHFJPY,20160511,0800,111.583,111.645,111.546,111.567,6684300000
CHFJPY,20160511,0900,111.566,111.668,111.409,111.636,5426040000
CHFJPY,20160511,1000,111.637,111.639,111.478,111.589,4896110000
CHFJPY,20160511,1100,111.589,111.666,111.547,111.640,4969200000
CHFJPY,20160511,1200,111.641,111.926,111.640,111.762,7091270000
CHFJPY,20160511,1300,111.765,111.822,111.608,111.637,8408000000
CHFJPY,20160511,1400,111.637,111.895,111.599,111.888,10205010000
CHFJPY,20160511,1500,111.888,111.940,111.683,111.835,8365670000
CHFJPY,20160511,1600,111.834,111.851,111.667,111.731,3924790000
CHFJPY,20160511,1700,111.731,111.794,111.639,111.644,4738170000
CHFJPY,20160511,1800,111.643,111.728,111.616,111.702,4209170000
CHFJPY,20160511,1900,111.702,111.721,111.603,111.682,3761200000
CHFJPY,20160511,2000,111.684,111.697,111.603,111.623,2098760000
CHFJPY,20160511,2100,111.623,111.722,111.587,111.692,2358110000
CHFJPY,20160511,2200,111.692,111.708,111.614,111.628,2996270000
CHFJPY,20160511,2300,111.628,111.699,111.551,111.638,2323830000
CHFJPY,20160512,0000,111.639,111.680,111.440,111.635,5917390000
CHFJPY,20160512,0100,111.635,111.822,111.618,111.678,6668460000
CHFJPY,20160512,0200,111.679,111.870,111.668,111.853,4669750000
CHFJPY,20160512,0300,111.856,111.927,111.836,111.917,3229890000
CHFJPY,20160512,0400,111.916,112.083,111.900,112.052,3982000000
CHFJPY,20160512,0500,112.055,112.143,112.022,112.079,4268110000
CHFJPY,20160512,0600,112.079,112.213,112.036,112.086,5071940000
CHFJPY,20160512,0700,112.086,112.313,111.891,112.186,9299960000
CHFJPY,20160512,0800,112.188,112.366,112.147,112.309,7194060000
CHFJPY,20160512,0900,112.309,112.731,112.296,112.647,7721790000
CHFJPY,20160512,1000,112.646,112.693,112.425,112.499,6128480000
CHFJPY,20160512,1100,112.498,112.574,112.451,112.529,7239960000
CHFJPY,20160512,1200,112.528,112.686,112.421,112.686,8712980000
CHFJPY,20160512,1300,112.688,112.754,112.515,112.540,11454370000
CHFJPY,20160512,1400,112.542,112.592,112.341,112.417,11436000000
CHFJPY,20160512,1500,112.417,112.434,112.102,112.170,9736290000
CHFJPY,20160512,1600,112.170,112.433,112.142,112.410,5496920000
CHFJPY,20160512,1700,112.412,112.456,112.272,112.353,5342600000
CHFJPY,20160512,1800,112.353,112.504,112.349,112.406,5214340000
CHFJPY,20160512,1900,112.407,112.426,112.291,112.308,3710540000
CHFJPY,20160512,2000,112.308,112.336,112.268,112.282,3388030000
CHFJPY,20160512,2100,112.288,112.407,112.257,112.286,2310530000
CHFJPY,20160512,2200,112.285,112.332,112.202,112.237,1956430000
CHFJPY,20160512,2300,112.242,112.376,112.235,112.337,2256790000
CHFJPY,20160513,0000,112.337,112.373,112.023,112.086,6620210000
CHFJPY,20160513,0100,112.085,112.152,111.996,112.103,7196120000
CHFJPY,20160513,0200,112.103,112.118,112.004,112.004,4993880000
CHFJPY,20160513,0300,112.005,112.074,111.960,111.991,3728030000
CHFJPY,20160513,0400,111.991,112.044,111.946,112.037,3342220000
CHFJPY,20160513,0500,112.036,112.046,111.921,111.933,3221020000
CHFJPY,20160513,0600,111.933,111.957,111.527,111.576,7867320000
CHFJPY,20160513,0700,111.572,111.817,111.491,111.790,10032740000
CHFJPY,20160513,0800,111.788,112.027,111.682,111.997,7581950000
CHFJPY,20160513,0900,111.995,112.043,111.878,111.897,6345180000
CHFJPY,20160513,1000,111.898,112.057,111.874,112.025,5230410000
CHFJPY,20160513,1100,112.023,112.214,112.023,112.074,4888970000
CHFJPY,20160513,1200,112.073,112.278,111.929,111.975,13061600000
CHFJPY,20160513,1300,111.975,112.101,111.860,111.872,13219310000
CHFJPY,20160513,1400,111.877,112.121,111.703,111.789,14190610000
CHFJPY,20160513,1500,111.792,111.896,111.748,111.846,8704920000
CHFJPY,20160513,1600,111.844,111.887,111.463,111.501,6339590000
CHFJPY,20160513,1700,111.502,111.691,111.320,111.384,6259720000
CHFJPY,20160513,1800,111.384,111.410,111.314,111.391,4917540000
CHFJPY,20160513,1900,111.389,111.500,111.306,111.432,4501490000
CHFJPY,20160513,2000,111.432,111.452,111.292,111.324,4022630000
CHFJPY,20160515,2100,111.302,111.391,111.254,111.313,506000000
CHFJPY,20160515,2200,111.326,111.394,111.184,111.315,2641740000
CHFJPY,20160515,2300,111.315,111.400,111.263,111.373,3444820000
CHFJPY,20160516,0000,111.372,111.509,111.318,111.489,7152510000
CHFJPY,20160516,0100,111.489,111.528,111.428,111.516,5387870000
CHFJPY,20160516,0200,111.516,111.620,111.441,111.606,4978140000
CHFJPY,20160516,0300,111.609,111.617,111.471,111.555,4067640000
CHFJPY,20160516,0400,111.555,111.564,111.359,111.396,3088960000
CHFJPY,20160516,0500,111.396,111.440,111.301,111.394,3639800000
CHFJPY,20160516,0600,111.391,111.523,111.376,111.435,4737440000
CHFJPY,20160516,0700,111.438,111.495,111.393,111.483,5993160000
CHFJPY,20160516,0800,111.485,111.497,111.379,111.474,5761780000
CHFJPY,20160516,0900,111.474,111.555,111.417,111.531,3750750000
CHFJPY,20160516,1000,111.530,111.537,111.407,111.438,3675340000
CHFJPY,20160516,1100,111.440,111.573,111.440,111.455,3703210000
CHFJPY,20160516,1200,111.456,111.593,111.431,111.586,6029580000
CHFJPY,20160516,1300,111.586,111.608,111.474,111.527,6580890000
CHFJPY,20160516,1400,111.524,111.594,111.414,111.428,7440310000
CHFJPY,20160516,1500,111.429,111.499,111.397,111.423,4438340000
CHFJPY,20160516,1600,111.423,111.549,111.412,111.523,3244990000
CHFJPY,20160516,1700,111.523,111.562,111.462,111.492,2811320000
CHFJPY,20160516,1800,111.490,111.530,111.387,111.412,2209810000
CHFJPY,20160516,1900,111.420,111.472,111.401,111.411,1823860000
CHFJPY,20160516,2000,111.411,111.550,111.390,111.508,2140620000
CHFJPY,20160516,2100,111.508,111.552,111.475,111.547,1297100000
CHFJPY,20160516,2200,111.547,111.547,111.437,111.510,2468910000
CHFJPY,20160516,2300,111.510,111.591,111.491,111.508,1986750000
CHFJPY,20160517,0000,111.510,111.537,111.327,111.386,4599640000
CHFJPY,20160517,0100,111.387,111.536,111.364,111.469,3676470000
CHFJPY,20160517,0200,111.469,111.528,111.413,111.449,3386260000
CHFJPY,20160517,0300,111.448,111.464,111.371,111.404,2897850000
CHFJPY,20160517,0400,111.404,111.468,111.371,111.423,2525290000
CHFJPY,20160517,0500,111.421,111.667,111.392,111.621,2732340000
CHFJPY,20160517,0600,111.618,111.925,111.577,111.882,6303170000
CHFJPY,20160517,0700,111.881,112.052,111.822,111.966,6900370000
CHFJPY,20160517,0800,111.967,112.107,111.921,112.046,6715080000
CHFJPY,20160517,0900,112.045,112.054,111.881,111.984,5219500000
CHFJPY,20160517,1000,111.984,112.038,111.895,111.895,4770650000
CHFJPY,20160517,1100,111.896,111.924,111.794,111.820,4512040000
CHFJPY,20160517,1200,111.819,111.878,111.468,111.520,8822960000
CHFJPY,20160517,1300,111.518,111.762,111.516,111.660,10243760000
CHFJPY,20160517,1400,111.663,111.756,111.572,111.620,10612530000
CHFJPY,20160517,1500,111.622,111.746,111.606,111.691,7503520000
CHFJPY,20160517,1600,111.688,111.710,111.598,111.626,3411250000
CHFJPY,20160517,1700,111.625,111.656,111.431,111.432,3710070000
CHFJPY,20160517,1800,111.432,111.477,111.303,111.328,4163990000
CHFJPY,20160517,1900,111.325,111.325,111.229,111.263,3346170000
CHFJPY,20160517,2000,111.266,111.315,111.231,111.288,1892410000
CHFJPY,20160517,2100,111.272,111.344,111.256,111.288,1789390000
CHFJPY,20160517,2200,111.297,111.303,111.211,111.271,2162130000
CHFJPY,20160517,2300,111.271,111.394,111.102,111.209,3098580000
CHFJPY,20160518,0000,111.212,111.311,110.968,110.973,6235540000
CHFJPY,20160518,0100,110.973,111.209,110.895,111.157,6896750000
CHFJPY,20160518,0200,111.155,111.336,111.111,111.263,6389160000
CHFJPY,20160518,0300,111.263,111.322,111.126,111.171,4926110000
CHFJPY,20160518,0400,111.172,111.180,110.918,110.932,4899150000
CHFJPY,20160518,0500,110.933,111.204,110.930,111.161,3899410000
CHFJPY,20160518,0600,111.159,111.432,111.054,111.398,5747640000
CHFJPY,20160518,0700,111.392,111.426,111.303,111.331,8949250000
CHFJPY,20160518,0800,111.331,111.411,111.252,111.305,6739870000
CHFJPY,20160518,0900,111.304,111.326,111.199,111.226,5946650000
CHFJPY,20160518,1000,111.227,111.300,111.166,111.214,3870890000
CHFJPY,20160518,1100,111.213,111.296,111.147,111.275,5581650000
CHFJPY,20160518,1200,111.274,111.407,111.216,111.394,7746690000
CHFJPY,20160518,1300,111.391,111.711,111.377,111.688,10223080000
CHFJPY,20160518,1400,111.692,111.924,111.621,111.678,10788460000
CHFJPY,20160518,1500,111.681,111.706,111.581,111.616,8696200000
CHFJPY,20160518,1600,111.618,111.702,111.564,111.687,4663830000
CHFJPY,20160518,1700,111.687,111.787,111.631,111.663,4423390000
CHFJPY,20160518,1800,111.664,111.722,111.354,111.500,13311140000
CHFJPY,20160518,1900,111.505,111.656,111.495,111.603,6986980000
CHFJPY,20160518,2000,111.606,111.608,111.518,111.551,3222550000
CHFJPY,20160518,2100,111.556,111.577,111.511,111.558,1144760000
CHFJPY,20160518,2200,111.554,111.572,111.434,111.465,3855000000
CHFJPY,20160518,2300,111.466,111.522,111.421,111.506,3091860000
CHFJPY,20160519,0000,111.507,111.574,111.442,111.512,4629530000
CHFJPY,20160519,0100,111.509,111.623,111.455,111.498,4316100000
CHFJPY,20160519,0200,111.498,111.528,111.332,111.387,4841620000
CHFJPY,20160519,0300,111.387,111.481,111.324,111.407,3518320000
CHFJPY,20160519,0400,111.409,111.430,111.330,111.401,3576790000
CHFJPY,20160519,0500,111.402,111.655,111.381,111.609,4491800000
CHFJPY,20160519,0600,111.613,111.705,111.542,111.602,6737100000
CHFJPY,20160519,0700,111.604,111.611,111.289,111.483,8381840000
CHFJPY,20160519,0800,111.477,111.701,111.454,111.568,7082890000
CHFJPY,20160519,0900,111.569,111.571,111.362,111.429,5740700000
CHFJPY,20160519,1000,111.429,111.432,111.066,111.087,5512150000
CHFJPY,20160519,1100,111.086,111.149,110.923,110.963,6742910000
CHFJPY,20160519,1200,110.962,111.105,110.871,111.067,10892450000
CHFJPY,20160519,1300,111.069,111.200,110.956,110.972,11577870000
CHFJPY,20160519,1400,110.967,111.122,110.931,111.021,13553880000
CHFJPY,20160519,1500,111.022,111.064,110.923,110.983,10306320000
CHFJPY,20160519,1600,110.985,111.026,110.888,110.892,5671440000
CHFJPY,20160519,1700,110.891,111.014,110.859,110.975,4169200000
CHFJPY,20160519,1800,110.977,111.060,110.951,110.967,3895580000
CHFJPY,20160519,1900,110.967,111.032,110.930,110.963,3531440000
CHFJPY,20160519,2000,110.965,111.012,110.933,110.981,2185300000
CHFJPY,20160519,2100,110.992,111.007,110.941,110.967,1016460000
CHFJPY,20160519,2200,110.970,111.006,110.921,110.944,2144180000
CHFJPY,20160519,2300,110.945,110.976,110.843,110.915,2322330000
CHFJPY,20160520,0000,110.913,111.052,110.872,110.962,5593790000
CHFJPY,20160520,0100,110.963,111.013,110.937,111.002,4376480000
CHFJPY,20160520,0200,110.999,111.038,110.934,110.998,3770020000
CHFJPY,20160520,0300,110.999,111.061,110.964,111.044,1921740000
CHFJPY,20160520,0400,111.044,111.131,111.037,111.055,3249490000
CHFJPY,20160520,0500,111.055,111.117,110.927,111.113,3605070000
CHFJPY,20160520,0600,111.112,111.255,111.041,111.136,5340280000
CHFJPY,20160520,0700,111.137,111.331,111.069,111.329,6801270000
CHFJPY,20160520,0800,111.330,111.375,111.218,111.351,5882220000
CHFJPY,20160520,0900,111.352,111.370,111.217,111.316,5191160000
CHFJPY,20160520,1000,111.315,111.410,111.286,111.323,4782340000
CHFJPY,20160520,1100,111.322,111.397,111.236,111.282,4559510000
CHFJPY,20160520,1200,111.282,111.359,111.225,111.326,4954470000
CHFJPY,20160520,1300,111.326,111.490,111.276,111.478,7975580000
CHFJPY,20160520,1400,111.481,111.543,111.287,111.292,8508120000
CHFJPY,20160520,1500,111.292,111.466,111.289,111.406,5690750000
CHFJPY,20160520,1600,111.405,111.499,111.345,111.454,3516650000
CHFJPY,20160520,1700,111.452,111.469,111.236,111.291,4426940000
CHFJPY,20160520,1800,111.292,111.305,111.217,111.242,3825420000
CHFJPY,20160520,1900,111.243,111.252,111.066,111.155,2460550000
CHFJPY,20160520,2000,111.156,111.220,111.101,111.187,2587780000
CHFJPY,20160522,2100,111.115,111.223,111.114,111.170,712070000
CHFJPY,20160522,2200,111.170,111.225,111.112,111.203,1654770000
CHFJPY,20160522,2300,111.204,111.204,110.994,110.995,2499510000
CHFJPY,20160523,0000,110.999,111.067,110.848,110.864,5781400000
CHFJPY,20160523,0100,110.864,110.881,110.768,110.821,6097270000
CHFJPY,20160523,0200,110.821,110.904,110.812,110.900,3546770000
CHFJPY,20160523,0300,110.900,111.036,110.870,111.033,3220740000
CHFJPY,20160523,0400,111.035,111.072,110.976,111.014,3911500000
CHFJPY,20160523,0500,111.014,111.049,110.891,110.893,3840320000
CHFJPY,20160523,0600,110.895,110.975,110.806,110.816,4969090000
CHFJPY,20160523,0700,110.816,110.830,110.606,110.651,8566260000
CHFJPY,20160523,0800,110.651,110.653,110.485,110.558,7841690000
CHFJPY,20160523,0900,110.557,110.577,110.394,110.460,6033450000
CHFJPY,20160523,1000,110.458,110.583,110.406,110.523,5077370000
CHFJPY,20160523,1100,110.526,110.552,110.395,110.523,4736780000
CHFJPY,20160523,1200,110.523,110.567,110.385,110.390,7335030000
CHFJPY,20160523,1300,110.393,110.494,110.354,110.362,8633280000
CHFJPY,20160523,1400,110.366,110.422,110.278,110.303,8064450000
CHFJPY,20160523,1500,110.302,110.392,110.271,110.339,5838540000
CHFJPY,20160523,1600,110.339,110.497,110.337,110.464,2888490000
CHFJPY,20160523,1700,110.466,110.467,110.243,110.343,4753510000
CHFJPY,20160523,1800,110.344,110.402,110.316,110.326,2539760000
CHFJPY,20160523,1900,110.330,110.422,110.312,110.408,2158150000
CHFJPY,20160523,2000,110.410,110.439,110.373,110.389,2047030000
CHFJPY,20160523,2100,110.383,110.407,110.294,110.350,1696500000
CHFJPY,20160523,2200,110.348,110.459,110.327,110.415,2740710000
CHFJPY,20160523,2300,110.415,110.515,110.393,110.499,2357880000
CHFJPY,20160524,0000,110.501,110.505,110.352,110.368,4589880000
CHFJPY,20160524,0100,110.370,110.471,110.337,110.418,4724590000
CHFJPY,20160524,0200,110.418,110.475,110.359,110.426,3945480000
CHFJPY,20160524,0300,110.425,110.445,110.324,110.348,3804300000
CHFJPY,20160524,0400,110.348,110.372,110.251,110.284,2660850000
CHFJPY,20160524,0500,110.284,110.333,110.235,110.280,2335690000
CHFJPY,20160524,0600,110.280,110.409,110.199,110.362,6160180000
CHFJPY,20160524,0700,110.362,110.515,110.327,110.388,7973150000
CHFJPY,20160524,0800,110.392,110.453,110.302,110.391,6399760000
CHFJPY,20160524,0900,110.391,110.630,110.366,110.620,6013540000
CHFJPY,20160524,1000,110.620,110.623,110.407,110.558,5329740000
CHFJPY,20160524,1100,110.561,110.625,110.501,110.559,4885030000
CHFJPY,20160524,1200,110.560,110.673,110.499,110.645,6878760000
CHFJPY,20160524,1300,110.646,110.743,110.593,110.711,8057050000
CHFJPY,20160524,1400,110.715,110.757,110.640,110.672,9044000000
CHFJPY,20160524,1500,110.672,110.821,110.672,110.752,6341580000
CHFJPY,20160524,1600,110.752,110.814,110.698,110.788,4191260000
CHFJPY,20160524,1700,110.787,110.921,110.758,110.822,4170980000
CHFJPY,20160524,1800,110.821,110.845,110.746,110.756,2953840000
CHFJPY,20160524,1900,110.754,110.806,110.701,110.726,3357650000
CHFJPY,20160524,2000,110.725,110.751,110.683,110.711,2751820000
CHFJPY,20160524,2100,110.678,110.751,110.644,110.697,1377620000
CHFJPY,20160524,2200,110.693,110.756,110.692,110.751,2612730000
CHFJPY,20160524,2300,110.748,110.927,110.738,110.902,2726770000
CHFJPY,20160525,0000,110.902,110.912,110.829,110.862,4720550000
CHFJPY,20160525,0100,110.865,110.966,110.819,110.962,3999750000
CHFJPY,20160525,0200,110.962,110.982,110.905,110.912,2471280000
CHFJPY,20160525,0300,110.913,110.931,110.776,110.806,3242960000
CHFJPY,20160525,0400,110.805,110.929,110.779,110.854,2698190000
CHFJPY,20160525,0500,110.854,110.903,110.759,110.853,3068510000
CHFJPY,20160525,0600,110.855,111.035,110.839,110.857,5468460000
CHFJPY,20160525,0700,110.859,110.954,110.813,110.907,7241500000
CHFJPY,20160525,0800,110.905,111.113,110.901,111.092,7113440000
CHFJPY,20160525,0900,111.090,111.168,110.969,111.124,5921780000
CHFJPY,20160525,1000,111.124,111.235,111.067,111.160,5120400000
CHFJPY,20160525,1100,111.160,111.216,111.037,111.158,4866710000
CHFJPY,20160525,1200,111.158,111.307,111.104,111.304,6076690000
CHFJPY,20160525,1300,111.303,111.403,111.216,111.322,7671250000
CHFJPY,20160525,1400,111.322,111.425,111.179,111.225,8530650000
CHFJPY,20160525,1500,111.225,111.296,111.154,111.244,7595050000
CHFJPY,20160525,1600,111.243,111.282,111.174,111.189,3795310000
CHFJPY,20160525,1700,111.189,111.291,111.173,111.217,3604700000
CHFJPY,20160525,1800,111.219,111.261,111.089,111.095,2822870000
CHFJPY,20160525,1900,111.097,111.195,111.097,111.111,2271600000
CHFJPY,20160525,2000,111.117,111.190,111.099,111.137,2040840000
CHFJPY,20160525,2100,111.117,111.156,111.096,111.112,1167820000
CHFJPY,20160525,2200,111.113,111.164,111.093,111.126,2087460000
CHFJPY,20160525,2300,111.127,111.153,111.074,111.099,2152840000
CHFJPY,20160526,0000,111.099,111.099,110.537,110.669,9115190000
CHFJPY,20160526,0100,110.669,110.860,110.551,110.852,5881870000
CHFJPY,20160526,0200,110.849,110.899,110.756,110.808,4065700000
CHFJPY,20160526,0300,110.806,111.002,110.806,110.931,3333070000
CHFJPY,20160526,0400,110.931,110.987,110.893,110.947,2390480000
CHFJPY,20160526,0500,110.946,111.016,110.800,110.854,3541880000
CHFJPY,20160526,0600,110.852,110.978,110.827,110.972,4582300000
CHFJPY,20160526,0700,110.969,111.010,110.857,110.959,7581270000
CHFJPY,20160526,0800,110.963,111.012,110.853,110.882,6418410000
CHFJPY,20160526,0900,110.882,111.046,110.867,111.024,5699430000
CHFJPY,20160526,1000,111.024,111.040,110.957,110.962,5011990000
CHFJPY,20160526,1100,110.963,111.111,110.896,110.996,5547030000
CHFJPY,20160526,1200,110.996,111.117,110.906,110.951,8802760000
CHFJPY,20160526,1300,110.952,111.122,110.937,110.973,10339470000
CHFJPY,20160526,1400,110.979,110.990,110.722,110.789,9178200000
CHFJPY,20160526,1500,110.789,110.937,110.760,110.854,7094750000
CHFJPY,20160526,1600,110.856,110.932,110.782,110.878,5114160000
CHFJPY,20160526,1700,110.878,110.903,110.833,110.845,4393720000
CHFJPY,20160526,1800,110.846,110.923,110.838,110.875,3257860000
CHFJPY,20160526,1900,110.876,110.977,110.856,110.862,2832560000
CHFJPY,20160526,2000,110.864,110.943,110.858,110.936,2105430000
CHFJPY,20160526,2100,110.928,110.947,110.909,110.921,853620000
CHFJPY,20160526,2200,110.921,110.942,110.826,110.842,3529380000
CHFJPY,20160526,2300,110.842,110.966,110.790,110.877,2519360000
CHFJPY,20160527,0000,110.881,111.050,110.772,111.009,5768280000
CHFJPY,20160527,0100,111.008,111.177,110.994,111.040,5132980000
CHFJPY,20160527,0200,111.040,111.100,111.007,111.030,3781370000
CHFJPY,20160527,0300,111.028,111.108,111.019,111.045,3096980000
CHFJPY,20160527,0400,111.046,111.082,110.987,111.017,2590250000
CHFJPY,20160527,0500,111.019,111.061,110.862,110.873,3631620000
CHFJPY,20160527,0600,110.876,110.942,110.821,110.871,4918100000
CHFJPY,20160527,0700,110.867,110.942,110.729,110.820,7901530000
CHFJPY,20160527,0800,110.821,110.913,110.762,110.764,5231650000
CHFJPY,20160527,0900,110.764,110.792,110.686,110.702,4119850000
CHFJPY,20160527,1000,110.700,110.747,110.596,110.649,4591600000
CHFJPY,20160527,1100,110.652,110.721,110.583,110.629,5023760000
CHFJPY,20160527,1200,110.630,110.673,110.463,110.577,8672130000
CHFJPY,20160527,1300,110.577,110.722,110.555,110.625,8097880000
CHFJPY,20160527,1400,110.625,110.750,110.609,110.667,8567600000
CHFJPY,20160527,1500,110.666,110.840,110.622,110.777,5612520000
CHFJPY,20160527,1600,110.779,110.827,110.723,110.826,3132740000
CHFJPY,20160527,1700,110.825,110.917,110.797,110.857,7812130000
CHFJPY,20160527,1800,110.858,111.057,110.842,111.016,5480320000
CHFJPY,20160527,1900,111.011,111.077,110.985,111.011,3542710000
CHFJPY,20160527,2000,111.013,111.029,110.783,110.797,3427870000
CHFJPY,20160529,2100,111.015,111.039,110.947,110.996,693920000
CHFJPY,20160529,2200,110.996,111.353,110.960,111.286,4879690000
CHFJPY,20160529,2300,111.286,111.422,111.205,111.338,4500340000
CHFJPY,20160530,0000,111.337,111.426,111.280,111.309,7098060000
CHFJPY,20160530,0100,111.312,111.469,111.291,111.459,5080600000
CHFJPY,20160530,0200,111.460,111.577,111.438,111.562,4324800000
CHFJPY,20160530,0300,111.560,111.605,111.499,111.564,3685970000
CHFJPY,20160530,0400,111.564,111.719,111.520,111.674,3305850000
CHFJPY,20160530,0500,111.673,111.833,111.658,111.806,3862840000
CHFJPY,20160530,0600,111.805,111.958,111.770,111.865,5219670000
CHFJPY,20160530,0700,111.865,111.996,111.717,111.969,6299580000
CHFJPY,20160530,0800,111.969,112.127,111.926,111.936,5690390000
CHFJPY,20160530,0900,111.937,112.012,111.826,111.899,4993370000
CHFJPY,20160530,1000,111.899,111.941,111.871,111.899,3430950000
CHFJPY,20160530,1100,111.902,111.947,111.881,111.943,3207330000
CHFJPY,20160530,1200,111.943,112.029,111.931,112.003,4482120000
CHFJPY,20160530,1300,112.002,112.038,111.976,112.008,3316830000
CHFJPY,20160530,1400,112.008,112.047,111.929,111.932,4049780000
CHFJPY,20160530,1500,111.931,111.945,111.846,111.882,3324120000
CHFJPY,20160530,1600,111.882,111.892,111.818,111.872,2406310000
CHFJPY,20160530,1700,111.873,111.993,111.873,111.918,2541600000
CHFJPY,20160530,1800,111.918,111.984,111.895,111.978,1705200000
CHFJPY,20160530,1900,111.978,111.996,111.954,111.966,2264730000
CHFJPY,20160530,2000,111.964,112.012,111.954,111.964,3346230000
CHFJPY,20160530,2100,111.964,111.999,111.951,111.988,881350000
CHFJPY,20160530,2200,111.989,111.998,111.777,111.837,3670740000
CHFJPY,20160530,2300,111.834,111.911,111.752,111.777,3879030000
CHFJPY,20160531,0000,111.776,111.877,111.729,111.840,4929870000
CHFJPY,20160531,0100,111.843,112.065,111.836,112.005,5905490000
CHFJPY,20160531,0200,112.010,112.039,111.962,111.988,3872770000
CHFJPY,20160531,0300,111.989,112.237,111.976,112.205,4560960000
CHFJPY,20160531,0400,112.206,112.233,111.933,111.964,4980180000
CHFJPY,20160531,0500,111.963,112.101,111.952,112.099,4343910000
CHFJPY,20160531,0600,112.096,112.204,112.027,112.069,6312590000
CHFJPY,20160531,0700,112.072,112.142,111.952,111.956,8010860000
CHFJPY,20160531,0800,111.960,111.985,111.849,111.928,7727670000
CHFJPY,20160531,0900,111.928,112.155,111.887,112.102,5418270000
CHFJPY,20160531,1000,112.101,112.220,112.072,112.171,5806710000
CHFJPY,20160531,1100,112.169,112.240,112.090,112.193,5092400000
CHFJPY,20160531,1200,112.199,112.283,112.107,112.230,6475520000
CHFJPY,20160531,1300,112.233,112.321,112.149,112.316,7682070000
CHFJPY,20160531,1400,112.316,112.334,111.560,111.583,10212180000
CHFJPY,20160531,1500,111.586,111.677,111.406,111.487,8897300000
CHFJPY,20160531,1600,111.487,111.514,111.329,111.450,5595500000
CHFJPY,20160531,1700,111.449,111.496,111.385,111.426,3738030000
CHFJPY,20160531,1800,111.428,111.428,111.211,111.211,5035150000
CHFJPY,20160531,1900,111.208,111.434,111.194,111.381,4288280000
CHFJPY,20160531,2000,111.380,111.446,111.355,111.366,2671890000
CHFJPY,20160531,2100,111.361,111.420,111.329,111.391,1740950000
CHFJPY,20160531,2200,111.391,111.468,111.375,111.465,3422300000
CHFJPY,20160531,2300,111.461,111.484,111.342,111.389,2324900000
CHFJPY,20160601,0000,111.392,111.413,111.177,111.263,5654600000
CHFJPY,20160601,0100,111.265,111.509,111.246,111.314,4886770000
CHFJPY,20160601,0200,111.315,111.406,111.272,111.406,3655170000
CHFJPY,20160601,0300,111.406,111.406,111.192,111.248,3662870000
CHFJPY,20160601,0400,111.248,111.373,111.070,111.093,4147050000
CHFJPY,20160601,0500,111.095,111.107,110.351,110.647,10346210000
CHFJPY,20160601,0600,110.647,110.717,110.514,110.692,7559110000
CHFJPY,20160601,0700,110.692,111.018,110.566,110.904,9330560000
CHFJPY,20160601,0800,110.907,110.990,110.711,110.718,9355560000
CHFJPY,20160601,0900,110.718,110.821,110.472,110.676,10337220000
CHFJPY,20160601,1000,110.675,110.730,110.561,110.640,6714290000
CHFJPY,20160601,1100,110.641,110.661,110.362,110.411,8106120000
CHFJPY,20160601,1200,110.407,110.592,110.361,110.455,9509110000
CHFJPY,20160601,1300,110.457,110.744,110.441,110.669,9919560000
CHFJPY,20160601,1400,110.651,110.842,110.524,110.803,12686700000
CHFJPY,20160601,1500,110.800,110.888,110.670,110.725,8429990000
CHFJPY,20160601,1600,110.725,110.895,110.680,110.890,6442080000
CHFJPY,20160601,1700,110.892,110.957,110.763,110.793,4825160000
CHFJPY,20160601,1800,110.799,110.891,110.777,110.803,4730140000
CHFJPY,20160601,1900,110.805,110.891,110.774,110.839,3078010000
CHFJPY,20160601,2000,110.841,110.905,110.821,110.828,2281000000
CHFJPY,20160601,2100,110.831,110.916,110.696,110.718,2189010000
CHFJPY,20160601,2200,110.718,110.816,110.718,110.779,3567250000
CHFJPY,20160601,2300,110.780,110.798,110.698,110.730,2607170000
CHFJPY,20160602,0000,110.730,110.739,110.605,110.672,6271960000
CHFJPY,20160602,0100,110.671,110.769,110.326,110.517,6866330000
CHFJPY,20160602,0200,110.518,110.537,110.275,110.374,7343650000
CHFJPY,20160602,0300,110.374,110.456,110.318,110.359,3812980000
CHFJPY,20160602,0400,110.359,110.569,110.341,110.549,4803600000
CHFJPY,20160602,0500,110.548,110.602,110.433,110.522,5725960000
CHFJPY,20160602,0600,110.519,110.652,110.421,110.515,6035530000
CHFJPY,20160602,0700,110.518,110.584,110.378,110.402,8685560000
CHFJPY,20160602,0800,110.397,110.550,110.307,110.472,6553240000
CHFJPY,20160602,0900,110.471,110.547,110.428,110.523,5335490000
CHFJPY,20160602,1000,110.522,110.530,110.379,110.416,4322630000
CHFJPY,20160602,1100,110.419,110.426,110.292,110.322,5025650000
CHFJPY,20160602,1200,110.321,110.327,110.024,110.068,12342550000
CHFJPY,20160602,1300,110.068,110.144,109.640,109.749,12416760000
CHFJPY,20160602,1400,109.750,109.891,109.636,109.667,9713860000
CHFJPY,20160602,1500,109.672,109.852,109.655,109.799,7532660000
CHFJPY,20160602,1600,109.800,109.851,109.669,109.817,4300220000
CHFJPY,20160602,1700,109.816,109.891,109.777,109.891,3166380000
CHFJPY,20160602,1800,109.889,109.949,109.872,109.874,3239410000
CHFJPY,20160602,1900,109.873,109.906,109.829,109.835,1901070000
CHFJPY,20160602,2000,109.835,109.937,109.826,109.887,2330730000
CHFJPY,20160602,2100,109.885,109.931,109.821,109.849,918800000
CHFJPY,20160602,2200,109.851,109.931,109.801,109.895,3144810000
CHFJPY,20160602,2300,109.895,109.928,109.819,109.903,1997760000
CHFJPY,20160603,0000,109.906,110.109,109.906,110.050,7137230000
CHFJPY,20160603,0100,110.048,110.175,109.957,109.972,5749540000
CHFJPY,20160603,0200,109.971,109.993,109.868,109.932,4080650000
CHFJPY,20160603,0300,109.934,110.016,109.901,109.925,2971360000
CHFJPY,20160603,0400,109.925,109.958,109.601,109.703,6156430000
CHFJPY,20160603,0500,109.703,109.776,109.633,109.688,4941740000
CHFJPY,20160603,0600,109.686,109.812,109.653,109.787,5313580000
CHFJPY,20160603,0700,109.789,109.835,109.714,109.763,7438620000
CHFJPY,20160603,0800,109.761,109.876,109.745,109.812,5841760000
CHFJPY,20160603,0900,109.812,109.943,109.777,109.938,6051440000
CHFJPY,20160603,1000,109.936,109.952,109.794,109.823,4676210000
CHFJPY,20160603,1100,109.824,109.916,109.766,109.883,4908260000
CHFJPY,20160603,1200,109.883,110.057,109.346,109.687,14637110000
CHFJPY,20160603,1300,109.689,109.832,109.376,109.534,16914530000
CHFJPY,20160603,1400,109.531,109.575,109.081,109.081,14613690000
CHFJPY,20160603,1500,109.089,109.322,109.041,109.257,10059360000
CHFJPY,20160603,1600,109.257,109.288,109.069,109.097,6998020000
CHFJPY,20160603,1700,109.096,109.192,109.073,109.172,7406610000
CHFJPY,20160603,1800,109.171,109.315,109.045,109.210,6606990000
CHFJPY,20160603,1900,109.212,109.288,109.182,109.219,4580740000
CHFJPY,20160603,2000,109.218,109.251,109.056,109.080,5005120000
CHFJPY,20160605,2100,108.991,109.104,108.864,109.095,1642040000
CHFJPY,20160605,2200,109.085,109.310,109.072,109.218,4371830000
CHFJPY,20160605,2300,109.218,109.349,108.948,109.294,7065610000
CHFJPY,20160606,0000,109.290,109.375,109.058,109.117,8377040000
CHFJPY,20160606,0100,109.117,109.345,109.077,109.343,6099720000
CHFJPY,20160606,0200,109.344,109.551,109.225,109.542,4846070000
CHFJPY,20160606,0300,109.538,109.672,109.493,109.526,4589710000
CHFJPY,20160606,0400,109.529,109.536,109.356,109.502,4314400000
CHFJPY,20160606,0500,109.499,109.541,109.399,109.488,3901070000
CHFJPY,20160606,0600,109.489,109.639,109.429,109.532,6058540000
CHFJPY,20160606,0700,109.530,109.788,109.498,109.700,9426310000
CHFJPY,20160606,0800,109.702,109.952,109.684,109.942,7775930000
CHFJPY,20160606,0900,109.946,110.041,109.902,109.931,6488020000
CHFJPY,20160606,1000,109.932,109.980,109.823,109.874,6244010000
CHFJPY,20160606,1100,109.873,109.926,109.794,109.882,5788040000
CHFJPY,20160606,1200,109.882,110.208,109.882,110.077,6914350000
CHFJPY,20160606,1300,110.077,110.189,110.023,110.134,8351000000
CHFJPY,20160606,1400,110.134,110.528,110.134,110.392,9068730000
CHFJPY,20160606,1500,110.389,110.481,110.324,110.412,8211160000
CHFJPY,20160606,1600,110.412,110.496,110.190,110.277,10651520000
CHFJPY,20160606,1700,110.276,110.510,110.251,110.501,8056210000
CHFJPY,20160606,1800,110.504,110.748,110.504,110.720,5835220000
CHFJPY,20160606,1900,110.718,110.880,110.687,110.799,4535410000
CHFJPY,20160606,2000,110.795,110.908,110.783,110.801,3161300000
CHFJPY,20160606,2100,110.803,110.872,110.632,110.768,2407070000
CHFJPY,20160606,2200,110.767,110.830,110.767,110.789,3317860000
CHFJPY,20160606,2300,110.789,110.830,110.699,110.741,2880850000
CHFJPY,20160607,0000,110.739,110.739,110.535,110.596,5973430000
CHFJPY,20160607,0100,110.597,110.822,110.559,110.802,4839420000
CHFJPY,20160607,0200,110.804,110.994,110.723,110.969,4589760000
CHFJPY,20160607,0300,110.970,111.116,110.933,111.040,4195550000
CHFJPY,20160607,0400,111.041,111.118,110.907,110.931,5919100000
CHFJPY,20160607,0500,110.931,110.976,110.806,110.818,4468500000
CHFJPY,20160607,0600,110.819,110.916,110.733,110.773,5355720000
CHFJPY,20160607,0700,110.772,111.235,110.706,111.235,8038050000
CHFJPY,20160607,0800,111.234,111.558,111.211,111.480,7788680000
CHFJPY,20160607,0900,111.476,111.775,111.472,111.591,6804710000
CHFJPY,20160607,1000,111.592,111.594,111.426,111.449,5204360000
CHFJPY,20160607,1100,111.450,111.453,111.276,111.333,6648610000
CHFJPY,20160607,1200,111.333,111.342,111.127,111.200,7677430000
CHFJPY,20160607,1300,111.200,111.233,111.008,111.048,7571540000
CHFJPY,20160607,1400,111.048,111.087,110.842,110.929,8699430000
CHFJPY,20160607,1500,110.931,111.106,110.921,111.040,6747950000
CHFJPY,20160607,1600,111.040,111.158,111.007,111.157,4715060000
CHFJPY,20160607,1700,111.156,111.208,111.092,111.140,4640740000
CHFJPY,20160607,1800,111.140,111.211,111.122,111.159,3579670000
CHFJPY,20160607,1900,111.159,111.234,111.136,111.167,2837370000
CHFJPY,20160607,2000,111.166,111.257,111.144,111.184,2549530000
CHFJPY,20160607,2100,111.181,111.233,111.152,111.161,1384790000
CHFJPY,20160607,2200,111.162,111.164,111.090,111.119,977220000
CHFJPY,20160607,2300,111.119,111.220,111.074,111.130,2641580000
CHFJPY,20160608,0000,111.130,111.133,110.773,110.917,6645530000
CHFJPY,20160608,0100,110.919,110.967,110.616,110.635,6223010000
CHFJPY,20160608,0200,110.633,110.840,110.617,110.805,3427330000
CHFJPY,20160608,0300,110.805,111.143,110.804,111.084,5159290000
CHFJPY,20160608,0400,111.085,111.098,110.887,110.967,3889530000
CHFJPY,20160608,0500,110.965,110.997,110.840,110.953,4474060000
CHFJPY,20160608,0600,110.951,111.047,110.909,110.956,5296850000
CHFJPY,20160608,0700,110.952,111.032,110.706,110.825,8230920000
CHFJPY,20160608,0800,110.823,111.057,110.819,111.041,6571010000
CHFJPY,20160608,0900,111.047,111.246,111.047,111.236,4335190000
CHFJPY,20160608,1000,111.235,111.281,111.157,111.227,4460380000
CHFJPY,20160608,1100,111.227,111.451,111.222,111.332,5437970000
CHFJPY,20160608,1200,111.332,111.341,111.225,111.270,6787260000
CHFJPY,20160608,1300,111.269,111.384,111.206,111.316,8730450000
CHFJPY,20160608,1400,111.316,111.362,111.102,111.115,10626810001
CHFJPY,20160608,1500,111.122,111.215,111.068,111.183,7750530000
CHFJPY,20160608,1600,111.180,111.438,111.132,111.388,5503630000
CHFJPY,20160608,1700,111.385,111.497,111.359,111.434,4703630000
CHFJPY,20160608,1800,111.433,111.555,111.364,111.503,4175360000
CHFJPY,20160608,1900,111.505,111.578,111.458,111.531,3542340000
CHFJPY,20160608,2000,111.533,111.618,111.507,111.509,3029920000
CHFJPY,20160608,2100,111.499,111.626,111.356,111.394,2766520000
CHFJPY,20160608,2200,111.394,111.556,111.394,111.524,3557560000
CHFJPY,20160608,2300,111.525,111.554,111.385,111.390,3048360000
CHFJPY,20160609,0000,111.390,111.486,111.287,111.335,5196570000
CHFJPY,20160609,0100,111.335,111.396,111.180,111.224,6338340000
CHFJPY,20160609,0200,111.223,111.370,111.198,111.229,4542800000
CHFJPY,20160609,0300,111.229,111.305,111.201,111.227,3001190000
CHFJPY,20160609,0400,111.227,111.286,111.161,111.222,3778220000
CHFJPY,20160609,0500,111.220,111.409,111.214,111.264,4258650000
CHFJPY,20160609,0600,111.267,111.361,111.254,111.314,5173570000
CHFJPY,20160609,0700,111.317,111.347,110.705,110.799,10731470000
CHFJPY,20160609,0800,110.799,110.902,110.571,110.898,8385720000
CHFJPY,20160609,0900,110.897,110.912,110.610,110.686,7034320000
CHFJPY,20160609,1000,110.685,110.770,110.602,110.705,6426780000
CHFJPY,20160609,1100,110.708,110.791,110.619,110.641,6599800000
CHFJPY,20160609,1200,110.641,110.926,110.561,110.876,7613300000
CHFJPY,20160609,1300,110.872,110.908,110.548,110.656,9807770000
CHFJPY,20160609,1400,110.654,110.681,110.257,110.383,8875030000
CHFJPY,20160609,1500,110.383,110.559,110.377,110.503,6820160000
CHFJPY,20160609,1600,110.508,110.554,110.452,110.516,5130610000
CHFJPY,20160609,1700,110.517,110.808,110.494,110.776,4409730000
CHFJPY,20160609,1800,110.776,110.979,110.726,110.969,3820490000
CHFJPY,20160609,1900,110.971,111.185,110.911,111.071,4257290000
CHFJPY,20160609,2000,111.067,111.081,110.976,110.982,2742580000
CHFJPY,20160609,2100,110.973,110.986,110.851,110.859,1309790000
CHFJPY,20160609,2200,110.861,111.028,110.861,110.982,2505400000
CHFJPY,20160609,2300,110.982,111.074,110.907,111.032,3148390000
CHFJPY,20160610,0000,111.033,111.105,110.806,111.100,5959150000
CHFJPY,20160610,0100,111.099,111.204,111.019,111.020,5101730000
CHFJPY,20160610,0200,111.021,111.100,110.968,111.066,3734150000
CHFJPY,20160610,0300,111.067,111.134,110.928,110.941,3403880000
CHFJPY,20160610,0400,110.944,111.021,110.940,110.962,3150620000
CHFJPY,20160610,0500,110.962,111.058,110.948,110.988,3696550000
CHFJPY,20160610,0600,110.991,111.050,110.861,110.902,4524950000
CHFJPY,20160610,0700,110.906,110.966,110.832,110.911,8136460000
CHFJPY,20160610,0800,110.911,111.168,110.848,110.859,7674480000
CHFJPY,20160610,0900,110.859,110.859,110.656,110.696,6290140000
CHFJPY,20160610,1000,110.695,110.836,110.558,110.741,5099340000
CHFJPY,20160610,1100,110.743,110.867,110.718,110.840,5211560000
CHFJPY,20160610,1200,110.841,111.138,110.785,111.017,6835020000
CHFJPY,20160610,1300,111.019,111.019,110.740,110.794,8208290000
CHFJPY,20160610,1400,110.798,111.096,110.725,111.041,9723710000
CHFJPY,20160610,1500,111.045,111.130,110.950,111.128,8085640000
CHFJPY,20160610,1600,111.128,111.374,111.093,111.344,4615470000
CHFJPY,20160610,1700,111.344,111.361,110.598,110.702,6445660000
CHFJPY,20160610,1800,110.703,110.860,110.410,110.848,8054690000
CHFJPY,20160610,1900,110.844,110.847,110.665,110.718,4496100000
CHFJPY,20160610,2000,110.718,110.970,110.707,110.876,3763810000
CHFJPY,20160612,2100,110.648,110.777,110.597,110.624,1489250000
CHFJPY,20160612,2200,110.631,110.745,110.546,110.677,4200880000
CHFJPY,20160612,2300,110.678,110.686,110.248,110.371,5396430000
CHFJPY,20160613,0000,110.377,110.592,110.302,110.329,6074540000
CHFJPY,20160613,0100,110.330,110.387,109.924,110.004,8988530000
CHFJPY,20160613,0200,110.002,110.155,109.946,110.035,6445850000
CHFJPY,20160613,0300,110.029,110.106,109.999,110.052,4467670000
CHFJPY,20160613,0400,110.048,110.070,109.753,109.823,6159740000
CHFJPY,20160613,0500,109.819,109.861,109.688,109.697,6113190000
CHFJPY,20160613,0600,109.699,110.061,109.643,109.997,7015610000
CHFJPY,20160613,0700,109.998,110.148,109.900,110.062,8983820000
CHFJPY,20160613,0800,110.064,110.182,109.748,109.830,7177480000
CHFJPY,20160613,0900,109.826,109.826,109.602,109.693,6889140000
CHFJPY,20160613,1000,109.693,109.837,109.658,109.756,5283510000
CHFJPY,20160613,1100,109.757,109.893,109.717,109.804,6015750000
CHFJPY,20160613,1200,109.803,109.842,109.576,109.617,7925300000
CHFJPY,20160613,1300,109.618,110.137,109.575,109.996,10796730000
CHFJPY,20160613,1400,110.002,110.417,109.999,110.008,12421160000
CHFJPY,20160613,1500,110.009,110.089,109.734,109.760,8754350000
CHFJPY,20160613,1600,109.764,110.157,109.746,109.968,6354060000
CHFJPY,20160613,1700,109.970,110.125,109.880,110.095,3781430000
CHFJPY,20160613,1800,110.094,110.175,110.046,110.097,3634240000
CHFJPY,20160613,1900,110.100,110.251,110.089,110.220,2782440000
CHFJPY,20160613,2000,110.216,110.249,110.086,110.163,2220430000
CHFJPY,20160613,2100,110.163,110.167,109.967,110.054,1850240000
CHFJPY,20160613,2200,110.046,110.171,109.967,110.112,4057830000
CHFJPY,20160613,2300,110.119,110.387,110.111,110.289,3702790000
CHFJPY,20160614,0000,110.286,110.449,110.048,110.114,8581050000
CHFJPY,20160614,0100,110.112,110.190,110.014,110.109,7111260000
CHFJPY,20160614,0200,110.107,110.142,109.974,109.992,4359520000
CHFJPY,20160614,0300,109.995,110.069,109.969,110.035,3580920000
CHFJPY,20160614,0400,110.033,110.059,109.907,109.934,3939040000
CHFJPY,20160614,0500,109.935,109.940,109.794,109.887,5499110000
CHFJPY,20160614,0600,109.891,109.959,109.536,109.629,7161800000
CHFJPY,20160614,0700,109.629,110.164,109.476,109.818,11968920000
CHFJPY,20160614,0800,109.818,109.922,109.411,109.608,9690080000
CHFJPY,20160614,0900,109.609,109.609,109.375,109.524,8335030000
CHFJPY,20160614,1000,109.521,109.714,109.483,109.648,6509980000
CHFJPY,20160614,1100,109.648,109.850,109.639,109.798,5624910000
CHFJPY,20160614,1200,109.800,109.967,109.783,109.898,8814350000
CHFJPY,20160614,1300,109.895,109.973,109.723,109.827,9700950000
CHFJPY,20160614,1400,109.827,109.951,109.693,109.947,11409630000
CHFJPY,20160614,1500,109.953,110.101,109.877,109.997,8458550000
CHFJPY,20160614,1600,109.998,110.140,109.974,110.111,5156830000
CHFJPY,20160614,1700,110.108,110.153,110.014,110.144,4753670000
CHFJPY,20160614,1800,110.144,110.151,109.963,110.001,3964570000
CHFJPY,20160614,1900,110.000,110.163,109.979,110.152,3863950000
CHFJPY,20160614,2000,110.152,110.196,110.114,110.122,2822430002
CHFJPY,20160614,2100,110.117,110.125,109.915,109.987,2239390000
CHFJPY,20160614,2200,109.987,110.102,109.981,110.057,2274770000
CHFJPY,20160614,2300,110.057,110.123,110.026,110.067,3852410000
CHFJPY,20160615,0000,110.068,110.197,109.995,110.045,7190660000
CHFJPY,20160615,0100,110.046,110.227,109.970,110.170,7588080000
CHFJPY,20160615,0200,110.171,110.276,110.112,110.192,5045940000
CHFJPY,20160615,0300,110.191,110.272,110.164,110.203,4537920000
CHFJPY,20160615,0400,110.205,110.228,110.060,110.089,4677620000
CHFJPY,20160615,0500,110.087,110.135,109.979,109.982,4644110000
CHFJPY,20160615,0600,109.980,110.227,109.968,110.218,6423450000
CHFJPY,20160615,0700,110.217,110.217,110.011,110.020,7807960000
CHFJPY,20160615,0800,110.020,110.164,109.974,110.076,6418740000
CHFJPY,20160615,0900,110.078,110.181,109.764,110.139,5269240002
CHFJPY,20160615,1000,110.136,110.291,110.078,110.216,4472920000
CHFJPY,20160615,1100,110.214,110.340,110.165,110.223,5240580000
CHFJPY,20160615,1200,110.222,110.341,110.095,110.116,6079090000
CHFJPY,20160615,1300,110.116,110.157,109.861,110.004,7262280000
CHFJPY,20160615,1400,110.009,110.208,109.937,109.945,8947500000
CHFJPY,20160615,1500,109.948,110.027,109.738,109.738,5959580000
CHFJPY,20160615,1600,109.737,109.814,109.604,109.727,5515890000
CHFJPY,20160615,1700,109.727,109.894,109.691,109.768,4779540000
CHFJPY,20160615,1800,109.771,110.331,109.649,110.290,13176290000
CHFJPY,20160615,1900,110.294,110.314,110.074,110.162,8572650000
CHFJPY,20160615,2000,110.160,110.298,110.140,110.244,2976690000
CHFJPY,20160615,2100,110.241,110.289,110.214,110.216,1840850000
CHFJPY,20160615,2200,110.217,110.245,110.088,110.173,3324550000
CHFJPY,20160615,2300,110.173,110.201,110.103,110.161,2647740000
CHFJPY,20160616,0000,110.161,110.165,109.837,109.894,7770730000
CHFJPY,20160616,0100,109.895,110.028,109.848,109.858,6981160000
CHFJPY,20160616,0200,109.859,109.878,108.840,109.087,10574880000
CHFJPY,20160616,0300,109.093,109.230,108.978,109.098,9663080000
CHFJPY,20160616,0400,109.096,109.160,108.626,108.680,8453420000
CHFJPY,20160616,0500,108.688,108.796,108.506,108.600,10081710000
CHFJPY,20160616,0600,108.602,108.732,108.130,108.236,12699130000
CHFJPY,20160616,0700,108.234,108.363,108.095,108.157,12750690000
CHFJPY,20160616,0800,108.157,108.553,108.019,108.331,9607760000
CHFJPY,20160616,0900,108.334,108.536,108.266,108.433,7793220000
CHFJPY,20160616,1000,108.435,108.448,107.905,108.001,8045170000
CHFJPY,20160616,1100,107.999,108.027,107.706,107.887,8208400000
CHFJPY,20160616,1200,107.888,107.978,107.608,107.629,9880610000
CHFJPY,20160616,1300,107.634,107.703,107.311,107.312,11714390000
CHFJPY,20160616,1400,107.316,107.509,107.131,107.441,13263020000
CHFJPY,20160616,1500,107.438,107.815,107.419,107.655,12459890000
CHFJPY,20160616,1600,107.655,108.256,107.642,107.938,11348190000
CHFJPY,20160616,1700,107.938,108.233,107.803,107.912,11704500000
CHFJPY,20160616,1800,107.912,108.277,107.895,108.156,9013060000
CHFJPY,20160616,1900,108.150,108.282,108.057,108.282,6399130000
CHFJPY,20160616,2000,108.279,108.286,107.983,108.027,3838790000
CHFJPY,20160616,2100,108.031,108.125,107.981,108.069,2139270000
CHFJPY,20160616,2200,108.070,108.265,108.069,108.070,3075790000
CHFJPY,20160616,2300,108.074,108.561,108.064,108.561,5141090000
CHFJPY,20160617,0000,108.587,108.623,108.402,108.546,10614100000
CHFJPY,20160617,0100,108.544,108.621,108.205,108.314,8316140000
CHFJPY,20160617,0200,108.312,108.494,108.282,108.406,5512860000
CHFJPY,20160617,0300,108.409,108.476,108.255,108.306,6150920000
CHFJPY,20160617,0400,108.306,108.322,108.025,108.090,7065220000
CHFJPY,20160617,0500,108.089,108.264,108.065,108.195,6551720000
CHFJPY,20160617,0600,108.195,108.299,108.107,108.206,7345610000
CHFJPY,20160617,0700,108.201,108.272,107.923,108.096,9904130000
CHFJPY,20160617,0800,108.096,108.467,108.016,108.316,8758620000
CHFJPY,20160617,0900,108.316,108.352,108.111,108.224,7928470000
CHFJPY,20160617,1000,108.220,108.358,108.159,108.353,5956290000
CHFJPY,20160617,1100,108.353,108.493,108.279,108.477,7669140000
CHFJPY,20160617,1200,108.472,108.516,108.326,108.366,7214450000
CHFJPY,20160617,1300,108.366,108.418,108.246,108.392,9114480000
CHFJPY,20160617,1400,108.390,108.528,108.328,108.467,10484390000
CHFJPY,20160617,1500,108.469,108.492,108.289,108.414,8396460000
CHFJPY,20160617,1600,108.414,108.642,108.412,108.577,4659180000
CHFJPY,20160617,1700,108.580,108.639,108.522,108.602,4369440000
CHFJPY,20160617,1800,108.602,108.661,108.429,108.472,5095910000
CHFJPY,20160617,1900,108.480,108.591,108.459,108.566,3920110000
CHFJPY,20160617,2000,108.564,108.624,108.397,108.400,2180720000
CHFJPY,20160619,2100,108.872,108.962,108.619,108.714,993450000
CHFJPY,20160619,2200,108.714,108.928,108.431,108.921,6525020000
CHFJPY,20160619,2300,108.921,109.088,108.599,108.985,7775290000
CHFJPY,20160620,0000,108.989,109.315,108.927,109.149,11912160000
CHFJPY,20160620,0100,109.153,109.293,109.046,109.073,7279580000
CHFJPY,20160620,0200,109.070,109.172,109.004,109.138,5150490000
CHFJPY,20160620,0300,109.137,109.198,109.055,109.097,4421380000
CHFJPY,20160620,0400,109.097,109.242,109.094,109.223,4370330000
CHFJPY,20160620,0500,109.224,109.240,109.108,109.126,4426730000
CHFJPY,20160620,0600,109.124,109.247,109.022,109.093,8039760000
CHFJPY,20160620,0700,109.097,109.264,109.059,109.093,10046420000
CHFJPY,20160620,0800,109.096,109.220,108.901,108.922,9462230000
CHFJPY,20160620,0900,108.921,108.946,108.782,108.866,7031640000
CHFJPY,20160620,1000,108.865,108.932,108.817,108.901,6771150000
CHFJPY,20160620,1100,108.897,108.968,108.834,108.877,5751070000
CHFJPY,20160620,1200,108.874,109.001,108.821,108.923,8214600000
CHFJPY,20160620,1300,108.924,109.006,108.797,108.907,9600490000
CHFJPY,20160620,1400,108.908,108.964,108.792,108.804,10414450000
CHFJPY,20160620,1500,108.804,108.835,108.414,108.486,8498030000
CHFJPY,20160620,1600,108.483,108.497,108.337,108.373,5639180000
CHFJPY,20160620,1700,108.377,108.403,108.046,108.119,6990260000
CHFJPY,20160620,1800,108.120,108.131,107.887,108.030,4573750000
CHFJPY,20160620,1900,108.033,108.080,107.912,107.918,4620760000
CHFJPY,20160620,2000,107.922,108.089,107.816,108.012,3626030000
CHFJPY,20160620,2100,108.018,108.092,107.812,108.052,1899640000
CHFJPY,20160620,2200,108.052,108.082,107.982,108.002,2909810000
CHFJPY,20160620,2300,108.001,108.060,107.899,107.909,2437040000
CHFJPY,20160621,0000,107.912,108.016,107.697,107.986,8015470000
CHFJPY,20160621,0100,107.986,108.276,107.958,108.274,5518770000
CHFJPY,20160621,0200,108.271,108.324,107.979,108.155,6665420000
CHFJPY,20160621,0300,108.155,108.231,108.123,108.189,3917460000
CHFJPY,20160621,0400,108.189,108.353,108.179,108.317,2972590000
CHFJPY,20160621,0500,108.317,108.606,108.317,108.552,6147410000
CHFJPY,20160621,0600,108.555,108.841,108.545,108.767,5951180000
CHFJPY,20160621,0700,108.767,108.968,108.711,108.887,9173720000
CHFJPY,20160621,0800,108.885,108.917,108.732,108.819,6905290000
CHFJPY,20160621,0900,108.818,108.907,108.677,108.897,5702470000
CHFJPY,20160621,1000,108.897,109.204,108.876,109.075,5966250000
CHFJPY,20160621,1100,109.076,109.277,109.040,109.126,5599140000
CHFJPY,20160621,1200,109.123,109.191,108.720,108.776,10024400000
CHFJPY,20160621,1300,108.775,109.005,108.630,108.664,12965480000
CHFJPY,20160621,1400,108.666,109.244,108.609,109.047,13930610000
CHFJPY,20160621,1500,109.044,109.146,108.914,108.960,9343730000
CHFJPY,20160621,1600,108.960,108.978,108.746,108.825,4415580000
CHFJPY,20160621,1700,108.826,109.079,108.817,109.010,4409930000
CHFJPY,20160621,1800,109.010,109.068,108.940,108.966,4227630000
CHFJPY,20160621,1900,108.966,109.212,108.917,108.987,5515070000
CHFJPY,20160621,2000,108.986,109.021,108.834,108.847,2106550000
CHFJPY,20160621,2100,108.844,108.951,108.810,108.851,1353140000
CHFJPY,20160621,2200,108.839,108.864,108.732,108.822,2000220000
CHFJPY,20160621,2300,108.822,108.935,108.770,108.815,3199140000
CHFJPY,20160622,0000,108.816,108.871,108.598,108.646,6715820000
CHFJPY,20160622,0100,108.645,108.762,108.543,108.665,6909400000
CHFJPY,20160622,0200,108.665,108.853,108.554,108.845,5314410000
CHFJPY,20160622,0300,108.846,108.897,108.648,108.692,4169900000
CHFJPY,20160622,0400,108.692,108.833,108.683,108.697,4191510000
CHFJPY,20160622,0500,108.697,108.716,108.584,108.606,4321240000
CHFJPY,20160622,0600,108.603,108.861,108.558,108.828,5116880000
CHFJPY,20160622,0700,108.832,108.935,108.600,108.707,9003140000
CHFJPY,20160622,0800,108.707,108.932,108.666,108.876,6412180000
CHFJPY,20160622,0900,108.877,108.997,108.761,108.947,5683980000
CHFJPY,20160622,1000,108.943,109.210,108.916,109.095,5750780000
CHFJPY,20160622,1100,109.093,109.195,108.910,108.916,5730620000
CHFJPY,20160622,1200,108.916,109.075,108.866,109.065,6665640000
CHFJPY,20160622,1300,109.068,109.457,109.020,109.394,9404930000
CHFJPY,20160622,1400,109.375,109.529,109.071,109.076,12010190000
CHFJPY,20160622,1500,109.081,109.169,108.923,109.093,10107890000
CHFJPY,20160622,1600,109.091,109.266,109.010,109.010,5759460000
CHFJPY,20160622,1700,109.010,109.014,108.804,108.952,7004340000
CHFJPY,20160622,1800,108.949,108.992,108.820,108.947,4958950000
CHFJPY,20160622,1900,108.951,109.004,108.830,108.952,4909180000
CHFJPY,20160622,2000,108.950,108.986,108.837,108.841,3022510000
CHFJPY,20160622,2100,109.011,109.668,108.923,109.269,3457690000
CHFJPY,20160622,2200,109.270,109.326,109.060,109.146,4114380000
CHFJPY,20160622,2300,109.148,109.222,109.012,109.051,2820440000
CHFJPY,20160623,0000,109.049,109.242,108.936,109.201,6622000000
CHFJPY,20160623,0100,109.196,109.262,109.036,109.096,4792690000
CHFJPY,20160623,0200,109.092,109.158,109.063,109.082,3717090000
CHFJPY,20160623,0300,109.080,109.165,109.059,109.136,3700630000
CHFJPY,20160623,0400,109.136,109.168,109.076,109.128,3792370000
CHFJPY,20160623,0500,109.128,109.316,109.095,109.270,5283230000
CHFJPY,20160623,0600,109.271,109.304,108.457,108.986,9164780000
CHFJPY,20160623,0700,108.986,109.136,108.917,109.023,8491670000
CHFJPY,20160623,0800,109.023,109.420,108.967,109.386,8186020000
CHFJPY,20160623,0900,109.391,110.090,109.361,109.992,14371870000
CHFJPY,20160623,1000,109.991,110.788,109.957,110.687,15452410000
CHFJPY,20160623,1100,110.687,110.822,110.436,110.471,10337660000
CHFJPY,20160623,1200,110.469,110.862,110.414,110.612,10908240000
CHFJPY,20160623,1300,110.612,110.743,110.221,110.489,12832940000
CHFJPY,20160623,1400,110.497,110.705,110.244,110.442,14314550000
CHFJPY,20160623,1500,110.441,110.692,110.322,110.684,10436290000
CHFJPY,20160623,1600,110.682,110.705,110.212,110.257,6192600000
CHFJPY,20160623,1700,110.257,110.535,110.254,110.527,3780130000
CHFJPY,20160623,1800,110.527,110.573,110.367,110.454,3850150000
CHFJPY,20160623,1900,110.457,110.561,110.232,110.527,5192390000
CHFJPY,20160623,2000,110.530,110.724,110.443,110.649,5533560000
CHFJPY,20160623,2100,110.341,111.376,110.124,110.637,7387330000
CHFJPY,20160623,2200,110.642,110.649,109.906,110.174,7974860000
CHFJPY,20160623,2300,110.174,110.198,106.830,109.055,15749630000
CHFJPY,20160624,0000,109.053,110.102,108.940,109.342,12171830000
CHFJPY,20160624,0100,109.350,109.380,107.027,108.585,16281830000
CHFJPY,20160624,0200,108.585,108.705,101.786,104.471,21015900000
CHFJPY,20160624,0300,104.476,105.387,102.235,103.383,19786490000
CHFJPY,20160624,0400,103.336,104.972,102.967,104.159,17335910000
CHFJPY,20160624,0500,104.149,105.474,104.103,104.996,11390400000
CHFJPY,20160624,0600,104.999,105.705,104.500,104.702,15982110000
CHFJPY,20160624,0700,104.700,106.404,104.575,106.022,16360350000
CHFJPY,20160624,0800,106.022,106.156,105.284,105.533,12806520000
CHFJPY,20160624,0900,105.533,105.847,105.261,105.742,13100290000
CHFJPY,20160624,1000,105.734,106.029,104.412,104.608,14234780000
CHFJPY,20160624,1100,104.608,105.030,104.533,104.821,10567440000
CHFJPY,20160624,1200,104.827,105.321,104.616,104.672,12603500000
CHFJPY,20160624,1300,104.671,105.091,104.456,104.727,14487330000
CHFJPY,20160624,1400,104.750,105.721,104.633,105.488,14050800000
CHFJPY,20160624,1500,105.485,105.999,105.371,105.373,12224820000
CHFJPY,20160624,1600,105.372,105.394,104.912,105.310,8489100000
CHFJPY,20160624,1700,105.310,105.457,105.010,105.074,5840540000
CHFJPY,20160624,1800,105.074,105.192,104.934,105.075,4173030000
CHFJPY,20160624,1900,105.074,105.847,104.934,104.988,4526480000
CHFJPY,20160624,2000,104.984,105.346,104.603,104.904,5109410000
CHFJPY,20160626,2100,104.076,104.624,104.051,104.547,3224260000
CHFJPY,20160626,2200,104.703,105.272,104.609,105.260,8366830000
CHFJPY,20160626,2300,105.259,105.260,104.594,105.009,8807510000
CHFJPY,20160627,0000,105.009,105.217,104.759,104.852,10512000000
CHFJPY,20160627,0100,104.852,105.022,104.219,104.373,11004800000
CHFJPY,20160627,0200,104.377,104.540,104.198,104.444,6264160000
CHFJPY,20160627,0300,104.442,104.722,104.442,104.698,5834200000
CHFJPY,20160627,0400,104.700,104.700,104.081,104.132,7055580000
CHFJPY,20160627,0500,104.128,104.456,104.116,104.355,5668960000
CHFJPY,20160627,0600,104.350,104.803,104.195,104.710,9909650000
CHFJPY,20160627,0700,104.712,104.986,104.707,104.871,11869660000
CHFJPY,20160627,0800,104.872,105.005,104.545,104.789,11713990000
CHFJPY,20160627,0900,104.788,104.848,104.296,104.420,12365420000
CHFJPY,20160627,1000,104.419,104.460,103.902,104.151,11048820000
CHFJPY,20160627,1100,104.148,104.326,103.742,103.951,9189610000
CHFJPY,20160627,1200,103.954,104.229,103.916,103.952,11186870000
CHFJPY,20160627,1300,103.952,104.260,103.809,103.890,12456560000
CHFJPY,20160627,1400,103.890,104.005,103.538,103.588,13411060000
CHFJPY,20160627,1500,103.589,103.950,103.586,103.860,11470500000
CHFJPY,20160627,1600,103.860,104.306,103.703,104.163,8908410000
CHFJPY,20160627,1700,104.166,104.285,104.018,104.216,7017050000
CHFJPY,20160627,1800,104.212,104.357,104.138,104.192,7074360000
CHFJPY,20160627,1900,104.191,104.351,104.136,104.291,6300210000
CHFJPY,20160627,2000,104.289,104.427,104.164,104.210,3162430000
CHFJPY,20160627,2100,104.200,104.248,104.082,104.212,2162740000
CHFJPY,20160627,2200,104.223,104.255,104.111,104.255,2854550000
CHFJPY,20160627,2300,104.255,104.258,104.006,104.023,3497130000
CHFJPY,20160628,0000,104.018,104.093,103.833,103.858,6783590000
CHFJPY,20160628,0100,103.860,104.587,103.802,104.428,9208330000
CHFJPY,20160628,0200,104.430,104.574,104.303,104.454,6778400000
CHFJPY,20160628,0300,104.457,104.573,104.379,104.456,5718130000
CHFJPY,20160628,0400,104.456,104.484,104.213,104.388,4573000000
CHFJPY,20160628,0500,104.391,104.451,104.238,104.373,5115880000
CHFJPY,20160628,0600,104.381,104.509,104.187,104.450,6882040000
CHFJPY,20160628,0700,104.450,104.691,104.323,104.467,10763450000
CHFJPY,20160628,0800,104.471,104.590,104.085,104.085,8321230000
CHFJPY,20160628,0900,104.089,104.669,104.088,104.614,7482240000
CHFJPY,20160628,1000,104.615,104.723,104.474,104.555,7766590000
CHFJPY,20160628,1100,104.555,104.598,104.439,104.508,6580820000
CHFJPY,20160628,1200,104.507,104.771,104.424,104.549,8117940000
CHFJPY,20160628,1300,104.550,104.816,104.467,104.779,10392320000
CHFJPY,20160628,1400,104.796,104.913,104.706,104.863,10484300000
CHFJPY,20160628,1500,104.863,104.863,104.445,104.658,9531110000
CHFJPY,20160628,1600,104.659,104.756,104.555,104.668,5660500000
CHFJPY,20160628,1700,104.668,104.735,104.487,104.487,4460500000
CHFJPY,20160628,1800,104.483,104.645,104.468,104.558,4570470000
CHFJPY,20160628,1900,104.562,104.697,104.521,104.669,5525680000
CHFJPY,20160628,2000,104.670,104.754,104.617,104.619,3727330000
CHFJPY,20160628,2100,104.611,104.806,104.589,104.753,2793470000
CHFJPY,20160628,2200,104.753,104.755,104.587,104.621,3277860000
CHFJPY,20160628,2300,104.622,104.738,104.619,104.731,1987700000
CHFJPY,20160629,0000,104.734,104.734,104.281,104.339,8057590000
CHFJPY,20160629,0100,104.336,104.589,104.239,104.485,7607270000
CHFJPY,20160629,0200,104.490,104.551,104.416,104.525,4773150000
CHFJPY,20160629,0300,104.528,104.537,104.376,104.466,4135850000
CHFJPY,20160629,0400,104.466,104.527,104.332,104.373,4083730000
CHFJPY,20160629,0500,104.369,104.425,104.111,104.126,4605090000
CHFJPY,20160629,0600,104.130,104.311,104.115,104.160,6199810000
CHFJPY,20160629,0700,104.159,104.525,104.032,104.448,9465100000
CHFJPY,20160629,0800,104.450,104.742,104.394,104.611,7984240000
CHFJPY,20160629,0900,104.611,104.741,104.487,104.718,8000950000
CHFJPY,20160629,1000,104.720,104.922,104.674,104.756,6857280000
CHFJPY,20160629,1100,104.754,104.883,104.574,104.837,7050650000
CHFJPY,20160629,1200,104.833,104.937,104.725,104.818,9748980000
CHFJPY,20160629,1300,104.816,104.987,104.740,104.953,9695710000
CHFJPY,20160629,1400,104.960,105.031,104.627,104.736,9911490000
CHFJPY,20160629,1500,104.740,104.902,104.699,104.828,8701620000
CHFJPY,20160629,1600,104.826,104.909,104.750,104.809,4824910000
CHFJPY,20160629,1700,104.809,104.817,104.637,104.645,4817960000
CHFJPY,20160629,1800,104.645,104.696,104.596,104.603,3642140000
CHFJPY,20160629,1900,104.607,104.879,104.604,104.857,4940490000
CHFJPY,20160629,2000,104.857,105.072,104.822,104.940,3624800000
CHFJPY,20160629,2100,104.918,105.141,104.902,105.035,2965060000
CHFJPY,20160629,2200,105.036,105.072,104.949,105.022,2403740000
CHFJPY,20160629,2300,105.019,105.082,104.922,104.926,2633660000
CHFJPY,20160630,0000,104.925,105.059,104.820,104.925,6400760000
CHFJPY,20160630,0100,104.925,104.960,104.736,104.793,5797310000
CHFJPY,20160630,0200,104.793,104.941,104.776,104.859,4520900000
CHFJPY,20160630,0300,104.856,104.907,104.800,104.803,3763500000
CHFJPY,20160630,0400,104.803,104.884,104.769,104.797,3470700000
CHFJPY,20160630,0500,104.798,104.813,104.624,104.682,5420750000
CHFJPY,20160630,0600,104.679,104.746,104.519,104.684,7061440000
CHFJPY,20160630,0700,104.681,104.915,104.348,104.852,9485850000
CHFJPY,20160630,0800,104.854,105.141,104.806,105.072,8731270000
CHFJPY,20160630,0900,105.075,105.242,105.022,105.221,8888610000
CHFJPY,20160630,1000,105.221,105.490,105.148,105.367,7778160000
CHFJPY,20160630,1100,105.368,105.393,104.967,105.048,7895950000
CHFJPY,20160630,1200,105.048,105.175,104.914,105.134,9213040000
CHFJPY,20160630,1300,105.136,105.487,105.093,105.431,9220140000
CHFJPY,20160630,1400,105.432,105.642,105.261,105.298,12216830000
CHFJPY,20160630,1500,105.300,105.386,104.931,104.961,13461860000
CHFJPY,20160630,1600,104.954,105.610,104.907,105.586,12127800000
CHFJPY,20160630,1700,105.584,105.610,105.348,105.435,6159150000
CHFJPY,20160630,1800,105.435,105.595,105.397,105.528,6222130000
CHFJPY,20160630,1900,105.531,105.768,105.531,105.755,4997840000
CHFJPY,20160630,2000,105.755,105.847,105.679,105.705,3384530000
CHFJPY,20160630,2100,105.680,105.915,105.675,105.802,2472980000
CHFJPY,20160630,2200,105.802,105.802,105.613,105.613,2289770000
CHFJPY,20160630,2300,105.617,105.679,105.557,105.579,3184360000
CHFJPY,20160701,0000,105.581,105.638,105.371,105.422,7785500000
CHFJPY,20160701,0100,105.416,105.525,105.386,105.409,6057130000
CHFJPY,20160701,0200,105.409,105.465,105.360,105.427,3796430000
CHFJPY,20160701,0300,105.427,105.456,105.239,105.277,3551590000
CHFJPY,20160701,0400,105.278,105.395,105.276,105.358,3634800000
CHFJPY,20160701,0500,105.358,105.378,105.172,105.280,4411490000
CHFJPY,20160701,0600,105.279,105.281,104.999,105.165,6557330000
CHFJPY,20160701,0700,105.163,105.212,104.961,105.068,10178250000
CHFJPY,20160701,0800,105.068,105.171,105.011,105.130,7907680000
CHFJPY,20160701,0900,105.130,105.251,105.050,105.193,6159730000
CHFJPY,20160701,1000,105.191,105.425,105.138,105.385,6238620000
CHFJPY,20160701,1100,105.386,105.574,105.293,105.435,6949780000
CHFJPY,20160701,1200,105.437,105.610,105.381,105.415,7137780000
CHFJPY,20160701,1300,105.409,105.651,105.280,105.336,8348040000
CHFJPY,20160701,1400,105.331,105.471,105.265,105.413,10372970000
CHFJPY,20160701,1500,105.411,105.506,105.369,105.393,7211420000
CHFJPY,20160701,1600,105.390,105.455,105.251,105.256,5861740000
CHFJPY,20160701,1700,105.254,105.364,105.163,105.174,4290610000
CHFJPY,20160701,1800,105.177,105.230,105.116,105.225,3490910000
CHFJPY,20160701,1900,105.226,105.384,105.177,105.355,3351530000
CHFJPY,20160701,2000,105.357,105.420,105.298,105.299,2810390000
CHFJPY,20160703,2100,105.222,105.433,105.116,105.396,1882970000
CHFJPY,20160703,2200,105.407,105.421,105.263,105.271,1927120000
CHFJPY,20160703,2300,105.269,105.287,105.109,105.153,2079930000
CHFJPY,20160704,0000,105.154,105.364,105.092,105.337,5417260000
CHFJPY,20160704,0100,105.338,105.420,105.331,105.361,5270020000
CHFJPY,20160704,0200,105.363,105.551,105.363,105.540,5469050000
CHFJPY,20160704,0300,105.541,105.619,105.515,105.596,2875110000
CHFJPY,20160704,0400,105.596,105.606,105.492,105.509,3190910000
CHFJPY,20160704,0500,105.508,105.582,105.458,105.510,3585580000
CHFJPY,20160704,0600,105.513,105.563,105.356,105.406,4263690000
CHFJPY,20160704,0700,105.406,105.500,105.357,105.401,6234830000
CHFJPY,20160704,0800,105.401,105.417,105.206,105.238,5998280000
CHFJPY,20160704,0900,105.238,105.331,105.173,105.273,4729970000
CHFJPY,20160704,1000,105.273,105.366,105.256,105.346,3887520000
CHFJPY,20160704,1100,105.348,105.400,105.276,105.391,3384410000
CHFJPY,20160704,1200,105.390,105.509,105.345,105.486,4106260000
CHFJPY,20160704,1300,105.486,105.566,105.430,105.523,5321790000
CHFJPY,20160704,1400,105.523,105.621,105.519,105.542,5008730000
CHFJPY,20160704,1500,105.542,105.605,105.431,105.531,4605190000
CHFJPY,20160704,1600,105.531,105.574,105.521,105.544,2082620000
CHFJPY,20160704,1700,105.547,105.620,105.544,105.612,2802350000
CHFJPY,20160704,1800,105.613,105.633,105.591,105.627,1653050000
CHFJPY,20160704,1900,105.627,105.671,105.586,105.644,2321970000
CHFJPY,20160704,2000,105.643,105.678,105.576,105.583,1910320000
CHFJPY,20160704,2100,105.660,105.660,105.502,105.537,1375860000
CHFJPY,20160704,2200,105.541,105.624,105.528,105.586,1267680000
CHFJPY,20160704,2300,105.586,105.627,105.554,105.579,2602830000
CHFJPY,20160705,0000,105.571,105.581,105.307,105.413,5974110000
CHFJPY,20160705,0100,105.412,105.422,105.033,105.134,6779770000
CHFJPY,20160705,0200,105.133,105.172,105.001,105.109,4274380000
CHFJPY,20160705,0300,105.108,105.214,105.108,105.185,2899090000
CHFJPY,20160705,0400,105.183,105.190,104.947,104.957,3537410000
CHFJPY,20160705,0500,104.960,105.136,104.951,105.083,3361090000
CHFJPY,20160705,0600,105.087,105.114,104.818,104.886,6586440000
CHFJPY,20160705,0700,104.887,105.182,104.812,104.900,9741530000
CHFJPY,20160705,0800,104.899,104.988,104.696,104.768,7483340000
CHFJPY,20160705,0900,104.767,104.814,104.631,104.637,6209110000
CHFJPY,20160705,1000,104.631,104.757,104.617,104.658,5269580000
CHFJPY,20160705,1100,104.653,104.752,104.598,104.650,5562190000
CHFJPY,20160705,1200,104.650,104.810,104.498,104.509,7225630000
CHFJPY,20160705,1300,104.513,104.668,104.498,104.509,8330790000
CHFJPY,20160705,1400,104.511,104.516,104.247,104.255,8490020000
CHFJPY,20160705,1500,104.254,104.344,103.969,103.993,8456780000
CHFJPY,20160705,1600,103.993,104.078,103.933,103.983,5510640000
CHFJPY,20160705,1700,103.980,104.083,103.971,104.052,3173450000
CHFJPY,20160705,1800,104.053,104.065,103.891,103.923,4442680000
CHFJPY,20160705,1900,103.926,104.099,103.910,104.041,4231610000
CHFJPY,20160705,2000,104.043,104.180,104.027,104.111,2239860000
CHFJPY,20160705,2100,104.111,104.144,103.906,104.078,1835110000
CHFJPY,20160705,2200,104.078,104.133,103.971,103.974,2973870000
CHFJPY,20160705,2300,103.975,103.993,103.391,103.536,5830010000
CHFJPY,20160706,0000,103.536,103.677,103.424,103.495,7672680000
CHFJPY,20160706,0100,103.494,103.494,103.091,103.164,8249370000
CHFJPY,20160706,0200,103.170,103.181,102.831,102.978,7731120000
CHFJPY,20160706,0300,102.974,103.322,102.866,103.152,5600750000
CHFJPY,20160706,0400,103.155,103.254,102.961,103.223,4029630000
CHFJPY,20160706,0500,103.222,103.417,103.166,103.358,5703540000
CHFJPY,20160706,0600,103.356,103.509,103.199,103.222,6468400000
CHFJPY,20160706,0700,103.224,103.396,103.155,103.170,9368870000
CHFJPY,20160706,0800,103.166,103.245,102.654,102.766,9198840000
CHFJPY,20160706,0900,102.766,102.769,102.421,102.661,8770860000
CHFJPY,20160706,1000,102.662,102.667,102.401,102.548,8453400000
CHFJPY,20160706,1100,102.547,102.886,102.541,102.675,7777570000
CHFJPY,20160706,1200,102.677,103.261,102.677,103.133,8398390000
CHFJPY,20160706,1300,103.135,103.446,103.135,103.178,9824840000
CHFJPY,20160706,1400,103.163,103.477,103.095,103.101,12660130000
CHFJPY,20160706,1500,103.099,103.432,103.079,103.396,9199810000
CHFJPY,20160706,1600,103.400,103.886,103.390,103.865,7075580000
CHFJPY,20160706,1700,103.866,103.917,103.700,103.742,5019910000
CHFJPY,20160706,1800,103.741,104.087,103.737,104.087,6527170000
CHFJPY,20160706,1900,104.080,104.080,103.841,103.937,4961590000
CHFJPY,20160706,2000,103.939,104.006,103.857,103.884,2967430000
CHFJPY,20160706,2100,103.884,103.940,103.847,103.924,1035390000
CHFJPY,20160706,2200,103.927,103.954,103.628,103.671,3011560000
CHFJPY,20160706,2300,103.671,103.746,103.501,103.716,4050950000
CHFJPY,20160707,0000,103.718,103.832,103.479,103.571,7549520000
CHFJPY,20160707,0100,103.570,103.641,103.253,103.407,7198860000
CHFJPY,20160707,0200,103.405,103.562,103.322,103.514,4055500000
CHFJPY,20160707,0300,103.513,103.601,103.499,103.588,3182460000
CHFJPY,20160707,0400,103.584,103.733,103.574,103.650,4625660000
CHFJPY,20160707,0500,103.651,103.658,103.258,103.316,5692790000
CHFJPY,20160707,0600,103.308,103.387,103.126,103.186,6380860000
CHFJPY,20160707,0700,103.184,103.368,103.158,103.273,7882120000
CHFJPY,20160707,0800,103.276,103.477,103.226,103.380,7617630000
CHFJPY,20160707,0900,103.379,103.432,103.246,103.352,6700290000
CHFJPY,20160707,1000,103.352,103.601,103.315,103.471,7022300000
CHFJPY,20160707,1100,103.471,103.522,103.310,103.342,6413180000
CHFJPY,20160707,1200,103.337,103.666,103.307,103.615,8405010000
CHFJPY,20160707,1300,103.614,103.707,103.448,103.459,9016860000
CHFJPY,20160707,1400,103.462,103.472,103.109,103.131,10856360000
CHFJPY,20160707,1500,103.132,103.147,102.861,103.007,9530020000
CHFJPY,20160707,1600,103.012,103.046,102.882,102.935,5196950000
CHFJPY,20160707,1700,102.934,102.968,102.832,102.909,4554660000
CHFJPY,20160707,1800,102.909,102.975,102.838,102.941,3991290000
CHFJPY,20160707,1900,102.941,102.999,102.861,102.935,3679940000
CHFJPY,20160707,2000,102.936,103.022,102.873,102.923,2837380000
CHFJPY,20160707,2100,102.905,102.928,102.862,102.894,1621240000
CHFJPY,20160707,2200,102.900,102.951,102.836,102.850,2294350000
CHFJPY,20160707,2300,102.851,103.011,102.793,102.942,2722600000
CHFJPY,20160708,0000,102.943,103.157,102.928,103.125,5671650000
CHFJPY,20160708,0100,103.125,103.206,103.004,103.167,4428720000
CHFJPY,20160708,0200,103.166,103.172,102.882,102.936,3585400000
CHFJPY,20160708,0300,102.936,102.976,102.522,102.651,4618450000
CHFJPY,20160708,0400,102.659,102.758,102.531,102.743,5636080000
CHFJPY,20160708,0500,102.744,102.825,102.636,102.745,5050090000
CHFJPY,20160708,0600,102.750,102.824,102.631,102.785,5779420000
CHFJPY,20160708,0700,102.788,102.901,102.724,102.761,7208440000
CHFJPY,20160708,0800,102.761,102.905,102.738,102.759,5388020000
CHFJPY,20160708,0900,102.759,102.834,102.633,102.637,5521310000
CHFJPY,20160708,1000,102.637,102.688,102.484,102.509,5214360000
CHFJPY,20160708,1100,102.507,102.530,102.372,102.410,6014290000
CHFJPY,20160708,1200,102.410,102.802,102.143,102.302,13803010000
CHFJPY,20160708,1300,102.299,102.564,102.103,102.434,18595490000
CHFJPY,20160708,1400,102.435,102.555,102.183,102.213,10454860000
CHFJPY,20160708,1500,102.213,102.403,102.135,102.248,8013410000
CHFJPY,20160708,1600,102.250,102.336,102.237,102.290,4214460000
CHFJPY,20160708,1700,102.291,102.346,102.220,102.311,4383670000
CHFJPY,20160708,1800,102.315,102.319,102.170,102.184,3627520000
CHFJPY,20160708,1900,102.184,102.247,102.094,102.111,3295740000
CHFJPY,20160708,2000,102.110,102.301,102.088,102.259,3665490000
CHFJPY,20160710,2100,102.416,102.422,102.286,102.354,961860000
CHFJPY,20160710,2200,102.354,102.511,102.248,102.404,5367850000
CHFJPY,20160710,2300,102.404,102.471,102.342,102.405,2762380000
CHFJPY,20160711,0000,102.404,102.571,102.348,102.531,6773990000
CHFJPY,20160711,0100,102.532,102.598,102.440,102.518,4410280000
CHFJPY,20160711,0200,102.525,102.534,102.392,102.513,4241500000
CHFJPY,20160711,0300,102.511,102.545,102.447,102.522,2932560000
CHFJPY,20160711,0400,102.522,102.973,102.496,102.901,5875170000
CHFJPY,20160711,0500,102.901,103.233,102.900,103.183,7663460000
CHFJPY,20160711,0600,103.185,103.653,103.167,103.611,10154700000
CHFJPY,20160711,0700,103.611,103.702,103.454,103.463,10552000000
CHFJPY,20160711,0800,103.464,103.750,103.432,103.645,9716650000
CHFJPY,20160711,0900,103.645,103.821,103.607,103.798,8439720000
CHFJPY,20160711,1000,103.798,104.169,103.797,104.112,8100410000
CHFJPY,20160711,1100,104.111,104.260,104.027,104.134,8329630000
CHFJPY,20160711,1200,104.134,104.392,104.081,104.365,8711060000
CHFJPY,20160711,1300,104.363,104.475,104.251,104.349,9832110000
CHFJPY,20160711,1400,104.348,104.440,104.276,104.366,9848270000
CHFJPY,20160711,1500,104.364,104.450,104.246,104.413,7876190000
CHFJPY,20160711,1600,104.413,104.612,104.372,104.563,4665350000
CHFJPY,20160711,1700,104.561,104.707,104.559,104.648,3681410000
CHFJPY,20160711,1800,104.648,104.683,104.542,104.560,3520070000
CHFJPY,20160711,1900,104.559,104.695,104.530,104.692,3883750000
CHFJPY,20160711,2000,104.692,104.704,104.550,104.566,2354090000
CHFJPY,20160711,2100,104.543,104.595,104.492,104.578,1733520000
CHFJPY,20160711,2200,104.560,104.575,104.476,104.486,2893650000
CHFJPY,20160711,2300,104.485,104.505,104.293,104.300,3421140000
CHFJPY,20160712,0000,104.302,104.490,104.070,104.463,8496200000
CHFJPY,20160712,0100,104.463,104.891,104.434,104.707,10339480000
CHFJPY,20160712,0200,104.706,104.904,104.602,104.790,8933230000
CHFJPY,20160712,0300,104.793,104.954,104.771,104.893,5783990000
CHFJPY,20160712,0400,104.898,104.900,104.666,104.789,5108790000
CHFJPY,20160712,0500,104.789,104.941,104.749,104.898,5527000000
CHFJPY,20160712,0600,104.900,105.297,104.827,105.216,9794570000
CHFJPY,20160712,0700,105.215,105.709,104.856,105.032,14772880000
CHFJPY,20160712,0800,105.028,105.480,104.971,105.407,10596300000
CHFJPY,20160712,0900,105.407,105.875,105.371,105.841,9641640000
CHFJPY,20160712,1000,105.843,105.897,105.572,105.636,7809380000
CHFJPY,20160712,1100,105.636,105.708,105.412,105.656,7808830000
CHFJPY,20160712,1200,105.654,106.065,105.616,106.032,9059850000
CHFJPY,20160712,1300,106.028,106.378,105.962,106.333,12719360000
CHFJPY,20160712,1400,106.332,106.438,105.760,105.904,11603020000
CHFJPY,20160712,1500,105.901,106.203,105.801,106.093,10651530000
CHFJPY,20160712,1600,106.093,106.473,106.078,106.458,7324650000
CHFJPY,20160712,1700,106.458,106.517,106.193,106.218,4867970000
CHFJPY,20160712,1800,106.218,106.218,106.049,106.056,4039580000
CHFJPY,20160712,1900,106.056,106.106,105.973,106.049,4302210000
CHFJPY,20160712,2000,106.052,106.060,105.800,105.820,2555670000
CHFJPY,20160712,2100,105.820,105.938,105.812,105.919,1721940000
CHFJPY,20160712,2200,105.926,105.964,105.862,105.875,3156540000
CHFJPY,20160712,2300,105.875,106.058,105.864,105.869,4093600000
CHFJPY,20160713,0000,105.869,105.887,105.489,105.839,11336000000
CHFJPY,20160713,0100,105.835,105.840,105.485,105.555,9937750000
CHFJPY,20160713,0200,105.555,105.606,105.156,105.404,10500330000
CHFJPY,20160713,0300,105.401,105.752,105.264,105.666,7368010000
CHFJPY,20160713,0400,105.667,105.692,105.248,105.418,8210260000
CHFJPY,20160713,0500,105.419,105.579,105.308,105.565,6421780000
CHFJPY,20160713,0600,105.567,105.724,105.361,105.547,8549410000
CHFJPY,20160713,0700,105.547,105.656,105.324,105.341,10708630000
CHFJPY,20160713,0800,105.341,105.820,105.279,105.701,8853540000
CHFJPY,20160713,0900,105.702,106.247,105.592,106.175,9637950000
CHFJPY,20160713,1000,106.173,106.448,106.072,106.447,8360930000
CHFJPY,20160713,1100,106.452,106.467,106.139,106.244,7423490000
CHFJPY,20160713,1200,106.244,106.325,106.043,106.224,7768820000
CHFJPY,20160713,1300,106.224,106.299,105.768,105.883,9693100000
CHFJPY,20160713,1400,105.888,106.247,105.888,105.992,12887900000
CHFJPY,20160713,1500,105.991,106.026,105.695,105.866,11431130000
CHFJPY,20160713,1600,105.865,106.133,105.860,106.105,7170100000
CHFJPY,20160713,1700,106.103,106.187,106.074,106.123,4837110000
CHFJPY,20160713,1800,106.123,106.224,106.098,106.128,4528730000
CHFJPY,20160713,1900,106.126,106.177,106.041,106.074,4916850000
CHFJPY,20160713,2000,106.074,106.094,105.941,106.010,2587110000
CHFJPY,20160713,2100,105.998,106.072,105.911,105.963,2079870000
CHFJPY,20160713,2200,105.971,106.029,105.721,105.756,3940430000
CHFJPY,20160713,2300,105.756,105.855,105.680,105.681,5516900000
CHFJPY,20160714,0000,105.688,105.916,105.621,105.744,8611370000
CHFJPY,20160714,0100,105.741,106.124,105.720,106.097,8430370000
CHFJPY,20160714,0200,106.097,106.467,106.088,106.413,6912750000
CHFJPY,20160714,0300,106.413,106.532,106.334,106.375,6279890000
CHFJPY,20160714,0400,106.378,106.517,106.265,106.435,4489430000
CHFJPY,20160714,0500,106.435,107.038,106.369,106.974,5460080000
CHFJPY,20160714,0600,106.969,107.567,106.888,107.281,13164570000
CHFJPY,20160714,0700,107.284,107.482,107.086,107.221,11005300000
CHFJPY,20160714,0800,107.224,107.722,107.218,107.715,8917780000
CHFJPY,20160714,0900,107.715,108.036,107.587,107.977,8544480000
CHFJPY,20160714,1000,107.977,108.078,107.478,107.498,11889350000
CHFJPY,20160714,1100,107.498,108.247,107.323,108.181,17475730000
CHFJPY,20160714,1200,108.177,108.282,107.993,108.043,11751550000
CHFJPY,20160714,1300,108.042,108.057,107.540,107.677,12721070000
CHFJPY,20160714,1400,107.679,107.790,107.222,107.246,11121520000
CHFJPY,20160714,1500,107.246,107.642,107.242,107.468,9965260000
CHFJPY,20160714,1600,107.464,107.544,107.361,107.401,5415540000
CHFJPY,20160714,1700,107.402,107.608,107.383,107.545,5390570000
CHFJPY,20160714,1800,107.545,107.619,107.504,107.569,3809650000
CHFJPY,20160714,1900,107.573,107.625,107.419,107.423,3708240000
CHFJPY,20160714,2000,107.425,107.519,107.375,107.388,2654800000
CHFJPY,20160714,2100,107.387,107.475,107.327,107.377,1831000000
CHFJPY,20160714,2200,107.376,107.379,107.200,107.255,4033250000
CHFJPY,20160714,2300,107.255,107.337,107.049,107.118,4616670000
CHFJPY,20160715,0000,107.116,107.663,107.088,107.490,10680850000
CHFJPY,20160715,0100,107.491,107.832,107.398,107.764,8663190000
CHFJPY,20160715,0200,107.767,108.460,107.767,108.352,10545470000
CHFJPY,20160715,0300,108.350,108.456,108.191,108.262,5854070000
CHFJPY,20160715,0400,108.262,108.475,107.891,107.903,8243510000
CHFJPY,20160715,0500,107.906,107.952,107.540,107.763,9215360000
CHFJPY,20160715,0600,107.764,108.081,107.580,107.691,8207690000
CHFJPY,20160715,0700,107.695,108.120,107.695,108.056,10940270000
CHFJPY,20160715,0800,108.056,108.255,108.018,108.096,7936540000
CHFJPY,20160715,0900,108.094,108.418,108.069,108.212,8337360000
CHFJPY,20160715,1000,108.212,108.341,107.876,108.031,8141460000
CHFJPY,20160715,1100,108.030,108.204,107.923,107.934,6266540000
CHFJPY,20160715,1200,107.934,108.178,107.898,108.073,11007760000
CHFJPY,20160715,1300,108.076,108.151,107.493,107.661,13803970000
CHFJPY,20160715,1400,107.659,107.850,107.519,107.679,10412590000
CHFJPY,20160715,1500,107.682,107.699,107.391,107.413,9868280000
CHFJPY,20160715,1600,107.415,107.500,106.972,107.150,10374010000
CHFJPY,20160715,1700,107.151,107.456,107.140,107.366,5792680000
CHFJPY,20160715,1800,107.364,107.410,107.282,107.347,4424130000
CHFJPY,20160715,1900,107.349,107.510,107.254,107.280,4022570000
CHFJPY,20160715,2000,107.281,107.354,106.413,106.626,11541280000
CHFJPY,20160717,2100,107.193,107.362,107.181,107.242,1824420000
CHFJPY,20160717,2200,107.272,107.789,107.191,107.326,6670290000
CHFJPY,20160717,2300,107.324,107.454,107.064,107.140,6664060000
CHFJPY,20160718,0000,107.139,107.283,107.078,107.183,5410600000
CHFJPY,20160718,0100,107.182,107.620,107.182,107.402,5564010000
CHFJPY,20160718,0200,107.402,107.506,107.265,107.297,3910780000
CHFJPY,20160718,0300,107.297,107.389,107.284,107.321,3040760000
CHFJPY,20160718,0400,107.321,107.332,107.213,107.294,3620820000
CHFJPY,20160718,0500,107.294,107.294,107.136,107.262,3480070000
CHFJPY,20160718,0600,107.269,107.488,107.262,107.398,5928630000
CHFJPY,20160718,0700,107.402,107.618,107.158,107.296,11266320000
CHFJPY,20160718,0800,107.296,107.462,107.250,107.404,8565580000
CHFJPY,20160718,0900,107.404,107.480,107.260,107.330,7687820000
CHFJPY,20160718,1000,107.329,107.415,107.270,107.363,6111030000
CHFJPY,20160718,1100,107.365,107.558,107.355,107.551,5766900000
CHFJPY,20160718,1200,107.553,107.589,107.276,107.285,7053090000
CHFJPY,20160718,1300,107.284,107.360,107.064,107.321,9409850000
CHFJPY,20160718,1400,107.321,107.599,107.313,107.552,9377600000
CHFJPY,20160718,1500,107.555,108.102,107.523,107.906,9915290000
CHFJPY,20160718,1600,107.903,108.089,107.862,108.030,6115200000
CHFJPY,20160718,1700,108.031,108.174,107.964,108.029,4642060000
CHFJPY,20160718,1800,108.034,108.046,107.898,107.990,4212320000
CHFJPY,20160718,1900,107.990,108.122,107.989,108.038,3651500000
CHFJPY,20160718,2000,108.036,108.099,107.981,108.037,2416970000
CHFJPY,20160718,2100,108.037,108.111,107.991,107.991,1149080000
CHFJPY,20160718,2200,107.991,108.208,107.991,108.114,2800770000
CHFJPY,20160718,2300,108.114,108.126,107.961,108.006,3514620000
CHFJPY,20160719,0000,108.009,108.037,107.771,107.803,6637640000
CHFJPY,20160719,0100,107.804,107.855,107.484,107.545,6939500000
CHFJPY,20160719,0200,107.545,107.840,107.502,107.801,5459640000
CHFJPY,20160719,0300,107.803,107.852,107.691,107.763,3773380000
CHFJPY,20160719,0400,107.763,107.789,107.499,107.612,4399560000
CHFJPY,20160719,0500,107.613,107.877,107.569,107.847,5924050000
CHFJPY,20160719,0600,107.850,107.904,107.637,107.737,7258030000
CHFJPY,20160719,0700,107.743,108.110,107.709,107.794,11040310000
CHFJPY,20160719,0800,107.794,108.058,107.683,107.919,8731170000
CHFJPY,20160719,0900,107.906,108.078,107.848,108.040,6988360000
CHFJPY,20160719,1000,108.041,108.051,107.869,107.914,6036600000
CHFJPY,20160719,1100,107.914,107.988,107.625,107.711,7799140000
CHFJPY,20160719,1200,107.710,107.958,107.609,107.941,10408730000
CHFJPY,20160719,1300,107.943,108.041,107.834,107.961,10996040000
CHFJPY,20160719,1400,107.962,108.015,107.829,107.987,10580780000
CHFJPY,20160719,1500,107.987,108.019,107.661,107.742,11302160000
CHFJPY,20160719,1600,107.740,107.758,107.521,107.607,6581770000
CHFJPY,20160719,1700,107.609,107.677,107.483,107.493,3898240000
CHFJPY,20160719,1800,107.496,107.629,107.402,107.611,3843110000
CHFJPY,20160719,1900,107.612,107.694,107.597,107.681,2777010000
CHFJPY,20160719,2000,107.688,107.701,107.605,107.660,2425480000
CHFJPY,20160719,2100,107.643,107.693,107.552,107.686,1634230000
CHFJPY,20160719,2200,107.686,107.720,107.565,107.694,2534880000
CHFJPY,20160719,2300,107.698,107.777,107.608,107.612,3399680000
CHFJPY,20160720,0000,107.617,107.676,107.372,107.389,7953890000
CHFJPY,20160720,0100,107.389,107.458,107.306,107.432,7676540000
CHFJPY,20160720,0200,107.431,107.484,107.340,107.456,5349290000
CHFJPY,20160720,0300,107.457,107.505,107.428,107.455,3568610000
CHFJPY,20160720,0400,107.455,107.567,107.432,107.544,3635840000
CHFJPY,20160720,0500,107.543,107.725,107.511,107.685,4839040000
CHFJPY,20160720,0600,107.687,107.826,107.493,107.513,7290680000
CHFJPY,20160720,0700,107.516,107.728,107.431,107.723,8838760000
CHFJPY,20160720,0800,107.722,107.878,107.630,107.765,8117630000
CHFJPY,20160720,0900,107.765,108.056,107.589,108.001,22372360000
CHFJPY,20160720,1000,108.001,108.108,107.890,107.973,17871750000
CHFJPY,20160720,1100,107.973,107.987,107.761,107.812,17642150000
CHFJPY,20160720,1200,107.814,107.867,107.537,107.698,21073720000
CHFJPY,20160720,1300,107.698,107.783,107.628,107.693,22055630000
CHFJPY,20160720,1400,107.694,108.262,107.690,108.226,29484900000
CHFJPY,20160720,1500,108.226,108.245,107.937,107.999,21208520000
CHFJPY,20160720,1600,107.998,108.104,107.960,108.068,9437620000
CHFJPY,20160720,1700,108.068,108.250,107.979,108.215,9304370000
CHFJPY,20160720,1800,108.215,108.252,108.109,108.217,6951660000
CHFJPY,20160720,1900,108.217,108.440,108.193,108.381,11348240000
CHFJPY,20160720,2000,108.378,108.378,108.201,108.243,6921080000
CHFJPY,20160720,2100,108.243,108.796,108.152,108.567,5919370000
CHFJPY,20160720,2200,108.573,108.607,108.378,108.537,6204700000
CHFJPY,20160720,2300,108.537,108.792,108.432,108.637,10810370000
CHFJPY,20160721,0000,108.638,108.823,108.584,108.776,16290770000
CHFJPY,20160721,0100,108.776,108.936,108.710,108.768,16903980000
CHFJPY,20160721,0200,108.768,108.768,108.598,108.701,12428650000
CHFJPY,20160721,0300,108.701,108.903,108.693,108.780,14595350000
CHFJPY,20160721,0400,108.780,108.867,108.731,108.770,15510420000
CHFJPY,20160721,0500,108.770,108.782,108.536,108.721,18626020000
CHFJPY,20160721,0600,108.721,108.901,108.708,108.762,21551170000
CHFJPY,20160721,0700,108.759,108.765,108.080,108.142,34408630000
CHFJPY,20160721,0800,108.139,108.205,107.252,107.384,38857570000
CHFJPY,20160721,0900,107.384,107.384,106.836,107.123,36521970000
CHFJPY,20160721,1000,107.123,107.776,107.108,107.711,29389950000
CHFJPY,20160721,1100,107.712,107.822,107.569,107.645,26145250000
CHFJPY,20160721,1200,107.645,107.927,107.532,107.704,33726250000
CHFJPY,20160721,1300,107.704,107.922,107.615,107.626,40748590000
CHFJPY,20160721,1400,107.626,107.739,107.199,107.528,35828090000
CHFJPY,20160721,1500,107.528,107.599,107.339,107.377,29104260000
CHFJPY,20160721,1600,107.377,107.449,107.058,107.210,19537350000
CHFJPY,20160721,1700,107.209,107.403,107.182,107.291,11602270000
CHFJPY,20160721,1800,107.292,107.391,107.257,107.293,9478300000
CHFJPY,20160721,1900,107.294,107.323,107.133,107.216,13561270000
CHFJPY,20160721,2000,107.216,107.435,107.180,107.320,6640540000
CHFJPY,20160721,2100,107.292,107.778,107.263,107.713,5319850000
CHFJPY,20160721,2200,107.713,107.714,107.430,107.474,8368590000
CHFJPY,20160721,2300,107.473,107.510,107.281,107.396,8957470000
CHFJPY,20160722,0000,107.396,107.531,107.224,107.293,15469110000
CHFJPY,20160722,0100,107.293,107.451,107.131,107.414,13803420000
CHFJPY,20160722,0200,107.412,107.488,107.318,107.344,8989860000
CHFJPY,20160722,0300,107.344,107.495,107.340,107.455,5670530000
CHFJPY,20160722,0400,107.455,107.521,107.375,107.457,5683170000
CHFJPY,20160722,0500,107.457,107.471,107.297,107.390,8700270000
CHFJPY,20160722,0600,107.389,107.553,107.388,107.468,15857550000
CHFJPY,20160722,0700,107.465,107.667,107.381,107.609,30211390000
CHFJPY,20160722,0800,107.609,107.810,107.546,107.742,33015300000
CHFJPY,20160722,0900,107.742,107.897,107.563,107.600,25703370000
CHFJPY,20160722,1000,107.600,107.761,107.574,107.654,21853970000
CHFJPY,20160722,1100,107.654,107.761,107.547,107.647,18355600000
CHFJPY,20160722,1200,107.649,107.711,107.561,107.596,18972370000
CHFJPY,20160722,1300,107.597,107.666,107.347,107.411,27353270000
CHFJPY,20160722,1400,107.411,107.530,107.304,107.530,34376880000
CHFJPY,20160722,1500,107.530,107.605,107.387,107.413,27922400000
CHFJPY,20160722,1600,107.413,107.515,107.328,107.442,14114870000
CHFJPY,20160722,1700,107.442,107.497,107.322,107.393,9231100000
CHFJPY,20160722,1800,107.392,107.410,107.276,107.368,7764600000
CHFJPY,20160722,1900,107.370,107.532,107.365,107.473,5067380000
CHFJPY,20160722,2000,107.474,107.614,107.372,107.372,8408960000
CHFJPY,20160724,2100,107.447,107.597,107.392,107.476,1311700000
CHFJPY,20160724,2200,107.476,107.673,107.420,107.602,4633170000
CHFJPY,20160724,2300,107.602,107.630,107.518,107.543,5549650000
CHFJPY,20160725,0000,107.547,107.887,107.503,107.768,13062500000
CHFJPY,20160725,0100,107.768,107.909,107.681,107.723,11850150000
CHFJPY,20160725,0200,107.723,107.753,107.662,107.753,7574970000
CHFJPY,20160725,0300,107.753,107.793,107.589,107.631,8111440000
CHFJPY,20160725,0400,107.629,107.663,107.564,107.586,4138390000
CHFJPY,20160725,0500,107.587,107.686,107.431,107.454,8641000000
CHFJPY,20160725,0600,107.454,107.518,107.274,107.404,13260690000
CHFJPY,20160725,0700,107.405,107.605,107.373,107.542,23562930000
CHFJPY,20160725,0800,107.541,107.967,107.529,107.883,26272120000
CHFJPY,20160725,0900,107.882,107.908,107.793,107.850,21623070000
CHFJPY,20160725,1000,107.849,107.887,107.705,107.834,20115810000
CHFJPY,20160725,1100,107.834,107.855,107.635,107.691,15302160000
CHFJPY,20160725,1200,107.691,107.711,107.505,107.532,19806880000
CHFJPY,20160725,1300,107.531,107.579,107.468,107.549,22621690000
CHFJPY,20160725,1400,107.548,107.551,107.317,107.423,28933940000
CHFJPY,20160725,1500,107.423,107.505,107.336,107.415,21536880000
CHFJPY,20160725,1600,107.415,107.470,107.268,107.338,16501830000
CHFJPY,20160725,1700,107.339,107.592,107.293,107.341,16275580000
CHFJPY,20160725,1800,107.342,107.349,107.237,107.288,7687500000
CHFJPY,20160725,1900,107.286,107.324,107.205,107.229,5990270000
CHFJPY,20160725,2000,107.228,107.318,107.197,107.306,6199690000
CHFJPY,20160725,2100,107.301,107.351,107.281,107.306,3316100000
CHFJPY,20160725,2200,107.312,107.412,107.289,107.298,7338190000
CHFJPY,20160725,2300,107.300,107.309,107.056,107.086,6973140000
CHFJPY,20160726,0000,107.086,107.103,106.382,106.402,22013790000
CHFJPY,20160726,0100,106.400,106.541,106.254,106.373,13845370000
CHFJPY,20160726,0200,106.373,106.375,106.120,106.296,13988990000
CHFJPY,20160726,0300,106.300,106.398,106.247,106.262,6738700000
CHFJPY,20160726,0400,106.262,106.298,105.806,105.893,14039970000
CHFJPY,20160726,0500,105.895,106.096,105.885,106.004,12955310000
CHFJPY,20160726,0600,106.001,106.071,105.808,105.868,23511920000
CHFJPY,20160726,0700,105.868,105.887,105.608,105.713,33103740000
CHFJPY,20160726,0800,105.713,105.926,105.656,105.906,26839090000
CHFJPY,20160726,0900,105.905,106.175,105.831,105.868,27428060000
CHFJPY,20160726,1000,105.868,105.972,105.626,105.702,20017020000
CHFJPY,20160726,1100,105.702,105.710,105.432,105.472,17985120000
CHFJPY,20160726,1200,105.476,105.519,105.302,105.329,22868060000
CHFJPY,20160726,1300,105.329,105.618,105.239,105.609,29917480000
CHFJPY,20160726,1400,105.606,105.642,105.395,105.427,29374180000
CHFJPY,20160726,1500,105.424,105.623,105.358,105.620,24782770000
CHFJPY,20160726,1600,105.620,105.680,105.545,105.568,15249220000
CHFJPY,20160726,1700,105.568,105.753,105.502,105.506,19258570000
CHFJPY,20160726,1800,105.502,105.541,105.409,105.421,11876940000
CHFJPY,20160726,1900,105.421,105.495,105.406,105.483,8847230000
CHFJPY,20160726,2000,105.483,105.495,105.389,105.407,7058310000
CHFJPY,20160726,2100,105.406,105.595,105.396,105.565,4739050000
CHFJPY,20160726,2200,105.566,105.570,105.479,105.528,6038070000
CHFJPY,20160726,2300,105.529,105.793,105.518,105.677,7341380000
CHFJPY,20160727,0000,105.677,106.002,105.638,105.967,18065530000
CHFJPY,20160727,0100,105.967,106.061,105.885,105.983,13644800000
CHFJPY,20160727,0200,105.984,106.383,105.958,106.368,9663550000
CHFJPY,20160727,0300,106.368,107.377,106.256,106.882,32687870000
CHFJPY,20160727,0400,106.883,106.910,106.036,106.216,21028540000
CHFJPY,20160727,0500,106.216,106.992,106.059,106.378,23147010000
CHFJPY,20160727,0600,106.378,106.665,106.274,106.341,23307370000
CHFJPY,20160727,0700,106.341,106.417,106.020,106.115,27591750000
CHFJPY,20160727,0800,106.115,106.265,106.053,106.130,22769910000
CHFJPY,20160727,0900,106.129,106.201,106.051,106.136,19693070000
CHFJPY,20160727,1000,106.135,106.203,106.047,106.175,16989810000
CHFJPY,20160727,1100,106.175,106.455,106.151,106.351,19833920000
CHFJPY,20160727,1200,106.351,106.417,106.245,106.362,25087610000
CHFJPY,20160727,1300,106.359,106.630,106.142,106.564,31524470000
CHFJPY,20160727,1400,106.564,106.564,106.293,106.358,29189110000
CHFJPY,20160727,1500,106.360,106.472,106.281,106.310,24750650000
CHFJPY,20160727,1600,106.311,106.442,106.305,106.397,12546650000
CHFJPY,20160727,1700,106.397,106.451,106.326,106.344,11281210000
CHFJPY,20160727,1800,106.340,106.644,106.103,106.435,35590620000
CHFJPY,20160727,1900,106.441,106.945,106.421,106.672,23907150000
CHFJPY,20160727,2000,106.673,106.917,106.578,106.886,9490460000
CHFJPY,20160727,2100,106.888,107.019,106.657,106.747,4201200000
CHFJPY,20160727,2200,106.735,106.740,106.591,106.598,5213640000
CHFJPY,20160727,2300,106.598,106.779,106.473,106.520,8221770000
CHFJPY,20160728,0000,106.520,106.580,106.214,106.311,18036750000
CHFJPY,20160728,0100,106.311,106.760,106.264,106.602,13574530000
CHFJPY,20160728,0200,106.611,106.615,106.406,106.413,8232870000
CHFJPY,20160728,0300,106.413,106.457,106.293,106.386,8071790000
CHFJPY,20160728,0400,106.384,106.591,106.129,106.275,9297070000
CHFJPY,20160728,0500,106.275,106.374,106.231,106.341,8758230000
CHFJPY,20160728,0600,106.346,106.352,106.085,106.201,18618460000
CHFJPY,20160728,0700,106.202,106.587,106.160,106.407,28663550000
CHFJPY,20160728,0800,106.411,106.602,106.403,106.527,20554950000
CHFJPY,20160728,0900,106.525,106.557,106.341,106.461,15705800000
CHFJPY,20160728,1000,106.461,106.514,106.355,106.361,16192990000
CHFJPY,20160728,1100,106.362,106.528,106.342,106.451,14333290000
CHFJPY,20160728,1200,106.451,107.026,106.441,107.008,20880810000
CHFJPY,20160728,1300,107.008,107.020,106.831,106.912,28866450000
CHFJPY,20160728,1400,106.912,106.976,106.740,106.746,27655090000
CHFJPY,20160728,1500,106.746,106.939,106.696,106.923,18080110000
CHFJPY,20160728,1600,106.921,107.018,106.878,106.914,10266900000
CHFJPY,20160728,1700,106.917,107.210,106.839,107.180,12728890000
CHFJPY,20160728,1800,107.180,107.506,107.148,107.475,14986850000
CHFJPY,20160728,1900,107.475,107.554,107.375,107.401,10084440000
CHFJPY,20160728,2000,107.402,107.436,107.279,107.295,7990090000
CHFJPY,20160728,2100,107.291,107.387,107.266,107.334,2920680000
CHFJPY,20160728,2200,107.334,107.367,105.417,106.891,14601410000
CHFJPY,20160728,2300,106.891,107.027,106.418,106.983,10567240000
CHFJPY,20160729,0000,106.984,106.987,106.366,106.574,20514790000
CHFJPY,20160729,0100,106.565,106.693,106.159,106.179,17251870000
CHFJPY,20160729,0200,106.179,107.121,105.735,106.825,20264380000
CHFJPY,20160729,0300,106.825,107.786,105.057,105.807,29891740000
CHFJPY,20160729,0400,105.807,106.107,105.216,105.500,24441850000
CHFJPY,20160729,0500,105.500,105.840,105.488,105.737,15887870000
CHFJPY,20160729,0600,105.737,105.870,105.310,105.667,29200270000
CHFJPY,20160729,0700,105.667,106.029,105.577,105.917,32355260000
CHFJPY,20160729,0800,105.917,106.267,105.904,106.108,23251930000
CHFJPY,20160729,0900,106.108,106.160,105.992,106.092,20712560000
CHFJPY,20160729,1000,106.092,106.226,106.007,106.021,15958310000
CHFJPY,20160729,1100,106.021,106.126,105.888,106.090,22211140000
CHFJPY,20160729,1200,106.088,106.131,105.698,105.747,31979340000
CHFJPY,20160729,1300,105.747,106.076,105.612,105.878,39563320000
CHFJPY,20160729,1400,105.882,106.099,105.617,106.032,36304300000
CHFJPY,20160729,1500,106.031,106.193,105.572,105.589,31491180000
CHFJPY,20160729,1600,105.587,105.594,105.296,105.511,17753610000
CHFJPY,20160729,1700,105.515,105.548,105.205,105.285,12607840000
CHFJPY,20160729,1800,105.284,105.418,105.206,105.293,12792890000
CHFJPY,20160729,1900,105.293,105.467,105.249,105.265,12953790000
CHFJPY,20160729,2000,105.263,105.457,105.184,105.224,12247300000
CHFJPY,20160731,2100,105.451,105.471,105.185,105.417,2053250000
CHFJPY,20160731,2200,105.437,105.757,105.406,105.677,6183580000
CHFJPY,20160731,2300,105.677,105.677,105.486,105.548,7524070000
CHFJPY,20160801,0000,105.548,105.774,105.526,105.603,13785630000
CHFJPY,20160801,0100,105.612,105.867,105.552,105.769,9969310000
CHFJPY,20160801,0200,105.765,105.934,105.762,105.839,7838090000
CHFJPY,20160801,0300,105.840,105.866,105.708,105.791,6908710000
CHFJPY,20160801,0400,105.791,105.792,105.595,105.656,6566190000
CHFJPY,20160801,0500,105.660,105.707,105.611,105.656,9016730000
CHFJPY,20160801,0600,105.656,105.754,105.632,105.678,17398100000
CHFJPY,20160801,0700,105.681,105.836,105.621,105.679,24852300000
CHFJPY,20160801,0800,105.682,105.812,105.553,105.572,21943450000
CHFJPY,20160801,0900,105.570,105.637,105.485,105.607,25453080000
CHFJPY,20160801,1000,105.607,105.647,105.471,105.485,23002080000
CHFJPY,20160801,1100,105.485,105.613,105.479,105.531,22573730000
CHFJPY,20160801,1200,105.531,105.900,105.528,105.898,16933810000
CHFJPY,20160801,1300,105.896,105.992,105.625,105.684,28814760000
CHFJPY,20160801,1400,105.707,105.948,105.615,105.876,30686520000
CHFJPY,20160801,1500,105.876,105.923,105.689,105.724,18839730000
CHFJPY,20160801,1600,105.721,105.737,105.577,105.664,12047690000
CHFJPY,20160801,1700,105.665,105.770,105.620,105.763,9692300000
CHFJPY,20160801,1800,105.763,105.789,105.660,105.786,10326830000
CHFJPY,20160801,1900,105.786,105.794,105.647,105.714,8002890000
CHFJPY,20160801,2000,105.714,105.814,105.686,105.686,5824320000
CHFJPY,20160801,2100,105.686,105.788,105.480,105.701,5245270000
CHFJPY,20160801,2200,105.715,105.832,105.684,105.755,3384510000
CHFJPY,20160801,2300,105.752,105.752,105.627,105.646,4896650000
CHFJPY,20160802,0000,105.647,105.817,105.643,105.769,9805490000
CHFJPY,20160802,0100,105.766,106.116,105.721,105.979,8679420000
CHFJPY,20160802,0200,105.979,106.198,105.974,106.024,7377600000
CHFJPY,20160802,0300,106.024,106.051,105.863,105.914,4732930000
CHFJPY,20160802,0400,105.914,106.028,105.848,105.888,7837760000
CHFJPY,20160802,0500,105.888,105.988,105.691,105.699,14689580000
CHFJPY,20160802,0600,105.699,105.761,105.517,105.741,22095970000
CHFJPY,20160802,0700,105.738,105.892,105.194,105.230,38452380000
CHFJPY,20160802,0800,105.233,105.423,104.998,105.315,32084720000
CHFJPY,20160802,0900,105.312,105.380,105.179,105.232,19087700000
CHFJPY,20160802,1000,105.232,105.383,105.178,105.337,16355690000
CHFJPY,20160802,1100,105.337,105.425,105.227,105.252,16405950000
CHFJPY,20160802,1200,105.252,105.270,104.940,104.979,27891080000
CHFJPY,20160802,1300,104.978,105.086,104.872,104.923,30089810000
CHFJPY,20160802,1400,104.924,104.950,104.557,104.705,38689970000
CHFJPY,20160802,1500,104.707,104.767,104.539,104.544,25373240000
CHFJPY,20160802,1600,104.544,104.613,104.385,104.457,15519100000
CHFJPY,20160802,1700,104.457,104.603,104.404,104.597,11763430000
CHFJPY,20160802,1800,104.597,104.687,104.563,104.673,11157990000
CHFJPY,20160802,1900,104.673,104.674,104.517,104.544,9125630000
CHFJPY,20160802,2000,104.545,104.671,104.515,104.623,4763190000
CHFJPY,20160802,2100,104.616,104.644,104.525,104.583,2355470000
CHFJPY,20160802,2200,104.600,104.745,104.587,104.729,3867600000
CHFJPY,20160802,2300,104.730,104.809,104.660,104.746,5236220000
CHFJPY,20160803,0000,104.746,104.926,104.729,104.876,10835820000
CHFJPY,20160803,0100,104.876,104.988,104.716,104.879,9305980000
CHFJPY,20160803,0200,104.879,104.938,104.778,104.814,5227030000
CHFJPY,20160803,0300,104.814,104.851,104.401,104.420,8016620000
CHFJPY,20160803,0400,104.420,104.692,104.319,104.653,12414120000
CHFJPY,20160803,0500,104.653,104.708,104.538,104.702,12146000000
CHFJPY,20160803,0600,104.707,104.750,104.517,104.608,17563620000
CHFJPY,20160803,0700,104.608,104.735,104.412,104.571,26333830000
CHFJPY,20160803,0800,104.568,104.603,104.369,104.450,20411970000
CHFJPY,20160803,0900,104.450,104.562,104.376,104.556,20081560000
CHFJPY,20160803,1000,104.557,104.642,104.448,104.477,16907660000
CHFJPY,20160803,1100,104.480,104.561,104.372,104.392,19620540000
CHFJPY,20160803,1200,104.392,104.487,104.306,104.377,23447920000
CHFJPY,20160803,1300,104.377,104.411,104.220,104.267,21928740000
CHFJPY,20160803,1400,104.270,104.520,104.208,104.208,32614040000
CHFJPY,20160803,1500,104.208,104.337,104.208,104.276,22211080000
CHFJPY,20160803,1600,104.275,104.350,104.199,104.301,11521570000
CHFJPY,20160803,1700,104.301,104.306,103.971,103.973,11699160000
CHFJPY,20160803,1800,103.973,104.010,103.863,103.888,9263260000
CHFJPY,20160803,1900,103.888,104.001,103.886,103.982,8554490000
CHFJPY,20160803,2000,103.983,104.047,103.977,104.025,5311600000
CHFJPY,20160803,2100,104.003,104.123,103.951,104.031,2615150000
CHFJPY,20160803,2200,104.031,104.145,104.029,104.119,4448550000
CHFJPY,20160803,2300,104.117,104.185,104.037,104.171,4243190000
CHFJPY,20160804,0000,104.168,104.200,104.057,104.083,9104060000
CHFJPY,20160804,0100,104.082,104.107,103.719,103.822,13088100000
CHFJPY,20160804,0200,103.822,103.998,103.761,103.957,7340680000
CHFJPY,20160804,0300,103.963,104.116,103.928,104.040,5743050000
CHFJPY,20160804,0400,104.039,104.178,104.013,104.115,5674700000
CHFJPY,20160804,0500,104.115,104.387,104.115,104.336,13582520000
CHFJPY,20160804,0600,104.336,104.497,104.275,104.306,17730010000
CHFJPY,20160804,0700,104.304,104.342,104.048,104.173,21025570000
CHFJPY,20160804,0800,104.170,104.316,104.124,104.190,14452100000
CHFJPY,20160804,0900,104.190,104.191,103.967,104.006,12221800000
CHFJPY,20160804,1000,104.006,104.082,103.910,104.051,11864380000
CHFJPY,20160804,1100,104.051,104.126,103.877,103.901,35596840000
CHFJPY,20160804,1200,103.901,104.114,103.867,103.926,22056310000
CHFJPY,20160804,1300,103.928,104.065,103.846,103.881,22815240000
CHFJPY,20160804,1400,103.884,103.962,103.791,103.863,23513310000
CHFJPY,20160804,1500,103.854,103.912,103.761,103.790,14467330000
CHFJPY,20160804,1600,103.790,103.885,103.769,103.840,9441160000
CHFJPY,20160804,1700,103.840,103.952,103.840,103.952,4674070000
CHFJPY,20160804,1800,103.953,103.953,103.853,103.886,4369780000
CHFJPY,20160804,1900,103.883,103.926,103.855,103.912,4132780000
CHFJPY,20160804,2000,103.912,103.973,103.876,103.878,3375050000
CHFJPY,20160804,2100,103.874,103.917,103.776,103.823,2080690000
CHFJPY,20160804,2200,103.823,103.888,103.810,103.885,3016160000
CHFJPY,20160804,2300,103.883,103.924,103.859,103.908,2345640000
CHFJPY,20160805,0000,103.908,104.057,103.843,103.941,7757630000
CHFJPY,20160805,0100,103.944,103.957,103.840,103.895,5480620000
CHFJPY,20160805,0200,103.895,103.983,103.776,103.854,6757790000
CHFJPY,20160805,0300,103.855,103.904,103.788,103.887,5554910000
CHFJPY,20160805,0400,103.888,103.897,103.821,103.860,4064470000
CHFJPY,20160805,0500,103.861,103.866,103.758,103.768,7217680000
CHFJPY,20160805,0600,103.767,103.856,103.751,103.801,11004560000
CHFJPY,20160805,0700,103.801,103.913,103.655,103.759,16136900000
CHFJPY,20160805,0800,103.756,103.818,103.598,103.695,15901460000
CHFJPY,20160805,0900,103.695,103.712,103.569,103.594,12557420000
CHFJPY,20160805,1000,103.594,103.744,103.577,103.729,11895760000
CHFJPY,20160805,1100,103.729,103.867,103.719,103.818,12294530000
CHFJPY,20160805,1200,103.818,104.016,103.434,103.629,33343560000
CHFJPY,20160805,1300,103.628,103.766,103.459,103.752,35575180000
CHFJPY,20160805,1400,103.752,103.906,103.730,103.862,25582600000
CHFJPY,20160805,1500,103.865,103.962,103.807,103.847,17657080000
CHFJPY,20160805,1600,103.845,103.922,103.809,103.904,9908510000
CHFJPY,20160805,1700,103.903,103.980,103.863,103.883,9002420000
CHFJPY,20160805,1800,103.883,103.910,103.805,103.829,5979300000
CHFJPY,20160805,1900,103.829,103.853,103.774,103.817,6255270000
CHFJPY,20160805,2000,103.817,103.852,103.717,103.774,5606570000
CHFJPY,20160807,2100,103.919,104.125,103.721,103.888,2965800000
CHFJPY,20160807,2200,103.905,104.300,103.857,104.281,3493920000
CHFJPY,20160807,2300,104.281,104.289,104.061,104.069,4366560000
CHFJPY,20160808,0000,104.070,104.167,103.951,104.127,10214600000
CHFJPY,20160808,0100,104.126,104.265,104.044,104.265,6854040000
CHFJPY,20160808,0200,104.265,104.288,104.100,104.152,4277400000
CHFJPY,20160808,0300,104.157,104.187,104.063,104.176,4657250000
CHFJPY,20160808,0400,104.176,104.228,104.137,104.176,3429950000
CHFJPY,20160808,0500,104.175,104.239,104.134,104.185,7494220000
CHFJPY,20160808,0600,104.186,104.242,104.108,104.214,13321410000
CHFJPY,20160808,0700,104.214,104.301,104.090,104.285,19546690000
CHFJPY,20160808,0800,104.285,104.303,104.124,104.167,15824270000
CHFJPY,20160808,0900,104.169,104.430,104.157,104.323,12641210000
CHFJPY,20160808,1000,104.323,104.335,104.165,104.174,11416390000
CHFJPY,20160808,1100,104.172,104.341,104.155,104.312,8447860000
CHFJPY,20160808,1200,104.312,104.394,104.275,104.335,13340570000
CHFJPY,20160808,1300,104.335,104.439,104.275,104.315,19721830000
CHFJPY,20160808,1400,104.315,104.373,104.142,104.243,18926900000
CHFJPY,20160808,1500,104.243,104.314,104.193,104.216,12455280000
CHFJPY,20160808,1600,104.216,104.342,104.211,104.318,6502130000
CHFJPY,20160808,1700,104.318,104.344,104.221,104.246,5921970000
CHFJPY,20160808,1800,104.246,104.272,104.146,104.235,7694430000
CHFJPY,20160808,1900,104.235,104.276,104.200,104.235,5212650000
CHFJPY,20160808,2000,104.234,104.270,104.210,104.246,3591680000
CHFJPY,20160808,2100,104.243,104.304,104.151,104.175,4906810000
CHFJPY,20160808,2200,104.180,104.256,104.168,104.226,2935880000
CHFJPY,20160808,2300,104.226,104.232,104.051,104.062,4266960000
CHFJPY,20160809,0000,104.062,104.216,104.056,104.180,7364820000
CHFJPY,20160809,0100,104.180,104.254,104.156,104.217,6223750000
CHFJPY,20160809,0200,104.217,104.217,104.059,104.126,5576300000
CHFJPY,20160809,0300,104.123,104.173,104.084,104.125,3143950000
CHFJPY,20160809,0400,104.125,104.140,104.088,104.101,3690260000
CHFJPY,20160809,0500,104.101,104.148,104.089,104.113,5220550000
CHFJPY,20160809,0600,104.116,104.199,104.108,104.142,10127800000
CHFJPY,20160809,0700,104.142,104.257,104.058,104.080,13311400000
CHFJPY,20160809,0800,104.077,104.143,103.956,104.105,12163510000
CHFJPY,20160809,0900,104.107,104.143,104.038,104.065,9851400000
CHFJPY,20160809,1000,104.065,104.078,103.850,103.952,11003050000
CHFJPY,20160809,1100,103.954,103.968,103.890,103.922,9828910000
CHFJPY,20160809,1200,103.926,103.957,103.713,103.811,13807250000
CHFJPY,20160809,1300,103.809,103.892,103.696,103.735,17103120000
CHFJPY,20160809,1400,103.735,103.798,103.639,103.720,19547040000
CHFJPY,20160809,1500,103.721,103.817,103.695,103.759,13440830000
CHFJPY,20160809,1600,103.762,103.817,103.694,103.741,8441980000
CHFJPY,20160809,1700,103.741,103.757,103.667,103.690,8330720000
CHFJPY,20160809,1800,103.690,103.784,103.657,103.711,6901330000
CHFJPY,20160809,1900,103.709,103.851,103.708,103.803,6083200000
CHFJPY,20160809,2000,103.803,103.845,103.777,103.801,3830050000
CHFJPY,20160809,2100,103.797,103.817,103.736,103.745,2237800000
CHFJPY,20160809,2200,103.757,103.866,103.742,103.821,3453780000
CHFJPY,20160809,2300,103.821,103.922,103.805,103.848,4311230000
CHFJPY,20160810,0000,103.847,103.864,103.372,103.547,13057610000
CHFJPY,20160810,0100,103.547,103.562,103.312,103.411,10027990000
CHFJPY,20160810,0200,103.411,103.523,103.295,103.470,8769640000
CHFJPY,20160810,0300,103.468,103.555,103.401,103.468,5049600000
CHFJPY,20160810,0400,103.468,103.492,103.366,103.411,4694900000
CHFJPY,20160810,0500,103.409,103.485,103.273,103.481,10738930001
CHFJPY,20160810,0600,103.481,103.557,103.408,103.532,11648140000
CHFJPY,20160810,0700,103.532,103.697,103.501,103.662,16659600000
CHFJPY,20160810,0800,103.662,103.718,103.558,103.597,13998830000
CHFJPY,20160810,0900,103.597,103.922,103.588,103.708,15931350000
CHFJPY,20160810,1000,103.708,103.711,103.565,103.620,9479600000
CHFJPY,20160810,1100,103.620,103.737,103.561,103.642,14001370000
CHFJPY,20160810,1200,103.643,103.657,103.469,103.571,14795220000
CHFJPY,20160810,1300,103.571,103.797,103.534,103.722,18050380000
CHFJPY,20160810,1400,103.722,103.788,103.557,103.622,18237320000
CHFJPY,20160810,1500,103.621,103.798,103.615,103.788,17324760000
CHFJPY,20160810,1600,103.785,103.865,103.778,103.814,8354940000
CHFJPY,20160810,1700,103.816,103.887,103.782,103.869,8691300000
CHFJPY,20160810,1800,103.869,103.886,103.817,103.836,7093240000
CHFJPY,20160810,1900,103.836,103.897,103.807,103.853,5665920000
CHFJPY,20160810,2000,103.853,103.910,103.827,103.861,4876320000
CHFJPY,20160810,2100,103.852,103.900,103.663,103.795,3497640000
CHFJPY,20160810,2200,103.795,103.906,103.778,103.867,3674060000
CHFJPY,20160810,2300,103.868,103.951,103.813,103.847,4012050000
CHFJPY,20160811,0000,103.847,103.853,103.712,103.812,6384430000
CHFJPY,20160811,0100,103.812,103.916,103.808,103.883,7265590000
CHFJPY,20160811,0200,103.881,103.913,103.834,103.871,3433400000
CHFJPY,20160811,0300,103.868,104.087,103.848,104.059,5727530000
CHFJPY,20160811,0400,104.063,104.082,103.982,104.032,3564980000
CHFJPY,20160811,0500,104.033,104.064,103.991,104.064,4371250000
CHFJPY,20160811,0600,104.064,104.103,103.905,103.931,9846990000
CHFJPY,20160811,0700,103.930,103.945,103.752,103.752,16169290000
CHFJPY,20160811,0800,103.751,103.806,103.631,103.805,11975450000
CHFJPY,20160811,0900,103.804,103.960,103.788,103.919,8004110000
CHFJPY,20160811,1000,103.919,104.019,103.917,103.959,8499490000
CHFJPY,20160811,1100,103.964,104.094,103.940,104.069,9237730000
CHFJPY,20160811,1200,104.068,104.151,103.981,104.032,14322320000
CHFJPY,20160811,1300,104.032,104.183,103.982,104.156,16262440000
CHFJPY,20160811,1400,104.154,104.323,103.992,104.315,18771280000
CHFJPY,20160811,1500,104.315,104.386,104.238,104.356,12592880000
CHFJPY,20160811,1600,104.356,104.446,104.261,104.406,11419670000
CHFJPY,20160811,1700,104.407,104.520,104.370,104.514,9074040000
CHFJPY,20160811,1800,104.519,104.659,104.509,104.577,9472520000
CHFJPY,20160811,1900,104.579,104.593,104.441,104.445,6848800000
CHFJPY,20160811,2000,104.445,104.574,104.434,104.497,4288890000
CHFJPY,20160811,2100,104.497,104.542,104.394,104.485,2332880000
CHFJPY,20160811,2200,104.485,104.536,104.431,104.497,2835310000
CHFJPY,20160811,2300,104.497,104.510,104.393,104.429,3433270000
CHFJPY,20160812,0000,104.427,104.753,104.354,104.728,9733440000
CHFJPY,20160812,0100,104.730,104.766,104.619,104.691,6013720000
CHFJPY,20160812,0200,104.693,104.778,104.638,104.644,4997320000
CHFJPY,20160812,0300,104.641,104.670,104.567,104.643,3783690000
CHFJPY,20160812,0400,104.643,104.742,104.631,104.636,3775060000
CHFJPY,20160812,0500,104.636,104.698,104.586,104.689,5367120000
CHFJPY,20160812,0600,104.691,104.801,104.601,104.739,8683480000
CHFJPY,20160812,0700,104.739,104.859,104.696,104.698,13557900000
CHFJPY,20160812,0800,104.697,104.772,104.619,104.697,10225000000
CHFJPY,20160812,0900,104.697,104.760,104.641,104.735,10334940000
CHFJPY,20160812,1000,104.738,104.838,104.617,104.641,10351200000
CHFJPY,20160812,1100,104.642,104.664,104.446,104.474,7767260000
CHFJPY,20160812,1200,104.474,104.576,103.901,103.997,26641200000
CHFJPY,20160812,1300,103.996,104.050,103.871,103.904,24993620000
CHFJPY,20160812,1400,103.900,103.929,103.607,103.672,24956230000
CHFJPY,20160812,1500,103.672,103.855,103.628,103.716,14972020000
CHFJPY,20160812,1600,103.716,103.856,103.699,103.807,11351240000
CHFJPY,20160812,1700,103.807,103.844,103.757,103.798,6498550000
CHFJPY,20160812,1800,103.797,103.882,103.753,103.841,7045370000
CHFJPY,20160812,1900,103.841,103.912,103.792,103.824,6131170000
CHFJPY,20160812,2000,103.824,103.907,103.810,103.884,5381290000
CHFJPY,20160814,2100,103.728,103.898,103.719,103.841,2559040000
CHFJPY,20160814,2200,103.847,103.884,103.771,103.835,3471370000
CHFJPY,20160814,2300,103.837,104.025,103.828,103.881,5356490000
CHFJPY,20160815,0000,103.881,103.970,103.826,103.949,7252140000
CHFJPY,20160815,0100,103.949,103.992,103.880,103.926,5048580000
CHFJPY,20160815,0200,103.928,103.932,103.826,103.858,4072780000
CHFJPY,20160815,0300,103.858,103.873,103.782,103.790,2966060000
CHFJPY,20160815,0400,103.788,103.851,103.782,103.839,3633410000
CHFJPY,20160815,0500,103.839,103.864,103.788,103.810,3691850000
CHFJPY,20160815,0600,103.808,103.809,103.640,103.745,9470270000
CHFJPY,20160815,0700,103.746,103.761,103.640,103.746,15068610000
CHFJPY,20160815,0800,103.746,103.805,103.562,103.594,13430730000
CHFJPY,20160815,0900,103.594,103.634,103.511,103.587,11068730000
CHFJPY,20160815,1000,103.587,103.767,103.582,103.756,9506960000
CHFJPY,20160815,1100,103.756,103.782,103.636,103.674,9984890000
CHFJPY,20160815,1200,103.678,103.871,103.636,103.747,17349860000
CHFJPY,20160815,1300,103.747,103.877,103.699,103.842,17336390000
CHFJPY,20160815,1400,103.842,104.013,103.799,103.936,21060510000
CHFJPY,20160815,1500,103.936,104.045,103.898,103.986,14890570000
CHFJPY,20160815,1600,103.987,104.130,103.981,104.034,10037710000
CHFJPY,20160815,1700,104.034,104.064,103.987,104.030,6353670000
CHFJPY,20160815,1800,104.031,104.130,103.995,104.095,5051270000
CHFJPY,20160815,1900,104.096,104.106,104.021,104.080,5566730000
CHFJPY,20160815,2000,104.079,104.112,104.051,104.060,3225270000
CHFJPY,20160815,2100,104.060,104.078,103.984,104.067,2371380000
CHFJPY,20160815,2200,104.067,104.127,104.008,104.025,3036620000
CHFJPY,20160815,2300,104.025,104.076,103.996,104.059,2656290000
CHFJPY,20160816,0000,104.059,104.059,103.873,103.874,6011130000
CHFJPY,20160816,0100,103.870,103.877,103.643,103.664,7232670000
CHFJPY,20160816,0200,103.664,103.760,103.381,103.469,7773410000
CHFJPY,20160816,0300,103.467,103.467,103.290,103.393,7880980000
CHFJPY,20160816,0400,103.393,103.504,103.309,103.446,5520730000
CHFJPY,20160816,0500,103.446,103.517,103.273,103.308,8684320000
CHFJPY,20160816,0600,103.308,103.615,103.292,103.589,14030350000
CHFJPY,20160816,0700,103.591,104.054,103.543,104.035,15961420000
CHFJPY,20160816,0800,104.034,104.057,103.861,103.881,15693030000
CHFJPY,20160816,0900,103.882,104.031,103.847,103.941,14790510000
CHFJPY,20160816,1000,103.939,104.020,103.796,103.908,17743300000
CHFJPY,20160816,1100,103.908,104.072,103.845,103.938,17298270000
CHFJPY,20160816,1200,103.936,103.969,103.637,103.898,28089380000
CHFJPY,20160816,1300,103.896,104.363,103.861,104.339,26348870000
CHFJPY,20160816,1400,104.339,104.432,104.131,104.241,24725090000
CHFJPY,20160816,1500,104.241,104.335,104.178,104.220,15568170000
CHFJPY,20160816,1600,104.219,104.287,104.176,104.202,9263450000
CHFJPY,20160816,1700,104.202,104.203,104.057,104.171,10355820000
CHFJPY,20160816,1800,104.171,104.226,104.136,104.167,7742410000
CHFJPY,20160816,1900,104.167,104.232,104.137,104.186,5801470000
CHFJPY,20160816,2000,104.186,104.282,104.181,104.261,3472040000
CHFJPY,20160816,2100,104.280,104.280,104.137,104.207,2856920000
CHFJPY,20160816,2200,104.215,104.345,104.212,104.262,3460900000
CHFJPY,20160816,2300,104.263,104.323,104.133,104.138,3650640000
CHFJPY,20160817,0000,104.138,104.637,104.134,104.594,11798890000
CHFJPY,20160817,0100,104.595,104.613,104.506,104.599,8091060000
CHFJPY,20160817,0200,104.599,104.618,104.471,104.477,4679660000
CHFJPY,20160817,0300,104.477,104.604,104.474,104.537,3630630000
CHFJPY,20160817,0400,104.537,104.792,104.421,104.678,7044210000
CHFJPY,20160817,0500,104.679,104.988,104.679,104.786,10352340000
CHFJPY,20160817,0600,104.786,104.883,104.706,104.721,13842950000
CHFJPY,20160817,0700,104.721,104.826,104.629,104.713,18287450000
CHFJPY,20160817,0800,104.713,104.845,104.627,104.674,15977240000
CHFJPY,20160817,0900,104.674,104.713,104.613,104.657,13785090000
CHFJPY,20160817,1000,104.657,104.698,104.552,104.592,12211390000
CHFJPY,20160817,1100,104.592,104.658,104.521,104.522,12253820000
CHFJPY,20160817,1200,104.520,104.537,104.408,104.525,14649920000
CHFJPY,20160817,1300,104.520,104.571,104.217,104.270,19684150000
CHFJPY,20160817,1400,104.268,104.308,104.149,104.157,23675110000
CHFJPY,20160817,1500,104.157,104.196,103.924,103.958,20349660000
CHFJPY,20160817,1600,103.968,104.156,103.961,104.121,12225180000
CHFJPY,20160817,1700,104.125,104.157,103.991,104.056,10370790000
CHFJPY,20160817,1800,104.056,104.302,104.005,104.176,26214200000
CHFJPY,20160817,1900,104.175,104.242,104.063,104.116,11697010000
CHFJPY,20160817,2000,104.119,104.265,104.119,104.196,4358900000
CHFJPY,20160817,2100,104.196,104.196,103.956,104.131,1726440000
CHFJPY,20160817,2200,104.131,104.213,103.902,103.973,3981310000
CHFJPY,20160817,2300,103.973,104.071,103.691,103.882,9533490000
CHFJPY,20160818,0000,103.882,103.948,103.695,103.834,11000330000
CHFJPY,20160818,0100,103.838,103.934,103.728,103.909,8433630000
CHFJPY,20160818,0200,103.912,104.188,103.910,104.085,7724750000
CHFJPY,20160818,0300,104.085,104.149,103.938,104.023,5702280000
CHFJPY,20160818,0400,104.023,104.349,104.008,104.174,7767580000
CHFJPY,20160818,0500,104.175,104.218,103.907,103.907,11343860000
CHFJPY,20160818,0600,103.908,104.114,103.908,104.029,14582470000
CHFJPY,20160818,0700,104.027,104.347,103.945,104.337,20901740000
CHFJPY,20160818,0800,104.337,104.617,104.255,104.540,17451620000
CHFJPY,20160818,0900,104.553,104.821,104.513,104.647,14540530000
CHFJPY,20160818,1000,104.648,104.724,104.618,104.706,11992220000
CHFJPY,20160818,1100,104.706,104.766,104.595,104.651,15505650000
CHFJPY,20160818,1200,104.651,104.749,104.587,104.749,18106810000
CHFJPY,20160818,1300,104.748,104.768,104.529,104.593,19673960000
CHFJPY,20160818,1400,104.595,104.727,104.504,104.551,18149780000
CHFJPY,20160818,1500,104.552,104.618,104.477,104.499,14007660000
CHFJPY,20160818,1600,104.498,104.571,104.447,104.454,10405640000
CHFJPY,20160818,1700,104.453,104.466,104.331,104.413,9602110000
CHFJPY,20160818,1800,104.415,104.753,104.415,104.747,9246620000
CHFJPY,20160818,1900,104.750,104.806,104.723,104.741,6942280000
CHFJPY,20160818,2000,104.741,104.810,104.628,104.633,4643960000
CHFJPY,20160818,2100,104.645,104.761,104.600,104.600,4639580000
CHFJPY,20160818,2200,104.615,104.874,104.615,104.808,5242600000
CHFJPY,20160818,2300,104.807,104.894,104.743,104.892,5396720000
CHFJPY,20160819,0000,104.893,105.139,104.852,105.020,10316320000
CHFJPY,20160819,0100,105.020,105.058,104.937,104.957,8131460000
CHFJPY,20160819,0200,104.955,104.976,104.800,104.858,9010160000
CHFJPY,20160819,0300,104.858,104.985,104.797,104.921,7404710000
CHFJPY,20160819,0400,104.918,105.053,104.893,104.961,6354360000
CHFJPY,20160819,0500,104.961,104.980,104.780,104.862,6899380000
CHFJPY,20160819,0600,104.862,104.869,104.717,104.773,14130700000
CHFJPY,20160819,0700,104.772,104.819,104.611,104.628,20380110000
CHFJPY,20160819,0800,104.629,104.726,104.541,104.611,16045080000
CHFJPY,20160819,0900,104.610,104.673,104.526,104.657,16253910000
CHFJPY,20160819,1000,104.657,104.713,104.581,104.638,12835440000
CHFJPY,20160819,1100,104.638,104.684,104.493,104.512,12600480000
CHFJPY,20160819,1200,104.512,104.697,104.502,104.633,21003130000
CHFJPY,20160819,1300,104.635,104.680,104.388,104.409,24285170000
CHFJPY,20160819,1400,104.407,104.607,104.356,104.382,19019580000
CHFJPY,20160819,1500,104.381,104.493,104.366,104.485,12053830000
CHFJPY,20160819,1600,104.482,104.496,104.295,104.323,8982600000
CHFJPY,20160819,1700,104.322,104.352,104.277,104.338,6854840000
CHFJPY,20160819,1800,104.339,104.436,104.293,104.431,6176560000
CHFJPY,20160819,1900,104.434,104.444,104.336,104.371,5801500000
CHFJPY,20160819,2000,104.371,104.406,104.292,104.337,5191950000
CHFJPY,20160821,2100,104.752,104.819,104.632,104.744,3110610000
CHFJPY,20160821,2200,104.744,104.744,104.508,104.559,5619730000
CHFJPY,20160821,2300,104.559,104.652,104.391,104.540,7696590000
CHFJPY,20160822,0000,104.539,104.694,104.480,104.518,10212880000
CHFJPY,20160822,0100,104.518,104.662,104.432,104.594,10086540000
CHFJPY,20160822,0200,104.594,104.653,104.566,104.620,5944410000
CHFJPY,20160822,0300,104.620,104.620,104.505,104.588,7283120000
CHFJPY,20160822,0400,104.587,104.639,104.514,104.594,4821740000
CHFJPY,20160822,0500,104.593,104.663,104.504,104.572,8927290000
CHFJPY,20160822,0600,104.572,104.667,104.502,104.546,17565230000
CHFJPY,20160822,0700,104.547,104.581,104.399,104.489,24622480000
CHFJPY,20160822,0800,104.492,104.586,104.410,104.580,18883640000
CHFJPY,20160822,0900,104.580,104.658,104.490,104.539,18882640000
CHFJPY,20160822,1000,104.541,104.559,104.339,104.347,15567190000
CHFJPY,20160822,1100,104.347,104.454,104.315,104.398,15276080000
CHFJPY,20160822,1200,104.398,104.476,104.261,104.279,19071050000
CHFJPY,20160822,1300,104.279,104.420,104.224,104.405,23870660000
CHFJPY,20160822,1400,104.405,104.426,104.288,104.311,21391890000
CHFJPY,20160822,1500,104.312,104.375,104.137,104.139,20038820000
CHFJPY,20160822,1600,104.145,104.332,104.136,104.322,11514610000
CHFJPY,20160822,1700,104.322,104.365,104.237,104.284,7416360000
CHFJPY,20160822,1800,104.284,104.319,104.250,104.288,5791390000
CHFJPY,20160822,1900,104.286,104.330,104.239,104.265,4476130000
CHFJPY,20160822,2000,104.269,104.298,104.233,104.235,2997890000
CHFJPY,20160822,2100,104.235,104.289,104.181,104.228,4487900000
CHFJPY,20160822,2200,104.226,104.352,104.226,104.284,4094490000
CHFJPY,20160822,2300,104.288,104.297,104.097,104.099,5285450000
CHFJPY,20160823,0000,104.099,104.207,104.006,104.073,13597130000
CHFJPY,20160823,0100,104.073,104.202,104.051,104.160,7954750000
CHFJPY,20160823,0200,104.160,104.299,104.153,104.221,8107570000
CHFJPY,20160823,0300,104.222,104.300,104.220,104.251,5288120000
CHFJPY,20160823,0400,104.251,104.296,104.068,104.087,7996140000
CHFJPY,20160823,0500,104.087,104.210,104.067,104.113,10090930000
CHFJPY,20160823,0600,104.113,104.249,104.021,104.160,19797670000
CHFJPY,20160823,0700,104.160,104.292,104.119,104.257,25636800000
CHFJPY,20160823,0800,104.257,104.387,104.234,104.265,17321940000
CHFJPY,20160823,0900,104.262,104.280,104.077,104.095,15090880000
CHFJPY,20160823,1000,104.097,104.173,104.085,104.132,13262310000
CHFJPY,20160823,1100,104.132,104.162,104.096,104.120,12723920000
CHFJPY,20160823,1200,104.120,104.183,104.047,104.059,16079430000
CHFJPY,20160823,1300,104.062,104.200,103.979,104.088,22698560000
CHFJPY,20160823,1400,104.086,104.301,104.076,104.245,24801540000
CHFJPY,20160823,1500,104.245,104.250,104.109,104.123,20645840000
CHFJPY,20160823,1600,104.123,104.203,104.074,104.162,12387610000
CHFJPY,20160823,1700,104.162,104.193,104.057,104.060,8045230000
CHFJPY,20160823,1800,104.059,104.113,103.999,104.073,6105550000
CHFJPY,20160823,1900,104.073,104.106,104.010,104.081,5811810000
CHFJPY,20160823,2000,104.080,104.101,104.027,104.027,3502300000
CHFJPY,20160823,2100,104.027,104.086,104.002,104.049,3307300000
CHFJPY,20160823,2200,104.048,104.147,104.028,104.117,3392190000
CHFJPY,20160823,2300,104.117,104.170,104.081,104.097,4431670000
CHFJPY,20160824,0000,104.097,104.318,104.097,104.163,9509110000
CHFJPY,20160824,0100,104.163,104.207,104.037,104.106,9126970000
CHFJPY,20160824,0200,104.106,104.178,104.046,104.061,7647450000
CHFJPY,20160824,0300,104.062,104.139,104.042,104.083,6176200000
CHFJPY,20160824,0400,104.083,104.152,104.083,104.144,5413510000
CHFJPY,20160824,0500,104.146,104.216,104.071,104.086,9407740000
CHFJPY,20160824,0600,104.085,104.143,104.008,104.032,15850700000
CHFJPY,20160824,0700,104.033,104.116,103.975,104.048,20343050000
CHFJPY,20160824,0800,104.047,104.078,103.885,103.988,22714890000
CHFJPY,20160824,0900,103.988,104.020,103.873,103.982,18832650000
CHFJPY,20160824,1000,103.982,103.996,103.836,103.857,12454650000
CHFJPY,20160824,1100,103.857,103.880,103.526,103.721,17079940000
CHFJPY,20160824,1200,103.722,103.748,103.643,103.716,19527770000
CHFJPY,20160824,1300,103.716,103.967,103.652,103.859,22400770000
CHFJPY,20160824,1400,103.855,103.957,103.769,103.952,20049670000
CHFJPY,20160824,1500,103.949,103.953,103.793,103.898,15604560000
CHFJPY,20160824,1600,103.894,103.972,103.826,103.963,12104750000
CHFJPY,20160824,1700,103.964,103.983,103.897,103.921,6977920000
CHFJPY,20160824,1800,103.923,103.923,103.840,103.857,6911500000
CHFJPY,20160824,1900,103.855,103.885,103.829,103.862,6102940000
CHFJPY,20160824,2000,103.860,103.923,103.855,103.868,2508920000
CHFJPY,20160824,2100,103.867,103.937,103.793,103.867,2560140000
CHFJPY,20160824,2200,103.867,103.907,103.839,103.879,2390400000
CHFJPY,20160824,2300,103.881,103.978,103.853,103.957,4864910000
CHFJPY,20160825,0000,103.962,104.037,103.890,103.896,8995250000
CHFJPY,20160825,0100,103.897,103.952,103.890,103.913,6288500000
CHFJPY,20160825,0200,103.913,103.963,103.866,103.885,4971970000
CHFJPY,20160825,0300,103.885,103.940,103.856,103.902,4461020000
CHFJPY,20160825,0400,103.906,103.972,103.888,103.939,3480230000
CHFJPY,20160825,0500,103.939,103.982,103.887,103.924,6600700000
CHFJPY,20160825,0600,103.924,103.974,103.852,103.876,10836000000
CHFJPY,20160825,0700,103.876,104.035,103.834,103.989,18104900000
CHFJPY,20160825,0800,103.988,104.037,103.857,103.996,20426450000
CHFJPY,20160825,0900,103.995,104.137,103.971,104.137,14258820000
CHFJPY,20160825,1000,104.137,104.144,104.021,104.034,11402120000
CHFJPY,20160825,1100,104.033,104.063,103.976,104.021,12698210000
CHFJPY,20160825,1200,104.021,104.101,103.901,104.091,18586610000
CHFJPY,20160825,1300,104.090,104.101,103.979,104.028,21280310000
CHFJPY,20160825,1400,104.027,104.040,103.849,103.854,14341820000
CHFJPY,20160825,1500,103.854,103.903,103.806,103.850,10108220000
CHFJPY,20160825,1600,103.849,103.884,103.815,103.829,8173620000
CHFJPY,20160825,1700,103.827,103.884,103.825,103.866,6819780000
CHFJPY,20160825,1800,103.871,103.916,103.860,103.880,5841960000
CHFJPY,20160825,1900,103.880,103.899,103.855,103.895,4214930000
CHFJPY,20160825,2000,103.895,103.919,103.858,103.875,3135010000
CHFJPY,20160825,2100,103.875,103.904,103.866,103.881,1660100000
CHFJPY,20160825,2200,103.882,104.045,103.851,103.932,7014920000
CHFJPY,20160825,2300,103.930,104.027,103.908,103.963,4364630000
CHFJPY,20160826,0000,103.960,103.960,103.816,103.858,7536510000
CHFJPY,20160826,0100,103.858,103.947,103.847,103.925,6219470000
CHFJPY,20160826,0200,103.925,103.943,103.881,103.931,5116770000
CHFJPY,20160826,0300,103.931,103.960,103.892,103.915,3167350000
CHFJPY,20160826,0400,103.914,103.948,103.888,103.947,2754320000
CHFJPY,20160826,0500,103.947,104.006,103.913,103.922,4895030000
CHFJPY,20160826,0600,103.922,104.099,103.922,104.084,11711510000
CHFJPY,20160826,0700,104.084,104.084,103.885,103.885,16160010000
CHFJPY,20160826,0800,103.885,104.076,103.877,104.025,14753450000
CHFJPY,20160826,0900,104.025,104.044,103.888,103.908,13689990000
CHFJPY,20160826,1000,103.908,103.927,103.806,103.859,9576950000
CHFJPY,20160826,1100,103.859,103.881,103.762,103.785,10686870000
CHFJPY,20160826,1200,103.786,103.820,103.565,103.613,21824150000
CHFJPY,20160826,1300,103.615,103.768,103.473,103.749,17714260000
CHFJPY,20160826,1400,103.747,104.073,103.412,103.749,45822470000
CHFJPY,20160826,1500,103.749,104.149,103.713,104.117,34885500000
CHFJPY,20160826,1600,104.120,104.290,104.046,104.061,23350190000
CHFJPY,20160826,1700,104.060,104.161,103.976,104.107,15802960000
CHFJPY,20160826,1800,104.107,104.222,104.033,104.055,22338240000
CHFJPY,20160826,1900,104.058,104.113,103.997,104.070,16178710000
CHFJPY,20160826,2000,104.074,104.134,103.946,104.067,9953610000
CHFJPY,20160828,2100,104.289,104.305,104.127,104.144,2307750000
CHFJPY,20160828,2200,104.153,104.275,104.094,104.194,4479100000
CHFJPY,20160828,2300,104.192,104.315,104.165,104.213,6465700000
CHFJPY,20160829,0000,104.213,104.369,104.147,104.265,15423320000
CHFJPY,20160829,0100,104.265,104.422,104.226,104.371,11558230000
CHFJPY,20160829,0200,104.371,104.529,104.328,104.464,9959180000
CHFJPY,20160829,0300,104.464,104.589,104.427,104.534,7568700000
CHFJPY,20160829,0400,104.534,104.645,104.523,104.630,5769030000
CHFJPY,20160829,0500,104.630,104.775,104.599,104.747,9839330000
CHFJPY,20160829,0600,104.747,104.787,104.665,104.690,14325680000
CHFJPY,20160829,0700,104.687,104.711,104.472,104.664,18649130000
CHFJPY,20160829,0800,104.666,104.666,104.522,104.552,12828730000
CHFJPY,20160829,0900,104.552,104.608,104.433,104.453,9114930000
CHFJPY,20160829,1000,104.454,104.487,104.387,104.468,12071480000
CHFJPY,20160829,1100,104.468,104.483,104.383,104.438,15864420000
CHFJPY,20160829,1200,104.437,104.466,104.318,104.400,20404330000
CHFJPY,20160829,1300,104.400,104.473,104.331,104.371,22603560000
CHFJPY,20160829,1400,104.370,104.386,104.212,104.266,29441400000
CHFJPY,20160829,1500,104.264,104.413,104.240,104.408,17608690000
CHFJPY,20160829,1600,104.408,104.428,104.350,104.352,9042060000
CHFJPY,20160829,1700,104.352,104.420,104.307,104.344,12569380000
CHFJPY,20160829,1800,104.344,104.344,104.216,104.222,7634690000
CHFJPY,20160829,1900,104.222,104.271,104.146,104.152,8530210000
CHFJPY,20160829,2000,104.152,104.184,104.100,104.171,5405090000
CHFJPY,20160829,2100,104.171,104.226,104.076,104.131,4489650000
CHFJPY,20160829,2200,104.131,104.281,104.115,104.277,4832180000
CHFJPY,20160829,2300,104.281,104.282,104.079,104.124,5727320000
CHFJPY,20160830,0000,104.124,104.198,104.024,104.161,10656800000
CHFJPY,20160830,0100,104.161,104.303,104.117,104.294,11992490000
CHFJPY,20160830,0200,104.289,104.316,104.062,104.167,6540790000
CHFJPY,20160830,0300,104.163,104.198,104.110,104.117,5548940000
CHFJPY,20160830,0400,104.117,104.165,104.081,104.145,5994390000
CHFJPY,20160830,0500,104.145,104.182,104.112,104.126,7022400000
CHFJPY,20160830,0600,104.126,104.456,104.126,104.441,15386530000
CHFJPY,20160830,0700,104.442,104.557,104.415,104.532,19634670000
CHFJPY,20160830,0800,104.530,104.565,104.372,104.388,12494130000
CHFJPY,20160830,0900,104.388,104.496,104.311,104.483,14112950000
CHFJPY,20160830,1000,104.483,104.567,104.341,104.402,19005510000
CHFJPY,20160830,1100,104.399,104.446,104.339,104.356,13093070000
CHFJPY,20160830,1200,104.357,104.515,104.319,104.482,19618520000
CHFJPY,20160830,1300,104.482,104.606,104.408,104.583,22389930000
CHFJPY,20160830,1400,104.584,104.724,104.532,104.680,25187190000
CHFJPY,20160830,1500,104.680,104.800,104.640,104.788,17005150000
CHFJPY,20160830,1600,104.788,104.911,104.736,104.797,13097570000
CHFJPY,20160830,1700,104.797,104.835,104.735,104.772,9383720000
CHFJPY,20160830,1800,104.772,104.794,104.653,104.677,8478890000
CHFJPY,20160830,1900,104.673,104.730,104.614,104.711,6495780000
CHFJPY,20160830,2000,104.711,104.779,104.622,104.627,4312760000
CHFJPY,20160830,2100,104.646,104.732,104.632,104.680,2506720000
CHFJPY,20160830,2200,104.682,104.728,104.621,104.693,3484450000
CHFJPY,20160830,2300,104.693,104.703,104.618,104.644,4945730000
CHFJPY,20160831,0000,104.644,104.896,104.619,104.819,14019940000
CHFJPY,20160831,0100,104.817,104.845,104.721,104.782,11972220000
CHFJPY,20160831,0200,104.782,104.817,104.698,104.742,9656790000
CHFJPY,20160831,0300,104.743,104.849,104.743,104.809,5539430000
CHFJPY,20160831,0400,104.809,104.828,104.782,104.822,5805960000
CHFJPY,20160831,0500,104.818,104.893,104.754,104.829,10256500000
CHFJPY,20160831,0600,104.833,105.017,104.797,105.012,16289780000
CHFJPY,20160831,0700,105.011,105.027,104.880,104.888,20463040000
CHFJPY,20160831,0800,104.888,104.994,104.863,104.894,18146780000
CHFJPY,20160831,0900,104.893,104.953,104.835,104.883,13661760000
CHFJPY,20160831,1000,104.884,104.926,104.822,104.900,10944150000
CHFJPY,20160831,1100,104.900,105.033,104.864,104.925,13180050000
CHFJPY,20160831,1200,104.925,105.072,104.874,105.064,26280260000
CHFJPY,20160831,1300,105.064,105.180,104.961,105.144,26249250000
CHFJPY,20160831,1400,105.145,105.323,105.022,105.290,28776530000
CHFJPY,20160831,1500,105.291,105.323,105.121,105.156,20577229998
CHFJPY,20160831,1600,105.156,105.225,105.107,105.110,13700110000
CHFJPY,20160831,1700,105.110,105.230,105.110,105.174,9235220000
CHFJPY,20160831,1800,105.174,105.225,105.133,105.183,8338180000
CHFJPY,20160831,1900,105.180,105.202,105.135,105.187,8619040000
CHFJPY,20160831,2000,105.187,105.209,105.096,105.116,3466910000
CHFJPY,20160831,2100,105.116,105.138,105.041,105.064,4979380000
CHFJPY,20160831,2200,105.069,105.084,105.001,105.042,5658390000
CHFJPY,20160831,2300,105.042,105.094,105.001,105.015,5463200000
CHFJPY,20160901,0000,105.016,105.025,104.878,104.915,7927300000
CHFJPY,20160901,0100,104.915,104.944,104.807,104.883,8526770000
CHFJPY,20160901,0200,104.883,104.992,104.841,104.987,6717590000
CHFJPY,20160901,0300,104.987,105.042,104.958,104.992,5101830000
CHFJPY,20160901,0400,104.991,105.027,104.969,104.972,5232920000
CHFJPY,20160901,0500,104.972,105.033,104.952,105.016,6080250000
CHFJPY,20160901,0600,105.016,105.096,104.923,105.002,13827570000
CHFJPY,20160901,0700,105.002,105.002,104.747,104.780,23046090000
CHFJPY,20160901,0800,104.779,105.086,104.779,104.943,24826040000
CHFJPY,20160901,0900,104.942,105.214,104.936,105.208,18770480000
CHFJPY,20160901,1000,105.207,105.376,105.182,105.314,17898380000
CHFJPY,20160901,1100,105.314,105.384,105.237,105.241,15737270000
CHFJPY,20160901,1200,105.242,105.416,105.194,105.408,23103330000
CHFJPY,20160901,1300,105.407,105.534,105.368,105.470,23293040000
CHFJPY,20160901,1400,105.478,105.547,105.148,105.309,49314600000
CHFJPY,20160901,1500,105.309,105.445,105.236,105.418,25893020000
CHFJPY,20160901,1600,105.417,105.551,105.400,105.473,17444420000
CHFJPY,20160901,1700,105.473,105.548,105.414,105.419,10297010000
CHFJPY,20160901,1800,105.419,105.472,105.387,105.427,10748860000
CHFJPY,20160901,1900,105.427,105.474,105.349,105.379,9732940000
CHFJPY,20160901,2000,105.379,105.390,105.310,105.320,3203180000
CHFJPY,20160901,2100,105.320,105.371,105.281,105.336,8539910000
CHFJPY,20160901,2200,105.336,105.390,105.277,105.286,3640190000
CHFJPY,20160901,2300,105.286,105.414,105.286,105.371,3918420000
CHFJPY,20160902,0000,105.368,105.425,105.264,105.363,9300750000
CHFJPY,20160902,0100,105.364,105.501,105.341,105.446,8690050000
CHFJPY,20160902,0200,105.447,105.467,105.371,105.392,6353870000
CHFJPY,20160902,0300,105.392,105.474,105.392,105.440,5510430000
CHFJPY,20160902,0400,105.440,105.489,105.401,105.471,6780760000
CHFJPY,20160902,0500,105.471,105.531,105.444,105.516,6711450000
CHFJPY,20160902,0600,105.519,105.712,105.519,105.686,16179320000
CHFJPY,20160902,0700,105.686,105.769,105.656,105.672,22671420000
CHFJPY,20160902,0800,105.672,105.776,105.654,105.666,18705190000
CHFJPY,20160902,0900,105.666,105.711,105.586,105.662,15855170000
CHFJPY,20160902,1000,105.662,105.767,105.610,105.765,12253300000
CHFJPY,20160902,1100,105.765,105.801,105.623,105.665,13500040000
CHFJPY,20160902,1200,105.664,105.743,105.287,105.644,44615390000
CHFJPY,20160902,1300,105.643,106.050,105.643,106.036,47609470000
CHFJPY,20160902,1400,106.044,106.298,105.977,106.228,43429310000
CHFJPY,20160902,1500,106.229,106.310,106.203,106.233,26327290000
CHFJPY,20160902,1600,106.233,106.244,105.947,106.040,16635310000
CHFJPY,20160902,1700,106.040,106.051,105.964,105.975,1782870000
CHFJPY,20160902,1900,106.024,106.133,106.003,106.105,7347590000
CHFJPY,20160902,2000,106.107,106.132,105.943,105.944,12465260000
CHFJPY,20160904,2100,106.129,106.214,106.023,106.102,3674330000
CHFJPY,20160904,2200,106.093,106.202,106.072,106.143,6626120000
CHFJPY,20160904,2300,106.143,106.183,106.016,106.033,2678730000
CHFJPY,20160905,0000,106.030,106.086,105.863,106.031,11771750000
CHFJPY,20160905,0100,106.031,106.160,105.950,106.055,7735100000
CHFJPY,20160905,0200,106.055,106.118,105.714,105.884,11688490000
CHFJPY,20160905,0300,105.888,105.933,105.748,105.853,7184250000
CHFJPY,20160905,0400,105.855,105.927,105.770,105.817,7157320000
CHFJPY,20160905,0500,105.817,105.817,105.555,105.607,12693450000
CHFJPY,20160905,0600,105.610,105.811,105.574,105.777,12582560000
CHFJPY,20160905,0700,105.777,105.789,105.545,105.697,17140020000
CHFJPY,20160905,0800,105.697,105.788,105.627,105.632,16786090000
CHFJPY,20160905,0900,105.632,105.672,105.400,105.427,16716240000
CHFJPY,20160905,1000,105.426,105.537,105.360,105.521,15283880000
CHFJPY,20160905,1100,105.522,105.535,105.428,105.429,9193630000
CHFJPY,20160905,1200,105.429,105.498,105.410,105.427,10055420000
CHFJPY,20160905,1300,105.429,105.495,105.355,105.449,9975900000
CHFJPY,20160905,1400,105.450,105.534,105.391,105.437,11533490000
CHFJPY,20160905,1500,105.437,105.506,105.389,105.501,12041960000
CHFJPY,20160905,1600,105.502,105.527,105.386,105.409,5676780000
CHFJPY,20160905,1700,105.409,105.523,105.405,105.489,8207290000
CHFJPY,20160905,1800,105.489,105.493,105.437,105.471,2386430000
CHFJPY,20160905,1900,105.472,105.555,105.469,105.549,4267070000
CHFJPY,20160905,2000,105.552,105.582,105.498,105.526,5435430000
CHFJPY,20160905,2100,105.526,105.566,105.504,105.539,2710580000
CHFJPY,20160905,2200,105.551,105.559,105.487,105.531,3046240000
CHFJPY,20160905,2300,105.531,105.630,105.473,105.595,4710180000
CHFJPY,20160906,0000,105.598,105.702,105.508,105.672,9250420000
CHFJPY,20160906,0100,105.668,105.825,105.662,105.757,8461370000
CHFJPY,20160906,0200,105.757,105.818,105.457,105.601,10807810000
CHFJPY,20160906,0300,105.604,105.678,105.575,105.631,6553720000
CHFJPY,20160906,0400,105.632,105.790,105.631,105.738,7539610000
CHFJPY,20160906,0500,105.740,105.740,105.633,105.677,8938050000
CHFJPY,20160906,0600,105.674,105.783,105.584,105.589,18693040000
CHFJPY,20160906,0700,105.587,105.647,105.419,105.429,25944180000
CHFJPY,20160906,0800,105.429,105.524,105.393,105.471,20726490000
CHFJPY,20160906,0900,105.471,105.526,105.381,105.464,15278630000
CHFJPY,20160906,1000,105.463,105.560,105.415,105.549,16005520000
CHFJPY,20160906,1100,105.547,105.689,105.478,105.659,21213000000
CHFJPY,20160906,1200,105.662,105.667,105.556,105.570,21015880000
CHFJPY,20160906,1300,105.568,105.585,105.372,105.388,21620260000
CHFJPY,20160906,1400,105.388,105.388,104.947,105.128,54751590000
CHFJPY,20160906,1500,105.127,105.233,105.071,105.230,29058470000
CHFJPY,20160906,1600,105.229,105.282,105.097,105.144,17484910000
CHFJPY,20160906,1700,105.143,105.238,105.078,105.196,15145750000
CHFJPY,20160906,1800,105.196,105.248,105.147,105.225,13644630000
CHFJPY,20160906,1900,105.225,105.274,105.161,105.195,10663180000
CHFJPY,20160906,2000,105.195,105.229,105.106,105.207,4995770000
CHFJPY,20160906,2100,105.207,105.265,105.147,105.221,4665390000
CHFJPY,20160906,2200,105.220,105.267,105.176,105.199,4301040000
CHFJPY,20160906,2300,105.201,105.222,104.328,104.698,15066320000
CHFJPY,20160907,0000,104.699,104.777,104.506,104.554,16845390000
CHFJPY,20160907,0100,104.554,104.668,104.351,104.491,17951560000
CHFJPY,20160907,0200,104.492,104.729,104.492,104.652,10937010000
CHFJPY,20160907,0300,104.652,104.688,104.588,104.672,8258140000
CHFJPY,20160907,0400,104.673,104.690,104.560,104.677,6736930000
CHFJPY,20160907,0500,104.677,104.770,104.596,104.596,8791000000
CHFJPY,20160907,0600,104.601,104.720,104.561,104.586,20622090000
CHFJPY,20160907,0700,104.587,104.792,104.587,104.729,27970080000
CHFJPY,20160907,0800,104.729,104.897,104.702,104.799,20759070000
CHFJPY,20160907,0900,104.798,104.894,104.737,104.778,17121980000
CHFJPY,20160907,1000,104.777,104.938,104.732,104.884,14552390000
CHFJPY,20160907,1100,104.885,104.886,104.799,104.847,13879450000
CHFJPY,20160907,1200,104.847,104.929,104.696,104.737,20837580000
CHFJPY,20160907,1300,104.738,104.886,104.686,104.791,26218880000
CHFJPY,20160907,1400,104.789,104.999,104.736,104.871,33709710000
CHFJPY,20160907,1500,104.871,104.961,104.780,104.846,24689480000
CHFJPY,20160907,1600,104.846,104.964,104.843,104.923,15434910000
CHFJPY,20160907,1700,104.924,104.984,104.900,104.943,7859680000
CHFJPY,20160907,1800,104.943,104.979,104.904,104.969,6602160000
CHFJPY,20160907,1900,104.969,104.974,104.887,104.920,6079610000
CHFJPY,20160907,2000,104.920,104.929,104.864,104.897,3521060000
CHFJPY,20160907,2100,104.897,104.906,104.825,104.881,4004590000
CHFJPY,20160907,2200,104.883,104.907,104.823,104.884,2341800000
CHFJPY,20160907,2300,104.883,105.007,104.843,105.002,3229880000
CHFJPY,20160908,0000,105.002,105.085,104.871,104.871,8826780000
CHFJPY,20160908,0100,104.871,104.964,104.821,104.897,8725270000
CHFJPY,20160908,0200,104.895,105.007,104.873,104.938,6162660000
CHFJPY,20160908,0300,104.938,104.970,104.894,104.914,3287410000
CHFJPY,20160908,0400,104.914,104.927,104.708,104.865,7223900000
CHFJPY,20160908,0500,104.868,104.994,104.835,104.957,10467710000
CHFJPY,20160908,0600,104.957,104.988,104.800,104.830,14175320000
CHFJPY,20160908,0700,104.831,104.864,104.711,104.802,17044810000
CHFJPY,20160908,0800,104.802,104.896,104.755,104.859,16448540000
CHFJPY,20160908,0900,104.859,104.925,104.825,104.914,12829340000
CHFJPY,20160908,1000,104.914,105.117,104.902,105.094,15591250000
CHFJPY,20160908,1100,105.096,105.223,104.974,105.074,17271270000
CHFJPY,20160908,1200,105.076,105.388,105.075,105.211,35354150000
CHFJPY,20160908,1300,105.209,105.265,104.874,104.886,38096300000
CHFJPY,20160908,1400,104.886,105.013,104.791,104.875,30421490000
CHFJPY,20160908,1500,104.877,105.264,104.824,105.164,32079179999
CHFJPY,20160908,1600,105.166,105.270,105.122,105.253,20677640000
CHFJPY,20160908,1700,105.255,105.346,105.226,105.277,12087870000
CHFJPY,20160908,1800,105.277,105.368,105.245,105.352,10914790000
CHFJPY,20160908,1900,105.352,105.421,105.304,105.372,8628230000
CHFJPY,20160908,2000,105.373,105.401,105.322,105.370,4120380000
CHFJPY,20160908,2100,105.370,105.370,105.249,105.313,4138290000
CHFJPY,20160908,2200,105.313,105.385,105.269,105.306,3560380000
CHFJPY,20160908,2300,105.306,105.329,105.199,105.254,5448350000
CHFJPY,20160909,0000,105.256,105.329,105.142,105.208,12318290000
CHFJPY,20160909,0100,105.208,105.217,105.060,105.094,10703890000
CHFJPY,20160909,0200,105.094,105.134,104.983,105.089,8673450000
CHFJPY,20160909,0300,105.093,105.185,105.023,105.178,5870760000
CHFJPY,20160909,0400,105.178,105.187,105.027,105.069,7367610000
CHFJPY,20160909,0500,105.069,105.169,105.063,105.160,7051800000
CHFJPY,20160909,0600,105.160,105.160,105.044,105.127,14744980000
CHFJPY,20160909,0700,105.127,105.127,104.857,105.004,19428260000
CHFJPY,20160909,0800,105.004,105.040,104.958,104.972,16958900000
CHFJPY,20160909,0900,104.972,105.030,104.901,105.022,15813190000
CHFJPY,20160909,1000,105.022,105.420,105.002,105.358,22338200000
CHFJPY,20160909,1100,105.360,105.603,105.347,105.516,21647340000
CHFJPY,20160909,1200,105.517,105.709,105.392,105.508,32524030000
CHFJPY,20160909,1300,105.508,105.516,105.292,105.321,32979160000
CHFJPY,20160909,1400,105.321,105.336,105.107,105.174,39824320000
CHFJPY,20160909,1500,105.176,105.407,105.126,105.291,17686470000
CHFJPY,20160909,1600,105.291,105.303,105.163,105.200,9629050000
CHFJPY,20160909,1700,105.200,105.267,105.076,105.113,10452160000
CHFJPY,20160909,1800,105.113,105.304,105.077,105.292,8730790000
CHFJPY,20160909,1900,105.292,105.308,105.220,105.257,6710590000
CHFJPY,20160909,2000,105.256,105.287,105.212,105.244,8890150000
CHFJPY,20160911,2100,105.198,105.237,105.126,105.177,2152300000
CHFJPY,20160911,2200,105.177,105.258,104.894,104.963,8297090000
CHFJPY,20160911,2300,104.963,105.167,104.935,105.105,5633020000
CHFJPY,20160912,0000,105.105,105.305,105.089,105.273,7590660000
CHFJPY,20160912,0100,105.273,105.317,105.022,105.038,7485970000
CHFJPY,20160912,0200,105.041,105.173,104.973,105.136,5464400000
CHFJPY,20160912,0300,105.136,105.147,105.046,105.074,4735540000
CHFJPY,20160912,0400,105.074,105.107,104.959,105.071,4735170000
CHFJPY,20160912,0500,105.071,105.096,104.998,105.023,7554040000
CHFJPY,20160912,0600,105.026,105.280,105.025,105.183,20388070000
CHFJPY,20160912,0700,105.187,105.189,104.934,105.041,25921550000
CHFJPY,20160912,0800,105.041,105.109,104.780,104.813,18978760000
CHFJPY,20160912,0900,104.812,104.851,104.539,104.689,21370540000
CHFJPY,20160912,1000,104.690,104.727,104.577,104.611,18884120000
CHFJPY,20160912,1100,104.611,104.699,104.486,104.499,25762870000
CHFJPY,20160912,1200,104.499,104.664,104.476,104.517,23822220000
CHFJPY,20160912,1300,104.515,104.733,104.497,104.731,31124600000
CHFJPY,20160912,1400,104.733,104.859,104.602,104.612,23791690000
CHFJPY,20160912,1500,104.611,104.849,104.611,104.729,19820860000
CHFJPY,20160912,1600,104.727,104.848,104.699,104.759,16884720000
CHFJPY,20160912,1700,104.759,104.895,104.584,104.692,28022840000
CHFJPY,20160912,1800,104.692,104.792,104.630,104.792,11815630000
CHFJPY,20160912,1900,104.797,104.814,104.708,104.744,9458090000
CHFJPY,20160912,2000,104.744,104.790,104.709,104.759,4659880000
CHFJPY,20160912,2100,104.747,104.869,104.742,104.851,2901710000
CHFJPY,20160912,2200,104.852,104.915,104.755,104.810,5949520000
CHFJPY,20160912,2300,104.810,104.857,104.687,104.710,5795520000
CHFJPY,20160913,0000,104.712,104.762,104.339,104.421,11368800000
CHFJPY,20160913,0100,104.421,104.549,104.372,104.467,10219320000
CHFJPY,20160913,0200,104.468,104.674,104.449,104.647,8207700000
CHFJPY,20160913,0300,104.648,104.754,104.608,104.678,5416560000
CHFJPY,20160913,0400,104.678,104.973,104.675,104.887,9857570000
CHFJPY,20160913,0500,104.887,104.912,104.774,104.809,7436270000
CHFJPY,20160913,0600,104.808,104.932,104.744,104.763,16264860000
CHFJPY,20160913,0700,104.763,104.815,104.593,104.666,21359320000
CHFJPY,20160913,0800,104.667,104.720,104.596,104.669,19285780000
CHFJPY,20160913,0900,104.671,104.819,104.634,104.761,15414820000
CHFJPY,20160913,1000,104.761,105.225,104.732,105.122,19951520000
CHFJPY,20160913,1100,105.123,105.236,105.086,105.211,16847510000
CHFJPY,20160913,1200,105.213,105.321,105.189,105.301,26697000000
CHFJPY,20160913,1300,105.300,105.303,105.031,105.063,27093340000
CHFJPY,20160913,1400,105.064,105.272,104.902,104.903,35975180000
CHFJPY,20160913,1500,104.902,105.072,104.805,104.870,25146950000
CHFJPY,20160913,1600,104.870,104.983,104.703,104.762,18115740000
CHFJPY,20160913,1700,104.761,105.141,104.716,105.033,28037200000
CHFJPY,20160913,1800,105.033,105.097,104.907,105.050,13860220000
CHFJPY,20160913,1900,105.050,105.096,104.979,105.074,10382200000
CHFJPY,20160913,2000,105.073,105.081,104.970,104.998,5326590000
CHFJPY,20160913,2100,104.998,105.062,104.885,104.917,4793860000
CHFJPY,20160913,2200,104.920,105.004,104.873,104.920,3597750000
CHFJPY,20160913,2300,104.918,104.973,104.841,104.918,4382010000
CHFJPY,20160914,0000,104.922,105.293,104.893,105.182,9639490000
CHFJPY,20160914,0100,105.182,105.586,105.143,105.434,11668070000
CHFJPY,20160914,0200,105.433,105.486,105.308,105.376,6388400000
CHFJPY,20160914,0300,105.376,105.474,105.306,105.334,6648480000
CHFJPY,20160914,0400,105.334,105.449,105.295,105.392,5464940000
CHFJPY,20160914,0500,105.393,105.511,105.302,105.366,5756390000
CHFJPY,20160914,0600,105.366,105.808,105.349,105.773,17365930000
CHFJPY,20160914,0700,105.770,105.813,105.491,105.513,18455460000
CHFJPY,20160914,0800,105.512,105.747,105.105,105.210,20079670000
CHFJPY,20160914,0900,105.210,105.365,105.001,105.284,22050160000
CHFJPY,20160914,1000,105.282,105.296,105.165,105.249,11022650000
CHFJPY,20160914,1100,105.249,105.408,105.104,105.326,22409780000
CHFJPY,20160914,1200,105.326,105.503,105.319,105.437,18159320000
CHFJPY,20160914,1300,105.434,105.519,105.310,105.315,25656870000
CHFJPY,20160914,1400,105.315,105.471,105.232,105.396,28652550000
CHFJPY,20160914,1500,105.396,105.527,105.258,105.403,27644940000
CHFJPY,20160914,1600,105.403,105.445,105.324,105.372,11707250000
CHFJPY,20160914,1700,105.373,105.416,105.132,105.157,14449490000
CHFJPY,20160914,1800,105.157,105.220,105.010,105.178,13057200000
CHFJPY,20160914,1900,105.178,105.229,105.101,105.225,6332320000
CHFJPY,20160914,2000,105.222,105.254,105.160,105.206,2919380000
CHFJPY,20160914,2100,105.180,105.259,105.140,105.169,4018830000
CHFJPY,20160914,2200,105.170,105.255,105.124,105.253,4672450000
CHFJPY,20160914,2300,105.254,105.399,105.165,105.359,3676590000
CHFJPY,20160915,0000,105.359,105.439,105.221,105.237,8688900000
CHFJPY,20160915,0100,105.237,105.271,104.846,104.847,12219110000
CHFJPY,20160915,0200,104.845,105.029,104.777,104.968,9744280000
CHFJPY,20160915,0300,104.970,105.070,104.884,105.048,6247750000
CHFJPY,20160915,0400,105.048,105.212,105.007,105.132,10519550000
CHFJPY,20160915,0500,105.132,105.201,105.049,105.116,8158780000
CHFJPY,20160915,0600,105.111,105.153,104.846,104.921,14936320000
CHFJPY,20160915,0700,104.921,105.035,104.808,104.951,22360170000
CHFJPY,20160915,0800,104.949,105.008,104.923,104.989,19265190000
CHFJPY,20160915,0900,104.988,105.166,104.934,105.139,20383110000
CHFJPY,20160915,1000,105.139,105.222,105.091,105.189,13509340000
CHFJPY,20160915,1100,105.181,105.207,105.021,105.131,14603070000
CHFJPY,20160915,1200,105.130,105.395,105.044,105.301,30726230000
CHFJPY,20160915,1300,105.301,105.500,105.294,105.391,37406070000
CHFJPY,20160915,1400,105.391,105.561,105.233,105.277,31262990000
CHFJPY,20160915,1500,105.279,105.348,105.227,105.245,22691340000
CHFJPY,20160915,1600,105.245,105.247,105.129,105.141,15415100000
CHFJPY,20160915,1700,105.142,105.178,105.021,105.082,14246430000
CHFJPY,20160915,1800,105.083,105.174,105.066,105.143,11592370000
CHFJPY,20160915,1900,105.141,105.219,105.099,105.114,8171700000
CHFJPY,20160915,2000,105.114,105.117,105.027,105.036,4244090000
CHFJPY,20160915,2100,105.032,105.056,104.965,104.998,4006650000
CHFJPY,20160915,2200,104.983,105.062,104.703,104.861,7442180000
CHFJPY,20160915,2300,104.861,105.023,104.833,105.001,4051130000
CHFJPY,20160916,0000,105.009,105.013,104.758,104.952,10452680000
CHFJPY,20160916,0100,104.952,105.061,104.878,105.033,10015440000
CHFJPY,20160916,0200,105.033,105.124,104.952,105.021,8401540000
CHFJPY,20160916,0300,105.019,105.051,104.865,104.927,5962430000
CHFJPY,20160916,0400,104.927,104.988,104.920,104.983,3809780000
CHFJPY,20160916,0500,104.983,105.028,104.932,104.995,4854270000
CHFJPY,20160916,0600,104.995,105.013,104.780,104.780,11133710000
CHFJPY,20160916,0700,104.781,104.861,104.697,104.722,16177710000
CHFJPY,20160916,0800,104.722,104.811,104.697,104.786,14547740000
CHFJPY,20160916,0900,104.786,104.822,104.583,104.593,11403120000
CHFJPY,20160916,1000,104.593,104.669,104.371,104.398,16819690000
CHFJPY,20160916,1100,104.398,104.616,104.364,104.579,12994190000
CHFJPY,20160916,1200,104.579,104.626,104.425,104.487,29338240000
CHFJPY,20160916,1300,104.484,104.511,104.230,104.361,26060360000
CHFJPY,20160916,1400,104.370,104.499,104.296,104.442,29485490000
CHFJPY,20160916,1500,104.440,104.505,104.353,104.505,20556120000
CHFJPY,20160916,1600,104.505,104.542,104.431,104.487,11659350000
CHFJPY,20160916,1700,104.487,104.499,104.391,104.482,9924120000
CHFJPY,20160916,1800,104.484,104.513,104.312,104.398,10293780000
CHFJPY,20160916,1900,104.398,104.435,104.283,104.316,8311340000
CHFJPY,20160916,2000,104.315,104.383,104.273,104.274,7932250000
CHFJPY,20160918,2100,104.196,104.382,104.175,104.294,4206370000
CHFJPY,20160918,2200,104.266,104.395,104.223,104.358,8948200000
CHFJPY,20160918,2300,104.358,104.531,104.354,104.419,7886120000
CHFJPY,20160919,0000,104.418,104.487,104.256,104.332,8845370000
CHFJPY,20160919,0100,104.332,104.385,104.252,104.257,5423940000
CHFJPY,20160919,0200,104.256,104.310,104.221,104.292,5979330000
CHFJPY,20160919,0300,104.291,104.312,104.222,104.232,5841260000
CHFJPY,20160919,0400,104.231,104.258,104.197,104.231,5540120000
CHFJPY,20160919,0500,104.231,104.311,104.215,104.226,4767780000
CHFJPY,20160919,0600,104.225,104.260,104.150,104.222,10104670000
CHFJPY,20160919,0700,104.220,104.267,104.036,104.084,13800320000
CHFJPY,20160919,0800,104.084,104.107,103.754,103.873,18134500000
CHFJPY,20160919,0900,103.873,103.966,103.833,103.863,11265060000
CHFJPY,20160919,1000,103.864,103.881,103.760,103.783,9359530000
CHFJPY,20160919,1100,103.783,103.867,103.744,103.764,10557770000
CHFJPY,20160919,1200,103.764,103.788,103.648,103.757,15552670000
CHFJPY,20160919,1300,103.757,103.861,103.693,103.699,18589270000
CHFJPY,20160919,1400,103.699,103.927,103.691,103.873,18149030000
CHFJPY,20160919,1500,103.872,103.982,103.844,103.903,14338640000
CHFJPY,20160919,1600,103.903,103.918,103.768,103.808,10036000000
CHFJPY,20160919,1700,103.807,103.845,103.726,103.804,7873460000
CHFJPY,20160919,1800,103.805,103.920,103.777,103.912,8272600000
CHFJPY,20160919,1900,103.912,103.941,103.876,103.908,6476850000
CHFJPY,20160919,2000,103.911,103.991,103.860,103.977,3368090000
CHFJPY,20160919,2100,103.995,104.010,103.842,103.900,7971980000
CHFJPY,20160919,2200,103.895,103.967,103.881,103.906,5274640000
CHFJPY,20160919,2300,103.907,103.966,103.863,103.955,2817370000
CHFJPY,20160920,0000,103.960,103.990,103.833,103.884,9444180000
CHFJPY,20160920,0100,103.884,104.056,103.878,103.984,6804430000
CHFJPY,20160920,0200,103.983,104.064,103.872,103.951,6692000000
CHFJPY,20160920,0300,103.959,103.963,103.872,103.938,4621930000
CHFJPY,20160920,0400,103.938,103.953,103.796,103.823,5948820000
CHFJPY,20160920,0500,103.823,103.913,103.814,103.888,9735650000
CHFJPY,20160920,0600,103.890,103.892,103.728,103.771,13419890000
CHFJPY,20160920,0700,103.774,104.172,103.774,104.107,19335400000
CHFJPY,20160920,0800,104.103,104.161,104.044,104.123,15490770000
CHFJPY,20160920,0900,104.121,104.146,104.013,104.113,11624160000
CHFJPY,20160920,1000,104.113,104.246,104.096,104.177,11864120000
CHFJPY,20160920,1100,104.176,104.192,104.100,104.161,12422510000
CHFJPY,20160920,1200,104.160,104.161,103.968,104.020,17079300000
CHFJPY,20160920,1300,104.020,104.057,103.817,103.898,20078820000
CHFJPY,20160920,1400,103.900,104.017,103.764,103.851,23218160000
CHFJPY,20160920,1500,103.851,103.970,103.851,103.924,20158770000
CHFJPY,20160920,1600,103.923,104.019,103.854,103.854,14548560000
CHFJPY,20160920,1700,103.857,103.967,103.851,103.942,7384240000
CHFJPY,20160920,1800,103.942,104.058,103.917,104.017,6752100000
CHFJPY,20160920,1900,104.017,104.020,103.928,103.928,5873270000
CHFJPY,20160920,2000,103.928,103.936,103.862,103.869,4785790000
CHFJPY,20160920,2100,103.869,103.941,103.817,103.870,8050020000
CHFJPY,20160920,2200,103.882,103.915,103.848,103.887,3809880000
CHFJPY,20160920,2300,103.891,103.897,103.671,103.782,7180800000
CHFJPY,20160921,0000,103.787,103.998,103.763,103.930,12982720000
CHFJPY,20160921,0100,103.931,103.952,103.809,103.885,9377450000
CHFJPY,20160921,0200,103.883,103.896,103.441,103.765,12700330000
CHFJPY,20160921,0300,103.765,104.189,103.644,104.111,17265820000
CHFJPY,20160921,0400,104.111,104.719,103.072,104.619,19116700000
CHFJPY,20160921,0500,104.619,104.760,104.493,104.572,23453440000
CHFJPY,20160921,0600,104.572,104.630,104.250,104.342,23507010000
CHFJPY,20160921,0700,104.342,104.497,104.007,104.159,32047450000
CHFJPY,20160921,0800,104.159,104.272,104.126,104.239,20391900000
CHFJPY,20160921,0900,104.237,104.247,103.856,103.936,20100310000
CHFJPY,20160921,1000,103.935,103.961,103.752,103.857,23921220000
CHFJPY,20160921,1100,103.857,103.870,103.452,103.457,24405980000
CHFJPY,20160921,1200,103.457,103.457,103.084,103.162,30380950000
CHFJPY,20160921,1300,103.167,103.271,103.046,103.182,24283900000
CHFJPY,20160921,1400,103.182,103.256,103.036,103.049,24124340000
CHFJPY,20160921,1500,103.048,103.169,102.965,103.138,26641930000
CHFJPY,20160921,1600,103.138,103.169,103.058,103.145,15767880000
CHFJPY,20160921,1700,103.145,103.278,103.004,103.010,22229410000
CHFJPY,20160921,1800,103.047,103.447,102.881,103.075,60320510000
CHFJPY,20160921,1900,103.074,103.226,103.066,103.149,32006030000
CHFJPY,20160921,2000,103.149,103.231,102.966,102.986,7922790000
CHFJPY,20160921,2100,102.988,103.153,102.949,103.095,6423650000
CHFJPY,20160921,2200,103.095,103.149,103.006,103.057,4836980000
CHFJPY,20160921,2300,103.058,103.164,102.992,103.096,7215310000
CHFJPY,20160922,0000,103.101,103.133,102.895,102.931,13936580000
CHFJPY,20160922,0100,102.930,103.081,102.897,103.081,9164110000
CHFJPY,20160922,0200,103.080,103.154,103.034,103.085,6744160000
CHFJPY,20160922,0300,103.081,103.136,103.072,103.113,3850420000
CHFJPY,20160922,0400,103.113,103.122,103.019,103.033,5271530000
CHFJPY,20160922,0500,103.033,103.163,102.979,103.140,6305380000
CHFJPY,20160922,0600,103.140,103.445,103.080,103.424,19188350000
CHFJPY,20160922,0700,103.425,103.682,103.425,103.673,25169870000
CHFJPY,20160922,0800,103.674,104.045,103.667,103.947,18890680000
CHFJPY,20160922,0900,103.948,103.965,103.754,103.854,15947470000
CHFJPY,20160922,1000,103.854,104.297,103.813,104.076,14366890000
CHFJPY,20160922,1100,104.076,104.181,104.013,104.144,12128980000
CHFJPY,20160922,1200,104.144,104.276,103.917,103.986,20885040000
CHFJPY,20160922,1300,103.986,104.350,103.872,104.319,26658750000
CHFJPY,20160922,1400,104.319,104.329,104.145,104.216,22095940000
CHFJPY,20160922,1500,104.216,104.317,104.121,104.149,19346260000
CHFJPY,20160922,1600,104.149,104.176,104.063,104.175,9511420000
CHFJPY,20160922,1700,104.176,104.184,104.009,104.031,9822030000
CHFJPY,20160922,1800,104.029,104.116,104.021,104.029,11064920000
CHFJPY,20160922,1900,104.029,104.051,103.914,103.936,5736740000
CHFJPY,20160922,2000,103.936,104.012,103.915,103.991,2973280000
CHFJPY,20160922,2100,103.990,104.067,103.965,104.048,4549660000
CHFJPY,20160922,2200,104.024,104.098,103.977,104.053,4440020000
CHFJPY,20160922,2300,104.051,104.069,103.979,104.032,6537860000
CHFJPY,20160923,0000,104.032,104.345,103.913,104.193,16961100000
CHFJPY,20160923,0100,104.195,104.402,104.150,104.341,13664280000
CHFJPY,20160923,0200,104.340,104.358,104.174,104.214,8208060000
CHFJPY,20160923,0300,104.214,104.330,104.195,104.264,7064530000
CHFJPY,20160923,0400,104.264,104.277,104.154,104.185,6923550000
CHFJPY,20160923,0500,104.183,104.194,103.989,104.076,10185150000
CHFJPY,20160923,0600,104.078,104.079,103.932,103.994,17019250000
CHFJPY,20160923,0700,103.994,104.178,103.943,103.966,23302540000
CHFJPY,20160923,0800,103.967,104.056,103.875,104.035,19242560000
CHFJPY,20160923,0900,104.036,104.047,103.906,104.017,14336010000
CHFJPY,20160923,1000,104.017,104.023,103.779,103.817,20136280000
CHFJPY,20160923,1100,103.817,103.894,103.764,103.876,15563300000
CHFJPY,20160923,1200,103.876,103.884,103.737,103.786,17993280000
CHFJPY,20160923,1300,103.790,103.910,103.741,103.893,26489740000
CHFJPY,20160923,1400,103.894,104.019,103.842,103.972,29731730000
CHFJPY,20160923,1500,103.968,104.158,103.958,104.122,24284370000
CHFJPY,20160923,1600,104.122,104.171,104.085,104.104,16485680000
CHFJPY,20160923,1700,104.104,104.239,104.103,104.202,13849690000
CHFJPY,20160923,1800,104.202,104.259,104.152,104.237,12253520000
CHFJPY,20160923,1900,104.237,104.303,104.173,104.185,15321950000
CHFJPY,20160923,2000,104.182,104.232,104.036,104.072,5386730000
CHFJPY,20160925,2100,104.086,104.253,103.999,104.065,2922520000
CHFJPY,20160925,2200,104.071,104.225,104.071,104.145,3149170000
CHFJPY,20160925,2300,104.145,104.188,104.038,104.101,3995650000
CHFJPY,20160926,0000,104.100,104.105,103.904,103.941,7629850000
CHFJPY,20160926,0100,103.941,104.005,103.905,103.976,6607250000
CHFJPY,20160926,0200,103.975,104.114,103.917,104.056,6759250000
CHFJPY,20160926,0300,104.056,104.125,103.991,104.008,4795100000
CHFJPY,20160926,0400,104.008,104.170,103.988,104.163,6498590000
CHFJPY,20160926,0500,104.163,104.186,103.930,103.954,8160260000
CHFJPY,20160926,0600,103.959,104.024,103.875,103.880,12738770000
CHFJPY,20160926,0700,103.884,103.968,103.657,103.772,23230540000
CHFJPY,20160926,0800,103.767,104.003,103.754,103.926,19168620000
CHFJPY,20160926,0900,103.924,103.927,103.702,103.719,16898660000
CHFJPY,20160926,1000,103.721,103.796,103.661,103.750,17374830000
CHFJPY,20160926,1100,103.750,103.764,103.658,103.717,15786280000
CHFJPY,20160926,1200,103.719,103.820,103.684,103.812,17260430000
CHFJPY,20160926,1300,103.812,103.817,103.581,103.644,20129410000
CHFJPY,20160926,1400,103.644,103.841,103.626,103.804,21138750000
CHFJPY,20160926,1500,103.805,103.856,103.726,103.776,18640700000
CHFJPY,20160926,1600,103.776,103.776,103.555,103.559,14165660000
CHFJPY,20160926,1700,103.557,103.560,103.475,103.525,8918000000
CHFJPY,20160926,1800,103.526,103.666,103.511,103.594,8549070000
CHFJPY,20160926,1900,103.594,103.602,103.464,103.481,6496230000
CHFJPY,20160926,2000,103.481,103.522,103.456,103.500,3705260000
CHFJPY,20160926,2100,103.500,103.534,103.457,103.484,3295660000
CHFJPY,20160926,2200,103.484,103.566,103.468,103.516,3894070000
CHFJPY,20160926,2300,103.514,103.586,103.498,103.564,4432970000
CHFJPY,20160927,0000,103.566,103.580,103.191,103.441,14907880000
CHFJPY,20160927,0100,103.440,104.034,103.361,103.865,17027620000
CHFJPY,20160927,0200,103.865,104.011,103.771,103.784,12951980000
CHFJPY,20160927,0300,103.783,104.033,103.783,103.915,9468630000
CHFJPY,20160927,0400,103.916,103.977,103.843,103.878,7373150000
CHFJPY,20160927,0500,103.878,103.976,103.814,103.968,7861240000
CHFJPY,20160927,0600,103.967,104.139,103.857,103.892,15220460000
CHFJPY,20160927,0700,103.895,104.147,103.811,103.905,23412430000
CHFJPY,20160927,0800,103.905,103.934,103.632,103.672,23741540000
CHFJPY,20160927,0900,103.672,103.714,103.542,103.688,21479820000
CHFJPY,20160927,1000,103.688,103.754,103.577,103.706,16109550000
CHFJPY,20160927,1100,103.706,103.725,103.435,103.453,15765790000
CHFJPY,20160927,1200,103.453,103.529,103.318,103.336,24098650000
CHFJPY,20160927,1300,103.336,103.535,103.168,103.503,29941710000
CHFJPY,20160927,1400,103.516,103.555,103.167,103.211,25302700000
CHFJPY,20160927,1500,103.211,103.353,103.173,103.241,20504610000
CHFJPY,20160927,1600,103.241,103.411,103.241,103.371,11433090000
CHFJPY,20160927,1700,103.371,103.434,103.305,103.309,10579370000
CHFJPY,20160927,1800,103.309,103.348,103.274,103.327,8272860000
CHFJPY,20160927,1900,103.327,103.413,103.305,103.403,4085120000
CHFJPY,20160927,2000,103.403,103.430,103.377,103.418,3719950000
CHFJPY,20160927,2100,103.413,103.547,103.386,103.406,8789500000
CHFJPY,20160927,2200,103.405,103.441,103.386,103.387,3310840000
CHFJPY,20160927,2300,103.386,103.536,103.285,103.527,6183020000
CHFJPY,20160928,0000,103.527,103.628,103.437,103.554,11407320000
CHFJPY,20160928,0100,103.554,103.611,103.485,103.596,9356350000
CHFJPY,20160928,0200,103.596,103.596,103.409,103.462,5712440000
CHFJPY,20160928,0300,103.461,103.610,103.436,103.538,5901260000
CHFJPY,20160928,0400,103.536,103.641,103.525,103.610,4704940000
CHFJPY,20160928,0500,103.611,103.623,103.506,103.546,6967690000
CHFJPY,20160928,0600,103.561,103.583,103.367,103.411,12774870000
CHFJPY,20160928,0700,103.406,103.614,103.361,103.589,20210300000
CHFJPY,20160928,0800,103.589,103.795,103.586,103.732,18885100000
CHFJPY,20160928,0900,103.733,103.776,103.599,103.642,12193010000
CHFJPY,20160928,1000,103.642,103.732,103.614,103.689,11712870000
CHFJPY,20160928,1100,103.687,103.711,103.527,103.590,11840250000
CHFJPY,20160928,1200,103.589,103.785,103.555,103.698,18853080000
CHFJPY,20160928,1300,103.698,103.777,103.503,103.573,21176660000
CHFJPY,20160928,1400,103.575,103.620,103.454,103.471,30489880000
CHFJPY,20160928,1500,103.466,103.509,103.331,103.409,20799250000
CHFJPY,20160928,1600,103.408,103.512,103.375,103.503,10767970000
CHFJPY,20160928,1700,103.502,103.592,103.467,103.570,7839330000
CHFJPY,20160928,1800,103.570,103.795,103.568,103.749,15487530000
CHFJPY,20160928,1900,103.750,103.766,103.565,103.625,8055480000
CHFJPY,20160928,2000,103.622,103.714,103.622,103.662,4241250000
CHFJPY,20160928,2100,103.653,103.715,103.617,103.678,4442870000
CHFJPY,20160928,2200,103.685,103.801,103.661,103.793,4974090000
CHFJPY,20160928,2300,103.793,104.079,103.756,103.995,7664450000
CHFJPY,20160929,0000,103.998,104.260,103.957,104.213,10452110000
CHFJPY,20160929,0100,104.213,104.470,104.138,104.422,12451620000
CHFJPY,20160929,0200,104.427,104.432,104.338,104.407,6335870000
CHFJPY,20160929,0300,104.408,104.485,104.355,104.467,6389620000
CHFJPY,20160929,0400,104.468,104.569,104.412,104.477,8041990000
CHFJPY,20160929,0500,104.477,104.657,104.458,104.614,10060850000
CHFJPY,20160929,0600,104.616,104.684,104.426,104.505,18386700000
CHFJPY,20160929,0700,104.507,104.613,104.477,104.542,16882650000
CHFJPY,20160929,0800,104.543,104.586,104.429,104.433,16664740000
CHFJPY,20160929,0900,104.433,104.577,104.396,104.417,14881510000
CHFJPY,20160929,1000,104.415,104.576,104.414,104.535,14280250000
CHFJPY,20160929,1100,104.537,104.671,104.527,104.655,11997670000
CHFJPY,20160929,1200,104.655,104.850,104.622,104.782,23080660000
CHFJPY,20160929,1300,104.782,104.885,104.659,104.735,24205870000
CHFJPY,20160929,1400,104.735,105.067,104.714,105.036,29995190000
CHFJPY,20160929,1500,105.036,105.212,104.996,105.097,23128980000
CHFJPY,20160929,1600,105.097,105.240,104.627,104.676,22223030000
CHFJPY,20160929,1700,104.676,104.677,104.242,104.366,25848910000
CHFJPY,20160929,1800,104.367,104.692,104.348,104.597,15538150000
CHFJPY,20160929,1900,104.594,104.631,104.500,104.587,12222690000
CHFJPY,20160929,2000,104.587,104.650,104.533,104.533,3838210000
CHFJPY,20160929,2100,104.531,104.671,104.516,104.613,3308660000
CHFJPY,20160929,2200,104.618,104.774,104.618,104.771,4148220000
CHFJPY,20160929,2300,104.772,104.819,104.686,104.732,4972060000
CHFJPY,20160930,0000,104.736,104.770,104.514,104.552,11009670000
CHFJPY,20160930,0100,104.554,104.688,104.511,104.646,10644130000
CHFJPY,20160930,0200,104.643,104.707,104.476,104.684,11327650000
CHFJPY,20160930,0300,104.684,105.282,104.672,104.933,13031600000
CHFJPY,20160930,0400,104.933,105.011,104.721,104.749,8323210000
CHFJPY,20160930,0500,104.749,104.821,104.632,104.632,9670640000
CHFJPY,20160930,0600,104.635,104.678,104.391,104.421,26908470000
CHFJPY,20160930,0700,104.424,104.425,103.996,104.252,29285280000
CHFJPY,20160930,0800,104.252,104.414,104.178,104.275,18768140000
CHFJPY,20160930,0900,104.272,104.355,103.671,103.980,18312580000
CHFJPY,20160930,1000,103.983,104.032,103.746,103.787,13553310000
CHFJPY,20160930,1100,103.786,104.007,103.786,103.919,15057210000
CHFJPY,20160930,1200,103.908,104.024,103.886,104.012,20822140000
CHFJPY,20160930,1300,104.011,104.387,103.959,104.243,25191150000
CHFJPY,20160930,1400,104.243,104.533,104.104,104.506,30640360000
CHFJPY,20160930,1500,104.504,104.550,104.309,104.410,28618880001
CHFJPY,20160930,1600,104.413,104.453,104.267,104.345,13381600000
CHFJPY,20160930,1700,104.343,104.492,104.322,104.489,7704850000
CHFJPY,20160930,1800,104.489,104.521,104.357,104.467,10260250000
CHFJPY,20160930,1900,104.467,104.472,104.320,104.383,7986730000
CHFJPY,20160930,2000,104.382,104.454,104.266,104.274,9442270000
CHFJPY,20161002,2100,104.141,104.438,104.095,104.325,3825600000
CHFJPY,20161002,2200,104.363,104.425,104.259,104.384,4859010000
CHFJPY,20161002,2300,104.393,104.506,104.290,104.447,4909340000
CHFJPY,20161003,0000,104.452,104.498,104.202,104.212,9993360000
CHFJPY,20161003,0100,104.212,104.521,104.088,104.337,10701820000
CHFJPY,20161003,0200,104.337,104.422,104.263,104.273,7643860000
CHFJPY,20161003,0300,104.273,104.369,104.269,104.340,4517480000
CHFJPY,20161003,0400,104.340,104.342,104.238,104.238,3423470000
CHFJPY,20161003,0500,104.238,104.383,104.226,104.350,6773530000
CHFJPY,20161003,0600,104.350,104.368,104.171,104.216,13831180000
CHFJPY,20161003,0700,104.223,104.282,104.116,104.234,16374430000
CHFJPY,20161003,0800,104.234,104.430,104.203,104.342,17429620000
CHFJPY,20161003,0900,104.340,104.431,104.292,104.391,13214430000
CHFJPY,20161003,1000,104.390,104.426,104.306,104.409,11796760000
CHFJPY,20161003,1100,104.409,104.431,104.239,104.330,12816080000
CHFJPY,20161003,1200,104.330,104.339,104.206,104.245,13920530000
CHFJPY,20161003,1300,104.249,104.281,104.141,104.217,17254560000
CHFJPY,20161003,1400,104.232,104.522,104.144,104.519,28467690000
CHFJPY,20161003,1500,104.519,104.537,104.243,104.259,17633200000
CHFJPY,20161003,1600,104.259,104.301,104.196,104.284,13855200000
CHFJPY,20161003,1700,104.283,104.374,104.276,104.374,7268740000
CHFJPY,20161003,1800,104.372,104.415,104.328,104.414,6748880000
CHFJPY,20161003,1900,104.414,104.414,104.323,104.358,7359890000
CHFJPY,20161003,2000,104.359,104.406,104.355,104.397,3359550000
CHFJPY,20161003,2100,104.404,104.410,104.308,104.364,3017910000
CHFJPY,20161003,2200,104.366,104.439,104.352,104.426,4212340000
CHFJPY,20161003,2300,104.427,104.632,104.412,104.561,5480320000
CHFJPY,20161004,0000,104.561,104.767,104.544,104.705,10584680000
CHFJPY,20161004,0100,104.709,104.890,104.636,104.833,9287080000
CHFJPY,20161004,0200,104.833,105.079,104.822,104.912,9326890000
CHFJPY,20161004,0300,104.912,104.927,104.732,104.743,7049890000
CHFJPY,20161004,0400,104.743,104.892,104.734,104.858,7668010000
CHFJPY,20161004,0500,104.859,104.880,104.667,104.815,8452230000
CHFJPY,20161004,0600,104.816,104.867,104.644,104.666,15701790000
CHFJPY,20161004,0700,104.667,104.778,104.614,104.680,22696730000
CHFJPY,20161004,0800,104.680,104.752,104.510,104.540,14894620000
CHFJPY,20161004,0900,104.540,104.596,104.334,104.485,19029430000
CHFJPY,20161004,1000,104.485,104.583,104.430,104.563,12889860000
CHFJPY,20161004,1100,104.563,104.576,104.478,104.546,11721810000
CHFJPY,20161004,1200,104.545,104.625,104.509,104.515,20520810000
CHFJPY,20161004,1300,104.513,104.601,104.455,104.597,23062700000
CHFJPY,20161004,1400,104.597,104.862,104.463,104.856,31338500000
CHFJPY,20161004,1500,104.857,105.346,104.798,104.953,37980630000
CHFJPY,20161004,1600,104.953,105.158,104.859,105.055,25106060000
CHFJPY,20161004,1700,105.057,105.062,104.838,104.862,16489280000
CHFJPY,20161004,1800,104.864,104.969,104.855,104.902,9651350000
CHFJPY,20161004,1900,104.903,105.056,104.866,105.019,10228980000
CHFJPY,20161004,2000,105.018,105.134,105.001,105.082,5099880000
CHFJPY,20161004,2100,105.065,105.106,105.016,105.081,2218630000
CHFJPY,20161004,2200,105.082,105.116,105.005,105.061,7070490000
CHFJPY,20161004,2300,105.061,105.175,105.018,105.127,5653190000
CHFJPY,20161005,0000,105.124,105.124,104.957,105.024,9405990000
CHFJPY,20161005,0100,105.024,105.190,104.939,105.180,7833590000
CHFJPY,20161005,0200,105.177,105.267,105.148,105.206,7449510000
CHFJPY,20161005,0300,105.206,105.230,105.083,105.135,4547610000
CHFJPY,20161005,0400,105.133,105.210,105.119,105.156,5008590000
CHFJPY,20161005,0500,105.156,105.176,105.101,105.167,6775910000
CHFJPY,20161005,0600,105.167,105.322,105.100,105.311,17750190000
CHFJPY,20161005,0700,105.313,105.322,105.083,105.173,22452400000
CHFJPY,20161005,0800,105.173,105.292,105.168,105.282,12105200000
CHFJPY,20161005,0900,105.283,105.627,105.282,105.476,17435430000
CHFJPY,20161005,1000,105.476,105.575,105.405,105.538,11129310000
CHFJPY,20161005,1100,105.538,105.594,105.455,105.488,12989160000
CHFJPY,20161005,1200,105.486,105.577,105.331,105.491,19637170000
CHFJPY,20161005,1300,105.491,105.608,105.461,105.576,18451190000
CHFJPY,20161005,1400,105.581,105.980,105.536,105.974,31736310000
CHFJPY,20161005,1500,105.976,106.041,105.923,105.960,20588370000
CHFJPY,20161005,1600,105.957,106.138,105.956,106.120,10009750000
CHFJPY,20161005,1700,106.119,106.317,106.119,106.286,11463540000
CHFJPY,20161005,1800,106.284,106.391,106.275,106.385,9117900000
CHFJPY,20161005,1900,106.385,106.447,106.289,106.305,9493980000
CHFJPY,20161005,2000,106.305,106.308,106.208,106.208,2318810000
CHFJPY,20161005,2100,106.208,106.277,106.126,106.203,4182560000
CHFJPY,20161005,2200,106.212,106.287,106.203,106.234,4320250000
CHFJPY,20161005,2300,106.234,106.277,106.147,106.189,3019870000
CHFJPY,20161006,0000,106.189,106.354,106.151,106.163,7962870000
CHFJPY,20161006,0100,106.162,106.189,106.016,106.037,6441580000
CHFJPY,20161006,0200,106.037,106.122,105.999,106.122,5348480000
CHFJPY,20161006,0300,106.122,106.128,106.058,106.081,4212880000
CHFJPY,20161006,0400,106.078,106.123,106.001,106.109,4991330000
CHFJPY,20161006,0500,106.111,106.169,106.037,106.090,7291560000
CHFJPY,20161006,0600,106.090,106.171,106.067,106.165,16029340000
CHFJPY,20161006,0700,106.165,106.215,105.989,106.197,19831260000
CHFJPY,20161006,0800,106.197,106.279,106.111,106.144,14466210000
CHFJPY,20161006,0900,106.143,106.143,105.885,105.885,15701650000
CHFJPY,20161006,1000,105.885,105.935,105.759,105.916,15999320000
CHFJPY,20161006,1100,105.916,106.087,105.897,105.926,17600040000
CHFJPY,20161006,1200,105.926,106.248,105.924,106.246,21303280000
CHFJPY,20161006,1300,106.246,106.319,106.153,106.190,21367840000
CHFJPY,20161006,1400,106.192,106.201,106.027,106.045,25137080000
CHFJPY,20161006,1500,106.047,106.220,106.023,106.155,24722300000
CHFJPY,20161006,1600,106.155,106.168,106.019,106.105,14162600000
CHFJPY,20161006,1700,106.105,106.179,106.068,106.110,6409520000
CHFJPY,20161006,1800,106.111,106.143,106.053,106.054,6869090000
CHFJPY,20161006,1900,106.059,106.119,106.046,106.095,6812160000
CHFJPY,20161006,2000,106.100,106.116,105.944,105.950,4025500000
CHFJPY,20161006,2100,105.950,106.042,105.932,106.002,3498210000
CHFJPY,20161006,2200,106.002,106.016,105.901,105.963,3916630000
CHFJPY,20161006,2300,105.961,106.038,105.787,105.811,15187820000
CHFJPY,20161007,0000,105.815,105.885,105.638,105.672,12829160000
CHFJPY,20161007,0100,105.675,105.749,105.477,105.515,14699900000
CHFJPY,20161007,0200,105.516,105.696,105.501,105.658,10741990000
CHFJPY,20161007,0300,105.659,105.743,105.581,105.657,8338880000
CHFJPY,20161007,0400,105.657,105.714,105.615,105.664,5384580000
CHFJPY,20161007,0500,105.664,105.860,105.664,105.838,5366330000
CHFJPY,20161007,0600,105.837,105.882,105.746,105.813,15180390000
CHFJPY,20161007,0700,105.810,105.810,105.612,105.699,18783880000
CHFJPY,20161007,0800,105.698,105.882,105.687,105.765,15429780000
CHFJPY,20161007,0900,105.765,105.779,105.683,105.751,16071710000
CHFJPY,20161007,1000,105.751,105.793,105.611,105.638,20224510000
CHFJPY,20161007,1100,105.638,105.642,105.426,105.485,15051850000
CHFJPY,20161007,1200,105.486,105.660,105.303,105.487,34855900000
CHFJPY,20161007,1300,105.491,105.492,105.140,105.252,37077210000
CHFJPY,20161007,1400,105.253,105.487,105.228,105.253,31559020000
CHFJPY,20161007,1500,105.256,105.493,105.227,105.457,27364480000
CHFJPY,20161007,1600,105.457,105.523,105.163,105.197,16296080000
CHFJPY,20161007,1700,105.195,105.413,105.193,105.390,9479870000
CHFJPY,20161007,1800,105.390,105.419,105.262,105.289,4983390000
CHFJPY,20161007,1900,105.290,105.358,105.268,105.327,6311660000
CHFJPY,20161007,2000,105.325,105.325,105.186,105.224,8983670000
CHFJPY,20161009,2100,105.264,105.593,105.224,105.414,3820240000
CHFJPY,20161009,2200,105.399,105.521,105.382,105.414,4430880000
CHFJPY,20161009,2300,105.414,105.434,105.321,105.380,4352300000
CHFJPY,20161010,0000,105.385,105.462,105.336,105.340,5131860000
CHFJPY,20161010,0100,105.340,105.407,105.214,105.306,5783430000
CHFJPY,20161010,0200,105.306,105.310,105.222,105.232,5672970000
CHFJPY,20161010,0300,105.234,105.265,105.123,105.180,4559600000
CHFJPY,20161010,0400,105.180,105.226,105.167,105.189,2230620000
CHFJPY,20161010,0500,105.188,105.240,105.134,105.200,3234870000
CHFJPY,20161010,0600,105.200,105.411,105.175,105.395,8830070000
CHFJPY,20161010,0700,105.397,105.499,105.358,105.366,11853560000
CHFJPY,20161010,0800,105.366,105.454,105.311,105.317,8516880000
CHFJPY,20161010,0900,105.318,105.384,105.250,105.295,9652740000
CHFJPY,20161010,1000,105.295,105.427,105.286,105.425,9766330000
CHFJPY,20161010,1100,105.425,105.467,105.292,105.294,9870180000
CHFJPY,20161010,1200,105.294,105.298,105.132,105.189,10999580000
CHFJPY,20161010,1300,105.192,105.363,105.182,105.333,14396170000
CHFJPY,20161010,1400,105.333,105.415,105.316,105.321,13018460000
CHFJPY,20161010,1500,105.321,105.661,105.280,105.569,15085880000
CHFJPY,20161010,1600,105.569,105.595,105.427,105.502,7265080000
CHFJPY,20161010,1700,105.502,105.584,105.469,105.561,4753010000
CHFJPY,20161010,1800,105.561,105.567,105.470,105.477,4909490000
CHFJPY,20161010,1900,105.480,105.502,105.437,105.481,3149490000
CHFJPY,20161010,2000,105.480,105.489,105.393,105.427,2507550000
CHFJPY,20161010,2100,105.416,105.477,105.342,105.429,4023260000
CHFJPY,20161010,2200,105.438,105.576,105.438,105.535,4806720000
CHFJPY,20161010,2300,105.535,105.595,105.466,105.577,3615480000
CHFJPY,20161011,0000,105.577,105.755,105.569,105.719,8785150000
CHFJPY,20161011,0100,105.720,105.736,105.613,105.641,8522110000
CHFJPY,20161011,0200,105.641,105.741,105.602,105.626,7239700000
CHFJPY,20161011,0300,105.626,105.709,105.587,105.613,6401590000
CHFJPY,20161011,0400,105.623,105.715,105.592,105.703,5588220000
CHFJPY,20161011,0500,105.702,105.765,105.648,105.681,8548490000
CHFJPY,20161011,0600,105.681,105.747,105.536,105.561,13542970000
CHFJPY,20161011,0700,105.564,105.580,105.336,105.486,20512230000
CHFJPY,20161011,0800,105.486,105.543,105.322,105.344,14749260000
CHFJPY,20161011,0900,105.344,105.455,105.316,105.359,12645970000
CHFJPY,20161011,1000,105.359,105.361,105.021,105.023,18671230000
CHFJPY,20161011,1100,105.023,105.194,105.021,105.128,14744420000
CHFJPY,20161011,1200,105.128,105.222,105.017,105.192,18153720000
CHFJPY,20161011,1300,105.191,105.198,105.043,105.172,19982710000
CHFJPY,20161011,1400,105.163,105.212,104.782,104.852,25220630000
CHFJPY,20161011,1500,104.852,104.909,104.600,104.635,21786170000
CHFJPY,20161011,1600,104.637,104.771,104.516,104.666,14435820000
CHFJPY,20161011,1700,104.666,104.678,104.313,104.377,14490840000
CHFJPY,20161011,1800,104.377,104.649,104.376,104.584,9023820000
CHFJPY,20161011,1900,104.584,104.684,104.545,104.654,7676990000
CHFJPY,20161011,2000,104.654,104.711,104.597,104.640,4855730000
CHFJPY,20161011,2100,104.636,104.759,104.611,104.738,1775940000
CHFJPY,20161011,2200,104.738,104.782,104.673,104.704,4385350000
CHFJPY,20161011,2300,104.704,104.705,104.564,104.591,7349170000
CHFJPY,20161012,0000,104.591,104.792,104.523,104.738,12222400000
CHFJPY,20161012,0100,104.737,104.786,104.649,104.764,9227030000
CHFJPY,20161012,0200,104.762,104.764,104.611,104.673,7898910000
CHFJPY,20161012,0300,104.675,104.755,104.647,104.672,4457530000
CHFJPY,20161012,0400,104.672,104.767,104.672,104.762,4812120000
CHFJPY,20161012,0500,104.762,104.798,104.663,104.678,6919520000
CHFJPY,20161012,0600,104.679,104.885,104.669,104.787,9797730000
CHFJPY,20161012,0700,104.785,104.820,104.622,104.754,20321290000
CHFJPY,20161012,0800,104.754,104.767,104.518,104.635,19382780000
CHFJPY,20161012,0900,104.639,104.714,104.564,104.684,14394760000
CHFJPY,20161012,1000,104.684,104.780,104.591,104.724,12841470000
CHFJPY,20161012,1100,104.724,104.908,104.716,104.903,11717670000
CHFJPY,20161012,1200,104.903,105.056,104.865,104.994,18181890000
CHFJPY,20161012,1300,104.993,105.033,104.878,104.978,21705340000
CHFJPY,20161012,1400,104.978,105.135,104.971,105.064,24082970000
CHFJPY,20161012,1500,105.064,105.547,105.031,105.489,21527910000
CHFJPY,20161012,1600,105.489,105.625,105.489,105.542,12742650000
CHFJPY,20161012,1700,105.541,105.543,105.391,105.395,7518370000
CHFJPY,20161012,1800,105.380,105.455,105.253,105.260,16775810000
CHFJPY,20161012,1900,105.260,105.343,105.200,105.283,8039230000
CHFJPY,20161012,2000,105.285,105.289,105.137,105.168,4095150000
CHFJPY,20161012,2100,105.150,105.283,105.140,105.210,3026550000
CHFJPY,20161012,2200,105.211,105.319,105.195,105.287,3831630000
CHFJPY,20161012,2300,105.287,105.394,105.255,105.323,3175770000
CHFJPY,20161013,0000,105.323,105.601,105.314,105.528,9107180000
CHFJPY,20161013,0100,105.528,105.540,105.160,105.251,10208600000
CHFJPY,20161013,0200,105.251,105.253,104.787,104.938,18261940000
CHFJPY,20161013,0300,104.934,105.026,104.825,104.974,9469080000
CHFJPY,20161013,0400,104.974,104.986,104.844,104.931,6153070000
CHFJPY,20161013,0500,104.936,104.993,104.816,104.919,8404460000
CHFJPY,20161013,0600,104.929,105.065,104.882,105.016,14999670000
CHFJPY,20161013,0700,105.016,105.148,104.864,105.077,26669550000
CHFJPY,20161013,0800,105.077,105.190,104.883,105.179,17470040000
CHFJPY,20161013,0900,105.177,105.192,105.041,105.091,12799470000
CHFJPY,20161013,1000,105.091,105.160,104.895,104.975,11969229999
CHFJPY,20161013,1100,104.976,105.085,104.911,105.071,15592420000
CHFJPY,20161013,1200,105.068,105.074,104.860,104.949,19371930000
CHFJPY,20161013,1300,104.949,104.952,104.639,104.773,23874780000
CHFJPY,20161013,1400,104.772,104.856,104.560,104.679,28077530000
CHFJPY,20161013,1500,104.678,105.077,104.598,104.981,21660620000
CHFJPY,20161013,1600,104.980,105.077,104.898,104.947,12522040000
CHFJPY,20161013,1700,104.945,105.027,104.850,105.013,9982550000
CHFJPY,20161013,1800,105.016,105.082,104.938,105.059,8770370000
CHFJPY,20161013,1900,105.056,105.066,104.949,105.000,6333800000
CHFJPY,20161013,2000,105.000,105.160,104.987,105.122,3255760000
CHFJPY,20161013,2100,105.118,105.157,105.065,105.084,1772510000
CHFJPY,20161013,2200,105.084,105.115,105.034,105.081,3732190000
CHFJPY,20161013,2300,105.081,105.152,105.041,105.122,3559240000
CHFJPY,20161014,0000,105.122,105.282,105.121,105.227,9674970000
CHFJPY,20161014,0100,105.227,105.419,105.111,105.309,10126660000
CHFJPY,20161014,0200,105.309,105.313,105.189,105.285,6645940000
CHFJPY,20161014,0300,105.285,105.381,105.260,105.342,6380340000
CHFJPY,20161014,0400,105.342,105.457,105.333,105.380,7139090000
CHFJPY,20161014,0500,105.380,105.429,105.217,105.311,7842030000
CHFJPY,20161014,0600,105.313,105.396,105.235,105.240,11462100000
CHFJPY,20161014,0700,105.240,105.494,105.232,105.370,19402410000
CHFJPY,20161014,0800,105.370,105.534,105.370,105.485,12857660000
CHFJPY,20161014,0900,105.486,105.562,105.384,105.492,15259140000
CHFJPY,20161014,1000,105.491,105.585,105.440,105.440,10667420000
CHFJPY,20161014,1100,105.443,105.471,105.294,105.373,9481080000
CHFJPY,20161014,1200,105.373,105.542,105.326,105.477,23324540000
CHFJPY,20161014,1300,105.477,105.603,105.365,105.560,21608300000
CHFJPY,20161014,1400,105.558,105.665,105.473,105.529,22184700000
CHFJPY,20161014,1500,105.527,105.534,105.137,105.144,21898600000
CHFJPY,20161014,1600,105.142,105.185,105.041,105.062,17025060000
CHFJPY,20161014,1700,105.062,105.225,104.994,105.155,15644750000
CHFJPY,20161014,1800,105.155,105.249,105.096,105.243,10980230000
CHFJPY,20161014,1900,105.245,105.292,105.163,105.232,7702370000
CHFJPY,20161014,2000,105.233,105.239,105.146,105.157,4228520000
CHFJPY,20161016,2100,105.326,105.352,105.253,105.326,1039630000
CHFJPY,20161016,2200,105.330,105.339,105.200,105.235,2803930000
CHFJPY,20161016,2300,105.235,105.241,105.035,105.044,3285900000
CHFJPY,20161017,0000,105.044,105.254,105.034,105.195,7733670000
CHFJPY,20161017,0100,105.195,105.236,104.968,105.110,9332800000
CHFJPY,20161017,0200,105.113,105.287,105.078,105.284,6618170000
CHFJPY,20161017,0300,105.284,105.461,105.284,105.338,6588780000
CHFJPY,20161017,0400,105.338,105.409,105.302,105.316,3749830000
CHFJPY,20161017,0500,105.316,105.344,105.213,105.329,6878640000
CHFJPY,20161017,0600,105.337,105.410,105.179,105.200,11014890000
CHFJPY,20161017,0700,105.200,105.260,105.036,105.206,18641540000
CHFJPY,20161017,0800,105.208,105.394,105.182,105.329,12039310000
CHFJPY,20161017,0900,105.329,105.396,105.269,105.282,13041360000
CHFJPY,20161017,1000,105.282,105.307,105.183,105.186,11793910000
CHFJPY,20161017,1100,105.186,105.361,105.165,105.297,11317620000
CHFJPY,20161017,1200,105.296,105.329,105.151,105.209,15697030000
CHFJPY,20161017,1300,105.209,105.253,105.107,105.145,15637940000
CHFJPY,20161017,1400,105.143,105.226,105.022,105.047,15329330000
CHFJPY,20161017,1500,105.047,105.245,105.017,105.214,14301850000
CHFJPY,20161017,1600,105.214,105.242,105.116,105.177,10049880000
CHFJPY,20161017,1700,105.177,105.187,105.039,105.052,11744340000
CHFJPY,20161017,1800,105.052,105.115,104.985,104.999,10079130000
CHFJPY,20161017,1900,104.999,105.110,104.987,105.084,6095960000
CHFJPY,20161017,2000,105.084,105.115,105.023,105.034,3233470000
CHFJPY,20161017,2100,105.035,105.088,104.959,105.036,3028460000
CHFJPY,20161017,2200,105.036,105.075,104.957,105.051,3667800000
CHFJPY,20161017,2300,105.051,105.132,105.018,105.103,3006120000
CHFJPY,20161018,0000,105.103,105.117,104.931,105.044,8654680000
CHFJPY,20161018,0100,105.045,105.213,105.044,105.160,8717910000
CHFJPY,20161018,0200,105.160,105.207,105.081,105.147,5298750000
CHFJPY,20161018,0300,105.146,105.187,105.113,105.176,4940190000
CHFJPY,20161018,0400,105.177,105.280,105.165,105.223,4995500000
CHFJPY,20161018,0500,105.222,105.255,105.036,105.247,6967400000
CHFJPY,20161018,0600,105.247,105.410,105.181,105.297,11853730000
CHFJPY,20161018,0700,105.297,105.376,105.200,105.213,13668130000
CHFJPY,20161018,0800,105.216,105.272,105.159,105.218,11509700000
CHFJPY,20161018,0900,105.217,105.327,105.185,105.211,10641880000
CHFJPY,20161018,1000,105.211,105.217,104.993,105.015,12231230000
CHFJPY,20161018,1100,105.018,105.106,105.015,105.080,9087960000
CHFJPY,20161018,1200,105.079,105.087,104.959,105.052,19016390000
CHFJPY,20161018,1300,105.052,105.186,104.989,105.057,15503520000
CHFJPY,20161018,1400,105.057,105.070,104.824,104.833,18484490000
CHFJPY,20161018,1500,104.836,105.003,104.836,104.988,14541960000
CHFJPY,20161018,1600,104.988,105.006,104.876,104.979,7547860000
CHFJPY,20161018,1700,104.979,105.039,104.925,104.936,5029220000
CHFJPY,20161018,1800,104.934,104.954,104.877,104.921,4634440000
CHFJPY,20161018,1900,104.925,104.953,104.891,104.892,5719060000
CHFJPY,20161018,2000,104.892,104.936,104.861,104.912,2259230000
CHFJPY,20161018,2100,104.899,104.938,104.861,104.904,2098190000
CHFJPY,20161018,2200,104.904,104.952,104.878,104.928,3013960000
CHFJPY,20161018,2300,104.928,104.933,104.852,104.882,3281050000
CHFJPY,20161019,0000,104.882,104.971,104.828,104.861,7289000000
CHFJPY,20161019,0100,104.863,104.968,104.792,104.944,7590000000
CHFJPY,20161019,0200,104.942,105.009,104.860,104.961,6689960000
CHFJPY,20161019,0300,104.960,104.976,104.894,104.907,5140690000
CHFJPY,20161019,0400,104.906,104.962,104.846,104.859,5608470000
CHFJPY,20161019,0500,104.860,104.892,104.819,104.835,5444010000
CHFJPY,20161019,0600,104.835,104.853,104.627,104.670,12925750000
CHFJPY,20161019,0700,104.666,104.741,104.487,104.572,14089820000
CHFJPY,20161019,0800,104.572,104.678,104.541,104.609,13455090000
CHFJPY,20161019,0900,104.612,104.692,104.461,104.589,11927640000
CHFJPY,20161019,1000,104.587,104.608,104.471,104.537,10728960000
CHFJPY,20161019,1100,104.537,104.612,104.403,104.605,11257860000
CHFJPY,20161019,1200,104.604,104.605,104.447,104.539,14364350000
CHFJPY,20161019,1300,104.538,104.563,104.316,104.377,16655010000
CHFJPY,20161019,1400,104.377,104.470,104.262,104.401,19372270000
CHFJPY,20161019,1500,104.402,104.431,104.282,104.403,17097880000
CHFJPY,20161019,1600,104.401,104.446,104.346,104.377,9032070000
CHFJPY,20161019,1700,104.378,104.483,104.370,104.407,5980020000
CHFJPY,20161019,1800,104.405,104.517,104.397,104.505,6962220000
CHFJPY,20161019,1900,104.504,104.595,104.476,104.517,5493730000
CHFJPY,20161019,2000,104.516,104.583,104.496,104.574,2713350000
CHFJPY,20161019,2100,104.574,104.620,104.436,104.527,3749860000
CHFJPY,20161019,2200,104.527,104.562,104.482,104.546,3100140000
CHFJPY,20161019,2300,104.545,104.566,104.464,104.526,2701860000
CHFJPY,20161020,0000,104.527,104.755,104.521,104.704,9274160000
CHFJPY,20161020,0100,104.704,104.768,104.656,104.744,6477780000
CHFJPY,20161020,0200,104.746,104.759,104.652,104.661,4859100000
CHFJPY,20161020,0300,104.664,104.752,104.633,104.718,4255570000
CHFJPY,20161020,0400,104.719,104.740,104.664,104.669,4217900000
CHFJPY,20161020,0500,104.669,104.770,104.644,104.729,6195160000
CHFJPY,20161020,0600,104.728,104.757,104.661,104.741,10801260000
CHFJPY,20161020,0700,104.742,104.946,104.724,104.907,10985940000
CHFJPY,20161020,0800,104.908,104.908,104.778,104.780,8672420000
CHFJPY,20161020,0900,104.780,104.921,104.733,104.895,10592110000
CHFJPY,20161020,1000,104.895,105.010,104.857,104.905,8115010000
CHFJPY,20161020,1100,104.905,104.990,104.830,104.830,10552870000
CHFJPY,20161020,1200,104.830,105.370,104.779,104.997,23825310000
CHFJPY,20161020,1300,104.997,105.037,104.577,104.791,22669140000
CHFJPY,20161020,1400,104.793,104.895,104.674,104.876,21922550000
CHFJPY,20161020,1500,104.871,104.895,104.740,104.799,17327520000
CHFJPY,20161020,1600,104.799,104.886,104.721,104.866,8824340000
CHFJPY,20161020,1700,104.865,104.865,104.684,104.696,6657960000
CHFJPY,20161020,1800,104.696,104.717,104.640,104.669,5940090000
CHFJPY,20161020,1900,104.669,104.732,104.644,104.702,4132160000
CHFJPY,20161020,2000,104.702,104.762,104.646,104.692,2548740000
CHFJPY,20161020,2100,104.697,104.751,104.663,104.679,1471920000
CHFJPY,20161020,2200,104.711,104.780,104.700,104.761,2560530000
CHFJPY,20161020,2300,104.761,104.930,104.746,104.876,3254810000
CHFJPY,20161021,0000,104.876,104.901,104.652,104.789,6817960000
CHFJPY,20161021,0100,104.789,104.825,104.690,104.702,6590720000
CHFJPY,20161021,0200,104.702,104.707,104.583,104.635,6634890000
CHFJPY,20161021,0300,104.635,104.688,104.599,104.607,4718620000
CHFJPY,20161021,0400,104.610,104.649,104.577,104.594,3112480000
CHFJPY,20161021,0500,104.594,104.633,104.294,104.363,10267620000
CHFJPY,20161021,0600,104.363,104.611,104.314,104.559,10512250000
CHFJPY,20161021,0700,104.559,104.588,104.309,104.354,14527860000
CHFJPY,20161021,0800,104.354,104.402,104.270,104.302,13574940000
CHFJPY,20161021,0900,104.303,104.443,104.168,104.427,12549190000
CHFJPY,20161021,1000,104.426,104.477,104.276,104.283,10924140000
CHFJPY,20161021,1100,104.283,104.356,104.252,104.318,10008220000
CHFJPY,20161021,1200,104.317,104.364,104.117,104.162,16665400000
CHFJPY,20161021,1300,104.162,104.166,104.002,104.147,18081460000
CHFJPY,20161021,1400,104.147,104.402,104.146,104.275,16820970000
CHFJPY,20161021,1500,104.275,104.487,104.235,104.450,14922210000
CHFJPY,20161021,1600,104.450,104.504,104.397,104.455,9118650000
CHFJPY,20161021,1700,104.455,104.493,104.382,104.418,8009780000
CHFJPY,20161021,1800,104.418,104.442,104.331,104.431,6457540000
CHFJPY,20161021,1900,104.431,104.503,104.398,104.503,5472400000
CHFJPY,20161021,2000,104.502,104.549,104.436,104.444,4837710000
CHFJPY,20161023,2100,104.376,104.534,104.362,104.436,738370000
CHFJPY,20161023,2200,104.436,104.619,104.428,104.561,4506520000
CHFJPY,20161023,2300,104.569,104.590,104.490,104.511,3255040000
CHFJPY,20161024,0000,104.510,104.532,104.450,104.490,7126020000
CHFJPY,20161024,0100,104.490,104.490,104.356,104.414,6830800000
CHFJPY,20161024,0200,104.414,104.536,104.411,104.468,5953790000
CHFJPY,20161024,0300,104.468,104.507,104.452,104.471,4170380000
CHFJPY,20161024,0400,104.470,104.531,104.448,104.457,5188380000
CHFJPY,20161024,0500,104.457,104.493,104.427,104.466,6648090000
CHFJPY,20161024,0600,104.466,104.509,104.414,104.444,10898440000
CHFJPY,20161024,0700,104.440,104.542,104.414,104.499,14560620000
CHFJPY,20161024,0800,104.499,104.558,104.497,104.527,10397610000
CHFJPY,20161024,0900,104.527,104.557,104.463,104.538,8532050000
CHFJPY,20161024,1000,104.537,104.597,104.504,104.579,4171830000
CHFJPY,20161024,1100,104.579,104.755,104.560,104.706,4781130000
CHFJPY,20161024,1200,104.706,104.737,104.584,104.616,6356590000
CHFJPY,20161024,1300,104.616,104.862,104.592,104.827,6957720000
CHFJPY,20161024,1400,104.827,105.032,104.814,104.989,8172870000
CHFJPY,20161024,1500,104.993,105.110,104.910,105.029,7080380000
CHFJPY,20161024,1600,105.030,105.049,104.870,104.881,4365190000
CHFJPY,20161024,1700,104.881,104.935,104.863,104.900,3065840000
CHFJPY,20161024,1800,104.901,104.915,104.849,104.868,3586910000
CHFJPY,20161024,1900,104.868,104.904,104.829,104.849,2584790000
CHFJPY,20161024,2000,104.850,104.881,104.805,104.852,2057820000
CHFJPY,20161024,2100,104.847,104.899,104.784,104.847,2292500000
CHFJPY,20161024,2200,104.847,104.996,104.829,104.947,3001730000
CHFJPY,20161024,2300,104.946,104.977,104.902,104.951,2216150000
CHFJPY,20161025,0000,104.945,105.090,104.911,105.084,3970420000
CHFJPY,20161025,0100,105.082,105.088,104.982,105.039,3070430000
CHFJPY,20161025,0200,105.039,105.108,105.006,105.105,3348980000
CHFJPY,20161025,0300,105.106,105.116,105.054,105.097,2524300000
CHFJPY,20161025,0400,105.098,105.116,104.985,104.985,2831020000
CHFJPY,20161025,0500,104.985,105.058,104.971,105.031,3582520000
CHFJPY,20161025,0600,105.030,105.058,104.956,104.979,5473450000
CHFJPY,20161025,0700,104.979,105.063,104.938,105.046,6150430000
CHFJPY,20161025,0800,105.047,105.135,105.027,105.112,5622570000
CHFJPY,20161025,0900,105.113,105.151,105.025,105.082,4605720000
CHFJPY,20161025,1000,105.083,105.175,105.077,105.148,4938170000
CHFJPY,20161025,1100,105.149,105.150,104.923,104.923,5145790000
CHFJPY,20161025,1200,104.919,104.950,104.597,104.839,8070040000
CHFJPY,20161025,1300,104.837,104.972,104.805,104.916,8148490000
CHFJPY,20161025,1400,104.912,105.042,104.838,105.010,9469810000
CHFJPY,20161025,1500,105.011,105.088,104.856,104.877,10132670000
CHFJPY,20161025,1600,104.873,104.938,104.764,104.908,7116590000
CHFJPY,20161025,1700,104.907,104.922,104.830,104.886,4097570000
CHFJPY,20161025,1800,104.884,104.928,104.793,104.815,4121760000
CHFJPY,20161025,1900,104.814,104.815,104.716,104.788,3179060000
CHFJPY,20161025,2000,104.788,104.813,104.769,104.802,2340150000
CHFJPY,20161025,2100,104.801,104.847,104.781,104.792,1432790000
CHFJPY,20161025,2200,104.797,104.808,104.731,104.743,2080810000
CHFJPY,20161025,2300,104.744,104.755,104.662,104.716,2373670000
CHFJPY,20161026,0000,104.712,104.712,104.617,104.641,4452590000
CHFJPY,20161026,0100,104.641,104.881,104.641,104.856,3721400000
CHFJPY,20161026,0200,104.857,104.876,104.760,104.847,2677310000
CHFJPY,20161026,0300,104.848,104.895,104.814,104.885,2182060000
CHFJPY,20161026,0400,104.884,104.891,104.833,104.869,1980940000
CHFJPY,20161026,0500,104.870,104.873,104.772,104.800,2127430000
CHFJPY,20161026,0600,104.800,104.945,104.794,104.896,5153970000
CHFJPY,20161026,0700,104.897,105.043,104.822,105.006,6997660000
CHFJPY,20161026,0800,105.007,105.097,104.972,105.066,6337860000
CHFJPY,20161026,0900,105.071,105.095,104.912,105.094,6488550000
CHFJPY,20161026,1000,105.095,105.185,105.041,105.053,5187400000
CHFJPY,20161026,1100,105.053,105.162,105.040,105.095,4665010000
CHFJPY,20161026,1200,105.096,105.199,105.061,105.070,6186070000
CHFJPY,20161026,1300,105.069,105.212,105.035,105.075,10042520000
CHFJPY,20161026,1400,105.074,105.240,105.018,105.168,8932980000
CHFJPY,20161026,1500,105.166,105.236,105.118,105.186,6448720000
CHFJPY,20161026,1600,105.187,105.330,105.152,105.253,4703480000
CHFJPY,20161026,1700,105.253,105.273,105.130,105.162,4767120000
CHFJPY,20161026,1800,105.162,105.234,105.101,105.205,3474600000
CHFJPY,20161026,1900,105.205,105.220,105.119,105.126,2650920000
CHFJPY,20161026,2000,105.126,105.175,105.125,105.142,1680120000
CHFJPY,20161026,2100,105.136,105.203,105.124,105.141,1105930000
CHFJPY,20161026,2200,105.140,105.227,105.119,105.222,1865480000
CHFJPY,20161026,2300,105.222,105.320,105.192,105.244,2465510000
CHFJPY,20161027,0000,105.247,105.347,105.187,105.199,3448640000
CHFJPY,20161027,0100,105.197,105.214,105.024,105.024,4626240000
CHFJPY,20161027,0200,105.026,105.056,104.953,104.983,3977460000
CHFJPY,20161027,0300,104.988,105.070,104.927,105.057,4105640000
CHFJPY,20161027,0400,105.059,105.107,105.051,105.073,3041320000
CHFJPY,20161027,0500,105.074,105.265,105.031,105.226,4159970000
CHFJPY,20161027,0600,105.232,105.358,105.205,105.311,4582640000
CHFJPY,20161027,0700,105.313,105.383,105.284,105.326,5798690000
CHFJPY,20161027,0800,105.327,105.536,105.309,105.460,7475020000
CHFJPY,20161027,0900,105.460,105.472,105.360,105.452,5668150000
CHFJPY,20161027,1000,105.452,105.606,105.417,105.548,5142210000
CHFJPY,20161027,1100,105.546,105.614,105.497,105.564,4814740000
CHFJPY,20161027,1200,105.563,105.588,105.456,105.537,7008740000
CHFJPY,20161027,1300,105.537,105.646,105.509,105.626,7835710000
CHFJPY,20161027,1400,105.621,105.897,105.600,105.748,9276090000
CHFJPY,20161027,1500,105.750,105.824,105.601,105.773,7490950000
CHFJPY,20161027,1600,105.771,105.900,105.704,105.887,6474240000
CHFJPY,20161027,1700,105.889,105.954,105.870,105.921,5269490000
CHFJPY,20161027,1800,105.920,106.004,105.909,105.973,4054630000
CHFJPY,20161027,1900,105.970,105.995,105.888,105.914,3537560000
CHFJPY,20161027,2000,105.915,105.956,105.821,105.950,2235050000
CHFJPY,20161027,2100,105.938,105.968,105.859,105.888,1731070000
CHFJPY,20161027,2200,105.892,105.967,105.881,105.897,1979600000
CHFJPY,20161027,2300,105.892,105.907,105.840,105.868,2358600000
CHFJPY,20161028,0000,105.868,105.934,105.825,105.908,3393210000
CHFJPY,20161028,0100,105.913,105.923,105.778,105.907,3003640000
CHFJPY,20161028,0200,105.931,105.939,105.758,105.772,2943210000
CHFJPY,20161028,0300,105.771,105.872,105.771,105.864,1962850000
CHFJPY,20161028,0400,105.867,105.867,105.751,105.803,2044010000
CHFJPY,20161028,0500,105.804,106.040,105.778,106.002,3238040000
CHFJPY,20161028,0600,106.000,106.126,105.977,106.045,5698170000
CHFJPY,20161028,0700,106.043,106.089,105.955,105.961,8028370000
CHFJPY,20161028,0800,105.962,105.971,105.766,105.805,6836320000
CHFJPY,20161028,0900,105.807,105.914,105.797,105.828,5691830000
CHFJPY,20161028,1000,105.828,105.915,105.792,105.878,5145810000
CHFJPY,20161028,1100,105.880,106.008,105.877,105.985,5774280000
CHFJPY,20161028,1200,105.985,106.176,105.839,105.871,10352900000
CHFJPY,20161028,1300,105.871,106.013,105.742,105.932,10752450000
CHFJPY,20161028,1400,105.931,106.132,105.867,106.078,9727390000
CHFJPY,20161028,1500,106.078,106.188,106.048,106.113,6839320000
CHFJPY,20161028,1600,106.114,106.197,106.103,106.128,3605860000
CHFJPY,20161028,1700,106.130,106.171,105.898,105.951,14327010000
CHFJPY,20161028,1800,105.951,106.177,105.889,106.089,10726050000
CHFJPY,20161028,1900,106.084,106.136,105.990,106.026,6347760000
CHFJPY,20161028,2000,106.020,106.104,105.963,105.983,4316640000
CHFJPY,20161030,2100,105.776,105.961,105.720,105.845,1229160000
CHFJPY,20161030,2200,105.873,105.973,105.855,105.888,4438280000
CHFJPY,20161030,2300,105.889,105.964,105.869,105.869,2332480000
CHFJPY,20161031,0000,105.871,106.209,105.834,106.015,5754460000
CHFJPY,20161031,0100,106.017,106.060,105.922,106.036,4172160000
CHFJPY,20161031,0200,106.033,106.113,105.986,106.080,3202000000
CHFJPY,20161031,0300,106.081,106.143,106.028,106.057,2986680000
CHFJPY,20161031,0400,106.057,106.129,106.036,106.121,2501060000
CHFJPY,20161031,0500,106.121,106.144,106.010,106.046,2801360000
CHFJPY,20161031,0600,106.046,106.100,106.008,106.057,2584260000
CHFJPY,20161031,0700,106.065,106.213,106.051,106.159,5275830000
CHFJPY,20161031,0800,106.162,106.195,106.072,106.087,5164080000
CHFJPY,20161031,0900,106.087,106.255,106.081,106.248,5086320000
CHFJPY,20161031,1000,106.245,106.276,106.133,106.167,5074980000
CHFJPY,20161031,1100,106.167,106.237,106.112,106.224,4978110000
CHFJPY,20161031,1200,106.224,106.300,106.146,106.198,5055920000
CHFJPY,20161031,1300,106.198,106.271,106.028,106.095,6323270000
CHFJPY,20161031,1400,106.096,106.202,106.068,106.148,7534360000
CHFJPY,20161031,1500,106.148,106.323,106.105,106.244,8593320000
CHFJPY,20161031,1600,106.241,106.294,106.167,106.174,8734430000
CHFJPY,20161031,1700,106.174,106.200,105.973,106.016,4866880000
CHFJPY,20161031,1800,106.015,106.027,105.934,105.944,5953640000
CHFJPY,20161031,1900,105.947,106.020,105.893,105.986,3941490000
CHFJPY,20161031,2000,105.984,106.001,105.906,105.967,2801250000
CHFJPY,20161031,2100,105.972,106.002,105.865,105.915,4106940000
CHFJPY,20161031,2200,105.915,105.983,105.900,105.966,4526720000
CHFJPY,20161031,2300,105.969,106.018,105.930,105.962,2593710000
CHFJPY,20161101,0000,105.960,105.992,105.815,105.907,5472210000
CHFJPY,20161101,0100,105.913,106.012,105.892,105.982,4115620000
CHFJPY,20161101,0200,105.982,105.997,105.824,105.948,3783240000
CHFJPY,20161101,0300,105.954,106.087,105.911,105.951,5010590000
CHFJPY,20161101,0400,105.951,106.015,105.908,105.984,3448470000
CHFJPY,20161101,0500,105.987,106.007,105.927,105.977,2540310000
CHFJPY,20161101,0600,105.977,106.008,105.902,105.950,3656450000
CHFJPY,20161101,0700,105.950,106.187,105.948,106.186,6142640000
CHFJPY,20161101,0800,106.186,106.425,106.178,106.417,7398150000
CHFJPY,20161101,0900,106.417,106.478,106.350,106.416,7923020000
CHFJPY,20161101,1000,106.415,106.628,106.401,106.559,5661680000
CHFJPY,20161101,1100,106.562,106.769,106.531,106.697,7831760000
CHFJPY,20161101,1200,106.699,106.822,106.618,106.811,9107950000
CHFJPY,20161101,1300,106.812,106.862,106.732,106.786,10335540000
CHFJPY,20161101,1400,106.784,106.899,106.634,106.761,13820950000
CHFJPY,20161101,1500,106.761,106.842,106.672,106.823,10124980000
CHFJPY,20161101,1600,106.821,106.849,106.618,106.803,10893240000
CHFJPY,20161101,1700,106.804,106.938,106.773,106.838,8966420000
CHFJPY,20161101,1800,106.836,106.875,106.618,106.721,12028980000
CHFJPY,20161101,1900,106.731,106.770,106.632,106.643,6451760000
CHFJPY,20161101,2000,106.644,106.806,106.639,106.779,2956150000
CHFJPY,20161101,2100,106.771,106.782,106.621,106.706,6977380000
CHFJPY,20161101,2200,106.706,106.806,106.617,106.651,3520650000
CHFJPY,20161101,2300,106.652,106.782,106.644,106.732,2539160000
CHFJPY,20161102,0000,106.736,106.813,106.615,106.748,5845640000
CHFJPY,20161102,0100,106.747,106.769,106.557,106.702,6689740000
CHFJPY,20161102,0200,106.699,106.700,106.518,106.536,5284900000
CHFJPY,20161102,0300,106.536,106.705,106.517,106.644,3619600000
CHFJPY,20161102,0400,106.644,106.707,106.505,106.561,3629970000
CHFJPY,20161102,0500,106.565,106.717,106.565,106.676,4246920000
CHFJPY,20161102,0600,106.672,106.692,106.561,106.585,4286720000
CHFJPY,20161102,0700,106.588,106.837,106.577,106.700,8132350000
CHFJPY,20161102,0800,106.692,106.782,106.589,106.691,12516100000
CHFJPY,20161102,0900,106.691,106.727,106.436,106.492,9238320000
CHFJPY,20161102,1000,106.490,106.504,106.304,106.331,7584680000
CHFJPY,20161102,1100,106.337,106.512,106.316,106.382,8253220000
CHFJPY,20161102,1200,106.382,106.412,106.138,106.230,11315000000
CHFJPY,20161102,1300,106.229,106.408,106.182,106.292,10657220000
CHFJPY,20161102,1400,106.291,106.436,106.237,106.384,12831350000
CHFJPY,20161102,1500,106.386,106.461,106.335,106.412,9236710000
CHFJPY,20161102,1600,106.412,106.442,106.098,106.109,9458860000
CHFJPY,20161102,1700,106.110,106.343,106.083,106.210,7480370000
CHFJPY,20161102,1800,106.226,106.315,106.105,106.169,13704520000
CHFJPY,20161102,1900,106.177,106.280,106.151,106.184,5933510000
CHFJPY,20161102,2000,106.182,106.271,106.126,106.143,2354330000
CHFJPY,20161102,2100,106.143,106.201,106.124,106.160,5497050000
CHFJPY,20161102,2200,106.160,106.217,106.131,106.178,3450540000
CHFJPY,20161102,2300,106.178,106.275,106.166,106.232,2933020000
CHFJPY,20161103,0000,106.232,106.290,106.051,106.200,5609880000
CHFJPY,20161103,0100,106.196,106.366,106.190,106.298,4522630000
CHFJPY,20161103,0200,106.296,106.311,106.021,106.059,7168690000
CHFJPY,20161103,0300,106.062,106.096,105.720,105.759,8449330000
CHFJPY,20161103,0400,105.757,105.912,105.715,105.851,5392280000
CHFJPY,20161103,0500,105.854,105.928,105.835,105.899,4694560000
CHFJPY,20161103,0600,105.904,105.944,105.781,105.877,4110780000
CHFJPY,20161103,0700,105.879,105.899,105.692,105.735,7562360000
CHFJPY,20161103,0800,105.735,105.942,105.669,105.778,9075940000
CHFJPY,20161103,0900,105.778,105.948,105.733,105.803,6474850000
CHFJPY,20161103,1000,105.800,106.016,105.749,105.875,11565580000
CHFJPY,20161103,1100,105.876,106.056,105.849,105.997,10382840000
CHFJPY,20161103,1200,105.997,106.045,105.817,105.880,11898080000
CHFJPY,20161103,1300,105.880,105.925,105.808,105.867,9195410000
CHFJPY,20161103,1400,105.861,105.923,105.718,105.756,11665390000
CHFJPY,20161103,1500,105.754,105.920,105.704,105.845,8906320000
CHFJPY,20161103,1600,105.844,105.873,105.658,105.729,8683620000
CHFJPY,20161103,1700,105.731,105.807,105.644,105.785,6610390000
CHFJPY,20161103,1800,105.785,105.812,105.701,105.717,5177620000
CHFJPY,20161103,1900,105.716,105.791,105.614,105.665,3961310000
CHFJPY,20161103,2000,105.665,105.734,105.618,105.728,2350960000
CHFJPY,20161103,2100,105.728,105.736,105.646,105.683,1761130000
CHFJPY,20161103,2200,105.683,105.747,105.650,105.663,3206380000
CHFJPY,20161103,2300,105.662,105.759,105.636,105.752,3386700000
CHFJPY,20161104,0000,105.747,105.874,105.637,105.641,4991050000
CHFJPY,20161104,0100,105.641,105.721,105.541,105.675,6058070000
CHFJPY,20161104,0200,105.678,105.730,105.621,105.693,4430960000
CHFJPY,20161104,0300,105.693,105.747,105.631,105.695,3177300000
CHFJPY,20161104,0400,105.695,105.727,105.663,105.691,2174700000
CHFJPY,20161104,0500,105.690,105.838,105.682,105.817,3399490000
CHFJPY,20161104,0600,105.817,105.984,105.788,105.981,3792590000
CHFJPY,20161104,0700,105.982,105.988,105.866,105.924,6414460000
CHFJPY,20161104,0800,105.928,105.944,105.694,105.794,9800110000
CHFJPY,20161104,0900,105.795,105.806,105.649,105.678,7191140000
CHFJPY,20161104,1000,105.682,105.822,105.626,105.775,6382730000
CHFJPY,20161104,1100,105.770,105.983,105.649,105.983,7849420000
CHFJPY,20161104,1200,105.983,106.130,105.883,105.987,12855100000
CHFJPY,20161104,1300,105.988,106.150,105.931,105.956,12308090000
CHFJPY,20161104,1400,105.957,106.329,105.950,106.305,11124730000
CHFJPY,20161104,1500,106.305,106.540,106.265,106.383,9424660000
CHFJPY,20161104,1600,106.381,106.461,106.303,106.330,7021450000
CHFJPY,20161104,1700,106.328,106.356,106.232,106.339,4764520000
CHFJPY,20161104,1800,106.338,106.379,106.238,106.297,4106870000
CHFJPY,20161104,1900,106.297,106.330,106.224,106.289,4896130000
CHFJPY,20161104,2000,106.293,106.486,106.250,106.427,5618000000
CHFJPY,20161106,2200,106.399,106.691,106.212,106.500,3807300000
CHFJPY,20161106,2300,106.501,107.260,106.501,106.871,7544960000
CHFJPY,20161107,0000,106.879,106.991,106.738,106.766,7806350000
CHFJPY,20161107,0100,106.770,106.933,106.651,106.910,6003830000
CHFJPY,20161107,0200,106.910,106.913,106.782,106.877,5363480000
CHFJPY,20161107,0300,106.877,106.894,106.759,106.892,3953140000
CHFJPY,20161107,0400,106.892,107.004,106.829,106.983,3375130000
CHFJPY,20161107,0500,106.983,107.084,106.818,106.818,4302320000
CHFJPY,20161107,0600,106.819,106.879,106.771,106.804,3912810000
CHFJPY,20161107,0700,106.812,106.916,106.771,106.839,7698050000
CHFJPY,20161107,0800,106.839,106.937,106.725,106.816,8701900000
CHFJPY,20161107,0900,106.816,106.930,106.814,106.911,6367610000
CHFJPY,20161107,1000,106.908,107.042,106.855,107.019,6564240000
CHFJPY,20161107,1100,107.019,107.028,106.833,106.882,5159160000
CHFJPY,20161107,1200,106.883,107.010,106.813,106.994,5310570000
CHFJPY,20161107,1300,106.992,107.078,106.916,107.029,6613440000
CHFJPY,20161107,1400,107.031,107.107,106.991,107.011,8053550000
CHFJPY,20161107,1500,107.013,107.072,106.839,106.980,9351810000
CHFJPY,20161107,1600,106.980,107.244,106.977,107.192,7760750000
CHFJPY,20161107,1700,107.192,107.193,107.059,107.069,5597810000
CHFJPY,20161107,1800,107.069,107.174,107.059,107.167,4375320000
CHFJPY,20161107,1900,107.167,107.315,107.157,107.292,4575750000
CHFJPY,20161107,2000,107.291,107.321,107.232,107.284,4301710000
CHFJPY,20161107,2100,107.283,107.327,107.197,107.204,2347870000
CHFJPY,20161107,2200,107.204,107.297,107.182,107.273,3372510000
CHFJPY,20161107,2300,107.277,107.321,107.208,107.220,3843990000
CHFJPY,20161108,0000,107.224,107.316,107.151,107.220,5381810000
CHFJPY,20161108,0100,107.216,107.293,107.044,107.094,5900470000
CHFJPY,20161108,0200,107.094,107.127,107.018,107.027,3634760000
CHFJPY,20161108,0300,107.030,107.162,106.952,107.157,4030040000
CHFJPY,20161108,0400,107.157,107.188,107.112,107.120,2645860000
CHFJPY,20161108,0500,107.116,107.176,107.069,107.089,3848270000
CHFJPY,20161108,0600,107.089,107.155,107.081,107.117,2148580000
CHFJPY,20161108,0700,107.114,107.209,107.047,107.156,5942460000
CHFJPY,20161108,0800,107.156,107.295,107.142,107.265,7626590000
CHFJPY,20161108,0900,107.265,107.282,107.132,107.136,5810340000
CHFJPY,20161108,1000,107.136,107.203,107.048,107.173,5949890000
CHFJPY,20161108,1100,107.173,107.296,107.147,107.282,4854260000
CHFJPY,20161108,1200,107.280,107.321,107.209,107.252,5047680000
CHFJPY,20161108,1300,107.252,107.393,107.252,107.382,6325010000
CHFJPY,20161108,1400,107.381,107.441,107.301,107.323,7584350000
CHFJPY,20161108,1500,107.319,107.536,107.186,107.482,9953680000
CHFJPY,20161108,1600,107.483,107.694,107.459,107.592,10507440000
CHFJPY,20161108,1700,107.594,107.720,107.581,107.619,7052770000
CHFJPY,20161108,1800,107.619,107.663,107.387,107.463,7656340000
CHFJPY,20161108,1900,107.463,107.563,107.399,107.554,6394600000
CHFJPY,20161108,2000,107.555,107.623,107.408,107.434,6189940000
CHFJPY,20161108,2100,107.434,107.546,107.421,107.511,4443310000
CHFJPY,20161108,2200,107.508,107.581,107.256,107.322,4246020000
CHFJPY,20161108,2300,107.329,107.356,106.952,107.156,7235610000
CHFJPY,20161109,0000,107.156,107.402,106.866,107.151,18099450000
CHFJPY,20161109,0100,107.156,107.475,106.967,106.976,19673050000
CHFJPY,20161109,0200,106.984,107.134,105.576,106.292,26958360000
CHFJPY,20161109,0300,106.295,106.747,105.705,106.213,21267680000
CHFJPY,20161109,0400,106.208,106.591,105.832,105.948,20172210000
CHFJPY,20161109,0500,105.948,106.358,105.872,106.212,15770120000
CHFJPY,20161109,0600,106.208,106.839,105.896,106.198,19433370000
CHFJPY,20161109,0700,106.198,106.466,105.792,106.301,23857420000
CHFJPY,20161109,0800,106.308,106.477,106.010,106.213,20513230000
CHFJPY,20161109,0900,106.213,106.252,105.651,105.703,12800330000
CHFJPY,20161109,1000,105.706,105.907,105.598,105.843,12158970000
CHFJPY,20161109,1100,105.843,106.146,105.824,105.896,9890970000
CHFJPY,20161109,1200,105.899,106.126,105.815,106.069,13110600000
CHFJPY,20161109,1300,106.069,106.397,105.889,106.143,17681780000
CHFJPY,20161109,1400,106.145,106.495,105.956,106.417,18279090000
CHFJPY,20161109,1500,106.417,106.511,106.157,106.508,17245740000
CHFJPY,20161109,1600,106.511,106.843,106.402,106.817,15179960000
CHFJPY,20161109,1700,106.817,107.235,106.757,107.182,15575010000
CHFJPY,20161109,1800,107.177,107.746,107.168,107.553,14462240000
CHFJPY,20161109,1900,107.552,107.601,107.377,107.550,10779990000
CHFJPY,20161109,2000,107.553,107.715,107.475,107.529,8871340000
CHFJPY,20161109,2100,107.527,107.567,107.298,107.302,4585330000
CHFJPY,20161109,2200,107.302,107.452,107.181,107.335,3728940000
CHFJPY,20161109,2300,107.348,107.531,107.321,107.451,5144970000
CHFJPY,20161110,0000,107.451,107.579,107.264,107.375,9742760000
CHFJPY,20161110,0100,107.382,107.417,107.060,107.090,9316240000
CHFJPY,20161110,0200,107.091,107.169,106.865,107.007,8943600000
CHFJPY,20161110,0300,107.007,107.131,106.903,107.044,6236040000
CHFJPY,20161110,0400,107.046,107.338,107.042,107.275,6814840000
CHFJPY,20161110,0500,107.275,107.440,107.041,107.075,7196610000
CHFJPY,20161110,0600,107.073,107.277,106.998,107.115,6783540000
CHFJPY,20161110,0700,107.115,107.388,107.060,107.308,9896140000
CHFJPY,20161110,0800,107.307,107.597,107.243,107.526,15836170000
CHFJPY,20161110,0900,107.527,107.536,107.241,107.487,12808260000
CHFJPY,20161110,1000,107.483,108.115,107.474,108.019,11253580000
CHFJPY,20161110,1100,108.018,108.223,107.832,108.180,14424720000
CHFJPY,20161110,1200,108.180,108.335,107.965,108.071,13155960000
CHFJPY,20161110,1300,108.068,108.189,107.835,108.016,14329910000
CHFJPY,20161110,1400,108.017,108.237,107.961,108.009,15362540000
CHFJPY,20161110,1500,108.006,108.099,107.702,107.765,20504320000
CHFJPY,20161110,1600,107.769,108.156,107.766,107.886,14892180000
CHFJPY,20161110,1700,107.885,107.994,107.747,107.972,10782680000
CHFJPY,20161110,1800,107.975,108.170,107.908,108.093,10622980000
CHFJPY,20161110,1900,108.092,108.229,108.057,108.222,7741390000
CHFJPY,20161110,2000,108.221,108.330,108.184,108.285,6017350000
CHFJPY,20161110,2100,108.285,108.301,108.198,108.214,3223580000
CHFJPY,20161110,2200,108.218,108.236,107.953,108.169,3147700000
CHFJPY,20161110,2300,108.160,108.317,108.119,108.178,4760240000
CHFJPY,20161111,0000,108.181,108.267,108.020,108.020,7397170000
CHFJPY,20161111,0100,108.017,108.132,107.855,108.060,8223210000
CHFJPY,20161111,0200,108.061,108.073,107.833,107.987,10249720000
CHFJPY,20161111,0300,107.987,108.085,107.890,107.957,6884120000
CHFJPY,20161111,0400,107.957,108.069,107.829,107.934,6297650000
CHFJPY,20161111,0500,107.935,108.136,107.935,108.016,5473380000
CHFJPY,20161111,0600,108.020,108.165,107.957,107.969,5801510000
CHFJPY,20161111,0700,107.972,108.321,107.959,108.211,9248560000
CHFJPY,20161111,0800,108.210,108.381,107.980,107.999,14134460000
CHFJPY,20161111,0900,107.999,108.235,107.783,107.886,14336400000
CHFJPY,20161111,1000,107.886,107.931,107.474,107.726,14178050000
CHFJPY,20161111,1100,107.726,107.993,107.694,107.861,9286690000
CHFJPY,20161111,1200,107.861,107.982,107.773,107.982,9029960000
CHFJPY,20161111,1300,107.983,108.336,107.916,108.151,12979660000
CHFJPY,20161111,1400,108.154,108.196,107.916,107.942,12565260000
CHFJPY,20161111,1500,107.947,108.238,107.871,107.872,16469590000
CHFJPY,20161111,1600,107.872,107.999,107.757,107.843,13907480000
CHFJPY,20161111,1700,107.839,108.124,107.832,108.027,10321120000
CHFJPY,20161111,1800,108.029,108.055,107.920,107.933,7403800000
CHFJPY,20161111,1900,107.930,108.035,107.912,108.006,6347230000
CHFJPY,20161111,2000,108.004,108.061,107.976,107.998,5067390000
CHFJPY,20161111,2100,107.999,108.064,107.833,107.844,3755320000
CHFJPY,20161113,2200,107.962,108.107,107.897,107.990,2427170000
CHFJPY,20161113,2300,107.992,108.026,107.904,107.994,8947900000
CHFJPY,20161114,0000,107.994,108.278,107.873,108.189,9187390000
CHFJPY,20161114,0100,108.189,108.416,108.153,108.313,10529590000
CHFJPY,20161114,0200,108.312,108.449,108.261,108.448,6856850000
CHFJPY,20161114,0300,108.448,108.486,108.293,108.321,4753570000
CHFJPY,20161114,0400,108.323,108.402,108.282,108.388,4885500000
CHFJPY,20161114,0500,108.386,108.512,108.313,108.510,6252640000
CHFJPY,20161114,0600,108.510,108.562,108.381,108.427,5429630000
CHFJPY,20161114,0700,108.429,108.551,108.374,108.475,9452990000
CHFJPY,20161114,0800,108.475,108.503,108.214,108.248,13442670000
CHFJPY,20161114,0900,108.247,108.479,108.226,108.359,9659520000
CHFJPY,20161114,1000,108.358,108.440,108.212,108.323,9874470000
CHFJPY,20161114,1100,108.323,108.494,108.220,108.260,14487840000
CHFJPY,20161114,1200,108.261,108.273,108.025,108.127,11400540000
CHFJPY,20161114,1300,108.125,108.279,108.000,108.037,11814310000
CHFJPY,20161114,1400,108.039,108.533,107.995,108.417,15418400000
CHFJPY,20161114,1500,108.417,108.601,108.330,108.599,13819660000
CHFJPY,20161114,1600,108.600,108.708,108.427,108.523,11947840000
CHFJPY,20161114,1700,108.522,108.588,108.288,108.378,9980830000
CHFJPY,20161114,1800,108.378,108.648,108.320,108.540,9097800000
CHFJPY,20161114,1900,108.538,108.637,108.462,108.616,8609550000
CHFJPY,20161114,2000,108.616,108.679,108.508,108.588,6566100000
CHFJPY,20161114,2100,108.588,108.745,108.526,108.627,3712340000
CHFJPY,20161114,2200,108.622,108.676,108.509,108.560,2781620000
CHFJPY,20161114,2300,108.570,108.619,108.452,108.504,6137850000
CHFJPY,20161115,0000,108.506,108.564,108.327,108.451,9356680000
CHFJPY,20161115,0100,108.452,108.524,108.360,108.449,8079670000
CHFJPY,20161115,0200,108.447,108.572,108.367,108.517,5939210000
CHFJPY,20161115,0300,108.519,108.543,108.333,108.368,8532520000
CHFJPY,20161115,0400,108.367,108.489,108.345,108.411,4384980000
CHFJPY,20161115,0500,108.410,108.516,108.352,108.514,4721090000
CHFJPY,20161115,0600,108.515,108.565,108.407,108.474,4558380000
CHFJPY,20161115,0700,108.475,108.621,108.275,108.541,11443810001
CHFJPY,20161115,0800,108.541,108.702,108.457,108.659,13416350000
CHFJPY,20161115,0900,108.659,108.842,108.623,108.770,10592620000
CHFJPY,20161115,1000,108.774,108.777,108.636,108.652,7231050000
CHFJPY,20161115,1100,108.652,108.744,108.519,108.577,6754520000
CHFJPY,20161115,1200,108.577,108.615,108.302,108.368,7306920000
CHFJPY,20161115,1300,108.368,108.688,108.284,108.678,14297080000
CHFJPY,20161115,1400,108.683,108.779,108.618,108.701,14614240000
CHFJPY,20161115,1500,108.700,108.949,108.680,108.875,12348340000
CHFJPY,20161115,1600,108.875,108.949,108.712,108.778,11077000000
CHFJPY,20161115,1700,108.778,108.799,108.676,108.783,6218650000
CHFJPY,20161115,1800,108.787,108.868,108.765,108.799,5253550000
CHFJPY,20161115,1900,108.803,109.130,108.796,109.070,6445610000
CHFJPY,20161115,2000,109.069,109.123,108.967,109.051,6255810000
CHFJPY,20161115,2100,109.045,109.095,108.936,108.982,3607670000
CHFJPY,20161115,2200,108.969,108.992,108.747,108.882,2335200000
CHFJPY,20161115,2300,108.881,108.980,108.794,108.811,6121040000
CHFJPY,20161116,0000,108.812,108.979,108.733,108.959,6801610000
CHFJPY,20161116,0100,108.959,108.983,108.797,108.919,6905870000
CHFJPY,20161116,0200,108.919,109.191,108.863,109.178,6076840000
CHFJPY,20161116,0300,109.178,109.262,109.037,109.051,5936340000
CHFJPY,20161116,0400,109.051,109.141,109.005,109.048,5989390000
CHFJPY,20161116,0500,109.048,109.183,109.015,109.175,4873140000
CHFJPY,20161116,0600,109.168,109.268,109.082,109.209,4888220000
CHFJPY,20161116,0700,109.207,109.368,109.140,109.182,10696680000
CHFJPY,20161116,0800,109.183,109.386,109.117,109.289,10986060000
CHFJPY,20161116,0900,109.288,109.402,109.128,109.181,8235100000
CHFJPY,20161116,1000,109.182,109.309,109.063,109.286,8806500000
CHFJPY,20161116,1100,109.285,109.297,109.127,109.156,7551130000
CHFJPY,20161116,1200,109.153,109.208,109.046,109.101,9681630000
CHFJPY,20161116,1300,109.100,109.192,108.897,108.973,13111040000
CHFJPY,20161116,1400,108.973,109.014,108.761,108.872,13308690000
CHFJPY,20161116,1500,108.877,109.061,108.737,109.056,13720040000
CHFJPY,20161116,1600,109.056,109.056,108.795,108.954,11891600000
CHFJPY,20161116,1700,108.954,109.084,108.933,109.004,8962570000
CHFJPY,20161116,1800,109.003,109.024,108.911,108.947,6621110000
CHFJPY,20161116,1900,108.946,108.995,108.802,108.875,5500670000
CHFJPY,20161116,2000,108.875,108.920,108.806,108.819,4554890000
CHFJPY,20161116,2100,108.820,108.882,108.803,108.837,2442040000
CHFJPY,20161116,2200,108.844,108.912,108.606,108.656,4424420000
CHFJPY,20161116,2300,108.670,108.774,108.508,108.664,9175330000
CHFJPY,20161117,0000,108.664,108.801,108.588,108.593,6847650000
CHFJPY,20161117,0100,108.593,109.031,108.457,108.887,11139130000
CHFJPY,20161117,0200,108.885,109.052,108.588,108.609,7317480000
CHFJPY,20161117,0300,108.607,108.835,108.602,108.740,6639170000
CHFJPY,20161117,0400,108.746,108.855,108.699,108.850,5560050000
CHFJPY,20161117,0500,108.852,108.953,108.810,108.914,4747850000
CHFJPY,20161117,0600,108.922,109.090,108.878,109.030,6238740000
CHFJPY,20161117,0700,109.031,109.190,108.889,108.890,7850760000
CHFJPY,20161117,0800,108.890,108.974,108.766,108.917,10553510000
CHFJPY,20161117,0900,108.913,109.149,108.765,109.038,8989310000
CHFJPY,20161117,1000,109.040,109.096,108.925,109.002,6436470000
CHFJPY,20161117,1100,109.001,109.056,108.892,108.981,5781240000
CHFJPY,20161117,1200,108.980,109.107,108.963,108.971,7433680000
CHFJPY,20161117,1300,108.976,109.236,108.950,109.198,15873130000
CHFJPY,20161117,1400,109.206,109.230,108.991,109.146,12653449999
CHFJPY,20161117,1500,109.146,109.158,108.930,108.961,14583620000
CHFJPY,20161117,1600,108.959,109.130,108.867,109.111,10784660000
CHFJPY,20161117,1700,109.108,109.216,109.037,109.164,8367890000
CHFJPY,20161117,1800,109.164,109.300,109.089,109.241,7228980000
CHFJPY,20161117,1900,109.242,109.260,109.097,109.130,6140270000
CHFJPY,20161117,2000,109.128,109.208,109.111,109.204,4592570000
CHFJPY,20161117,2100,109.204,109.396,109.151,109.332,4485410000
CHFJPY,20161117,2200,109.332,109.534,109.294,109.438,3826000000
CHFJPY,20161117,2300,109.433,109.505,109.316,109.417,6843860000
CHFJPY,20161118,0000,109.417,109.417,109.178,109.252,8182820000
CHFJPY,20161118,0100,109.257,109.573,109.223,109.552,10218900000
CHFJPY,20161118,0200,109.557,109.775,109.459,109.732,8411980000
CHFJPY,20161118,0300,109.731,109.743,109.545,109.597,5678580000
CHFJPY,20161118,0400,109.596,109.729,109.546,109.641,5377340000
CHFJPY,20161118,0500,109.638,109.807,109.578,109.578,5129030000
CHFJPY,20161118,0600,109.574,109.812,109.507,109.742,6900360000
CHFJPY,20161118,0700,109.747,109.759,109.437,109.536,9671890000
CHFJPY,20161118,0800,109.532,109.590,109.390,109.483,12268470000
CHFJPY,20161118,0900,109.481,109.671,109.421,109.625,8452510000
CHFJPY,20161118,1000,109.623,109.732,109.442,109.477,8930680000
CHFJPY,20161118,1100,109.476,109.633,109.344,109.381,8274430000
CHFJPY,20161118,1200,109.381,109.484,109.072,109.281,10120620000
CHFJPY,20161118,1300,109.282,109.311,109.101,109.304,12445830000
CHFJPY,20161118,1400,109.306,109.383,109.190,109.290,12211460000
CHFJPY,20161118,1500,109.291,109.473,109.259,109.408,14140430000
CHFJPY,20161118,1600,109.409,109.575,109.373,109.470,12496380000
CHFJPY,20161118,1700,109.472,109.544,109.366,109.536,7038680000
CHFJPY,20161118,1800,109.536,109.642,109.450,109.625,6219500000
CHFJPY,20161118,1900,109.628,109.649,109.514,109.545,4634650000
CHFJPY,20161118,2000,109.543,109.752,109.503,109.706,4919150000
CHFJPY,20161118,2100,109.705,109.853,109.691,109.702,4604070000
CHFJPY,20161120,2200,109.772,109.942,109.727,109.761,1706040000
CHFJPY,20161120,2300,109.767,109.926,109.706,109.714,7663990000
CHFJPY,20161121,0000,109.726,109.921,109.621,109.842,15352960000
CHFJPY,20161121,0100,109.842,109.857,109.674,109.790,11122130000
CHFJPY,20161121,0200,109.788,109.973,109.774,109.938,9167810000
CHFJPY,20161121,0300,109.938,110.005,109.876,109.984,12162330000
CHFJPY,20161121,0400,109.984,110.022,109.929,109.958,9556330000
CHFJPY,20161121,0500,109.958,110.050,109.907,110.018,9868520000
CHFJPY,20161121,0600,110.019,110.073,109.880,110.008,8511910000
CHFJPY,20161121,0700,110.009,110.100,109.926,109.959,13602890000
CHFJPY,20161121,0800,109.963,109.990,109.791,109.793,12110500000
CHFJPY,20161121,0900,109.791,109.831,109.583,109.731,9697880000
CHFJPY,20161121,1000,109.731,109.789,109.651,109.708,8562100000
CHFJPY,20161121,1100,109.708,109.742,109.485,109.544,8310200000
CHFJPY,20161121,1200,109.542,109.644,109.459,109.612,9157460000
CHFJPY,20161121,1300,109.613,109.933,109.560,109.807,13451970000
CHFJPY,20161121,1400,109.803,110.002,109.760,109.957,14348060000
CHFJPY,20161121,1500,109.956,109.997,109.790,109.926,13049090000
CHFJPY,20161121,1600,109.927,109.947,109.764,109.890,11178560000
CHFJPY,20161121,1700,109.890,109.955,109.804,109.919,7418420000
CHFJPY,20161121,1800,109.918,110.079,109.906,110.011,7859510000
CHFJPY,20161121,1900,110.012,110.069,109.976,110.011,5245200000
CHFJPY,20161121,2000,110.009,110.069,109.951,110.048,5472370000
CHFJPY,20161121,2100,110.050,110.050,109.591,109.815,11834310000
CHFJPY,20161121,2200,109.807,109.868,109.571,109.852,4191450000
CHFJPY,20161121,2300,109.869,109.912,109.727,109.780,7521740000
CHFJPY,20161122,0000,109.782,109.845,109.458,109.644,13190310000
CHFJPY,20161122,0100,109.643,109.712,109.504,109.701,10256770000
CHFJPY,20161122,0200,109.696,109.852,109.655,109.852,8137570000
CHFJPY,20161122,0300,109.852,109.872,109.692,109.721,6816450000
CHFJPY,20161122,0400,109.722,109.828,109.692,109.768,5263390000
CHFJPY,20161122,0500,109.766,109.843,109.721,109.806,5567050000
CHFJPY,20161122,0600,109.802,109.924,109.752,109.871,5289340000
CHFJPY,20161122,0700,109.871,109.973,109.688,109.732,9889490000
CHFJPY,20161122,0800,109.731,109.810,109.638,109.807,12311160000
CHFJPY,20161122,0900,109.806,109.829,109.620,109.789,11154660000
CHFJPY,20161122,1000,109.789,109.792,109.632,109.669,8426330000
CHFJPY,20161122,1100,109.668,109.827,109.655,109.688,7694500000
CHFJPY,20161122,1200,109.688,109.737,109.626,109.676,7829490000
CHFJPY,20161122,1300,109.678,109.842,109.676,109.743,10347070000
CHFJPY,20161122,1400,109.744,109.980,109.742,109.934,10572200000
CHFJPY,20161122,1500,109.935,109.969,109.833,109.875,13134780000
CHFJPY,20161122,1600,109.874,110.021,109.844,109.873,10519410000
CHFJPY,20161122,1700,109.872,109.918,109.789,109.899,7241130000
CHFJPY,20161122,1800,109.899,109.951,109.800,109.860,6088220000
CHFJPY,20161122,1900,109.862,109.963,109.846,109.875,6116950000
CHFJPY,20161122,2000,109.874,109.923,109.793,109.801,4099310000
CHFJPY,20161122,2100,109.801,109.905,109.779,109.886,2862670000
CHFJPY,20161122,2200,109.858,109.908,109.802,109.897,1826310000
CHFJPY,20161122,2300,109.893,109.893,109.744,109.784,4468830000
CHFJPY,20161123,0000,109.784,109.922,109.765,109.882,3754400000
CHFJPY,20161123,0100,109.884,109.934,109.824,109.858,3478890000
CHFJPY,20161123,0200,109.858,109.861,109.750,109.752,2768560000
CHFJPY,20161123,0300,109.749,109.821,109.743,109.794,3037200000
CHFJPY,20161123,0400,109.795,109.826,109.767,109.798,2169950000
CHFJPY,20161123,0500,109.797,109.836,109.727,109.826,2804350000
CHFJPY,20161123,0600,109.826,109.907,109.753,109.848,3966530000
CHFJPY,20161123,0700,109.850,109.874,109.731,109.748,5563920000
CHFJPY,20161123,0800,109.747,109.765,109.670,109.693,7290350000
CHFJPY,20161123,0900,109.692,109.768,109.678,109.735,5883060000
CHFJPY,20161123,1000,109.735,109.981,109.684,109.896,8817840000
CHFJPY,20161123,1100,109.899,110.036,109.864,109.971,8316910000
CHFJPY,20161123,1200,109.976,110.107,109.923,109.965,7388940000
CHFJPY,20161123,1300,109.965,110.437,109.931,110.356,15199320000
CHFJPY,20161123,1400,110.356,110.657,110.356,110.597,14613360000
CHFJPY,20161123,1500,110.596,111.012,110.538,111.012,14568770000
CHFJPY,20161123,1600,111.010,111.010,110.767,110.836,11491600000
CHFJPY,20161123,1700,110.836,110.863,110.698,110.706,7622540000
CHFJPY,20161123,1800,110.709,110.728,110.549,110.631,7094960000
CHFJPY,20161123,1900,110.635,110.723,110.615,110.684,9940070000
CHFJPY,20161123,2000,110.681,110.738,110.625,110.663,4425610000
CHFJPY,20161123,2100,110.665,110.688,110.519,110.602,4233380000
CHFJPY,20161123,2200,110.627,110.680,110.471,110.554,2180370000
CHFJPY,20161123,2300,110.556,110.760,110.545,110.610,6274490000
CHFJPY,20161124,0000,110.611,110.677,110.459,110.490,8858780000
CHFJPY,20161124,0100,110.487,110.689,110.463,110.652,8380260000
CHFJPY,20161124,0200,110.652,110.724,110.572,110.707,7222760000
CHFJPY,20161124,0300,110.707,110.794,110.697,110.749,6105090000
CHFJPY,20161124,0400,110.749,110.809,110.689,110.729,6289330000
CHFJPY,20161124,0500,110.729,110.803,110.564,110.568,7530120000
CHFJPY,20161124,0600,110.565,110.791,110.563,110.790,5439560000
CHFJPY,20161124,0700,110.789,111.360,110.776,111.296,9741260000
CHFJPY,20161124,0800,111.293,111.501,111.273,111.362,12326500000
CHFJPY,20161124,0900,111.366,111.397,110.999,111.088,10281200000
CHFJPY,20161124,1000,111.091,111.274,111.040,111.262,8523280000
CHFJPY,20161124,1100,111.263,111.345,111.159,111.266,7532290000
CHFJPY,20161124,1200,111.267,111.322,111.205,111.207,5745400000
CHFJPY,20161124,1300,111.208,111.522,111.204,111.443,6430030000
CHFJPY,20161124,1400,111.443,111.533,111.398,111.437,5950650000
CHFJPY,20161124,1500,111.440,111.511,111.379,111.402,4826530000
CHFJPY,20161124,1600,111.402,111.548,111.400,111.472,5757350000
CHFJPY,20161124,1700,111.472,111.519,111.343,111.463,4754350000
CHFJPY,20161124,1800,111.464,111.506,111.409,111.486,1699960000
CHFJPY,20161124,1900,111.485,111.485,111.388,111.443,1370790000
CHFJPY,20161124,2000,111.444,111.505,111.357,111.415,1122320000
CHFJPY,20161124,2100,111.414,111.441,111.343,111.407,1322910000
CHFJPY,20161124,2200,111.380,111.466,111.350,111.415,2355310000
CHFJPY,20161124,2300,111.414,111.425,111.266,111.370,4538750000
CHFJPY,20161125,0000,111.382,111.820,111.333,111.780,10085520000
CHFJPY,20161125,0100,111.780,111.853,111.694,111.839,10512860000
CHFJPY,20161125,0200,111.839,111.889,111.738,111.858,8286800000
CHFJPY,20161125,0300,111.861,111.872,111.647,111.671,8110480000
CHFJPY,20161125,0400,111.670,111.795,111.591,111.622,8692920000
CHFJPY,20161125,0500,111.620,111.680,111.500,111.555,8303840000
CHFJPY,20161125,0600,111.554,111.796,111.529,111.650,6461690000
CHFJPY,20161125,0700,111.650,111.673,111.311,111.420,13474570000
CHFJPY,20161125,0800,111.420,111.420,111.081,111.373,13398640000
CHFJPY,20161125,0900,111.371,111.639,111.359,111.545,10432270000
CHFJPY,20161125,1000,111.546,111.605,111.151,111.327,10285480000
CHFJPY,20161125,1100,111.324,111.620,111.282,111.556,8829490000
CHFJPY,20161125,1200,111.557,111.557,111.351,111.480,8816400000
CHFJPY,20161125,1300,111.484,111.593,111.432,111.496,10358790000
CHFJPY,20161125,1400,111.496,111.661,111.422,111.627,11768110000
CHFJPY,20161125,1500,111.626,111.692,111.482,111.542,9092670000
CHFJPY,20161125,1600,111.542,111.643,111.500,111.634,8290320000
CHFJPY,20161125,1700,111.635,111.741,111.543,111.640,7885920000
CHFJPY,20161125,1800,111.642,111.693,111.431,111.462,12393910000
CHFJPY,20161125,1900,111.464,111.474,111.285,111.448,6656450000
CHFJPY,20161125,2000,111.447,111.529,111.310,111.452,1378810000
CHFJPY,20161125,2100,111.452,111.548,111.216,111.420,2052050000
CHFJPY,20161127,2200,111.447,111.496,111.225,111.326,1902660000
CHFJPY,20161127,2300,111.326,111.395,111.147,111.226,6202640000
CHFJPY,20161128,0000,111.237,111.356,111.006,111.122,9874230000
CHFJPY,20161128,0100,111.126,111.202,110.677,110.680,13055150000
CHFJPY,20161128,0200,110.679,110.783,110.454,110.672,16691840000
CHFJPY,20161128,0300,110.672,110.924,110.665,110.880,8665500000
CHFJPY,20161128,0400,110.881,110.918,110.685,110.805,8492880000
CHFJPY,20161128,0500,110.806,111.068,110.750,111.046,6161090000
CHFJPY,20161128,0600,111.049,111.089,110.795,110.843,7714280000
CHFJPY,20161128,0700,110.843,111.087,110.834,110.974,8967380000
CHFJPY,20161128,0800,110.971,111.055,110.836,110.961,11759200000
CHFJPY,20161128,0900,110.962,111.067,110.901,111.037,9779590000
CHFJPY,20161128,1000,111.036,111.208,110.887,110.946,9181670000
CHFJPY,20161128,1100,110.947,110.977,110.693,110.719,10828390000
CHFJPY,20161128,1200,110.719,111.053,110.714,110.978,12701020000
CHFJPY,20161128,1300,110.979,111.025,110.864,110.864,12556970000
CHFJPY,20161128,1400,110.864,110.938,110.787,110.891,12720700000
CHFJPY,20161128,1500,110.891,111.040,110.590,110.611,13837240000
CHFJPY,20161128,1600,110.605,110.755,110.498,110.602,11592410000
CHFJPY,20161128,1700,110.603,110.760,110.596,110.692,6620060000
CHFJPY,20161128,1800,110.692,110.692,110.611,110.645,4602050000
CHFJPY,20161128,1900,110.645,110.729,110.626,110.727,4028790000
CHFJPY,20161128,2000,110.726,110.726,110.590,110.607,4341050000
CHFJPY,20161128,2100,110.607,110.621,110.441,110.464,3302630000
CHFJPY,20161128,2200,110.458,110.543,110.315,110.367,2514880000
CHFJPY,20161128,2300,110.362,110.432,110.247,110.303,5632620000
CHFJPY,20161129,0000,110.302,110.562,110.299,110.513,8868720000
CHFJPY,20161129,0100,110.513,110.727,110.461,110.547,9147050000
CHFJPY,20161129,0200,110.547,110.581,110.444,110.533,7353060000
CHFJPY,20161129,0300,110.531,110.605,110.485,110.518,7049600000
CHFJPY,20161129,0400,110.515,110.555,110.354,110.387,6982440000
CHFJPY,20161129,0500,110.387,110.562,110.375,110.502,6034600000
CHFJPY,20161129,0600,110.506,110.601,110.461,110.582,4600990000
CHFJPY,20161129,0700,110.582,110.807,110.577,110.791,7654910000
CHFJPY,20161129,0800,110.793,110.903,110.655,110.882,10283250000
CHFJPY,20161129,0900,110.882,111.042,110.875,110.993,9359960000
CHFJPY,20161129,1000,110.992,111.062,110.831,110.877,7657380000
CHFJPY,20161129,1100,110.880,111.048,110.865,110.924,6874740000
CHFJPY,20161129,1200,110.923,111.308,110.901,111.122,11921390000
CHFJPY,20161129,1300,111.131,111.516,111.086,111.402,13778600000
CHFJPY,20161129,1400,111.401,111.404,111.127,111.229,15787190000
CHFJPY,20161129,1500,111.230,111.382,111.035,111.351,16429390000
CHFJPY,20161129,1600,111.351,111.452,111.227,111.302,11713460000
CHFJPY,20161129,1700,111.305,111.315,111.122,111.232,9236740000
CHFJPY,20161129,1800,111.230,111.274,111.093,111.104,7169500000
CHFJPY,20161129,1900,111.105,111.168,111.028,111.042,6597100000
CHFJPY,20161129,2000,111.041,111.079,111.001,111.077,5109550000
CHFJPY,20161129,2100,111.076,111.126,111.017,111.067,2678080000
CHFJPY,20161129,2200,111.076,111.223,111.066,111.177,2088970000
CHFJPY,20161129,2300,111.184,111.220,111.114,111.152,4020160000
CHFJPY,20161130,0000,111.155,111.206,110.846,110.972,8557230000
CHFJPY,20161130,0100,110.977,111.061,110.897,110.951,7364370000
CHFJPY,20161130,0200,110.954,111.033,110.898,110.976,5863090000
CHFJPY,20161130,0300,110.976,111.291,110.950,111.151,8391120000
CHFJPY,20161130,0400,111.152,111.453,111.081,111.236,8866890000
CHFJPY,20161130,0500,111.232,111.344,111.151,111.271,6996790000
CHFJPY,20161130,0600,111.271,111.356,111.156,111.232,6792220000
CHFJPY,20161130,0700,111.233,111.270,110.996,111.011,8254550000
CHFJPY,20161130,0800,111.010,111.428,110.988,111.427,13225110000
CHFJPY,20161130,0900,111.427,111.703,111.383,111.509,12771370000
CHFJPY,20161130,1000,111.511,111.612,111.421,111.436,10469680000
CHFJPY,20161130,1100,111.437,111.719,111.426,111.650,9511320000
CHFJPY,20161130,1200,111.660,111.735,111.418,111.490,13139550000
CHFJPY,20161130,1300,111.492,111.624,111.424,111.579,15499210000
CHFJPY,20161130,1400,111.580,111.717,111.461,111.609,18940010000
CHFJPY,20161130,1500,111.605,111.868,111.536,111.845,17550940000
CHFJPY,20161130,1600,111.845,112.342,111.783,112.230,19711120000
CHFJPY,20161130,1700,112.233,112.267,112.072,112.114,10848590000
CHFJPY,20161130,1800,112.112,112.308,112.107,112.308,8040120000
CHFJPY,20161130,1900,112.311,112.428,112.211,112.403,7987980000
CHFJPY,20161130,2000,112.404,112.569,112.360,112.521,7657330000
CHFJPY,20161130,2100,112.518,112.549,112.444,112.478,3247950000
CHFJPY,20161130,2200,112.478,112.557,112.303,112.479,1994030000
CHFJPY,20161130,2300,112.469,112.851,112.406,112.749,5046450000
CHFJPY,20161201,0000,112.751,112.785,112.450,112.512,10087590000
CHFJPY,20161201,0100,112.513,112.671,112.383,112.606,9388030000
CHFJPY,20161201,0200,112.606,112.617,112.400,112.509,8101220000
CHFJPY,20161201,0300,112.509,112.510,112.318,112.389,7141410000
CHFJPY,20161201,0400,112.388,112.490,112.296,112.333,6509310000
CHFJPY,20161201,0500,112.330,112.381,112.144,112.282,10889330000
CHFJPY,20161201,0600,112.282,112.492,112.233,112.303,8745870000
CHFJPY,20161201,0700,112.303,112.461,112.221,112.461,8379240000
CHFJPY,20161201,0800,112.458,112.683,112.387,112.673,10062380000
CHFJPY,20161201,0900,112.675,112.675,112.465,112.633,10210740000
CHFJPY,20161201,1000,112.637,112.732,112.608,112.680,9908950000
CHFJPY,20161201,1100,112.681,112.916,112.681,112.897,7011670000
CHFJPY,20161201,1200,112.897,113.009,112.889,112.912,7107000000
CHFJPY,20161201,1300,112.914,112.922,112.721,112.789,10818530000
CHFJPY,20161201,1400,112.787,112.879,112.714,112.793,13938580000
CHFJPY,20161201,1500,112.803,112.918,112.633,112.886,19097630000
CHFJPY,20161201,1600,112.888,113.091,112.847,112.901,14312110000
CHFJPY,20161201,1700,112.901,113.148,112.890,113.024,7996880000
CHFJPY,20161201,1800,113.025,113.056,112.791,112.842,8796080001
CHFJPY,20161201,1900,112.846,112.904,112.660,112.660,10083650000
CHFJPY,20161201,2000,112.661,112.889,112.649,112.879,6646700000
CHFJPY,20161201,2100,112.885,112.907,112.795,112.856,3464460000
CHFJPY,20161201,2200,112.862,112.959,112.851,112.950,1799830000
CHFJPY,20161201,2300,112.951,112.970,112.669,112.693,6045620000
CHFJPY,20161202,0000,112.695,112.830,112.488,112.552,11623340000
CHFJPY,20161202,0100,112.555,112.682,112.470,112.666,8488180000
CHFJPY,20161202,0200,112.662,112.800,112.621,112.730,5585710000
CHFJPY,20161202,0300,112.732,112.928,112.723,112.799,6935610000
CHFJPY,20161202,0400,112.802,112.831,112.705,112.810,7866130000
CHFJPY,20161202,0500,112.813,112.968,112.792,112.964,6564150000
CHFJPY,20161202,0600,112.965,112.984,112.866,112.899,6216840000
CHFJPY,20161202,0700,112.895,112.947,112.746,112.767,8186040000
CHFJPY,20161202,0800,112.761,112.807,112.619,112.647,9112970000
CHFJPY,20161202,0900,112.647,112.660,112.406,112.479,9437300000
CHFJPY,20161202,1000,112.478,112.571,112.461,112.558,6709370000
CHFJPY,20161202,1100,112.556,112.644,112.441,112.585,5672940000
CHFJPY,20161202,1200,112.583,112.781,112.556,112.712,5433690000
CHFJPY,20161202,1300,112.707,113.016,112.538,112.904,17738110000
CHFJPY,20161202,1400,112.905,112.940,112.451,112.522,15948460000
CHFJPY,20161202,1500,112.522,112.565,112.318,112.487,14267810000
CHFJPY,20161202,1600,112.487,112.771,112.442,112.494,11302700000
CHFJPY,20161202,1700,112.491,112.592,112.395,112.574,7495230000
CHFJPY,20161202,1800,112.576,112.597,112.434,112.497,6394350000
CHFJPY,20161202,1900,112.498,112.575,112.454,112.462,5238690000
CHFJPY,20161202,2000,112.462,112.488,112.348,112.364,6048000000
CHFJPY,20161202,2100,112.366,112.446,112.259,112.259,4095310000
CHFJPY,20161204,2200,111.901,111.975,111.057,111.177,8280580000
CHFJPY,20161204,2300,111.177,111.969,110.959,111.875,14110970000
CHFJPY,20161205,0000,111.885,112.272,111.740,111.982,12739050000
CHFJPY,20161205,0100,111.982,112.117,111.893,111.970,9185680000
CHFJPY,20161205,0200,111.973,112.017,111.667,111.812,6130500000
CHFJPY,20161205,0300,111.812,111.822,111.411,111.555,6868470000
CHFJPY,20161205,0400,111.557,111.748,111.546,111.714,5834750000
CHFJPY,20161205,0500,111.705,111.839,111.705,111.749,5160000000
CHFJPY,20161205,0600,111.743,111.816,111.640,111.683,5833710000
CHFJPY,20161205,0700,111.682,112.540,111.679,112.404,12796580000
CHFJPY,20161205,0800,112.405,112.758,112.235,112.642,16078460000
CHFJPY,20161205,0900,112.642,112.686,112.445,112.600,9772830000
CHFJPY,20161205,1000,112.604,112.855,112.563,112.741,9917390000
CHFJPY,20161205,1100,112.743,113.270,112.698,113.264,12569880000
CHFJPY,20161205,1200,113.267,113.326,113.125,113.248,9209170000
CHFJPY,20161205,1300,113.251,113.350,113.182,113.182,10730820000
CHFJPY,20161205,1400,113.178,113.502,113.163,113.395,11864210000
CHFJPY,20161205,1500,113.405,113.786,113.107,113.116,14654040000
CHFJPY,20161205,1600,113.116,113.201,112.916,112.938,11318650000
CHFJPY,20161205,1700,112.940,113.096,112.649,112.668,10940650000
CHFJPY,20161205,1800,112.669,112.935,112.575,112.876,9318270000
CHFJPY,20161205,1900,112.876,113.073,112.862,113.015,6681450000
CHFJPY,20161205,2000,113.013,113.017,112.891,112.969,4570960000
CHFJPY,20161205,2100,112.968,113.132,112.965,113.094,3065430000
CHFJPY,20161205,2200,113.071,113.151,112.970,113.038,3504720000
CHFJPY,20161205,2300,113.038,113.155,112.997,113.056,4714850000
CHFJPY,20161206,0000,113.058,113.122,112.747,112.798,8019600000
CHFJPY,20161206,0100,112.799,112.967,112.754,112.926,7505280000
CHFJPY,20161206,0200,112.929,112.956,112.857,112.919,5384430000
CHFJPY,20161206,0300,112.919,112.990,112.799,112.932,5777980000
CHFJPY,20161206,0400,112.931,113.006,112.921,112.948,4163480000
CHFJPY,20161206,0500,112.945,113.074,112.936,113.054,3005890000
CHFJPY,20161206,0600,113.057,113.278,113.042,113.236,5302230000
CHFJPY,20161206,0700,113.239,113.254,113.051,113.162,8048170000
CHFJPY,20161206,0800,113.162,113.319,113.073,113.276,9568040000
CHFJPY,20161206,0900,113.278,113.404,113.146,113.379,7383290000
CHFJPY,20161206,1000,113.379,113.403,113.221,113.333,6379740000
CHFJPY,20161206,1100,113.334,113.357,112.925,113.079,8520460000
CHFJPY,20161206,1200,113.077,113.081,112.741,112.826,8828780000
CHFJPY,20161206,1300,112.826,112.941,112.779,112.793,9243150000
CHFJPY,20161206,1400,112.790,112.905,112.736,112.883,9622530000
CHFJPY,20161206,1500,112.881,112.978,112.804,112.913,10157900000
CHFJPY,20161206,1600,112.906,113.055,112.829,112.922,7723960000
CHFJPY,20161206,1700,112.920,112.937,112.678,112.716,6401450000
CHFJPY,20161206,1800,112.715,112.830,112.685,112.731,4260970000
CHFJPY,20161206,1900,112.728,112.877,112.701,112.858,3439730000
CHFJPY,20161206,2000,112.861,112.925,112.817,112.863,3170690000
CHFJPY,20161206,2100,112.866,112.895,112.815,112.816,2209680000
CHFJPY,20161206,2200,112.813,112.952,112.781,112.875,2186610000
CHFJPY,20161206,2300,112.886,112.916,112.801,112.904,3094500000
CHFJPY,20161207,0000,112.906,113.113,112.906,113.078,7640970000
CHFJPY,20161207,0100,113.077,113.131,112.929,112.982,6407150000
CHFJPY,20161207,0200,112.982,113.023,112.941,112.978,5609210000
CHFJPY,20161207,0300,112.978,113.016,112.902,112.987,4136910000
CHFJPY,20161207,0400,112.985,113.105,112.982,113.075,3740280000
CHFJPY,20161207,0500,113.076,113.215,113.050,113.200,4670150000
CHFJPY,20161207,0600,113.200,113.235,113.132,113.176,4173410000
CHFJPY,20161207,0700,113.178,113.294,113.154,113.196,7233890000
CHFJPY,20161207,0800,113.195,113.253,113.049,113.151,8647970000
CHFJPY,20161207,0900,113.151,113.168,112.803,112.815,7633560000
CHFJPY,20161207,1000,112.814,112.938,112.781,112.863,7128270000
CHFJPY,20161207,1100,112.862,112.975,112.788,112.790,5055270000
CHFJPY,20161207,1200,112.788,112.974,112.744,112.965,5584480000
CHFJPY,20161207,1300,112.968,113.020,112.878,112.878,7327440000
CHFJPY,20161207,1400,112.879,112.993,112.877,112.927,7963210000
CHFJPY,20161207,1500,112.926,112.958,112.659,112.759,12635380000
CHFJPY,20161207,1600,112.761,112.887,112.631,112.691,8366570000
CHFJPY,20161207,1700,112.692,112.915,112.679,112.913,6197280000
CHFJPY,20161207,1800,112.915,113.044,112.844,113.023,5170710000
CHFJPY,20161207,1900,113.024,113.127,113.010,113.013,4548110000
CHFJPY,20161207,2000,113.010,113.023,112.930,112.972,4480480000
CHFJPY,20161207,2100,112.972,113.031,112.873,112.876,2627820000
CHFJPY,20161207,2200,112.887,112.932,112.736,112.833,3931460000
CHFJPY,20161207,2300,112.834,112.948,112.823,112.947,2973790000
CHFJPY,20161208,0000,112.948,113.050,112.834,113.037,6130020000
CHFJPY,20161208,0100,113.037,113.040,112.846,112.857,5409480000
CHFJPY,20161208,0200,112.857,112.897,112.716,112.769,6244100000
CHFJPY,20161208,0300,112.767,112.771,112.511,112.600,6765780000
CHFJPY,20161208,0400,112.601,112.732,112.569,112.680,4120610000
CHFJPY,20161208,0500,112.685,112.880,112.613,112.869,4531120000
CHFJPY,20161208,0600,112.870,112.875,112.663,112.780,3966100000
CHFJPY,20161208,0700,112.781,112.925,112.715,112.886,6094880000
CHFJPY,20161208,0800,112.889,112.928,112.572,112.745,8435700000
CHFJPY,20161208,0900,112.746,113.050,112.741,112.906,7756470000
CHFJPY,20161208,1000,112.907,112.942,112.795,112.874,7598050000
CHFJPY,20161208,1100,112.878,112.901,112.551,112.656,6865770000
CHFJPY,20161208,1200,112.653,113.212,112.497,112.881,12987080000
CHFJPY,20161208,1300,112.882,113.013,112.457,112.544,22021280000
CHFJPY,20161208,1400,112.537,112.593,112.142,112.316,20816180000
CHFJPY,20161208,1500,112.315,112.371,112.146,112.339,14080960000
CHFJPY,20161208,1600,112.341,112.458,112.241,112.426,9854860000
CHFJPY,20161208,1700,112.424,112.436,112.286,112.315,5964890000
CHFJPY,20161208,1800,112.315,112.330,112.246,112.261,5080630000
CHFJPY,20161208,1900,112.261,112.267,112.134,112.207,5601030000
CHFJPY,20161208,2000,112.208,112.245,112.128,112.151,4934270000
CHFJPY,20161208,2100,112.149,112.204,112.077,112.204,3419370000
CHFJPY,20161208,2200,112.194,112.271,112.141,112.267,2591230000
CHFJPY,20161208,2300,112.261,112.309,112.226,112.261,4368940000
CHFJPY,20161209,0000,112.262,112.496,112.188,112.458,7496990000
CHFJPY,20161209,0100,112.460,112.609,112.401,112.523,7492340000
CHFJPY,20161209,0200,112.523,112.559,112.464,112.490,6992970000
CHFJPY,20161209,0300,112.491,112.588,112.469,112.575,4125720000
CHFJPY,20161209,0400,112.575,112.622,112.534,112.568,4107330000
CHFJPY,20161209,0500,112.567,112.647,112.498,112.637,4472480000
CHFJPY,20161209,0600,112.643,112.646,112.552,112.623,3694480000
CHFJPY,20161209,0700,112.620,112.668,112.530,112.603,7025810000
CHFJPY,20161209,0800,112.605,112.715,112.540,112.633,8252100000
CHFJPY,20161209,0900,112.633,112.691,112.445,112.632,7309990000
CHFJPY,20161209,1000,112.629,112.728,112.602,112.725,6555700000
CHFJPY,20161209,1100,112.720,112.907,112.663,112.898,8877400000
CHFJPY,20161209,1200,112.897,113.088,112.842,113.032,11562450000
CHFJPY,20161209,1300,113.034,113.076,112.657,112.857,14271650000
CHFJPY,20161209,1400,112.857,112.910,112.716,112.823,11404360000
CHFJPY,20161209,1500,112.837,112.938,112.712,112.861,11816970001
CHFJPY,20161209,1600,112.867,113.103,112.785,113.067,10666220000
CHFJPY,20161209,1700,113.067,113.290,113.067,113.172,7889900000
CHFJPY,20161209,1800,113.172,113.172,113.055,113.132,4332940000
CHFJPY,20161209,1900,113.131,113.220,113.105,113.186,3975880000
CHFJPY,20161209,2000,113.188,113.259,113.172,113.251,3644200000
CHFJPY,20161209,2100,113.248,113.371,113.215,113.317,4099230000
CHFJPY,20161211,2200,113.278,113.417,113.257,113.385,1433270000
CHFJPY,20161211,2300,113.385,113.497,113.306,113.360,6751120000
CHFJPY,20161212,0000,113.364,113.397,113.235,113.336,7285470000
CHFJPY,20161212,0100,113.334,113.422,113.260,113.422,7049060000
CHFJPY,20161212,0200,113.424,113.444,113.175,113.319,12613990000
CHFJPY,20161212,0300,113.325,113.329,113.171,113.263,5991200000
CHFJPY,20161212,0400,113.264,113.507,113.252,113.482,5181600000
CHFJPY,20161212,0500,113.482,113.517,113.411,113.502,5159020000
CHFJPY,20161212,0600,113.502,113.630,113.472,113.544,4914960000
CHFJPY,20161212,0700,113.542,113.810,113.510,113.778,8207150000
CHFJPY,20161212,0800,113.781,114.150,113.769,114.128,11862970000
CHFJPY,20161212,0900,114.132,114.197,113.894,113.999,8742240000
CHFJPY,20161212,1000,113.999,114.136,113.973,114.059,7612410000
CHFJPY,20161212,1100,114.056,114.166,113.964,114.026,7057900000
CHFJPY,20161212,1200,114.027,114.074,113.844,113.869,7110670000
CHFJPY,20161212,1300,113.867,113.920,113.589,113.688,10913450000
CHFJPY,20161212,1400,113.690,113.782,113.506,113.714,11198220000
CHFJPY,20161212,1500,113.715,113.822,113.513,113.597,10495700000
CHFJPY,20161212,1600,113.592,113.707,113.523,113.551,9108080000
CHFJPY,20161212,1700,113.552,113.681,113.431,113.504,9390920000
CHFJPY,20161212,1800,113.505,113.573,113.357,113.537,8283690000
CHFJPY,20161212,1900,113.535,113.577,113.445,113.453,5490770000
CHFJPY,20161212,2000,113.453,113.505,113.374,113.427,4330870000
CHFJPY,20161212,2100,113.427,113.541,113.413,113.483,2374130000
CHFJPY,20161212,2200,113.479,113.522,113.192,113.346,3374520000
CHFJPY,20161212,2300,113.367,113.509,113.306,113.478,7512160000
CHFJPY,20161213,0000,113.471,113.577,113.321,113.563,9351280000
CHFJPY,20161213,0100,113.564,113.654,113.497,113.606,8070770000
CHFJPY,20161213,0200,113.607,113.684,113.464,113.476,6757850000
CHFJPY,20161213,0300,113.476,113.510,113.379,113.463,7002900000
CHFJPY,20161213,0400,113.462,113.594,113.416,113.556,5340910000
CHFJPY,20161213,0500,113.555,113.788,113.497,113.762,6248690000
CHFJPY,20161213,0600,113.762,113.823,113.644,113.652,5569320000
CHFJPY,20161213,0700,113.654,113.804,113.645,113.776,6639400000
CHFJPY,20161213,0800,113.776,113.865,113.665,113.836,10100070000
CHFJPY,20161213,0900,113.833,113.890,113.671,113.682,7996880000
CHFJPY,20161213,1000,113.680,113.929,113.677,113.896,6771070000
CHFJPY,20161213,1100,113.897,113.935,113.834,113.903,5980710000
CHFJPY,20161213,1200,113.901,113.930,113.827,113.913,6254680000
CHFJPY,20161213,1300,113.912,113.931,113.681,113.684,10227210000
CHFJPY,20161213,1400,113.686,113.987,113.686,113.847,13224240000
CHFJPY,20161213,1500,113.846,114.092,113.845,113.983,12932360000
CHFJPY,20161213,1600,113.986,114.004,113.798,113.900,10692170000
CHFJPY,20161213,1700,113.903,113.947,113.760,113.836,7105840000
CHFJPY,20161213,1800,113.835,113.892,113.758,113.852,6268730000
CHFJPY,20161213,1900,113.850,113.854,113.762,113.786,4442580000
CHFJPY,20161213,2000,113.786,113.802,113.672,113.698,4286150000
CHFJPY,20161213,2100,113.694,113.806,113.676,113.785,2988640000
CHFJPY,20161213,2200,113.754,113.863,113.728,113.826,2929140000
CHFJPY,20161213,2300,113.864,113.904,113.775,113.861,6454410000
CHFJPY,20161214,0000,113.863,113.872,113.678,113.839,7334120000
CHFJPY,20161214,0100,113.839,113.966,113.787,113.917,7108750000
CHFJPY,20161214,0200,113.916,113.953,113.816,113.823,4721210000
CHFJPY,20161214,0300,113.828,113.958,113.828,113.919,4831690000
CHFJPY,20161214,0400,113.917,113.948,113.823,113.930,4196320000
CHFJPY,20161214,0500,113.930,113.962,113.853,113.900,4035390000
CHFJPY,20161214,0600,113.899,113.954,113.831,113.859,4377080000
CHFJPY,20161214,0700,113.859,113.923,113.658,113.671,8462730000
CHFJPY,20161214,0800,113.673,113.843,113.643,113.843,8961390000
CHFJPY,20161214,0900,113.843,113.901,113.717,113.876,6497090000
CHFJPY,20161214,1000,113.874,114.013,113.812,113.815,6134950000
CHFJPY,20161214,1100,113.816,113.871,113.709,113.818,6014760000
CHFJPY,20161214,1200,113.813,113.903,113.795,113.880,5921950000
CHFJPY,20161214,1300,113.881,113.907,113.682,113.692,9375050000
CHFJPY,20161214,1400,113.692,113.892,113.675,113.867,9439740000
CHFJPY,20161214,1500,113.872,113.973,113.871,113.932,10211980000
CHFJPY,20161214,1600,113.932,113.953,113.826,113.918,7819050000
CHFJPY,20161214,1700,113.916,114.000,113.886,113.964,5250720000
CHFJPY,20161214,1800,113.962,114.027,113.754,113.880,8156260000
CHFJPY,20161214,1900,113.879,114.400,113.844,114.202,24499760000
CHFJPY,20161214,2000,114.201,114.908,114.104,114.822,18315650000
CHFJPY,20161214,2100,114.821,114.853,114.637,114.683,7260510000
CHFJPY,20161214,2200,114.707,114.916,114.582,114.840,4877330000
CHFJPY,20161214,2300,114.849,114.910,114.608,114.634,8296990000
CHFJPY,20161215,0000,114.634,115.009,114.617,114.929,13134980000
CHFJPY,20161215,0100,114.932,114.963,114.718,114.840,11064580000
CHFJPY,20161215,0200,114.838,114.888,114.636,114.765,9744510000
CHFJPY,20161215,0300,114.762,114.823,114.725,114.773,7260110000
CHFJPY,20161215,0400,114.774,114.916,114.718,114.847,6532690000
CHFJPY,20161215,0500,114.848,114.965,114.832,114.895,6079110000
CHFJPY,20161215,0600,114.895,114.902,114.745,114.767,6731790000
CHFJPY,20161215,0700,114.765,114.970,114.749,114.893,11278970000
CHFJPY,20161215,0800,114.878,115.131,114.837,115.113,13953480000
CHFJPY,20161215,0900,115.112,115.149,114.917,115.100,10647340000
CHFJPY,20161215,1000,115.099,115.373,115.048,115.219,12927380000
CHFJPY,20161215,1100,115.219,115.339,114.692,114.760,15831430000
CHFJPY,20161215,1200,114.760,114.823,114.551,114.757,14338580000
CHFJPY,20161215,1300,114.755,114.757,114.305,114.413,18811379999
CHFJPY,20161215,1400,114.411,114.917,114.381,114.797,17177180000
CHFJPY,20161215,1500,114.796,115.037,114.787,115.013,17652550000
CHFJPY,20161215,1600,115.013,115.033,114.457,114.504,15449020000
CHFJPY,20161215,1700,114.500,114.528,114.255,114.401,11483800000
CHFJPY,20161215,1800,114.398,114.533,114.295,114.394,8588490000
CHFJPY,20161215,1900,114.393,114.576,114.382,114.474,7960980000
CHFJPY,20161215,2000,114.472,114.682,114.471,114.677,7175440000
CHFJPY,20161215,2100,114.676,114.786,114.619,114.726,5320880000
CHFJPY,20161215,2200,114.726,114.896,114.701,114.773,2526610000
CHFJPY,20161215,2300,114.774,114.897,114.750,114.823,9309250000
CHFJPY,20161216,0000,114.823,114.895,114.607,114.825,8855810000
CHFJPY,20161216,0100,114.825,114.855,114.668,114.799,7598720000
CHFJPY,20161216,0200,114.799,115.033,114.796,114.907,6403170000
CHFJPY,20161216,0300,114.907,114.930,114.853,114.866,4695900000
CHFJPY,20161216,0400,114.867,114.950,114.836,114.917,4566000000
CHFJPY,20161216,0500,114.919,114.969,114.858,114.868,5194430000
CHFJPY,20161216,0600,114.867,114.932,114.783,114.881,6649510000
CHFJPY,20161216,0700,114.885,115.048,114.836,114.966,7902170000
CHFJPY,20161216,0800,114.966,115.145,114.959,114.998,9482990000
CHFJPY,20161216,0900,114.997,115.016,114.756,114.840,8885380000
CHFJPY,20161216,1000,114.851,114.938,114.774,114.909,10382180000
CHFJPY,20161216,1100,114.912,114.948,114.786,114.856,7291720000
CHFJPY,20161216,1200,114.856,114.961,114.773,114.833,8248580000
CHFJPY,20161216,1300,114.836,114.860,114.687,114.765,9881730000
CHFJPY,20161216,1400,114.765,114.813,114.629,114.788,12242340000
CHFJPY,20161216,1500,114.790,115.027,114.751,115.021,13279370000
CHFJPY,20161216,1600,115.022,115.040,114.557,114.766,19531640000
CHFJPY,20161216,1700,114.762,114.878,114.588,114.666,12059320000
CHFJPY,20161216,1800,114.668,114.883,114.660,114.861,8755270000
CHFJPY,20161216,1900,114.868,114.875,114.780,114.812,7529980000
CHFJPY,20161216,2000,114.817,114.875,114.729,114.799,6884560000
CHFJPY,20161216,2100,114.797,114.933,114.779,114.848,4000700000
CHFJPY,20161218,2200,114.877,114.938,114.718,114.726,1375200000
CHFJPY,20161218,2300,114.726,114.805,114.660,114.723,12550820000
CHFJPY,20161219,0000,114.723,114.742,114.600,114.641,6849570000
CHFJPY,20161219,0100,114.641,114.663,114.511,114.629,8561030000
CHFJPY,20161219,0200,114.629,114.709,114.569,114.624,6295540000
CHFJPY,20161219,0300,114.624,114.668,114.571,114.608,4393900000
CHFJPY,20161219,0400,114.608,114.620,114.322,114.374,6196640000
CHFJPY,20161219,0500,114.375,114.428,114.272,114.344,5729690000
CHFJPY,20161219,0600,114.342,114.516,114.304,114.360,5471540000
CHFJPY,20161219,0700,114.363,114.503,114.172,114.461,7009440000
CHFJPY,20161219,0800,114.462,114.546,114.368,114.490,7265490000
CHFJPY,20161219,0900,114.486,114.583,114.400,114.498,7145730000
CHFJPY,20161219,1000,114.499,114.535,114.371,114.428,6312280000
CHFJPY,20161219,1100,114.428,114.475,114.160,114.222,6963610000
CHFJPY,20161219,1200,114.224,114.356,114.198,114.199,6329900000
CHFJPY,20161219,1300,114.198,114.227,113.871,114.111,10015750000
CHFJPY,20161219,1400,114.112,114.305,113.999,114.227,10296140000
CHFJPY,20161219,1500,114.228,114.292,113.952,114.173,12550570000
CHFJPY,20161219,1600,114.174,114.215,113.928,114.010,12601850000
CHFJPY,20161219,1700,114.008,114.125,113.999,114.067,6321070000
CHFJPY,20161219,1800,114.072,114.416,114.023,114.347,10007100000
CHFJPY,20161219,1900,114.344,114.367,114.147,114.151,9532710000
CHFJPY,20161219,2000,114.151,114.184,113.877,114.017,6840130000
CHFJPY,20161219,2100,114.017,114.088,113.954,113.964,2669070000
CHFJPY,20161219,2200,113.958,114.083,113.910,113.960,1747910000
CHFJPY,20161219,2300,113.957,114.120,113.893,113.910,8668340000
CHFJPY,20161220,0000,113.916,114.173,113.916,114.151,7950540000
CHFJPY,20161220,0100,114.152,114.309,114.093,114.220,6854280000
CHFJPY,20161220,0200,114.220,114.288,114.042,114.259,23155610000
CHFJPY,20161220,0300,114.263,114.460,114.139,114.213,7069950000
CHFJPY,20161220,0400,114.213,114.442,114.207,114.351,6705830000
CHFJPY,20161220,0500,114.349,114.513,114.315,114.489,6672770000
CHFJPY,20161220,0600,114.490,114.603,114.386,114.544,7881980000
CHFJPY,20161220,0700,114.534,114.709,114.481,114.685,7813350000
CHFJPY,20161220,0800,114.685,114.957,114.662,114.878,10383360000
CHFJPY,20161220,0900,114.879,114.923,114.642,114.732,6560970000
CHFJPY,20161220,1000,114.732,114.762,114.572,114.618,6225160000
CHFJPY,20161220,1100,114.622,114.639,114.420,114.485,5523690000
CHFJPY,20161220,1200,114.485,114.598,114.476,114.494,8124810000
CHFJPY,20161220,1300,114.497,114.635,114.398,114.489,8111910000
CHFJPY,20161220,1400,114.491,114.627,114.411,114.554,9954240000
CHFJPY,20161220,1500,114.558,114.803,114.525,114.713,10549720000
CHFJPY,20161220,1600,114.713,114.770,114.572,114.612,10140110000
CHFJPY,20161220,1700,114.615,114.653,114.559,114.562,6005040000
CHFJPY,20161220,1800,114.562,114.574,114.478,114.543,5199920000
CHFJPY,20161220,1900,114.541,114.555,114.408,114.519,4721270000
CHFJPY,20161220,2000,114.518,114.536,114.466,114.517,4382710000
CHFJPY,20161220,2100,114.513,114.581,114.488,114.514,2268710000
CHFJPY,20161220,2200,114.492,114.681,114.492,114.600,1684960000
CHFJPY,20161220,2300,114.600,114.632,114.527,114.532,5011480000
CHFJPY,20161221,0000,114.526,114.669,114.461,114.630,6038050000
CHFJPY,20161221,0100,114.629,114.727,114.508,114.543,6795540000
CHFJPY,20161221,0200,114.544,114.605,114.482,114.566,7199760000
CHFJPY,20161221,0300,114.563,114.594,114.484,114.545,5219480000
CHFJPY,20161221,0400,114.545,114.550,114.310,114.356,5598640000
CHFJPY,20161221,0500,114.357,114.470,114.351,114.456,4415980000
CHFJPY,20161221,0600,114.460,114.472,114.286,114.321,3938750000
CHFJPY,20161221,0700,114.319,114.477,114.315,114.455,5573980000
CHFJPY,20161221,0800,114.452,114.513,114.425,114.465,7415180000
CHFJPY,20161221,0900,114.465,114.504,114.364,114.434,6745560000
CHFJPY,20161221,1000,114.434,114.477,114.207,114.296,6267260000
CHFJPY,20161221,1100,114.296,114.467,114.290,114.417,4754210000
CHFJPY,20161221,1200,114.418,114.428,114.236,114.315,7576590000
CHFJPY,20161221,1300,114.316,114.509,114.311,114.441,7580770000
CHFJPY,20161221,1400,114.438,114.653,114.426,114.541,8023300000
CHFJPY,20161221,1500,114.536,114.747,114.531,114.740,9398720000
CHFJPY,20161221,1600,114.743,114.889,114.672,114.802,8467250000
CHFJPY,20161221,1700,114.802,114.860,114.696,114.712,4837910000
CHFJPY,20161221,1800,114.706,114.754,114.603,114.623,3909310000
CHFJPY,20161221,1900,114.625,114.649,114.532,114.578,3466400000
CHFJPY,20161221,2000,114.578,114.594,114.517,114.563,3164200000
CHFJPY,20161221,2100,114.561,114.582,114.424,114.497,3594160000
CHFJPY,20161221,2200,114.482,114.599,114.350,114.388,3367390000
CHFJPY,20161221,2300,114.403,114.563,114.389,114.562,3116970000
CHFJPY,20161222,0000,114.560,114.717,114.409,114.629,6515310000
CHFJPY,20161222,0100,114.628,114.701,114.595,114.656,6262990000
CHFJPY,20161222,0200,114.656,114.697,114.617,114.617,3839330000
CHFJPY,20161222,0300,114.619,114.663,114.607,114.626,3627360000
CHFJPY,20161222,0400,114.626,114.656,114.575,114.636,4166030000
CHFJPY,20161222,0500,114.636,114.690,114.610,114.689,3914390000
CHFJPY,20161222,0600,114.695,114.787,114.655,114.779,4252530000
CHFJPY,20161222,0700,114.783,114.846,114.657,114.659,5069310000
CHFJPY,20161222,0800,114.662,114.818,114.628,114.663,7224160000
CHFJPY,20161222,0900,114.666,114.752,114.592,114.596,5534600000
CHFJPY,20161222,1000,114.597,114.885,114.588,114.818,6537370000
CHFJPY,20161222,1100,114.818,114.882,114.749,114.791,5354780000
CHFJPY,20161222,1200,114.790,114.884,114.747,114.783,5243280000
CHFJPY,20161222,1300,114.783,114.895,114.741,114.857,7968960000
CHFJPY,20161222,1400,114.861,114.904,114.627,114.808,8423440000
CHFJPY,20161222,1500,114.807,114.814,114.625,114.626,11636650000
CHFJPY,20161222,1600,114.626,114.707,114.583,114.669,6667310000
CHFJPY,20161222,1700,114.668,114.762,114.642,114.701,4871730000
CHFJPY,20161222,1800,114.703,114.782,114.678,114.735,4007480000
CHFJPY,20161222,1900,114.734,114.749,114.610,114.612,3677440000
CHFJPY,20161222,2000,114.615,114.653,114.580,114.607,3674190000
CHFJPY,20161222,2100,114.609,114.625,114.555,114.577,2507840000
CHFJPY,20161222,2200,114.581,114.627,114.484,114.542,1065830000
CHFJPY,20161222,2300,114.550,114.640,114.550,114.568,3053740000
CHFJPY,20161223,0000,114.567,114.596,114.501,114.557,3403880000
CHFJPY,20161223,0100,114.557,114.584,114.521,114.581,2981830000
CHFJPY,20161223,0200,114.579,114.601,114.526,114.526,3293460000
CHFJPY,20161223,0300,114.525,114.556,114.517,114.552,2074060000
CHFJPY,20161223,0400,114.554,114.590,114.527,114.566,2295640000
CHFJPY,20161223,0500,114.566,114.570,114.520,114.529,2533130000
CHFJPY,20161223,0600,114.532,114.537,114.415,114.454,3151050000
CHFJPY,20161223,0700,114.452,114.536,114.426,114.466,3595470000
CHFJPY,20161223,0800,114.464,114.500,114.311,114.336,4558870000
CHFJPY,20161223,0900,114.337,114.470,114.264,114.448,5292170000
CHFJPY,20161223,1000,114.449,114.517,114.341,114.396,5502730000
CHFJPY,20161223,1100,114.397,114.452,114.336,114.441,4333910000
CHFJPY,20161223,1200,114.441,114.517,114.386,114.471,4962450000
CHFJPY,20161223,1300,114.467,114.517,114.289,114.294,5487450000
CHFJPY,20161223,1400,114.292,114.330,114.166,114.227,6517240000
CHFJPY,20161223,1500,114.222,114.357,114.071,114.297,6584060000
CHFJPY,20161223,1600,114.296,114.307,114.111,114.142,4864920000
CHFJPY,20161223,1700,114.142,114.177,114.046,114.072,3252420000
CHFJPY,20161223,1800,114.072,114.096,114.041,114.053,3089330000
CHFJPY,20161223,1900,114.055,114.116,114.036,114.106,2306600000
CHFJPY,20161223,2000,114.106,114.198,114.076,114.175,3831680000
CHFJPY,20161223,2100,114.175,114.263,114.133,114.178,2704050000
CHFJPY,20161225,2200,114.175,114.306,114.098,114.229,687440000
CHFJPY,20161225,2300,114.234,114.348,114.234,114.282,4930040000
CHFJPY,20161226,0000,114.286,114.312,113.966,114.004,14253620000
CHFJPY,20161226,0100,114.009,114.176,113.969,114.144,12068020000
CHFJPY,20161226,0200,114.144,114.207,114.090,114.107,7247160000
CHFJPY,20161226,0300,114.106,114.162,114.056,114.094,7380160000
CHFJPY,20161226,0400,114.098,114.277,114.033,114.207,10355070000
CHFJPY,20161226,0500,114.207,114.253,114.065,114.163,11263580000
CHFJPY,20161226,0600,114.163,114.296,114.053,114.271,5639220000
CHFJPY,20161226,0700,114.275,114.339,114.174,114.215,1527790000
CHFJPY,20161226,0800,114.215,114.215,114.007,114.007,2158020000
CHFJPY,20161226,0900,114.007,114.080,113.950,114.005,1982530000
CHFJPY,20161226,1000,114.005,114.006,113.942,113.976,1386310000
CHFJPY,20161226,1100,113.976,114.139,113.976,114.053,1228480000
CHFJPY,20161226,1200,114.050,114.097,113.943,113.944,798200000
CHFJPY,20161226,1300,113.946,114.020,113.944,113.969,530000000
CHFJPY,20161226,1400,113.966,114.072,113.915,114.026,5793100000
CHFJPY,20161226,1500,114.032,114.067,113.839,113.844,2497120000
CHFJPY,20161226,1600,113.843,113.972,113.827,113.892,1339950000
CHFJPY,20161226,1700,113.892,113.983,113.861,113.951,553830000
CHFJPY,20161226,1800,113.952,114.060,113.946,114.012,804720000
CHFJPY,20161226,1900,114.007,114.013,113.882,113.958,794860000
CHFJPY,20161226,2000,113.953,113.992,113.941,113.962,1212670000
CHFJPY,20161226,2100,113.961,113.987,113.884,113.884,5267750000
CHFJPY,20161226,2200,113.961,114.023,113.913,113.987,603320000
CHFJPY,20161226,2300,113.987,114.134,113.983,114.111,7298840000
CHFJPY,20161227,0000,114.109,114.285,114.084,114.285,8393210000
CHFJPY,20161227,0100,114.284,114.285,114.112,114.136,9326850000
CHFJPY,20161227,0200,114.138,114.140,114.057,114.057,4904240000
CHFJPY,20161227,0300,114.055,114.112,114.038,114.106,4037370000
CHFJPY,20161227,0400,114.106,114.125,114.054,114.077,5075090000
CHFJPY,20161227,0500,114.074,114.119,114.047,114.115,3238280000
CHFJPY,20161227,0600,114.115,114.132,114.081,114.106,3396340000
CHFJPY,20161227,0700,114.105,114.158,114.054,114.055,3941380000
CHFJPY,20161227,0800,114.053,114.098,113.954,114.007,4529690000
CHFJPY,20161227,0900,114.007,114.051,113.986,114.026,3916770000
CHFJPY,20161227,1000,114.025,114.146,113.994,114.100,3368530000
CHFJPY,20161227,1100,114.100,114.116,114.024,114.033,2786230000
CHFJPY,20161227,1200,114.033,114.042,113.978,114.006,3320300000
CHFJPY,20161227,1300,114.005,114.041,113.977,114.017,3901560000
CHFJPY,20161227,1400,114.017,114.271,114.012,114.214,4981240000
CHFJPY,20161227,1500,114.211,114.327,114.178,114.318,5337270000
CHFJPY,20161227,1600,114.318,114.364,114.262,114.269,3787420000
CHFJPY,20161227,1700,114.272,114.293,114.192,114.204,2939880000
CHFJPY,20161227,1800,114.206,114.245,114.181,114.242,2927070000
CHFJPY,20161227,1900,114.243,114.283,114.236,114.255,2622720000
CHFJPY,20161227,2000,114.256,114.273,114.220,114.239,2087920000
CHFJPY,20161227,2100,114.240,114.264,114.169,114.175,1679030000
CHFJPY,20161227,2200,114.186,114.261,114.144,114.220,1907340000
CHFJPY,20161227,2300,114.222,114.329,114.203,114.303,3510400000
CHFJPY,20161228,0000,114.303,114.479,114.209,114.423,5620970000
CHFJPY,20161228,0100,114.421,114.549,114.397,114.528,4859530000
CHFJPY,20161228,0200,114.531,114.609,114.507,114.521,4587500000
CHFJPY,20161228,0300,114.521,114.539,114.382,114.423,3416410000
CHFJPY,20161228,0400,114.423,114.513,114.404,114.512,3311860000
CHFJPY,20161228,0500,114.511,114.529,114.442,114.455,4298080000
CHFJPY,20161228,0600,114.455,114.526,114.394,114.447,3574910000
CHFJPY,20161228,0700,114.446,114.461,114.358,114.386,4303740000
CHFJPY,20161228,0800,114.384,114.394,114.282,114.329,5659230000
CHFJPY,20161228,0900,114.324,114.373,114.242,114.357,5302570000
CHFJPY,20161228,1000,114.354,114.505,114.348,114.467,4164000000
CHFJPY,20161228,1100,114.467,114.494,114.323,114.336,5607960000
CHFJPY,20161228,1200,114.336,114.363,114.161,114.236,5590320000
CHFJPY,20161228,1300,114.234,114.360,114.187,114.351,5937520000
CHFJPY,20161228,1400,114.351,114.351,114.178,114.179,6737670000
CHFJPY,20161228,1500,114.182,114.322,114.087,114.180,7496370000
CHFJPY,20161228,1600,114.178,114.186,114.068,114.089,5825870000
CHFJPY,20161228,1700,114.089,114.097,113.971,113.996,4764250000
CHFJPY,20161228,1800,113.993,114.051,113.823,113.847,6360190000
CHFJPY,20161228,1900,113.848,113.953,113.810,113.932,7218670000
CHFJPY,20161228,2000,113.935,113.950,113.832,113.904,5398060000
CHFJPY,20161228,2100,113.904,114.009,113.828,113.992,3309680000
CHFJPY,20161228,2200,113.991,113.991,113.606,113.866,4207330000
CHFJPY,20161228,2300,113.868,113.916,113.810,113.852,6083190000
CHFJPY,20161229,0000,113.852,113.912,113.709,113.846,6522080000
CHFJPY,20161229,0100,113.850,113.884,113.664,113.676,6637320000
CHFJPY,20161229,0200,113.666,113.804,113.639,113.761,4312130000
CHFJPY,20161229,0300,113.761,113.765,113.648,113.719,5133990000
CHFJPY,20161229,0400,113.717,113.788,113.614,113.777,7076790000
CHFJPY,20161229,0500,113.778,113.851,113.711,113.754,4805100000
CHFJPY,20161229,0600,113.756,113.790,113.428,113.484,6425870000
CHFJPY,20161229,0700,113.483,113.525,113.389,113.492,5893360000
CHFJPY,20161229,0800,113.493,113.603,113.461,113.573,7389020000
CHFJPY,20161229,0900,113.570,113.722,113.567,113.686,6959400000
CHFJPY,20161229,1000,113.686,113.852,113.631,113.754,5516690000
CHFJPY,20161229,1100,113.757,113.899,113.729,113.837,5207210000
CHFJPY,20161229,1200,113.838,113.944,113.758,113.871,4958220000
CHFJPY,20161229,1300,113.871,114.081,113.849,114.073,7013480000
CHFJPY,20161229,1400,114.069,114.114,113.866,113.882,7219020000
CHFJPY,20161229,1500,113.876,113.920,113.665,113.717,6954990000
CHFJPY,20161229,1600,113.716,113.804,113.646,113.695,8912850000
CHFJPY,20161229,1700,113.698,113.812,113.665,113.769,5500940000
CHFJPY,20161229,1800,113.772,114.027,113.731,113.868,5055710000
CHFJPY,20161229,1900,113.869,114.052,113.869,113.920,5197750000
CHFJPY,20161229,2000,113.918,113.986,113.832,113.877,3571160000
CHFJPY,20161229,2100,113.875,113.976,113.839,113.910,3206810000
CHFJPY,20161229,2200,113.882,114.039,113.880,113.983,1962780000
CHFJPY,20161229,2300,113.983,115.526,113.884,114.325,13424490000
CHFJPY,20161230,0000,114.323,114.535,114.129,114.172,11500380000
CHFJPY,20161230,0100,114.174,114.235,114.046,114.102,10551270000
CHFJPY,20161230,0200,114.100,114.200,114.038,114.061,9145900000
CHFJPY,20161230,0300,114.062,114.391,114.062,114.311,8835130000
CHFJPY,20161230,0400,114.311,114.491,114.308,114.374,6082920000
CHFJPY,20161230,0500,114.376,114.512,114.373,114.417,5621190000
CHFJPY,20161230,0600,114.415,114.504,114.292,114.467,6017910000
CHFJPY,20161230,0700,114.469,114.649,114.448,114.453,7568030000
CHFJPY,20161230,0800,114.453,114.804,114.386,114.798,9250480000
CHFJPY,20161230,0900,114.800,115.199,114.773,115.156,11727230000
CHFJPY,20161230,1000,115.156,115.196,114.667,114.699,10906640000
CHFJPY,20161230,1100,114.701,114.961,114.628,114.903,7796220000
CHFJPY,20161230,1200,114.904,114.979,114.793,114.890,9277680000
CHFJPY,20161230,1300,114.888,115.031,114.858,114.945,8776540000
CHFJPY,20161230,1400,114.944,115.041,114.751,114.818,11443400000
CHFJPY,20161230,1500,114.819,114.988,114.664,114.785,11973240000
CHFJPY,20161230,1600,114.782,115.044,114.742,114.937,11140130000
CHFJPY,20161230,1700,114.936,114.954,114.627,114.677,10063630000
CHFJPY,20161230,1800,114.674,114.775,114.656,114.700,12015210000
CHFJPY,20161230,1900,114.696,114.722,114.608,114.689,7799580000
CHFJPY,20161230,2000,114.689,114.830,114.671,114.775,5950550000
CHFJPY,20161230,2100,114.776,114.943,114.680,114.904,3920040000
