<TICKER>,<DTYYYYMMDD>,<TIME>,<OPEN>,<HIGH>,<LOW>,<CLOSE>,<VOL>
USDJPY,20231229,2100,140.984,140.984,140.968,140.975,27000000
USDJPY,20240101,2200,140.843,140.961,140.839,140.875,577880000
USDJPY,20240101,2300,140.883,141.128,140.811,141.110,7594690000
USDJPY,20240102,0000,141.110,141.378,141.096,141.140,12055480000
USDJPY,20240102,0100,141.142,141.456,141.141,141.439,11158060000
USDJPY,20240102,0200,141.435,141.669,141.364,141.562,12562630001
USDJPY,20240102,0300,141.561,141.665,141.494,141.499,9904040000
USDJPY,20240102,0400,141.501,141.585,141.459,141.537,6251940000
USDJPY,20240102,0500,141.533,141.533,141.345,141.350,7614470000
USDJPY,20240102,0600,141.350,141.550,141.335,141.521,6203630000
USDJPY,20240102,0700,141.519,141.604,141.387,141.544,26172430000
USDJPY,20240102,0800,141.543,141.592,141.290,141.555,26942930000
USDJPY,20240102,0900,141.555,141.672,141.377,141.552,19067290000
USDJPY,20240102,1000,141.552,141.771,141.504,141.649,17117880000
USDJPY,20240102,1100,141.650,141.887,141.590,141.825,15500700000
USDJPY,20240102,1200,141.825,142.216,141.791,142.114,17286560000
USDJPY,20240102,1300,142.114,142.160,141.885,142.150,19733560000
USDJPY,20240102,1400,142.150,142.175,141.510,141.546,27272140000
USDJPY,20240102,1500,141.548,142.015,141.499,141.925,31396240000
USDJPY,20240102,1600,141.924,141.998,141.711,141.892,19643610000
USDJPY,20240102,1700,141.891,141.998,141.877,141.971,10681280000
USDJPY,20240102,1800,141.970,142.001,141.847,141.949,6110500000
USDJPY,20240102,1900,141.947,142.000,141.901,141.946,4451360000
USDJPY,20240102,2000,141.947,141.974,141.803,141.966,6766210000
USDJPY,20240102,2100,141.966,142.017,141.943,141.978,3763220000
USDJPY,20240102,2200,141.971,142.056,141.856,142.041,1319890000
USDJPY,20240102,2300,142.041,142.181,142.041,142.173,3681440000
USDJPY,20240103,0000,142.174,142.174,141.858,141.954,7172550000
USDJPY,20240103,0100,141.954,142.135,141.907,142.013,6511920000
USDJPY,20240103,0200,142.013,142.063,141.984,142.034,5039700000
USDJPY,20240103,0300,142.037,142.041,141.877,141.889,5944930000
USDJPY,20240103,0400,141.886,141.943,141.858,141.904,4723190000
USDJPY,20240103,0500,141.904,142.132,141.904,142.123,4840480000
USDJPY,20240103,0600,142.120,142.131,142.010,142.088,9318630002
USDJPY,20240103,0700,142.087,142.468,142.035,142.418,18910250000
USDJPY,20240103,0800,142.417,142.645,142.396,142.572,16040880000
USDJPY,20240103,0900,142.573,142.710,142.499,142.637,13666460000
USDJPY,20240103,1000,142.638,142.794,142.599,142.649,15323090000
USDJPY,20240103,1100,142.648,142.980,142.591,142.932,25590590000
USDJPY,20240103,1200,142.931,142.989,142.789,142.932,30311060000
USDJPY,20240103,1300,142.934,143.083,142.816,143.017,40546040000
USDJPY,20240103,1400,143.017,143.410,142.961,143.204,40462810000
USDJPY,20240103,1500,143.222,143.727,142.809,143.599,52395190000
USDJPY,20240103,1600,143.599,143.599,143.338,143.556,31860709999
USDJPY,20240103,1700,143.555,143.727,143.495,143.609,18436280000
USDJPY,20240103,1800,143.607,143.671,143.465,143.564,17694480000
USDJPY,20240103,1900,143.564,143.731,143.136,143.235,41831720000
USDJPY,20240103,2000,143.237,143.276,143.116,143.237,16910060000
USDJPY,20240103,2100,143.238,143.307,143.229,143.281,5693950000
USDJPY,20240103,2200,143.277,143.277,143.102,143.136,2426230000
USDJPY,20240103,2300,143.140,143.145,142.948,142.995,8563290000
USDJPY,20240104,0000,142.995,143.320,142.853,143.266,22350910000
USDJPY,20240104,0100,143.268,143.448,143.118,143.428,15368270000
USDJPY,20240104,0200,143.427,143.486,143.348,143.471,13177950000
USDJPY,20240104,0300,143.470,143.471,143.225,143.343,12263680000
USDJPY,20240104,0400,143.343,143.603,143.330,143.565,12038529999
USDJPY,20240104,0500,143.568,143.893,143.565,143.775,22041830000
USDJPY,20240104,0600,143.777,143.807,143.514,143.526,25450029999
USDJPY,20240104,0700,143.527,143.583,143.179,143.373,37073390000
USDJPY,20240104,0800,143.373,143.644,143.360,143.588,31505630000
USDJPY,20240104,0900,143.588,143.891,143.562,143.864,35497820000
USDJPY,20240104,1000,143.865,144.267,143.865,144.250,35224830000
USDJPY,20240104,1100,144.252,144.293,144.131,144.255,29156770000
USDJPY,20240104,1200,144.254,144.263,144.062,144.217,31697780000
USDJPY,20240104,1300,144.216,144.551,144.117,144.535,26324480000
USDJPY,20240104,1400,144.534,144.850,144.518,144.783,27091900000
USDJPY,20240104,1500,144.783,144.800,144.470,144.661,37176380000
USDJPY,20240104,1600,144.660,144.660,144.459,144.590,33625680000
USDJPY,20240104,1700,144.589,144.648,144.511,144.596,12697620000
USDJPY,20240104,1800,144.597,144.710,144.548,144.600,10573820000
USDJPY,20240104,1900,144.600,144.641,144.513,144.578,7083100000
USDJPY,20240104,2000,144.577,144.610,144.513,144.588,7323800000
USDJPY,20240104,2100,144.589,144.667,144.574,144.622,4105810000
USDJPY,20240104,2200,144.621,144.630,144.533,144.578,1574610000
USDJPY,20240104,2300,144.579,144.775,144.575,144.772,3658480000
USDJPY,20240105,0000,144.772,144.900,144.659,144.798,19370910000
USDJPY,20240105,0100,144.799,144.842,144.669,144.740,22807050000
USDJPY,20240105,0200,144.742,144.840,144.676,144.815,18943229999
USDJPY,20240105,0300,144.815,144.953,144.771,144.924,16817109999
USDJPY,20240105,0400,144.923,144.947,144.800,144.847,18318910000
USDJPY,20240105,0500,144.846,144.873,144.658,144.729,20223130001
USDJPY,20240105,0600,144.727,145.367,144.695,145.238,33534110001
USDJPY,20240105,0700,145.240,145.253,144.965,145.075,34993590000
USDJPY,20240105,0800,145.074,145.103,144.852,145.075,30715990000
USDJPY,20240105,0900,145.080,145.202,145.002,145.184,24540740000
USDJPY,20240105,1000,145.185,145.374,145.176,145.210,26021590000
USDJPY,20240105,1100,145.214,145.352,145.165,145.266,19142410000
USDJPY,20240105,1200,145.269,145.297,145.069,145.092,17060030000
USDJPY,20240105,1300,145.092,145.976,145.052,145.465,55950080001
USDJPY,20240105,1400,145.465,145.484,144.928,145.086,59490740006
USDJPY,20240105,1500,145.085,145.085,143.806,144.127,77497320001
USDJPY,20240105,1600,144.127,144.542,144.065,144.529,43842530000
USDJPY,20240105,1700,144.523,144.829,144.521,144.745,32811560000
USDJPY,20240105,1800,144.746,144.894,144.611,144.633,19244330000
USDJPY,20240105,1900,144.631,144.700,144.495,144.660,22317620000
USDJPY,20240105,2000,144.659,144.766,144.624,144.747,9434890000
USDJPY,20240105,2100,144.747,144.789,144.549,144.603,5298680000
USDJPY,20240107,2200,144.453,144.608,144.382,144.540,961850000
USDJPY,20240107,2300,144.540,144.917,144.528,144.721,8885500000
USDJPY,20240108,0000,144.721,144.797,144.586,144.594,12155020000
USDJPY,20240108,0100,144.595,144.664,144.318,144.373,24426630000
USDJPY,20240108,0200,144.374,144.562,144.374,144.524,11391280000
USDJPY,20240108,0300,144.521,144.553,144.312,144.488,13927090001
USDJPY,20240108,0400,144.488,144.538,144.393,144.462,14933090000
USDJPY,20240108,0500,144.467,144.478,144.361,144.365,12328790000
USDJPY,20240108,0600,144.363,144.368,144.169,144.180,17269190000
USDJPY,20240108,0700,144.180,144.468,144.089,144.415,33210550000
USDJPY,20240108,0800,144.415,144.611,144.377,144.521,44459120000
USDJPY,20240108,0900,144.519,144.573,144.185,144.233,29606440001
USDJPY,20240108,1000,144.232,144.495,144.199,144.399,22221040000
USDJPY,20240108,1100,144.398,144.586,144.323,144.578,25306260000
USDJPY,20240108,1200,144.578,144.683,144.431,144.475,23623990000
USDJPY,20240108,1300,144.472,144.573,144.264,144.453,34175660000
USDJPY,20240108,1400,144.453,144.468,144.077,144.095,42472510000
USDJPY,20240108,1500,144.098,144.165,143.852,143.935,39327860001
USDJPY,20240108,1600,143.933,143.956,143.661,143.897,30426760000
USDJPY,20240108,1700,143.897,143.986,143.805,143.963,19139760000
USDJPY,20240108,1800,143.966,144.182,143.955,144.142,12073410000
USDJPY,20240108,1900,144.141,144.172,144.070,144.103,15778680000
USDJPY,20240108,2000,144.104,144.269,144.071,144.157,11859390000
USDJPY,20240108,2100,144.159,144.238,144.113,144.223,5318630000
USDJPY,20240108,2200,144.223,144.241,144.184,144.222,1833760000
USDJPY,20240108,2300,144.229,144.280,144.101,144.224,4980360000
USDJPY,20240109,0000,144.223,144.258,143.852,143.928,20156350000
USDJPY,20240109,0100,143.928,143.974,143.451,143.481,26656230000
USDJPY,20240109,0200,143.480,143.703,143.419,143.680,19621030000
USDJPY,20240109,0300,143.679,143.689,143.498,143.625,12137710000
USDJPY,20240109,0400,143.625,143.688,143.569,143.585,11626150000
USDJPY,20240109,0500,143.587,143.882,143.581,143.789,10319820000
USDJPY,20240109,0600,143.787,144.103,143.787,144.067,14780030000
USDJPY,20240109,0700,144.068,144.152,143.860,144.063,29419510002
USDJPY,20240109,0800,144.064,144.314,143.956,144.030,42691950000
USDJPY,20240109,0900,144.030,144.041,143.742,143.945,33041330000
USDJPY,20240109,1000,143.946,144.089,143.843,144.061,28528850000
USDJPY,20240109,1100,144.062,144.170,143.979,144.072,19418170000
USDJPY,20240109,1200,144.072,144.140,143.952,143.999,22464780000
USDJPY,20240109,1300,143.998,144.190,143.746,143.768,33570140000
USDJPY,20240109,1400,143.768,143.917,143.651,143.909,38088500000
USDJPY,20240109,1500,143.909,144.362,143.758,144.309,40355250000
USDJPY,20240109,1600,144.310,144.441,144.265,144.352,30411830000
USDJPY,20240109,1700,144.352,144.484,144.321,144.404,24040580000
USDJPY,20240109,1800,144.405,144.623,144.239,144.553,17291360000
USDJPY,20240109,1900,144.553,144.591,144.456,144.546,14816710000
USDJPY,20240109,2000,144.546,144.546,144.346,144.519,12512610000
USDJPY,20240109,2100,144.519,144.527,144.457,144.464,5050210000
USDJPY,20240109,2200,144.453,144.464,144.394,144.404,2324980000
USDJPY,20240109,2300,144.404,144.453,144.314,144.431,3985630000
USDJPY,20240110,0000,144.431,144.712,144.416,144.532,20349730000
USDJPY,20240110,0100,144.530,144.822,144.527,144.739,13328030000
USDJPY,20240110,0200,144.738,144.901,144.702,144.848,8216930000
USDJPY,20240110,0300,144.847,144.934,144.751,144.846,9129860000
USDJPY,20240110,0400,144.848,144.856,144.756,144.805,8348510000
USDJPY,20240110,0500,144.807,144.865,144.667,144.774,8269310000
USDJPY,20240110,0600,144.780,145.131,144.731,145.065,14860690000
USDJPY,20240110,0700,145.065,145.150,144.838,144.938,39024540000
USDJPY,20240110,0800,144.938,145.052,144.848,144.985,34144120000
USDJPY,20240110,0900,144.986,145.034,144.827,144.916,25092230000
USDJPY,20240110,1000,144.916,144.952,144.761,144.934,18584890001
USDJPY,20240110,1100,144.934,145.127,144.924,144.993,16399730000
USDJPY,20240110,1200,144.994,145.287,144.981,145.274,24956310000
USDJPY,20240110,1300,145.274,145.332,145.146,145.294,31756250000
USDJPY,20240110,1400,145.294,145.523,145.233,145.444,32725520000
USDJPY,20240110,1500,145.444,145.674,145.422,145.613,43638320001
USDJPY,20240110,1600,145.613,145.824,145.512,145.686,26234539999
USDJPY,20240110,1700,145.686,145.740,145.565,145.613,11527350000
USDJPY,20240110,1800,145.613,145.699,145.561,145.632,10126670000
USDJPY,20240110,1900,145.629,145.714,145.605,145.688,6026720000
USDJPY,20240110,2000,145.688,145.828,145.607,145.801,9216090000
USDJPY,20240110,2100,145.802,145.827,145.710,145.745,5637610000
USDJPY,20240110,2200,145.742,145.742,145.578,145.636,1971080000
USDJPY,20240110,2300,145.635,145.809,145.597,145.723,5634230000
USDJPY,20240111,0000,145.724,145.778,145.423,145.481,28177410000
USDJPY,20240111,0100,145.481,145.547,145.324,145.364,25431280000
USDJPY,20240111,0200,145.364,145.587,145.335,145.540,15900420000
USDJPY,20240111,0300,145.542,145.553,145.303,145.310,12687890000
USDJPY,20240111,0400,145.308,145.411,145.277,145.387,8094870000
USDJPY,20240111,0500,145.389,145.510,145.281,145.489,12151430000
USDJPY,20240111,0600,145.488,145.544,145.397,145.422,13285880000
USDJPY,20240111,0700,145.425,145.462,145.335,145.406,19080010000
USDJPY,20240111,0800,145.405,145.491,145.328,145.475,26861380000
USDJPY,20240111,0900,145.477,145.574,145.451,145.543,18645270001
USDJPY,20240111,1000,145.545,145.592,145.402,145.413,13924460000
USDJPY,20240111,1100,145.415,145.555,145.348,145.394,17506450000
USDJPY,20240111,1200,145.393,145.443,145.314,145.386,17837530000
USDJPY,20240111,1300,145.386,146.263,144.968,146.246,49171950001
USDJPY,20240111,1400,146.244,146.414,145.728,145.903,53821819999
USDJPY,20240111,1500,145.902,146.231,145.643,145.952,39728770000
USDJPY,20240111,1600,145.954,146.187,145.839,146.030,42475200000
USDJPY,20240111,1700,146.029,146.035,145.863,145.953,28123370000
USDJPY,20240111,1800,145.954,146.018,145.777,145.800,25333110000
USDJPY,20240111,1900,145.800,145.806,145.440,145.483,24512570000
USDJPY,20240111,2000,145.483,145.544,145.376,145.401,8289870000
USDJPY,20240111,2100,145.404,145.476,145.260,145.273,4724410000
USDJPY,20240111,2200,145.266,145.352,145.249,145.343,2486090000
USDJPY,20240111,2300,145.342,145.346,144.938,145.100,9291300000
USDJPY,20240112,0000,145.100,145.384,145.080,145.252,22110650000
USDJPY,20240112,0100,145.253,145.405,144.963,145.112,19050890000
USDJPY,20240112,0200,145.113,145.257,145.043,145.124,11530270000
USDJPY,20240112,0300,145.123,145.124,144.843,144.914,12355830000
USDJPY,20240112,0400,144.916,145.066,144.896,145.000,8878540000
USDJPY,20240112,0500,144.999,145.251,144.984,145.251,14233840000
USDJPY,20240112,0600,145.250,145.266,145.057,145.128,12026400000
USDJPY,20240112,0700,145.127,145.286,145.091,145.148,21167150000
USDJPY,20240112,0800,145.149,145.166,144.869,145.004,30442950000
USDJPY,20240112,0900,145.006,145.152,144.965,145.134,30363540000
USDJPY,20240112,1000,145.132,145.245,145.086,145.147,18531790000
USDJPY,20240112,1100,145.147,145.280,145.077,145.234,17266050000
USDJPY,20240112,1200,145.234,145.381,145.148,145.366,22174130000
USDJPY,20240112,1300,145.367,145.566,144.751,144.787,56597200000
USDJPY,20240112,1400,144.788,144.911,144.374,144.539,49570250000
USDJPY,20240112,1500,144.539,144.804,144.354,144.708,40576430001
USDJPY,20240112,1600,144.708,144.875,144.565,144.853,29792150000
USDJPY,20240112,1700,144.854,145.007,144.849,144.955,25225010000
USDJPY,20240112,1800,144.955,145.018,144.844,144.872,13493770000
USDJPY,20240112,1900,144.873,144.886,144.795,144.870,12261270000
USDJPY,20240112,2000,144.869,144.943,144.822,144.895,6151750000
USDJPY,20240112,2100,144.894,144.936,144.840,144.904,7132350000
USDJPY,20240114,2200,144.780,144.958,144.780,144.957,1205880000
USDJPY,20240114,2300,144.958,145.171,144.931,145.148,4879950000
USDJPY,20240115,0000,145.149,145.232,144.986,145.056,19577150000
USDJPY,20240115,0100,145.058,145.167,145.011,145.071,15354030000
USDJPY,20240115,0200,145.070,145.082,144.933,144.965,15746950000
USDJPY,20240115,0300,144.966,145.172,144.952,145.132,14701550000
USDJPY,20240115,0400,145.132,145.231,145.117,145.167,11140720000
USDJPY,20240115,0500,145.168,145.289,145.097,145.271,11732670000
USDJPY,20240115,0600,145.270,145.292,145.192,145.262,10279550000
USDJPY,20240115,0700,145.263,145.552,145.263,145.445,29395880000
USDJPY,20240115,0800,145.445,145.457,145.315,145.438,24633880000
USDJPY,20240115,0900,145.436,145.762,145.427,145.663,21696390000
USDJPY,20240115,1000,145.662,145.823,145.647,145.672,22409930000
USDJPY,20240115,1100,145.671,145.694,145.543,145.669,14882460000
USDJPY,20240115,1200,145.670,145.912,145.665,145.841,23774720000
USDJPY,20240115,1300,145.844,145.905,145.735,145.782,22114540000
USDJPY,20240115,1400,145.780,145.941,145.747,145.873,22022570000
USDJPY,20240115,1500,145.873,145.909,145.675,145.791,20820730000
USDJPY,20240115,1600,145.790,145.857,145.735,145.758,13387460000
USDJPY,20240115,1700,145.757,145.806,145.678,145.778,6932540000
USDJPY,20240115,1800,145.782,145.800,145.754,145.771,3191910000
USDJPY,20240115,1900,145.773,145.802,145.767,145.790,2815460000
USDJPY,20240115,2000,145.789,145.807,145.783,145.794,1564060000
USDJPY,20240115,2100,145.793,145.796,145.716,145.716,1004330000
USDJPY,20240115,2200,145.715,145.753,145.654,145.738,1355640000
USDJPY,20240115,2300,145.735,145.868,145.718,145.790,4200770000
USDJPY,20240116,0000,145.790,145.866,145.583,145.844,22999140000
USDJPY,20240116,0100,145.846,146.108,145.796,145.899,34532870000
USDJPY,20240116,0200,145.899,146.194,145.893,146.050,24858680000
USDJPY,20240116,0300,146.050,146.169,145.933,146.096,19997610000
USDJPY,20240116,0400,146.096,146.229,146.088,146.111,13815880000
USDJPY,20240116,0500,146.112,146.271,146.068,146.164,17322390000
USDJPY,20240116,0600,146.163,146.225,146.039,146.088,15058459998
USDJPY,20240116,0700,146.087,146.247,145.993,146.157,34282940000
USDJPY,20240116,0800,146.158,146.486,146.002,146.430,43694920000
USDJPY,20240116,0900,146.431,146.632,146.400,146.534,42591580000
USDJPY,20240116,1000,146.535,146.748,146.518,146.660,32157740000
USDJPY,20240116,1100,146.659,146.716,146.584,146.603,27999410000
USDJPY,20240116,1200,146.603,146.789,146.590,146.683,26400150000
USDJPY,20240116,1300,146.682,146.782,146.281,146.626,50494080000
USDJPY,20240116,1400,146.623,146.774,146.394,146.754,45380970000
USDJPY,20240116,1500,146.754,146.795,146.603,146.704,43124370000
USDJPY,20240116,1600,146.703,147.190,146.694,147.008,57294560001
USDJPY,20240116,1700,147.009,147.271,146.991,147.250,29482200001
USDJPY,20240116,1800,147.254,147.310,147.135,147.271,16748960000
USDJPY,20240116,1900,147.271,147.292,147.217,147.250,15090280000
USDJPY,20240116,2000,147.250,147.274,147.201,147.266,9657910000
USDJPY,20240116,2100,147.263,147.268,147.166,147.172,4041250000
USDJPY,20240116,2200,147.173,147.189,147.048,147.104,2696300000
USDJPY,20240116,2300,147.109,147.289,147.101,147.242,6678880000
USDJPY,20240117,0000,147.242,147.483,147.231,147.332,22460920000
USDJPY,20240117,0100,147.330,147.395,147.148,147.190,24403130001
USDJPY,20240117,0200,147.191,147.279,147.097,147.256,18725060000
USDJPY,20240117,0300,147.255,147.411,147.235,147.330,16560329999
USDJPY,20240117,0400,147.330,147.379,147.281,147.349,13819330000
USDJPY,20240117,0500,147.353,147.668,147.349,147.579,19959460000
USDJPY,20240117,0600,147.578,147.887,147.567,147.702,31381270001
USDJPY,20240117,0700,147.704,147.966,147.686,147.869,44843830000
USDJPY,20240117,0800,147.870,147.885,147.696,147.877,36696410000
USDJPY,20240117,0900,147.878,147.925,147.642,147.723,31147590000
USDJPY,20240117,1000,147.724,147.783,147.565,147.753,27200240000
USDJPY,20240117,1100,147.751,147.818,147.658,147.661,20632000000
USDJPY,20240117,1200,147.662,147.750,147.585,147.733,19598490000
USDJPY,20240117,1300,147.734,147.981,147.671,147.935,39960250000
USDJPY,20240117,1400,147.937,148.368,147.882,148.343,45838140000
USDJPY,20240117,1500,148.340,148.524,148.120,148.447,50257730000
USDJPY,20240117,1600,148.448,148.518,148.282,148.388,41295380000
USDJPY,20240117,1700,148.389,148.398,148.169,148.225,17819430000
USDJPY,20240117,1800,148.223,148.390,148.217,148.322,11750560000
USDJPY,20240117,1900,148.323,148.326,148.164,148.268,7411210000
USDJPY,20240117,2000,148.268,148.289,148.172,148.192,6623510000
USDJPY,20240117,2100,148.193,148.210,148.123,148.142,4115500000
USDJPY,20240117,2200,148.142,148.177,148.044,148.107,3402390000
USDJPY,20240117,2300,148.117,148.160,148.080,148.134,4706420000
USDJPY,20240118,0000,148.134,148.249,147.994,148.004,20068160000
USDJPY,20240118,0100,148.002,148.091,147.868,148.044,30195480000
USDJPY,20240118,0200,148.037,148.092,147.905,148.048,18449060000
USDJPY,20240118,0300,148.048,148.158,148.002,148.019,15120870000
USDJPY,20240118,0400,148.019,148.023,147.886,147.929,15003490000
USDJPY,20240118,0500,147.931,148.065,147.862,147.873,13807330001
USDJPY,20240118,0600,147.873,147.923,147.686,147.746,18894710000
USDJPY,20240118,0700,147.744,147.884,147.711,147.785,34368280000
USDJPY,20240118,0800,147.786,147.959,147.713,147.896,34259560000
USDJPY,20240118,0900,147.897,147.943,147.654,147.848,27454230000
USDJPY,20240118,1000,147.846,147.927,147.799,147.853,20689420000
USDJPY,20240118,1100,147.854,147.961,147.802,147.820,19093170000
USDJPY,20240118,1200,147.820,147.936,147.752,147.899,24272640000
USDJPY,20240118,1300,147.898,148.299,147.892,148.229,42399060000
USDJPY,20240118,1400,148.231,148.240,147.853,148.002,51447450000
USDJPY,20240118,1500,148.002,148.201,147.948,148.175,44474920000
USDJPY,20240118,1600,148.175,148.235,148.002,148.156,29563740000
USDJPY,20240118,1700,148.156,148.261,148.156,148.221,17559560000
USDJPY,20240118,1800,148.220,148.252,148.070,148.145,21357020000
USDJPY,20240118,1900,148.149,148.228,148.102,148.227,19594690000
USDJPY,20240118,2000,148.226,148.275,148.174,148.178,9736460000
USDJPY,20240118,2100,148.184,148.197,148.081,148.146,4815920000
USDJPY,20240118,2200,148.144,148.160,148.063,148.123,2321410000
USDJPY,20240118,2300,148.124,148.186,148.034,148.122,6063580000
USDJPY,20240119,0000,148.122,148.142,147.938,148.028,19657590000
USDJPY,20240119,0100,148.027,148.392,148.005,148.351,21020440000
USDJPY,20240119,0200,148.355,148.473,148.144,148.254,18921610000
USDJPY,20240119,0300,148.254,148.294,148.188,148.222,11973780000
USDJPY,20240119,0400,148.222,148.368,148.217,148.357,8043760000
USDJPY,20240119,0500,148.359,148.672,148.352,148.648,15657060000
USDJPY,20240119,0600,148.647,148.802,148.563,148.584,12512190000
USDJPY,20240119,0700,148.585,148.609,148.192,148.269,21966430000
USDJPY,20240119,0800,148.269,148.353,148.049,148.077,13721860000
USDJPY,20240119,0900,148.076,148.137,147.923,147.979,31420900000
USDJPY,20240119,1000,147.980,148.020,147.838,147.947,25451910000
USDJPY,20240119,1100,147.947,148.120,147.925,147.977,15925830000
USDJPY,20240119,1200,147.976,148.185,147.959,148.157,18065430000
USDJPY,20240119,1300,148.156,148.211,147.960,148.134,35913220001
USDJPY,20240119,1400,148.135,148.449,148.074,148.296,34709630000
USDJPY,20240119,1500,148.288,148.532,148.091,148.100,47070370000
USDJPY,20240119,1600,148.099,148.246,148.050,148.209,33613630000
USDJPY,20240119,1700,148.208,148.228,148.022,148.120,19796240000
USDJPY,20240119,1800,148.120,148.309,148.119,148.245,17762830000
USDJPY,20240119,1900,148.244,148.259,148.137,148.189,13981900000
USDJPY,20240119,2000,148.189,148.200,148.126,148.151,8113830000
USDJPY,20240119,2100,148.151,148.175,148.040,148.040,6568280000
USDJPY,20240121,2200,148.207,148.249,148.001,148.200,1542220000
USDJPY,20240121,2300,148.202,148.259,148.081,148.123,6977440000
USDJPY,20240122,0000,148.124,148.230,148.008,148.087,18499640000
USDJPY,20240122,0100,148.087,148.104,147.776,147.858,25656650001
USDJPY,20240122,0200,147.860,147.970,147.730,147.747,19087700002
USDJPY,20240122,0300,147.748,147.951,147.740,147.916,19782600000
USDJPY,20240122,0400,147.917,147.938,147.832,147.839,14670300001
USDJPY,20240122,0500,147.838,148.122,147.830,148.053,16341300001
USDJPY,20240122,0600,148.052,148.114,147.977,148.083,23787750002
USDJPY,20240122,0700,148.082,148.131,147.915,148.036,32404390000
USDJPY,20240122,0800,148.035,148.302,147.999,148.241,37076360000
USDJPY,20240122,0900,148.242,148.274,148.053,148.110,24013619999
USDJPY,20240122,1000,148.112,148.143,147.977,148.017,20395740000
USDJPY,20240122,1100,148.018,148.026,147.855,147.884,18560410000
USDJPY,20240122,1200,147.887,147.912,147.707,147.786,23224820000
USDJPY,20240122,1300,147.786,147.893,147.615,147.685,37940610000
USDJPY,20240122,1400,147.686,147.954,147.685,147.846,37506150000
USDJPY,20240122,1500,147.845,147.932,147.729,147.845,20057550000
USDJPY,20240122,1600,147.845,148.014,147.844,147.955,23025070000
USDJPY,20240122,1700,147.953,148.037,147.904,147.983,14490210000
USDJPY,20240122,1800,147.983,148.144,147.982,148.089,12999200000
USDJPY,20240122,1900,148.090,148.134,148.003,148.031,13080850000
USDJPY,20240122,2000,148.030,148.123,148.015,148.044,13338120000
USDJPY,20240122,2100,148.044,148.147,148.033,148.083,4453010000
USDJPY,20240122,2200,148.082,148.108,147.917,147.968,3094440000
USDJPY,20240122,2300,147.977,148.149,147.967,148.145,4556350000
USDJPY,20240123,0000,148.144,148.222,148.056,148.117,9962960000
USDJPY,20240123,0100,148.114,148.163,148.066,148.100,13951540000
USDJPY,20240123,0200,148.100,148.271,148.075,148.224,21288270000
USDJPY,20240123,0300,148.221,148.548,147.851,147.891,25915130000
USDJPY,20240123,0400,147.892,148.206,147.857,147.944,15082710000
USDJPY,20240123,0500,147.944,148.069,147.859,147.922,10570260000
USDJPY,20240123,0600,147.921,148.171,146.975,147.124,26561180000
USDJPY,20240123,0700,147.125,147.776,147.034,147.582,28821930000
USDJPY,20240123,0800,147.583,147.666,147.252,147.347,16005850000
USDJPY,20240123,0900,147.348,147.733,147.336,147.710,24136060000
USDJPY,20240123,1000,147.711,147.925,147.711,147.839,27895510000
USDJPY,20240123,1100,147.838,148.155,147.759,148.025,26285800000
USDJPY,20240123,1200,148.027,148.140,147.874,147.985,23663530000
USDJPY,20240123,1300,147.988,148.070,147.878,148.051,27578120000
USDJPY,20240123,1400,148.053,148.372,148.049,148.333,35958600000
USDJPY,20240123,1500,148.333,148.541,148.222,148.480,32759220000
USDJPY,20240123,1600,148.483,148.593,148.358,148.551,16065850000
USDJPY,20240123,1700,148.552,148.694,148.509,148.595,12965560000
USDJPY,20240123,1800,148.595,148.619,148.445,148.521,13119380000
USDJPY,20240123,1900,148.521,148.565,148.295,148.378,14589590000
USDJPY,20240123,2000,148.376,148.411,148.331,148.354,7031890000
USDJPY,20240123,2100,148.354,148.395,148.293,148.293,4936700000
USDJPY,20240123,2200,148.303,148.378,148.274,148.374,2028780000
USDJPY,20240123,2300,148.377,148.391,148.209,148.248,4810590000
USDJPY,20240124,0000,148.235,148.260,148.044,148.109,21176990000
USDJPY,20240124,0100,148.112,148.178,147.974,148.017,22411910000
USDJPY,20240124,0200,148.018,148.253,148.011,148.103,14316940000
USDJPY,20240124,0300,148.102,148.144,147.750,147.802,14284130000
USDJPY,20240124,0400,147.802,147.922,147.767,147.880,10129730000
USDJPY,20240124,0500,147.881,148.012,147.812,147.873,9779920000
USDJPY,20240124,0600,147.873,147.956,147.823,147.865,11012100000
USDJPY,20240124,0700,147.864,147.910,147.700,147.793,18070730000
USDJPY,20240124,0800,147.793,147.793,147.449,147.563,19993950000
USDJPY,20240124,0900,147.565,147.624,147.376,147.530,28514550000
USDJPY,20240124,1000,147.530,147.624,147.465,147.484,19556690000
USDJPY,20240124,1100,147.480,147.594,147.440,147.515,15470660000
USDJPY,20240124,1200,147.514,147.519,147.205,147.296,23316770000
USDJPY,20240124,1300,147.294,147.302,146.719,146.762,52904300001
USDJPY,20240124,1400,146.767,147.278,146.648,147.072,46625140000
USDJPY,20240124,1500,147.073,147.217,146.755,146.942,45423250000
USDJPY,20240124,1600,146.942,147.432,146.883,147.308,37865110000
USDJPY,20240124,1700,147.309,147.323,147.121,147.188,19618480000
USDJPY,20240124,1800,147.190,147.492,147.157,147.477,20474600000
USDJPY,20240124,1900,147.478,147.594,147.454,147.562,12285280000
USDJPY,20240124,2000,147.561,147.624,147.509,147.609,7973860000
USDJPY,20240124,2100,147.612,147.638,147.479,147.494,5308920000
USDJPY,20240124,2200,147.493,147.496,147.385,147.434,2893990000
USDJPY,20240124,2300,147.443,147.622,147.431,147.586,6172120000
USDJPY,20240125,0000,147.585,147.763,147.543,147.727,22478370000
USDJPY,20240125,0100,147.726,147.851,147.612,147.664,20679220000
USDJPY,20240125,0200,147.662,147.766,147.595,147.709,18464670002
USDJPY,20240125,0300,147.710,147.718,147.564,147.651,13707800000
USDJPY,20240125,0400,147.649,147.780,147.584,147.771,12427640000
USDJPY,20240125,0500,147.770,147.857,147.709,147.798,14407280001
USDJPY,20240125,0600,147.798,147.879,147.671,147.722,17171250000
USDJPY,20240125,0700,147.723,147.749,147.534,147.669,27132450000
USDJPY,20240125,0800,147.670,147.842,147.647,147.655,27743830000
USDJPY,20240125,0900,147.653,147.692,147.577,147.639,21084000000
USDJPY,20240125,1000,147.640,147.657,147.515,147.594,22403270000
USDJPY,20240125,1100,147.593,147.660,147.475,147.514,18605920001
USDJPY,20240125,1200,147.512,147.762,147.497,147.743,19630000000
USDJPY,20240125,1300,147.746,147.936,147.286,147.374,53446900000
USDJPY,20240125,1400,147.373,147.424,147.081,147.311,58194540000
USDJPY,20240125,1500,147.313,147.624,147.223,147.579,55090800000
USDJPY,20240125,1600,147.578,147.763,147.506,147.700,31819940000
USDJPY,20240125,1700,147.700,147.899,147.633,147.828,26508270000
USDJPY,20240125,1800,147.827,147.875,147.693,147.839,22057620000
USDJPY,20240125,1900,147.842,147.875,147.771,147.838,14985170000
USDJPY,20240125,2000,147.837,147.847,147.695,147.722,15449080000
USDJPY,20240125,2100,147.720,147.744,147.650,147.653,6361990000
USDJPY,20240125,2200,147.648,147.670,147.521,147.635,985550000
USDJPY,20240125,2300,147.635,147.741,147.498,147.721,7520370000
USDJPY,20240126,0000,147.721,147.849,147.533,147.567,21039110000
USDJPY,20240126,0100,147.567,147.672,147.478,147.547,17835970000
USDJPY,20240126,0200,147.545,147.647,147.507,147.643,18400610000
USDJPY,20240126,0300,147.641,147.712,147.547,147.663,11376330000
USDJPY,20240126,0400,147.664,147.802,147.647,147.790,13446630000
USDJPY,20240126,0500,147.791,147.822,147.691,147.730,13373610000
USDJPY,20240126,0600,147.731,147.864,147.729,147.758,17790640000
USDJPY,20240126,0700,147.759,147.882,147.732,147.771,29882090000
USDJPY,20240126,0800,147.770,147.857,147.732,147.805,21368770000
USDJPY,20240126,0900,147.805,148.088,147.790,147.833,19400590000
USDJPY,20240126,1000,147.832,147.832,147.632,147.656,15630830000
USDJPY,20240126,1100,147.655,147.764,147.596,147.715,18816880000
USDJPY,20240126,1200,147.716,147.827,147.642,147.766,21104210000
USDJPY,20240126,1300,147.770,147.913,147.393,147.648,53730330000
USDJPY,20240126,1400,147.651,147.946,147.635,147.872,42040440000
USDJPY,20240126,1500,147.876,148.165,147.876,148.077,42954640000
USDJPY,20240126,1600,148.076,148.109,147.897,147.944,26463420000
USDJPY,20240126,1700,147.947,148.029,147.883,147.990,17722360000
USDJPY,20240126,1800,147.990,148.209,147.962,148.140,13867390000
USDJPY,20240126,1900,148.135,148.165,148.051,148.098,13520880000
USDJPY,20240126,2000,148.098,148.109,148.047,148.076,7427240000
USDJPY,20240126,2100,148.076,148.159,148.052,148.149,5974240000
USDJPY,20240128,2200,148.087,148.116,148.052,148.072,893400000
USDJPY,20240128,2300,148.072,148.185,148.023,148.180,9146870000
USDJPY,20240129,0000,148.178,148.333,148.162,148.209,16070880000
USDJPY,20240129,0100,148.209,148.209,148.025,148.130,14987360000
USDJPY,20240129,0200,148.129,148.249,148.118,148.120,11853720000
USDJPY,20240129,0300,148.119,148.184,148.090,148.136,9089330000
USDJPY,20240129,0400,148.135,148.136,147.992,148.064,9127040000
USDJPY,20240129,0500,148.064,148.100,148.016,148.030,13656690000
USDJPY,20240129,0600,148.029,148.069,147.878,147.890,15115560000
USDJPY,20240129,0700,147.892,147.903,147.751,147.801,25466690000
USDJPY,20240129,0800,147.800,147.906,147.716,147.878,13891380000
USDJPY,20240129,0900,147.879,147.907,147.708,147.741,16413520000
USDJPY,20240129,1000,147.741,147.857,147.731,147.824,9081760000
USDJPY,20240129,1100,147.827,147.925,147.781,147.875,6903960000
USDJPY,20240129,1200,147.874,147.989,147.836,147.967,10073379998
USDJPY,20240129,1300,147.968,148.091,147.882,147.971,14774180000
USDJPY,20240129,1400,147.974,148.050,147.893,147.929,14929980000
USDJPY,20240129,1500,147.929,147.994,147.620,147.664,16415050000
USDJPY,20240129,1600,147.664,147.736,147.591,147.650,13465520000
USDJPY,20240129,1700,147.650,147.700,147.582,147.656,5551340000
USDJPY,20240129,1800,147.657,147.711,147.584,147.670,5057400000
USDJPY,20240129,1900,147.670,147.690,147.584,147.646,5785260000
USDJPY,20240129,2000,147.647,147.647,147.250,147.451,12638630000
USDJPY,20240129,2100,147.452,147.536,147.449,147.488,4387150000
USDJPY,20240129,2200,147.487,147.526,147.403,147.499,1631760000
USDJPY,20240129,2300,147.503,147.505,147.372,147.485,5764910000
USDJPY,20240130,0000,147.486,147.486,147.190,147.296,15532440000
USDJPY,20240130,0100,147.298,147.430,147.247,147.313,14955439999
USDJPY,20240130,0200,147.317,147.443,147.299,147.438,11700180000
USDJPY,20240130,0300,147.438,147.483,147.369,147.393,11596090003
USDJPY,20240130,0400,147.392,147.401,147.306,147.361,12095280000
USDJPY,20240130,0500,147.362,147.399,147.298,147.384,12805200001
USDJPY,20240130,0600,147.385,147.406,147.275,147.395,12424250001
USDJPY,20240130,0700,147.398,147.405,147.158,147.223,26323999999
USDJPY,20240130,0800,147.224,147.550,147.224,147.427,39299100000
USDJPY,20240130,0900,147.427,147.503,147.298,147.388,22344290000
USDJPY,20240130,1000,147.387,147.393,147.207,147.261,19131920000
USDJPY,20240130,1100,147.264,147.392,147.244,147.381,16338110000
USDJPY,20240130,1200,147.381,147.475,147.340,147.442,18031180000
USDJPY,20240130,1300,147.440,147.576,147.429,147.517,29363010000
USDJPY,20240130,1400,147.515,147.517,147.096,147.184,32098550000
USDJPY,20240130,1500,147.202,147.890,147.123,147.846,44250310000
USDJPY,20240130,1600,147.847,147.926,147.697,147.716,31856290000
USDJPY,20240130,1700,147.715,147.820,147.660,147.805,17879480000
USDJPY,20240130,1800,147.807,147.865,147.736,147.763,11877050000
USDJPY,20240130,1900,147.765,147.766,147.580,147.602,10297260000
USDJPY,20240130,2000,147.602,147.665,147.596,147.612,12612530000
USDJPY,20240130,2100,147.611,147.628,147.566,147.593,3938690000
USDJPY,20240130,2200,147.592,147.618,147.531,147.604,1007020000
USDJPY,20240130,2300,147.604,147.607,147.332,147.332,5950360000
USDJPY,20240131,0000,147.333,147.515,147.186,147.502,13948430000
USDJPY,20240131,0100,147.502,147.602,147.388,147.546,13620750000
USDJPY,20240131,0200,147.546,147.718,147.546,147.678,9851000001
USDJPY,20240131,0300,147.679,147.746,147.617,147.728,8003760000
USDJPY,20240131,0400,147.731,147.816,147.577,147.609,14717960000
USDJPY,20240131,0500,147.610,147.746,147.580,147.718,16871190000
USDJPY,20240131,0600,147.717,147.882,147.710,147.879,19307610005
USDJPY,20240131,0700,147.884,147.898,147.605,147.655,24224350000
USDJPY,20240131,0800,147.656,147.657,147.414,147.452,31514950000
USDJPY,20240131,0900,147.453,147.807,147.403,147.768,27751500000
USDJPY,20240131,1000,147.768,147.846,147.707,147.826,26815360000
USDJPY,20240131,1100,147.824,147.882,147.736,147.843,24310430000
USDJPY,20240131,1200,147.842,147.882,147.728,147.795,21730270000
USDJPY,20240131,1300,147.797,147.870,147.457,147.499,51007470000
USDJPY,20240131,1400,147.500,147.565,146.468,146.639,37088250000
USDJPY,20240131,1500,146.638,146.773,146.135,146.178,50057160002
USDJPY,20240131,1600,146.179,146.409,146.067,146.262,26823659999
USDJPY,20240131,1700,146.262,146.423,146.245,146.354,11745630000
USDJPY,20240131,1800,146.356,146.509,146.350,146.399,9609690000
USDJPY,20240131,1900,146.398,146.872,146.007,146.375,44087670000
USDJPY,20240131,2000,146.382,147.444,146.302,147.156,33188340000
USDJPY,20240131,2100,147.156,147.217,146.846,146.848,12606800000
USDJPY,20240131,2200,146.858,146.936,146.855,146.864,3651630000
USDJPY,20240131,2300,146.864,147.044,146.761,147.006,9535290000
USDJPY,20240201,0000,147.005,147.080,146.610,146.754,15579790000
USDJPY,20240201,0100,146.754,146.936,146.641,146.774,15068510000
USDJPY,20240201,0200,146.776,146.781,146.473,146.574,15717979999
USDJPY,20240201,0300,146.578,146.731,146.545,146.704,8715440000
USDJPY,20240201,0400,146.704,146.817,146.617,146.791,8710720001
USDJPY,20240201,0500,146.791,146.885,146.750,146.862,10479830000
USDJPY,20240201,0600,146.861,146.943,146.812,146.885,11128990000
USDJPY,20240201,0700,146.885,147.049,146.715,146.802,16519180000
USDJPY,20240201,0800,146.804,146.859,146.586,146.611,17755390000
USDJPY,20240201,0900,146.610,146.910,146.591,146.792,15672830000
USDJPY,20240201,1000,146.793,146.894,146.725,146.840,12403590000
USDJPY,20240201,1100,146.840,146.874,146.730,146.842,21103650000
USDJPY,20240201,1200,146.841,147.114,146.840,146.964,38396480000
USDJPY,20240201,1300,146.964,147.052,146.458,146.658,41097200000
USDJPY,20240201,1400,146.661,146.667,146.328,146.378,45965300000
USDJPY,20240201,1500,146.377,146.815,146.247,146.312,73224700001
USDJPY,20240201,1600,146.311,146.312,145.896,146.185,53045110000
USDJPY,20240201,1700,146.184,146.412,146.142,146.356,37626220000
USDJPY,20240201,1800,146.356,146.481,146.272,146.367,31109350001
USDJPY,20240201,1900,146.367,146.369,146.192,146.270,21334350000
USDJPY,20240201,2000,146.269,146.348,146.258,146.325,20441420000
USDJPY,20240201,2100,146.325,146.448,146.324,146.407,7172650000
USDJPY,20240201,2200,146.407,146.480,146.254,146.457,2888530000
USDJPY,20240201,2300,146.459,146.511,146.363,146.459,6852570000
USDJPY,20240202,0000,146.460,146.494,146.275,146.385,15404030001
USDJPY,20240202,0100,146.386,146.458,146.240,146.356,18196320000
USDJPY,20240202,0200,146.355,146.458,146.305,146.337,12043840001
USDJPY,20240202,0300,146.339,146.409,146.323,146.377,11947040000
USDJPY,20240202,0400,146.379,146.477,146.318,146.419,10649220000
USDJPY,20240202,0500,146.419,146.515,146.385,146.430,16328850000
USDJPY,20240202,0600,146.428,146.526,146.354,146.480,20194820001
USDJPY,20240202,0700,146.481,146.636,146.475,146.622,31632770000
USDJPY,20240202,0800,146.625,146.749,146.546,146.735,26507350000
USDJPY,20240202,0900,146.735,146.798,146.671,146.694,24779460000
USDJPY,20240202,1000,146.694,146.726,146.604,146.610,18652790000
USDJPY,20240202,1100,146.610,146.612,146.459,146.531,17519540000
USDJPY,20240202,1200,146.530,146.625,146.508,146.579,19821500000
USDJPY,20240202,1300,146.582,147.987,146.555,147.964,59312750000
USDJPY,20240202,1400,147.967,148.053,147.682,147.862,61417260000
USDJPY,20240202,1500,147.886,148.342,147.827,148.277,54507170000
USDJPY,20240202,1600,148.278,148.583,148.194,148.540,43400640001
USDJPY,20240202,1700,148.539,148.570,148.409,148.525,24647730000
USDJPY,20240202,1800,148.525,148.566,148.240,148.306,23377850000
USDJPY,20240202,1900,148.308,148.354,148.230,148.327,18586320000
USDJPY,20240202,2000,148.328,148.351,148.245,148.308,12240870000
USDJPY,20240202,2100,148.307,148.404,148.273,148.308,7517500000
USDJPY,20240204,2200,148.381,148.480,148.330,148.455,1172500000
USDJPY,20240204,2300,148.471,148.673,148.438,148.512,8435230000
USDJPY,20240205,0000,148.512,148.820,148.388,148.692,35749810000
USDJPY,20240205,0100,148.692,148.693,148.367,148.374,19294950000
USDJPY,20240205,0200,148.374,148.544,148.351,148.520,17312270000
USDJPY,20240205,0300,148.520,148.553,148.356,148.400,14899710000
USDJPY,20240205,0400,148.399,148.442,148.314,148.433,12369910000
USDJPY,20240205,0500,148.432,148.502,148.330,148.333,21338600000
USDJPY,20240205,0600,148.333,148.404,148.266,148.321,18685630000
USDJPY,20240205,0700,148.321,148.487,148.269,148.477,32562400000
USDJPY,20240205,0800,148.478,148.605,148.405,148.495,25694930000
USDJPY,20240205,0900,148.496,148.553,148.365,148.501,23689130000
USDJPY,20240205,1000,148.501,148.560,148.418,148.431,22605050000
USDJPY,20240205,1100,148.430,148.456,148.307,148.435,19733170000
USDJPY,20240205,1200,148.434,148.627,148.429,148.626,20966910000
USDJPY,20240205,1300,148.628,148.678,148.469,148.567,35039910000
USDJPY,20240205,1400,148.561,148.561,148.394,148.401,34442820000
USDJPY,20240205,1500,148.409,148.875,148.399,148.874,61212110000
USDJPY,20240205,1600,148.874,148.892,148.717,148.798,29231050000
USDJPY,20240205,1700,148.798,148.806,148.574,148.621,21034800000
USDJPY,20240205,1800,148.620,148.621,148.503,148.534,16171880000
USDJPY,20240205,1900,148.533,148.707,148.507,148.698,15337770000
USDJPY,20240205,2000,148.699,148.765,148.632,148.642,16948350000
USDJPY,20240205,2100,148.642,148.714,148.642,148.667,4351150000
USDJPY,20240205,2200,148.667,148.745,148.629,148.671,1471340000
USDJPY,20240205,2300,148.671,148.679,148.597,148.664,5401170000
USDJPY,20240206,0000,148.663,148.664,148.540,148.591,14503940000
USDJPY,20240206,0100,148.591,148.601,148.464,148.519,14257650000
USDJPY,20240206,0200,148.520,148.588,148.505,148.576,13405720000
USDJPY,20240206,0300,148.576,148.671,148.536,148.629,16373170000
USDJPY,20240206,0400,148.628,148.630,148.429,148.466,14363430001
USDJPY,20240206,0500,148.468,148.507,148.379,148.436,15463190000
USDJPY,20240206,0600,148.436,148.472,148.358,148.443,19862240002
USDJPY,20240206,0700,148.443,148.557,148.390,148.513,30152100000
USDJPY,20240206,0800,148.514,148.666,148.491,148.652,29021330000
USDJPY,20240206,0900,148.651,148.703,148.537,148.682,26020240000
USDJPY,20240206,1000,148.681,148.768,148.634,148.768,24293350000
USDJPY,20240206,1100,148.769,148.787,148.649,148.679,21421950001
USDJPY,20240206,1200,148.679,148.784,148.586,148.591,25593590000
USDJPY,20240206,1300,148.592,148.649,148.457,148.618,39604810000
USDJPY,20240206,1400,148.619,148.624,148.394,148.412,40186600000
USDJPY,20240206,1500,148.412,148.506,147.997,148.093,48423800000
USDJPY,20240206,1600,148.095,148.187,147.972,148.025,17092430000
USDJPY,20240206,1700,148.026,148.085,147.846,147.918,21853280002
USDJPY,20240206,1800,147.917,148.036,147.815,147.866,33307690000
USDJPY,20240206,1900,147.866,147.998,147.844,147.962,25388130000
USDJPY,20240206,2000,147.964,147.964,147.827,147.847,16782190000
USDJPY,20240206,2100,147.847,147.952,147.844,147.934,4528440000
USDJPY,20240206,2200,147.934,147.941,147.864,147.876,1458470000
USDJPY,20240206,2300,147.880,147.891,147.740,147.818,6415720000
USDJPY,20240207,0000,147.820,147.944,147.818,147.850,11176970000
USDJPY,20240207,0100,147.850,147.862,147.709,147.802,8911600000
USDJPY,20240207,0200,147.804,147.988,147.804,147.903,8657530000
USDJPY,20240207,0300,147.903,147.912,147.819,147.898,6615480000
USDJPY,20240207,0400,147.899,147.973,147.874,147.971,5959960000
USDJPY,20240207,0500,147.972,147.996,147.911,147.949,11003380000
USDJPY,20240207,0600,147.949,148.060,147.909,148.026,10797210000
USDJPY,20240207,0700,148.028,148.028,147.749,147.821,18465040000
USDJPY,20240207,0800,147.819,148.093,147.810,148.069,19724360000
USDJPY,20240207,0900,148.070,148.076,147.889,147.917,20568750000
USDJPY,20240207,1000,147.918,148.155,147.902,148.124,21734080000
USDJPY,20240207,1100,148.124,148.134,147.956,148.084,21318300000
USDJPY,20240207,1200,148.082,148.256,148.082,148.207,23949170000
USDJPY,20240207,1300,148.206,148.257,148.075,148.180,30432050000
USDJPY,20240207,1400,148.183,148.226,147.618,147.783,44156050000
USDJPY,20240207,1500,147.783,148.147,147.766,147.942,53710210000
USDJPY,20240207,1600,147.942,148.069,147.873,148.037,31782620000
USDJPY,20240207,1700,148.038,148.165,148.030,148.135,12682580000
USDJPY,20240207,1800,148.135,148.188,147.987,148.136,13381060000
USDJPY,20240207,1900,148.134,148.188,148.103,148.132,9608200000
USDJPY,20240207,2000,148.134,148.195,148.103,148.173,7333960000
USDJPY,20240207,2100,148.173,148.194,148.145,148.171,6312680000
USDJPY,20240207,2200,148.171,148.171,148.026,148.050,1628240000
USDJPY,20240207,2300,148.049,148.093,147.994,148.085,5927090000
USDJPY,20240208,0000,148.086,148.094,147.943,148.054,18345280000
USDJPY,20240208,0100,148.054,148.363,147.930,148.290,29315300000
USDJPY,20240208,0200,148.290,148.402,148.261,148.353,29094500000
USDJPY,20240208,0300,148.352,148.361,148.284,148.351,18592910000
USDJPY,20240208,0400,148.352,148.495,148.328,148.483,18323310000
USDJPY,20240208,0500,148.484,148.661,148.461,148.582,23170100000
USDJPY,20240208,0600,148.581,148.737,148.575,148.724,21768350000
USDJPY,20240208,0700,148.727,148.807,148.679,148.732,31131750000
USDJPY,20240208,0800,148.732,148.848,148.687,148.756,32890200000
USDJPY,20240208,0900,148.755,148.777,148.647,148.756,25866980000
USDJPY,20240208,1000,148.754,149.144,148.738,149.100,31536840000
USDJPY,20240208,1100,149.100,149.250,148.995,149.159,26860260000
USDJPY,20240208,1200,149.161,149.375,149.114,149.253,31604430000
USDJPY,20240208,1300,149.253,149.464,149.085,149.388,39221550001
USDJPY,20240208,1400,149.388,149.416,149.190,149.260,19886140000
USDJPY,20240208,1500,149.258,149.477,149.225,149.431,35449830000
USDJPY,20240208,1600,149.431,149.454,149.240,149.244,27184690000
USDJPY,20240208,1700,149.244,149.375,149.240,149.372,20932710000
USDJPY,20240208,1800,149.373,149.376,149.122,149.337,26241960001
USDJPY,20240208,1900,149.338,149.407,149.294,149.387,21341160000
USDJPY,20240208,2000,149.386,149.394,149.300,149.301,23574680000
USDJPY,20240208,2100,149.301,149.340,149.267,149.307,4515550000
USDJPY,20240208,2200,149.298,149.312,149.252,149.272,2876920000
USDJPY,20240208,2300,149.276,149.309,149.251,149.261,4519110000
USDJPY,20240209,0000,149.262,149.412,149.234,149.383,19451460000
USDJPY,20240209,0100,149.384,149.385,149.242,149.281,16515630000
USDJPY,20240209,0200,149.284,149.331,149.248,149.300,14051450000
USDJPY,20240209,0300,149.301,149.488,149.297,149.435,13992640000
USDJPY,20240209,0400,149.433,149.464,149.365,149.416,10240690000
USDJPY,20240209,0500,149.417,149.431,149.338,149.397,9661130000
USDJPY,20240209,0600,149.400,149.428,149.330,149.332,11960950000
USDJPY,20240209,0700,149.331,149.416,149.213,149.396,26272520000
USDJPY,20240209,0800,149.397,149.575,149.366,149.410,37387840000
USDJPY,20240209,0900,149.410,149.444,149.259,149.420,25493980000
USDJPY,20240209,1000,149.422,149.443,149.316,149.374,22495480000
USDJPY,20240209,1100,149.370,149.461,149.346,149.397,19360160000
USDJPY,20240209,1200,149.401,149.535,149.392,149.478,25862720000
USDJPY,20240209,1300,149.478,149.527,149.005,149.386,34405720000
USDJPY,20240209,1400,149.388,149.445,149.170,149.348,28007250000
USDJPY,20240209,1500,149.349,149.412,149.221,149.322,25188920000
USDJPY,20240209,1600,149.323,149.415,149.273,149.382,21564380000
USDJPY,20240209,1700,149.383,149.398,149.338,149.348,19801330000
USDJPY,20240209,1800,149.347,149.369,149.302,149.359,15429880000
USDJPY,20240209,1900,149.360,149.371,149.307,149.353,12460630000
USDJPY,20240209,2000,149.353,149.364,149.263,149.279,10646680000
USDJPY,20240209,2100,149.280,149.290,149.244,149.256,8310590000
USDJPY,20240211,2200,149.213,149.314,149.208,149.256,414600000
USDJPY,20240211,2300,149.255,149.283,149.078,149.179,9740680000
USDJPY,20240212,0000,149.179,149.196,149.107,149.135,15125160000
USDJPY,20240212,0100,149.134,149.211,149.126,149.180,15413600000
USDJPY,20240212,0200,149.181,149.187,149.125,149.177,10543720000
USDJPY,20240212,0300,149.180,149.250,149.141,149.248,13181650000
USDJPY,20240212,0400,149.249,149.251,149.204,149.222,17186160000
USDJPY,20240212,0500,149.223,149.230,149.172,149.208,16202600000
USDJPY,20240212,0600,149.208,149.230,149.170,149.204,14589540000
USDJPY,20240212,0700,149.203,149.220,149.044,149.094,27482920000
USDJPY,20240212,0800,149.095,149.153,148.987,149.144,38679610000
USDJPY,20240212,0900,149.145,149.194,149.080,149.127,17665880000
USDJPY,20240212,1000,149.127,149.158,149.036,149.050,16038250000
USDJPY,20240212,1100,149.050,149.090,148.995,149.022,15366150000
USDJPY,20240212,1200,149.022,149.053,148.926,148.976,20830300000
USDJPY,20240212,1300,148.976,149.212,148.926,149.203,24952020000
USDJPY,20240212,1400,149.203,149.341,149.156,149.313,26223640000
USDJPY,20240212,1500,149.316,149.476,149.290,149.459,26403350000
USDJPY,20240212,1600,149.460,149.478,149.346,149.374,24692450000
USDJPY,20240212,1700,149.375,149.383,149.250,149.254,13105810000
USDJPY,20240212,1800,149.256,149.347,149.241,149.267,13605450000
USDJPY,20240212,1900,149.268,149.436,149.238,149.411,17015290000
USDJPY,20240212,2000,149.412,149.412,149.309,149.333,15309700000
USDJPY,20240212,2100,149.333,149.361,149.302,149.332,3559050000
USDJPY,20240212,2200,149.332,149.344,149.291,149.317,1648350000
USDJPY,20240212,2300,149.317,149.412,149.263,149.404,4484500000
USDJPY,20240213,0000,149.404,149.425,149.297,149.305,17721670000
USDJPY,20240213,0100,149.305,149.390,149.280,149.365,13336310000
USDJPY,20240213,0200,149.365,149.484,149.357,149.464,11707800000
USDJPY,20240213,0300,149.464,149.529,149.451,149.529,15352930000
USDJPY,20240213,0400,149.530,149.577,149.496,149.552,14633650000
USDJPY,20240213,0500,149.553,149.563,149.494,149.550,11360700000
USDJPY,20240213,0600,149.550,149.557,149.445,149.471,14256570000
USDJPY,20240213,0700,149.471,149.651,149.459,149.588,31380560000
USDJPY,20240213,0800,149.588,149.692,149.551,149.613,25129770000
USDJPY,20240213,0900,149.613,149.683,149.552,149.575,20680530000
USDJPY,20240213,1000,149.575,149.575,149.478,149.522,18778530000
USDJPY,20240213,1100,149.521,149.528,149.374,149.374,14133050000
USDJPY,20240213,1200,149.376,149.407,149.319,149.342,14452620000
USDJPY,20240213,1300,149.343,150.485,149.224,150.433,40993900000
USDJPY,20240213,1400,150.433,150.583,150.301,150.546,29445690000
USDJPY,20240213,1500,150.542,150.607,150.387,150.592,28829990000
USDJPY,20240213,1600,150.594,150.757,150.512,150.721,23632610000
USDJPY,20240213,1700,150.721,150.805,150.696,150.780,15558150000
USDJPY,20240213,1800,150.780,150.806,150.719,150.778,14322900000
USDJPY,20240213,1900,150.779,150.883,150.776,150.869,18262000000
USDJPY,20240213,2000,150.870,150.875,150.720,150.781,15928350000
USDJPY,20240213,2100,150.781,150.821,150.767,150.779,7060550000
USDJPY,20240213,2200,150.764,150.782,150.562,150.628,2282280000
USDJPY,20240213,2300,150.635,150.759,150.581,150.723,6374640000
USDJPY,20240214,0000,150.722,150.775,150.593,150.651,16508550000
USDJPY,20240214,0100,150.650,150.698,150.523,150.540,18213860000
USDJPY,20240214,0200,150.541,150.643,150.509,150.624,11780420000
USDJPY,20240214,0300,150.626,150.631,150.496,150.515,9670780000
USDJPY,20240214,0400,150.517,150.528,150.416,150.441,9875050000
USDJPY,20240214,0500,150.440,150.534,150.435,150.517,9755430000
USDJPY,20240214,0600,150.516,150.553,150.449,150.481,11285280000
USDJPY,20240214,0700,150.485,150.533,150.343,150.451,21690740000
USDJPY,20240214,0800,150.450,150.567,150.396,150.546,15042750000
USDJPY,20240214,0900,150.545,150.642,150.517,150.642,14620050000
USDJPY,20240214,1000,150.641,150.682,150.582,150.588,10756440000
USDJPY,20240214,1100,150.587,150.655,150.554,150.576,12470910000
USDJPY,20240214,1200,150.576,150.668,150.559,150.602,14535010000
USDJPY,20240214,1300,150.602,150.737,150.500,150.713,19315820000
USDJPY,20240214,1400,150.714,150.728,150.490,150.682,19765520000
USDJPY,20240214,1500,150.682,150.750,150.569,150.617,20789550000
USDJPY,20240214,1600,150.617,150.620,150.476,150.498,19601560000
USDJPY,20240214,1700,150.500,150.594,150.371,150.431,17367870000
USDJPY,20240214,1800,150.433,150.513,150.350,150.479,10714100000
USDJPY,20240214,1900,150.479,150.569,150.453,150.559,7938910000
USDJPY,20240214,2000,150.560,150.585,150.486,150.582,8378850000
USDJPY,20240214,2100,150.584,150.624,150.534,150.534,5641930000
USDJPY,20240214,2200,150.535,150.535,150.461,150.482,1312440000
USDJPY,20240214,2300,150.498,150.566,150.419,150.556,5449400000
USDJPY,20240215,0000,150.555,150.555,150.264,150.280,13732190000
USDJPY,20240215,0100,150.279,150.311,150.139,150.198,14027980000
USDJPY,20240215,0200,150.198,150.281,150.181,150.258,13499010000
USDJPY,20240215,0300,150.256,150.294,150.221,150.269,11723960000
USDJPY,20240215,0400,150.269,150.272,150.117,150.143,11225260000
USDJPY,20240215,0500,150.144,150.192,150.078,150.180,11203590000
USDJPY,20240215,0600,150.182,150.202,150.075,150.092,12687850000
USDJPY,20240215,0700,150.091,150.218,150.053,150.202,13862870000
USDJPY,20240215,0800,150.203,150.217,150.010,150.031,14008250000
USDJPY,20240215,0900,150.031,150.106,149.921,150.025,10689920001
USDJPY,20240215,1000,150.025,150.097,149.987,150.045,9405030000
USDJPY,20240215,1100,150.045,150.076,149.989,150.072,9641950000
USDJPY,20240215,1200,150.073,150.093,150.009,150.057,9703760000
USDJPY,20240215,1300,150.058,150.095,149.523,149.825,31884290000
USDJPY,20240215,1400,149.828,150.065,149.810,149.898,39515050000
USDJPY,20240215,1500,149.897,150.134,149.808,150.050,30482570000
USDJPY,20240215,1600,150.052,150.245,150.045,150.195,27732400000
USDJPY,20240215,1700,150.195,150.196,150.066,150.090,11164890002
USDJPY,20240215,1800,150.090,150.090,149.907,149.921,13613630000
USDJPY,20240215,1900,149.924,149.980,149.853,149.954,12348840000
USDJPY,20240215,2000,149.954,150.006,149.930,149.950,10311290000
USDJPY,20240215,2100,149.950,149.993,149.904,149.904,3829580000
USDJPY,20240215,2200,149.904,149.924,149.862,149.885,1086690000
USDJPY,20240215,2300,149.896,149.966,149.823,149.959,6509140000
USDJPY,20240216,0000,149.958,150.167,149.923,150.155,26906890000
USDJPY,20240216,0100,150.155,150.238,150.049,150.058,26069730000
USDJPY,20240216,0200,150.056,150.283,150.056,150.280,21097470000
USDJPY,20240216,0300,150.278,150.365,150.227,150.310,17526390000
USDJPY,20240216,0400,150.311,150.348,150.238,150.251,16652870000
USDJPY,20240216,0500,150.252,150.292,150.172,150.176,15574130000
USDJPY,20240216,0600,150.176,150.289,150.173,150.189,13291010000
USDJPY,20240216,0700,150.189,150.270,150.138,150.233,25573420000
USDJPY,20240216,0800,150.234,150.301,150.201,150.242,27813470000
USDJPY,20240216,0900,150.241,150.295,150.199,150.286,21366310000
USDJPY,20240216,1000,150.286,150.306,150.249,150.255,16227490000
USDJPY,20240216,1100,150.254,150.265,150.141,150.179,16284280000
USDJPY,20240216,1200,150.178,150.294,150.163,150.289,19267250000
USDJPY,20240216,1300,150.289,150.645,150.283,150.518,44226520000
USDJPY,20240216,1400,150.517,150.636,150.444,150.472,32125990000
USDJPY,20240216,1500,150.472,150.500,150.111,150.240,31208650000
USDJPY,20240216,1600,150.240,150.364,150.207,150.343,17870320000
USDJPY,20240216,1700,150.343,150.394,150.222,150.224,16457190000
USDJPY,20240216,1800,150.223,150.246,150.113,150.142,12543750000
USDJPY,20240216,1900,150.142,150.231,150.084,150.231,7469120000
USDJPY,20240216,2000,150.230,150.286,150.207,150.243,8812770006
USDJPY,20240216,2100,150.242,150.242,150.163,150.181,5022570000
USDJPY,20240218,2200,150.078,150.195,150.062,150.105,1151100000
USDJPY,20240218,2300,150.109,150.148,150.032,150.148,6804650000
USDJPY,20240219,0000,150.147,150.147,149.919,149.935,12280160000
USDJPY,20240219,0100,149.938,150.002,149.871,149.973,16243930000
USDJPY,20240219,0200,149.975,150.004,149.926,149.942,10135950000
USDJPY,20240219,0300,149.943,149.980,149.910,149.933,7280980000
USDJPY,20240219,0400,149.934,150.039,149.930,150.025,7045070000
USDJPY,20240219,0500,150.026,150.026,149.945,150.007,8840220000
USDJPY,20240219,0600,150.006,150.029,149.956,149.978,7884930000
USDJPY,20240219,0700,149.979,150.002,149.934,149.975,11781570000
USDJPY,20240219,0800,149.975,150.003,149.927,149.955,11643890000
USDJPY,20240219,0900,149.954,149.963,149.890,149.937,13007040000
USDJPY,20240219,1000,149.938,149.997,149.927,149.987,9299500000
USDJPY,20240219,1100,149.988,149.998,149.944,149.985,9209770000
USDJPY,20240219,1200,149.986,150.026,149.948,150.025,8186750000
USDJPY,20240219,1300,150.026,150.031,149.936,149.965,14930030000
USDJPY,20240219,1400,149.965,150.067,149.952,150.043,12869400000
USDJPY,20240219,1500,150.044,150.161,150.044,150.159,14556660000
USDJPY,20240219,1600,150.161,150.191,150.155,150.170,6886430000
USDJPY,20240219,1700,150.172,150.190,150.150,150.188,3725670000
USDJPY,20240219,1800,150.188,150.188,150.150,150.151,1591300000
USDJPY,20240219,1900,150.151,150.166,150.129,150.135,2809910000
USDJPY,20240219,2000,150.136,150.150,150.128,150.136,1004020000
USDJPY,20240219,2100,150.137,150.147,150.092,150.092,750070000
USDJPY,20240219,2200,150.077,150.143,150.062,150.116,1508890000
USDJPY,20240219,2300,150.114,150.301,150.106,150.271,8873790000
USDJPY,20240220,0000,150.270,150.330,150.204,150.269,19089000000
USDJPY,20240220,0100,150.270,150.344,150.191,150.271,15828140000
USDJPY,20240220,0200,150.269,150.366,150.267,150.319,13168740000
USDJPY,20240220,0300,150.318,150.352,150.277,150.319,9165520000
USDJPY,20240220,0400,150.318,150.340,150.289,150.332,9633410000
USDJPY,20240220,0500,150.333,150.435,150.320,150.419,11068340000
USDJPY,20240220,0600,150.421,150.437,150.348,150.385,10209510000
USDJPY,20240220,0700,150.386,150.407,150.296,150.359,13896770000
USDJPY,20240220,0800,150.359,150.387,150.276,150.317,15958160000
USDJPY,20240220,0900,150.318,150.344,150.251,150.275,13004100000
USDJPY,20240220,1000,150.274,150.294,150.114,150.138,13738740000
USDJPY,20240220,1100,150.138,150.250,150.106,150.226,10968450000
USDJPY,20240220,1200,150.226,150.226,150.057,150.150,12217650000
USDJPY,20240220,1300,150.151,150.200,149.930,149.983,18984610000
USDJPY,20240220,1400,149.982,150.038,149.777,149.818,26251130000
USDJPY,20240220,1500,149.816,149.837,149.683,149.784,27556290000
USDJPY,20240220,1600,149.784,149.901,149.741,149.877,18288640000
USDJPY,20240220,1700,149.878,149.961,149.845,149.897,10843010000
USDJPY,20240220,1800,149.896,150.009,149.882,149.971,11172670000
USDJPY,20240220,1900,149.971,150.027,149.907,150.020,14386170000
USDJPY,20240220,2000,150.020,150.069,149.964,149.968,10234930000
USDJPY,20240220,2100,149.969,150.045,149.965,149.994,7066040000
USDJPY,20240220,2200,149.994,149.994,149.920,149.928,4040110000
USDJPY,20240220,2300,149.936,149.972,149.884,149.964,5878130000
USDJPY,20240221,0000,149.966,150.053,149.927,150.016,13635870000
USDJPY,20240221,0100,150.016,150.091,149.990,149.991,14459730000
USDJPY,20240221,0200,149.992,150.000,149.902,149.941,11182390000
USDJPY,20240221,0300,149.940,149.940,149.851,149.872,9208540000
USDJPY,20240221,0400,149.873,150.016,149.865,150.003,10456210000
USDJPY,20240221,0500,150.003,150.037,149.933,149.982,11988560000
USDJPY,20240221,0600,149.982,150.077,149.947,150.060,11388340000
USDJPY,20240221,0700,150.059,150.150,150.025,150.144,18160710000
USDJPY,20240221,0800,150.146,150.186,150.116,150.174,20774460000
USDJPY,20240221,0900,150.174,150.180,150.052,150.090,18545750000
USDJPY,20240221,1000,150.091,150.100,149.979,149.996,13707000000
USDJPY,20240221,1100,149.996,150.073,149.985,150.067,11781740000
USDJPY,20240221,1200,150.066,150.093,149.932,150.018,14866330000
USDJPY,20240221,1300,150.017,150.085,149.937,150.077,16876030000
USDJPY,20240221,1400,150.078,150.140,149.989,150.103,15882680000
USDJPY,20240221,1500,150.104,150.262,150.039,150.248,19319300000
USDJPY,20240221,1600,150.248,150.296,150.227,150.288,17512720000
USDJPY,20240221,1700,150.287,150.386,150.274,150.304,13271350000
USDJPY,20240221,1800,150.306,150.389,150.247,150.276,16570030000
USDJPY,20240221,1900,150.271,150.391,150.128,150.197,22244780000
USDJPY,20240221,2000,150.197,150.240,150.173,150.195,13933960000
USDJPY,20240221,2100,150.195,150.297,150.188,150.294,8939910000
USDJPY,20240221,2200,150.295,150.349,150.248,150.308,1735860000
USDJPY,20240221,2300,150.311,150.381,150.270,150.339,8484000000
USDJPY,20240222,0000,150.338,150.436,150.338,150.392,15304580000
USDJPY,20240222,0100,150.391,150.456,150.296,150.311,15985650000
USDJPY,20240222,0200,150.310,150.416,150.305,150.406,14057480000
USDJPY,20240222,0300,150.404,150.438,150.368,150.426,11492890000
USDJPY,20240222,0400,150.425,150.450,150.230,150.287,12449129999
USDJPY,20240222,0500,150.288,150.300,150.224,150.282,11603120000
USDJPY,20240222,0600,150.282,150.295,150.203,150.230,9285170000
USDJPY,20240222,0700,150.230,150.263,150.082,150.132,12828800000
USDJPY,20240222,0800,150.133,150.243,150.015,150.166,16242060000
USDJPY,20240222,0900,150.166,150.288,150.126,150.174,12748810000
USDJPY,20240222,1000,150.177,150.201,150.117,150.162,8687790000
USDJPY,20240222,1100,150.159,150.254,150.147,150.218,5684840000
USDJPY,20240222,1200,150.218,150.412,150.206,150.407,8287300000
USDJPY,20240222,1300,150.406,150.595,150.371,150.566,18445310000
USDJPY,20240222,1400,150.565,150.643,150.403,150.424,22072430000
USDJPY,20240222,1500,150.426,150.595,150.421,150.504,17664440000
USDJPY,20240222,1600,150.503,150.639,150.476,150.627,15741190000
USDJPY,20240222,1700,150.625,150.688,150.550,150.606,14986480000
USDJPY,20240222,1800,150.607,150.651,150.480,150.539,15080160000
USDJPY,20240222,1900,150.539,150.581,150.497,150.551,15560060000
USDJPY,20240222,2000,150.551,150.569,150.494,150.501,10749510000
USDJPY,20240222,2100,150.502,150.562,150.501,150.519,6846940000
USDJPY,20240222,2200,150.517,150.544,150.463,150.512,731060000
USDJPY,20240222,2300,150.512,150.512,150.448,150.473,3141140000
USDJPY,20240223,0000,150.473,150.559,150.392,150.440,13006030000
USDJPY,20240223,0100,150.439,150.482,150.370,150.455,9547620000
USDJPY,20240223,0200,150.455,150.492,150.422,150.490,5593400000
USDJPY,20240223,0300,150.490,150.507,150.468,150.481,5161290000
USDJPY,20240223,0400,150.479,150.532,150.456,150.529,4496740000
USDJPY,20240223,0500,150.530,150.606,150.527,150.604,6472960000
USDJPY,20240223,0600,150.604,150.650,150.559,150.578,8045690000
USDJPY,20240223,0700,150.579,150.608,150.524,150.555,13472720000
USDJPY,20240223,0800,150.556,150.674,150.527,150.626,21383930000
USDJPY,20240223,0900,150.626,150.760,150.626,150.746,12448220000
USDJPY,20240223,1000,150.747,150.767,150.697,150.728,11773860000
USDJPY,20240223,1100,150.729,150.744,150.650,150.653,15843720000
USDJPY,20240223,1200,150.654,150.654,150.398,150.417,17630610000
USDJPY,20240223,1300,150.418,150.491,150.331,150.475,16978000000
USDJPY,20240223,1400,150.477,150.497,150.320,150.355,19390880000
USDJPY,20240223,1500,150.356,150.555,150.347,150.528,17633550000
USDJPY,20240223,1600,150.528,150.537,150.292,150.358,11009880000
USDJPY,20240223,1700,150.358,150.423,150.315,150.409,12446360000
USDJPY,20240223,1800,150.408,150.417,150.343,150.373,7582080000
USDJPY,20240223,1900,150.373,150.461,150.351,150.457,7761500000
USDJPY,20240223,2000,150.456,150.508,150.441,150.495,7775500001
USDJPY,20240223,2100,150.497,150.544,150.460,150.473,7073930000
USDJPY,20240225,2200,150.460,150.498,150.336,150.412,802850000
USDJPY,20240225,2300,150.418,150.562,150.410,150.500,8167590000
USDJPY,20240226,0000,150.501,150.501,150.297,150.365,10862900000
USDJPY,20240226,0100,150.366,150.429,150.292,150.422,8974720000
USDJPY,20240226,0200,150.422,150.491,150.422,150.490,7356760000
USDJPY,20240226,0300,150.490,150.495,150.455,150.475,5458760000
USDJPY,20240226,0400,150.476,150.518,150.437,150.500,7997049999
USDJPY,20240226,0500,150.500,150.504,150.365,150.433,9682860001
USDJPY,20240226,0600,150.433,150.489,150.380,150.418,10272050000
USDJPY,20240226,0700,150.416,150.454,150.363,150.454,13477680000
USDJPY,20240226,0800,150.452,150.591,150.402,150.584,14986370000
USDJPY,20240226,0900,150.585,150.670,150.575,150.637,12357980000
USDJPY,20240226,1000,150.637,150.657,150.592,150.631,9969200000
USDJPY,20240226,1100,150.630,150.696,150.593,150.686,9150010000
USDJPY,20240226,1200,150.686,150.688,150.523,150.607,16341100000
USDJPY,20240226,1300,150.608,150.651,150.529,150.645,24482750000
USDJPY,20240226,1400,150.645,150.743,150.623,150.707,19731280000
USDJPY,20240226,1500,150.705,150.807,150.667,150.749,13928410000
USDJPY,20240226,1600,150.748,150.817,150.735,150.793,14391100000
USDJPY,20240226,1700,150.792,150.837,150.720,150.769,9636490000
USDJPY,20240226,1800,150.768,150.815,150.757,150.779,8009840000
USDJPY,20240226,1900,150.779,150.794,150.729,150.763,12964540000
USDJPY,20240226,2000,150.763,150.763,150.671,150.679,12106910000
USDJPY,20240226,2100,150.679,150.722,150.678,150.689,4100780000
USDJPY,20240226,2200,150.684,150.702,150.622,150.642,1311760000
USDJPY,20240226,2300,150.654,150.703,150.503,150.572,5627720000
USDJPY,20240227,0000,150.570,150.609,150.525,150.567,7717300000
USDJPY,20240227,0100,150.567,150.575,150.489,150.507,6178350000
USDJPY,20240227,0200,150.507,150.517,150.462,150.497,6132040000
USDJPY,20240227,0300,150.496,150.500,150.423,150.423,3201850000
USDJPY,20240227,0400,150.422,150.468,150.407,150.455,3910890000
USDJPY,20240227,0500,150.454,150.526,150.404,150.517,5157480000
USDJPY,20240227,0600,150.517,150.537,150.460,150.487,4817170000
USDJPY,20240227,0700,150.488,150.502,150.322,150.353,8620890000
USDJPY,20240227,0800,150.354,150.359,150.116,150.171,13811140000
USDJPY,20240227,0900,150.171,150.266,150.141,150.266,9482760000
USDJPY,20240227,1000,150.265,150.294,150.226,150.273,6995210000
USDJPY,20240227,1100,150.272,150.375,150.255,150.312,9171620000
USDJPY,20240227,1200,150.312,150.313,150.165,150.224,10929670000
USDJPY,20240227,1300,150.225,150.314,150.073,150.271,18371440000
USDJPY,20240227,1400,150.272,150.443,150.262,150.373,12445330000
USDJPY,20240227,1500,150.374,150.547,150.253,150.436,19392520000
USDJPY,20240227,1600,150.436,150.490,150.371,150.463,14536540000
USDJPY,20240227,1700,150.465,150.535,150.404,150.422,7812720000
USDJPY,20240227,1800,150.420,150.478,150.298,150.462,14514110000
USDJPY,20240227,1900,150.461,150.581,150.455,150.530,9482210000
USDJPY,20240227,2000,150.530,150.535,150.457,150.496,7792110000
USDJPY,20240227,2100,150.494,150.532,150.479,150.503,3821340000
USDJPY,20240227,2200,150.495,150.502,150.462,150.468,951230000
USDJPY,20240227,2300,150.473,150.518,150.456,150.513,2948290000
USDJPY,20240228,0000,150.516,150.537,150.373,150.470,9893420000
USDJPY,20240228,0100,150.470,150.492,150.380,150.396,12796800000
USDJPY,20240228,0200,150.397,150.475,150.373,150.459,11441660000
USDJPY,20240228,0300,150.459,150.539,150.442,150.530,8478980000
USDJPY,20240228,0400,150.531,150.640,150.514,150.621,11224110000
USDJPY,20240228,0500,150.622,150.638,150.594,150.599,9865590000
USDJPY,20240228,0600,150.597,150.684,150.578,150.679,10194130000
USDJPY,20240228,0700,150.680,150.750,150.651,150.739,12622800000
USDJPY,20240228,0800,150.740,150.791,150.736,150.787,12734310000
USDJPY,20240228,0900,150.787,150.797,150.704,150.744,11908770000
USDJPY,20240228,1000,150.743,150.746,150.645,150.667,13286680000
USDJPY,20240228,1100,150.666,150.700,150.608,150.631,13169970000
USDJPY,20240228,1200,150.629,150.741,150.592,150.737,10318480000
USDJPY,20240228,1300,150.738,150.740,150.525,150.712,27929920000
USDJPY,20240228,1400,150.712,150.798,150.656,150.796,18152990000
USDJPY,20240228,1500,150.795,150.842,150.703,150.810,16399090000
USDJPY,20240228,1600,150.810,150.816,150.676,150.678,20610580000
USDJPY,20240228,1700,150.679,150.721,150.650,150.698,13243110000
USDJPY,20240228,1800,150.697,150.740,150.641,150.715,12927600000
USDJPY,20240228,1900,150.717,150.722,150.653,150.695,17069970000
USDJPY,20240228,2000,150.695,150.724,150.662,150.685,15898130000
USDJPY,20240228,2100,150.686,150.709,150.681,150.681,4840190000
USDJPY,20240228,2200,150.679,150.679,150.569,150.639,2058060000
USDJPY,20240228,2300,150.641,150.662,150.533,150.658,4214930000
USDJPY,20240229,0000,150.656,150.656,150.548,150.566,8463790000
USDJPY,20240229,0100,150.566,150.566,150.189,150.215,9097210000
USDJPY,20240229,0200,150.213,150.225,149.760,149.786,18601000000
USDJPY,20240229,0300,149.785,149.867,149.711,149.812,9190000000
USDJPY,20240229,0400,149.812,149.884,149.694,149.823,6907560000
USDJPY,20240229,0500,149.822,150.105,149.694,149.906,9971670000
USDJPY,20240229,0600,149.903,149.934,149.712,149.752,9209400000
USDJPY,20240229,0700,149.750,149.805,149.622,149.661,21067360000
USDJPY,20240229,0800,149.669,149.827,149.610,149.667,12176020000
USDJPY,20240229,0900,149.667,149.906,149.648,149.803,16017320000
USDJPY,20240229,1000,149.805,150.100,149.786,150.094,13491160000
USDJPY,20240229,1100,150.095,150.106,149.961,149.971,12930740000
USDJPY,20240229,1200,149.971,150.097,149.924,150.070,12990490000
USDJPY,20240229,1300,150.068,150.150,149.730,149.778,30014530000
USDJPY,20240229,1400,149.778,149.848,149.476,149.512,19464100000
USDJPY,20240229,1500,149.493,149.699,149.208,149.641,19768710000
USDJPY,20240229,1600,149.641,149.905,149.634,149.900,14754410000
USDJPY,20240229,1700,149.900,150.045,149.889,149.992,21143800000
USDJPY,20240229,1800,149.992,150.016,149.838,149.869,12031080000
USDJPY,20240229,1900,149.869,149.987,149.843,149.966,9297770000
USDJPY,20240229,2000,149.966,149.967,149.904,149.911,12702610000
USDJPY,20240229,2100,149.912,150.004,149.903,149.968,6033420000
USDJPY,20240229,2200,149.963,150.027,149.909,149.985,2536450000
USDJPY,20240229,2300,149.985,150.179,149.950,150.068,8881060000
USDJPY,20240301,0000,150.070,150.292,150.058,150.215,18633760000
USDJPY,20240301,0100,150.216,150.369,150.216,150.355,24158550000
USDJPY,20240301,0200,150.355,150.413,150.317,150.352,15340720000
USDJPY,20240301,0300,150.353,150.364,150.299,150.324,15649280000
USDJPY,20240301,0400,150.323,150.398,150.323,150.383,12921440000
USDJPY,20240301,0500,150.383,150.478,150.371,150.445,13839130000
USDJPY,20240301,0600,150.445,150.461,150.329,150.347,13951860000
USDJPY,20240301,0700,150.350,150.497,150.346,150.496,14283960000
USDJPY,20240301,0800,150.498,150.685,150.489,150.648,23701910000
USDJPY,20240301,0900,150.650,150.661,150.449,150.624,19219970000
USDJPY,20240301,1000,150.625,150.647,150.306,150.358,23240320000
USDJPY,20240301,1100,150.358,150.483,150.321,150.388,16947570000
USDJPY,20240301,1200,150.390,150.568,150.366,150.561,19392220000
USDJPY,20240301,1300,150.560,150.656,150.486,150.643,32182350000
USDJPY,20240301,1400,150.643,150.720,150.557,150.669,30058030000
USDJPY,20240301,1500,150.668,150.668,150.084,150.122,49730820000
USDJPY,20240301,1600,150.122,150.267,150.073,150.202,33911160007
USDJPY,20240301,1700,150.202,150.224,150.099,150.151,14822820003
USDJPY,20240301,1800,150.151,150.243,150.070,150.128,20815220000
USDJPY,20240301,1900,150.128,150.129,150.050,150.115,20324420002
USDJPY,20240301,2000,150.114,150.160,150.099,150.149,7114970000
USDJPY,20240301,2100,150.148,150.155,150.051,150.064,5870810000
USDJPY,20240303,2200,149.944,150.114,149.944,150.099,886140000
USDJPY,20240303,2300,150.104,150.153,150.048,150.130,5888420000
USDJPY,20240304,0000,150.129,150.144,149.837,149.982,14182710000
USDJPY,20240304,0100,149.980,150.208,149.974,150.127,10189520000
USDJPY,20240304,0200,150.126,150.186,150.098,150.175,6664690000
USDJPY,20240304,0300,150.171,150.193,150.110,150.160,9836300000
USDJPY,20240304,0400,150.159,150.265,150.139,150.253,7352120000
USDJPY,20240304,0500,150.253,150.320,150.220,150.302,8119130000
USDJPY,20240304,0600,150.302,150.386,150.268,150.358,4644090000
USDJPY,20240304,0700,150.357,150.399,150.296,150.308,14750840000
USDJPY,20240304,0800,150.307,150.382,150.173,150.374,15516540000
USDJPY,20240304,0900,150.376,150.396,150.188,150.245,13778830000
USDJPY,20240304,1000,150.244,150.465,150.244,150.417,7033720000
USDJPY,20240304,1100,150.416,150.464,150.386,150.423,18385960000
USDJPY,20240304,1200,150.422,150.444,150.342,150.443,9392970000
USDJPY,20240304,1300,150.442,150.568,150.434,150.458,19679890000
USDJPY,20240304,1400,150.458,150.550,150.310,150.332,20592870000
USDJPY,20240304,1500,150.333,150.501,150.326,150.485,15723930000
USDJPY,20240304,1600,150.485,150.523,150.431,150.452,18220910000
USDJPY,20240304,1700,150.449,150.542,150.431,150.522,14908320000
USDJPY,20240304,1800,150.521,150.557,150.486,150.552,4479830000
USDJPY,20240304,1900,150.553,150.563,150.494,150.550,10249480000
USDJPY,20240304,2000,150.551,150.557,150.484,150.518,9330790000
USDJPY,20240304,2100,150.517,150.537,150.499,150.518,3702640000
USDJPY,20240304,2200,150.518,150.531,150.418,150.431,5660570000
USDJPY,20240304,2300,150.441,150.543,150.380,150.453,4690750000
USDJPY,20240305,0000,150.457,150.486,150.351,150.396,15642700000
USDJPY,20240305,0100,150.399,150.484,150.384,150.463,9878650000
USDJPY,20240305,0200,150.463,150.537,150.451,150.495,8017760000
USDJPY,20240305,0300,150.494,150.509,150.442,150.500,4556970000
USDJPY,20240305,0400,150.499,150.537,150.481,150.529,11610270000
USDJPY,20240305,0500,150.528,150.545,150.459,150.497,12602010000
USDJPY,20240305,0600,150.496,150.543,150.460,150.479,8874240000
USDJPY,20240305,0700,150.481,150.502,150.347,150.419,12107200000
USDJPY,20240305,0800,150.419,150.485,150.343,150.447,15986740000
USDJPY,20240305,0900,150.447,150.462,150.370,150.415,13510220000
USDJPY,20240305,1000,150.414,150.429,150.387,150.408,9342530000
USDJPY,20240305,1100,150.408,150.440,150.363,150.417,14178300000
USDJPY,20240305,1200,150.416,150.439,150.373,150.393,11976510000
USDJPY,20240305,1300,150.393,150.393,150.062,150.087,33050040000
USDJPY,20240305,1400,150.087,150.181,149.997,150.122,31049060001
USDJPY,20240305,1500,150.119,150.119,149.701,149.983,40964120000
USDJPY,20240305,1600,149.982,150.226,149.964,150.148,25275700000
USDJPY,20240305,1700,150.147,150.172,150.052,150.092,16946220000
USDJPY,20240305,1800,150.093,150.113,149.974,149.977,12662260000
USDJPY,20240305,1900,149.977,150.051,149.924,149.934,18103090000
USDJPY,20240305,2000,149.933,149.954,149.838,149.917,16641990000
USDJPY,20240305,2100,149.916,150.079,149.906,150.036,4419570000
USDJPY,20240305,2200,150.033,150.055,150.001,150.015,1132170000
USDJPY,20240305,2300,150.016,150.051,149.815,150.049,5104970000
USDJPY,20240306,0000,150.050,150.084,149.896,149.993,8567840000
USDJPY,20240306,0100,149.993,150.042,149.957,150.030,5718210000
USDJPY,20240306,0200,150.031,150.031,149.891,149.903,4397840000
USDJPY,20240306,0300,149.903,149.995,149.903,149.979,2730620000
USDJPY,20240306,0400,149.976,150.021,149.933,149.939,5079980000
USDJPY,20240306,0500,149.938,149.939,149.807,149.913,5801740000
USDJPY,20240306,0600,149.912,149.936,149.826,149.844,4878430000
USDJPY,20240306,0700,149.844,149.844,149.324,149.534,19643859999
USDJPY,20240306,0800,149.535,149.806,149.530,149.751,12839540000
USDJPY,20240306,0900,149.750,149.865,149.622,149.646,9241460000
USDJPY,20240306,1000,149.648,149.809,149.564,149.743,9548580000
USDJPY,20240306,1100,149.743,149.799,149.686,149.711,4692720000
USDJPY,20240306,1200,149.710,149.741,149.555,149.630,6913240000
USDJPY,20240306,1300,149.631,149.701,149.334,149.365,20431920001
USDJPY,20240306,1400,149.366,149.444,149.269,149.378,12742320000
USDJPY,20240306,1500,149.391,149.644,149.261,149.365,22042780000
USDJPY,20240306,1600,149.366,149.448,149.130,149.176,13587290000
USDJPY,20240306,1700,149.177,149.354,149.094,149.326,11737830000
USDJPY,20240306,1800,149.325,149.330,149.200,149.262,6547099999
USDJPY,20240306,1900,149.264,149.384,149.255,149.344,11266780000
USDJPY,20240306,2000,149.344,149.470,149.344,149.351,9864520000
USDJPY,20240306,2100,149.352,149.446,149.349,149.349,4553570000
USDJPY,20240306,2200,149.349,149.364,149.264,149.325,1711490000
USDJPY,20240306,2300,149.327,149.330,149.193,149.261,4918470000
USDJPY,20240307,0000,149.259,149.259,148.877,148.897,16666080000
USDJPY,20240307,0100,148.894,148.973,148.557,148.617,16612660000
USDJPY,20240307,0200,148.615,148.793,148.601,148.754,8639210000
USDJPY,20240307,0300,148.755,148.771,148.606,148.667,7770490000
USDJPY,20240307,0400,148.669,148.670,148.401,148.550,9825170000
USDJPY,20240307,0500,148.551,148.681,148.510,148.637,4478650000
USDJPY,20240307,0600,148.639,148.679,148.114,148.194,13181790000
USDJPY,20240307,0700,148.194,148.251,147.935,147.938,23690250000
USDJPY,20240307,0800,147.938,148.097,147.809,147.928,20546810000
USDJPY,20240307,0900,147.930,148.109,147.832,147.984,12606090000
USDJPY,20240307,1000,147.985,147.995,147.866,147.869,11315790000
USDJPY,20240307,1100,147.867,147.906,147.768,147.838,11365260000
USDJPY,20240307,1200,147.836,147.879,147.683,147.831,12576090000
USDJPY,20240307,1300,147.832,147.924,147.582,147.768,33911040000
USDJPY,20240307,1400,147.767,148.223,147.730,148.121,31572540000
USDJPY,20240307,1500,148.119,148.297,148.015,148.139,20125470000
USDJPY,20240307,1600,148.138,148.180,147.890,148.092,22157870000
USDJPY,20240307,1700,148.091,148.234,148.083,148.104,12366930000
USDJPY,20240307,1800,148.108,148.127,148.023,148.112,7164790000
USDJPY,20240307,1900,148.111,148.134,148.002,148.005,5215770000
USDJPY,20240307,2000,148.005,148.108,147.994,148.077,6867990000
USDJPY,20240307,2100,148.077,148.078,148.005,148.036,3035760000
USDJPY,20240307,2200,148.037,148.037,147.857,147.909,3431400000
USDJPY,20240307,2300,147.909,147.943,147.827,147.864,3143810000
USDJPY,20240308,0000,147.862,147.892,147.521,147.748,13117039999
USDJPY,20240308,0100,147.748,148.117,147.652,147.973,12541120000
USDJPY,20240308,0200,147.975,148.087,147.877,147.965,9873050000
USDJPY,20240308,0300,147.967,148.053,147.806,147.812,5941590000
USDJPY,20240308,0400,147.812,147.904,147.775,147.853,4200640000
USDJPY,20240308,0500,147.852,147.868,147.773,147.802,5782320000
USDJPY,20240308,0600,147.802,147.987,147.802,147.855,5682190000
USDJPY,20240308,0700,147.852,148.044,147.797,147.881,16518590000
USDJPY,20240308,0800,147.882,147.968,147.801,147.815,12361670000
USDJPY,20240308,0900,147.814,147.825,146.874,147.132,16914200000
USDJPY,20240308,1000,147.133,147.206,146.953,147.097,9807780000
USDJPY,20240308,1100,147.095,147.120,146.952,147.099,10621730000
USDJPY,20240308,1200,147.098,147.237,147.085,147.228,9727820000
USDJPY,20240308,1300,147.229,147.496,146.481,146.960,33564380000
USDJPY,20240308,1400,146.961,147.044,146.691,146.890,26634770000
USDJPY,20240308,1500,146.889,147.234,146.849,147.031,16092480000
USDJPY,20240308,1600,147.032,147.258,147.028,147.176,15284240000
USDJPY,20240308,1700,147.176,147.189,147.026,147.027,15529790000
USDJPY,20240308,1800,147.026,147.144,146.986,147.067,17135150000
USDJPY,20240308,1900,147.066,147.160,147.042,147.048,15429260000
USDJPY,20240308,2000,147.048,147.104,147.030,147.058,4506230001
USDJPY,20240308,2100,147.058,147.111,147.030,147.030,5035740000
USDJPY,20240310,2100,146.915,147.117,146.897,147.059,1366560000
USDJPY,20240310,2200,147.059,147.126,146.937,147.044,4239160000
USDJPY,20240310,2300,147.045,147.046,146.706,146.795,10861410000
USDJPY,20240311,0000,146.796,146.928,146.671,146.762,11396400001
USDJPY,20240311,0100,146.762,146.894,146.537,146.876,9159420000
USDJPY,20240311,0200,146.875,147.087,146.872,147.071,6536100001
USDJPY,20240311,0300,147.072,147.072,146.918,146.936,4737600000
USDJPY,20240311,0400,146.935,147.047,146.888,146.903,6537850001
USDJPY,20240311,0500,146.903,147.081,146.863,146.975,5070860000
USDJPY,20240311,0600,146.974,147.065,146.871,146.918,4984450000
USDJPY,20240311,0700,146.917,147.025,146.731,146.747,13855490000
USDJPY,20240311,0800,146.747,146.855,146.631,146.717,18979440000
USDJPY,20240311,0900,146.718,146.739,146.483,146.611,15471050001
USDJPY,20240311,1000,146.613,146.704,146.533,146.666,8921180000
USDJPY,20240311,1100,146.667,146.741,146.620,146.642,8103160000
USDJPY,20240311,1200,146.647,146.896,146.619,146.825,25850929999
USDJPY,20240311,1300,146.825,146.971,146.759,146.963,27307910000
USDJPY,20240311,1400,146.963,147.144,146.953,146.991,24420340000
USDJPY,20240311,1500,146.992,147.048,146.827,146.857,22409760000
USDJPY,20240311,1600,146.857,146.939,146.811,146.871,18908180000
USDJPY,20240311,1700,146.871,146.932,146.741,146.919,21976720000
USDJPY,20240311,1800,146.920,147.053,146.916,146.944,16368290000
USDJPY,20240311,1900,146.943,146.978,146.933,146.965,16071540000
USDJPY,20240311,2000,146.964,146.978,146.923,146.934,7116300000
USDJPY,20240311,2100,146.932,146.974,146.853,146.967,3623600000
USDJPY,20240311,2200,146.969,146.969,146.897,146.948,3424410000
USDJPY,20240311,2300,146.949,146.952,146.714,146.735,11737270000
USDJPY,20240312,0000,146.737,146.883,146.619,146.868,14005280000
USDJPY,20240312,0100,146.871,146.991,146.852,146.936,16414150000
USDJPY,20240312,0200,146.936,147.425,146.932,147.412,21899390007
USDJPY,20240312,0300,147.420,147.432,147.321,147.390,13563870004
USDJPY,20240312,0400,147.389,147.434,147.327,147.382,13021770001
USDJPY,20240312,0500,147.383,147.594,147.343,147.519,18329270000
USDJPY,20240312,0600,147.520,147.577,147.209,147.396,28015780002
USDJPY,20240312,0700,147.394,147.446,147.275,147.334,24982630000
USDJPY,20240312,0800,147.334,147.483,147.280,147.326,24265890000
USDJPY,20240312,0900,147.326,147.429,147.310,147.422,16078670000
USDJPY,20240312,1000,147.423,147.567,147.312,147.328,18757330000
USDJPY,20240312,1100,147.328,147.460,147.316,147.435,12716060000
USDJPY,20240312,1200,147.436,148.161,147.065,147.648,53495350000
USDJPY,20240312,1300,147.649,147.982,147.641,147.806,39651190000
USDJPY,20240312,1400,147.806,147.964,147.708,147.901,22211500000
USDJPY,20240312,1500,147.899,147.905,147.684,147.693,23420600000
USDJPY,20240312,1600,147.693,147.790,147.642,147.700,18987020000
USDJPY,20240312,1700,147.701,147.791,147.662,147.786,21850020000
USDJPY,20240312,1800,147.791,147.796,147.641,147.687,13656450000
USDJPY,20240312,1900,147.688,147.715,147.657,147.677,11762200000
USDJPY,20240312,2000,147.678,147.692,147.637,147.641,6919260000
USDJPY,20240312,2100,147.636,147.663,147.601,147.624,1395800000
USDJPY,20240312,2200,147.622,147.640,147.561,147.576,2948380000
USDJPY,20240312,2300,147.578,147.650,147.544,147.620,4643730000
USDJPY,20240313,0000,147.620,147.635,147.365,147.369,17564739999
USDJPY,20240313,0100,147.368,147.447,147.232,147.420,13141670000
USDJPY,20240313,0200,147.419,147.536,147.326,147.371,9179360000
USDJPY,20240313,0300,147.373,147.439,147.283,147.380,8039520000
USDJPY,20240313,0400,147.378,147.582,147.373,147.571,8841180000
USDJPY,20240313,0500,147.572,147.645,147.544,147.570,10198570000
USDJPY,20240313,0600,147.573,147.788,147.497,147.740,13170980001
USDJPY,20240313,0700,147.742,147.761,147.564,147.678,16517890000
USDJPY,20240313,0800,147.677,147.887,147.640,147.872,13110520000
USDJPY,20240313,0900,147.872,148.045,147.705,147.989,29684320000
USDJPY,20240313,1000,147.988,148.035,147.898,147.914,20334580000
USDJPY,20240313,1100,147.914,148.027,147.904,147.972,13812240000
USDJPY,20240313,1200,147.973,148.013,147.889,147.942,23469740000
USDJPY,20240313,1300,147.941,147.946,147.777,147.889,26824520000
USDJPY,20240313,1400,147.888,147.968,147.810,147.840,25135030000
USDJPY,20240313,1500,147.839,147.849,147.684,147.737,23931370000
USDJPY,20240313,1600,147.738,147.802,147.672,147.707,21804190000
USDJPY,20240313,1700,147.707,147.721,147.458,147.631,23767070000
USDJPY,20240313,1800,147.632,147.802,147.606,147.764,14947000000
USDJPY,20240313,1900,147.766,147.855,147.745,147.842,7949030000
USDJPY,20240313,2000,147.842,147.850,147.746,147.750,3398700000
USDJPY,20240313,2100,147.747,147.747,147.615,147.631,2124240000
USDJPY,20240313,2200,147.631,147.717,147.631,147.704,3508540000
USDJPY,20240313,2300,147.705,147.705,147.585,147.589,6564080000
USDJPY,20240314,0000,147.588,147.724,147.540,147.594,16526860000
USDJPY,20240314,0100,147.593,147.719,147.527,147.673,14614910000
USDJPY,20240314,0200,147.672,147.926,147.661,147.899,14619780000
USDJPY,20240314,0300,147.901,147.901,147.789,147.856,15969020000
USDJPY,20240314,0400,147.857,147.971,147.848,147.912,13976430000
USDJPY,20240314,0500,147.914,147.968,147.877,147.919,16998590000
USDJPY,20240314,0600,147.919,147.934,147.856,147.886,16309800000
USDJPY,20240314,0700,147.887,147.971,147.811,147.867,22043120000
USDJPY,20240314,0800,147.865,147.916,147.766,147.863,24966340000
USDJPY,20240314,0900,147.862,147.893,147.772,147.778,17772360006
USDJPY,20240314,1000,147.779,147.834,147.729,147.748,15801570000
USDJPY,20240314,1100,147.748,147.778,147.668,147.700,11381880000
USDJPY,20240314,1200,147.700,147.987,147.566,147.846,48669770001
USDJPY,20240314,1300,147.845,148.146,147.430,147.996,68037370001
USDJPY,20240314,1400,147.995,148.192,147.923,148.110,56449520001
USDJPY,20240314,1500,148.111,148.319,148.050,148.189,45237790000
USDJPY,20240314,1600,148.189,148.214,148.101,148.186,26220670000
USDJPY,20240314,1700,148.188,148.310,148.130,148.278,23685970002
USDJPY,20240314,1800,148.277,148.355,148.272,148.297,16278580000
USDJPY,20240314,1900,148.296,148.317,148.228,148.233,12856320000
USDJPY,20240314,2000,148.233,148.328,148.209,148.312,5609670000
USDJPY,20240314,2100,148.312,148.339,148.247,148.285,2183400000
USDJPY,20240314,2200,148.283,148.287,148.219,148.258,1635990000
USDJPY,20240314,2300,148.260,148.334,148.249,148.303,4595320000
USDJPY,20240315,0000,148.302,148.534,148.267,148.444,17475810000
USDJPY,20240315,0100,148.447,148.491,148.385,148.473,10515170000
USDJPY,20240315,0200,148.464,148.659,148.431,148.456,10556820000
USDJPY,20240315,0300,148.457,148.500,148.346,148.375,10394300000
USDJPY,20240315,0400,148.375,148.401,148.249,148.311,9178760000
USDJPY,20240315,0500,148.310,148.374,148.274,148.317,9551029998
USDJPY,20240315,0600,148.317,148.341,148.096,148.214,12845100002
USDJPY,20240315,0700,148.214,148.600,148.030,148.568,19893370000
USDJPY,20240315,0800,148.567,148.831,148.567,148.709,17660430000
USDJPY,20240315,0900,148.709,148.780,148.674,148.722,10306630000
USDJPY,20240315,1000,148.722,148.785,148.659,148.774,10481770000
USDJPY,20240315,1100,148.774,148.797,148.585,148.649,15240040000
USDJPY,20240315,1200,148.650,148.870,148.620,148.801,19454250000
USDJPY,20240315,1300,148.800,148.966,148.730,148.915,21997390000
USDJPY,20240315,1400,148.915,148.999,148.810,148.977,20837800000
USDJPY,20240315,1500,148.977,149.142,148.967,149.136,16693060000
USDJPY,20240315,1600,149.137,149.163,148.976,149.092,12545160000
USDJPY,20240315,1700,149.091,149.097,149.010,149.036,12050350000
USDJPY,20240315,1800,149.037,149.079,148.995,149.037,12811810000
USDJPY,20240315,1900,149.037,149.118,148.997,149.076,10048690000
USDJPY,20240315,2000,149.079,149.097,148.979,148.982,6517350000
USDJPY,20240317,2100,148.944,149.066,148.943,149.066,408210000
USDJPY,20240317,2200,149.066,149.088,148.938,148.973,3970270000
USDJPY,20240317,2300,148.974,149.032,148.935,148.955,7143580000
USDJPY,20240318,0000,148.955,149.287,148.932,149.277,12813770000
USDJPY,20240318,0100,149.282,149.328,149.166,149.189,12042300000
USDJPY,20240318,0200,149.190,149.205,148.907,148.971,13287730000
USDJPY,20240318,0300,148.971,149.095,148.962,149.090,9514330000
USDJPY,20240318,0400,149.090,149.131,149.080,149.112,8405880000
USDJPY,20240318,0500,149.111,149.188,149.065,149.113,9311090000
USDJPY,20240318,0600,149.113,149.243,149.100,149.219,10828370000
USDJPY,20240318,0700,149.219,149.311,149.096,149.121,14544760000
USDJPY,20240318,0800,149.121,149.163,149.055,149.122,14162330000
USDJPY,20240318,0900,149.123,149.244,149.103,149.207,11447490000
USDJPY,20240318,1000,149.208,149.234,149.113,149.130,9240090000
USDJPY,20240318,1100,149.129,149.137,149.015,149.028,7379880000
USDJPY,20240318,1200,149.027,149.196,149.008,149.176,11898090000
USDJPY,20240318,1300,149.176,149.239,149.116,149.213,13881320000
USDJPY,20240318,1400,149.214,149.300,149.161,149.283,13235790000
USDJPY,20240318,1500,149.284,149.290,149.099,149.134,10757100000
USDJPY,20240318,1600,149.134,149.209,149.095,149.138,10077210000
USDJPY,20240318,1700,149.138,149.166,148.918,149.105,10423820000
USDJPY,20240318,1800,149.107,149.117,149.027,149.111,4886810000
USDJPY,20240318,1900,149.110,149.188,149.086,149.188,4294340000
USDJPY,20240318,2000,149.189,149.191,149.141,149.141,2483770000
USDJPY,20240318,2100,149.140,149.140,149.085,149.107,1083340000
USDJPY,20240318,2200,149.111,149.143,149.037,149.039,3121170000
USDJPY,20240318,2300,149.037,149.170,149.029,149.154,3716380000
USDJPY,20240319,0000,149.153,149.220,149.111,149.208,8077540000
USDJPY,20240319,0100,149.207,149.393,149.207,149.299,12607380000
USDJPY,20240319,0200,149.298,149.366,149.189,149.360,15362790000
USDJPY,20240319,0300,149.360,149.921,149.001,149.702,39768360000
USDJPY,20240319,0400,149.701,150.076,149.670,149.965,37303080000
USDJPY,20240319,0500,149.965,150.392,149.938,150.299,30141730000
USDJPY,20240319,0600,150.302,150.483,150.039,150.365,25152410000
USDJPY,20240319,0700,150.365,150.392,149.985,150.257,28062240000
USDJPY,20240319,0800,150.259,150.513,150.196,150.335,18770610000
USDJPY,20240319,0900,150.335,150.700,150.305,150.675,16530960000
USDJPY,20240319,1000,150.677,150.690,150.498,150.532,11271340000
USDJPY,20240319,1100,150.532,150.571,150.347,150.388,8186620000
USDJPY,20240319,1200,150.386,150.608,150.340,150.491,23967320001
USDJPY,20240319,1300,150.490,150.682,150.402,150.670,28589700000
USDJPY,20240319,1400,150.668,150.729,150.603,150.687,25728940000
USDJPY,20240319,1500,150.687,150.851,150.657,150.731,20144450000
USDJPY,20240319,1600,150.730,150.946,150.712,150.938,20318780000
USDJPY,20240319,1700,150.938,150.962,150.842,150.896,16892320000
USDJPY,20240319,1800,150.894,150.928,150.846,150.920,12458590000
USDJPY,20240319,1900,150.918,150.923,150.852,150.891,7338590000
USDJPY,20240319,2000,150.894,150.898,150.841,150.849,3374260000
USDJPY,20240319,2100,150.848,150.850,150.763,150.799,2203700000
USDJPY,20240319,2200,150.807,150.865,150.790,150.837,2212310000
USDJPY,20240319,2300,150.837,151.065,150.816,151.023,11579130000
USDJPY,20240320,0000,151.021,151.340,151.001,151.153,23673370001
USDJPY,20240320,0100,151.155,151.238,151.135,151.168,19676550001
USDJPY,20240320,0200,151.166,151.241,151.157,151.232,19490700000
USDJPY,20240320,0300,151.232,151.315,151.229,151.315,16676420000
USDJPY,20240320,0400,151.316,151.538,151.313,151.485,20010570001
USDJPY,20240320,0500,151.485,151.575,151.433,151.536,22970069999
USDJPY,20240320,0600,151.537,151.583,151.460,151.472,20213150000
USDJPY,20240320,0700,151.472,151.505,151.334,151.484,27082440000
USDJPY,20240320,0800,151.484,151.545,151.421,151.450,13909110000
USDJPY,20240320,0900,151.449,151.764,151.449,151.682,10805990000
USDJPY,20240320,1000,151.681,151.750,151.645,151.667,8807330000
USDJPY,20240320,1100,151.666,151.734,151.629,151.707,8313920000
USDJPY,20240320,1200,151.708,151.783,151.655,151.758,10800090000
USDJPY,20240320,1300,151.759,151.816,151.694,151.740,10062080000
USDJPY,20240320,1400,151.741,151.755,151.620,151.671,10746030000
USDJPY,20240320,1500,151.671,151.672,151.533,151.661,8646300000
USDJPY,20240320,1600,151.661,151.674,151.549,151.613,7992380000
USDJPY,20240320,1700,151.614,151.632,151.523,151.588,8055690000
USDJPY,20240320,1800,151.587,151.709,150.715,150.786,39406630000
USDJPY,20240320,1900,150.785,151.220,150.771,151.214,21124310000
USDJPY,20240320,2000,151.214,151.402,151.207,151.243,7987730000
USDJPY,20240320,2100,151.243,151.254,151.175,151.200,3093520000
USDJPY,20240320,2200,151.200,151.211,150.847,150.850,11733580000
USDJPY,20240320,2300,150.852,150.942,150.678,150.738,13808350000
USDJPY,20240321,0000,150.737,150.865,150.542,150.619,20447160000
USDJPY,20240321,0100,150.622,150.649,150.263,150.499,18695810000
USDJPY,20240321,0200,150.503,150.520,150.340,150.489,11880530000
USDJPY,20240321,0300,150.490,150.549,150.385,150.488,9641060000
USDJPY,20240321,0400,150.487,150.790,150.449,150.762,8915490000
USDJPY,20240321,0500,150.761,151.003,150.749,150.996,10075850000
USDJPY,20240321,0600,150.996,151.088,150.848,150.996,14521450000
USDJPY,20240321,0700,150.997,151.224,150.848,151.220,13419709999
USDJPY,20240321,0800,151.220,151.456,151.091,151.174,20805180000
USDJPY,20240321,0900,151.172,151.240,151.048,151.079,15698590000
USDJPY,20240321,1000,151.080,151.117,150.869,151.108,12664170000
USDJPY,20240321,1100,151.109,151.171,150.965,151.110,12602590000
USDJPY,20240321,1200,151.109,151.317,151.011,151.162,17372790000
USDJPY,20240321,1300,151.163,151.443,151.160,151.402,17785600000
USDJPY,20240321,1400,151.398,151.573,151.392,151.507,22443800000
USDJPY,20240321,1500,151.506,151.668,151.474,151.593,13194320000
USDJPY,20240321,1600,151.592,151.752,151.569,151.692,8142510000
USDJPY,20240321,1700,151.690,151.739,151.660,151.723,6159590000
USDJPY,20240321,1800,151.722,151.723,151.647,151.671,4359300000
USDJPY,20240321,1900,151.672,151.729,151.662,151.684,3898640000
USDJPY,20240321,2000,151.683,151.695,151.602,151.605,2654130000
USDJPY,20240321,2100,151.601,151.630,151.557,151.588,1698900000
USDJPY,20240321,2200,151.593,151.622,151.542,151.547,2378120000
USDJPY,20240321,2300,151.548,151.699,151.547,151.633,7575060000
USDJPY,20240322,0000,151.629,151.651,151.442,151.528,12048160000
USDJPY,20240322,0100,151.529,151.862,151.489,151.780,18544500000
USDJPY,20240322,0200,151.780,151.792,151.419,151.627,17808450000
USDJPY,20240322,0300,151.628,151.652,151.510,151.567,14046140001
USDJPY,20240322,0400,151.566,151.605,151.495,151.583,12018090000
USDJPY,20240322,0500,151.584,151.591,151.472,151.485,13297800000
USDJPY,20240322,0600,151.487,151.525,151.256,151.306,15135280000
USDJPY,20240322,0700,151.307,151.504,151.273,151.418,16089720000
USDJPY,20240322,0800,151.420,151.537,151.301,151.477,13729900000
USDJPY,20240322,0900,151.478,151.649,151.432,151.616,10528810000
USDJPY,20240322,1000,151.615,151.649,151.547,151.616,8240650000
USDJPY,20240322,1100,151.617,151.624,151.438,151.466,7572100000
USDJPY,20240322,1200,151.466,151.489,151.003,151.213,18443880000
USDJPY,20240322,1300,151.213,151.318,151.059,151.167,16236800000
USDJPY,20240322,1400,151.167,151.265,151.083,151.187,14716580000
USDJPY,20240322,1500,151.189,151.395,151.189,151.348,13590220000
USDJPY,20240322,1600,151.347,151.435,151.332,151.388,9179190000
USDJPY,20240322,1700,151.388,151.431,151.346,151.418,8032450000
USDJPY,20240322,1800,151.422,151.456,151.381,151.452,6608170000
USDJPY,20240322,1900,151.451,151.484,151.400,151.424,6227760000
USDJPY,20240322,2000,151.425,151.451,151.343,151.431,4805390000
USDJPY,20240324,2100,151.305,151.405,151.259,151.365,543240000
USDJPY,20240324,2200,151.365,151.435,151.251,151.283,2270150000
USDJPY,20240324,2300,151.284,151.326,151.084,151.312,6851090000
USDJPY,20240325,0000,151.311,151.424,151.240,151.305,13257270000
USDJPY,20240325,0100,151.304,151.322,151.091,151.244,18916630000
USDJPY,20240325,0200,151.242,151.266,151.052,151.134,13232750000
USDJPY,20240325,0300,151.134,151.258,151.129,151.235,11985000000
USDJPY,20240325,0400,151.234,151.376,151.234,151.365,11304950000
USDJPY,20240325,0500,151.363,151.371,151.190,151.212,9666370001
USDJPY,20240325,0600,151.216,151.320,151.173,151.318,9514680000
USDJPY,20240325,0700,151.319,151.385,151.168,151.322,11978470000
USDJPY,20240325,0800,151.322,151.399,151.221,151.354,13289710000
USDJPY,20240325,0900,151.354,151.440,151.330,151.401,11107860000
USDJPY,20240325,1000,151.401,151.407,151.258,151.289,10603610000
USDJPY,20240325,1100,151.290,151.378,151.285,151.295,9969980000
USDJPY,20240325,1200,151.295,151.318,151.140,151.229,12350650000
USDJPY,20240325,1300,151.229,151.290,151.122,151.268,10897460000
USDJPY,20240325,1400,151.273,151.383,151.245,151.360,11164200000
USDJPY,20240325,1500,151.360,151.431,151.344,151.419,13996030000
USDJPY,20240325,1600,151.421,151.544,151.416,151.483,16376980000
USDJPY,20240325,1700,151.483,151.508,151.427,151.504,12954480000
USDJPY,20240325,1800,151.507,151.534,151.466,151.474,13385090000
USDJPY,20240325,1900,151.474,151.488,151.421,151.444,9307350000
USDJPY,20240325,2000,151.444,151.468,151.406,151.406,4727030000
USDJPY,20240325,2100,151.402,151.421,151.385,151.405,598460000
USDJPY,20240325,2200,151.403,151.421,151.357,151.419,3311000000
USDJPY,20240325,2300,151.418,151.418,151.360,151.379,6410110000
USDJPY,20240326,0000,151.377,151.442,151.259,151.283,15839490000
USDJPY,20240326,0100,151.283,151.374,151.217,151.358,16642930000
USDJPY,20240326,0200,151.357,151.363,151.275,151.332,14522450000
USDJPY,20240326,0300,151.331,151.428,151.297,151.405,13796850000
USDJPY,20240326,0400,151.403,151.424,151.326,151.359,10955290000
USDJPY,20240326,0500,151.359,151.394,151.328,151.370,13649040001
USDJPY,20240326,0600,151.371,151.397,151.300,151.311,11456950000
USDJPY,20240326,0700,151.311,151.361,151.260,151.319,16096150000
USDJPY,20240326,0800,151.320,151.348,151.251,151.258,19147360000
USDJPY,20240326,0900,151.257,151.292,151.206,151.267,16243890000
USDJPY,20240326,1000,151.268,151.346,151.242,151.274,18983360000
USDJPY,20240326,1100,151.275,151.390,151.271,151.385,13860710000
USDJPY,20240326,1200,151.388,151.472,151.349,151.452,24264770001
USDJPY,20240326,1300,151.452,151.466,151.374,151.405,19139770000
USDJPY,20240326,1400,151.402,151.452,151.300,151.385,19057540000
USDJPY,20240326,1500,151.382,151.602,151.370,151.581,23069560000
USDJPY,20240326,1600,151.580,151.583,151.471,151.520,17802280000
USDJPY,20240326,1700,151.520,151.562,151.441,151.562,18171490000
USDJPY,20240326,1800,151.564,151.578,151.470,151.536,13299140000
USDJPY,20240326,1900,151.535,151.584,151.515,151.578,13985940000
USDJPY,20240326,2000,151.577,151.581,151.543,151.562,4698800000
USDJPY,20240326,2100,151.550,151.564,151.509,151.519,1421300000
USDJPY,20240326,2200,151.518,151.554,151.494,151.526,2562370000
USDJPY,20240326,2300,151.527,151.574,151.501,151.520,6058930000
USDJPY,20240327,0000,151.521,151.572,151.446,151.515,14041430000
USDJPY,20240327,0100,151.516,151.806,151.496,151.729,19237490000
USDJPY,20240327,0200,151.729,151.970,151.719,151.890,18175710000
USDJPY,20240327,0300,151.891,151.929,151.595,151.696,21690400000
USDJPY,20240327,0400,151.699,151.713,151.592,151.688,10909030000
USDJPY,20240327,0500,151.688,151.804,151.652,151.749,13561520000
USDJPY,20240327,0600,151.751,151.762,151.641,151.693,12789990000
USDJPY,20240327,0700,151.692,151.731,151.614,151.705,22137400000
USDJPY,20240327,0800,151.706,151.837,151.642,151.781,20504450000
USDJPY,20240327,0900,151.782,151.802,151.092,151.365,44686029999
USDJPY,20240327,1000,151.365,151.369,151.051,151.198,32969010000
USDJPY,20240327,1100,151.201,151.252,151.025,151.231,25143190000
USDJPY,20240327,1200,151.231,151.273,151.169,151.249,13224379999
USDJPY,20240327,1300,151.250,151.373,151.244,151.326,12103480000
USDJPY,20240327,1400,151.326,151.354,151.212,151.248,10087880000
USDJPY,20240327,1500,151.248,151.379,151.165,151.343,9505760000
USDJPY,20240327,1600,151.345,151.425,151.299,151.318,8855840001
USDJPY,20240327,1700,151.319,151.414,151.278,151.388,7930110000
USDJPY,20240327,1800,151.388,151.403,151.344,151.362,5604550000
USDJPY,20240327,1900,151.360,151.386,151.296,151.323,6378650000
USDJPY,20240327,2000,151.322,151.357,151.294,151.314,3773940000
USDJPY,20240327,2100,151.310,151.310,151.241,151.257,580460000
USDJPY,20240327,2200,151.257,151.400,151.254,151.327,11613200000
USDJPY,20240327,2300,151.327,151.374,151.263,151.293,17552660000
USDJPY,20240328,0000,151.292,151.436,151.269,151.413,18964880000
USDJPY,20240328,0100,151.414,151.544,151.334,151.348,20445720001
USDJPY,20240328,0200,151.347,151.380,151.258,151.364,16253270000
USDJPY,20240328,0300,151.364,151.381,151.299,151.361,11983600000
USDJPY,20240328,0400,151.367,151.388,151.328,151.354,10244130000
USDJPY,20240328,0500,151.355,151.375,151.250,151.349,11798120000
USDJPY,20240328,0600,151.348,151.391,151.305,151.339,10956110000
USDJPY,20240328,0700,151.340,151.448,151.320,151.436,19667260000
USDJPY,20240328,0800,151.436,151.444,151.332,151.425,18298200000
USDJPY,20240328,0900,151.426,151.502,151.412,151.456,11820490001
USDJPY,20240328,1000,151.457,151.465,151.367,151.395,9657120000
USDJPY,20240328,1100,151.396,151.397,151.347,151.366,8522880000
USDJPY,20240328,1200,151.368,151.400,151.183,151.210,16649160000
USDJPY,20240328,1300,151.212,151.343,151.159,151.265,17928680001
USDJPY,20240328,1400,151.271,151.314,151.190,151.210,14790520000
USDJPY,20240328,1500,151.211,151.341,151.149,151.340,15414160000
USDJPY,20240328,1600,151.341,151.371,151.244,151.334,14330080001
USDJPY,20240328,1700,151.334,151.398,151.308,151.384,9231760000
USDJPY,20240328,1800,151.385,151.417,151.372,151.387,8128300000
USDJPY,20240328,1900,151.388,151.423,151.370,151.387,4110080000
USDJPY,20240328,2000,151.387,151.399,151.355,151.375,3210330000
USDJPY,20240328,2100,151.375,151.388,151.359,151.383,1003020000
USDJPY,20240328,2200,151.379,151.444,151.363,151.412,4066630000
USDJPY,20240328,2300,151.412,151.470,151.409,151.443,4229030000
USDJPY,20240329,0000,151.442,151.496,151.181,151.316,4769900000
USDJPY,20240329,0100,151.316,151.444,151.314,151.341,12221130000
USDJPY,20240329,0200,151.343,151.357,151.246,151.307,7458000000
USDJPY,20240329,0300,151.308,151.328,151.262,151.287,9802390000
USDJPY,20240329,0400,151.288,151.325,151.265,151.284,5438420000
USDJPY,20240329,0500,151.284,151.390,151.281,151.354,5654160000
USDJPY,20240329,0600,151.355,151.474,151.324,151.411,3659360000
USDJPY,20240329,0700,151.409,151.411,151.314,151.342,9728050000
USDJPY,20240329,0800,151.342,151.363,151.328,151.345,2721340000
USDJPY,20240329,0900,151.344,151.356,151.330,151.339,2846440000
USDJPY,20240329,1000,151.333,151.344,151.281,151.309,3443730000
USDJPY,20240329,1100,151.308,151.350,151.302,151.345,3949390000
USDJPY,20240329,1200,151.337,151.367,151.188,151.220,6318450000
USDJPY,20240329,1300,151.221,151.259,151.196,151.212,5770040000
USDJPY,20240329,1400,151.214,151.247,151.167,151.242,2978250000
USDJPY,20240329,1500,151.246,151.253,151.192,151.225,3308680000
USDJPY,20240329,1600,151.221,151.277,151.218,151.270,7200980000
USDJPY,20240329,1700,151.270,151.335,151.225,151.298,4405460000
USDJPY,20240329,1800,151.300,151.390,151.285,151.390,2050690000
USDJPY,20240329,1900,151.387,151.387,151.311,151.323,880620000
USDJPY,20240329,2000,151.328,151.375,151.283,151.307,698770000
USDJPY,20240331,2100,151.246,151.337,151.225,151.288,1083710000
USDJPY,20240331,2200,151.288,151.361,151.219,151.352,4045240000
USDJPY,20240331,2300,151.353,151.428,151.321,151.401,6121310000
USDJPY,20240401,0000,151.401,151.429,151.251,151.375,11475670000
USDJPY,20240401,0100,151.376,151.391,151.248,151.278,8350820000
USDJPY,20240401,0200,151.280,151.325,151.255,151.318,6064940000
USDJPY,20240401,0300,151.319,151.355,151.308,151.346,5019820000
USDJPY,20240401,0400,151.345,151.402,151.333,151.368,5966860000
USDJPY,20240401,0500,151.370,151.409,151.361,151.381,6072280000
USDJPY,20240401,0600,151.383,151.391,151.301,151.366,7930670000
USDJPY,20240401,0700,151.368,151.396,151.336,151.339,6872910000
USDJPY,20240401,0800,151.340,151.366,151.326,151.338,5838370000
USDJPY,20240401,0900,151.338,151.385,151.326,151.383,6789330001
USDJPY,20240401,1000,151.383,151.401,151.356,151.366,10184990000
USDJPY,20240401,1100,151.366,151.399,151.349,151.389,10307440000
USDJPY,20240401,1200,151.389,151.482,151.384,151.455,18909360000
USDJPY,20240401,1300,151.453,151.653,151.441,151.571,22957720000
USDJPY,20240401,1400,151.576,151.758,151.571,151.697,32772570000
USDJPY,20240401,1500,151.698,151.771,151.688,151.722,16877090000
USDJPY,20240401,1600,151.722,151.742,151.679,151.699,11195390000
USDJPY,20240401,1700,151.699,151.701,151.573,151.618,8696370001
USDJPY,20240401,1800,151.617,151.656,151.603,151.652,10426680000
USDJPY,20240401,1900,151.652,151.677,151.626,151.646,10217050000
USDJPY,20240401,2000,151.646,151.655,151.616,151.643,3521720000
USDJPY,20240401,2100,151.631,151.678,151.613,151.635,1103210000
USDJPY,20240401,2200,151.636,151.636,151.590,151.605,3439970002
USDJPY,20240401,2300,151.606,151.673,151.570,151.594,7948380000
USDJPY,20240402,0000,151.594,151.696,151.501,151.684,17327500000
USDJPY,20240402,0100,151.684,151.782,151.630,151.774,15441200000
USDJPY,20240402,0200,151.774,151.783,151.658,151.681,12836420000
USDJPY,20240402,0300,151.680,151.764,151.652,151.760,10921360000
USDJPY,20240402,0400,151.761,151.764,151.711,151.763,9737610000
USDJPY,20240402,0500,151.764,151.801,151.710,151.741,13976690000
USDJPY,20240402,0600,151.742,151.751,151.661,151.681,17379340000
USDJPY,20240402,0700,151.680,151.753,151.660,151.674,16640890000
USDJPY,20240402,0800,151.673,151.684,151.554,151.639,15909270002
USDJPY,20240402,0900,151.640,151.692,151.607,151.671,14115410000
USDJPY,20240402,1000,151.672,151.714,151.671,151.694,13745270001
USDJPY,20240402,1100,151.694,151.711,151.629,151.653,14459930000
USDJPY,20240402,1200,151.653,151.714,151.601,151.687,21749830004
USDJPY,20240402,1300,151.689,151.695,151.560,151.568,21100360000
USDJPY,20240402,1400,151.560,151.640,151.461,151.581,30178080002
USDJPY,20240402,1500,151.581,151.619,151.505,151.549,20732730000
USDJPY,20240402,1600,151.549,151.614,151.540,151.593,11816650000
USDJPY,20240402,1700,151.592,151.615,151.559,151.566,8635440000
USDJPY,20240402,1800,151.565,151.599,151.537,151.596,8922500000
USDJPY,20240402,1900,151.597,151.611,151.557,151.566,15638430000
USDJPY,20240402,2000,151.566,151.597,151.533,151.548,5963870000
USDJPY,20240402,2100,151.539,151.566,151.528,151.566,832580000
USDJPY,20240402,2200,151.568,151.568,151.490,151.550,2181650000
USDJPY,20240402,2300,151.550,151.579,151.530,151.545,6039340000
USDJPY,20240403,0000,151.545,151.554,151.439,151.554,14974890000
USDJPY,20240403,0100,151.555,151.639,151.552,151.595,12934960000
USDJPY,20240403,0200,151.595,151.612,151.538,151.581,8306940000
USDJPY,20240403,0300,151.580,151.583,151.540,151.561,8517650000
USDJPY,20240403,0400,151.561,151.593,151.532,151.591,7834440000
USDJPY,20240403,0500,151.590,151.608,151.535,151.593,9718770006
USDJPY,20240403,0600,151.593,151.680,151.574,151.667,14351830000
USDJPY,20240403,0700,151.668,151.734,151.668,151.676,16381640000
USDJPY,20240403,0800,151.677,151.735,151.677,151.732,9863520000
USDJPY,20240403,0900,151.734,151.799,151.714,151.753,12316280000
USDJPY,20240403,1000,151.755,151.757,151.707,151.710,11329050000
USDJPY,20240403,1100,151.710,151.783,151.681,151.772,12379450000
USDJPY,20240403,1200,151.771,151.913,151.749,151.849,25978750002
USDJPY,20240403,1300,151.848,151.953,151.799,151.917,19584810000
USDJPY,20240403,1400,151.917,151.917,151.644,151.785,34405100000
USDJPY,20240403,1500,151.785,151.824,151.676,151.677,19510570000
USDJPY,20240403,1600,151.678,151.761,151.577,151.645,14571850000
USDJPY,20240403,1700,151.650,151.698,151.629,151.679,7932860000
USDJPY,20240403,1800,151.679,151.688,151.650,151.669,7064570002
USDJPY,20240403,1900,151.670,151.703,151.655,151.679,6731480002
USDJPY,20240403,2000,151.679,151.703,151.669,151.682,4204710000
USDJPY,20240403,2100,151.677,151.680,151.626,151.645,1271710000
USDJPY,20240403,2200,151.643,151.644,151.568,151.585,2904350000
USDJPY,20240403,2300,151.586,151.632,151.563,151.581,8684870000
USDJPY,20240404,0000,151.581,151.680,151.537,151.567,18041650000
USDJPY,20240404,0100,151.567,151.670,151.558,151.643,13469620000
USDJPY,20240404,0200,151.642,151.709,151.638,151.707,13445300000
USDJPY,20240404,0300,151.707,151.722,151.660,151.671,13249720000
USDJPY,20240404,0400,151.674,151.701,151.648,151.694,13601480000
USDJPY,20240404,0500,151.695,151.698,151.638,151.640,9898870000
USDJPY,20240404,0600,151.640,151.699,151.597,151.688,13682550001
USDJPY,20240404,0700,151.686,151.755,151.676,151.688,17435970001
USDJPY,20240404,0800,151.688,151.743,151.686,151.711,17684890000
USDJPY,20240404,0900,151.712,151.760,151.706,151.748,11574520000
USDJPY,20240404,1000,151.747,151.748,151.692,151.700,9633620000
USDJPY,20240404,1100,151.699,151.748,151.611,151.742,11818380000
USDJPY,20240404,1200,151.742,151.770,151.610,151.623,23572500000
USDJPY,20240404,1300,151.623,151.673,151.503,151.589,22036110000
USDJPY,20240404,1400,151.590,151.686,151.516,151.664,24242490000
USDJPY,20240404,1500,151.664,151.702,151.650,151.662,13740870000
USDJPY,20240404,1600,151.662,151.670,151.622,151.645,10214470000
USDJPY,20240404,1700,151.645,151.677,151.616,151.672,11056850000
USDJPY,20240404,1800,151.672,151.685,151.147,151.202,27161550002
USDJPY,20240404,1900,151.201,151.327,151.119,151.231,35951920000
USDJPY,20240404,2000,151.231,151.351,151.187,151.329,9250910000
USDJPY,20240404,2100,151.326,151.334,151.263,151.310,2640780000
USDJPY,20240404,2200,151.310,151.316,151.208,151.308,4767430000
USDJPY,20240404,2300,151.306,151.307,151.212,151.293,8547940000
USDJPY,20240405,0000,151.292,151.338,150.810,150.908,30453680001
USDJPY,20240405,0100,150.909,151.086,150.810,151.064,27796120002
USDJPY,20240405,0200,151.065,151.219,151.065,151.183,18308250001
USDJPY,20240405,0300,151.181,151.267,151.143,151.261,15206550000
USDJPY,20240405,0400,151.262,151.293,151.202,151.215,11893480000
USDJPY,20240405,0500,151.216,151.222,151.130,151.184,12664230000
USDJPY,20240405,0600,151.184,151.293,151.091,151.260,19717550000
USDJPY,20240405,0700,151.260,151.353,151.168,151.336,20831450000
USDJPY,20240405,0800,151.336,151.450,151.306,151.410,20792730000
USDJPY,20240405,0900,151.411,151.446,151.372,151.418,14169970000
USDJPY,20240405,1000,151.417,151.425,151.332,151.337,14108020000
USDJPY,20240405,1100,151.337,151.410,151.336,151.373,13642300000
USDJPY,20240405,1200,151.372,151.748,151.270,151.656,41616100000
USDJPY,20240405,1300,151.656,151.750,151.593,151.613,35632400000
USDJPY,20240405,1400,151.612,151.644,151.439,151.521,34336500000
USDJPY,20240405,1500,151.522,151.666,151.522,151.590,27446460000
USDJPY,20240405,1600,151.590,151.616,151.526,151.579,18459650000
USDJPY,20240405,1700,151.578,151.613,151.546,151.585,13274930000
USDJPY,20240405,1800,151.585,151.588,151.535,151.553,18923789999
USDJPY,20240405,1900,151.553,151.649,151.541,151.646,11785640000
USDJPY,20240405,2000,151.646,151.647,151.604,151.617,4857420000
USDJPY,20240407,2100,151.569,151.608,151.540,151.600,4912210000
USDJPY,20240407,2200,151.600,151.729,151.584,151.692,4518780000
USDJPY,20240407,2300,151.691,151.694,151.645,151.680,7225070000
USDJPY,20240408,0000,151.679,151.779,151.670,151.709,17155700000
USDJPY,20240408,0100,151.711,151.816,151.675,151.777,18334910000
USDJPY,20240408,0200,151.778,151.780,151.681,151.769,14788710000
USDJPY,20240408,0300,151.770,151.786,151.746,151.767,12252110000
USDJPY,20240408,0400,151.769,151.796,151.763,151.793,12764000000
USDJPY,20240408,0500,151.792,151.804,151.752,151.787,14395430000
USDJPY,20240408,0600,151.787,151.833,151.754,151.758,15988680000
USDJPY,20240408,0700,151.758,151.876,151.755,151.869,16963680000
USDJPY,20240408,0800,151.870,151.912,151.841,151.906,16816240002
USDJPY,20240408,0900,151.907,151.918,151.863,151.872,10168920000
USDJPY,20240408,1000,151.873,151.888,151.825,151.851,7544970000
USDJPY,20240408,1100,151.852,151.922,151.846,151.918,7566570000
USDJPY,20240408,1200,151.918,151.941,151.851,151.877,9041580000
USDJPY,20240408,1300,151.875,151.876,151.717,151.734,13763610000
USDJPY,20240408,1400,151.738,151.842,151.729,151.811,14498790000
USDJPY,20240408,1500,151.811,151.849,151.771,151.785,7615010002
USDJPY,20240408,1600,151.787,151.844,151.781,151.832,6994080000
USDJPY,20240408,1700,151.833,151.833,151.739,151.770,5594850000
USDJPY,20240408,1800,151.770,151.795,151.717,151.770,5121640000
USDJPY,20240408,1900,151.769,151.834,151.747,151.833,4126160000
USDJPY,20240408,2000,151.832,151.858,151.765,151.778,1763990000
USDJPY,20240408,2100,151.772,151.832,151.740,151.814,3600330000
USDJPY,20240408,2200,151.813,151.814,151.774,151.803,2443930000
USDJPY,20240408,2300,151.804,151.852,151.804,151.832,5114620000
USDJPY,20240409,0000,151.833,151.920,151.788,151.908,12855340000
USDJPY,20240409,0100,151.908,151.915,151.856,151.888,14438020000
USDJPY,20240409,0200,151.889,151.894,151.812,151.874,8511110000
USDJPY,20240409,0300,151.875,151.882,151.841,151.855,6685340000
USDJPY,20240409,0400,151.856,151.893,151.847,151.890,7488430000
USDJPY,20240409,0500,151.891,151.901,151.868,151.891,7275750000
USDJPY,20240409,0600,151.892,151.920,151.871,151.914,11870020000
USDJPY,20240409,0700,151.913,151.935,151.880,151.902,14340030000
USDJPY,20240409,0800,151.903,151.911,151.861,151.886,13243710000
USDJPY,20240409,0900,151.887,151.897,151.726,151.839,17808280001
USDJPY,20240409,1000,151.839,151.840,151.762,151.795,11443580001
USDJPY,20240409,1100,151.795,151.845,151.773,151.828,11342080000
USDJPY,20240409,1200,151.827,151.843,151.742,151.769,18179210000
USDJPY,20240409,1300,151.768,151.788,151.706,151.769,20361400000
USDJPY,20240409,1400,151.770,151.770,151.568,151.651,24466780000
USDJPY,20240409,1500,151.652,151.735,151.632,151.729,20535500001
USDJPY,20240409,1600,151.729,151.747,151.653,151.665,10839990000
USDJPY,20240409,1700,151.667,151.721,151.655,151.691,14228719999
USDJPY,20240409,1800,151.690,151.742,151.688,151.739,10234450000
USDJPY,20240409,1900,151.737,151.787,151.732,151.736,9684500000
USDJPY,20240409,2000,151.736,151.781,151.727,151.727,2502530000
USDJPY,20240409,2100,151.727,151.766,151.687,151.752,2280780000
USDJPY,20240409,2200,151.753,151.783,151.732,151.748,1871480000
USDJPY,20240409,2300,151.748,151.787,151.738,151.776,4525530000
USDJPY,20240410,0000,151.777,151.782,151.680,151.722,17563100000
USDJPY,20240410,0100,151.721,151.782,151.711,151.723,20937570000
USDJPY,20240410,0200,151.730,151.765,151.697,151.755,14262990000
USDJPY,20240410,0300,151.756,151.769,151.734,151.754,11799030000
USDJPY,20240410,0400,151.754,151.787,151.744,151.782,11094020000
USDJPY,20240410,0500,151.781,151.819,151.778,151.809,14037610000
USDJPY,20240410,0600,151.809,151.814,151.773,151.779,13968680000
USDJPY,20240410,0700,151.781,151.842,151.779,151.841,11437270000
USDJPY,20240410,0800,151.841,151.883,151.826,151.852,12315150000
USDJPY,20240410,0900,151.852,151.872,151.833,151.857,9886530000
USDJPY,20240410,1000,151.858,151.870,151.808,151.832,8228340000
USDJPY,20240410,1100,151.831,151.853,151.814,151.841,7804600000
USDJPY,20240410,1200,151.838,152.518,151.772,152.382,44837860001
USDJPY,20240410,1300,152.384,152.696,152.367,152.669,51423910000
USDJPY,20240410,1400,152.670,152.776,152.577,152.771,33174290000
USDJPY,20240410,1500,152.772,152.943,152.744,152.902,13926880000
USDJPY,20240410,1600,152.902,152.965,152.875,152.937,8446400000
USDJPY,20240410,1700,152.933,152.982,152.637,152.779,19472410000
USDJPY,20240410,1800,152.771,152.979,152.757,152.961,9155050000
USDJPY,20240410,1900,152.963,152.967,152.918,152.960,4774920000
USDJPY,20240410,2000,152.960,153.238,152.944,153.144,6067960000
USDJPY,20240410,2100,153.144,153.144,152.923,152.997,2615410000
USDJPY,20240410,2200,152.997,153.010,152.897,152.912,3621860000
USDJPY,20240410,2300,152.913,152.970,152.808,152.951,7660880000
USDJPY,20240411,0000,152.951,153.004,152.799,152.834,18241030000
USDJPY,20240411,0100,152.834,152.897,152.759,152.808,15075860000
USDJPY,20240411,0200,152.808,152.858,152.781,152.826,5725180000
USDJPY,20240411,0300,152.826,152.946,152.812,152.946,6868690000
USDJPY,20240411,0400,152.946,152.969,152.865,152.893,5155880000
USDJPY,20240411,0500,152.892,152.971,152.884,152.968,7876580000
USDJPY,20240411,0600,152.969,153.187,152.959,153.163,17291210000
USDJPY,20240411,0700,153.162,153.205,153.083,153.135,19193260000
USDJPY,20240411,0800,153.131,153.288,153.097,153.240,18108960000
USDJPY,20240411,0900,153.241,153.279,153.153,153.167,12816670000
USDJPY,20240411,1000,153.168,153.172,153.050,153.073,12825030000
USDJPY,20240411,1100,153.073,153.188,153.022,153.088,13000090000
USDJPY,20240411,1200,153.086,153.231,152.796,152.843,34193670000
USDJPY,20240411,1300,152.843,153.142,152.832,153.132,32834320000
USDJPY,20240411,1400,153.133,153.297,153.133,153.272,20200010000
USDJPY,20240411,1500,153.269,153.318,153.191,153.193,19128650000
USDJPY,20240411,1600,153.192,153.303,153.179,153.233,16260440000
USDJPY,20240411,1700,153.234,153.252,153.158,153.177,14311150000
USDJPY,20240411,1800,153.177,153.246,153.086,153.242,8460430000
USDJPY,20240411,1900,153.242,153.256,153.168,153.200,9288660001
USDJPY,20240411,2000,153.200,153.282,153.194,153.246,3806300000
USDJPY,20240411,2100,153.247,153.249,153.170,153.212,1092490000
USDJPY,20240411,2200,153.213,153.238,153.166,153.223,2722890000
USDJPY,20240411,2300,153.223,153.251,153.167,153.194,3928440000
USDJPY,20240412,0000,153.195,153.298,152.962,152.969,11423470000
USDJPY,20240412,0100,152.970,153.100,152.969,153.099,12164820000
USDJPY,20240412,0200,153.099,153.186,153.047,153.179,10123580000
USDJPY,20240412,0300,153.179,153.232,153.158,153.204,5904850000
USDJPY,20240412,0400,153.206,153.270,153.175,153.237,5551510000
USDJPY,20240412,0500,153.237,153.238,153.131,153.204,6589120000
USDJPY,20240412,0600,153.204,153.288,153.199,153.275,14548510000
USDJPY,20240412,0700,153.274,153.383,153.231,153.248,15432110000
USDJPY,20240412,0800,153.247,153.307,153.205,153.307,14327680000
USDJPY,20240412,0900,153.309,153.350,153.262,153.301,10875060000
USDJPY,20240412,1000,153.301,153.350,153.266,153.267,10535140000
USDJPY,20240412,1100,153.266,153.292,153.156,153.160,13376860000
USDJPY,20240412,1200,153.160,153.183,152.792,152.854,23053320000
USDJPY,20240412,1300,152.855,153.088,152.590,152.927,30387760000
USDJPY,20240412,1400,152.932,153.015,152.730,152.925,22867509999
USDJPY,20240412,1500,152.924,153.156,152.902,153.121,27408700000
USDJPY,20240412,1600,153.120,153.153,153.050,153.102,15740530000
USDJPY,20240412,1700,153.104,153.142,153.048,153.128,17824040000
USDJPY,20240412,1800,153.129,153.217,153.120,153.212,11386580000
USDJPY,20240412,1900,153.212,153.244,153.183,153.237,3239680000
USDJPY,20240412,2000,153.238,153.324,153.213,153.240,4278510000
USDJPY,20240414,2100,153.034,153.078,152.966,153.046,843630000
USDJPY,20240414,2200,153.146,153.288,153.094,153.279,6947470000
USDJPY,20240414,2300,153.278,153.320,153.228,153.308,7463340000
USDJPY,20240415,0000,153.305,153.461,153.279,153.460,17168750000
USDJPY,20240415,0100,153.460,153.684,153.450,153.572,13491300000
USDJPY,20240415,0200,153.569,153.744,153.531,153.709,5694190000
USDJPY,20240415,0300,153.709,153.731,153.652,153.671,5375950000
USDJPY,20240415,0400,153.671,153.851,153.666,153.781,9370020000
USDJPY,20240415,0500,153.780,153.852,153.775,153.824,6538030000
USDJPY,20240415,0600,153.829,153.887,153.763,153.869,21370650000
USDJPY,20240415,0700,153.870,153.968,153.870,153.905,17884220000
USDJPY,20240415,0800,153.905,153.951,153.695,153.868,21680320000
USDJPY,20240415,0900,153.868,153.893,153.758,153.873,11044640000
USDJPY,20240415,1000,153.874,153.943,153.822,153.927,11346450000
USDJPY,20240415,1100,153.928,153.938,153.862,153.911,12114970000
USDJPY,20240415,1200,153.911,154.415,153.879,154.190,34985460000
USDJPY,20240415,1300,154.192,154.419,154.110,154.358,31586980000
USDJPY,20240415,1400,154.359,154.445,153.855,154.330,30714200000
USDJPY,20240415,1500,154.329,154.343,154.195,154.257,18909240000
USDJPY,20240415,1600,154.256,154.322,154.205,154.301,9772320000
USDJPY,20240415,1700,154.300,154.301,154.113,154.174,10677510000
USDJPY,20240415,1800,154.173,154.244,154.160,154.208,7294480000
USDJPY,20240415,1900,154.207,154.232,154.174,154.222,6478200000
USDJPY,20240415,2000,154.223,154.274,154.219,154.262,2998110000
USDJPY,20240415,2100,154.260,154.262,154.169,154.225,1033500000
USDJPY,20240415,2200,154.224,154.225,154.144,154.173,2707640000
USDJPY,20240415,2300,154.173,154.241,154.146,154.213,4970520000
USDJPY,20240416,0000,154.216,154.363,154.130,154.286,14016980000
USDJPY,20240416,0100,154.288,154.384,154.249,154.362,9295860000
USDJPY,20240416,0200,154.360,154.420,154.297,154.317,8230330000
USDJPY,20240416,0300,154.317,154.375,154.314,154.352,5948620000
USDJPY,20240416,0400,154.347,154.347,154.233,154.271,5982440000
USDJPY,20240416,0500,154.271,154.357,154.262,154.344,6083060001
USDJPY,20240416,0600,154.343,154.604,154.283,154.507,24135400000
USDJPY,20240416,0700,154.508,154.519,154.370,154.390,18990270000
USDJPY,20240416,0800,154.390,154.552,154.376,154.505,17032960000
USDJPY,20240416,0900,154.504,154.565,154.472,154.560,12684080000
USDJPY,20240416,1000,154.560,154.601,154.534,154.595,7972900000
USDJPY,20240416,1100,154.594,154.704,154.581,154.618,14561930000
USDJPY,20240416,1200,154.618,154.700,154.563,154.644,21423110000
USDJPY,20240416,1300,154.644,154.767,153.898,154.565,27292770000
USDJPY,20240416,1400,154.566,154.711,154.405,154.591,30166790000
USDJPY,20240416,1500,154.592,154.636,154.463,154.572,15937360000
USDJPY,20240416,1600,154.573,154.648,154.537,154.581,9361100000
USDJPY,20240416,1700,154.580,154.784,154.576,154.700,14328600000
USDJPY,20240416,1800,154.700,154.736,154.571,154.646,16750920000
USDJPY,20240416,1900,154.647,154.698,154.622,154.628,9586360000
USDJPY,20240416,2000,154.629,154.730,154.629,154.707,5480340000
USDJPY,20240416,2100,154.690,154.691,154.631,154.657,1860940000
USDJPY,20240416,2200,154.664,154.720,154.649,154.681,2399830000
USDJPY,20240416,2300,154.681,154.720,154.652,154.699,3490650000
USDJPY,20240417,0000,154.698,154.733,154.610,154.691,9122800000
USDJPY,20240417,0100,154.692,154.715,154.613,154.684,7607520000
USDJPY,20240417,0200,154.683,154.693,154.624,154.683,6315810000
USDJPY,20240417,0300,154.681,154.682,154.601,154.648,4832150000
USDJPY,20240417,0400,154.646,154.654,154.598,154.647,3643800000
USDJPY,20240417,0500,154.646,154.677,154.603,154.616,4687230000
USDJPY,20240417,0600,154.617,154.644,154.454,154.472,17619980000
USDJPY,20240417,0700,154.472,154.636,154.470,154.610,12608670000
USDJPY,20240417,0800,154.611,154.646,154.470,154.562,14959000000
USDJPY,20240417,0900,154.562,154.598,154.495,154.594,6021270000
USDJPY,20240417,1000,154.592,154.635,154.545,154.626,4978690000
USDJPY,20240417,1100,154.627,154.659,154.590,154.630,4577020000
USDJPY,20240417,1200,154.629,154.698,154.605,154.626,9682300000
USDJPY,20240417,1300,154.628,154.656,154.524,154.648,10208920000
USDJPY,20240417,1400,154.648,154.710,154.644,154.652,10239900001
USDJPY,20240417,1500,154.651,154.676,154.581,154.611,8742850000
USDJPY,20240417,1600,154.612,154.612,154.246,154.274,15204510001
USDJPY,20240417,1700,154.274,154.442,154.169,154.311,12018530000
USDJPY,20240417,1800,154.310,154.348,154.157,154.348,6198820000
USDJPY,20240417,1900,154.347,154.399,154.308,154.333,5420540000
USDJPY,20240417,2000,154.333,154.403,154.307,154.365,4057180000
USDJPY,20240417,2100,154.365,154.365,154.312,154.320,740520000
USDJPY,20240417,2200,154.323,154.330,154.247,154.274,5367170000
USDJPY,20240417,2300,154.275,154.366,154.177,154.339,5738880000
USDJPY,20240418,0000,154.338,154.408,154.250,154.282,12878110001
USDJPY,20240418,0100,154.283,154.302,154.167,154.219,12917320000
USDJPY,20240418,0200,154.218,154.249,153.956,154.132,17871960000
USDJPY,20240418,0300,154.131,154.320,154.110,154.236,7057840000
USDJPY,20240418,0400,154.237,154.311,154.234,154.294,6563960000
USDJPY,20240418,0500,154.293,154.353,154.256,154.285,6349120000
USDJPY,20240418,0600,154.287,154.305,154.066,154.274,12827390000
USDJPY,20240418,0700,154.275,154.322,154.190,154.266,16311500000
USDJPY,20240418,0800,154.267,154.368,154.254,154.355,12331930000
USDJPY,20240418,0900,154.354,154.423,154.336,154.415,8438450000
USDJPY,20240418,1000,154.415,154.479,154.379,154.447,7511860000
USDJPY,20240418,1100,154.448,154.510,154.314,154.370,13219740000
USDJPY,20240418,1200,154.372,154.499,154.317,154.371,21007540000
USDJPY,20240418,1300,154.369,154.592,154.336,154.520,27226360000
USDJPY,20240418,1400,154.520,154.640,154.458,154.634,19311360001
USDJPY,20240418,1500,154.634,154.647,154.568,154.612,12592450000
USDJPY,20240418,1600,154.611,154.650,154.572,154.619,7232680000
USDJPY,20240418,1700,154.619,154.679,154.598,154.638,9342280000
USDJPY,20240418,1800,154.636,154.654,154.549,154.593,6569730000
USDJPY,20240418,1900,154.593,154.631,154.575,154.619,4475350001
USDJPY,20240418,2000,154.620,154.678,154.606,154.633,2345160000
USDJPY,20240418,2100,154.628,154.628,154.596,154.598,380730000
USDJPY,20240418,2200,154.599,154.651,154.534,154.642,1582460000
USDJPY,20240418,2300,154.642,154.644,154.548,154.613,3406160000
USDJPY,20240419,0000,154.614,154.672,154.546,154.627,14189160001
USDJPY,20240419,0100,154.629,154.629,153.971,154.235,30072760001
USDJPY,20240419,0200,154.240,154.246,153.586,153.901,36484350000
USDJPY,20240419,0300,153.902,154.383,153.901,154.309,23931300000
USDJPY,20240419,0400,154.310,154.474,154.306,154.320,25314650000
USDJPY,20240419,0500,154.321,154.424,154.249,154.333,14098540000
USDJPY,20240419,0600,154.332,154.462,154.208,154.420,25397770000
USDJPY,20240419,0700,154.421,154.526,154.357,154.474,21252020001
USDJPY,20240419,0800,154.476,154.485,154.342,154.409,18325270000
USDJPY,20240419,0900,154.408,154.511,154.398,154.485,13015690000
USDJPY,20240419,1000,154.485,154.575,154.474,154.528,16391960000
USDJPY,20240419,1100,154.529,154.607,154.529,154.600,13015090000
USDJPY,20240419,1200,154.599,154.605,154.494,154.531,11433180000
USDJPY,20240419,1300,154.533,154.613,154.523,154.579,13731810000
USDJPY,20240419,1400,154.580,154.631,154.457,154.592,15132700000
USDJPY,20240419,1500,154.591,154.599,154.465,154.546,8156140000
USDJPY,20240419,1600,154.548,154.606,154.542,154.578,7615480000
USDJPY,20240419,1700,154.578,154.626,154.564,154.622,8398420000
USDJPY,20240419,1800,154.621,154.638,154.550,154.575,5052670000
USDJPY,20240419,1900,154.575,154.620,154.553,154.603,4268160000
USDJPY,20240419,2000,154.604,154.653,154.519,154.562,4372040000
USDJPY,20240421,2100,154.547,154.587,154.387,154.433,1395500000
USDJPY,20240421,2200,154.478,154.690,154.432,154.632,3690300000
USDJPY,20240421,2300,154.629,154.652,154.539,154.633,4321000000
USDJPY,20240422,0000,154.637,154.736,154.608,154.672,11079710000
USDJPY,20240422,0100,154.673,154.696,154.584,154.619,8166700000
USDJPY,20240422,0200,154.618,154.705,154.614,154.656,4031850000
USDJPY,20240422,0300,154.657,154.709,154.656,154.686,5455610000
USDJPY,20240422,0400,154.685,154.727,154.682,154.714,6100350000
USDJPY,20240422,0500,154.714,154.742,154.677,154.721,6093360000
USDJPY,20240422,0600,154.720,154.761,154.657,154.674,13692820000
USDJPY,20240422,0700,154.674,154.686,154.592,154.656,11506910000
USDJPY,20240422,0800,154.659,154.731,154.626,154.722,9530510000
USDJPY,20240422,0900,154.723,154.769,154.701,154.767,8789980000
USDJPY,20240422,1000,154.767,154.779,154.722,154.754,6292100000
USDJPY,20240422,1100,154.754,154.778,154.726,154.761,5863910000
USDJPY,20240422,1200,154.761,154.769,154.682,154.746,10726700001
USDJPY,20240422,1300,154.747,154.765,154.704,154.739,11839440000
USDJPY,20240422,1400,154.739,154.775,154.715,154.732,8763840000
USDJPY,20240422,1500,154.729,154.787,154.716,154.772,6407119999
USDJPY,20240422,1600,154.773,154.848,154.754,154.797,7000540000
USDJPY,20240422,1700,154.797,154.813,154.763,154.813,4237550000
USDJPY,20240422,1800,154.812,154.828,154.781,154.796,8760940000
USDJPY,20240422,1900,154.797,154.845,154.796,154.833,4482020000
USDJPY,20240422,2000,154.833,154.844,154.822,154.831,1339200000
USDJPY,20240422,2100,154.830,154.834,154.801,154.801,894490000
USDJPY,20240422,2200,154.807,154.823,154.770,154.808,2481560000
USDJPY,20240422,2300,154.808,154.839,154.778,154.813,2414580000
USDJPY,20240423,0000,154.813,154.824,154.700,154.784,7087870000
USDJPY,20240423,0100,154.784,154.790,154.655,154.726,12373790001
USDJPY,20240423,0200,154.729,154.770,154.711,154.764,4388110000
USDJPY,20240423,0300,154.765,154.776,154.723,154.751,4678810000
USDJPY,20240423,0400,154.751,154.763,154.718,154.738,4607670000
USDJPY,20240423,0500,154.737,154.793,154.737,154.768,4670150000
USDJPY,20240423,0600,154.767,154.783,154.715,154.758,7375810000
USDJPY,20240423,0700,154.758,154.860,154.755,154.821,10755110000
USDJPY,20240423,0800,154.819,154.862,154.798,154.844,7204270000
USDJPY,20240423,0900,154.845,154.854,154.805,154.835,7071590000
USDJPY,20240423,1000,154.835,154.836,154.779,154.798,6712580000
USDJPY,20240423,1100,154.800,154.822,154.761,154.801,7706810000
USDJPY,20240423,1200,154.801,154.832,154.767,154.809,8929030000
USDJPY,20240423,1300,154.809,154.875,154.574,154.641,17586680000
USDJPY,20240423,1400,154.640,154.802,154.571,154.794,31131520000
USDJPY,20240423,1500,154.794,154.838,154.768,154.817,13647660000
USDJPY,20240423,1600,154.815,154.835,154.777,154.823,4482610000
USDJPY,20240423,1700,154.823,154.830,154.550,154.749,12047830000
USDJPY,20240423,1800,154.749,154.811,154.710,154.754,4600450000
USDJPY,20240423,1900,154.753,154.824,154.744,154.821,5789320000
USDJPY,20240423,2000,154.820,154.835,154.816,154.823,3507560000
USDJPY,20240423,2100,154.820,154.820,154.761,154.774,1318010000
USDJPY,20240423,2200,154.774,154.804,154.748,154.779,1232250000
USDJPY,20240423,2300,154.779,154.783,154.729,154.748,2575290000
USDJPY,20240424,0000,154.747,154.820,154.739,154.797,5752140000
USDJPY,20240424,0100,154.797,154.822,154.771,154.796,7640350000
USDJPY,20240424,0200,154.797,154.816,154.788,154.810,5858620000
USDJPY,20240424,0300,154.808,154.853,154.800,154.846,3616070000
USDJPY,20240424,0400,154.848,154.875,154.833,154.839,3384020000
USDJPY,20240424,0500,154.839,154.883,154.835,154.873,3857590000
USDJPY,20240424,0600,154.872,154.941,154.862,154.929,10158820000
USDJPY,20240424,0700,154.929,154.969,154.768,154.901,15041630000
USDJPY,20240424,0800,154.900,154.925,154.861,154.898,8420540000
USDJPY,20240424,0900,154.898,154.935,154.869,154.933,6051400000
USDJPY,20240424,1000,154.934,154.936,154.901,154.932,4315930000
USDJPY,20240424,1100,154.931,154.944,154.902,154.927,6052980000
USDJPY,20240424,1200,154.926,155.170,154.763,154.949,21317170000
USDJPY,20240424,1300,154.948,155.015,154.838,154.984,17705050000
USDJPY,20240424,1400,154.985,155.107,154.941,155.002,16704260000
USDJPY,20240424,1500,155.001,155.133,154.971,155.117,11663480000
USDJPY,20240424,1600,155.117,155.132,155.061,155.112,8075400000
USDJPY,20240424,1700,155.112,155.372,155.083,155.287,8178270000
USDJPY,20240424,1800,155.286,155.333,155.240,155.266,5563750001
USDJPY,20240424,1900,155.265,155.304,155.219,155.297,4725110000
USDJPY,20240424,2000,155.296,155.370,155.288,155.332,3461390000
USDJPY,20240424,2100,155.330,155.331,155.205,155.228,957040000
USDJPY,20240424,2200,155.228,155.241,155.195,155.224,2256780000
USDJPY,20240424,2300,155.224,155.274,155.206,155.268,3678240000
USDJPY,20240425,0000,155.268,155.416,155.243,155.374,8862750000
USDJPY,20240425,0100,155.375,155.450,155.350,155.392,6183720000
USDJPY,20240425,0200,155.395,155.442,155.363,155.433,7167430000
USDJPY,20240425,0300,155.435,155.516,155.417,155.461,9028980000
USDJPY,20240425,0400,155.460,155.624,155.449,155.588,8900510000
USDJPY,20240425,0500,155.588,155.739,155.587,155.659,9688410000
USDJPY,20240425,0600,155.661,155.690,155.604,155.664,13516560000
USDJPY,20240425,0700,155.667,155.689,155.562,155.628,13316160000
USDJPY,20240425,0800,155.628,155.691,155.610,155.671,7608700000
USDJPY,20240425,0900,155.672,155.691,155.629,155.632,8169440001
USDJPY,20240425,1000,155.632,155.640,155.515,155.543,8017850000
USDJPY,20240425,1100,155.542,155.576,155.493,155.555,11154490000
USDJPY,20240425,1200,155.556,155.747,155.305,155.679,32188880000
USDJPY,20240425,1300,155.679,155.685,155.349,155.649,43090240000
USDJPY,20240425,1400,155.650,155.683,155.506,155.566,21750980000
USDJPY,20240425,1500,155.567,155.585,155.497,155.518,12262570001
USDJPY,20240425,1600,155.522,155.608,155.495,155.510,9834230000
USDJPY,20240425,1700,155.509,155.611,155.474,155.564,7764340000
USDJPY,20240425,1800,155.564,155.642,155.530,155.600,9273740000
USDJPY,20240425,1900,155.601,155.635,155.556,155.630,10372420000
USDJPY,20240425,2000,155.630,155.651,155.608,155.643,3805050000
USDJPY,20240425,2100,155.635,155.635,155.508,155.570,2275950000
USDJPY,20240425,2200,155.578,155.613,155.544,155.569,1594410000
USDJPY,20240425,2300,155.569,155.639,155.546,155.621,3383950000
USDJPY,20240426,0000,155.621,155.646,155.571,155.633,8123480000
USDJPY,20240426,0100,155.632,155.659,155.553,155.592,6229780000
USDJPY,20240426,0200,155.611,155.629,155.534,155.562,8822720000
USDJPY,20240426,0300,155.561,156.141,155.410,155.942,17771850000
USDJPY,20240426,0400,155.943,156.212,155.942,156.195,6760640000
USDJPY,20240426,0500,156.196,156.213,156.089,156.103,3639580000
USDJPY,20240426,0600,156.104,156.461,155.908,156.380,13997740000
USDJPY,20240426,0700,156.377,156.820,156.374,156.701,18386230000
USDJPY,20240426,0800,156.703,156.706,154.965,156.559,25660540000
USDJPY,20240426,0900,156.561,156.692,156.459,156.687,12850050000
USDJPY,20240426,1000,156.687,156.840,156.633,156.818,10494730000
USDJPY,20240426,1100,156.818,156.865,156.279,156.817,16555420001
USDJPY,20240426,1200,156.816,156.949,156.606,156.831,32834330000
USDJPY,20240426,1300,156.830,156.933,156.772,156.931,24425940000
USDJPY,20240426,1400,156.930,157.310,156.839,157.265,34917910000
USDJPY,20240426,1500,157.265,157.671,157.208,157.620,24615920000
USDJPY,20240426,1600,157.620,157.791,157.585,157.647,15184320000
USDJPY,20240426,1700,157.647,157.790,157.579,157.702,5854340000
USDJPY,20240426,1800,157.701,157.777,157.696,157.723,3634030000
USDJPY,20240426,1900,157.721,157.896,157.706,157.889,9785420000
USDJPY,20240426,2000,157.889,158.439,157.854,158.291,8913200000
USDJPY,20240428,2100,157.806,157.972,157.703,157.891,824820000
USDJPY,20240428,2200,157.897,158.431,157.897,158.223,10444110000
USDJPY,20240428,2300,158.224,158.335,158.190,158.200,6097820000
USDJPY,20240429,0000,158.201,158.302,158.048,158.192,8333730000
USDJPY,20240429,0100,158.191,160.203,158.191,159.164,20483490000
USDJPY,20240429,0200,159.167,159.472,159.086,159.369,12969530000
USDJPY,20240429,0300,159.369,159.457,159.303,159.396,6396620000
USDJPY,20240429,0400,159.396,159.594,155.187,156.292,50668000000
USDJPY,20240429,0500,156.303,156.938,155.043,156.792,36238590000
USDJPY,20240429,0600,156.792,157.233,156.670,157.034,27191909999
USDJPY,20240429,0700,157.029,157.184,154.523,155.561,71302360000
USDJPY,20240429,0800,155.561,155.945,155.062,155.868,31375480000
USDJPY,20240429,0900,155.882,155.958,155.455,155.735,16355470000
USDJPY,20240429,1000,155.735,155.957,155.467,155.884,14902110000
USDJPY,20240429,1100,155.882,156.383,155.830,156.225,14835010000
USDJPY,20240429,1200,156.225,156.503,156.091,156.415,21892280000
USDJPY,20240429,1300,156.417,156.728,156.250,156.711,25787440001
USDJPY,20240429,1400,156.711,156.891,156.657,156.678,22866700001
USDJPY,20240429,1500,156.680,156.750,156.578,156.715,12059460000
USDJPY,20240429,1600,156.713,156.731,155.086,155.846,25224580000
USDJPY,20240429,1700,155.830,156.167,155.752,156.094,12508760000
USDJPY,20240429,1800,156.094,156.097,155.572,155.811,14487550000
USDJPY,20240429,1900,155.810,156.094,155.809,156.037,8602780000
USDJPY,20240429,2000,156.035,156.363,156.013,156.322,4046180000
USDJPY,20240429,2100,156.322,156.322,156.138,156.268,1192960000
USDJPY,20240429,2200,156.268,156.306,156.057,156.267,6985880000
USDJPY,20240429,2300,156.269,156.387,156.170,156.332,6763250000
USDJPY,20240430,0000,156.325,156.834,156.166,156.812,16761760000
USDJPY,20240430,0100,156.811,156.999,156.562,156.855,13805120000
USDJPY,20240430,0200,156.854,156.891,156.687,156.721,7241120000
USDJPY,20240430,0300,156.721,156.869,156.706,156.734,7838580000
USDJPY,20240430,0400,156.733,156.840,156.728,156.754,8926060000
USDJPY,20240430,0500,156.754,156.829,156.703,156.826,11453430000
USDJPY,20240430,0600,156.828,156.890,156.712,156.826,16594510000
USDJPY,20240430,0700,156.825,156.948,156.472,156.864,12781830000
USDJPY,20240430,0800,156.862,156.978,156.819,156.935,7541310000
USDJPY,20240430,0900,156.935,156.956,156.874,156.925,8581450000
USDJPY,20240430,1000,156.924,156.951,156.817,156.919,6240910000
USDJPY,20240430,1100,156.919,156.955,156.899,156.955,3233670000
USDJPY,20240430,1200,156.957,157.493,156.809,157.454,19174580000
USDJPY,20240430,1300,157.454,157.539,157.305,157.423,16117120000
USDJPY,20240430,1400,157.420,157.462,157.241,157.337,13616220000
USDJPY,20240430,1500,157.336,157.573,157.311,157.545,7928410000
USDJPY,20240430,1600,157.540,157.574,157.435,157.460,3479550000
USDJPY,20240430,1700,157.460,157.642,157.444,157.566,3745710000
USDJPY,20240430,1800,157.566,157.729,157.548,157.697,4191230000
USDJPY,20240430,1900,157.697,157.760,157.675,157.707,3700370000
USDJPY,20240430,2000,157.711,157.842,157.709,157.782,3635359998
USDJPY,20240430,2100,157.782,157.782,157.633,157.700,1155770000
USDJPY,20240430,2200,157.698,157.812,157.643,157.703,9052910000
USDJPY,20240430,2300,157.703,157.751,157.680,157.747,13883800000
USDJPY,20240501,0000,157.747,157.856,157.685,157.744,18447760000
USDJPY,20240501,0100,157.743,157.848,157.734,157.801,9382090001
USDJPY,20240501,0200,157.801,157.893,157.793,157.878,7304350000
USDJPY,20240501,0300,157.882,157.932,157.840,157.914,5121600000
USDJPY,20240501,0400,157.915,157.924,157.816,157.857,5281500000
USDJPY,20240501,0500,157.855,157.918,157.824,157.916,5782100000
USDJPY,20240501,0600,157.917,157.977,157.851,157.971,10346420000
USDJPY,20240501,0700,157.971,157.985,157.866,157.880,11498640000
USDJPY,20240501,0800,157.882,157.981,157.864,157.952,5789350000
USDJPY,20240501,0900,157.953,157.967,157.898,157.916,4167020000
USDJPY,20240501,1000,157.915,157.927,157.856,157.909,7262710000
USDJPY,20240501,1100,157.909,157.910,157.863,157.874,7554260000
USDJPY,20240501,1200,157.874,157.922,157.762,157.781,12160080000
USDJPY,20240501,1300,157.779,157.814,157.507,157.594,14782840001
USDJPY,20240501,1400,157.593,157.715,157.383,157.661,23522300000
USDJPY,20240501,1500,157.661,157.735,157.586,157.646,12687510000
USDJPY,20240501,1600,157.648,157.664,157.599,157.617,7117110000
USDJPY,20240501,1700,157.616,157.668,157.561,157.636,7293080000
USDJPY,20240501,1800,157.638,157.756,157.002,157.117,43973850002
USDJPY,20240501,1900,157.116,157.488,157.104,157.477,24479300000
USDJPY,20240501,2000,157.493,157.585,152.989,154.560,48046820000
USDJPY,20240501,2100,154.500,155.337,154.224,154.248,5892770000
USDJPY,20240501,2200,154.178,155.436,154.155,155.431,15412600000
USDJPY,20240501,2300,155.431,155.756,155.202,155.727,13149310000
USDJPY,20240502,0000,155.726,156.083,155.652,156.017,13939160000
USDJPY,20240502,0100,156.015,156.283,155.927,156.082,9228530001
USDJPY,20240502,0200,156.083,156.144,155.698,155.823,11408600000
USDJPY,20240502,0300,155.825,156.101,155.785,155.943,9339270000
USDJPY,20240502,0400,155.942,156.074,155.702,155.827,9565470000
USDJPY,20240502,0500,155.828,155.890,155.590,155.697,8977870000
USDJPY,20240502,0600,155.697,155.709,155.163,155.438,15602790000
USDJPY,20240502,0700,155.437,155.523,155.202,155.498,14067890000
USDJPY,20240502,0800,155.497,155.553,155.101,155.146,16871520000
USDJPY,20240502,0900,155.146,155.311,155.021,155.264,16695180000
USDJPY,20240502,1000,155.263,155.351,155.086,155.094,14004060000
USDJPY,20240502,1100,155.091,155.172,154.668,154.741,23503980001
USDJPY,20240502,1200,154.739,154.865,154.402,154.519,37537830000
USDJPY,20240502,1300,154.518,154.785,154.345,154.400,38908250000
USDJPY,20240502,1400,154.399,154.546,154.043,154.068,43378340000
USDJPY,20240502,1500,154.067,154.150,153.472,153.782,35253380000
USDJPY,20240502,1600,153.782,153.924,153.497,153.767,24382650000
USDJPY,20240502,1700,153.771,153.811,153.239,153.379,20989830000
USDJPY,20240502,1800,153.379,153.414,153.057,153.057,17580240001
USDJPY,20240502,1900,153.056,153.318,153.056,153.188,11525430000
USDJPY,20240502,2000,153.188,153.821,153.186,153.563,8838910000
USDJPY,20240502,2100,153.538,153.767,153.512,153.682,1159830000
USDJPY,20240502,2200,153.681,153.681,153.211,153.271,7501170000
USDJPY,20240502,2300,153.271,153.297,152.876,153.134,14013790000
USDJPY,20240503,0000,153.132,153.446,152.932,153.146,17118160000
USDJPY,20240503,0100,153.146,153.232,152.748,152.841,14408240000
USDJPY,20240503,0200,152.839,153.064,152.756,153.038,12923640000
USDJPY,20240503,0300,153.038,153.142,152.937,153.006,6846760000
USDJPY,20240503,0400,153.005,153.079,152.810,152.914,8593540000
USDJPY,20240503,0500,152.919,153.063,152.847,152.993,9043250000
USDJPY,20240503,0600,152.994,153.313,152.893,153.286,22975230001
USDJPY,20240503,0700,153.284,153.302,153.150,153.298,17976280000
USDJPY,20240503,0800,153.297,153.332,153.151,153.190,16508710000
USDJPY,20240503,0900,153.190,153.199,152.950,153.051,12676310000
USDJPY,20240503,1000,153.050,153.125,153.039,153.097,13517020000
USDJPY,20240503,1100,153.097,153.236,153.088,153.202,15050980000
USDJPY,20240503,1200,153.199,153.306,151.857,152.199,48187780000
USDJPY,20240503,1300,152.206,152.629,152.169,152.511,55074770001
USDJPY,20240503,1400,152.435,153.073,152.141,152.893,33105430000
USDJPY,20240503,1500,152.891,152.956,152.736,152.857,21817480000
USDJPY,20240503,1600,152.854,152.902,152.749,152.874,10435700000
USDJPY,20240503,1700,152.874,152.957,152.841,152.901,6071840000
USDJPY,20240503,1800,152.900,152.981,152.895,152.935,13391660000
USDJPY,20240503,1900,152.936,152.959,152.842,152.889,7499360000
USDJPY,20240503,2000,152.888,153.008,152.848,153.008,4691470000
USDJPY,20240505,2100,152.886,152.906,152.764,152.784,361160000
USDJPY,20240505,2200,152.808,153.244,152.808,153.227,3807680000
USDJPY,20240505,2300,153.232,153.703,153.121,153.655,7763350000
USDJPY,20240506,0000,153.658,153.755,153.318,153.411,14167730000
USDJPY,20240506,0100,153.411,153.647,153.339,153.564,10613050000
USDJPY,20240506,0200,153.563,153.812,153.552,153.760,9369230000
USDJPY,20240506,0300,153.760,153.969,153.740,153.918,8258140000
USDJPY,20240506,0400,153.924,154.005,153.847,153.929,9209010000
USDJPY,20240506,0500,153.930,153.976,153.872,153.924,6610090000
USDJPY,20240506,0600,153.922,153.945,153.684,153.687,11088040000
USDJPY,20240506,0700,153.689,153.823,153.659,153.802,10088440000
USDJPY,20240506,0800,153.801,153.878,153.684,153.729,11996190000
USDJPY,20240506,0900,153.728,153.843,153.707,153.781,9392860000
USDJPY,20240506,1000,153.780,153.825,153.683,153.809,8018400000
USDJPY,20240506,1100,153.810,153.818,153.742,153.750,5193460000
USDJPY,20240506,1200,153.750,153.791,153.411,153.520,13515310000
USDJPY,20240506,1300,153.519,153.808,153.499,153.785,12785320000
USDJPY,20240506,1400,153.786,153.964,153.673,153.926,13917170000
USDJPY,20240506,1500,153.926,154.001,153.848,153.855,11665879999
USDJPY,20240506,1600,153.856,153.963,153.835,153.904,10225810000
USDJPY,20240506,1700,153.904,153.931,153.817,153.907,11028030000
USDJPY,20240506,1800,153.906,153.963,153.870,153.907,9485160000
USDJPY,20240506,1900,153.907,153.963,153.884,153.938,10542920000
USDJPY,20240506,2000,153.936,153.948,153.864,153.902,2862400000
USDJPY,20240506,2100,153.886,153.894,153.843,153.863,405940000
USDJPY,20240506,2200,153.863,153.959,153.856,153.954,1482270000
USDJPY,20240506,2300,153.953,154.281,153.953,154.239,4784860000
USDJPY,20240507,0000,154.239,154.288,153.880,153.938,14003340001
USDJPY,20240507,0100,153.939,154.436,153.870,154.359,16998100000
USDJPY,20240507,0200,154.358,154.592,154.349,154.549,12154350000
USDJPY,20240507,0300,154.549,154.572,154.461,154.550,11205360000
USDJPY,20240507,0400,154.551,154.649,154.423,154.477,6974000000
USDJPY,20240507,0500,154.476,154.551,154.381,154.543,6873850001
USDJPY,20240507,0600,154.539,154.577,154.321,154.350,12396370000
USDJPY,20240507,0700,154.350,154.440,154.079,154.113,19344640000
USDJPY,20240507,0800,154.114,154.432,153.976,154.401,20381080000
USDJPY,20240507,0900,154.401,154.615,154.392,154.559,16064190000
USDJPY,20240507,1000,154.560,154.630,154.472,154.477,10885130000
USDJPY,20240507,1100,154.476,154.560,154.378,154.525,11321750000
USDJPY,20240507,1200,154.525,154.629,154.392,154.409,14928130000
USDJPY,20240507,1300,154.411,154.488,154.248,154.401,16508650000
USDJPY,20240507,1400,154.401,154.467,154.236,154.422,15789650000
USDJPY,20240507,1500,154.421,154.594,154.361,154.592,9169880000
USDJPY,20240507,1600,154.588,154.591,154.481,154.503,6748600000
USDJPY,20240507,1700,154.501,154.672,154.458,154.647,11818690000
USDJPY,20240507,1800,154.647,154.746,154.647,154.741,8947420000
USDJPY,20240507,1900,154.743,154.743,154.627,154.635,7257510000
USDJPY,20240507,2000,154.635,154.706,154.635,154.679,3809860000
USDJPY,20240507,2100,154.669,154.673,154.496,154.589,2562540000
USDJPY,20240507,2200,154.590,154.740,154.590,154.739,2042480000
USDJPY,20240507,2300,154.739,154.840,154.731,154.771,4571780000
USDJPY,20240508,0000,154.771,154.925,154.688,154.893,14129290000
USDJPY,20240508,0100,154.894,155.183,154.883,155.135,14514370001
USDJPY,20240508,0200,155.139,155.263,155.094,155.165,7810400000
USDJPY,20240508,0300,155.167,155.219,155.070,155.162,5259510000
USDJPY,20240508,0400,155.161,155.204,155.081,155.173,5209440000
USDJPY,20240508,0500,155.173,155.260,155.158,155.172,7056820000
USDJPY,20240508,0600,155.170,155.277,155.114,155.261,14540420000
USDJPY,20240508,0700,155.260,155.360,155.202,155.327,13652470000
USDJPY,20240508,0800,155.327,155.449,155.210,155.431,17587630000
USDJPY,20240508,0900,155.432,155.510,155.279,155.392,18189240000
USDJPY,20240508,1000,155.391,155.430,155.333,155.378,9045840000
USDJPY,20240508,1100,155.378,155.516,155.353,155.491,11036990000
USDJPY,20240508,1200,155.492,155.683,155.488,155.611,13797920001
USDJPY,20240508,1300,155.608,155.651,155.504,155.637,12480160000
USDJPY,20240508,1400,155.639,155.643,155.505,155.592,11734740000
USDJPY,20240508,1500,155.590,155.621,155.341,155.424,14271530000
USDJPY,20240508,1600,155.426,155.561,155.419,155.547,14018440000
USDJPY,20240508,1700,155.544,155.601,155.510,155.546,8004220000
USDJPY,20240508,1800,155.546,155.626,155.544,155.613,7919540000
USDJPY,20240508,1900,155.612,155.658,155.605,155.633,5922400000
USDJPY,20240508,2000,155.632,155.644,155.467,155.467,4497400000
USDJPY,20240508,2100,155.467,155.544,155.419,155.482,1171300000
USDJPY,20240508,2200,155.499,155.594,155.484,155.585,2376630000
USDJPY,20240508,2300,155.583,155.595,155.346,155.376,5051970001
USDJPY,20240509,0000,155.375,155.694,155.152,155.623,19582890000
USDJPY,20240509,0100,155.624,155.665,155.431,155.577,9641530000
USDJPY,20240509,0200,155.579,155.616,155.536,155.596,7472680000
USDJPY,20240509,0300,155.596,155.618,155.511,155.552,5727180000
USDJPY,20240509,0400,155.553,155.605,155.538,155.573,4558460000
USDJPY,20240509,0500,155.572,155.653,155.541,155.623,5181780000
USDJPY,20240509,0600,155.625,155.821,155.621,155.756,7739510000
USDJPY,20240509,0700,155.756,155.846,155.712,155.837,14029820000
USDJPY,20240509,0800,155.837,155.873,155.796,155.848,12139610000
USDJPY,20240509,0900,155.849,155.951,155.843,155.912,9223470000
USDJPY,20240509,1000,155.912,155.942,155.880,155.917,7882490000
USDJPY,20240509,1100,155.918,155.947,155.820,155.879,13168150000
USDJPY,20240509,1200,155.877,155.917,155.517,155.701,19482400000
USDJPY,20240509,1300,155.702,155.797,155.569,155.645,23503800001
USDJPY,20240509,1400,155.645,155.663,155.430,155.560,18638840000
USDJPY,20240509,1500,155.558,155.728,155.503,155.683,11007940000
USDJPY,20240509,1600,155.682,155.709,155.596,155.629,8186960000
USDJPY,20240509,1700,155.630,155.642,155.508,155.554,9069990000
USDJPY,20240509,1800,155.558,155.571,155.425,155.442,8338460000
USDJPY,20240509,1900,155.444,155.497,155.409,155.427,6338690000
USDJPY,20240509,2000,155.426,155.485,155.400,155.436,3327790000
USDJPY,20240509,2100,155.434,155.487,155.434,155.469,1697800000
USDJPY,20240509,2200,155.468,155.471,155.298,155.354,3458860000
USDJPY,20240509,2300,155.355,155.403,155.264,155.394,1953370000
USDJPY,20240510,0000,155.396,155.605,155.358,155.532,12226320000
USDJPY,20240510,0100,155.532,155.689,155.460,155.684,8106430000
USDJPY,20240510,0200,155.685,155.772,155.663,155.757,6478280000
USDJPY,20240510,0300,155.758,155.758,155.686,155.731,3799030000
USDJPY,20240510,0400,155.729,155.735,155.655,155.673,4845420000
USDJPY,20240510,0500,155.674,155.682,155.573,155.625,7235390000
USDJPY,20240510,0600,155.626,155.711,155.497,155.671,16597990000
USDJPY,20240510,0700,155.672,155.779,155.650,155.687,17129290000
USDJPY,20240510,0800,155.686,155.733,155.621,155.718,10796230000
USDJPY,20240510,0900,155.717,155.748,155.663,155.711,13946630000
USDJPY,20240510,1000,155.710,155.764,155.691,155.746,13731090000
USDJPY,20240510,1100,155.745,155.775,155.679,155.741,5781750000
USDJPY,20240510,1200,155.740,155.871,155.708,155.825,16692620001
USDJPY,20240510,1300,155.824,155.849,155.601,155.630,21227710000
USDJPY,20240510,1400,155.633,155.903,155.620,155.872,23944470000
USDJPY,20240510,1500,155.871,155.895,155.824,155.853,14788970000
USDJPY,20240510,1600,155.853,155.895,155.769,155.828,8237620000
USDJPY,20240510,1700,155.826,155.842,155.751,155.840,5093280000
USDJPY,20240510,1800,155.842,155.885,155.836,155.849,5377020000
USDJPY,20240510,1900,155.845,155.847,155.763,155.774,3534840000
USDJPY,20240510,2000,155.773,155.802,155.733,155.761,2335070000
USDJPY,20240512,2100,155.629,155.697,155.629,155.656,440500000
USDJPY,20240512,2200,155.656,155.782,155.656,155.776,2609610000
USDJPY,20240512,2300,155.777,155.833,155.757,155.830,3993240000
USDJPY,20240513,0000,155.830,155.955,155.816,155.929,7964240000
USDJPY,20240513,0100,155.927,155.952,155.502,155.835,15160090000
USDJPY,20240513,0200,155.836,155.892,155.697,155.742,6896570000
USDJPY,20240513,0300,155.744,155.814,155.713,155.759,7246020000
USDJPY,20240513,0400,155.761,155.806,155.754,155.803,2333360000
USDJPY,20240513,0500,155.804,155.867,155.765,155.844,5135910000
USDJPY,20240513,0600,155.839,155.925,155.774,155.845,13550120000
USDJPY,20240513,0700,155.845,155.895,155.778,155.882,10962850000
USDJPY,20240513,0800,155.883,155.917,155.825,155.873,10314060000
USDJPY,20240513,0900,155.874,155.892,155.835,155.891,4435560000
USDJPY,20240513,1000,155.890,155.896,155.837,155.876,10590100000
USDJPY,20240513,1100,155.878,155.893,155.845,155.878,5630360000
USDJPY,20240513,1200,155.879,155.879,155.715,155.756,13021410000
USDJPY,20240513,1300,155.755,155.863,155.684,155.839,17511690000
USDJPY,20240513,1400,155.839,155.933,155.835,155.918,14439530000
USDJPY,20240513,1500,155.916,156.222,155.874,156.175,15230450000
USDJPY,20240513,1600,156.175,156.224,156.113,156.218,7393300000
USDJPY,20240513,1700,156.219,156.247,156.205,156.228,3473570000
USDJPY,20240513,1800,156.214,156.240,156.167,156.199,6445170000
USDJPY,20240513,1900,156.200,156.232,156.184,156.214,5680790000
USDJPY,20240513,2000,156.219,156.240,156.189,156.195,2059580000
USDJPY,20240513,2100,156.195,156.225,156.088,156.193,2480850000
USDJPY,20240513,2200,156.194,156.241,156.174,156.224,2353650000
USDJPY,20240513,2300,156.225,156.240,156.182,156.228,3779170000
USDJPY,20240514,0000,156.228,156.398,156.223,156.296,9172650000
USDJPY,20240514,0100,156.294,156.458,156.292,156.421,8656250000
USDJPY,20240514,0200,156.423,156.496,156.420,156.445,4016710000
USDJPY,20240514,0300,156.445,156.451,156.375,156.411,4350280000
USDJPY,20240514,0400,156.414,156.434,156.374,156.410,3066340000
USDJPY,20240514,0500,156.411,156.446,156.393,156.417,6779010000
USDJPY,20240514,0600,156.418,156.542,156.406,156.452,12787990000
USDJPY,20240514,0700,156.451,156.505,156.423,156.462,6616550000
USDJPY,20240514,0800,156.462,156.490,156.408,156.455,8657070000
USDJPY,20240514,0900,156.455,156.469,156.286,156.351,7727290000
USDJPY,20240514,1000,156.351,156.435,156.346,156.428,6599350000
USDJPY,20240514,1100,156.428,156.462,156.406,156.451,4179500000
USDJPY,20240514,1200,156.450,156.783,156.404,156.581,22389760000
USDJPY,20240514,1300,156.582,156.655,156.229,156.351,25644280000
USDJPY,20240514,1400,156.352,156.519,156.280,156.392,17040140000
USDJPY,20240514,1500,156.393,156.511,156.373,156.504,13047490000
USDJPY,20240514,1600,156.504,156.542,156.450,156.482,8083810000
USDJPY,20240514,1700,156.478,156.515,156.428,156.505,4017680000
USDJPY,20240514,1800,156.504,156.509,156.382,156.435,5754640000
USDJPY,20240514,1900,156.435,156.473,156.406,156.462,6503840000
USDJPY,20240514,2000,156.461,156.465,156.403,156.403,3147030000
USDJPY,20240514,2100,156.403,156.434,156.391,156.417,1077170000
USDJPY,20240514,2200,156.418,156.480,156.391,156.434,1898110000
USDJPY,20240514,2300,156.434,156.524,156.423,156.521,2220690000
USDJPY,20240515,0000,156.521,156.560,156.384,156.389,8838890000
USDJPY,20240515,0100,156.387,156.446,156.306,156.385,5297330000
USDJPY,20240515,0200,156.385,156.478,156.385,156.460,5841070000
USDJPY,20240515,0300,156.461,156.463,156.386,156.395,3645920000
USDJPY,20240515,0400,156.393,156.395,156.342,156.358,3510530000
USDJPY,20240515,0500,156.358,156.364,156.172,156.235,9097330000
USDJPY,20240515,0600,156.236,156.390,156.226,156.255,11932180000
USDJPY,20240515,0700,156.255,156.284,155.959,156.097,14404860000
USDJPY,20240515,0800,156.098,156.121,155.573,155.649,22826710000
USDJPY,20240515,0900,155.647,155.846,155.601,155.828,15043380000
USDJPY,20240515,1000,155.828,155.879,155.700,155.737,12684560000
USDJPY,20240515,1100,155.735,155.756,155.572,155.674,14694309999
USDJPY,20240515,1200,155.675,155.687,154.750,155.116,39586170000
USDJPY,20240515,1300,155.118,155.802,155.026,155.738,27853060000
USDJPY,20240515,1400,155.741,155.761,155.294,155.312,22931420000
USDJPY,20240515,1500,155.312,155.350,154.740,155.024,28480520000
USDJPY,20240515,1600,155.024,155.127,154.833,154.980,18702030000
USDJPY,20240515,1700,154.981,155.004,154.690,154.746,15611880000
USDJPY,20240515,1800,154.745,155.025,154.731,154.908,9647840000
USDJPY,20240515,1900,154.906,155.020,154.863,154.967,10538060000
USDJPY,20240515,2000,154.968,154.969,154.823,154.863,3900360000
USDJPY,20240515,2100,154.862,154.862,154.730,154.768,2140010000
USDJPY,20240515,2200,154.773,154.804,154.502,154.557,7466050001
USDJPY,20240515,2300,154.556,154.677,154.151,154.300,13598360002
USDJPY,20240516,0000,154.301,154.534,153.598,153.660,27540840000
USDJPY,20240516,0100,153.660,154.123,153.626,154.095,19492510000
USDJPY,20240516,0200,154.095,154.311,153.829,154.005,16790060000
USDJPY,20240516,0300,154.006,154.081,153.892,153.970,7983380001
USDJPY,20240516,0400,153.969,154.050,153.802,153.935,8922460000
USDJPY,20240516,0500,153.933,154.193,153.848,154.175,9422490000
USDJPY,20240516,0600,154.175,154.379,154.111,154.363,15390420000
USDJPY,20240516,0700,154.360,154.449,154.277,154.414,15867770000
USDJPY,20240516,0800,154.416,154.810,154.334,154.712,18521250000
USDJPY,20240516,0900,154.713,154.784,154.634,154.673,15727890001
USDJPY,20240516,1000,154.675,154.738,154.610,154.672,14394910000
USDJPY,20240516,1100,154.672,154.942,154.653,154.877,13613220000
USDJPY,20240516,1200,154.876,155.336,154.608,155.307,27375650000
USDJPY,20240516,1300,155.309,155.532,155.261,155.463,31784390000
USDJPY,20240516,1400,155.463,155.491,155.226,155.301,23965450000
USDJPY,20240516,1500,155.301,155.327,155.159,155.255,13277400000
USDJPY,20240516,1600,155.256,155.355,155.238,155.265,9631010000
USDJPY,20240516,1700,155.263,155.297,155.211,155.252,8503470000
USDJPY,20240516,1800,155.251,155.332,155.237,155.327,6217840000
USDJPY,20240516,1900,155.328,155.422,155.313,155.417,9813010000
USDJPY,20240516,2000,155.417,155.432,155.356,155.363,1661500000
USDJPY,20240516,2100,155.363,155.381,155.332,155.343,2994180000
USDJPY,20240516,2200,155.342,155.430,155.313,155.382,2251930000
USDJPY,20240516,2300,155.381,155.454,155.345,155.399,5231530000
USDJPY,20240517,0000,155.397,155.589,155.348,155.445,12745680001
USDJPY,20240517,0100,155.445,155.868,155.417,155.819,19971630000
USDJPY,20240517,0200,155.818,155.927,155.777,155.873,7933720000
USDJPY,20240517,0300,155.873,155.899,155.777,155.792,8372460000
USDJPY,20240517,0400,155.793,155.851,155.731,155.807,7535990000
USDJPY,20240517,0500,155.801,155.849,155.714,155.797,8146020000
USDJPY,20240517,0600,155.799,155.801,155.595,155.646,13821130000
USDJPY,20240517,0700,155.650,155.837,155.622,155.822,12743730000
USDJPY,20240517,0800,155.823,155.977,155.817,155.864,12465690000
USDJPY,20240517,0900,155.865,155.908,155.780,155.836,7734430000
USDJPY,20240517,1000,155.839,155.906,155.803,155.838,7488480000
USDJPY,20240517,1100,155.839,155.917,155.825,155.854,7802160000
USDJPY,20240517,1200,155.853,155.892,155.711,155.786,14249430000
USDJPY,20240517,1300,155.786,155.797,155.680,155.742,14697870000
USDJPY,20240517,1400,155.739,155.745,155.342,155.403,17833360000
USDJPY,20240517,1500,155.404,155.577,155.247,155.576,17065300000
USDJPY,20240517,1600,155.575,155.633,155.465,155.623,10969320000
USDJPY,20240517,1700,155.623,155.687,155.582,155.667,10230680000
USDJPY,20240517,1800,155.664,155.684,155.608,155.675,7132700000
USDJPY,20240517,1900,155.675,155.693,155.619,155.672,2572690000
USDJPY,20240517,2000,155.674,155.722,155.572,155.603,2856160000
USDJPY,20240519,2100,155.534,155.678,155.525,155.613,497280000
USDJPY,20240519,2200,155.613,155.722,155.555,155.695,2341960000
USDJPY,20240519,2300,155.695,155.819,155.686,155.763,3908930000
USDJPY,20240520,0000,155.763,155.877,155.732,155.871,9690880000
USDJPY,20240520,0100,155.872,155.935,155.800,155.866,13481330000
USDJPY,20240520,0200,155.863,155.893,155.777,155.813,9415450000
USDJPY,20240520,0300,155.814,155.834,155.679,155.721,6577690000
USDJPY,20240520,0400,155.721,155.784,155.665,155.770,7815640000
USDJPY,20240520,0500,155.765,155.798,155.640,155.702,7241890000
USDJPY,20240520,0600,155.703,155.783,155.660,155.741,11754880000
USDJPY,20240520,0700,155.741,155.760,155.493,155.732,14659110000
USDJPY,20240520,0800,155.733,155.785,155.654,155.682,13683970000
USDJPY,20240520,0900,155.682,155.709,155.634,155.709,8676520000
USDJPY,20240520,1000,155.710,155.726,155.656,155.703,7028010000
USDJPY,20240520,1100,155.703,155.758,155.696,155.745,10447060000
USDJPY,20240520,1200,155.746,156.231,155.731,156.150,28899340000
USDJPY,20240520,1300,156.151,156.184,156.042,156.081,19315370000
USDJPY,20240520,1400,156.082,156.182,155.996,156.066,11176330000
USDJPY,20240520,1500,156.066,156.154,156.055,156.094,9848630000
USDJPY,20240520,1600,156.094,156.114,156.069,156.106,8117530000
USDJPY,20240520,1700,156.106,156.177,156.048,156.176,7023440000
USDJPY,20240520,1800,156.175,156.269,156.165,156.268,5988930000
USDJPY,20240520,1900,156.270,156.301,156.244,156.289,7122470000
USDJPY,20240520,2000,156.290,156.298,156.231,156.239,1746810000
USDJPY,20240520,2100,156.234,156.234,156.152,156.211,521550000
USDJPY,20240520,2200,156.212,156.288,156.204,156.263,1820050000
USDJPY,20240520,2300,156.263,156.402,156.260,156.401,6253720000
USDJPY,20240521,0000,156.400,156.465,156.340,156.425,14162750000
USDJPY,20240521,0100,156.429,156.492,156.418,156.479,12897000000
USDJPY,20240521,0200,156.480,156.496,156.394,156.433,10515200000
USDJPY,20240521,0300,156.431,156.491,156.406,156.475,10599120000
USDJPY,20240521,0400,156.477,156.545,156.405,156.447,12038080000
USDJPY,20240521,0500,156.446,156.470,156.295,156.376,11204880000
USDJPY,20240521,0600,156.375,156.376,156.103,156.245,31450440000
USDJPY,20240521,0700,156.247,156.273,156.028,156.232,22997130000
USDJPY,20240521,0800,156.232,156.293,156.135,156.257,15915250000
USDJPY,20240521,0900,156.257,156.276,156.083,156.118,15780500000
USDJPY,20240521,1000,156.117,156.246,156.100,156.218,14888340000
USDJPY,20240521,1100,156.217,156.321,156.209,156.225,16946360000
USDJPY,20240521,1200,156.226,156.393,156.188,156.241,27709170000
USDJPY,20240521,1300,156.242,156.432,155.955,156.049,39764050000
USDJPY,20240521,1400,156.049,156.147,155.841,155.945,32752780000
USDJPY,20240521,1500,155.947,156.146,155.947,156.081,19751710000
USDJPY,20240521,1600,156.081,156.186,156.070,156.122,6567190000
USDJPY,20240521,1700,156.119,156.250,156.106,156.219,9331670000
USDJPY,20240521,1800,156.219,156.247,156.174,156.213,11988560000
USDJPY,20240521,1900,156.214,156.250,156.135,156.168,9705090000
USDJPY,20240521,2000,156.168,156.214,156.147,156.147,2318360000
USDJPY,20240521,2100,156.147,156.162,156.070,156.127,593540000
USDJPY,20240521,2200,156.120,156.182,156.114,156.176,1380680000
USDJPY,20240521,2300,156.180,156.288,156.175,156.271,4284100000
USDJPY,20240522,0000,156.271,156.287,156.139,156.272,11012400000
USDJPY,20240522,0100,156.271,156.349,156.248,156.254,8921100000
USDJPY,20240522,0200,156.254,156.305,156.205,156.299,6890700000
USDJPY,20240522,0300,156.298,156.321,156.275,156.310,2506500000
USDJPY,20240522,0400,156.312,156.387,156.293,156.353,2227800000
USDJPY,20240522,0500,156.351,156.383,156.282,156.296,6080020000
USDJPY,20240522,0600,156.296,156.471,156.284,156.375,10313980000
USDJPY,20240522,0700,156.376,156.459,156.375,156.401,6662990000
USDJPY,20240522,0800,156.399,156.508,156.382,156.476,11020240000
USDJPY,20240522,0900,156.477,156.516,156.412,156.437,13853560000
USDJPY,20240522,1000,156.438,156.468,156.389,156.424,7679450000
USDJPY,20240522,1100,156.423,156.615,156.411,156.583,16451340000
USDJPY,20240522,1200,156.583,156.601,156.508,156.542,19411160000
USDJPY,20240522,1300,156.544,156.547,156.347,156.432,18753370000
USDJPY,20240522,1400,156.431,156.546,156.376,156.521,21005160001
USDJPY,20240522,1500,156.521,156.556,156.465,156.500,11748420000
USDJPY,20240522,1600,156.501,156.519,156.457,156.490,7851140000
USDJPY,20240522,1700,156.490,156.545,156.445,156.478,9636390000
USDJPY,20240522,1800,156.480,156.637,156.480,156.632,12564130000
USDJPY,20240522,1900,156.633,156.724,156.628,156.706,7351460000
USDJPY,20240522,2000,156.706,156.840,156.705,156.769,5672560000
USDJPY,20240522,2100,156.769,156.769,156.658,156.668,2075980000
USDJPY,20240522,2200,156.667,156.787,156.654,156.743,3857320000
USDJPY,20240522,2300,156.743,156.761,156.656,156.732,6082600000
USDJPY,20240523,0000,156.733,156.828,156.684,156.799,12929800001
USDJPY,20240523,0100,156.797,156.902,156.736,156.744,11372800000
USDJPY,20240523,0200,156.743,156.798,156.644,156.732,6728650000
USDJPY,20240523,0300,156.738,156.788,156.717,156.758,3668510000
USDJPY,20240523,0400,156.759,156.786,156.691,156.716,4595280000
USDJPY,20240523,0500,156.717,156.748,156.668,156.722,5722560000
USDJPY,20240523,0600,156.721,156.746,156.576,156.645,11977420000
USDJPY,20240523,0700,156.645,156.777,156.556,156.756,13158730000
USDJPY,20240523,0800,156.757,156.791,156.709,156.756,7920160000
USDJPY,20240523,0900,156.757,156.783,156.645,156.666,8485790000
USDJPY,20240523,1000,156.665,156.727,156.636,156.708,10605840000
USDJPY,20240523,1100,156.709,156.724,156.557,156.586,11794460000
USDJPY,20240523,1200,156.585,156.757,156.528,156.751,19825950000
USDJPY,20240523,1300,156.751,157.138,156.672,157.089,26019380000
USDJPY,20240523,1400,157.085,157.194,156.535,156.993,39607310000
USDJPY,20240523,1500,156.992,157.141,156.980,157.055,19558750000
USDJPY,20240523,1600,157.055,157.071,156.961,157.046,9333570000
USDJPY,20240523,1700,157.047,157.064,156.935,156.942,11554360000
USDJPY,20240523,1800,156.941,156.962,156.826,156.894,8940340000
USDJPY,20240523,1900,156.898,156.935,156.857,156.876,3522300000
USDJPY,20240523,2000,156.877,156.975,156.857,156.880,2232760000
USDJPY,20240523,2100,156.879,157.000,156.871,156.955,2507560000
USDJPY,20240523,2200,156.952,157.011,156.920,157.005,2964450000
USDJPY,20240523,2300,157.006,157.007,156.920,156.991,2260080000
USDJPY,20240524,0000,156.991,157.135,156.920,157.036,13088280000
USDJPY,20240524,0100,157.035,157.105,156.992,157.099,5147320000
USDJPY,20240524,0200,157.098,157.145,157.061,157.062,4843070000
USDJPY,20240524,0300,157.064,157.096,157.043,157.054,2207610000
USDJPY,20240524,0400,157.054,157.091,157.018,157.079,3251830000
USDJPY,20240524,0500,157.078,157.117,157.040,157.078,4771500000
USDJPY,20240524,0600,157.080,157.092,156.996,157.037,8089080000
USDJPY,20240524,0700,157.038,157.068,157.016,157.056,3586410000
USDJPY,20240524,0800,157.053,157.088,157.003,157.025,6415010000
USDJPY,20240524,0900,157.027,157.032,156.967,157.017,8415440000
USDJPY,20240524,1000,157.016,157.032,156.932,156.979,7055880000
USDJPY,20240524,1100,156.977,157.045,156.956,157.029,5919940000
USDJPY,20240524,1200,157.028,157.126,157.004,157.073,21806990000
USDJPY,20240524,1300,157.074,157.127,157.029,157.072,19157800000
USDJPY,20240524,1400,157.057,157.061,156.912,156.987,18332040000
USDJPY,20240524,1500,156.987,156.992,156.846,156.903,11241260000
USDJPY,20240524,1600,156.905,156.934,156.820,156.913,9831310000
USDJPY,20240524,1700,156.914,156.966,156.881,156.955,5714750000
USDJPY,20240524,1800,156.954,156.988,156.909,156.977,6514890000
USDJPY,20240524,1900,156.977,156.994,156.928,156.930,3164870000
USDJPY,20240524,2000,156.930,156.986,156.902,156.943,2058190000
USDJPY,20240526,2100,156.806,156.944,156.806,156.868,741780000
USDJPY,20240526,2200,156.908,156.943,156.787,156.855,2357890000
USDJPY,20240526,2300,156.856,156.914,156.820,156.866,2768210000
USDJPY,20240527,0000,156.867,156.926,156.750,156.830,4891130000
USDJPY,20240527,0100,156.831,156.846,156.678,156.806,9592890000
USDJPY,20240527,0200,156.805,156.805,156.689,156.726,3110290002
USDJPY,20240527,0300,156.727,156.767,156.661,156.703,4863570000
USDJPY,20240527,0400,156.702,156.778,156.687,156.769,2904720000
USDJPY,20240527,0500,156.771,156.797,156.726,156.760,4492980000
USDJPY,20240527,0600,156.761,156.842,156.747,156.821,11524890000
USDJPY,20240527,0700,156.820,156.956,156.820,156.909,6814080000
USDJPY,20240527,0800,156.909,156.948,156.865,156.947,4649100000
USDJPY,20240527,0900,156.948,156.949,156.878,156.892,5242390000
USDJPY,20240527,1000,156.892,156.892,156.844,156.857,5246360000
USDJPY,20240527,1100,156.858,156.892,156.819,156.877,8654100000
USDJPY,20240527,1200,156.878,156.893,156.818,156.821,9029300000
USDJPY,20240527,1300,156.821,156.832,156.758,156.818,7463020000
USDJPY,20240527,1400,156.816,156.829,156.722,156.722,5588070000
USDJPY,20240527,1500,156.722,156.872,156.705,156.866,9307960000
USDJPY,20240527,1600,156.867,156.913,156.856,156.895,6714850000
USDJPY,20240527,1700,156.897,156.911,156.863,156.868,3401020000
USDJPY,20240527,1800,156.867,156.875,156.843,156.868,6777420000
USDJPY,20240527,1900,156.868,156.879,156.843,156.879,2647030000
USDJPY,20240527,2000,156.881,156.929,156.810,156.811,3424600000
USDJPY,20240527,2100,156.830,156.880,156.797,156.854,992400000
USDJPY,20240527,2200,156.855,156.947,156.842,156.921,1575030000
USDJPY,20240527,2300,156.919,156.943,156.832,156.836,2108620000
USDJPY,20240528,0000,156.838,156.898,156.779,156.895,6624220002
USDJPY,20240528,0100,156.896,156.928,156.733,156.779,7588080000
USDJPY,20240528,0200,156.787,156.792,156.689,156.755,5721680000
USDJPY,20240528,0300,156.752,156.768,156.623,156.657,5087730000
USDJPY,20240528,0400,156.656,156.721,156.618,156.686,5018270001
USDJPY,20240528,0500,156.686,156.869,156.654,156.833,7213770001
USDJPY,20240528,0600,156.837,156.893,156.785,156.883,9771310000
USDJPY,20240528,0700,156.884,156.921,156.843,156.893,10502880000
USDJPY,20240528,0800,156.892,156.954,156.857,156.869,11381800000
USDJPY,20240528,0900,156.868,156.992,156.868,156.942,12733140000
USDJPY,20240528,1000,156.941,156.947,156.819,156.863,7690560000
USDJPY,20240528,1100,156.863,156.887,156.772,156.800,5852260000
USDJPY,20240528,1200,156.801,156.801,156.654,156.677,16073950000
USDJPY,20240528,1300,156.684,156.844,156.579,156.812,20389600000
USDJPY,20240528,1400,156.813,156.959,156.813,156.865,21096120000
USDJPY,20240528,1500,156.866,156.955,156.829,156.904,12244179999
USDJPY,20240528,1600,156.906,156.997,156.875,156.966,7406180000
USDJPY,20240528,1700,156.966,157.126,156.964,157.095,10656230000
USDJPY,20240528,1800,157.095,157.155,157.086,157.154,11410270000
USDJPY,20240528,1900,157.153,157.156,157.105,157.137,8532580000
USDJPY,20240528,2000,157.137,157.198,157.129,157.138,2406280000
USDJPY,20240528,2100,157.138,157.162,157.101,157.157,894550000
USDJPY,20240528,2200,157.158,157.263,157.137,157.215,1818570000
USDJPY,20240528,2300,157.214,157.286,157.212,157.271,2486860000
USDJPY,20240529,0000,157.272,157.405,157.261,157.372,7329220000
USDJPY,20240529,0100,157.375,157.386,157.219,157.245,6517710001
USDJPY,20240529,0200,157.247,157.305,157.205,157.292,6284410000
USDJPY,20240529,0300,157.291,157.333,157.269,157.313,3621920000
USDJPY,20240529,0400,157.314,157.346,157.228,157.253,6658210000
USDJPY,20240529,0500,157.253,157.269,157.202,157.222,4202680000
USDJPY,20240529,0600,157.223,157.231,156.894,157.095,22395110000
USDJPY,20240529,0700,157.097,157.154,157.019,157.151,12154420000
USDJPY,20240529,0800,157.148,157.187,157.066,157.099,10201610000
USDJPY,20240529,0900,157.098,157.174,157.094,157.158,10915630000
USDJPY,20240529,1000,157.157,157.281,157.154,157.231,11669240000
USDJPY,20240529,1100,157.232,157.292,157.196,157.269,11996900000
USDJPY,20240529,1200,157.266,157.292,157.157,157.195,12077690000
USDJPY,20240529,1300,157.195,157.386,157.164,157.342,16636870000
USDJPY,20240529,1400,157.340,157.499,157.309,157.497,13529230000
USDJPY,20240529,1500,157.497,157.639,157.437,157.625,18755530000
USDJPY,20240529,1600,157.627,157.704,157.612,157.682,10597720000
USDJPY,20240529,1700,157.682,157.707,157.623,157.634,8681810000
USDJPY,20240529,1800,157.635,157.682,157.622,157.668,2532300000
USDJPY,20240529,1900,157.668,157.698,157.639,157.687,7059690000
USDJPY,20240529,2000,157.687,157.703,157.625,157.625,2406930000
USDJPY,20240529,2100,157.607,157.629,157.557,157.582,1733670000
USDJPY,20240529,2200,157.582,157.667,157.578,157.638,2465320000
USDJPY,20240529,2300,157.637,157.663,157.591,157.626,6412550000
USDJPY,20240530,0000,157.624,157.625,157.303,157.362,18014850000
USDJPY,20240530,0100,157.362,157.452,157.350,157.449,11376400000
USDJPY,20240530,0200,157.451,157.453,157.309,157.340,6893010000
USDJPY,20240530,0300,157.341,157.429,157.260,157.377,4745840000
USDJPY,20240530,0400,157.374,157.382,157.123,157.183,8950609999
USDJPY,20240530,0500,157.188,157.224,156.900,156.961,11836750000
USDJPY,20240530,0600,156.960,156.971,156.701,156.740,24471109999
USDJPY,20240530,0700,156.739,157.007,156.534,156.968,22044770000
USDJPY,20240530,0800,156.968,157.112,156.904,156.944,17939930000
USDJPY,20240530,0900,156.942,156.979,156.844,156.915,16308610000
USDJPY,20240530,1000,156.916,157.089,156.916,156.922,10488320000
USDJPY,20240530,1100,156.923,156.923,156.678,156.728,15844890000
USDJPY,20240530,1200,156.727,156.854,156.567,156.646,23493900000
USDJPY,20240530,1300,156.646,156.765,156.370,156.725,36386020000
USDJPY,20240530,1400,156.725,156.843,156.526,156.591,22872830000
USDJPY,20240530,1500,156.591,156.704,156.578,156.638,17595200000
USDJPY,20240530,1600,156.638,156.731,156.635,156.697,5594980000
USDJPY,20240530,1700,156.696,156.753,156.664,156.749,6344730000
USDJPY,20240530,1800,156.750,156.831,156.750,156.823,8736240000
USDJPY,20240530,1900,156.828,156.856,156.797,156.842,10823790000
USDJPY,20240530,2000,156.844,156.877,156.797,156.802,2351160000
USDJPY,20240530,2100,156.778,156.797,156.741,156.779,1847990000
USDJPY,20240530,2200,156.777,156.851,156.735,156.800,2738540000
USDJPY,20240530,2300,156.799,156.995,156.783,156.992,5164180000
USDJPY,20240531,0000,156.991,157.023,156.603,156.739,14287080000
USDJPY,20240531,0100,156.738,156.923,156.636,156.677,17097110001
USDJPY,20240531,0200,156.678,156.827,156.571,156.811,13138700000
USDJPY,20240531,0300,156.810,156.875,156.721,156.804,12003410000
USDJPY,20240531,0400,156.803,156.850,156.671,156.701,11488290000
USDJPY,20240531,0500,156.701,156.834,156.690,156.801,12589770000
USDJPY,20240531,0600,156.801,156.960,156.785,156.930,13620770000
USDJPY,20240531,0700,156.927,157.151,156.926,157.141,18971580000
USDJPY,20240531,0800,157.140,157.330,157.062,157.296,18854270001
USDJPY,20240531,0900,157.296,157.353,157.241,157.329,13540390000
USDJPY,20240531,1000,157.329,157.364,157.213,157.238,9295100000
USDJPY,20240531,1100,157.237,157.239,157.124,157.167,8730600000
USDJPY,20240531,1200,157.171,157.191,156.750,156.856,26782400001
USDJPY,20240531,1300,156.858,156.951,156.679,156.694,22533220001
USDJPY,20240531,1400,156.695,157.165,156.557,157.159,33211250000
USDJPY,20240531,1500,157.156,157.278,157.080,157.190,23778690002
USDJPY,20240531,1600,157.191,157.246,157.148,157.180,11672020000
USDJPY,20240531,1700,157.179,157.247,157.179,157.218,7117530001
USDJPY,20240531,1800,157.219,157.271,157.172,157.265,4407390000
USDJPY,20240531,1900,157.263,157.345,157.224,157.264,4695850000
USDJPY,20240531,2000,157.264,157.344,157.234,157.279,4934070000
USDJPY,20240603,0000,157.182,157.309,157.048,157.088,12414180000
USDJPY,20240603,0100,157.087,157.149,156.994,157.061,9835220000
USDJPY,20240603,0200,157.059,157.252,157.054,157.233,9162270000
USDJPY,20240603,0300,157.233,157.470,157.204,157.419,15268060000
USDJPY,20240603,0400,157.421,157.447,157.370,157.411,11748290000
USDJPY,20240603,0500,157.413,157.461,157.365,157.410,8711740000
USDJPY,20240603,0600,157.411,157.413,157.240,157.254,12484730000
USDJPY,20240603,0700,157.253,157.292,157.111,157.136,11722690000
USDJPY,20240603,0800,157.137,157.139,157.004,157.056,15858380000
USDJPY,20240603,0900,157.056,157.146,157.029,157.070,10835970000
USDJPY,20240603,1000,157.070,157.075,156.734,156.739,14409830000
USDJPY,20240603,1100,156.740,156.881,156.636,156.857,19128420000
USDJPY,20240603,1200,156.855,156.937,156.689,156.779,17331270000
USDJPY,20240603,1300,156.780,156.837,156.639,156.645,20490120001
USDJPY,20240603,1400,156.615,156.615,156.130,156.195,33241000002
USDJPY,20240603,1500,156.197,156.238,155.948,156.038,19444520000
USDJPY,20240603,1600,156.039,156.160,156.017,156.068,12512100000
USDJPY,20240603,1700,156.068,156.183,156.037,156.182,11793460000
USDJPY,20240603,1800,156.182,156.270,156.177,156.223,16914660000
USDJPY,20240603,1900,156.222,156.286,156.205,156.234,10405010002
USDJPY,20240603,2000,156.237,156.251,156.023,156.037,4899270000
USDJPY,20240603,2100,156.038,156.108,156.026,156.108,1507260000
USDJPY,20240603,2200,156.106,156.159,156.056,156.152,1482730000
USDJPY,20240603,2300,156.159,156.239,155.988,156.089,5519120000
USDJPY,20240604,0000,156.091,156.406,155.980,156.386,15767490001
USDJPY,20240604,0100,156.388,156.484,156.312,156.462,10514740001
USDJPY,20240604,0200,156.461,156.463,156.319,156.373,7632680000
USDJPY,20240604,0300,156.373,156.424,156.311,156.385,6313810000
USDJPY,20240604,0400,156.386,156.417,156.250,156.296,6226900000
USDJPY,20240604,0500,156.297,156.303,156.091,156.194,9330900000
USDJPY,20240604,0600,156.194,156.205,155.802,155.950,21528550000
USDJPY,20240604,0700,155.948,155.959,155.361,155.387,32767550000
USDJPY,20240604,0800,155.386,155.470,155.212,155.301,29825230000
USDJPY,20240604,0900,155.301,155.373,155.031,155.149,31012920000
USDJPY,20240604,1000,155.151,155.193,154.702,154.929,30268400000
USDJPY,20240604,1100,154.931,155.227,154.850,154.865,21071139999
USDJPY,20240604,1200,154.867,155.141,154.720,155.121,39390540000
USDJPY,20240604,1300,155.120,155.204,154.803,154.866,33808750000
USDJPY,20240604,1400,154.867,155.248,154.548,154.880,47470870000
USDJPY,20240604,1500,154.880,155.023,154.758,154.873,25276640000
USDJPY,20240604,1600,154.872,154.872,154.745,154.782,15983870000
USDJPY,20240604,1700,154.781,154.826,154.548,154.600,12119440000
USDJPY,20240604,1800,154.602,154.748,154.595,154.709,9427820000
USDJPY,20240604,1900,154.710,154.785,154.703,154.770,9431760000
USDJPY,20240604,2000,154.771,154.910,154.769,154.853,3371700000
USDJPY,20240604,2100,154.852,154.885,154.769,154.807,2228250000
USDJPY,20240604,2200,154.808,154.862,154.771,154.853,1167540000
USDJPY,20240604,2300,154.853,155.180,154.818,155.116,6112410000
USDJPY,20240605,0000,155.113,155.435,155.094,155.223,25768770002
USDJPY,20240605,0100,155.226,155.391,155.218,155.361,17495139999
USDJPY,20240605,0200,155.361,155.479,155.359,155.476,16405670000
USDJPY,20240605,0300,155.477,155.593,155.359,155.485,13951740000
USDJPY,20240605,0400,155.484,155.614,155.443,155.584,10514820000
USDJPY,20240605,0500,155.583,155.706,155.535,155.642,13326810000
USDJPY,20240605,0600,155.643,155.922,155.617,155.897,16688710000
USDJPY,20240605,0700,155.898,156.185,155.860,156.142,28154590000
USDJPY,20240605,0800,156.146,156.299,156.079,156.247,15003140000
USDJPY,20240605,0900,156.247,156.304,156.028,156.041,19322930001
USDJPY,20240605,1000,156.039,156.166,155.957,156.068,14564310000
USDJPY,20240605,1100,156.069,156.208,156.021,156.145,15259930000
USDJPY,20240605,1200,156.144,156.197,155.941,156.093,32337060000
USDJPY,20240605,1300,156.092,156.175,155.684,155.684,33764000001
USDJPY,20240605,1400,155.708,156.485,155.708,156.314,42609120000
USDJPY,20240605,1500,156.314,156.314,156.080,156.209,23577870000
USDJPY,20240605,1600,156.209,156.242,156.100,156.123,11576610000
USDJPY,20240605,1700,156.122,156.149,156.068,156.102,5725750000
USDJPY,20240605,1800,156.101,156.157,156.069,156.096,8358990000
USDJPY,20240605,1900,156.097,156.132,156.068,156.087,5377830000
USDJPY,20240605,2000,156.088,156.157,156.070,156.078,3352290000
USDJPY,20240605,2100,156.079,156.079,155.959,156.037,742560000
USDJPY,20240605,2200,156.037,156.111,155.851,155.885,2484730000
USDJPY,20240605,2300,155.883,156.019,155.799,155.913,5469300000
USDJPY,20240606,0000,155.912,155.925,155.595,155.647,11673380000
USDJPY,20240606,0100,155.648,155.723,155.354,155.646,14186830000
USDJPY,20240606,0200,155.647,155.703,155.427,155.649,9443210000
USDJPY,20240606,0300,155.651,155.689,155.528,155.569,7566220000
USDJPY,20240606,0400,155.568,155.944,155.564,155.732,11078630000
USDJPY,20240606,0500,155.730,155.956,155.708,155.908,8526660000
USDJPY,20240606,0600,155.908,156.179,155.812,156.064,18185570000
USDJPY,20240606,0700,156.063,156.308,156.030,156.279,11701270001
USDJPY,20240606,0800,156.278,156.379,156.118,156.160,13412350000
USDJPY,20240606,0900,156.160,156.206,155.911,155.970,11900320000
USDJPY,20240606,1000,155.968,156.100,155.895,156.036,10447810000
USDJPY,20240606,1100,156.038,156.232,156.029,156.192,7760700000
USDJPY,20240606,1200,156.191,156.341,155.872,156.281,22667390000
USDJPY,20240606,1300,156.280,156.445,155.904,156.138,19275020000
USDJPY,20240606,1400,156.137,156.344,155.998,156.029,17118190000
USDJPY,20240606,1500,156.028,156.089,155.932,155.978,14380930000
USDJPY,20240606,1600,155.979,156.065,155.773,155.798,10615180000
USDJPY,20240606,1700,155.802,155.868,155.711,155.759,9767430000
USDJPY,20240606,1800,155.760,155.785,155.650,155.673,10296240001
USDJPY,20240606,1900,155.671,155.738,155.471,155.609,11276080000
USDJPY,20240606,2000,155.611,155.658,155.565,155.580,5002210000
USDJPY,20240606,2100,155.580,155.693,155.507,155.587,3153480000
USDJPY,20240606,2200,155.588,155.615,155.550,155.613,1770500000
USDJPY,20240606,2300,155.613,155.714,155.577,155.678,3991590000
USDJPY,20240607,0000,155.676,155.849,155.579,155.775,11295710000
USDJPY,20240607,0100,155.774,155.934,155.658,155.681,14440290001
USDJPY,20240607,0200,155.681,155.844,155.671,155.813,6904560000
USDJPY,20240607,0300,155.812,155.824,155.736,155.752,6872240000
USDJPY,20240607,0400,155.752,155.759,155.492,155.578,10054140000
USDJPY,20240607,0500,155.577,155.698,155.444,155.508,13682010000
USDJPY,20240607,0600,155.510,155.533,155.130,155.359,30712449997
USDJPY,20240607,0700,155.359,155.437,155.119,155.418,18380660001
USDJPY,20240607,0800,155.419,155.565,155.312,155.356,23960070002
USDJPY,20240607,0900,155.357,155.493,155.330,155.483,12945210000
USDJPY,20240607,1000,155.481,155.598,155.452,155.573,11251040000
USDJPY,20240607,1100,155.573,155.636,155.428,155.590,18429440000
USDJPY,20240607,1200,155.590,156.876,155.309,156.776,46005270000
USDJPY,20240607,1300,156.777,156.980,156.622,156.956,40501130000
USDJPY,20240607,1400,156.956,157.076,156.779,156.870,31798150001
USDJPY,20240607,1500,156.869,156.886,156.423,156.596,27718020000
USDJPY,20240607,1600,156.596,156.684,156.513,156.663,19553140000
USDJPY,20240607,1700,156.663,156.735,156.572,156.605,10185020000
USDJPY,20240607,1800,156.604,156.691,156.565,156.634,9065150000
USDJPY,20240607,1900,156.634,156.763,156.619,156.746,5556740000
USDJPY,20240607,2000,156.746,156.767,156.674,156.700,2707300000
USDJPY,20240609,2100,156.717,156.807,156.564,156.708,1694340000
USDJPY,20240609,2200,156.708,156.940,156.702,156.896,4216770000
USDJPY,20240609,2300,156.901,156.909,156.801,156.822,6048190000
USDJPY,20240610,0000,156.821,156.966,156.719,156.838,19050060000
USDJPY,20240610,0100,156.836,156.979,156.771,156.902,14244240001
USDJPY,20240610,0200,156.902,156.994,156.884,156.979,14463870002
USDJPY,20240610,0300,156.981,157.193,156.972,157.151,16101170000
USDJPY,20240610,0400,157.149,157.180,157.024,157.123,10903630000
USDJPY,20240610,0500,157.120,157.170,157.024,157.068,10488650000
USDJPY,20240610,0600,157.065,157.181,157.006,157.103,14606710000
USDJPY,20240610,0700,157.101,157.101,156.930,157.001,19963940001
USDJPY,20240610,0800,157.001,157.037,156.877,156.956,25168450010
USDJPY,20240610,0900,156.957,156.967,156.785,156.897,15464560001
USDJPY,20240610,1000,156.896,156.910,156.743,156.826,20388310000
USDJPY,20240610,1100,156.827,156.963,156.815,156.881,9391050000
USDJPY,20240610,1200,156.882,157.007,156.797,156.976,17580200000
USDJPY,20240610,1300,156.977,156.994,156.815,156.897,16125600001
USDJPY,20240610,1400,156.896,156.942,156.831,156.903,12449920000
USDJPY,20240610,1500,156.904,156.971,156.886,156.934,8714510000
USDJPY,20240610,1600,156.934,157.000,156.910,156.991,11562150000
USDJPY,20240610,1700,156.991,157.062,156.953,157.000,10251170000
USDJPY,20240610,1800,157.000,157.090,156.983,157.079,8732160000
USDJPY,20240610,1900,157.077,157.095,157.007,157.013,6324630000
USDJPY,20240610,2000,157.012,157.056,156.992,157.001,2250870000
USDJPY,20240610,2100,157.001,157.033,156.913,157.006,1746040000
USDJPY,20240610,2200,157.008,157.037,156.955,157.033,4033190000
USDJPY,20240610,2300,157.035,157.071,157.021,157.044,3519150000
USDJPY,20240611,0000,157.042,157.263,157.031,157.215,18871769999
USDJPY,20240611,0100,157.213,157.236,157.128,157.219,13362210001
USDJPY,20240611,0200,157.219,157.287,157.186,157.287,12862710000
USDJPY,20240611,0300,157.286,157.332,157.196,157.217,12142690000
USDJPY,20240611,0400,157.217,157.290,157.199,157.265,10388580000
USDJPY,20240611,0500,157.265,157.302,157.148,157.280,7556370000
USDJPY,20240611,0600,157.280,157.326,157.210,157.276,14080470000
USDJPY,20240611,0700,157.278,157.365,157.249,157.341,12050680000
USDJPY,20240611,0800,157.340,157.392,157.196,157.219,9459300000
USDJPY,20240611,0900,157.221,157.289,157.142,157.245,15520990000
USDJPY,20240611,1000,157.244,157.246,157.087,157.095,12517110000
USDJPY,20240611,1100,157.094,157.176,157.049,157.099,18310460000
USDJPY,20240611,1200,157.099,157.111,156.803,156.889,29795390000
USDJPY,20240611,1300,156.888,157.162,156.888,157.137,32060910000
USDJPY,20240611,1400,157.138,157.335,157.102,157.318,27087880000
USDJPY,20240611,1500,157.320,157.384,157.251,157.324,15602720000
USDJPY,20240611,1600,157.324,157.402,157.298,157.380,9338700000
USDJPY,20240611,1700,157.381,157.382,157.101,157.118,14306240001
USDJPY,20240611,1800,157.119,157.128,157.014,157.017,13044800000
USDJPY,20240611,1900,157.014,157.086,156.933,157.086,11224340000
USDJPY,20240611,2000,157.086,157.146,157.066,157.078,3539280000
USDJPY,20240611,2100,157.077,157.126,157.021,157.113,1965180000
USDJPY,20240611,2200,157.113,157.156,157.071,157.142,1772880000
USDJPY,20240611,2300,157.141,157.177,157.055,157.112,2513670000
USDJPY,20240612,0000,157.111,157.217,157.066,157.180,15220100000
USDJPY,20240612,0100,157.180,157.241,157.043,157.135,8700110000
USDJPY,20240612,0200,157.135,157.187,157.094,157.185,9706790001
USDJPY,20240612,0300,157.184,157.214,157.163,157.181,6863580000
USDJPY,20240612,0400,157.181,157.252,157.126,157.241,7357510000
USDJPY,20240612,0500,157.242,157.284,157.190,157.244,10987180000
USDJPY,20240612,0600,157.245,157.293,157.187,157.287,13541100000
USDJPY,20240612,0700,157.286,157.355,157.255,157.265,12170830000
USDJPY,20240612,0800,157.267,157.316,157.253,157.301,11513750000
USDJPY,20240612,0900,157.301,157.328,157.250,157.318,9476889999
USDJPY,20240612,1000,157.315,157.370,157.300,157.326,13152130000
USDJPY,20240612,1100,157.325,157.364,157.301,157.332,14601670000
USDJPY,20240612,1200,157.331,157.350,156.064,156.158,35910399999
USDJPY,20240612,1300,156.161,156.171,155.773,155.778,44671160002
USDJPY,20240612,1400,155.779,156.107,155.716,155.777,36259120000
USDJPY,20240612,1500,155.776,155.884,155.736,155.881,17707970000
USDJPY,20240612,1600,155.881,155.907,155.717,155.797,11541590004
USDJPY,20240612,1700,155.799,155.985,155.759,155.893,14002680000
USDJPY,20240612,1800,155.774,156.686,155.761,156.599,45447540000
USDJPY,20240612,1900,156.602,156.872,156.529,156.837,26132860000
USDJPY,20240612,2000,156.840,156.900,156.658,156.679,6824560000
USDJPY,20240612,2100,156.680,156.683,156.552,156.580,648330000
USDJPY,20240612,2200,156.580,156.809,156.578,156.803,3920650000
USDJPY,20240612,2300,156.802,156.857,156.702,156.801,7905580000
USDJPY,20240613,0000,156.800,156.905,156.706,156.791,17766440000
USDJPY,20240613,0100,156.792,156.863,156.694,156.830,11739360000
USDJPY,20240613,0200,156.831,157.014,156.826,156.996,14663620000
USDJPY,20240613,0300,156.995,157.053,156.970,157.005,13044130000
USDJPY,20240613,0400,157.007,157.047,156.990,157.044,13343080001
USDJPY,20240613,0500,157.044,157.195,157.044,157.080,14507580000
USDJPY,20240613,0600,157.080,157.255,157.061,157.151,18455340000
USDJPY,20240613,0700,157.151,157.306,157.118,157.276,15210660000
USDJPY,20240613,0800,157.276,157.311,157.172,157.255,16222760000
USDJPY,20240613,0900,157.255,157.284,157.153,157.184,12624460000
USDJPY,20240613,1000,157.183,157.200,157.123,157.176,10934460002
USDJPY,20240613,1100,157.175,157.265,157.159,157.210,12190020000
USDJPY,20240613,1200,157.212,157.262,156.579,157.024,40165220000
USDJPY,20240613,1300,157.025,157.268,156.963,157.184,28450200000
USDJPY,20240613,1400,157.183,157.185,156.916,156.941,30006810000
USDJPY,20240613,1500,156.942,156.998,156.751,156.773,22837730000
USDJPY,20240613,1600,156.774,156.917,156.690,156.847,18858340001
USDJPY,20240613,1700,156.847,156.947,156.720,156.935,18537170000
USDJPY,20240613,1800,156.934,156.982,156.852,156.893,11674350000
USDJPY,20240613,1900,156.892,157.074,156.890,157.060,7527390000
USDJPY,20240613,2000,157.062,157.098,156.973,156.973,5278520000
USDJPY,20240613,2100,156.972,157.009,156.951,157.001,463890000
USDJPY,20240613,2200,156.999,157.075,156.964,157.073,3112360000
USDJPY,20240613,2300,157.073,157.143,157.058,157.122,4142650000
USDJPY,20240614,0000,157.123,157.239,157.062,157.202,12506250000
USDJPY,20240614,0100,157.206,157.328,157.184,157.254,9398710000
USDJPY,20240614,0200,157.255,157.333,157.139,157.323,10612230000
USDJPY,20240614,0300,157.323,157.980,156.795,157.819,29004220000
USDJPY,20240614,0400,157.819,157.958,157.782,157.944,21529700000
USDJPY,20240614,0500,157.944,158.189,157.850,158.146,12623030000
USDJPY,20240614,0600,158.150,158.255,157.625,157.953,35868840000
USDJPY,20240614,0700,157.955,158.213,157.648,157.670,38857070000
USDJPY,20240614,0800,157.671,157.785,157.269,157.492,28878500000
USDJPY,20240614,0900,157.489,157.529,156.920,157.096,33144200000
USDJPY,20240614,1000,157.095,157.159,156.882,156.956,33931560000
USDJPY,20240614,1100,156.957,157.309,156.950,157.061,24804260000
USDJPY,20240614,1200,157.062,157.431,156.949,157.249,33999040000
USDJPY,20240614,1300,157.247,157.374,157.110,157.261,28424060000
USDJPY,20240614,1400,157.266,157.496,157.031,157.380,40296380000
USDJPY,20240614,1500,157.379,157.451,157.149,157.285,18753040000
USDJPY,20240614,1600,157.285,157.351,157.259,157.314,10194060000
USDJPY,20240614,1700,157.314,157.342,157.224,157.314,6971700000
USDJPY,20240614,1800,157.313,157.339,157.271,157.276,5819310000
USDJPY,20240614,1900,157.275,157.331,157.270,157.307,2978820000
USDJPY,20240614,2000,157.305,157.441,157.287,157.360,3356470000
USDJPY,20240616,2100,157.253,157.409,157.235,157.278,1281640000
USDJPY,20240616,2200,157.300,157.552,157.300,157.516,5163790000
USDJPY,20240616,2300,157.517,157.662,157.489,157.556,6129910000
USDJPY,20240617,0000,157.560,157.560,157.291,157.454,19135000000
USDJPY,20240617,0100,157.454,157.515,157.377,157.488,10087170000
USDJPY,20240617,0200,157.489,157.529,157.437,157.445,6815110000
USDJPY,20240617,0300,157.444,157.511,157.331,157.365,7042220000
USDJPY,20240617,0400,157.366,157.406,157.330,157.379,7455440000
USDJPY,20240617,0500,157.384,157.520,157.382,157.450,11648740000
USDJPY,20240617,0600,157.451,157.477,157.155,157.350,21854750000
USDJPY,20240617,0700,157.350,157.558,157.280,157.550,19632500000
USDJPY,20240617,0800,157.551,157.688,157.540,157.649,15160770000
USDJPY,20240617,0900,157.649,157.699,157.598,157.654,11934300000
USDJPY,20240617,1000,157.653,157.678,157.544,157.632,13301290000
USDJPY,20240617,1100,157.629,157.867,157.624,157.846,15311870000
USDJPY,20240617,1200,157.845,157.940,157.794,157.892,24721450000
USDJPY,20240617,1300,157.892,157.933,157.783,157.889,17479790000
USDJPY,20240617,1400,157.888,157.959,157.829,157.855,15799360000
USDJPY,20240617,1500,157.856,157.891,157.782,157.808,13957980000
USDJPY,20240617,1600,157.807,157.813,157.728,157.785,9835650000
USDJPY,20240617,1700,157.785,157.792,157.730,157.748,6275990000
USDJPY,20240617,1800,157.747,157.749,157.679,157.701,8059260000
USDJPY,20240617,1900,157.700,157.753,157.695,157.730,5967470000
USDJPY,20240617,2000,157.730,157.731,157.698,157.698,1618920000
USDJPY,20240617,2100,157.708,157.730,157.613,157.728,726150000
USDJPY,20240617,2200,157.728,157.731,157.651,157.705,1032120000
USDJPY,20240617,2300,157.706,157.733,157.634,157.695,2613540000
USDJPY,20240618,0000,157.695,157.729,157.602,157.680,11036840000
USDJPY,20240618,0100,157.682,157.708,157.515,157.588,7890620000
USDJPY,20240618,0200,157.588,157.663,157.552,157.649,5377690000
USDJPY,20240618,0300,157.652,157.658,157.581,157.638,4567730000
USDJPY,20240618,0400,157.637,157.732,157.581,157.716,5535190000
USDJPY,20240618,0500,157.714,157.859,157.664,157.836,9373080000
USDJPY,20240618,0600,157.837,157.986,157.822,157.963,16231310000
USDJPY,20240618,0700,157.964,158.132,157.926,158.129,18269560000
USDJPY,20240618,0800,158.130,158.229,158.070,158.149,16526480000
USDJPY,20240618,0900,158.150,158.157,157.994,158.097,14739190000
USDJPY,20240618,1000,158.098,158.154,158.067,158.104,9316050000
USDJPY,20240618,1100,158.104,158.149,158.026,158.085,8896980000
USDJPY,20240618,1200,158.083,158.125,157.624,157.833,18719770000
USDJPY,20240618,1300,157.833,157.894,157.663,157.799,12847710000
USDJPY,20240618,1400,157.797,158.007,157.759,157.969,12013740000
USDJPY,20240618,1500,157.969,158.004,157.745,157.816,13255520000
USDJPY,20240618,1600,157.815,157.841,157.697,157.710,8763120000
USDJPY,20240618,1700,157.711,157.873,157.637,157.857,9645860000
USDJPY,20240618,1800,157.859,157.896,157.769,157.797,5708910000
USDJPY,20240618,1900,157.795,157.863,157.750,157.861,5362380000
USDJPY,20240618,2000,157.862,157.876,157.828,157.833,1269290000
USDJPY,20240618,2100,157.834,157.853,157.792,157.821,1385420000
USDJPY,20240618,2200,157.818,157.888,157.792,157.858,2314390000
USDJPY,20240618,2300,157.860,157.864,157.808,157.864,3669270000
USDJPY,20240619,0000,157.870,157.923,157.850,157.880,6303230000
USDJPY,20240619,0100,157.878,157.891,157.722,157.765,9297590000
USDJPY,20240619,0200,157.766,157.833,157.731,157.828,7894310000
USDJPY,20240619,0300,157.832,157.865,157.806,157.855,3808440000
USDJPY,20240619,0400,157.856,157.868,157.816,157.850,4888090000
USDJPY,20240619,0500,157.850,157.862,157.772,157.785,8705630000
USDJPY,20240619,0600,157.785,157.834,157.642,157.665,12967740000
USDJPY,20240619,0700,157.665,157.772,157.602,157.745,13322920000
USDJPY,20240619,0800,157.746,157.799,157.735,157.799,7454330000
USDJPY,20240619,0900,157.798,157.861,157.793,157.851,3963640000
USDJPY,20240619,1000,157.851,157.908,157.818,157.832,7493460000
USDJPY,20240619,1100,157.831,157.906,157.831,157.903,4987230000
USDJPY,20240619,1200,157.905,157.950,157.872,157.881,7086600000
USDJPY,20240619,1300,157.881,157.907,157.872,157.886,6595860000
USDJPY,20240619,1400,157.887,157.910,157.869,157.898,3129370000
USDJPY,20240619,1500,157.899,157.943,157.889,157.931,4103730000
USDJPY,20240619,1600,157.930,157.944,157.894,157.932,1679520000
USDJPY,20240619,1700,157.933,157.952,157.921,157.941,3269250000
USDJPY,20240619,1800,157.940,158.022,157.938,158.018,1945800000
USDJPY,20240619,1900,158.019,158.043,157.993,158.007,2066790000
USDJPY,20240619,2000,158.005,158.131,157.998,158.069,3122530000
USDJPY,20240619,2100,158.071,158.073,157.773,157.994,1634460000
USDJPY,20240619,2200,157.994,158.052,157.960,158.003,3089110000
USDJPY,20240619,2300,158.003,158.024,157.920,157.956,4228340000
USDJPY,20240620,0000,157.955,158.089,157.954,158.030,12084200000
USDJPY,20240620,0100,158.029,158.116,157.975,158.052,8405870000
USDJPY,20240620,0200,158.053,158.098,158.049,158.078,3576660000
USDJPY,20240620,0300,158.077,158.139,158.061,158.078,2826270000
USDJPY,20240620,0400,158.078,158.160,158.077,158.145,6252140000
USDJPY,20240620,0500,158.144,158.191,158.076,158.094,7596360000
USDJPY,20240620,0600,158.097,158.188,158.067,158.123,11205410000
USDJPY,20240620,0700,158.124,158.278,158.051,158.273,17142690000
USDJPY,20240620,0800,158.270,158.467,158.269,158.436,28373510000
USDJPY,20240620,0900,158.437,158.461,158.371,158.451,11315730000
USDJPY,20240620,1000,158.451,158.470,158.389,158.420,10552060000
USDJPY,20240620,1100,158.417,158.445,158.370,158.430,7477830000
USDJPY,20240620,1200,158.430,158.549,158.244,158.545,20830160000
USDJPY,20240620,1300,158.545,158.726,158.496,158.709,22858130000
USDJPY,20240620,1400,158.709,158.744,158.635,158.725,14332780000
USDJPY,20240620,1500,158.728,158.779,158.668,158.775,8204170000
USDJPY,20240620,1600,158.773,158.909,158.747,158.860,6752190000
USDJPY,20240620,1700,158.858,158.908,158.820,158.885,8209870000
USDJPY,20240620,1800,158.884,158.894,158.695,158.799,6853740000
USDJPY,20240620,1900,158.798,158.910,158.798,158.908,5452800000
USDJPY,20240620,2000,158.906,158.934,158.870,158.895,1885340000
USDJPY,20240620,2100,158.893,158.931,158.879,158.901,539310000
USDJPY,20240620,2200,158.901,158.939,158.883,158.895,3308970000
USDJPY,20240620,2300,158.896,158.950,158.815,158.935,4938670000
USDJPY,20240621,0000,158.936,159.125,158.899,159.104,11780110000
USDJPY,20240621,0100,159.104,159.113,158.906,158.959,16726150000
USDJPY,20240621,0200,158.961,158.979,158.822,158.952,8291620000
USDJPY,20240621,0300,158.952,158.962,158.870,158.886,7782950000
USDJPY,20240621,0400,158.887,158.910,158.868,158.883,2907540000
USDJPY,20240621,0500,158.885,158.966,158.816,158.950,6505080000
USDJPY,20240621,0600,158.950,159.001,158.912,158.961,12299370000
USDJPY,20240621,0700,158.962,158.999,158.669,158.774,21214760000
USDJPY,20240621,0800,158.771,158.854,158.675,158.830,10669160000
USDJPY,20240621,0900,158.830,158.907,158.779,158.903,8266880000
USDJPY,20240621,1000,158.899,159.017,158.886,159.003,10805280000
USDJPY,20240621,1100,159.004,159.016,158.898,158.900,7079780000
USDJPY,20240621,1200,158.899,158.998,158.850,158.927,15860090000
USDJPY,20240621,1300,158.927,159.209,158.913,159.149,19496550000
USDJPY,20240621,1400,159.150,159.598,159.135,159.575,30522210000
USDJPY,20240621,1500,159.578,159.628,159.398,159.450,23438870000
USDJPY,20240621,1600,159.451,159.502,159.412,159.475,12361330000
USDJPY,20240621,1700,159.475,159.592,159.450,159.577,10419450000
USDJPY,20240621,1800,159.577,159.602,159.522,159.539,8676000000
USDJPY,20240621,1900,159.538,159.605,159.525,159.603,4132620000
USDJPY,20240621,2000,159.604,159.835,159.567,159.765,3369120000
USDJPY,20240623,2100,159.751,159.764,159.596,159.681,809400000
USDJPY,20240623,2200,159.681,159.785,159.650,159.708,3684150000
USDJPY,20240623,2300,159.714,159.905,159.683,159.897,5200400000
USDJPY,20240624,0000,159.897,159.927,159.777,159.796,7501940000
USDJPY,20240624,0100,159.796,159.832,159.641,159.689,9150590000
USDJPY,20240624,0200,159.689,159.736,159.639,159.703,5440560000
USDJPY,20240624,0300,159.705,159.743,159.620,159.699,4027590000
USDJPY,20240624,0400,159.700,159.765,159.684,159.752,4920640000
USDJPY,20240624,0500,159.756,159.816,159.710,159.713,4815110000
USDJPY,20240624,0600,159.713,159.765,159.666,159.675,7157080000
USDJPY,20240624,0700,159.675,159.732,159.646,159.688,9878950000
USDJPY,20240624,0800,159.687,159.786,159.663,159.784,9233400000
USDJPY,20240624,0900,159.786,159.807,159.589,159.641,22593300000
USDJPY,20240624,1000,159.645,159.646,158.740,159.507,30403830000
USDJPY,20240624,1100,159.506,159.570,159.342,159.463,14235250000
USDJPY,20240624,1200,159.462,159.556,159.341,159.392,9970800000
USDJPY,20240624,1300,159.392,159.507,159.323,159.445,25313810000
USDJPY,20240624,1400,159.445,159.735,159.370,159.720,21341600000
USDJPY,20240624,1500,159.720,159.754,159.630,159.711,15989600000
USDJPY,20240624,1600,159.712,159.758,159.637,159.729,6741720000
USDJPY,20240624,1700,159.728,159.734,159.684,159.710,4069070000
USDJPY,20240624,1800,159.708,159.709,159.539,159.633,6554950000
USDJPY,20240624,1900,159.632,159.717,159.615,159.641,9483260000
USDJPY,20240624,2000,159.646,159.656,159.557,159.568,1726000000
USDJPY,20240624,2100,159.516,159.606,159.516,159.583,952380000
USDJPY,20240624,2200,159.583,159.645,159.550,159.642,4827970000
USDJPY,20240624,2300,159.642,159.703,159.617,159.697,4289250000
USDJPY,20240625,0000,159.700,159.701,159.339,159.390,17658920000
USDJPY,20240625,0100,159.393,159.503,159.186,159.400,21145310000
USDJPY,20240625,0200,159.401,159.443,159.310,159.326,9466440000
USDJPY,20240625,0300,159.325,159.496,159.323,159.482,5879070000
USDJPY,20240625,0400,159.480,159.506,159.410,159.430,8535140000
USDJPY,20240625,0500,159.429,159.454,159.273,159.452,9240420000
USDJPY,20240625,0600,159.455,159.502,159.380,159.471,11145020000
USDJPY,20240625,0700,159.478,159.549,159.371,159.485,16035040000
USDJPY,20240625,0800,159.485,159.519,159.420,159.475,16873680000
USDJPY,20240625,0900,159.476,159.517,159.424,159.440,9616420000
USDJPY,20240625,1000,159.439,159.440,159.290,159.429,13502710000
USDJPY,20240625,1100,159.428,159.478,159.416,159.460,7549290000
USDJPY,20240625,1200,159.460,159.670,159.428,159.666,11840640000
USDJPY,20240625,1300,159.667,159.700,159.563,159.631,15183190000
USDJPY,20240625,1400,159.627,159.722,159.586,159.689,22202300000
USDJPY,20240625,1500,159.689,159.756,159.661,159.682,12572210000
USDJPY,20240625,1600,159.681,159.746,159.675,159.745,8737920000
USDJPY,20240625,1700,159.745,159.746,159.652,159.730,7849080000
USDJPY,20240625,1800,159.728,159.728,159.664,159.670,11288640000
USDJPY,20240625,1900,159.671,159.671,159.603,159.623,5778440000
USDJPY,20240625,2000,159.622,159.698,159.620,159.652,1739910000
USDJPY,20240625,2100,159.652,159.675,159.617,159.649,1219500000
USDJPY,20240625,2200,159.647,159.672,159.607,159.671,1890750000
USDJPY,20240625,2300,159.672,159.707,159.614,159.699,5797040000
USDJPY,20240626,0000,159.700,159.760,159.663,159.718,14690690000
USDJPY,20240626,0100,159.718,159.900,159.693,159.780,10215390000
USDJPY,20240626,0200,159.777,159.873,159.754,159.832,8906300000
USDJPY,20240626,0300,159.837,159.871,159.783,159.833,6500400000
USDJPY,20240626,0400,159.833,159.855,159.741,159.751,5520020000
USDJPY,20240626,0500,159.752,159.834,159.749,159.818,5650910000
USDJPY,20240626,0600,159.816,159.852,159.792,159.821,8200570000
USDJPY,20240626,0700,159.820,159.929,159.817,159.897,11495320000
USDJPY,20240626,0800,159.897,159.969,159.869,159.957,6032550000
USDJPY,20240626,0900,159.955,160.058,159.854,159.982,15867670000
USDJPY,20240626,1000,159.989,160.346,159.989,160.300,24205840000
USDJPY,20240626,1100,160.302,160.394,160.204,160.303,21252840000
USDJPY,20240626,1200,160.305,160.384,160.280,160.349,16195300000
USDJPY,20240626,1300,160.351,160.625,160.012,160.494,32331030000
USDJPY,20240626,1400,160.498,160.642,160.431,160.612,22284020000
USDJPY,20240626,1500,160.608,160.821,160.590,160.682,13468280000
USDJPY,20240626,1600,160.682,160.773,160.601,160.637,13936640000
USDJPY,20240626,1700,160.638,160.672,160.590,160.634,10788420000
USDJPY,20240626,1800,160.635,160.738,160.635,160.700,10169020000
USDJPY,20240626,1900,160.702,160.843,160.686,160.792,3663360000
USDJPY,20240626,2000,160.795,160.865,160.769,160.789,3279310000
USDJPY,20240626,2100,160.789,160.789,160.711,160.759,647610000
USDJPY,20240626,2200,160.759,160.759,160.658,160.696,2617520000
USDJPY,20240626,2300,160.696,160.708,160.588,160.627,4753900000
USDJPY,20240627,0000,160.627,160.705,160.496,160.691,19555890000
USDJPY,20240627,0100,160.693,160.716,160.393,160.492,15997810000
USDJPY,20240627,0200,160.493,160.506,160.380,160.457,7041670000
USDJPY,20240627,0300,160.458,160.487,160.393,160.429,8820350000
USDJPY,20240627,0400,160.429,160.431,160.301,160.335,14976110000
USDJPY,20240627,0500,160.334,160.463,160.309,160.403,12688350000
USDJPY,20240627,0600,160.402,160.494,160.319,160.419,12855430000
USDJPY,20240627,0700,160.421,160.561,160.391,160.546,14065650000
USDJPY,20240627,0800,160.548,160.605,160.505,160.553,11974200000
USDJPY,20240627,0900,160.554,160.569,160.475,160.489,11575930000
USDJPY,20240627,1000,160.488,160.491,160.391,160.435,9757350000
USDJPY,20240627,1100,160.435,160.547,160.413,160.546,8271780000
USDJPY,20240627,1200,160.547,160.548,160.280,160.399,25566720000
USDJPY,20240627,1300,160.400,160.545,160.358,160.525,25889500000
USDJPY,20240627,1400,160.524,160.669,160.418,160.592,19263280000
USDJPY,20240627,1500,160.592,160.728,160.566,160.700,12730120000
USDJPY,20240627,1600,160.700,160.736,160.676,160.713,10831690000
USDJPY,20240627,1700,160.707,160.728,160.665,160.725,9320860000
USDJPY,20240627,1800,160.724,160.812,160.709,160.766,11057780000
USDJPY,20240627,1900,160.764,160.822,160.750,160.819,6736710000
USDJPY,20240627,2000,160.819,160.819,160.736,160.737,2082590000
USDJPY,20240627,2100,160.724,160.754,160.672,160.737,2013420000
USDJPY,20240627,2200,160.738,160.765,160.691,160.717,4907830000
USDJPY,20240627,2300,160.716,160.757,160.630,160.703,7805900000
USDJPY,20240628,0000,160.704,161.144,160.649,161.120,18386270000
USDJPY,20240628,0100,161.121,161.282,160.946,161.063,25591380000
USDJPY,20240628,0200,161.060,161.093,160.838,160.934,21625560000
USDJPY,20240628,0300,160.934,161.010,160.851,160.987,8736440000
USDJPY,20240628,0400,160.985,161.130,160.983,161.038,10658150000
USDJPY,20240628,0500,161.039,161.046,160.899,160.939,13495430000
USDJPY,20240628,0600,160.941,160.989,160.879,160.933,13536000000
USDJPY,20240628,0700,160.933,161.059,160.837,160.925,18280730000
USDJPY,20240628,0800,160.927,160.962,160.855,160.911,16885260000
USDJPY,20240628,0900,160.912,160.920,160.656,160.686,17316380000
USDJPY,20240628,1000,160.685,160.737,160.460,160.462,18197280000
USDJPY,20240628,1100,160.462,160.659,160.433,160.647,16264860000
USDJPY,20240628,1200,160.648,160.662,160.360,160.511,21449010000
USDJPY,20240628,1300,160.514,160.514,160.261,160.461,27515190000
USDJPY,20240628,1400,160.461,160.865,160.383,160.830,41106770000
USDJPY,20240628,1500,160.827,160.963,160.801,160.882,23019950000
USDJPY,20240628,1600,160.881,160.888,160.805,160.850,12480310000
USDJPY,20240628,1700,160.849,160.903,160.756,160.796,6742920000
USDJPY,20240628,1800,160.795,160.819,160.704,160.804,5047770000
USDJPY,20240628,1900,160.803,160.884,160.794,160.861,5819390000
USDJPY,20240628,2000,160.861,160.944,160.802,160.802,4143220000
USDJPY,20240630,2100,160.811,160.893,160.683,160.817,525780000
USDJPY,20240630,2200,160.817,160.941,160.798,160.817,4922180000
USDJPY,20240630,2300,160.814,160.934,160.776,160.922,5982330000
USDJPY,20240701,0000,160.922,161.186,160.737,160.991,14810860000
USDJPY,20240701,0100,160.992,161.035,160.838,160.921,19444250000
USDJPY,20240701,0200,160.924,160.938,160.838,160.896,9572020000
USDJPY,20240701,0300,160.896,161.072,160.896,161.050,9378060000
USDJPY,20240701,0400,161.049,161.083,160.974,161.072,7519340000
USDJPY,20240701,0500,161.076,161.121,160.994,161.037,5937900000
USDJPY,20240701,0600,161.035,161.051,160.903,160.903,14657600000
USDJPY,20240701,0700,160.902,161.073,160.867,161.012,21289920001
USDJPY,20240701,0800,161.013,161.091,160.950,161.009,10608970000
USDJPY,20240701,0900,161.009,161.073,160.969,161.066,5681740000
USDJPY,20240701,1000,161.065,161.148,161.032,161.123,6955530000
USDJPY,20240701,1100,161.125,161.134,161.074,161.099,3655410000
USDJPY,20240701,1200,161.100,161.389,161.099,161.352,14418470000
USDJPY,20240701,1300,161.353,161.456,161.275,161.344,22463080000
USDJPY,20240701,1400,161.344,161.667,160.959,161.655,33351280000
USDJPY,20240701,1500,161.654,161.728,161.533,161.557,17900760000
USDJPY,20240701,1600,161.556,161.598,161.475,161.521,7630050000
USDJPY,20240701,1700,161.519,161.519,161.404,161.498,5901050000
USDJPY,20240701,1800,161.496,161.565,161.468,161.518,6351150000
USDJPY,20240701,1900,161.519,161.521,161.458,161.473,10825920000
USDJPY,20240701,2000,161.475,161.486,161.404,161.421,3035340000
USDJPY,20240701,2100,161.421,161.539,161.363,161.445,1275150000
USDJPY,20240701,2200,161.443,161.490,161.404,161.433,2976540000
USDJPY,20240701,2300,161.433,161.517,161.417,161.513,3103800000
USDJPY,20240702,0000,161.513,161.641,161.502,161.524,8130860000
USDJPY,20240702,0100,161.521,161.663,161.458,161.635,10076230000
USDJPY,20240702,0200,161.637,161.638,161.534,161.617,9242690000
USDJPY,20240702,0300,161.618,161.678,161.616,161.659,5287970000
USDJPY,20240702,0400,161.660,161.742,161.594,161.677,8178250000
USDJPY,20240702,0500,161.676,161.726,161.625,161.708,3515680000
USDJPY,20240702,0600,161.704,161.722,161.587,161.674,11255180000
USDJPY,20240702,0700,161.673,161.718,161.597,161.658,12682220000
USDJPY,20240702,0800,161.657,161.695,161.556,161.589,12850600000
USDJPY,20240702,0900,161.589,161.667,161.561,161.666,4248390000
USDJPY,20240702,1000,161.667,161.688,161.602,161.611,4577440000
USDJPY,20240702,1100,161.610,161.672,161.589,161.623,3488000000
USDJPY,20240702,1200,161.623,161.623,161.480,161.511,12145660000
USDJPY,20240702,1300,161.512,161.552,161.266,161.377,23244360000
USDJPY,20240702,1400,161.375,161.621,161.300,161.439,29113030000
USDJPY,20240702,1500,161.438,161.559,161.408,161.534,7425740000
USDJPY,20240702,1600,161.535,161.603,161.532,161.574,4900150000
USDJPY,20240702,1700,161.576,161.586,161.512,161.523,4515210000
USDJPY,20240702,1800,161.524,161.531,161.454,161.490,6748290000
USDJPY,20240702,1900,161.489,161.496,161.422,161.457,4528050000
USDJPY,20240702,2000,161.455,161.478,161.407,161.410,2231840000
USDJPY,20240702,2100,161.411,161.460,161.388,161.426,1637160000
USDJPY,20240702,2200,161.422,161.450,161.381,161.420,2036460000
USDJPY,20240702,2300,161.422,161.523,161.416,161.488,3247040000
USDJPY,20240703,0000,161.489,161.579,161.442,161.563,10713890000
USDJPY,20240703,0100,161.563,161.642,161.519,161.629,6527740000
USDJPY,20240703,0200,161.629,161.647,161.564,161.644,5945550000
USDJPY,20240703,0300,161.644,161.655,161.619,161.629,4358610000
USDJPY,20240703,0400,161.628,161.740,161.609,161.714,7544790000
USDJPY,20240703,0500,161.714,161.893,161.698,161.868,8119340000
USDJPY,20240703,0600,161.867,161.938,161.671,161.809,13252720000
USDJPY,20240703,0700,161.811,161.900,161.723,161.766,14170820000
USDJPY,20240703,0800,161.766,161.855,161.759,161.845,14019870000
USDJPY,20240703,0900,161.845,161.895,161.799,161.866,9267510000
USDJPY,20240703,1000,161.866,161.949,161.845,161.936,8102490000
USDJPY,20240703,1100,161.938,161.949,161.893,161.919,8877390000
USDJPY,20240703,1200,161.921,161.931,161.793,161.821,11195010000
USDJPY,20240703,1300,161.820,161.830,161.595,161.694,19717830000
USDJPY,20240703,1400,161.681,161.681,160.768,161.331,40057880000
USDJPY,20240703,1500,161.332,161.543,161.265,161.481,20621000000
USDJPY,20240703,1600,161.481,161.573,161.401,161.534,14250130000
USDJPY,20240703,1700,161.537,161.558,161.484,161.484,4952700000
USDJPY,20240703,1800,161.488,161.703,161.466,161.664,7777900000
USDJPY,20240703,1900,161.661,161.738,161.635,161.702,3386430000
USDJPY,20240703,2000,161.704,161.750,161.640,161.683,2477400000
USDJPY,20240703,2100,161.647,161.656,161.523,161.543,1920300000
USDJPY,20240703,2200,161.541,161.633,161.521,161.599,1620810000
USDJPY,20240703,2300,161.599,161.673,161.572,161.586,3205750000
USDJPY,20240704,0000,161.585,161.601,161.370,161.439,10424010000
USDJPY,20240704,0100,161.441,161.463,161.134,161.370,18957770000
USDJPY,20240704,0200,161.369,161.451,161.318,161.447,4416120000
USDJPY,20240704,0300,161.449,161.562,161.380,161.530,4822350000
USDJPY,20240704,0400,161.531,161.572,161.467,161.498,3090460000
USDJPY,20240704,0500,161.497,161.552,161.448,161.480,4242280000
USDJPY,20240704,0600,161.480,161.481,161.335,161.349,10234490000
USDJPY,20240704,0700,161.349,161.456,161.265,161.281,11107430000
USDJPY,20240704,0800,161.281,161.324,161.192,161.243,13496730000
USDJPY,20240704,0900,161.244,161.308,161.242,161.253,9357950000
USDJPY,20240704,1000,161.252,161.262,161.054,161.062,4365610000
USDJPY,20240704,1100,161.061,161.097,160.946,161.001,11207500000
USDJPY,20240704,1200,160.999,161.180,160.947,161.136,13970400000
USDJPY,20240704,1300,161.137,161.194,161.093,161.158,5161920000
USDJPY,20240704,1400,161.157,161.183,160.962,161.060,9649350000
USDJPY,20240704,1500,161.059,161.167,161.055,161.139,5770760000
USDJPY,20240704,1600,161.141,161.171,161.114,161.131,2625950000
USDJPY,20240704,1700,161.133,161.152,161.110,161.152,1843050000
USDJPY,20240704,1800,161.152,161.254,161.152,161.245,3453780000
USDJPY,20240704,1900,161.243,161.246,161.170,161.211,4283940000
USDJPY,20240704,2000,161.212,161.323,161.210,161.212,5475930000
USDJPY,20240704,2100,161.225,161.299,161.191,161.222,3222050000
USDJPY,20240704,2200,161.222,161.285,161.191,161.269,2874760000
USDJPY,20240704,2300,161.268,161.395,161.257,161.360,3639510000
USDJPY,20240705,0000,161.361,161.394,160.820,161.073,12222880000
USDJPY,20240705,0100,161.073,161.143,160.878,161.014,13848310000
USDJPY,20240705,0200,161.015,161.065,160.927,160.961,8528520000
USDJPY,20240705,0300,160.964,160.984,160.530,160.614,11896730000
USDJPY,20240705,0400,160.613,160.672,160.530,160.643,5743000000
USDJPY,20240705,0500,160.643,160.783,160.641,160.679,5719680000
USDJPY,20240705,0600,160.677,160.802,160.570,160.769,8655710000
USDJPY,20240705,0700,160.770,160.852,160.651,160.771,14053430000
USDJPY,20240705,0800,160.770,160.823,160.632,160.737,11238230000
USDJPY,20240705,0900,160.734,160.766,160.613,160.697,7955480000
USDJPY,20240705,1000,160.698,160.832,160.651,160.801,5711030000
USDJPY,20240705,1100,160.803,160.880,160.771,160.820,7450950000
USDJPY,20240705,1200,160.819,161.159,160.330,160.942,32865340000
USDJPY,20240705,1300,160.941,161.326,160.780,161.264,31896930000
USDJPY,20240705,1400,161.264,161.329,160.896,160.962,21550120000
USDJPY,20240705,1500,160.961,161.019,160.629,160.731,18493010000
USDJPY,20240705,1600,160.730,160.948,160.706,160.885,11238310000
USDJPY,20240705,1700,160.883,160.910,160.810,160.848,8909790000
USDJPY,20240705,1800,160.849,160.849,160.708,160.719,10876740000
USDJPY,20240705,1900,160.719,160.773,160.708,160.766,6967260000
USDJPY,20240705,2000,160.766,160.837,160.715,160.719,3867600000
USDJPY,20240707,2100,160.721,160.819,160.670,160.745,805200000
USDJPY,20240707,2200,160.757,160.773,160.661,160.767,5195290000
USDJPY,20240707,2300,160.767,160.813,160.575,160.638,8728200000
USDJPY,20240708,0000,160.637,160.730,160.561,160.610,19707520000
USDJPY,20240708,0100,160.610,160.714,160.390,160.410,18627570000
USDJPY,20240708,0200,160.411,160.480,160.260,160.369,16301850000
USDJPY,20240708,0300,160.371,160.553,160.354,160.486,9996530000
USDJPY,20240708,0400,160.486,160.579,160.472,160.538,8365750000
USDJPY,20240708,0500,160.539,160.698,160.528,160.696,9977020000
USDJPY,20240708,0600,160.696,160.865,160.539,160.835,20463100000
USDJPY,20240708,0700,160.834,160.956,160.781,160.897,22828440000
USDJPY,20240708,0800,160.899,161.117,160.886,161.091,11150080000
USDJPY,20240708,0900,161.092,161.101,161.003,161.037,13180680000
USDJPY,20240708,1000,161.036,161.037,160.919,160.934,10822980000
USDJPY,20240708,1100,160.935,161.056,160.868,161.012,10457100000
USDJPY,20240708,1200,161.011,161.020,160.663,160.689,24057040000
USDJPY,20240708,1300,160.691,160.811,160.587,160.657,27486000000
USDJPY,20240708,1400,160.655,160.659,160.474,160.615,17677120000
USDJPY,20240708,1500,160.616,160.815,160.592,160.777,23396550000
USDJPY,20240708,1600,160.777,160.792,160.729,160.729,11523510000
USDJPY,20240708,1700,160.729,160.745,160.690,160.719,8442960000
USDJPY,20240708,1800,160.719,160.818,160.713,160.788,12211950000
USDJPY,20240708,1900,160.789,160.797,160.737,160.791,9991110000
USDJPY,20240708,2000,160.793,160.835,160.773,160.796,1606460000
USDJPY,20240708,2100,160.796,160.807,160.756,160.764,404190000
USDJPY,20240708,2200,160.764,160.812,160.764,160.785,1668500000
USDJPY,20240708,2300,160.786,160.872,160.728,160.859,4670450000
USDJPY,20240709,0000,160.859,160.919,160.763,160.892,14825580000
USDJPY,20240709,0100,160.891,161.019,160.853,160.978,8653510000
USDJPY,20240709,0200,160.976,161.131,160.955,161.003,11642780000
USDJPY,20240709,0300,161.003,161.098,160.908,161.050,9373940000
USDJPY,20240709,0400,161.051,161.060,160.903,160.960,11472840000
USDJPY,20240709,0500,160.960,161.002,160.903,160.904,9290200000
USDJPY,20240709,0600,160.903,160.932,160.795,160.825,10098390000
USDJPY,20240709,0700,160.825,160.942,160.739,160.924,12821890000
USDJPY,20240709,0800,160.922,161.077,160.887,161.052,10762460000
USDJPY,20240709,0900,161.052,161.077,160.973,161.045,9077520000
USDJPY,20240709,1000,161.045,161.053,160.958,161.015,11001070000
USDJPY,20240709,1100,161.015,161.178,161.015,161.119,5401720000
USDJPY,20240709,1200,161.118,161.162,161.028,161.128,8085000000
USDJPY,20240709,1300,161.129,161.147,160.972,161.015,14967920000
USDJPY,20240709,1400,161.016,161.384,160.891,161.361,45503320000
USDJPY,20240709,1500,161.362,161.515,161.306,161.398,16365470000
USDJPY,20240709,1600,161.398,161.405,161.311,161.322,11904620000
USDJPY,20240709,1700,161.319,161.339,161.227,161.316,11532580000
USDJPY,20240709,1800,161.316,161.338,161.265,161.312,6517110000
USDJPY,20240709,1900,161.311,161.311,161.252,161.284,6890580000
USDJPY,20240709,2000,161.287,161.316,161.268,161.270,2146170000
USDJPY,20240709,2100,161.276,161.289,161.244,161.271,802890000
USDJPY,20240709,2200,161.268,161.340,161.254,161.325,1740260000
USDJPY,20240709,2300,161.325,161.365,161.317,161.330,4352280000
USDJPY,20240710,0000,161.329,161.512,161.301,161.466,10003850000
USDJPY,20240710,0100,161.466,161.584,161.451,161.537,4734990000
USDJPY,20240710,0200,161.537,161.591,161.475,161.506,6708810000
USDJPY,20240710,0300,161.505,161.506,161.402,161.430,5055230000
USDJPY,20240710,0400,161.430,161.471,161.407,161.442,5581550000
USDJPY,20240710,0500,161.441,161.561,161.427,161.499,5790350000
USDJPY,20240710,0600,161.499,161.500,161.354,161.366,11576830000
USDJPY,20240710,0700,161.365,161.500,161.339,161.496,18964810000
USDJPY,20240710,0800,161.496,161.536,161.425,161.511,14435790000
USDJPY,20240710,0900,161.513,161.611,161.512,161.584,13850180000
USDJPY,20240710,1000,161.585,161.606,161.504,161.543,13620700000
USDJPY,20240710,1100,161.545,161.548,161.454,161.482,11466420000
USDJPY,20240710,1200,161.482,161.511,161.429,161.449,9793920000
USDJPY,20240710,1300,161.450,161.600,161.426,161.597,13522210000
USDJPY,20240710,1400,161.597,161.685,161.541,161.660,20500660000
USDJPY,20240710,1500,161.661,161.753,161.626,161.737,14809380000
USDJPY,20240710,1600,161.736,161.743,161.655,161.689,8411370000
USDJPY,20240710,1700,161.690,161.765,161.647,161.746,10226290000
USDJPY,20240710,1800,161.745,161.804,161.744,161.775,6072490000
USDJPY,20240710,1900,161.778,161.788,161.731,161.734,6335610000
USDJPY,20240710,2000,161.734,161.749,161.662,161.664,3106610000
USDJPY,20240710,2100,161.664,161.664,161.553,161.564,311130000
USDJPY,20240710,2200,161.565,161.628,161.565,161.594,1787940000
USDJPY,20240710,2300,161.592,161.638,161.555,161.592,1513780000
USDJPY,20240711,0000,161.594,161.614,161.476,161.564,7574830000
USDJPY,20240711,0100,161.564,161.660,161.556,161.583,7233410000
USDJPY,20240711,0200,161.582,161.666,161.534,161.653,4520380000
USDJPY,20240711,0300,161.651,161.682,161.619,161.634,8630640000
USDJPY,20240711,0400,161.637,161.692,161.619,161.685,5578680000
USDJPY,20240711,0500,161.686,161.718,161.665,161.692,6309950000
USDJPY,20240711,0600,161.695,161.750,161.688,161.729,8732110000
USDJPY,20240711,0700,161.732,161.758,161.540,161.633,14163000000
USDJPY,20240711,0800,161.633,161.633,161.502,161.531,7770500000
USDJPY,20240711,0900,161.531,161.556,161.471,161.548,6383310000
USDJPY,20240711,1000,161.546,161.582,161.506,161.546,7169550000
USDJPY,20240711,1100,161.547,161.589,161.534,161.538,5488140000
USDJPY,20240711,1200,161.538,161.621,158.352,158.638,41508280000
USDJPY,20240711,1300,158.646,158.968,157.409,158.598,55932110012
USDJPY,20240711,1400,158.597,158.792,158.349,158.554,29075680000
USDJPY,20240711,1500,158.554,158.635,158.451,158.582,15273830000
USDJPY,20240711,1600,158.582,158.644,158.532,158.567,10611420000
USDJPY,20240711,1700,158.568,158.893,158.554,158.808,9178840000
USDJPY,20240711,1800,158.806,158.871,158.709,158.735,9881970000
USDJPY,20240711,1900,158.735,158.832,158.729,158.821,10739690000
USDJPY,20240711,2000,158.824,158.913,158.768,158.775,4049590000
USDJPY,20240711,2100,158.808,158.939,158.798,158.932,549120000
USDJPY,20240711,2200,158.939,159.281,158.900,159.260,8071710000
USDJPY,20240711,2300,159.261,159.445,157.747,158.273,25209670000
USDJPY,20240712,0000,158.275,159.132,157.974,159.077,26966480000
USDJPY,20240712,0100,159.075,159.383,159.065,159.359,16266360000
USDJPY,20240712,0200,159.358,159.384,158.749,159.307,12163450000
USDJPY,20240712,0300,159.304,159.333,159.150,159.231,9310420000
USDJPY,20240712,0400,159.230,159.234,159.028,159.109,8438040000
USDJPY,20240712,0500,159.109,159.137,158.866,159.038,9997640000
USDJPY,20240712,0600,159.036,159.214,158.956,159.135,11991400000
USDJPY,20240712,0700,159.135,159.318,159.112,159.217,9612780000
USDJPY,20240712,0800,159.218,159.262,159.030,159.102,9611800000
USDJPY,20240712,0900,159.102,159.217,159.044,159.176,8367160000
USDJPY,20240712,1000,159.176,159.254,159.111,159.111,6039620000
USDJPY,20240712,1100,159.110,159.141,158.934,158.972,7845120000
USDJPY,20240712,1200,158.974,159.155,158.508,158.808,37944560000
USDJPY,20240712,1300,158.807,158.840,157.359,158.299,44883170000
USDJPY,20240712,1400,158.298,158.349,157.387,157.716,40249700000
USDJPY,20240712,1500,157.716,158.092,157.505,157.901,20518410000
USDJPY,20240712,1600,157.902,158.021,157.841,157.873,11927670000
USDJPY,20240712,1700,157.874,158.013,157.861,157.978,5569510000
USDJPY,20240712,1800,157.979,157.991,157.863,157.917,10302540000
USDJPY,20240712,1900,157.918,157.925,157.796,157.834,4612750000
USDJPY,20240712,2000,157.838,157.943,157.700,157.700,3396130000
USDJPY,20240714,2100,158.068,158.170,158.056,158.145,448140000
USDJPY,20240714,2200,158.145,158.386,157.979,158.339,5611060000
USDJPY,20240714,2300,158.339,158.419,158.169,158.287,9310170000
USDJPY,20240715,0000,158.286,158.365,157.989,158.113,16859110000
USDJPY,20240715,0100,158.111,158.239,157.950,158.050,17316300000
USDJPY,20240715,0200,158.050,158.137,157.912,158.033,11799580000
USDJPY,20240715,0300,158.033,158.033,157.910,157.970,10370650000
USDJPY,20240715,0400,157.970,158.031,157.954,157.992,7291980000
USDJPY,20240715,0500,157.994,157.996,157.831,157.956,10052450000
USDJPY,20240715,0600,157.952,158.236,157.872,158.106,16623970000
USDJPY,20240715,0700,158.105,158.125,157.842,157.929,24058810000
USDJPY,20240715,0800,157.926,157.966,157.781,157.818,21806270000
USDJPY,20240715,0900,157.817,157.980,157.749,157.963,17599520000
USDJPY,20240715,1000,157.963,158.105,157.936,157.952,16888740000
USDJPY,20240715,1100,157.953,158.173,157.897,158.114,13021730000
USDJPY,20240715,1200,158.114,158.162,157.937,157.961,21333290000
USDJPY,20240715,1300,157.960,158.067,157.872,157.939,17286880000
USDJPY,20240715,1400,157.939,157.950,157.835,157.860,21673940000
USDJPY,20240715,1500,157.860,157.920,157.810,157.890,14273050000
USDJPY,20240715,1600,157.891,157.960,157.163,157.712,18415870000
USDJPY,20240715,1700,157.713,158.020,157.711,157.919,18491110000
USDJPY,20240715,1800,157.918,157.937,157.842,157.852,11707480000
USDJPY,20240715,1900,157.853,157.982,157.835,157.919,6060060000
USDJPY,20240715,2000,157.923,158.148,157.881,158.012,3383280000
USDJPY,20240715,2100,157.989,158.101,157.952,158.061,692310000
USDJPY,20240715,2200,158.063,158.155,158.053,158.122,3027200000
USDJPY,20240715,2300,158.122,158.251,158.062,158.150,5452630000
USDJPY,20240716,0000,158.150,158.393,158.104,158.365,15063830000
USDJPY,20240716,0100,158.362,158.632,158.353,158.527,14045400000
USDJPY,20240716,0200,158.528,158.725,158.511,158.693,9888350000
USDJPY,20240716,0300,158.693,158.708,158.589,158.632,8771400000
USDJPY,20240716,0400,158.633,158.725,158.613,158.636,6370240000
USDJPY,20240716,0500,158.637,158.787,158.637,158.727,11779040000
USDJPY,20240716,0600,158.726,158.745,158.465,158.571,14356170000
USDJPY,20240716,0700,158.572,158.574,158.355,158.495,21870990000
USDJPY,20240716,0800,158.496,158.590,158.445,158.468,18571130000
USDJPY,20240716,0900,158.471,158.496,158.334,158.409,15051280000
USDJPY,20240716,1000,158.409,158.449,158.346,158.432,8287420000
USDJPY,20240716,1100,158.431,158.457,158.320,158.343,10843050000
USDJPY,20240716,1200,158.343,158.854,158.252,158.755,29482960000
USDJPY,20240716,1300,158.753,158.804,158.529,158.635,25159750000
USDJPY,20240716,1400,158.634,158.742,158.580,158.588,18627690000
USDJPY,20240716,1500,158.589,158.649,158.536,158.573,16394580000
USDJPY,20240716,1600,158.572,158.631,158.514,158.543,8917500000
USDJPY,20240716,1700,158.542,158.555,158.430,158.470,11748240000
USDJPY,20240716,1800,158.472,158.474,158.335,158.352,7335970000
USDJPY,20240716,1900,158.351,158.432,158.320,158.387,6811960000
USDJPY,20240716,2000,158.386,158.407,158.294,158.318,3395970000
USDJPY,20240716,2100,158.307,158.340,158.259,158.312,1659510000
USDJPY,20240716,2200,158.310,158.387,158.298,158.334,4395900000
USDJPY,20240716,2300,158.335,158.371,158.297,158.360,6252690000
USDJPY,20240717,0000,158.361,158.535,158.306,158.487,14977900000
USDJPY,20240717,0100,158.486,158.624,158.430,158.471,11275770000
USDJPY,20240717,0200,158.471,158.475,158.358,158.415,6741290000
USDJPY,20240717,0300,158.415,158.450,158.322,158.376,5137960000
USDJPY,20240717,0400,158.376,158.386,158.218,158.218,10713730000
USDJPY,20240717,0500,158.217,158.232,157.868,157.893,17466100000
USDJPY,20240717,0600,157.891,158.090,157.702,157.815,27650820000
USDJPY,20240717,0700,157.815,157.831,157.009,157.072,42217190000
USDJPY,20240717,0800,157.070,157.097,156.099,156.242,39707420000
USDJPY,20240717,0900,156.241,156.593,156.102,156.415,33782850000
USDJPY,20240717,1000,156.412,156.734,156.226,156.734,27642120000
USDJPY,20240717,1100,156.736,156.794,156.355,156.509,24696640000
USDJPY,20240717,1200,156.510,156.741,156.461,156.560,26911870000
USDJPY,20240717,1300,156.560,156.623,156.149,156.278,38404490000
USDJPY,20240717,1400,156.280,156.633,156.255,156.498,33179960000
USDJPY,20240717,1500,156.497,156.636,156.484,156.565,21255070000
USDJPY,20240717,1600,156.566,156.594,156.195,156.299,22790840000
USDJPY,20240717,1700,156.299,156.474,156.187,156.462,15668520000
USDJPY,20240717,1800,156.462,156.488,156.088,156.101,18093140000
USDJPY,20240717,1900,156.098,156.233,156.059,156.185,11141610000
USDJPY,20240717,2000,156.184,156.344,156.144,156.177,2880440000
USDJPY,20240717,2100,156.169,156.195,156.122,156.147,1423800000
USDJPY,20240717,2200,156.146,156.271,155.993,156.159,12386770000
USDJPY,20240717,2300,156.155,156.204,155.370,155.675,30862590000
USDJPY,20240718,0000,155.675,155.833,155.457,155.737,27299400000
USDJPY,20240718,0100,155.738,156.299,155.719,156.256,21862590000
USDJPY,20240718,0200,156.255,156.441,156.190,156.312,19402300000
USDJPY,20240718,0300,156.312,156.572,156.294,156.435,11618100000
USDJPY,20240718,0400,156.434,156.536,156.177,156.341,16071840000
USDJPY,20240718,0500,156.341,156.450,155.796,156.032,18425470000
USDJPY,20240718,0600,156.030,156.409,155.989,156.120,26990480000
USDJPY,20240718,0700,156.126,156.255,155.915,156.248,35245080000
USDJPY,20240718,0800,156.246,156.586,156.172,156.464,28957650000
USDJPY,20240718,0900,156.464,156.501,156.303,156.485,27064280000
USDJPY,20240718,1000,156.486,156.496,156.318,156.393,23073390000
USDJPY,20240718,1100,156.395,156.524,156.381,156.494,14242370000
USDJPY,20240718,1200,156.493,156.578,156.181,156.431,29108790000
USDJPY,20240718,1300,156.428,156.691,156.319,156.586,34161950000
USDJPY,20240718,1400,156.588,156.774,156.501,156.756,26206200000
USDJPY,20240718,1500,156.755,156.982,156.695,156.976,20924060000
USDJPY,20240718,1600,156.972,157.156,156.873,157.145,15986080000
USDJPY,20240718,1700,157.145,157.224,157.092,157.187,16305770000
USDJPY,20240718,1800,157.188,157.326,157.150,157.284,13672920000
USDJPY,20240718,1900,157.281,157.397,157.279,157.363,9145200000
USDJPY,20240718,2000,157.366,157.397,157.341,157.359,2262510000
USDJPY,20240718,2100,157.356,157.357,157.323,157.341,512040000
USDJPY,20240718,2200,157.341,157.341,157.248,157.263,6332980000
USDJPY,20240718,2300,157.263,157.282,157.112,157.176,7429090000
USDJPY,20240719,0000,157.176,157.416,157.062,157.209,21797410000
USDJPY,20240719,0100,157.211,157.529,157.198,157.457,13563150000
USDJPY,20240719,0200,157.456,157.520,157.343,157.422,15235310000
USDJPY,20240719,0300,157.422,157.446,157.326,157.374,7258000000
USDJPY,20240719,0400,157.375,157.481,157.359,157.477,7141730000
USDJPY,20240719,0500,157.476,157.862,157.471,157.769,16015770000
USDJPY,20240719,0600,157.768,157.823,157.132,157.262,19141610000
USDJPY,20240719,0700,157.258,157.554,156.952,157.320,41175360000
USDJPY,20240719,0800,157.318,157.423,157.160,157.260,24474670000
USDJPY,20240719,0900,157.259,157.437,157.145,157.362,10172680000
USDJPY,20240719,1000,157.363,157.574,157.362,157.456,8963970000
USDJPY,20240719,1100,157.455,157.536,157.327,157.467,13583180000
USDJPY,20240719,1200,157.468,157.695,157.423,157.675,21338500000
USDJPY,20240719,1300,157.674,157.698,157.411,157.509,33187230000
USDJPY,20240719,1400,157.510,157.528,157.263,157.338,26523010000
USDJPY,20240719,1500,157.338,157.454,157.277,157.389,21399390000
USDJPY,20240719,1600,157.389,157.440,157.340,157.413,11716800000
USDJPY,20240719,1700,157.411,157.427,157.352,157.415,11204860000
USDJPY,20240719,1800,157.416,157.497,157.402,157.487,7505410000
USDJPY,20240719,1900,157.488,157.524,157.469,157.499,2580300000
USDJPY,20240719,2000,157.497,157.527,157.401,157.475,1963110000
USDJPY,20240721,2100,157.329,157.439,157.252,157.362,492570000
USDJPY,20240721,2200,157.362,157.499,157.229,157.269,5338050000
USDJPY,20240721,2300,157.267,157.428,157.155,157.424,8087650000
USDJPY,20240722,0000,157.423,157.491,157.330,157.424,17260990000
USDJPY,20240722,0100,157.423,157.552,157.348,157.542,15255230000
USDJPY,20240722,0200,157.542,157.610,157.524,157.549,9367980000
USDJPY,20240722,0300,157.550,157.566,157.457,157.480,8113220000
USDJPY,20240722,0400,157.476,157.512,157.392,157.442,10023360000
USDJPY,20240722,0500,157.442,157.442,157.010,157.036,14355290000
USDJPY,20240722,0600,157.037,157.060,156.284,156.447,47455200000
USDJPY,20240722,0700,156.446,156.844,156.343,156.810,38971930000
USDJPY,20240722,0800,156.809,156.960,156.672,156.794,31487980000
USDJPY,20240722,0900,156.794,156.856,156.610,156.691,26464460000
USDJPY,20240722,1000,156.690,156.953,156.555,156.837,19778080000
USDJPY,20240722,1100,156.826,156.898,156.655,156.854,23018390000
USDJPY,20240722,1200,156.854,157.089,156.788,156.792,28081890000
USDJPY,20240722,1300,156.790,156.920,156.692,156.859,28158980000
USDJPY,20240722,1400,156.861,156.954,156.754,156.874,25159690000
USDJPY,20240722,1500,156.875,157.146,156.865,157.086,23056580000
USDJPY,20240722,1600,157.086,157.131,157.031,157.073,13138620000
USDJPY,20240722,1700,157.073,157.151,157.033,157.138,10259880000
USDJPY,20240722,1800,157.136,157.170,157.055,157.063,10159270000
USDJPY,20240722,1900,157.064,157.118,157.059,157.079,7191540000
USDJPY,20240722,2000,157.080,157.098,157.000,157.001,1710840000
USDJPY,20240722,2100,157.001,157.001,156.864,156.933,417270000
USDJPY,20240722,2200,156.939,157.076,156.930,157.038,3188780000
USDJPY,20240722,2300,157.037,157.101,156.885,156.903,9890910000
USDJPY,20240723,0000,156.901,156.927,156.645,156.656,22314830000
USDJPY,20240723,0100,156.658,156.848,156.579,156.704,17892100000
USDJPY,20240723,0200,156.706,156.766,156.519,156.632,9745080000
USDJPY,20240723,0300,156.636,156.668,156.197,156.279,22683620000
USDJPY,20240723,0400,156.279,156.385,156.205,156.304,16015800000
USDJPY,20240723,0500,156.304,156.449,156.264,156.314,14094020000
USDJPY,20240723,0600,156.315,156.622,156.220,156.586,28713080000
USDJPY,20240723,0700,156.585,156.635,155.929,156.040,41149930000
USDJPY,20240723,0800,156.040,156.133,155.823,156.011,36322780000
USDJPY,20240723,0900,156.011,156.071,155.819,155.944,23461080000
USDJPY,20240723,1000,155.945,156.161,155.919,156.046,19806440000
USDJPY,20240723,1100,156.046,156.189,156.034,156.153,23582810000
USDJPY,20240723,1200,156.154,156.265,155.942,156.027,31524140000
USDJPY,20240723,1300,156.028,156.209,155.987,156.092,31929950000
USDJPY,20240723,1400,156.089,156.196,155.971,155.979,25023430000
USDJPY,20240723,1500,155.982,156.089,155.945,156.021,14621390000
USDJPY,20240723,1600,156.020,156.054,155.694,155.781,11476320000
USDJPY,20240723,1700,155.783,155.805,155.577,155.690,18240590000
USDJPY,20240723,1800,155.689,155.754,155.624,155.628,4937980000
USDJPY,20240723,1900,155.627,155.670,155.589,155.638,6469200000
USDJPY,20240723,2000,155.639,155.649,155.546,155.552,2915570000
USDJPY,20240723,2100,155.552,155.587,155.528,155.582,641400000
USDJPY,20240723,2200,155.581,155.643,155.565,155.636,2817330000
USDJPY,20240723,2300,155.635,155.817,155.628,155.760,7286410000
USDJPY,20240724,0000,155.761,155.990,155.761,155.824,21113860000
USDJPY,20240724,0100,155.825,155.876,155.176,155.246,32965760000
USDJPY,20240724,0200,155.246,155.523,155.229,155.255,18414390000
USDJPY,20240724,0300,155.256,155.292,155.046,155.055,25857900000
USDJPY,20240724,0400,155.054,155.054,154.540,154.609,35455020000
USDJPY,20240724,0500,154.608,154.795,154.351,154.631,24864210000
USDJPY,20240724,0600,154.630,154.688,154.373,154.586,39456380000
USDJPY,20240724,0700,154.585,154.881,154.410,154.591,34835350000
USDJPY,20240724,0800,154.590,154.943,154.547,154.859,19336930000
USDJPY,20240724,0900,154.860,154.932,154.275,154.774,25233570000
USDJPY,20240724,1000,154.775,154.841,154.487,154.561,17332580000
USDJPY,20240724,1100,154.559,154.578,154.056,154.188,20987780000
USDJPY,20240724,1200,154.187,154.224,153.758,153.804,37699920000
USDJPY,20240724,1300,153.806,153.996,153.343,153.429,33331980000
USDJPY,20240724,1400,153.425,153.590,153.105,153.266,57511390000
USDJPY,20240724,1500,153.267,153.499,153.264,153.382,32339960000
USDJPY,20240724,1600,153.383,153.583,153.342,153.467,19320040000
USDJPY,20240724,1700,153.468,153.856,153.447,153.825,17828260000
USDJPY,20240724,1800,153.825,154.071,153.806,154.003,16439160000
USDJPY,20240724,1900,154.003,154.096,153.877,154.015,11588090000
USDJPY,20240724,2000,154.015,154.016,153.850,153.850,2844240000
USDJPY,20240724,2100,153.848,153.880,153.518,153.687,1919070000
USDJPY,20240724,2200,153.686,153.788,153.551,153.594,8204300000
USDJPY,20240724,2300,153.590,153.952,153.586,153.916,15737430000
USDJPY,20240725,0000,153.914,153.968,152.838,153.243,40598180000
USDJPY,20240725,0100,153.246,153.345,152.642,152.857,21869770000
USDJPY,20240725,0200,152.858,152.952,152.512,152.637,14410020000
USDJPY,20240725,0300,152.637,152.637,152.229,152.317,17207490000
USDJPY,20240725,0400,152.315,152.652,152.312,152.618,10634570000
USDJPY,20240725,0500,152.619,152.970,152.582,152.741,13852220000
USDJPY,20240725,0600,152.738,152.867,152.542,152.845,21385350000
USDJPY,20240725,0700,152.846,152.929,152.051,152.193,23789270000
USDJPY,20240725,0800,152.193,152.747,151.941,152.703,19075000000
USDJPY,20240725,0900,152.703,152.739,152.247,152.308,13464730000
USDJPY,20240725,1000,152.305,152.358,152.087,152.207,11439640000
USDJPY,20240725,1100,152.206,152.729,152.170,152.720,21504790000
USDJPY,20240725,1200,152.722,153.735,152.551,153.519,50972400000
USDJPY,20240725,1300,153.520,154.193,153.414,153.653,50452390000
USDJPY,20240725,1400,153.656,153.739,153.228,153.639,33961790000
USDJPY,20240725,1500,153.637,154.101,153.632,153.978,28572420000
USDJPY,20240725,1600,153.979,154.318,153.904,154.027,30507240000
USDJPY,20240725,1700,154.030,154.042,153.748,154.033,38066800000
USDJPY,20240725,1800,154.031,154.048,153.768,153.784,29003460000
USDJPY,20240725,1900,153.784,153.919,153.784,153.919,11392560000
USDJPY,20240725,2000,153.917,154.046,153.807,153.907,3826620000
USDJPY,20240725,2100,153.907,153.922,153.866,153.915,307440000
USDJPY,20240725,2200,153.915,153.987,153.895,153.902,3212590000
USDJPY,20240725,2300,153.900,153.901,153.373,153.700,23685540000
USDJPY,20240726,0000,153.699,154.139,153.366,153.919,22663730000
USDJPY,20240726,0100,153.917,154.087,153.428,153.581,28524200000
USDJPY,20240726,0200,153.579,153.967,153.565,153.919,13053440000
USDJPY,20240726,0300,153.919,153.919,153.738,153.753,11518970000
USDJPY,20240726,0400,153.753,153.831,153.590,153.676,14139490000
USDJPY,20240726,0500,153.677,153.804,153.499,153.642,14030610000
USDJPY,20240726,0600,153.642,153.755,153.539,153.635,37884100000
USDJPY,20240726,0700,153.635,154.170,153.566,153.918,31592340000
USDJPY,20240726,0800,153.916,154.431,153.862,154.299,26328070000
USDJPY,20240726,0900,154.297,154.355,154.033,154.205,29835270000
USDJPY,20240726,1000,154.206,154.645,154.194,154.563,25287550000
USDJPY,20240726,1100,154.567,154.737,154.519,154.610,25886790000
USDJPY,20240726,1200,154.611,154.725,154.024,154.218,35550120000
USDJPY,20240726,1300,154.217,154.218,153.668,153.781,40337590000
USDJPY,20240726,1400,153.781,154.101,153.243,153.500,40798550000
USDJPY,20240726,1500,153.501,153.875,153.495,153.868,36123390000
USDJPY,20240726,1600,153.868,153.868,153.706,153.784,24168540000
USDJPY,20240726,1700,153.784,153.872,153.673,153.729,16085670000
USDJPY,20240726,1800,153.732,153.826,153.707,153.728,19127130000
USDJPY,20240726,1900,153.729,153.765,153.674,153.754,6644370000
USDJPY,20240726,2000,153.756,153.795,153.709,153.718,2095830000
USDJPY,20240728,2100,153.652,153.772,153.475,153.529,842100000
USDJPY,20240728,2200,153.692,154.020,153.654,154.020,13839960000
USDJPY,20240728,2300,154.018,154.212,153.980,154.143,20748570000
USDJPY,20240729,0000,154.149,154.351,153.520,153.660,31531810000
USDJPY,20240729,0100,153.653,153.830,153.236,153.438,35453010000
USDJPY,20240729,0200,153.439,153.534,153.014,153.419,20462550000
USDJPY,20240729,0300,153.420,153.694,153.328,153.511,22278220000
USDJPY,20240729,0400,153.517,153.607,153.322,153.413,25079850000
USDJPY,20240729,0500,153.412,153.664,153.300,153.381,18595480000
USDJPY,20240729,0600,153.381,153.447,153.138,153.354,31690230000
USDJPY,20240729,0700,153.352,153.723,153.232,153.617,45245790000
USDJPY,20240729,0800,153.618,153.915,153.586,153.686,35153490000
USDJPY,20240729,0900,153.685,153.772,153.587,153.701,31887130000
USDJPY,20240729,1000,153.701,153.892,153.601,153.684,25637300000
USDJPY,20240729,1100,153.683,153.837,153.590,153.833,27742570000
USDJPY,20240729,1200,153.833,154.032,153.754,153.883,42510280000
USDJPY,20240729,1300,153.885,154.207,153.731,154.175,35840010000
USDJPY,20240729,1400,154.174,154.203,154.002,154.048,41332420000
USDJPY,20240729,1500,154.047,154.047,153.869,153.964,27493810000
USDJPY,20240729,1600,153.965,154.091,153.933,153.942,13544300000
USDJPY,20240729,1700,153.943,154.031,153.887,154.000,11588130000
USDJPY,20240729,1800,154.000,154.054,153.966,153.986,15803180000
USDJPY,20240729,1900,153.981,154.038,153.958,153.999,11604930000
USDJPY,20240729,2000,153.998,154.051,153.974,154.010,3734220000
USDJPY,20240729,2100,154.010,154.068,153.903,154.004,1197890000
USDJPY,20240729,2200,154.009,154.061,153.970,154.019,9832510000
USDJPY,20240729,2300,154.018,154.028,153.765,153.835,15284270000
USDJPY,20240730,0000,153.833,154.059,153.615,153.961,19676290000
USDJPY,20240730,0100,153.961,154.247,153.848,153.992,19354460000
USDJPY,20240730,0200,153.993,154.132,153.948,154.022,13135870000
USDJPY,20240730,0300,154.021,154.165,153.974,154.069,19504770000
USDJPY,20240730,0400,154.073,154.442,154.061,154.437,18059840000
USDJPY,20240730,0500,154.436,154.768,154.421,154.664,15004200000
USDJPY,20240730,0600,154.662,155.213,154.595,155.049,16084830000
USDJPY,20240730,0700,155.045,155.143,154.719,154.894,15420390000
USDJPY,20240730,0800,154.898,154.912,154.602,154.663,9561090000
USDJPY,20240730,0900,154.666,154.933,154.661,154.809,8070940000
USDJPY,20240730,1000,154.813,154.877,154.693,154.732,4477230000
USDJPY,20240730,1100,154.733,154.895,154.724,154.884,5956560000
USDJPY,20240730,1200,154.884,155.021,154.810,154.940,33242180000
USDJPY,20240730,1300,154.941,154.941,154.291,154.333,51997740000
USDJPY,20240730,1400,154.318,154.652,154.318,154.599,48151800000
USDJPY,20240730,1500,154.599,154.601,153.646,153.726,51249560000
USDJPY,20240730,1600,153.726,153.855,153.137,153.238,29333610000
USDJPY,20240730,1700,153.238,153.380,152.979,153.203,34036180000
USDJPY,20240730,1800,153.204,153.441,153.136,153.257,25225390000
USDJPY,20240730,1900,153.257,153.317,153.204,153.275,10606930000
USDJPY,20240730,2000,153.276,153.282,152.645,152.756,8932550000
USDJPY,20240730,2100,152.698,152.809,152.614,152.658,1527840000
USDJPY,20240730,2200,152.658,153.139,152.420,152.878,23615290000
USDJPY,20240730,2300,152.875,152.974,152.417,152.658,29085930000
USDJPY,20240731,0000,152.658,152.741,152.105,152.378,33502420000
USDJPY,20240731,0100,152.373,152.529,152.164,152.424,20060180000
USDJPY,20240731,0200,152.411,153.325,152.335,152.876,33004460000
USDJPY,20240731,0300,152.877,153.828,151.587,153.570,21755890000
USDJPY,20240731,0400,153.586,153.894,152.408,152.550,34030650000
USDJPY,20240731,0500,152.550,153.165,152.466,152.870,26945520000
USDJPY,20240731,0600,152.869,153.059,152.213,152.228,38105100000
USDJPY,20240731,0700,152.228,152.434,150.607,150.921,42971940000
USDJPY,20240731,0800,150.921,150.983,150.049,150.922,54163990000
USDJPY,20240731,0900,150.917,150.942,150.356,150.403,35577490000
USDJPY,20240731,1000,150.402,150.587,150.144,150.507,27991830000
USDJPY,20240731,1100,150.506,150.581,150.080,150.183,43793820000
USDJPY,20240731,1200,150.189,150.475,149.785,150.331,51744490000
USDJPY,20240731,1300,150.332,150.349,149.818,149.820,42339060000
USDJPY,20240731,1400,149.822,150.674,149.625,150.434,42221750000
USDJPY,20240731,1500,150.435,150.574,150.277,150.380,39141870000
USDJPY,20240731,1600,150.380,150.661,150.368,150.560,23880190000
USDJPY,20240731,1700,150.559,150.953,150.544,150.796,27859420000
USDJPY,20240731,1800,150.796,151.257,150.328,150.437,51728230000
USDJPY,20240731,1900,150.444,150.495,149.606,149.786,50640420000
USDJPY,20240731,2000,149.786,150.278,149.754,149.956,9680270000
USDJPY,20240731,2100,149.941,149.941,149.829,149.874,1242030000
USDJPY,20240731,2200,149.874,150.190,149.794,150.170,13280480000
USDJPY,20240731,2300,150.170,150.318,149.667,149.786,25535700000
USDJPY,20240801,0000,149.786,149.895,149.345,149.436,30365230000
USDJPY,20240801,0100,149.435,149.465,148.508,149.170,48260120000
USDJPY,20240801,0200,149.170,149.788,149.034,149.764,36010880000
USDJPY,20240801,0300,149.766,149.791,149.388,149.560,29232990000
USDJPY,20240801,0400,149.562,149.714,149.339,149.680,22643180000
USDJPY,20240801,0500,149.679,150.045,149.613,149.759,29304120000
USDJPY,20240801,0600,149.760,150.335,149.569,150.027,55159660000
USDJPY,20240801,0700,150.026,150.195,149.782,149.861,48231390000
USDJPY,20240801,0800,149.859,149.988,149.426,149.690,54639720000
USDJPY,20240801,0900,149.698,149.967,149.605,149.949,38251500000
USDJPY,20240801,1000,149.950,150.195,149.918,150.027,32293950000
USDJPY,20240801,1100,150.029,150.621,149.970,150.523,28396690000
USDJPY,20240801,1200,150.523,150.861,150.188,150.858,54737400000
USDJPY,20240801,1300,150.860,150.890,150.391,150.521,45967390000
USDJPY,20240801,1400,150.522,150.522,149.831,150.046,59138610000
USDJPY,20240801,1500,150.046,150.216,149.869,150.060,34839290000
USDJPY,20240801,1600,150.063,150.135,149.681,149.894,28672760000
USDJPY,20240801,1700,149.895,149.942,149.645,149.746,23214060001
USDJPY,20240801,1800,149.745,149.767,149.531,149.553,32347460000
USDJPY,20240801,1900,149.551,149.841,149.470,149.771,22555390000
USDJPY,20240801,2000,149.771,149.783,149.282,149.356,7333090000
USDJPY,20240801,2100,149.355,149.360,149.264,149.295,3178470000
USDJPY,20240801,2200,149.295,149.443,148.991,149.311,14273760000
USDJPY,20240801,2300,149.310,149.311,148.872,149.208,27296530000
USDJPY,20240802,0000,149.205,149.417,148.935,149.380,44699180000
USDJPY,20240802,0100,149.379,149.772,149.354,149.499,41485060000
USDJPY,20240802,0200,149.498,149.680,149.231,149.569,29825730000
USDJPY,20240802,0300,149.573,149.644,149.374,149.491,19517360000
USDJPY,20240802,0400,149.490,149.579,149.250,149.259,21480450000
USDJPY,20240802,0500,149.257,149.370,148.887,148.944,28461020000
USDJPY,20240802,0600,148.939,149.290,148.804,148.853,48231510000
USDJPY,20240802,0700,148.850,149.221,148.623,149.208,38164640000
USDJPY,20240802,0800,149.210,149.321,148.832,149.071,28698900000
USDJPY,20240802,0900,149.070,149.092,148.820,148.882,16120540000
USDJPY,20240802,1000,148.882,148.955,148.730,148.796,20023860000
USDJPY,20240802,1100,148.796,149.122,148.789,149.008,25068830000
USDJPY,20240802,1200,149.009,149.113,147.015,147.440,51432149998
USDJPY,20240802,1300,147.443,148.160,147.058,147.076,79705080000
USDJPY,20240802,1400,147.077,147.414,146.542,146.671,76155740001
USDJPY,20240802,1500,146.668,147.104,146.417,146.979,58660510001
USDJPY,20240802,1600,146.981,147.458,146.752,146.844,46142330001
USDJPY,20240802,1700,146.844,146.956,146.748,146.836,40850350001
USDJPY,20240802,1800,146.837,146.896,146.436,146.491,20423580001
USDJPY,20240802,1900,146.492,146.690,146.444,146.582,17256870000
USDJPY,20240802,2000,146.584,146.619,146.489,146.498,7284000000
USDJPY,20240804,2100,146.441,146.504,146.413,146.440,828900000
USDJPY,20240804,2200,146.468,146.563,145.983,146.322,20120290000
USDJPY,20240804,2300,146.319,146.343,145.279,145.589,39785950000
USDJPY,20240805,0000,145.589,145.940,145.179,145.512,56135480000
USDJPY,20240805,0100,145.512,145.592,144.762,145.106,43756730000
USDJPY,20240805,0200,145.104,145.548,145.037,145.136,35611460000
USDJPY,20240805,0300,145.133,145.155,144.163,144.361,36631850000
USDJPY,20240805,0400,144.360,144.427,142.176,143.165,50687540000
USDJPY,20240805,0500,143.165,143.551,142.410,142.660,49147740000
USDJPY,20240805,0600,142.649,143.110,141.676,142.749,32752590000
USDJPY,20240805,0700,142.751,143.986,142.717,143.478,31279240000
USDJPY,20240805,0800,143.474,143.560,142.001,142.395,25386570000
USDJPY,20240805,0900,142.399,142.574,141.741,142.287,40291240000
USDJPY,20240805,1000,142.290,142.466,141.906,142.369,29774930000
USDJPY,20240805,1100,142.370,142.962,142.242,142.306,37463480000
USDJPY,20240805,1200,142.304,142.466,141.831,142.246,43732350000
USDJPY,20240805,1300,142.250,142.982,142.100,142.714,38152190000
USDJPY,20240805,1400,142.726,143.843,142.540,142.655,56979240001
USDJPY,20240805,1500,142.656,143.990,142.333,143.962,43297100000
USDJPY,20240805,1600,143.961,144.887,143.893,144.178,42353739998
USDJPY,20240805,1700,144.181,144.602,143.901,144.007,35517159998
USDJPY,20240805,1800,144.008,144.159,143.388,143.457,25041810000
USDJPY,20240805,1900,143.451,143.853,143.441,143.739,21013820000
USDJPY,20240805,2000,143.738,144.273,143.701,144.137,9230460000
USDJPY,20240805,2100,144.129,144.174,144.018,144.039,849070000
USDJPY,20240805,2200,144.036,144.863,143.619,144.762,15486330000
USDJPY,20240805,2300,144.762,145.826,144.758,145.794,34042970000
USDJPY,20240806,0000,145.800,146.365,144.837,145.040,46904880000
USDJPY,20240806,0100,145.042,145.485,144.363,144.800,28957480000
USDJPY,20240806,0200,144.800,145.352,144.302,145.307,26397480000
USDJPY,20240806,0300,145.307,145.912,145.116,145.350,22525320000
USDJPY,20240806,0400,145.348,145.639,145.101,145.511,18584710000
USDJPY,20240806,0500,145.521,146.140,145.104,145.862,24938000000
USDJPY,20240806,0600,145.862,146.285,145.428,145.631,40165140004
USDJPY,20240806,0700,145.631,145.931,145.173,145.291,42365610000
USDJPY,20240806,0800,145.289,145.376,144.466,144.918,31543600000
USDJPY,20240806,0900,144.917,144.917,144.495,144.745,21314890001
USDJPY,20240806,1000,144.744,145.118,144.357,144.887,24471720000
USDJPY,20240806,1100,144.899,145.458,144.899,145.152,24092740000
USDJPY,20240806,1200,145.147,145.197,144.481,144.599,28729470000
USDJPY,20240806,1300,144.599,144.711,144.045,144.394,33699929999
USDJPY,20240806,1400,144.395,144.990,144.270,144.501,29593700000
USDJPY,20240806,1500,144.502,145.207,144.502,145.111,27726700000
USDJPY,20240806,1600,145.113,145.417,145.014,145.373,21940990000
USDJPY,20240806,1700,145.376,145.389,145.051,145.338,16775270000
USDJPY,20240806,1800,145.339,145.363,145.001,145.002,12584840000
USDJPY,20240806,1900,145.001,145.069,144.729,144.729,10257360000
USDJPY,20240806,2000,144.734,144.820,144.149,144.296,7921100000
USDJPY,20240806,2100,144.296,144.612,144.153,144.524,1343520000
USDJPY,20240806,2200,144.462,144.734,144.300,144.553,16607080000
USDJPY,20240806,2300,144.556,144.756,144.378,144.738,15734910000
USDJPY,20240807,0000,144.743,145.253,144.543,144.729,34631160001
USDJPY,20240807,0100,144.728,147.488,144.561,146.729,41591950000
USDJPY,20240807,0200,146.729,146.947,146.335,146.843,27633310000
USDJPY,20240807,0300,146.838,147.370,146.627,147.131,21699610000
USDJPY,20240807,0400,147.129,147.897,147.103,147.613,19528070000
USDJPY,20240807,0500,147.612,147.814,146.834,146.975,25416700000
USDJPY,20240807,0600,146.973,147.136,146.434,146.575,38459770000
USDJPY,20240807,0700,146.576,146.942,146.081,146.687,27630750000
USDJPY,20240807,0800,146.689,147.227,146.620,147.199,46061320000
USDJPY,20240807,0900,147.201,147.636,147.086,147.574,35739530000
USDJPY,20240807,1000,147.572,147.608,147.040,147.193,22725189999
USDJPY,20240807,1100,147.194,147.504,146.983,147.198,14759300000
USDJPY,20240807,1200,147.203,147.229,146.867,146.995,21432450000
USDJPY,20240807,1300,146.992,147.339,146.919,147.219,21142010000
USDJPY,20240807,1400,147.220,147.395,146.648,147.271,25273560000
USDJPY,20240807,1500,147.270,147.686,147.254,147.416,16566160002
USDJPY,20240807,1600,147.420,147.496,147.067,147.175,14986120000
USDJPY,20240807,1700,147.177,147.403,146.961,147.034,16522710000
USDJPY,20240807,1800,147.032,147.044,146.680,146.841,17381520000
USDJPY,20240807,1900,146.840,147.185,146.785,146.847,18052770000
USDJPY,20240807,2000,146.847,146.906,146.656,146.656,6025990000
USDJPY,20240807,2100,146.653,146.747,146.619,146.693,1728960000
USDJPY,20240807,2200,146.695,146.780,146.353,146.524,11172040000
USDJPY,20240807,2300,146.523,146.535,145.564,146.283,35959290007
USDJPY,20240808,0000,146.297,146.539,145.426,146.000,48442349998
USDJPY,20240808,0100,146.003,146.619,145.953,146.373,41040940000
USDJPY,20240808,0200,146.372,146.871,146.349,146.591,31597040000
USDJPY,20240808,0300,146.592,146.718,146.304,146.376,31617680000
USDJPY,20240808,0400,146.384,146.388,145.906,146.131,33917360000
USDJPY,20240808,0500,146.131,146.400,145.938,145.971,42318670000
USDJPY,20240808,0600,145.967,146.342,145.877,146.197,51622730000
USDJPY,20240808,0700,146.198,146.223,145.627,145.868,47475430001
USDJPY,20240808,0800,145.873,146.275,145.754,146.192,40762720000
USDJPY,20240808,0900,146.192,146.486,146.016,146.124,35877450000
USDJPY,20240808,1000,146.122,146.299,146.016,146.105,35324739999
USDJPY,20240808,1100,146.104,146.301,145.941,146.161,38883120002
USDJPY,20240808,1200,146.159,147.292,145.947,147.064,55256370002
USDJPY,20240808,1300,147.060,147.542,146.918,147.125,57609350000
USDJPY,20240808,1400,147.126,147.428,146.933,147.290,47189540000
USDJPY,20240808,1500,147.290,147.300,147.015,147.091,30158260000
USDJPY,20240808,1600,147.091,147.259,147.073,147.244,17583340000
USDJPY,20240808,1700,147.243,147.419,147.148,147.360,20963230000
USDJPY,20240808,1800,147.361,147.433,147.200,147.212,18346350000
USDJPY,20240808,1900,147.210,147.269,147.091,147.145,21411380000
USDJPY,20240808,2000,147.147,147.288,147.097,147.261,7659000000
USDJPY,20240808,2100,147.174,147.270,147.128,147.196,716740000
USDJPY,20240808,2200,147.202,147.306,147.153,147.272,12307890000
USDJPY,20240808,2300,147.270,147.813,147.245,147.694,23512630000
USDJPY,20240809,0000,147.694,147.768,147.198,147.482,53248910000
USDJPY,20240809,0100,147.486,147.615,147.077,147.085,34146090000
USDJPY,20240809,0200,147.083,147.503,147.019,147.492,29757910000
USDJPY,20240809,0300,147.492,147.568,147.143,147.225,31310200000
USDJPY,20240809,0400,147.226,147.255,146.814,146.886,23731330000
USDJPY,20240809,0500,146.882,147.106,146.710,147.009,35236420000
USDJPY,20240809,0600,147.014,147.217,146.885,147.197,28796820000
USDJPY,20240809,0700,147.198,147.210,146.918,147.204,34805160000
USDJPY,20240809,0800,147.203,147.320,146.917,147.208,40081400001
USDJPY,20240809,0900,147.207,147.286,147.139,147.233,35123970001
USDJPY,20240809,1000,147.234,147.264,147.035,147.137,26018540000
USDJPY,20240809,1100,147.140,147.158,146.823,147.011,40945150000
USDJPY,20240809,1200,147.013,147.033,146.508,146.777,41674410000
USDJPY,20240809,1300,146.777,146.791,146.510,146.606,40731020000
USDJPY,20240809,1400,146.607,146.634,146.267,146.538,54051750000
USDJPY,20240809,1500,146.539,146.732,146.440,146.495,39715220000
USDJPY,20240809,1600,146.491,146.665,146.477,146.609,27473060000
USDJPY,20240809,1700,146.609,146.761,146.598,146.695,21801750000
USDJPY,20240809,1800,146.696,146.722,146.593,146.614,15465840000
USDJPY,20240809,1900,146.614,146.673,146.556,146.641,12340350000
USDJPY,20240809,2000,146.641,146.699,146.591,146.634,6927960000
USDJPY,20240811,2100,146.484,146.892,146.468,146.696,433430000
USDJPY,20240811,2200,146.729,147.005,146.706,146.992,8258360000
USDJPY,20240811,2300,146.992,147.128,146.920,147.072,14912060000
USDJPY,20240812,0000,147.071,147.074,146.798,146.854,19611820000
USDJPY,20240812,0100,146.855,146.994,146.698,146.962,27715540000
USDJPY,20240812,0200,146.960,146.980,146.841,146.934,17588440000
USDJPY,20240812,0300,146.933,147.220,146.879,147.196,20897670000
USDJPY,20240812,0400,147.202,147.209,147.025,147.124,18901400000
USDJPY,20240812,0500,147.122,147.222,147.087,147.201,22735420000
USDJPY,20240812,0600,147.198,147.280,147.151,147.224,29488410000
USDJPY,20240812,0700,147.224,147.320,147.089,147.218,36346880000
USDJPY,20240812,0800,147.217,147.443,147.190,147.361,17477520000
USDJPY,20240812,0900,147.354,147.383,147.207,147.318,18850290000
USDJPY,20240812,1000,147.318,147.438,147.285,147.417,18576040000
USDJPY,20240812,1100,147.417,147.666,147.384,147.571,24249190000
USDJPY,20240812,1200,147.575,147.737,147.521,147.715,25383360000
USDJPY,20240812,1300,147.716,148.222,147.671,147.774,50405260000
USDJPY,20240812,1400,147.776,147.944,147.659,147.873,48390610000
USDJPY,20240812,1500,147.874,147.892,147.245,147.542,44359790000
USDJPY,20240812,1600,147.544,147.572,147.276,147.355,28231840000
USDJPY,20240812,1700,147.353,147.353,147.089,147.179,31213520000
USDJPY,20240812,1800,147.180,147.313,147.073,147.299,25367760000
USDJPY,20240812,1900,147.299,147.323,147.040,147.181,23133440000
USDJPY,20240812,2000,147.181,147.280,147.149,147.177,7679460000
USDJPY,20240812,2100,147.176,147.208,147.093,147.178,1590500000
USDJPY,20240812,2200,147.178,147.221,147.105,147.131,8305380000
USDJPY,20240812,2300,147.130,147.223,146.914,147.022,11120340000
USDJPY,20240813,0000,147.023,147.302,147.003,147.262,38480200000
USDJPY,20240813,0100,147.262,147.513,147.262,147.323,23565270000
USDJPY,20240813,0200,147.322,147.394,147.228,147.375,15373440000
USDJPY,20240813,0300,147.375,147.507,147.308,147.480,14736750000
USDJPY,20240813,0400,147.481,147.794,147.430,147.714,22371560000
USDJPY,20240813,0500,147.714,147.822,147.600,147.650,18437350000
USDJPY,20240813,0600,147.650,147.945,147.550,147.883,24946210000
USDJPY,20240813,0700,147.882,147.945,147.765,147.854,31843970000
USDJPY,20240813,0800,147.854,147.891,147.666,147.842,28622940000
USDJPY,20240813,0900,147.841,147.919,147.701,147.890,19992080000
USDJPY,20240813,1000,147.890,147.916,147.530,147.530,30507790000
USDJPY,20240813,1100,147.534,147.613,147.311,147.348,39767560000
USDJPY,20240813,1200,147.349,147.509,147.059,147.403,36582450000
USDJPY,20240813,1300,147.409,147.471,146.846,147.077,57479160000
USDJPY,20240813,1400,147.078,147.170,146.894,146.996,40657900000
USDJPY,20240813,1500,146.995,147.092,146.942,146.972,29210410000
USDJPY,20240813,1600,146.971,146.971,146.704,146.733,21116620000
USDJPY,20240813,1700,146.733,146.910,146.707,146.901,20200160000
USDJPY,20240813,1800,146.900,146.902,146.645,146.676,24904730000
USDJPY,20240813,1900,146.677,146.856,146.596,146.830,33833360000
USDJPY,20240813,2000,146.828,146.899,146.786,146.814,15707850000
USDJPY,20240813,2100,146.812,146.855,146.602,146.830,1172430000
USDJPY,20240813,2200,146.830,146.869,146.735,146.823,7267960000
USDJPY,20240813,2300,146.823,147.013,146.779,146.943,10840590000
USDJPY,20240814,0000,146.944,147.145,146.916,147.090,20304470000
USDJPY,20240814,0100,147.089,147.185,146.748,146.866,21577180000
USDJPY,20240814,0200,146.867,146.895,146.068,146.461,32579530000
USDJPY,20240814,0300,146.462,146.903,146.327,146.776,27353520000
USDJPY,20240814,0400,146.775,147.071,146.752,146.867,20361700000
USDJPY,20240814,0500,146.866,147.096,146.771,147.084,17585420000
USDJPY,20240814,0600,147.086,147.313,146.905,147.188,30981270000
USDJPY,20240814,0700,147.189,147.422,147.108,147.407,24505130000
USDJPY,20240814,0800,147.405,147.501,147.098,147.114,21260380000
USDJPY,20240814,0900,147.113,147.161,147.028,147.101,15562970000
USDJPY,20240814,1000,147.102,147.148,146.839,146.870,8750890000
USDJPY,20240814,1100,146.869,146.971,146.828,146.890,10795730000
USDJPY,20240814,1200,146.889,147.578,146.505,147.310,24216430000
USDJPY,20240814,1300,147.311,147.440,146.913,146.959,26578630000
USDJPY,20240814,1400,146.961,147.007,146.573,146.760,24396540000
USDJPY,20240814,1500,146.764,146.887,146.635,146.866,15326290000
USDJPY,20240814,1600,146.865,146.966,146.817,146.946,13767790000
USDJPY,20240814,1700,146.945,147.261,146.933,147.210,10837650000
USDJPY,20240814,1800,147.210,147.265,147.163,147.242,7981910000
USDJPY,20240814,1900,147.244,147.378,147.202,147.342,6218290000
USDJPY,20240814,2000,147.341,147.439,147.291,147.310,5113020000
USDJPY,20240814,2100,147.308,147.308,147.213,147.250,402360000
USDJPY,20240814,2200,147.249,147.309,147.147,147.288,3563160000
USDJPY,20240814,2300,147.284,147.404,147.216,147.272,5557980000
USDJPY,20240815,0000,147.273,147.354,147.154,147.229,11634270000
USDJPY,20240815,0100,147.229,147.609,147.197,147.518,16413370000
USDJPY,20240815,0200,147.517,147.584,147.414,147.463,9755220000
USDJPY,20240815,0300,147.460,147.472,147.337,147.402,7610430000
USDJPY,20240815,0400,147.402,147.416,147.232,147.267,8586430000
USDJPY,20240815,0500,147.267,147.346,147.053,147.137,9760450000
USDJPY,20240815,0600,147.140,147.333,147.105,147.164,9481240000
USDJPY,20240815,0700,147.163,147.263,147.094,147.210,11527640000
USDJPY,20240815,0800,147.212,147.392,147.202,147.333,11342290000
USDJPY,20240815,0900,147.332,147.448,147.317,147.374,8614210000
USDJPY,20240815,1000,147.377,147.382,147.202,147.229,6380810000
USDJPY,20240815,1100,147.229,147.329,147.178,147.219,14054310000
USDJPY,20240815,1200,147.218,149.156,147.184,148.957,31881370000
USDJPY,20240815,1300,148.959,149.322,148.866,149.077,30543200000
USDJPY,20240815,1400,149.075,149.152,148.779,149.035,51701130003
USDJPY,20240815,1500,149.033,149.034,148.863,148.913,22004890001
USDJPY,20240815,1600,148.913,149.050,148.850,149.042,14910420000
USDJPY,20240815,1700,149.041,149.185,148.957,149.093,12926420000
USDJPY,20240815,1800,149.091,149.111,148.983,149.004,11761510000
USDJPY,20240815,1900,149.004,149.048,148.969,149.042,8878230000
USDJPY,20240815,2000,149.042,149.396,149.018,149.263,12906330000
USDJPY,20240815,2100,149.267,149.330,149.242,149.293,343410000
USDJPY,20240815,2200,149.292,149.305,149.030,149.258,6507340000
USDJPY,20240815,2300,149.258,149.262,149.148,149.227,7687630000
USDJPY,20240816,0000,149.227,149.268,148.906,149.152,21157250000
USDJPY,20240816,0100,149.151,149.225,148.841,148.917,19869590000
USDJPY,20240816,0200,148.919,148.995,148.738,148.877,15609820000
USDJPY,20240816,0300,148.875,148.955,148.787,148.931,13210110000
USDJPY,20240816,0400,148.931,149.008,148.831,148.860,10059130000
USDJPY,20240816,0500,148.864,149.056,148.846,148.921,9274420000
USDJPY,20240816,0600,148.922,149.095,148.856,149.061,21766220000
USDJPY,20240816,0700,149.057,149.061,148.897,149.015,19583570000
USDJPY,20240816,0800,149.016,149.054,148.654,148.711,33846200000
USDJPY,20240816,0900,148.711,148.765,148.596,148.675,24879520000
USDJPY,20240816,1000,148.674,148.679,148.323,148.351,27381359999
USDJPY,20240816,1100,148.353,148.354,147.957,148.045,40457599999
USDJPY,20240816,1200,148.045,148.103,147.613,147.683,32102630000
USDJPY,20240816,1300,147.683,147.931,147.622,147.763,31958440000
USDJPY,20240816,1400,147.767,148.258,147.765,147.999,36147860000
USDJPY,20240816,1500,147.999,148.267,147.973,148.132,31658940000
USDJPY,20240816,1600,148.134,148.192,147.993,148.002,27273350000
USDJPY,20240816,1700,148.002,148.010,147.707,147.744,12122690000
USDJPY,20240816,1800,147.746,147.814,147.644,147.671,15178240000
USDJPY,20240816,1900,147.670,147.724,147.632,147.699,8682990000
USDJPY,20240816,2000,147.699,147.701,147.569,147.587,6455510000
USDJPY,20240818,2100,147.555,147.670,147.484,147.630,303440000
USDJPY,20240818,2200,147.629,147.908,147.597,147.863,9626580000
USDJPY,20240818,2300,147.859,148.051,147.827,147.963,9935490000
USDJPY,20240819,0000,147.962,148.000,147.731,147.816,25888440000
USDJPY,20240819,0100,147.815,147.876,147.320,147.410,27290410000
USDJPY,20240819,0200,147.409,147.637,147.304,147.348,17383460000
USDJPY,20240819,0300,147.346,147.371,146.311,146.458,29518990000
USDJPY,20240819,0400,146.459,146.623,145.861,146.187,27671800000
USDJPY,20240819,0500,146.188,146.294,145.410,145.424,28631600000
USDJPY,20240819,0600,145.423,145.874,145.182,145.871,23446270000
USDJPY,20240819,0700,145.870,146.256,145.671,146.103,32766600001
USDJPY,20240819,0800,146.102,146.228,145.902,146.076,43201650000
USDJPY,20240819,0900,146.076,146.278,145.960,146.268,27583640000
USDJPY,20240819,1000,146.268,146.520,146.239,146.347,35554560000
USDJPY,20240819,1100,146.347,146.387,146.026,146.036,28873440000
USDJPY,20240819,1200,146.038,146.270,145.930,146.216,30526590000
USDJPY,20240819,1300,146.217,146.575,146.216,146.397,47048360000
USDJPY,20240819,1400,146.399,146.674,146.190,146.364,40195220000
USDJPY,20240819,1500,146.364,146.711,146.353,146.424,28851560001
USDJPY,20240819,1600,146.423,146.594,146.389,146.500,17795890000
USDJPY,20240819,1700,146.501,146.618,146.457,146.538,9547560000
USDJPY,20240819,1800,146.538,146.688,146.482,146.656,11481520000
USDJPY,20240819,1900,146.659,146.678,146.554,146.634,9802280000
USDJPY,20240819,2000,146.634,146.692,146.579,146.582,4315910000
USDJPY,20240819,2100,146.576,146.633,146.521,146.567,513470000
USDJPY,20240819,2200,146.567,146.645,146.537,146.627,2145380000
USDJPY,20240819,2300,146.628,146.866,146.609,146.709,7953220000
USDJPY,20240820,0000,146.711,146.723,146.177,146.342,38317540000
USDJPY,20240820,0100,146.342,146.531,145.845,146.337,29746890000
USDJPY,20240820,0200,146.342,147.097,146.295,147.002,21691240000
USDJPY,20240820,0300,147.001,147.161,146.837,147.066,24296830000
USDJPY,20240820,0400,147.062,147.102,146.784,146.929,14275080000
USDJPY,20240820,0500,146.927,147.325,146.923,147.282,18882380000
USDJPY,20240820,0600,147.288,147.345,146.903,147.047,23910300000
USDJPY,20240820,0700,147.048,147.193,146.327,146.556,40110190000
USDJPY,20240820,0800,146.556,146.582,146.232,146.520,40746350000
USDJPY,20240820,0900,146.521,146.554,146.378,146.475,29349590000
USDJPY,20240820,1000,146.476,146.505,146.326,146.444,30919330000
USDJPY,20240820,1100,146.446,146.555,146.337,146.374,23187230000
USDJPY,20240820,1200,146.374,146.489,146.124,146.167,36345400000
USDJPY,20240820,1300,146.170,146.291,146.042,146.110,36468590000
USDJPY,20240820,1400,146.108,146.246,145.518,145.596,54081560000
USDJPY,20240820,1500,145.599,145.866,145.583,145.695,30228480000
USDJPY,20240820,1600,145.695,145.744,145.373,145.396,17142310000
USDJPY,20240820,1700,145.393,145.488,145.344,145.484,14385710000
USDJPY,20240820,1800,145.484,145.535,145.366,145.384,14590990000
USDJPY,20240820,1900,145.383,145.431,145.323,145.336,8416590000
USDJPY,20240820,2000,145.336,145.360,145.198,145.235,6272770000
USDJPY,20240820,2100,145.235,145.235,145.083,145.116,1546970000
USDJPY,20240820,2200,145.114,145.178,144.988,145.121,11310330000
USDJPY,20240820,2300,145.120,145.351,144.943,145.322,21567520000
USDJPY,20240821,0000,145.322,145.552,144.930,145.448,32730090000
USDJPY,20240821,0100,145.449,145.584,145.251,145.408,27378940000
USDJPY,20240821,0200,145.408,145.492,145.275,145.387,12166770000
USDJPY,20240821,0300,145.390,145.565,145.363,145.474,16826140000
USDJPY,20240821,0400,145.476,145.759,145.390,145.674,13730840000
USDJPY,20240821,0500,145.674,145.781,145.512,145.666,13301180000
USDJPY,20240821,0600,145.666,145.976,145.569,145.948,26264790000
USDJPY,20240821,0700,145.953,146.226,145.687,146.142,41903920001
USDJPY,20240821,0800,146.144,146.171,145.878,146.030,28095350000
USDJPY,20240821,0900,146.031,146.183,145.951,146.114,27434530000
USDJPY,20240821,1000,146.117,146.225,146.037,146.175,19772660000
USDJPY,20240821,1100,146.174,146.198,146.032,146.061,27711300000
USDJPY,20240821,1200,146.060,146.060,145.733,145.777,33399750000
USDJPY,20240821,1300,145.776,145.810,145.499,145.739,46521090000
USDJPY,20240821,1400,145.739,146.889,145.411,145.647,53204530000
USDJPY,20240821,1500,145.645,145.647,145.028,145.198,36334770000
USDJPY,20240821,1600,145.200,145.241,145.037,145.191,17881430000
USDJPY,20240821,1700,145.192,145.224,144.939,145.060,14002380000
USDJPY,20240821,1800,145.063,145.063,144.450,144.745,20124130000
USDJPY,20240821,1900,144.744,145.041,144.735,145.006,11998630000
USDJPY,20240821,2000,145.006,145.290,145.006,145.259,7096170000
USDJPY,20240821,2100,145.224,145.224,144.955,145.162,1377500000
USDJPY,20240821,2200,145.163,145.169,144.887,144.891,4517440000
USDJPY,20240821,2300,144.887,145.144,144.843,145.123,8421560000
USDJPY,20240822,0000,145.122,145.437,144.939,145.334,15822680000
USDJPY,20240822,0100,145.330,145.641,145.214,145.614,17369480000
USDJPY,20240822,0200,145.616,145.632,145.371,145.445,16244760000
USDJPY,20240822,0300,145.446,145.482,145.203,145.264,12053430000
USDJPY,20240822,0400,145.263,145.407,144.982,145.132,16683260000
USDJPY,20240822,0500,145.132,145.301,145.011,145.268,12582050000
USDJPY,20240822,0600,145.267,145.452,145.200,145.380,18694710000
USDJPY,20240822,0700,145.382,145.474,145.090,145.244,22275260000
USDJPY,20240822,0800,145.246,145.669,145.246,145.634,27829560000
USDJPY,20240822,0900,145.634,145.757,145.558,145.606,20271030000
USDJPY,20240822,1000,145.607,145.886,145.559,145.760,25199650000
USDJPY,20240822,1100,145.761,146.146,145.738,145.990,22729930000
USDJPY,20240822,1200,145.990,146.342,145.873,146.049,31996560000
USDJPY,20240822,1300,146.047,146.494,145.821,146.273,33571600000
USDJPY,20240822,1400,146.274,146.525,146.223,146.233,22613000000
USDJPY,20240822,1500,146.234,146.346,145.874,145.976,21422300000
USDJPY,20240822,1600,145.975,146.350,145.963,146.330,20068170000
USDJPY,20240822,1700,146.329,146.490,146.275,146.314,17116650000
USDJPY,20240822,1800,146.314,146.346,146.196,146.221,13478820000
USDJPY,20240822,1900,146.224,146.320,146.176,146.294,8972410000
USDJPY,20240822,2000,146.294,146.372,146.247,146.257,4569460000
USDJPY,20240822,2100,146.257,146.260,146.204,146.219,1314330000
USDJPY,20240822,2200,146.215,146.276,146.148,146.177,3216820000
USDJPY,20240822,2300,146.176,146.234,146.018,146.208,6934670000
USDJPY,20240823,0000,146.208,146.334,145.893,146.073,25655210000
USDJPY,20240823,0100,146.072,146.130,145.462,145.481,22704410000
USDJPY,20240823,0200,145.480,145.695,145.293,145.599,17624970000
USDJPY,20240823,0300,145.600,145.717,145.477,145.667,15244650000
USDJPY,20240823,0400,145.667,145.897,145.575,145.768,14835950000
USDJPY,20240823,0500,145.768,145.769,145.557,145.674,10167670000
USDJPY,20240823,0600,145.673,145.796,145.290,145.452,15121870000
USDJPY,20240823,0700,145.454,145.978,145.414,145.826,15356900000
USDJPY,20240823,0800,145.831,146.022,145.747,145.929,14763940000
USDJPY,20240823,0900,145.929,146.152,145.925,146.137,11846650000
USDJPY,20240823,1000,146.138,146.175,145.991,146.018,8380400000
USDJPY,20240823,1100,146.019,146.100,145.937,146.031,8510530000
USDJPY,20240823,1200,146.031,146.173,145.943,145.986,15647720000
USDJPY,20240823,1300,145.991,146.481,145.977,146.199,17853540000
USDJPY,20240823,1400,146.209,146.266,144.945,145.208,38544129999
USDJPY,20240823,1500,145.206,145.209,144.597,144.862,26697490000
USDJPY,20240823,1600,144.861,144.979,144.754,144.846,13766320000
USDJPY,20240823,1700,144.843,144.852,144.342,144.401,9806970000
USDJPY,20240823,1800,144.401,144.445,144.130,144.293,12238360000
USDJPY,20240823,1900,144.295,144.304,144.047,144.232,6537270000
USDJPY,20240823,2000,144.230,144.404,144.221,144.352,7126290000
USDJPY,20240825,2100,144.227,144.227,143.997,144.026,870280000
USDJPY,20240825,2200,144.025,144.340,143.845,143.900,10077490000
USDJPY,20240825,2300,143.890,144.022,143.558,143.919,14844200000
USDJPY,20240826,0000,143.920,144.052,143.445,143.711,21633770000
USDJPY,20240826,0100,143.711,143.883,143.444,143.738,17307630000
USDJPY,20240826,0200,143.737,143.988,143.533,143.928,12343390000
USDJPY,20240826,0300,143.927,144.090,143.793,143.968,11832810000
USDJPY,20240826,0400,143.970,144.039,143.739,144.039,9318180000
USDJPY,20240826,0500,144.039,144.215,143.923,144.049,8709060000
USDJPY,20240826,0600,144.056,144.066,143.686,143.764,13028910000
USDJPY,20240826,0700,143.765,143.910,143.597,143.885,12940890000
USDJPY,20240826,0800,143.885,143.962,143.777,143.863,9755020000
USDJPY,20240826,0900,143.862,144.001,143.822,143.966,17597620000
USDJPY,20240826,1000,143.966,144.119,143.966,144.033,17502660001
USDJPY,20240826,1100,144.033,144.227,143.962,144.133,24627280001
USDJPY,20240826,1200,144.132,144.360,143.914,143.936,28441130000
USDJPY,20240826,1300,143.934,144.415,143.855,144.408,46101240000
USDJPY,20240826,1400,144.410,144.455,144.106,144.145,35864800000
USDJPY,20240826,1500,144.148,144.604,144.136,144.510,33530800000
USDJPY,20240826,1600,144.512,144.602,144.448,144.459,14164320000
USDJPY,20240826,1700,144.458,144.554,144.318,144.524,13619920000
USDJPY,20240826,1800,144.525,144.652,144.498,144.502,10413410000
USDJPY,20240826,1900,144.502,144.598,144.495,144.598,10075140000
USDJPY,20240826,2000,144.598,144.608,144.454,144.512,2888270000
USDJPY,20240826,2100,144.508,144.535,144.441,144.473,807000000
USDJPY,20240826,2200,144.472,144.511,144.317,144.363,4784790000
USDJPY,20240826,2300,144.364,144.528,144.229,144.504,10831520000
USDJPY,20240827,0000,144.504,144.859,144.450,144.844,18491340000
USDJPY,20240827,0100,144.845,144.949,144.602,144.696,15297110000
USDJPY,20240827,0200,144.698,144.961,144.650,144.870,15428360000
USDJPY,20240827,0300,144.869,144.970,144.801,144.831,12272850000
USDJPY,20240827,0400,144.832,144.834,144.622,144.638,13083500000
USDJPY,20240827,0500,144.635,144.892,144.573,144.791,18955380000
USDJPY,20240827,0600,144.786,144.860,144.642,144.824,25325340001
USDJPY,20240827,0700,144.825,145.175,144.780,144.996,36933030000
USDJPY,20240827,0800,144.997,145.149,144.940,145.063,22471870000
USDJPY,20240827,0900,145.063,145.072,144.736,144.832,24455210000
USDJPY,20240827,1000,144.833,144.860,144.680,144.777,20983530000
USDJPY,20240827,1100,144.778,144.881,144.506,144.530,26889760000
USDJPY,20240827,1200,144.530,144.601,144.333,144.386,30450810000
USDJPY,20240827,1300,144.382,144.485,144.238,144.330,35930280000
USDJPY,20240827,1400,144.335,144.505,144.150,144.251,34220160000
USDJPY,20240827,1500,144.251,144.368,144.185,144.266,28211900000
USDJPY,20240827,1600,144.266,144.291,144.100,144.135,16041310001
USDJPY,20240827,1700,144.135,144.163,143.943,144.149,17111850000
USDJPY,20240827,1800,144.150,144.151,143.916,144.014,11855800000
USDJPY,20240827,1900,144.015,144.066,143.941,143.974,7716290000
USDJPY,20240827,2000,143.973,144.009,143.919,143.926,4694070000
USDJPY,20240827,2100,143.926,143.999,143.899,143.924,1646960000
USDJPY,20240827,2200,143.926,143.934,143.679,143.864,6935720000
USDJPY,20240827,2300,143.861,143.982,143.722,143.965,9242830000
USDJPY,20240828,0000,143.964,144.247,143.908,144.111,22023720000
USDJPY,20240828,0100,144.110,144.394,144.087,144.360,22295530000
USDJPY,20240828,0200,144.360,144.459,144.292,144.439,15096200000
USDJPY,20240828,0300,144.439,144.489,144.323,144.408,17380010000
USDJPY,20240828,0400,144.408,144.538,144.344,144.354,18286170000
USDJPY,20240828,0500,144.353,144.535,144.289,144.393,20513500000
USDJPY,20240828,0600,144.393,144.603,144.365,144.534,27335110000
USDJPY,20240828,0700,144.533,144.571,144.334,144.561,17691050000
USDJPY,20240828,0800,144.564,144.576,144.320,144.348,21400680000
USDJPY,20240828,0900,144.348,144.348,144.059,144.277,25880550000
USDJPY,20240828,1000,144.277,144.488,144.243,144.410,22634570000
USDJPY,20240828,1100,144.409,144.486,144.269,144.324,22235990000
USDJPY,20240828,1200,144.323,144.777,144.309,144.705,31533060000
USDJPY,20240828,1300,144.708,145.036,144.701,144.843,40156310001
USDJPY,20240828,1400,144.842,144.842,144.440,144.491,37254860000
USDJPY,20240828,1500,144.489,144.626,144.346,144.473,23228540000
USDJPY,20240828,1600,144.472,144.758,144.465,144.737,15602490000
USDJPY,20240828,1700,144.740,144.809,144.570,144.630,18428870000
USDJPY,20240828,1800,144.630,144.727,144.509,144.653,22137580000
USDJPY,20240828,1900,144.652,144.758,144.651,144.701,13116420000
USDJPY,20240828,2000,144.701,144.769,144.415,144.572,18099670000
USDJPY,20240828,2100,144.573,144.573,144.423,144.435,786930000
USDJPY,20240828,2200,144.435,144.483,144.278,144.293,8858840000
USDJPY,20240828,2300,144.294,144.468,144.218,144.435,9394420000
USDJPY,20240829,0000,144.435,144.598,144.269,144.428,22916210000
USDJPY,20240829,0100,144.426,144.657,144.344,144.632,22500050000
USDJPY,20240829,0200,144.633,144.695,144.451,144.586,12679420000
USDJPY,20240829,0300,144.585,144.615,144.476,144.525,14370110000
USDJPY,20240829,0400,144.525,144.714,144.457,144.671,15399170000
USDJPY,20240829,0500,144.671,144.860,144.559,144.616,16316220000
USDJPY,20240829,0600,144.616,144.672,144.461,144.582,20662850000
USDJPY,20240829,0700,144.581,144.844,144.553,144.727,28709470001
USDJPY,20240829,0800,144.726,144.740,144.468,144.690,38435700000
USDJPY,20240829,0900,144.691,144.737,144.443,144.519,31054340000
USDJPY,20240829,1000,144.520,144.586,144.460,144.487,27528620000
USDJPY,20240829,1100,144.486,144.700,144.463,144.590,24267380000
USDJPY,20240829,1200,144.591,145.423,144.516,145.396,43418800000
USDJPY,20240829,1300,145.393,145.495,145.260,145.372,53953480000
USDJPY,20240829,1400,145.371,145.553,145.182,145.347,47858630000
USDJPY,20240829,1500,145.347,145.391,144.976,144.983,35027380000
USDJPY,20240829,1600,144.983,145.043,144.901,145.000,19466090000
USDJPY,20240829,1700,145.002,145.017,144.815,144.854,16258650000
USDJPY,20240829,1800,144.854,144.896,144.726,144.778,22670450000
USDJPY,20240829,1900,144.777,144.933,144.756,144.913,27545640000
USDJPY,20240829,2000,144.915,145.011,144.900,144.954,17094240000
USDJPY,20240829,2100,144.942,145.024,144.880,144.952,728610000
USDJPY,20240829,2200,144.944,145.013,144.837,144.902,3568030000
USDJPY,20240829,2300,144.900,145.072,144.833,144.891,6212340000
USDJPY,20240830,0000,144.890,144.941,144.653,144.722,14279450000
USDJPY,20240830,0100,144.722,144.876,144.685,144.762,16806310000
USDJPY,20240830,0200,144.761,144.843,144.702,144.770,11539800000
USDJPY,20240830,0300,144.770,144.805,144.752,144.792,5146450000
USDJPY,20240830,0400,144.793,144.884,144.774,144.846,11488470000
USDJPY,20240830,0500,144.845,144.944,144.788,144.856,14874580000
USDJPY,20240830,0600,144.867,145.090,144.867,144.952,24574590000
USDJPY,20240830,0700,144.953,145.008,144.815,144.932,21281370000
USDJPY,20240830,0800,144.930,145.134,144.848,145.117,20160000000
USDJPY,20240830,0900,145.118,145.150,145.018,145.131,20673790000
USDJPY,20240830,1000,145.132,145.293,145.107,145.292,20164340000
USDJPY,20240830,1100,145.291,145.456,145.227,145.426,19115550000
USDJPY,20240830,1200,145.422,145.746,145.247,145.634,39812370000
USDJPY,20240830,1300,145.633,145.690,145.424,145.592,39306370000
USDJPY,20240830,1400,145.588,145.718,145.313,145.591,50488810000
USDJPY,20240830,1500,145.591,145.969,145.556,145.954,38088210000
USDJPY,20240830,1600,145.955,146.246,145.908,146.223,28494000000
USDJPY,20240830,1700,146.224,146.243,146.070,146.152,22649560000
USDJPY,20240830,1800,146.151,146.174,146.049,146.093,14777300000
USDJPY,20240830,1900,146.095,146.245,146.068,146.183,12420370000
USDJPY,20240830,2000,146.184,146.212,146.088,146.113,8740550000
USDJPY,20240901,2100,145.971,146.158,145.931,146.048,525250000
USDJPY,20240901,2200,146.081,146.445,146.081,146.443,4453980000
USDJPY,20240901,2300,146.443,146.597,146.360,146.400,11243700000
USDJPY,20240902,0000,146.401,146.544,146.157,146.189,17899210000
USDJPY,20240902,0100,146.188,146.279,146.055,146.215,18072070000
USDJPY,20240902,0200,146.214,146.254,145.900,145.968,17593749999
USDJPY,20240902,0300,145.967,146.009,145.828,145.948,13124890000
USDJPY,20240902,0400,145.948,145.949,145.773,145.934,11731760000
USDJPY,20240902,0500,145.933,146.214,145.928,146.106,8511430000
USDJPY,20240902,0600,146.105,146.293,146.063,146.159,15692850000
USDJPY,20240902,0700,146.156,146.475,146.122,146.471,32274330000
USDJPY,20240902,0800,146.471,146.843,146.432,146.703,40977850001
USDJPY,20240902,0900,146.701,146.745,146.597,146.679,23916120000
USDJPY,20240902,1000,146.680,146.807,146.623,146.805,14502360000
USDJPY,20240902,1100,146.805,146.990,146.747,146.986,16508900000
USDJPY,20240902,1200,146.986,146.988,146.912,146.980,14742540000
USDJPY,20240902,1300,146.977,147.172,146.834,146.960,15740710000
USDJPY,20240902,1400,146.963,147.017,146.916,146.962,16402280000
USDJPY,20240902,1500,146.961,147.067,146.905,146.950,11066990000
USDJPY,20240902,1600,146.950,146.985,146.803,146.816,7008830000
USDJPY,20240902,1700,146.826,146.894,146.819,146.888,3803850000
USDJPY,20240902,1800,146.891,146.907,146.853,146.901,1766490000
USDJPY,20240902,1900,146.898,146.899,146.857,146.885,1078290000
USDJPY,20240902,2000,146.905,146.927,146.847,146.864,2427340000
USDJPY,20240902,2100,146.852,146.904,146.753,146.888,613980000
USDJPY,20240902,2200,146.885,146.961,146.843,146.948,1262820000
USDJPY,20240902,2300,146.946,146.963,146.713,146.748,3372560000
USDJPY,20240903,0000,146.751,147.207,146.664,147.124,27714880000
USDJPY,20240903,0100,147.121,147.144,146.587,146.616,21679450000
USDJPY,20240903,0200,146.615,146.763,146.566,146.638,20732710000
USDJPY,20240903,0300,146.638,146.731,146.446,146.540,14088680000
USDJPY,20240903,0400,146.542,146.573,146.393,146.535,19787620000
USDJPY,20240903,0500,146.534,146.594,146.140,146.309,18039589999
USDJPY,20240903,0600,146.311,146.405,145.992,146.016,28214100000
USDJPY,20240903,0700,146.017,146.243,145.888,145.945,47801280000
USDJPY,20240903,0800,145.945,146.014,145.606,145.813,48354120000
USDJPY,20240903,0900,145.809,145.984,145.790,145.934,24799460000
USDJPY,20240903,1000,145.933,146.062,145.864,146.032,21883780000
USDJPY,20240903,1100,146.031,146.237,145.892,146.174,23018210000
USDJPY,20240903,1200,146.176,146.286,145.872,145.882,32215599999
USDJPY,20240903,1300,145.882,145.922,145.280,145.421,49451190000
USDJPY,20240903,1400,145.421,145.674,145.097,145.565,59236350000
USDJPY,20240903,1500,145.565,145.917,145.565,145.821,37115019999
USDJPY,20240903,1600,145.825,145.921,145.710,145.765,17479450000
USDJPY,20240903,1700,145.765,145.904,145.735,145.898,13818310000
USDJPY,20240903,1800,145.898,145.906,145.770,145.805,19898780015
USDJPY,20240903,1900,145.807,145.833,145.562,145.628,15084400001
USDJPY,20240903,2000,145.629,145.711,145.444,145.454,17092230000
USDJPY,20240903,2100,145.446,145.486,145.376,145.409,587610000
USDJPY,20240903,2200,145.402,145.556,145.271,145.332,7970260000
USDJPY,20240903,2300,145.332,145.395,145.089,145.363,15177510000
USDJPY,20240904,0000,145.365,145.552,144.889,145.174,28485330000
USDJPY,20240904,0100,145.173,145.533,145.142,145.405,16636430000
USDJPY,20240904,0200,145.404,145.504,145.218,145.443,19654580000
USDJPY,20240904,0300,145.444,145.546,145.266,145.310,16707080000
USDJPY,20240904,0400,145.311,145.538,145.210,145.249,16343390002
USDJPY,20240904,0500,145.249,145.256,145.027,145.168,22641350002
USDJPY,20240904,0600,145.165,145.316,144.856,144.874,30391050000
USDJPY,20240904,0700,144.875,145.043,144.753,144.983,39331320000
USDJPY,20240904,0800,144.984,145.230,144.917,145.206,24471380000
USDJPY,20240904,0900,145.209,145.268,145.073,145.105,17337780000
USDJPY,20240904,1000,145.107,145.188,144.935,145.069,14383210000
USDJPY,20240904,1100,145.068,145.092,144.860,144.885,24537880000
USDJPY,20240904,1200,144.890,145.215,144.880,145.074,34951020000
USDJPY,20240904,1300,145.072,145.147,144.748,144.777,45680160000
USDJPY,20240904,1400,144.248,144.414,143.998,144.118,71010040000
USDJPY,20240904,1500,144.118,144.416,144.033,144.306,41484190000
USDJPY,20240904,1600,144.307,144.370,144.010,144.048,29272910000
USDJPY,20240904,1700,144.047,144.081,143.942,144.072,18515630000
USDJPY,20240904,1800,144.078,144.125,143.856,143.888,17291290000
USDJPY,20240904,1900,143.887,143.943,143.793,143.822,20335130000
USDJPY,20240904,2000,143.830,143.872,143.708,143.724,11332710000
USDJPY,20240904,2100,143.721,143.721,143.594,143.642,470610000
USDJPY,20240904,2200,143.642,143.746,143.509,143.621,5497580000
USDJPY,20240904,2300,143.620,143.685,143.183,143.335,16128410000
USDJPY,20240905,0000,143.334,143.802,143.298,143.718,35781260000
USDJPY,20240905,0100,143.717,143.831,143.431,143.702,23142780000
USDJPY,20240905,0200,143.704,143.903,143.605,143.831,22536690000
USDJPY,20240905,0300,143.830,143.878,143.676,143.760,16599640000
USDJPY,20240905,0400,143.760,143.852,143.487,143.574,14366950000
USDJPY,20240905,0500,143.573,143.597,143.320,143.397,15320370000
USDJPY,20240905,0600,143.400,143.450,143.048,143.235,28427410000
USDJPY,20240905,0700,143.237,143.735,143.224,143.611,29841970000
USDJPY,20240905,0800,143.610,143.749,143.526,143.573,29290210001
USDJPY,20240905,0900,143.573,143.646,143.426,143.604,24847930000
USDJPY,20240905,1000,143.602,143.646,143.466,143.491,21591080000
USDJPY,20240905,1100,143.490,143.570,143.414,143.449,22544450000
USDJPY,20240905,1200,143.448,143.598,142.847,143.098,52768460000
USDJPY,20240905,1300,143.098,143.266,143.036,143.192,42710370002
USDJPY,20240905,1400,143.148,144.228,143.148,143.916,64646170000
USDJPY,20240905,1500,143.919,144.024,143.411,143.433,41359410001
USDJPY,20240905,1600,143.432,143.541,143.369,143.433,25879040000
USDJPY,20240905,1700,143.432,143.449,143.194,143.349,22653440000
USDJPY,20240905,1800,143.348,143.481,143.202,143.417,23202350000
USDJPY,20240905,1900,143.418,143.504,143.311,143.458,21095400001
USDJPY,20240905,2000,143.458,143.488,143.375,143.429,11784590000
USDJPY,20240905,2100,143.422,143.440,143.345,143.404,551370000
USDJPY,20240905,2200,143.405,143.454,143.323,143.414,2975660000
USDJPY,20240905,2300,143.411,143.477,143.345,143.385,6944440000
USDJPY,20240906,0000,143.386,143.417,143.150,143.174,21127480000
USDJPY,20240906,0100,143.176,143.363,143.099,143.274,11193500000
USDJPY,20240906,0200,143.274,143.308,143.171,143.198,7604800000
USDJPY,20240906,0300,143.197,143.223,142.983,143.030,9476620000
USDJPY,20240906,0400,143.030,143.031,142.887,142.995,14345260000
USDJPY,20240906,0500,142.992,143.006,142.407,142.605,22875890000
USDJPY,20240906,0600,142.603,142.650,142.253,142.390,36789970000
USDJPY,20240906,0700,142.391,142.536,142.053,142.523,46355060000
USDJPY,20240906,0800,142.522,142.724,142.480,142.612,36090640000
USDJPY,20240906,0900,142.613,142.890,142.592,142.801,23834320000
USDJPY,20240906,1000,142.803,142.957,142.794,142.853,23346920000
USDJPY,20240906,1100,142.853,143.126,142.824,143.058,27893200000
USDJPY,20240906,1200,143.061,144.041,141.986,142.986,56628600000
USDJPY,20240906,1300,142.987,143.898,142.794,143.520,63307610000
USDJPY,20240906,1400,143.519,143.542,142.210,142.439,55856399999
USDJPY,20240906,1500,141.891,142.751,141.853,142.142,79353160000
USDJPY,20240906,1600,142.142,142.665,142.077,142.442,40257670000
USDJPY,20240906,1700,142.444,142.690,142.233,142.423,37468820001
USDJPY,20240906,1800,142.426,142.481,142.243,142.359,31575140000
USDJPY,20240906,1900,142.357,142.477,142.357,142.420,13248180000
USDJPY,20240906,2000,142.416,142.437,142.239,142.251,11468730000
USDJPY,20240908,2100,142.172,142.333,142.045,142.100,1390180000
USDJPY,20240908,2200,142.101,142.310,141.948,142.146,7555410000
USDJPY,20240908,2300,142.144,142.525,142.088,142.487,22018300000
USDJPY,20240909,0000,142.487,142.741,142.414,142.697,35696060000
USDJPY,20240909,0100,142.699,142.980,142.613,142.955,25432480000
USDJPY,20240909,0200,142.956,142.989,142.700,142.817,15944950000
USDJPY,20240909,0300,142.818,142.957,142.637,142.757,19465140000
USDJPY,20240909,0400,142.758,143.091,142.739,142.973,18815670000
USDJPY,20240909,0500,142.972,143.069,142.773,142.911,20312770000
USDJPY,20240909,0600,142.912,143.055,142.795,143.002,40393690000
USDJPY,20240909,0700,143.005,143.358,143.005,143.158,42807700000
USDJPY,20240909,0800,143.159,143.431,143.096,143.380,24616420000
USDJPY,20240909,0900,143.380,143.574,143.264,143.486,28702470000
USDJPY,20240909,1000,143.486,143.777,143.473,143.668,24868410000
USDJPY,20240909,1100,143.668,143.795,143.537,143.609,26874330000
USDJPY,20240909,1200,143.603,143.696,143.093,143.231,28096130000
USDJPY,20240909,1300,143.232,143.232,142.726,142.793,44832150000
USDJPY,20240909,1400,142.792,142.990,142.650,142.737,35271320000
USDJPY,20240909,1500,142.736,143.009,142.715,142.925,33651640000
USDJPY,20240909,1600,142.925,142.952,142.824,142.883,21937010000
USDJPY,20240909,1700,142.880,142.917,142.715,142.814,21399650000
USDJPY,20240909,1800,142.814,142.895,142.761,142.807,16687950000
USDJPY,20240909,1900,142.807,142.961,142.779,142.955,13085040000
USDJPY,20240909,2000,142.953,143.210,142.948,143.153,6998150000
USDJPY,20240909,2100,143.147,143.147,143.078,143.124,383670000
USDJPY,20240909,2200,143.122,143.137,142.852,143.039,4923590000
USDJPY,20240909,2300,143.039,143.295,143.039,143.181,8848260000
USDJPY,20240910,0000,143.180,143.487,143.113,143.465,31182070000
USDJPY,20240910,0100,143.466,143.543,143.353,143.422,18295650000
USDJPY,20240910,0200,143.417,143.431,143.189,143.401,14802710000
USDJPY,20240910,0300,143.400,143.426,143.173,143.235,15925830000
USDJPY,20240910,0400,143.237,143.280,143.052,143.080,9202380000
USDJPY,20240910,0500,143.080,143.186,143.031,143.155,12379200000
USDJPY,20240910,0600,143.154,143.453,143.092,143.399,24068390000
USDJPY,20240910,0700,143.397,143.614,143.337,143.602,35003840000
USDJPY,20240910,0800,143.610,143.708,143.439,143.510,32812400000
USDJPY,20240910,0900,143.512,143.519,143.153,143.161,22817410000
USDJPY,20240910,1000,143.163,143.212,142.948,143.039,24021630000
USDJPY,20240910,1100,143.040,143.188,142.994,143.126,23945750000
USDJPY,20240910,1200,143.124,143.189,142.753,142.861,16285020000
USDJPY,20240910,1300,142.863,143.110,142.827,143.005,19354380000
USDJPY,20240910,1400,143.007,143.047,142.530,142.717,32993740000
USDJPY,20240910,1500,142.716,142.730,142.258,142.287,30366030000
USDJPY,20240910,1600,142.286,142.473,142.192,142.461,22355310000
USDJPY,20240910,1700,142.461,142.568,142.325,142.393,19783010000
USDJPY,20240910,1800,142.394,142.460,142.224,142.346,21437480000
USDJPY,20240910,1900,142.347,142.388,142.290,142.308,16041930000
USDJPY,20240910,2000,142.308,142.489,142.299,142.422,11210230000
USDJPY,20240910,2100,142.401,142.416,142.277,142.414,322650000
USDJPY,20240910,2200,142.413,142.472,142.336,142.447,2182970000
USDJPY,20240910,2300,142.445,142.467,142.209,142.229,6402480000
USDJPY,20240911,0000,142.231,142.293,142.019,142.286,25235170000
USDJPY,20240911,0100,142.288,142.425,141.498,141.828,33057980000
USDJPY,20240911,0200,141.829,141.900,141.558,141.832,25108790000
USDJPY,20240911,0300,141.830,141.959,141.255,141.396,18328470000
USDJPY,20240911,0400,141.396,141.397,140.889,141.090,27365730000
USDJPY,20240911,0500,141.088,141.293,140.707,141.282,32139100000
USDJPY,20240911,0600,141.287,141.451,141.146,141.374,31953620000
USDJPY,20240911,0700,141.375,141.543,141.167,141.387,47901020000
USDJPY,20240911,0800,141.386,141.696,141.331,141.533,34404530000
USDJPY,20240911,0900,141.534,141.577,141.289,141.568,29624700000
USDJPY,20240911,1000,141.569,141.694,141.487,141.575,23650360000
USDJPY,20240911,1100,141.579,141.822,141.504,141.689,26880030000
USDJPY,20240911,1200,141.690,142.546,141.689,142.291,49354520000
USDJPY,20240911,1300,142.296,142.495,141.780,141.814,48241960000
USDJPY,20240911,1400,141.814,141.950,141.247,141.424,56100690000
USDJPY,20240911,1500,141.426,141.820,141.379,141.726,45221349999
USDJPY,20240911,1600,141.726,142.035,141.724,141.947,32794370000
USDJPY,20240911,1700,141.950,142.324,141.899,142.203,27053730000
USDJPY,20240911,1800,142.204,142.250,142.094,142.201,16631400000
USDJPY,20240911,1900,142.204,142.411,142.193,142.373,19350810000
USDJPY,20240911,2000,142.373,142.456,142.341,142.341,24682890001
USDJPY,20240911,2100,142.337,142.340,142.258,142.276,770520000
USDJPY,20240911,2200,142.277,142.470,142.225,142.457,3150610000
USDJPY,20240911,2300,142.454,142.674,142.441,142.635,7007600000
USDJPY,20240912,0000,142.637,142.949,142.610,142.683,25093390000
USDJPY,20240912,0100,142.685,142.706,142.256,142.541,29216580000
USDJPY,20240912,0200,142.539,142.633,142.347,142.527,19003090000
USDJPY,20240912,0300,142.524,142.607,142.350,142.590,16857130000
USDJPY,20240912,0400,142.591,142.843,142.578,142.787,17976920000
USDJPY,20240912,0500,142.786,142.911,142.614,142.832,25982380000
USDJPY,20240912,0600,142.831,142.839,142.465,142.575,28619900000
USDJPY,20240912,0700,142.577,143.044,142.551,142.766,41593290000
USDJPY,20240912,0800,142.764,142.764,142.534,142.582,44795570000
USDJPY,20240912,0900,142.583,142.709,142.517,142.675,28898180000
USDJPY,20240912,1000,142.676,142.776,142.586,142.618,29390900000
USDJPY,20240912,1100,142.620,142.641,142.369,142.567,28407600000
USDJPY,20240912,1200,142.564,142.619,141.962,142.098,50776590000
USDJPY,20240912,1300,142.097,142.432,141.909,142.007,46857850000
USDJPY,20240912,1400,142.011,142.661,142.004,142.484,44720660000
USDJPY,20240912,1500,142.483,142.557,142.192,142.240,35483670000
USDJPY,20240912,1600,142.240,142.655,142.211,142.516,34433920000
USDJPY,20240912,1700,142.514,142.568,142.239,142.271,28487860000
USDJPY,20240912,1800,142.269,142.366,141.911,142.023,28306670000
USDJPY,20240912,1900,142.026,142.089,141.749,141.880,22086770000
USDJPY,20240912,2000,141.878,141.924,141.722,141.791,20648300000
USDJPY,20240912,2100,141.791,141.837,141.720,141.833,395730000
USDJPY,20240912,2200,141.830,141.874,141.695,141.841,3506250000
USDJPY,20240912,2300,141.841,141.841,141.426,141.509,12433190000
USDJPY,20240913,0000,141.509,141.557,141.164,141.194,29825750000
USDJPY,20240913,0100,141.192,141.294,140.999,141.226,27031830000
USDJPY,20240913,0200,141.229,141.289,140.774,141.035,21848290000
USDJPY,20240913,0300,141.038,141.132,140.813,140.976,16989290000
USDJPY,20240913,0400,140.976,141.020,140.644,140.955,15837410000
USDJPY,20240913,0500,140.954,141.174,140.742,140.858,18421300000
USDJPY,20240913,0600,140.860,141.173,140.829,141.088,39347840000
USDJPY,20240913,0700,141.089,141.412,140.821,140.912,39881790000
USDJPY,20240913,0800,140.914,140.968,140.407,140.700,46800160000
USDJPY,20240913,0900,140.699,140.733,140.361,140.572,29147700000
USDJPY,20240913,1000,140.571,140.717,140.364,140.697,30496290000
USDJPY,20240913,1100,140.697,140.979,140.598,140.831,26970840000
USDJPY,20240913,1200,140.832,141.019,140.700,140.726,29515260000
USDJPY,20240913,1300,140.725,140.727,140.281,140.352,40634140000
USDJPY,20240913,1400,140.342,140.770,140.281,140.639,37633390000
USDJPY,20240913,1500,140.639,140.675,140.338,140.662,24361460000
USDJPY,20240913,1600,140.668,140.941,140.589,140.811,31255410000
USDJPY,20240913,1700,140.811,140.964,140.769,140.908,24273470000
USDJPY,20240913,1800,140.907,141.007,140.836,140.931,20205620000
USDJPY,20240913,1900,140.932,140.966,140.884,140.929,8979460000
USDJPY,20240913,2000,140.928,140.937,140.768,140.780,11842150000
USDJPY,20240915,2100,140.704,140.898,140.556,140.700,642300000
USDJPY,20240915,2200,140.696,140.780,140.451,140.689,7237860000
USDJPY,20240915,2300,140.686,140.896,140.684,140.844,11005490000
USDJPY,20240916,0000,140.845,140.849,140.422,140.525,19512850000
USDJPY,20240916,0100,140.522,140.586,140.445,140.540,15860450000
USDJPY,20240916,0200,140.541,140.563,140.475,140.534,14531790000
USDJPY,20240916,0300,140.533,140.543,140.047,140.120,16926090000
USDJPY,20240916,0400,140.120,140.300,139.948,140.214,25594480000
USDJPY,20240916,0500,140.213,140.287,140.064,140.192,14289030000
USDJPY,20240916,0600,140.190,140.231,139.724,139.852,31321320000
USDJPY,20240916,0700,139.854,139.933,139.576,139.875,35908140000
USDJPY,20240916,0800,139.876,139.943,139.732,139.851,35697830000
USDJPY,20240916,0900,139.850,140.275,139.829,140.204,29054200000
USDJPY,20240916,1000,140.204,140.230,140.022,140.124,33274060000
USDJPY,20240916,1100,140.124,140.165,139.876,139.886,28185330001
USDJPY,20240916,1200,139.884,140.443,139.752,140.238,43034120000
USDJPY,20240916,1300,140.236,140.481,140.208,140.455,46956830001
USDJPY,20240916,1400,140.455,140.707,140.321,140.448,38739200000
USDJPY,20240916,1500,140.448,140.912,140.426,140.800,32818560000
USDJPY,20240916,1600,140.797,140.856,140.602,140.640,25635720000
USDJPY,20240916,1700,140.642,140.766,140.600,140.677,17819280000
USDJPY,20240916,1800,140.677,140.739,140.615,140.712,20718850000
USDJPY,20240916,1900,140.712,140.881,140.695,140.700,14559180000
USDJPY,20240916,2000,140.700,140.720,140.573,140.599,7780650000
USDJPY,20240916,2100,140.593,140.610,140.549,140.601,268290000
USDJPY,20240916,2200,140.606,140.866,140.602,140.859,4555350000
USDJPY,20240916,2300,140.858,141.240,140.754,140.796,15972380000
USDJPY,20240917,0000,140.795,140.843,140.474,140.663,21713050000
USDJPY,20240917,0100,140.663,140.668,140.338,140.442,24533610000
USDJPY,20240917,0200,140.445,140.586,140.320,140.570,18107890000
USDJPY,20240917,0300,140.572,140.667,140.459,140.597,20807210000
USDJPY,20240917,0400,140.594,140.753,140.573,140.678,16718470000
USDJPY,20240917,0500,140.680,140.803,140.504,140.700,20732870000
USDJPY,20240917,0600,140.699,140.723,140.514,140.678,25366520000
USDJPY,20240917,0700,140.679,140.696,140.348,140.600,31641210000
USDJPY,20240917,0800,140.598,140.695,140.438,140.570,22001360000
USDJPY,20240917,0900,140.570,140.650,140.472,140.641,23221570000
USDJPY,20240917,1000,140.640,140.680,140.575,140.666,17644530000
USDJPY,20240917,1100,140.666,140.741,140.479,140.605,17061840000
USDJPY,20240917,1200,140.604,141.126,140.541,140.970,46953260000
USDJPY,20240917,1300,140.968,141.662,140.868,141.580,55629240000
USDJPY,20240917,1400,141.583,141.901,141.529,141.699,59830200000
USDJPY,20240917,1500,141.699,141.811,141.583,141.774,30786000000
USDJPY,20240917,1600,141.775,141.994,141.689,141.734,25078300000
USDJPY,20240917,1700,141.734,142.006,141.719,141.901,23667230000
USDJPY,20240917,1800,141.904,141.987,141.795,141.809,21762970000
USDJPY,20240917,1900,141.810,142.297,141.780,142.223,21102190000
USDJPY,20240917,2000,142.221,142.464,142.196,142.392,14108120000
USDJPY,20240917,2100,142.390,142.390,142.320,142.340,349180000
USDJPY,20240917,2200,142.351,142.376,142.009,142.042,8687870000
USDJPY,20240917,2300,142.043,142.097,141.894,142.006,10671940000
USDJPY,20240918,0000,142.008,142.020,141.546,141.649,24991670000
USDJPY,20240918,0100,141.648,141.762,141.468,141.519,20301800000
USDJPY,20240918,0200,141.518,141.624,141.376,141.468,11921000000
USDJPY,20240918,0300,141.466,141.466,141.290,141.391,14383220000
USDJPY,20240918,0400,141.390,141.555,141.223,141.315,15800380000
USDJPY,20240918,0500,141.316,141.540,141.278,141.532,12077020000
USDJPY,20240918,0600,141.532,141.704,141.439,141.545,18690140000
USDJPY,20240918,0700,141.546,141.928,141.529,141.878,21554980000
USDJPY,20240918,0800,141.882,141.994,141.650,141.710,21614610000
USDJPY,20240918,0900,141.710,141.810,141.568,141.646,14868780000
USDJPY,20240918,1000,141.646,141.707,141.549,141.605,18200580000
USDJPY,20240918,1100,141.604,141.912,141.558,141.846,23016490000
USDJPY,20240918,1200,141.846,142.058,141.812,141.925,26257670000
USDJPY,20240918,1300,141.923,141.923,141.677,141.760,29137310000
USDJPY,20240918,1400,141.758,142.066,141.696,142.000,32088080000
USDJPY,20240918,1500,142.003,142.035,141.862,141.934,27587030000
USDJPY,20240918,1600,141.933,141.989,141.839,141.882,22266970000
USDJPY,20240918,1700,141.882,142.063,141.808,141.902,24024770000
USDJPY,20240918,1800,141.902,141.902,140.435,141.127,71717650003
USDJPY,20240918,1900,141.131,142.711,141.127,142.439,66632390001
USDJPY,20240918,2000,142.439,142.491,142.202,142.269,35386209997
USDJPY,20240918,2100,142.261,142.292,142.105,142.105,860490000
USDJPY,20240918,2200,142.105,142.208,141.876,142.107,8986329998
USDJPY,20240918,2300,142.107,142.751,142.104,142.699,20998040000
USDJPY,20240919,0000,142.698,143.591,142.698,143.486,40264370001
USDJPY,20240919,0100,143.489,143.944,143.418,143.727,27404660000
USDJPY,20240919,0200,143.728,143.764,143.169,143.202,35258840000
USDJPY,20240919,0300,143.201,143.320,142.948,143.164,30729440000
USDJPY,20240919,0400,143.168,143.292,143.052,143.177,23200720000
USDJPY,20240919,0500,143.178,143.200,142.552,142.572,21279740000
USDJPY,20240919,0600,142.568,142.756,142.094,142.243,33346810000
USDJPY,20240919,0700,142.244,142.548,142.039,142.506,40518350000
USDJPY,20240919,0800,142.508,142.917,142.455,142.791,37254740000
USDJPY,20240919,0900,142.791,142.976,142.682,142.757,34335480000
USDJPY,20240919,1000,142.756,143.170,142.727,142.829,28198260000
USDJPY,20240919,1100,142.827,143.253,142.761,142.917,31509690000
USDJPY,20240919,1200,142.919,143.760,142.706,143.755,53689850001
USDJPY,20240919,1300,143.755,143.766,143.276,143.327,54392110000
USDJPY,20240919,1400,143.324,143.337,142.802,142.913,46364190001
USDJPY,20240919,1500,142.918,142.984,142.728,142.883,23887520000
USDJPY,20240919,1600,142.882,143.133,142.854,143.035,22801130000
USDJPY,20240919,1700,143.036,143.115,142.901,142.919,15774740000
USDJPY,20240919,1800,142.914,142.931,142.526,142.658,18620120000
USDJPY,20240919,1900,142.660,142.743,142.572,142.632,18427480000
USDJPY,20240919,2000,142.633,142.673,142.524,142.610,17186690000
USDJPY,20240919,2100,142.605,142.640,142.504,142.616,300030000
USDJPY,20240919,2200,142.614,142.665,142.519,142.660,4406470000
USDJPY,20240919,2300,142.660,142.923,142.646,142.862,14562050000
USDJPY,20240920,0000,142.860,142.892,142.405,142.405,26704120000
USDJPY,20240920,0100,142.405,142.476,142.137,142.396,27190400000
USDJPY,20240920,0200,142.396,142.773,142.298,142.462,12563180000
USDJPY,20240920,0300,142.462,142.481,141.952,142.289,19313700000
USDJPY,20240920,0400,142.290,142.308,142.099,142.184,15614610000
USDJPY,20240920,0500,142.184,142.370,142.142,142.278,17066850000
USDJPY,20240920,0600,142.282,143.042,141.736,142.979,47437520000
USDJPY,20240920,0700,142.980,143.644,142.817,143.628,41470950000
USDJPY,20240920,0800,143.628,143.880,143.477,143.807,44112790000
USDJPY,20240920,0900,143.807,143.943,143.644,143.936,35521620000
USDJPY,20240920,1000,143.937,144.267,143.771,144.255,25906310000
USDJPY,20240920,1100,144.258,144.430,144.211,144.216,31975020000
USDJPY,20240920,1200,144.217,144.285,143.575,143.666,41918290000
USDJPY,20240920,1300,143.668,144.090,143.466,144.072,48756180000
USDJPY,20240920,1400,144.074,144.445,144.026,144.420,45703830000
USDJPY,20240920,1500,144.423,144.495,143.847,143.907,48212750000
USDJPY,20240920,1600,143.911,143.930,143.647,143.753,35159510000
USDJPY,20240920,1700,143.752,144.151,143.738,143.975,27123410000
USDJPY,20240920,1800,143.975,143.977,143.800,143.870,26117550000
USDJPY,20240920,1900,143.872,143.920,143.719,143.917,31942830000
USDJPY,20240920,2000,143.918,144.048,143.808,143.808,17836330000
USDJPY,20240922,2100,143.754,144.045,143.669,143.823,821040000
USDJPY,20240922,2200,143.823,144.039,143.672,143.919,9375950000
USDJPY,20240922,2300,143.920,144.089,143.806,144.079,10366930000
USDJPY,20240923,0000,144.086,144.258,144.025,144.120,17703280000
USDJPY,20240923,0100,144.120,144.459,144.120,144.370,19841030000
USDJPY,20240923,0200,144.371,144.447,144.303,144.362,11540160000
USDJPY,20240923,0300,144.361,144.401,144.261,144.315,9855270000
USDJPY,20240923,0400,144.316,144.350,144.179,144.256,9276680000
USDJPY,20240923,0500,144.255,144.317,144.101,144.113,10122090000
USDJPY,20240923,0600,144.114,144.195,143.865,143.988,31234780000
USDJPY,20240923,0700,143.990,144.040,143.550,143.666,50474420000
USDJPY,20240923,0800,143.665,143.744,143.435,143.589,39265520000
USDJPY,20240923,0900,143.588,143.744,143.517,143.626,34850410000
USDJPY,20240923,1000,143.625,143.666,143.278,143.371,34465950000
USDJPY,20240923,1100,143.368,143.643,143.162,143.609,28169210000
USDJPY,20240923,1200,143.615,143.876,143.454,143.772,39166640000
USDJPY,20240923,1300,143.772,144.205,143.457,144.052,39335690000
USDJPY,20240923,1400,144.056,144.345,143.707,143.771,51142460000
USDJPY,20240923,1500,143.770,143.942,143.571,143.593,35445770000
USDJPY,20240923,1600,143.592,143.627,143.312,143.344,26299450000
USDJPY,20240923,1700,143.343,143.404,143.251,143.404,25894840000
USDJPY,20240923,1800,143.403,143.435,143.292,143.317,19479200000
USDJPY,20240923,1900,143.318,143.510,143.318,143.489,16782150000
USDJPY,20240923,2000,143.490,143.645,143.489,143.594,11113350000
USDJPY,20240923,2100,143.592,143.592,143.455,143.563,539060000
USDJPY,20240923,2200,143.566,143.700,143.549,143.629,3938150000
USDJPY,20240923,2300,143.629,143.778,143.516,143.633,5679050000
USDJPY,20240924,0000,143.632,143.735,143.408,143.550,21863370000
USDJPY,20240924,0100,143.549,143.908,143.522,143.630,17180530000
USDJPY,20240924,0200,143.629,143.712,143.374,143.666,17852820000
USDJPY,20240924,0300,143.667,143.854,143.568,143.772,10931240000
USDJPY,20240924,0400,143.772,143.941,143.750,143.842,11769950000
USDJPY,20240924,0500,143.847,144.194,143.836,144.092,19236810000
USDJPY,20240924,0600,144.091,144.466,144.071,144.426,32417450000
USDJPY,20240924,0700,144.429,144.679,144.241,144.452,30389480000
USDJPY,20240924,0800,144.453,144.635,144.215,144.288,40144120000
USDJPY,20240924,0900,144.288,144.477,144.211,144.265,24662370000
USDJPY,20240924,1000,144.267,144.354,143.874,143.935,21487430000
USDJPY,20240924,1100,143.935,144.164,143.828,143.976,24043600000
USDJPY,20240924,1200,143.981,144.121,143.781,143.963,34874300000
USDJPY,20240924,1300,143.969,144.205,143.896,144.090,37377350000
USDJPY,20240924,1400,144.097,144.097,143.429,143.670,47887130000
USDJPY,20240924,1500,143.670,143.867,143.598,143.777,19242710000
USDJPY,20240924,1600,143.776,143.794,143.400,143.461,16646740000
USDJPY,20240924,1700,143.462,143.710,143.433,143.475,11754990000
USDJPY,20240924,1800,143.474,143.493,143.271,143.383,16594740000
USDJPY,20240924,1900,143.384,143.436,143.221,143.239,15213290000
USDJPY,20240924,2000,143.239,143.257,143.111,143.211,7387170000
USDJPY,20240924,2100,143.207,143.250,143.122,143.160,1219720000
USDJPY,20240924,2200,143.159,143.245,142.887,143.043,4746750000
USDJPY,20240924,2300,143.043,143.148,142.930,142.946,8400480001
USDJPY,20240925,0000,142.945,143.308,142.906,143.173,29853840000
USDJPY,20240925,0100,143.173,143.473,143.096,143.448,18164340000
USDJPY,20240925,0200,143.447,143.494,143.244,143.345,10962040000
USDJPY,20240925,0300,143.347,143.451,143.286,143.298,9741560000
USDJPY,20240925,0400,143.297,143.395,143.218,143.253,10666800000
USDJPY,20240925,0500,143.254,143.374,143.180,143.255,12529210000
USDJPY,20240925,0600,143.258,143.739,143.222,143.682,20118800000
USDJPY,20240925,0700,143.685,143.907,143.572,143.878,26247010000
USDJPY,20240925,0800,143.879,144.064,143.879,143.937,15579120000
USDJPY,20240925,0900,143.937,144.260,143.907,144.184,12219580000
USDJPY,20240925,1000,144.185,144.296,144.065,144.283,16611910000
USDJPY,20240925,1100,144.282,144.442,144.262,144.303,28340820000
USDJPY,20240925,1200,144.301,144.408,144.142,144.200,34957890000
USDJPY,20240925,1300,144.201,144.212,143.858,144.046,44273580000
USDJPY,20240925,1400,144.050,144.396,144.045,144.357,38114980000
USDJPY,20240925,1500,144.359,144.603,144.311,144.403,26608670000
USDJPY,20240925,1600,144.403,144.538,144.372,144.532,27033110000
USDJPY,20240925,1700,144.532,144.740,144.484,144.551,25207030000
USDJPY,20240925,1800,144.552,144.717,144.515,144.678,24381610000
USDJPY,20240925,1900,144.681,144.768,144.606,144.759,16277490000
USDJPY,20240925,2000,144.758,144.841,144.733,144.739,9515430000
USDJPY,20240925,2100,144.739,144.739,144.652,144.658,699090000
USDJPY,20240925,2200,144.674,144.680,144.563,144.647,6786810000
USDJPY,20240925,2300,144.648,144.764,144.613,144.714,7866150000
USDJPY,20240926,0000,144.714,144.721,144.443,144.495,17965680000
USDJPY,20240926,0100,144.495,144.945,144.473,144.813,14020160000
USDJPY,20240926,0200,144.814,144.945,144.763,144.834,12653180000
USDJPY,20240926,0300,144.835,145.035,144.788,144.929,8812110000
USDJPY,20240926,0400,144.928,144.964,144.626,144.691,16076420000
USDJPY,20240926,0500,144.691,144.868,144.634,144.718,12775200000
USDJPY,20240926,0600,144.719,144.857,144.615,144.831,29141130000
USDJPY,20240926,0700,144.833,145.169,144.715,145.024,44366330000
USDJPY,20240926,0800,145.024,145.198,144.678,144.825,32458650000
USDJPY,20240926,0900,144.826,144.968,144.703,144.705,26430790000
USDJPY,20240926,1000,144.706,144.746,144.335,144.358,31565620000
USDJPY,20240926,1100,144.358,144.430,144.156,144.164,22797870000
USDJPY,20240926,1200,144.163,144.723,144.109,144.563,36216610000
USDJPY,20240926,1300,144.562,144.704,144.310,144.569,42276290000
USDJPY,20240926,1400,144.576,145.212,144.554,144.834,43205640000
USDJPY,20240926,1500,144.833,144.947,144.610,144.677,33696720000
USDJPY,20240926,1600,144.677,144.902,144.676,144.856,23078260000
USDJPY,20240926,1700,144.855,144.856,144.535,144.716,26955670000
USDJPY,20240926,1800,144.717,144.771,144.562,144.622,15233880000
USDJPY,20240926,1900,144.622,144.686,144.508,144.661,18057180000
USDJPY,20240926,2000,144.660,144.899,144.658,144.784,9087090000
USDJPY,20240926,2100,144.775,144.831,144.725,144.773,471750000
USDJPY,20240926,2200,144.772,144.970,144.746,144.875,3451240000
USDJPY,20240926,2300,144.875,145.142,144.871,145.082,9247480000
USDJPY,20240927,0000,145.081,145.471,144.935,145.462,29100830001
USDJPY,20240927,0100,145.461,145.576,145.268,145.306,20140070000
USDJPY,20240927,0200,145.312,145.345,144.964,145.090,13835100000
USDJPY,20240927,0300,145.090,145.263,144.981,145.251,13481290000
USDJPY,20240927,0400,145.252,145.800,145.252,145.792,12788010000
USDJPY,20240927,0500,145.791,146.491,145.754,146.251,30446400000
USDJPY,20240927,0600,146.255,146.351,143.131,143.171,42734910000
USDJPY,20240927,0700,143.171,143.467,142.778,143.193,27078470000
USDJPY,20240927,0800,143.191,143.769,142.949,143.140,22083050000
USDJPY,20240927,0900,143.138,143.492,143.065,143.130,19034610000
USDJPY,20240927,1000,143.132,143.328,142.959,143.223,16726660000
USDJPY,20240927,1100,143.224,143.365,143.086,143.107,23276190000
USDJPY,20240927,1200,143.105,143.220,142.499,142.518,32126320000
USDJPY,20240927,1300,142.521,142.994,142.496,142.539,37393090000
USDJPY,20240927,1400,142.538,143.071,142.388,142.858,48117970000
USDJPY,20240927,1500,142.857,143.085,142.557,142.599,37015060001
USDJPY,20240927,1600,142.599,142.702,142.407,142.509,24641700000
USDJPY,20240927,1700,142.507,142.602,142.282,142.327,21381200000
USDJPY,20240927,1800,142.326,142.416,142.077,142.167,15670180000
USDJPY,20240927,1900,142.168,142.265,142.066,142.154,17585650000
USDJPY,20240927,2000,142.161,142.282,142.130,142.150,7813930000
USDJPY,20240929,2100,142.129,142.303,142.094,142.244,1045440000
USDJPY,20240929,2200,142.249,142.709,142.243,142.674,10398690000
USDJPY,20240929,2300,142.675,142.952,142.580,142.786,13101440000
USDJPY,20240930,0000,142.786,142.841,142.456,142.685,25744060000
USDJPY,20240930,0100,142.686,142.842,142.414,142.468,17940210000
USDJPY,20240930,0200,142.465,142.549,142.267,142.521,21213020000
USDJPY,20240930,0300,142.520,142.526,142.332,142.450,15229210000
USDJPY,20240930,0400,142.449,142.501,142.081,142.126,13352320000
USDJPY,20240930,0500,142.125,142.156,141.655,141.703,21545780000
USDJPY,20240930,0600,141.701,142.079,141.642,142.053,29667460000
USDJPY,20240930,0700,142.053,142.428,141.918,142.367,28383610000
USDJPY,20240930,0800,142.369,142.578,142.342,142.532,39916890000
USDJPY,20240930,0900,142.532,142.600,142.450,142.530,21344290000
USDJPY,20240930,1000,142.530,142.798,142.530,142.602,22574180000
USDJPY,20240930,1100,142.602,142.611,142.404,142.556,22770960000
USDJPY,20240930,1200,142.555,142.998,142.542,142.944,29546800000
USDJPY,20240930,1300,142.947,143.142,142.744,143.124,36316930000
USDJPY,20240930,1400,143.122,143.190,142.821,143.032,52002950000
USDJPY,20240930,1500,143.033,143.368,142.993,143.262,39426930000
USDJPY,20240930,1600,143.256,143.318,143.076,143.116,21096110001
USDJPY,20240930,1700,143.113,143.127,142.924,143.093,22472630000
USDJPY,20240930,1800,143.096,143.915,143.088,143.684,46984100000
USDJPY,20240930,1900,143.683,143.909,143.641,143.729,26890120000
USDJPY,20240930,2000,143.729,143.745,143.601,143.626,14536570000
USDJPY,20240930,2100,143.615,143.628,143.523,143.545,367350000
USDJPY,20240930,2200,143.545,143.700,143.536,143.556,3728170000
USDJPY,20240930,2300,143.556,143.734,143.370,143.714,6248430000
USDJPY,20241001,0000,143.714,144.119,143.684,143.963,20261630000
USDJPY,20241001,0100,143.964,144.129,143.683,143.715,14980170000
USDJPY,20241001,0200,143.712,144.022,143.657,144.004,13093660000
USDJPY,20241001,0300,144.005,144.331,143.952,144.276,10614700000
USDJPY,20241001,0400,144.278,144.396,144.222,144.275,13504590000
USDJPY,20241001,0500,144.274,144.412,144.222,144.260,6591060000
USDJPY,20241001,0600,144.263,144.529,144.182,144.334,23136000000
USDJPY,20241001,0700,144.337,144.348,143.879,144.173,44923730001
USDJPY,20241001,0800,144.172,144.225,143.697,143.806,49728360000
USDJPY,20241001,0900,143.805,143.835,143.622,143.731,35994340000
USDJPY,20241001,1000,143.733,143.796,143.674,143.737,24663710000
USDJPY,20241001,1100,143.738,143.786,143.560,143.753,39923490000
USDJPY,20241001,1200,143.755,144.067,143.678,144.037,22495880000
USDJPY,20241001,1300,144.038,144.071,143.186,143.513,47286930000
USDJPY,20241001,1400,143.512,143.840,142.969,143.603,57154680000
USDJPY,20241001,1500,143.604,143.917,143.529,143.673,25795920000
USDJPY,20241001,1600,143.672,143.718,143.271,143.632,35935230000
USDJPY,20241001,1700,143.633,143.853,143.320,143.819,30831080000
USDJPY,20241001,1800,143.819,143.919,143.598,143.667,23190260000
USDJPY,20241001,1900,143.666,143.743,143.509,143.558,24247270000
USDJPY,20241001,2000,143.560,143.588,143.499,143.549,17267600000
USDJPY,20241001,2100,143.538,143.581,143.518,143.581,456000000
USDJPY,20241001,2200,143.608,143.621,143.421,143.511,5077940000
USDJPY,20241001,2300,143.512,143.760,143.505,143.723,9642430000
USDJPY,20241002,0000,143.724,143.883,143.648,143.816,23626450000
USDJPY,20241002,0100,143.814,143.912,143.559,143.899,17030590000
USDJPY,20241002,0200,143.901,144.024,143.858,144.000,9417820000
USDJPY,20241002,0300,144.002,144.185,143.880,144.132,13115680000
USDJPY,20241002,0400,144.132,144.148,143.574,143.730,17246520000
USDJPY,20241002,0500,143.729,143.852,143.530,143.708,30530740000
USDJPY,20241002,0600,143.706,144.023,143.656,143.895,28436860000
USDJPY,20241002,0700,143.899,144.186,143.899,144.066,28153390000
USDJPY,20241002,0800,144.066,144.324,143.948,144.322,28614340000
USDJPY,20241002,0900,144.326,144.410,144.202,144.262,25860570000
USDJPY,20241002,1000,144.261,144.855,144.073,144.791,31648950000
USDJPY,20241002,1100,144.793,144.889,144.620,144.698,32617830000
USDJPY,20241002,1200,144.698,145.444,144.674,145.368,38761790000
USDJPY,20241002,1300,145.369,145.752,145.296,145.742,48367560000
USDJPY,20241002,1400,145.742,146.265,145.578,146.192,56017100000
USDJPY,20241002,1500,146.189,146.254,146.027,146.046,38456640000
USDJPY,20241002,1600,146.046,146.163,145.910,146.030,21931060000
USDJPY,20241002,1700,146.027,146.191,145.965,146.170,17080910000
USDJPY,20241002,1800,146.169,146.373,146.167,146.330,10191870000
USDJPY,20241002,1900,146.328,146.478,146.295,146.442,10223860000
USDJPY,20241002,2000,146.443,146.516,146.374,146.449,19547330000
USDJPY,20241002,2100,146.447,146.451,146.284,146.351,418050000
USDJPY,20241002,2200,146.350,146.910,146.282,146.593,9959630000
USDJPY,20241002,2300,146.593,146.794,146.430,146.575,14429260000
USDJPY,20241003,0000,146.577,147.060,146.462,146.988,24489560000
USDJPY,20241003,0100,146.990,147.239,146.797,146.800,19410470000
USDJPY,20241003,0200,146.797,146.922,146.681,146.780,15691910000
USDJPY,20241003,0300,146.781,146.964,146.775,146.850,17643740000
USDJPY,20241003,0400,146.852,146.932,146.675,146.721,16835550000
USDJPY,20241003,0500,146.718,146.811,146.531,146.557,19056070000
USDJPY,20241003,0600,146.557,146.775,146.475,146.727,25555960000
USDJPY,20241003,0700,146.726,146.858,146.301,146.450,31483190000
USDJPY,20241003,0800,146.452,146.790,146.391,146.750,30551210000
USDJPY,20241003,0900,146.749,146.988,146.744,146.922,29870290000
USDJPY,20241003,1000,146.922,146.945,146.818,146.833,15145220000
USDJPY,20241003,1100,146.835,146.992,146.584,146.664,26095500000
USDJPY,20241003,1200,146.665,146.860,146.491,146.769,34294200000
USDJPY,20241003,1300,146.771,146.787,146.472,146.590,43912710000
USDJPY,20241003,1400,146.622,147.179,146.620,146.774,65888190000
USDJPY,20241003,1500,146.773,146.846,146.601,146.829,36814460000
USDJPY,20241003,1600,146.830,146.927,146.706,146.716,23314440000
USDJPY,20241003,1700,146.716,146.716,146.577,146.653,25198850000
USDJPY,20241003,1800,146.654,146.885,146.652,146.869,20178500000
USDJPY,20241003,1900,146.869,146.883,146.759,146.859,9803840000
USDJPY,20241003,2000,146.858,146.967,146.854,146.915,7250550000
USDJPY,20241003,2100,146.915,146.915,146.762,146.859,649350000
USDJPY,20241003,2200,146.859,146.891,146.787,146.854,2846610000
USDJPY,20241003,2300,146.853,146.857,146.719,146.842,6320800000
USDJPY,20241004,0000,146.841,146.929,146.613,146.644,24019700000
USDJPY,20241004,0100,146.642,146.675,146.524,146.548,20872980000
USDJPY,20241004,0200,146.549,146.564,146.389,146.408,12375260000
USDJPY,20241004,0300,146.405,146.498,146.352,146.374,10637670000
USDJPY,20241004,0400,146.371,146.383,146.148,146.230,22957290000
USDJPY,20241004,0500,146.228,146.309,145.918,146.084,17518090000
USDJPY,20241004,0600,146.085,146.233,145.948,146.220,27279310000
USDJPY,20241004,0700,146.220,146.341,146.177,146.304,31473380000
USDJPY,20241004,0800,146.305,146.410,146.247,146.336,17819460000
USDJPY,20241004,0900,146.337,146.477,146.336,146.473,24859010000
USDJPY,20241004,1000,146.475,146.562,146.412,146.496,19231600000
USDJPY,20241004,1100,146.496,146.630,146.442,146.589,24717810000
USDJPY,20241004,1200,146.592,148.691,146.402,148.641,35496200000
USDJPY,20241004,1300,148.648,148.805,148.319,148.403,30027210000
USDJPY,20241004,1400,148.403,148.569,148.308,148.497,22983310000
USDJPY,20241004,1500,148.500,148.761,148.427,148.696,35356420000
USDJPY,20241004,1600,148.696,149.004,148.674,148.937,25787090000
USDJPY,20241004,1700,148.935,148.952,148.789,148.793,22670580000
USDJPY,20241004,1800,148.792,148.882,148.756,148.870,21216030000
USDJPY,20241004,1900,148.866,148.895,148.766,148.767,16541890000
USDJPY,20241004,2000,148.767,148.770,148.631,148.631,13838880000
USDJPY,20241006,2100,148.653,148.856,148.653,148.772,1237350000
USDJPY,20241006,2200,148.772,149.125,148.772,148.937,7019060000
USDJPY,20241006,2300,148.936,149.111,148.773,148.794,9644270000
USDJPY,20241007,0000,148.792,148.792,148.353,148.421,31265340000
USDJPY,20241007,0100,148.423,148.566,148.323,148.383,24991710000
USDJPY,20241007,0200,148.383,148.584,148.217,148.578,15956380000
USDJPY,20241007,0300,148.579,148.646,148.356,148.404,17273920000
USDJPY,20241007,0400,148.405,148.539,148.336,148.537,15178260000
USDJPY,20241007,0500,148.540,148.616,148.400,148.430,11484270000
USDJPY,20241007,0600,148.430,148.544,148.335,148.384,27245570000
USDJPY,20241007,0700,148.384,148.447,148.152,148.272,31760120001
USDJPY,20241007,0800,148.274,148.356,148.061,148.319,33862070000
USDJPY,20241007,0900,148.317,148.486,148.211,148.343,30355660000
USDJPY,20241007,1000,148.342,148.644,148.290,148.635,27853270000
USDJPY,20241007,1100,148.635,148.685,148.162,148.271,30567350000
USDJPY,20241007,1200,148.269,148.271,148.025,148.166,46649310000
USDJPY,20241007,1300,148.168,148.235,147.830,147.918,52301250000
USDJPY,20241007,1400,147.920,148.244,147.883,148.221,43127700000
USDJPY,20241007,1500,148.220,148.275,148.000,148.126,28368770000
USDJPY,20241007,1600,148.124,148.192,147.991,148.005,14862760000
USDJPY,20241007,1700,148.005,148.047,147.885,148.019,17389890000
USDJPY,20241007,1800,148.019,148.107,147.951,148.102,23646550000
USDJPY,20241007,1900,148.101,148.159,148.024,148.077,17393740000
USDJPY,20241007,2000,148.073,148.209,148.062,148.172,9758460000
USDJPY,20241007,2100,148.168,148.168,148.099,148.116,612960000
USDJPY,20241007,2200,148.116,148.169,147.570,147.695,7042410000
USDJPY,20241007,2300,147.689,148.159,147.680,148.127,17629940000
USDJPY,20241008,0000,148.129,148.191,147.740,147.822,25435940000
USDJPY,20241008,0100,147.823,147.940,147.749,147.843,19135870000
USDJPY,20241008,0200,147.842,147.859,147.510,147.689,25596810000
USDJPY,20241008,0300,147.691,147.959,147.687,147.914,14508980000
USDJPY,20241008,0400,147.914,148.103,147.902,148.078,20843110000
USDJPY,20241008,0500,148.078,148.162,147.837,147.972,19905100000
USDJPY,20241008,0600,147.976,148.127,147.840,147.990,28499720000
USDJPY,20241008,0700,147.991,148.060,147.343,147.591,39171950000
USDJPY,20241008,0800,147.592,147.851,147.528,147.837,28195830000
USDJPY,20241008,0900,147.838,147.955,147.721,147.825,19066220000
USDJPY,20241008,1000,147.826,147.995,147.780,147.878,22252750000
USDJPY,20241008,1100,147.879,147.999,147.811,147.853,18677100000
USDJPY,20241008,1200,147.852,148.176,147.852,148.036,30440660000
USDJPY,20241008,1300,148.037,148.286,147.951,148.251,37676840000
USDJPY,20241008,1400,148.253,148.335,148.112,148.311,31040930000
USDJPY,20241008,1500,148.312,148.362,148.175,148.226,24768040000
USDJPY,20241008,1600,148.227,148.271,148.040,148.153,15877150000
USDJPY,20241008,1700,148.151,148.293,148.151,148.246,16903330000
USDJPY,20241008,1800,148.246,148.366,148.200,148.354,23299440000
USDJPY,20241008,1900,148.353,148.382,148.263,148.283,5982130000
USDJPY,20241008,2000,148.282,148.323,148.161,148.180,13686150000
USDJPY,20241008,2100,148.179,148.215,148.141,148.213,188490000
USDJPY,20241008,2200,148.244,148.305,148.192,148.202,1100710000
USDJPY,20241008,2300,148.201,148.311,148.112,148.141,6648120000
USDJPY,20241009,0000,148.141,148.233,148.010,148.223,15732360000
USDJPY,20241009,0100,148.225,148.431,148.159,148.175,13625970000
USDJPY,20241009,0200,148.174,148.296,148.074,148.271,15907630000
USDJPY,20241009,0300,148.271,148.348,148.182,148.319,12442650000
USDJPY,20241009,0400,148.319,148.367,148.281,148.335,7488690000
USDJPY,20241009,0500,148.336,148.612,148.312,148.594,18500670000
USDJPY,20241009,0600,148.592,148.653,148.426,148.444,21845600000
USDJPY,20241009,0700,148.442,148.562,148.264,148.541,28076470000
USDJPY,20241009,0800,148.542,148.729,148.480,148.718,22216330000
USDJPY,20241009,0900,148.720,148.755,148.560,148.617,22135720000
USDJPY,20241009,1000,148.618,148.694,148.507,148.599,18990040000
USDJPY,20241009,1100,148.600,148.737,148.508,148.721,19749200000
USDJPY,20241009,1200,148.720,148.914,148.671,148.905,22696970000
USDJPY,20241009,1300,148.907,149.121,148.813,149.111,26904470000
USDJPY,20241009,1400,149.111,149.176,149.032,149.145,21302070000
USDJPY,20241009,1500,149.144,149.265,149.071,149.198,20509780000
USDJPY,20241009,1600,149.198,149.297,149.191,149.237,11475590000
USDJPY,20241009,1700,149.235,149.292,149.171,149.185,7566500000
USDJPY,20241009,1800,149.174,149.365,149.157,149.361,11020680000
USDJPY,20241009,1900,149.358,149.358,149.235,149.319,14449390000
USDJPY,20241009,2000,149.319,149.355,149.284,149.284,6757380000
USDJPY,20241009,2100,149.284,149.284,149.008,149.158,983970000
USDJPY,20241009,2200,149.158,149.299,149.137,149.232,2979110000
USDJPY,20241009,2300,149.230,149.293,149.192,149.267,717600000
USDJPY,20241010,0000,149.064,149.290,149.001,149.212,17175730000
USDJPY,20241010,0100,149.213,149.213,149.065,149.092,10783320000
USDJPY,20241010,0200,149.093,149.220,149.069,149.212,10130420000
USDJPY,20241010,0300,149.210,149.225,149.142,149.221,6638940000
USDJPY,20241010,0400,149.226,149.544,149.226,149.398,13748500000
USDJPY,20241010,0500,149.398,149.472,149.204,149.259,11208300000
USDJPY,20241010,0600,149.258,149.258,149.049,149.116,25663230000
USDJPY,20241010,0700,149.117,149.183,148.902,149.018,29338640000
USDJPY,20241010,0800,149.018,149.210,148.983,149.068,18656970000
USDJPY,20241010,0900,149.067,149.097,148.830,148.881,20059610000
USDJPY,20241010,1000,148.882,148.935,148.775,148.845,16088140000
USDJPY,20241010,1100,148.845,149.091,148.845,148.953,20513050000
USDJPY,20241010,1200,148.955,149.565,148.226,148.605,40561460001
USDJPY,20241010,1300,148.604,148.765,148.395,148.563,34429230000
USDJPY,20241010,1400,148.566,148.878,148.350,148.713,35511880000
USDJPY,20241010,1500,148.712,148.824,148.442,148.567,39819630000
USDJPY,20241010,1600,148.567,148.959,148.439,148.918,29045220001
USDJPY,20241010,1700,148.916,149.080,148.730,148.812,29882240000
USDJPY,20241010,1800,148.813,148.839,148.627,148.751,17038560000
USDJPY,20241010,1900,148.749,148.754,148.494,148.565,11645420000
USDJPY,20241010,2000,148.564,148.593,148.512,148.554,8264560000
USDJPY,20241010,2100,148.555,148.555,148.496,148.516,571110000
USDJPY,20241010,2200,148.516,148.658,148.506,148.658,2208870000
USDJPY,20241010,2300,148.652,148.746,148.561,148.707,4543920000
USDJPY,20241011,0000,148.712,148.762,148.413,148.460,13842620000
USDJPY,20241011,0100,148.456,148.796,148.401,148.759,10009600000
USDJPY,20241011,0200,148.760,148.777,148.640,148.666,8878260000
USDJPY,20241011,0300,148.662,148.732,148.581,148.711,12663310000
USDJPY,20241011,0400,148.710,148.762,148.669,148.713,9677940000
USDJPY,20241011,0500,148.710,148.731,148.603,148.690,9023240000
USDJPY,20241011,0600,148.691,148.856,148.661,148.694,17866750000
USDJPY,20241011,0700,148.692,148.809,148.661,148.773,24114910000
USDJPY,20241011,0800,148.774,148.826,148.670,148.736,12437220000
USDJPY,20241011,0900,148.737,148.956,148.725,148.940,18583360000
USDJPY,20241011,1000,148.942,149.083,148.904,149.060,15482110000
USDJPY,20241011,1100,149.059,149.140,148.998,149.003,13496070000
USDJPY,20241011,1200,149.004,149.261,148.771,149.061,32608930000
USDJPY,20241011,1300,149.060,149.177,148.974,149.112,22943720000
USDJPY,20241011,1400,149.094,149.282,148.994,149.261,31540930000
USDJPY,20241011,1500,149.259,149.270,149.066,149.123,15960930000
USDJPY,20241011,1600,149.121,149.129,148.977,149.003,11613250000
USDJPY,20241011,1700,149.000,149.105,148.955,149.032,8072040000
USDJPY,20241011,1800,149.036,149.110,149.036,149.108,3709710000
USDJPY,20241011,1900,149.107,149.150,149.084,149.138,5127340000
USDJPY,20241011,2000,149.138,149.173,149.071,149.091,4123490000
USDJPY,20241013,2100,149.029,149.186,148.987,149.102,2089560000
USDJPY,20241013,2200,149.121,149.334,149.111,149.332,4379090000
USDJPY,20241013,2300,149.331,149.391,149.229,149.305,3462740000
USDJPY,20241014,0000,149.306,149.367,149.140,149.217,8471260000
USDJPY,20241014,0100,149.216,149.278,149.144,149.212,9716160000
USDJPY,20241014,0200,149.210,149.318,149.191,149.315,6691170000
USDJPY,20241014,0300,149.316,149.353,149.257,149.327,13297970000
USDJPY,20241014,0400,149.327,149.335,149.264,149.287,3281540000
USDJPY,20241014,0500,149.287,149.321,149.167,149.221,8320350000
USDJPY,20241014,0600,149.225,149.241,149.174,149.207,13662390000
USDJPY,20241014,0700,149.209,149.393,149.183,149.357,14847000000
USDJPY,20241014,0800,149.358,149.468,149.324,149.421,12398290000
USDJPY,20241014,0900,149.423,149.428,149.344,149.398,5520600000
USDJPY,20241014,1000,149.399,149.538,149.397,149.518,6009570000
USDJPY,20241014,1100,149.518,149.726,149.509,149.639,16894990000
USDJPY,20241014,1200,149.641,149.800,149.626,149.739,12661810000
USDJPY,20241014,1300,149.742,149.881,149.693,149.780,10867150000
USDJPY,20241014,1400,149.783,149.959,149.783,149.840,15298090000
USDJPY,20241014,1500,149.838,149.895,149.802,149.825,7728490000
USDJPY,20241014,1600,149.825,149.938,149.803,149.932,7093620000
USDJPY,20241014,1700,149.934,149.936,149.850,149.871,4623240000
USDJPY,20241014,1800,149.873,149.915,149.832,149.901,3876100000
USDJPY,20241014,1900,149.903,149.981,149.707,149.760,16697300000
USDJPY,20241014,2000,149.763,149.791,149.710,149.746,3320870000
USDJPY,20241014,2100,149.746,149.781,149.697,149.757,515460000
USDJPY,20241014,2200,149.760,149.786,149.709,149.730,1832970000
USDJPY,20241014,2300,149.729,149.837,149.666,149.715,6293490000
USDJPY,20241015,0000,149.722,149.744,149.526,149.578,20881930000
USDJPY,20241015,0100,149.577,149.598,149.441,149.523,9803580000
USDJPY,20241015,0200,149.526,149.711,149.505,149.620,8924950000
USDJPY,20241015,0300,149.621,149.715,149.572,149.708,5698980000
USDJPY,20241015,0400,149.711,149.758,149.667,149.676,3631020000
USDJPY,20241015,0500,149.679,149.699,149.439,149.636,14460000000
USDJPY,20241015,0600,149.637,149.638,149.304,149.307,18891600000
USDJPY,20241015,0700,149.306,149.335,149.168,149.233,22945040000
USDJPY,20241015,0800,149.235,149.244,149.036,149.153,21117160000
USDJPY,20241015,0900,149.154,149.165,148.848,148.904,27888610000
USDJPY,20241015,1000,148.902,149.184,148.875,149.142,15308680000
USDJPY,20241015,1100,149.142,149.369,149.141,149.350,16459580000
USDJPY,20241015,1200,149.353,149.415,148.997,149.083,29992260000
USDJPY,20241015,1300,149.084,149.246,149.072,149.186,30609830000
USDJPY,20241015,1400,149.187,149.344,148.933,149.229,32512430000
USDJPY,20241015,1500,149.230,149.316,149.168,149.220,27823000000
USDJPY,20241015,1600,149.221,149.481,149.220,149.448,12092170000
USDJPY,20241015,1700,149.449,149.539,149.422,149.431,11404610000
USDJPY,20241015,1800,149.431,149.455,149.238,149.276,10064880000
USDJPY,20241015,1900,149.276,149.289,149.165,149.239,9300420000
USDJPY,20241015,2000,149.240,149.246,149.180,149.186,9004660000
USDJPY,20241015,2100,149.185,149.199,149.151,149.178,557460000
USDJPY,20241015,2200,149.177,149.260,149.156,149.230,2713120000
USDJPY,20241015,2300,149.229,149.336,149.072,149.088,7513190000
USDJPY,20241016,0000,149.089,149.285,149.030,149.269,15297180000
USDJPY,20241016,0100,149.269,149.299,148.861,149.028,16609390000
USDJPY,20241016,0200,149.026,149.115,148.953,149.087,9113940000
USDJPY,20241016,0300,149.087,149.199,149.035,149.171,16908620000
USDJPY,20241016,0400,149.170,149.282,149.133,149.262,15204340000
USDJPY,20241016,0500,149.262,149.373,149.184,149.359,18168840000
USDJPY,20241016,0600,149.359,149.370,149.167,149.267,20019180000
USDJPY,20241016,0700,149.267,149.486,149.166,149.451,23355170000
USDJPY,20241016,0800,149.449,149.488,149.308,149.462,18735740000
USDJPY,20241016,0900,149.466,149.470,149.179,149.273,11994910000
USDJPY,20241016,1000,149.274,149.389,149.214,149.381,14036530000
USDJPY,20241016,1100,149.380,149.422,149.146,149.172,15500300000
USDJPY,20241016,1200,149.173,149.480,149.144,149.448,26901110000
USDJPY,20241016,1300,149.448,149.535,149.205,149.311,25874800000
USDJPY,20241016,1400,149.313,149.745,149.295,149.627,31614680000
USDJPY,20241016,1500,149.628,149.742,149.544,149.717,19395670000
USDJPY,20241016,1600,149.716,149.773,149.694,149.744,10179100000
USDJPY,20241016,1700,149.744,149.792,149.721,149.753,7609030000
USDJPY,20241016,1800,149.752,149.800,149.743,149.774,10504530000
USDJPY,20241016,1900,149.774,149.805,149.716,149.718,7411450000
USDJPY,20241016,2000,149.718,149.725,149.601,149.621,8638630000
USDJPY,20241016,2100,149.619,149.619,149.562,149.574,676500000
USDJPY,20241016,2200,149.574,149.660,149.522,149.572,2042820000
USDJPY,20241016,2300,149.573,149.663,149.525,149.562,3120040000
USDJPY,20241017,0000,149.563,149.617,149.435,149.545,11050650000
USDJPY,20241017,0100,149.551,149.565,149.294,149.377,14280730000
USDJPY,20241017,0200,149.378,149.421,149.240,149.410,14502520000
USDJPY,20241017,0300,149.408,149.568,149.408,149.553,13354590000
USDJPY,20241017,0400,149.554,149.574,149.394,149.540,10583100000
USDJPY,20241017,0500,149.540,149.562,149.452,149.510,18460410000
USDJPY,20241017,0600,149.510,149.648,149.439,149.631,14739050000
USDJPY,20241017,0700,149.635,149.792,149.631,149.773,17916970000
USDJPY,20241017,0800,149.772,149.869,149.733,149.835,15152180000
USDJPY,20241017,0900,149.834,149.834,149.610,149.638,13235940000
USDJPY,20241017,1000,149.639,149.639,149.547,149.619,12362110000
USDJPY,20241017,1100,149.620,149.648,149.486,149.524,8061060000
USDJPY,20241017,1200,149.526,150.081,149.461,149.829,34545070000
USDJPY,20241017,1300,149.830,149.953,149.636,149.787,40942660000
USDJPY,20241017,1400,149.788,150.043,149.730,150.020,32301800000
USDJPY,20241017,1500,150.020,150.152,149.924,150.126,24563790000
USDJPY,20241017,1600,150.127,150.297,150.118,150.209,14764630000
USDJPY,20241017,1700,150.209,150.256,150.142,150.249,9132700000
USDJPY,20241017,1800,150.250,150.280,150.188,150.276,12352800000
USDJPY,20241017,1900,150.277,150.321,150.196,150.220,9734880000
USDJPY,20241017,2000,150.218,150.244,150.187,150.199,5061250000
USDJPY,20241017,2100,150.199,150.199,150.126,150.156,647970000
USDJPY,20241017,2200,150.156,150.225,150.127,150.211,1835470000
USDJPY,20241017,2300,150.211,150.284,150.068,150.101,4539680000
USDJPY,20241018,0000,150.103,150.148,149.899,150.046,16109240000
USDJPY,20241018,0100,150.048,150.062,149.871,150.013,14281570000
USDJPY,20241018,0200,150.014,150.093,149.903,149.920,15130780000
USDJPY,20241018,0300,149.920,149.973,149.854,149.889,10851930000
USDJPY,20241018,0400,149.890,150.015,149.864,149.898,11377590000
USDJPY,20241018,0500,149.896,149.914,149.769,149.879,17264720000
USDJPY,20241018,0600,149.885,150.012,149.796,149.959,16726110000
USDJPY,20241018,0700,149.958,150.135,149.921,150.093,18234630000
USDJPY,20241018,0800,150.093,150.155,149.885,149.919,14924910000
USDJPY,20241018,0900,149.919,149.943,149.835,149.921,15935370000
USDJPY,20241018,1000,149.922,149.977,149.578,149.939,20985059999
USDJPY,20241018,1100,149.940,150.099,149.915,150.004,17762390000
USDJPY,20241018,1200,150.006,150.083,149.787,149.861,20535950000
USDJPY,20241018,1300,149.861,149.923,149.693,149.736,18137600000
USDJPY,20241018,1400,149.737,149.749,149.591,149.599,18736330000
USDJPY,20241018,1500,149.600,149.650,149.513,149.580,15888230000
USDJPY,20241018,1600,149.579,149.629,149.363,149.416,13371880000
USDJPY,20241018,1700,149.418,149.646,149.411,149.593,8355540000
USDJPY,20241018,1800,149.592,149.595,149.456,149.528,11501250000
USDJPY,20241018,1900,149.527,149.568,149.461,149.520,14222780000
USDJPY,20241018,2000,149.520,149.547,149.451,149.503,6034390000
USDJPY,20241020,2100,149.439,149.551,149.412,149.515,1428640000
USDJPY,20241020,2200,149.527,149.641,149.515,149.564,3501280000
USDJPY,20241020,2300,149.564,149.624,149.477,149.602,2652470000
USDJPY,20241021,0000,149.603,149.615,149.252,149.380,17062750000
USDJPY,20241021,0100,149.383,149.409,149.094,149.201,17091230000
USDJPY,20241021,0200,149.202,149.284,149.095,149.223,9483720000
USDJPY,20241021,0300,149.221,149.242,149.086,149.223,9529970000
USDJPY,20241021,0400,149.223,149.355,149.201,149.318,12095540000
USDJPY,20241021,0500,149.317,149.371,149.199,149.361,11536200000
USDJPY,20241021,0600,149.364,149.644,149.301,149.631,16572560000
USDJPY,20241021,0700,149.629,149.855,149.620,149.835,24483250000
USDJPY,20241021,0800,149.835,149.950,149.822,149.945,16598690000
USDJPY,20241021,0900,149.947,150.090,149.821,150.060,18961890000
USDJPY,20241021,1000,150.061,150.078,149.893,149.942,13869150000
USDJPY,20241021,1100,149.937,149.957,149.859,149.923,13941310001
USDJPY,20241021,1200,149.924,150.028,149.745,149.918,26615090000
USDJPY,20241021,1300,149.919,150.144,149.918,150.127,28372960000
USDJPY,20241021,1400,150.126,150.276,150.093,150.236,24442620000
USDJPY,20241021,1500,150.236,150.485,150.193,150.469,22971620000
USDJPY,20241021,1600,150.469,150.557,150.441,150.516,10448790000
USDJPY,20241021,1700,150.515,150.796,150.503,150.749,13553950001
USDJPY,20241021,1800,150.751,150.830,150.712,150.774,12527370000
USDJPY,20241021,1900,150.775,150.838,150.729,150.772,9127240000
USDJPY,20241021,2000,150.773,150.884,150.761,150.829,7713510000
USDJPY,20241021,2100,150.829,150.832,150.668,150.719,2409840000
USDJPY,20241021,2200,150.721,150.766,150.633,150.682,3371390000
USDJPY,20241021,2300,150.681,150.799,150.598,150.620,5739350000
USDJPY,20241022,0000,150.620,150.763,150.579,150.629,15025820000
USDJPY,20241022,0100,150.629,150.706,150.494,150.661,13638430000
USDJPY,20241022,0200,150.660,150.845,150.630,150.831,9928500000
USDJPY,20241022,0300,150.831,150.983,150.809,150.922,11596790000
USDJPY,20241022,0400,150.922,151.102,150.845,150.873,16870240001
USDJPY,20241022,0500,150.872,150.992,150.783,150.845,15183050001
USDJPY,20241022,0600,150.845,150.876,150.662,150.826,23109840000
USDJPY,20241022,0700,150.826,151.059,150.693,151.000,23970790000
USDJPY,20241022,0800,151.004,151.034,150.788,150.987,23365060000
USDJPY,20241022,0900,150.987,151.024,150.802,150.884,17097820000
USDJPY,20241022,1000,150.884,150.906,150.749,150.845,9270060000
USDJPY,20241022,1100,150.844,150.936,150.781,150.863,9456440000
USDJPY,20241022,1200,150.865,150.923,150.765,150.910,21806080000
USDJPY,20241022,1300,150.911,150.950,150.602,150.920,23380910000
USDJPY,20241022,1400,150.918,151.073,150.855,150.975,19382840000
USDJPY,20241022,1500,150.978,151.144,150.899,151.106,15450820000
USDJPY,20241022,1600,151.106,151.194,151.048,151.056,8276090000
USDJPY,20241022,1700,151.060,151.116,150.947,150.979,9045660000
USDJPY,20241022,1800,150.978,151.070,150.898,151.060,4489300000
USDJPY,20241022,1900,151.061,151.123,151.049,151.117,9483860000
USDJPY,20241022,2000,151.118,151.150,151.063,151.063,2992590000
USDJPY,20241022,2100,151.063,151.063,150.953,151.024,593490000
USDJPY,20241022,2200,151.025,151.080,151.025,151.066,1607490000
USDJPY,20241022,2300,151.064,151.159,151.049,151.153,6986120000
USDJPY,20241023,0000,151.152,151.473,151.135,151.467,16755640000
USDJPY,20241023,0100,151.466,151.805,151.429,151.644,21018330000
USDJPY,20241023,0200,151.643,151.789,151.635,151.740,11789120000
USDJPY,20241023,0300,151.739,151.830,151.719,151.749,13183780000
USDJPY,20241023,0400,151.748,152.133,151.730,152.071,17762310000
USDJPY,20241023,0500,152.070,152.268,152.021,152.165,13729170000
USDJPY,20241023,0600,152.166,152.379,152.115,152.293,30899599999
USDJPY,20241023,0700,152.290,152.557,152.270,152.369,28548170000
USDJPY,20241023,0800,152.369,152.549,152.316,152.415,22226220001
USDJPY,20241023,0900,152.412,152.759,152.405,152.724,22312140001
USDJPY,20241023,1000,152.724,152.874,152.606,152.823,24490650000
USDJPY,20241023,1100,152.820,153.073,152.762,153.052,26445660000
USDJPY,20241023,1200,153.053,153.185,152.910,153.068,37043130000
USDJPY,20241023,1300,153.067,153.083,152.839,153.066,38161140000
USDJPY,20241023,1400,153.067,153.106,152.920,153.025,27945890000
USDJPY,20241023,1500,153.024,153.051,152.760,152.820,26967559999
USDJPY,20241023,1600,152.821,152.931,152.817,152.860,20714690000
USDJPY,20241023,1700,152.856,152.905,152.765,152.771,12779060000
USDJPY,20241023,1800,152.775,152.775,152.470,152.663,19083340000
USDJPY,20241023,1900,152.664,152.693,152.553,152.591,17955340000
USDJPY,20241023,2000,152.589,152.763,152.553,152.744,18085230000
USDJPY,20241023,2100,152.744,152.744,152.629,152.658,324030000
USDJPY,20241023,2200,152.666,152.827,152.663,152.750,3363000000
USDJPY,20241023,2300,152.749,152.799,152.605,152.769,7086400000
USDJPY,20241024,0000,152.767,152.767,152.516,152.640,26695040001
USDJPY,20241024,0100,152.637,152.792,152.605,152.677,20215310000
USDJPY,20241024,0200,152.676,152.696,152.339,152.429,19854980000
USDJPY,20241024,0300,152.430,152.518,152.352,152.398,12679350000
USDJPY,20241024,0400,152.397,152.398,152.106,152.214,16910050000
USDJPY,20241024,0500,152.215,152.387,152.199,152.382,17294090000
USDJPY,20241024,0600,152.382,152.384,152.049,152.054,24280790000
USDJPY,20241024,0700,152.057,152.315,152.025,152.127,34052230000
USDJPY,20241024,0800,152.126,152.248,151.919,152.007,22673100000
USDJPY,20241024,0900,152.008,152.075,151.829,151.988,22310400000
USDJPY,20241024,1000,151.987,151.988,151.820,151.855,11617090000
USDJPY,20241024,1100,151.854,152.071,151.766,152.050,23757180000
USDJPY,20241024,1200,152.051,152.321,151.832,152.052,46201540001
USDJPY,20241024,1300,152.052,152.325,151.941,152.200,46702970000
USDJPY,20241024,1400,152.199,152.279,151.850,151.926,41896220001
USDJPY,20241024,1500,151.927,151.977,151.782,151.869,26036400000
USDJPY,20241024,1600,151.871,151.882,151.658,151.687,21418150000
USDJPY,20241024,1700,151.688,151.782,151.552,151.623,20105370000
USDJPY,20241024,1800,151.622,151.848,151.614,151.822,23421130000
USDJPY,20241024,1900,151.821,151.901,151.821,151.836,15636580000
USDJPY,20241024,2000,151.840,151.867,151.806,151.811,7978890000
USDJPY,20241024,2100,151.798,151.835,151.695,151.805,742590000
USDJPY,20241024,2200,151.815,151.820,151.681,151.691,1778610000
USDJPY,20241024,2300,151.690,151.815,151.582,151.789,8485010000
USDJPY,20241025,0000,151.792,152.104,151.751,152.008,17319240001
USDJPY,20241025,0100,152.007,152.063,151.794,151.845,11340510000
USDJPY,20241025,0200,151.848,151.889,151.737,151.832,9446130000
USDJPY,20241025,0300,151.833,151.903,151.815,151.846,13933870000
USDJPY,20241025,0400,151.846,151.868,151.608,151.705,18629090001
USDJPY,20241025,0500,151.705,151.745,151.452,151.730,21679650000
USDJPY,20241025,0600,151.728,152.001,151.677,151.862,23041020000
USDJPY,20241025,0700,151.861,152.037,151.821,151.955,29785479999
USDJPY,20241025,0800,151.952,152.057,151.918,151.965,24925870000
USDJPY,20241025,0900,151.964,152.095,151.911,152.001,15729120000
USDJPY,20241025,1000,152.000,152.027,151.865,151.896,10677900000
USDJPY,20241025,1100,151.896,151.937,151.697,151.794,15604920001
USDJPY,20241025,1200,151.792,152.093,151.792,151.918,23984570000
USDJPY,20241025,1300,151.920,152.161,151.835,152.001,31174640000
USDJPY,20241025,1400,152.003,152.116,151.908,152.029,36962790001
USDJPY,20241025,1500,152.030,152.141,151.922,152.082,23722850000
USDJPY,20241025,1600,152.082,152.229,152.053,152.196,13575710000
USDJPY,20241025,1700,152.196,152.296,152.098,152.164,12777290000
USDJPY,20241025,1800,152.163,152.280,152.097,152.244,16919710000
USDJPY,20241025,1900,152.244,152.378,152.239,152.255,22183740000
USDJPY,20241025,2000,152.255,152.352,152.181,152.244,11679690000
