<TICKER>,<DTYYYYMMDD>,<TIME>,<OPEN>,<HIGH>,<LOW>,<CLOSE>,<VOL>
EURJPY,20210101,0000,126.190,126.190,126.190,126.190,240
EURJPY,20210101,0100,126.190,126.190,126.190,126.190,240
EURJPY,20210101,0200,126.190,126.190,126.190,126.190,240
EURJPY,20210101,0300,126.190,126.190,126.190,126.190,240
EURJPY,20210101,0400,126.190,126.190,126.190,126.190,240
EURJPY,20210101,0500,126.190,126.190,126.190,126.190,240
EURJPY,20210101,0600,126.190,126.190,126.190,126.190,240
EURJPY,20210101,0700,126.190,126.190,126.190,126.190,240
EURJPY,20210101,0800,126.190,126.190,126.190,126.190,240
EURJPY,20210101,0900,126.190,126.190,126.190,126.190,240
EURJPY,20210101,1000,126.190,126.190,126.190,126.190,240
EURJPY,20210101,1100,126.190,126.190,126.190,126.190,240
EURJPY,20210101,1200,126.190,126.190,126.190,126.190,240
EURJPY,20210101,1300,126.190,126.190,126.190,126.190,240
EURJPY,20210101,1400,126.190,126.190,126.190,126.190,240
EURJPY,20210101,1500,126.190,126.190,126.190,126.190,240
EURJPY,20210101,1600,126.190,126.190,126.190,126.190,240
EURJPY,20210101,1700,126.190,126.190,126.190,126.190,240
EURJPY,20210101,1800,126.190,126.190,126.190,126.190,240
EURJPY,20210101,1900,126.190,126.190,126.190,126.190,240
EURJPY,20210101,2000,126.190,126.190,126.190,126.190,240
EURJPY,20210101,2100,126.190,126.190,126.190,126.190,4
EURJPY,20210103,2200,126.250,126.500,126.250,126.450,240
EURJPY,20210103,2300,126.460,126.460,126.100,126.140,240
EURJPY,20210104,0000,126.130,126.280,126.130,126.270,240
EURJPY,20210104,0100,126.260,126.310,126.150,126.180,240
EURJPY,20210104,0200,126.170,126.220,126.100,126.120,240
EURJPY,20210104,0300,126.130,126.160,126.110,126.130,240
EURJPY,20210104,0400,126.130,126.250,126.110,126.250,240
EURJPY,20210104,0500,126.240,126.260,126.130,126.210,240
EURJPY,20210104,0600,126.200,126.280,126.110,126.170,240
EURJPY,20210104,0700,126.180,126.280,126.150,126.270,240
EURJPY,20210104,0800,126.270,126.330,126.220,126.290,240
EURJPY,20210104,0900,126.280,126.370,126.240,126.330,240
EURJPY,20210104,1000,126.320,126.460,126.320,126.430,240
EURJPY,20210104,1100,126.440,126.630,126.400,126.630,240
EURJPY,20210104,1200,126.620,126.730,126.520,126.710,240
EURJPY,20210104,1300,126.700,126.770,126.590,126.640,240
EURJPY,20210104,1400,126.630,126.650,126.520,126.540,240
EURJPY,20210104,1500,126.540,126.590,126.410,126.420,240
EURJPY,20210104,1600,126.430,126.450,126.340,126.410,240
EURJPY,20210104,1700,126.400,126.430,126.270,126.320,240
EURJPY,20210104,1800,126.320,126.370,126.300,126.350,240
EURJPY,20210104,1900,126.340,126.340,126.260,126.330,240
EURJPY,20210104,2000,126.320,126.370,126.270,126.340,240
EURJPY,20210104,2100,126.340,126.340,126.250,126.310,240
EURJPY,20210104,2200,126.310,126.360,126.300,126.330,240
EURJPY,20210104,2300,126.340,126.380,126.330,126.370,240
EURJPY,20210105,0000,126.370,126.450,126.350,126.390,240
EURJPY,20210105,0100,126.390,126.540,126.370,126.520,240
EURJPY,20210105,0200,126.510,126.530,126.410,126.420,240
EURJPY,20210105,0300,126.430,126.430,126.330,126.360,240
EURJPY,20210105,0400,126.350,126.360,126.270,126.330,240
EURJPY,20210105,0500,126.330,126.330,126.230,126.270,240
EURJPY,20210105,0600,126.270,126.290,126.150,126.190,240
EURJPY,20210105,0700,126.200,126.330,126.140,126.300,240
EURJPY,20210105,0800,126.290,126.300,126.150,126.170,240
EURJPY,20210105,0900,126.180,126.330,126.180,126.270,240
EURJPY,20210105,1000,126.260,126.330,126.230,126.280,240
EURJPY,20210105,1100,126.280,126.300,126.200,126.250,240
EURJPY,20210105,1200,126.260,126.280,126.150,126.190,240
EURJPY,20210105,1300,126.200,126.240,126.030,126.060,240
EURJPY,20210105,1400,126.070,126.230,126.070,126.180,240
EURJPY,20210105,1500,126.190,126.280,126.140,126.230,240
EURJPY,20210105,1600,126.240,126.260,126.160,126.250,240
EURJPY,20210105,1700,126.250,126.290,126.180,126.180,240
EURJPY,20210105,1800,126.190,126.270,126.170,126.270,240
EURJPY,20210105,1900,126.280,126.290,126.190,126.220,240
EURJPY,20210105,2000,126.220,126.310,126.220,126.310,240
EURJPY,20210105,2100,126.310,126.330,126.270,126.290,240
EURJPY,20210105,2200,126.300,126.300,126.230,126.270,240
EURJPY,20210105,2300,126.270,126.440,126.120,126.370,240
EURJPY,20210106,0000,126.380,126.400,126.250,126.290,240
EURJPY,20210106,0100,126.300,126.330,126.250,126.250,240
EURJPY,20210106,0200,126.250,126.370,126.230,126.280,240
EURJPY,20210106,0300,126.290,126.400,126.240,126.370,240
EURJPY,20210106,0400,126.370,126.460,126.350,126.360,240
EURJPY,20210106,0500,126.360,126.560,126.360,126.520,240
EURJPY,20210106,0600,126.510,126.790,126.470,126.770,240
EURJPY,20210106,0700,126.780,126.800,126.660,126.730,240
EURJPY,20210106,0800,126.720,126.900,126.670,126.880,240
EURJPY,20210106,0900,126.890,126.930,126.820,126.850,240
EURJPY,20210106,1000,126.860,126.920,126.770,126.820,240
EURJPY,20210106,1100,126.810,127.010,126.780,127.000,240
EURJPY,20210106,1200,127.010,127.160,126.960,127.080,240
EURJPY,20210106,1300,127.090,127.100,126.890,127.010,240
EURJPY,20210106,1400,127.020,127.220,126.940,126.940,240
EURJPY,20210106,1500,126.960,126.970,126.810,126.890,240
EURJPY,20210106,1600,126.900,127.000,126.850,126.930,240
EURJPY,20210106,1700,126.930,127.020,126.890,126.990,240
EURJPY,20210106,1800,126.980,127.040,126.820,126.910,240
EURJPY,20210106,1900,126.920,127.040,126.890,126.970,240
EURJPY,20210106,2000,126.960,127.060,126.920,127.040,240
EURJPY,20210106,2100,127.030,127.050,126.940,127.030,240
EURJPY,20210106,2200,127.040,127.160,127.040,127.110,240
EURJPY,20210106,2300,127.110,127.120,126.960,127.080,240
EURJPY,20210107,0000,127.070,127.210,127.030,127.170,240
EURJPY,20210107,0100,127.170,127.210,127.120,127.140,240
EURJPY,20210107,0200,127.150,127.180,127.090,127.100,240
EURJPY,20210107,0300,127.100,127.160,127.090,127.090,240
EURJPY,20210107,0400,127.090,127.100,127.020,127.040,240
EURJPY,20210107,0500,127.050,127.180,127.050,127.140,240
EURJPY,20210107,0600,127.140,127.270,127.130,127.270,240
EURJPY,20210107,0700,127.260,127.290,127.060,127.090,240
EURJPY,20210107,0800,127.080,127.170,126.950,127.050,240
EURJPY,20210107,0900,127.060,127.080,126.900,126.990,240
EURJPY,20210107,1000,126.980,127.130,126.970,127.070,240
EURJPY,20210107,1100,127.070,127.200,127.050,127.110,240
EURJPY,20210107,1200,127.100,127.150,127.030,127.110,240
EURJPY,20210107,1300,127.120,127.360,127.090,127.230,240
EURJPY,20210107,1400,127.230,127.440,127.180,127.380,240
EURJPY,20210107,1500,127.370,127.410,127.310,127.320,240
EURJPY,20210107,1600,127.330,127.460,127.330,127.400,240
EURJPY,20210107,1700,127.400,127.470,127.380,127.420,240
EURJPY,20210107,1800,127.410,127.420,127.350,127.390,240
EURJPY,20210107,1900,127.380,127.420,127.310,127.360,240
EURJPY,20210107,2000,127.350,127.430,127.310,127.370,240
EURJPY,20210107,2100,127.370,127.390,127.300,127.370,240
EURJPY,20210107,2200,127.360,127.400,127.320,127.320,240
EURJPY,20210107,2300,127.340,127.390,127.240,127.280,240
EURJPY,20210108,0000,127.270,127.310,127.200,127.240,240
EURJPY,20210108,0100,127.240,127.290,127.200,127.250,240
EURJPY,20210108,0200,127.260,127.320,127.230,127.320,240
EURJPY,20210108,0300,127.310,127.330,127.250,127.330,240
EURJPY,20210108,0400,127.330,127.410,127.320,127.330,240
EURJPY,20210108,0500,127.320,127.420,127.320,127.410,240
EURJPY,20210108,0600,127.420,127.440,127.170,127.200,240
EURJPY,20210108,0700,127.210,127.230,127.030,127.070,240
EURJPY,20210108,0800,127.070,127.090,126.940,127.020,240
EURJPY,20210108,0900,127.030,127.140,127.020,127.120,240
EURJPY,20210108,1000,127.120,127.220,127.030,127.180,240
EURJPY,20210108,1100,127.180,127.220,127.130,127.220,240
EURJPY,20210108,1200,127.210,127.270,127.090,127.150,240
EURJPY,20210108,1300,127.160,127.340,127.150,127.240,240
EURJPY,20210108,1400,127.230,127.310,127.050,127.180,240
EURJPY,20210108,1500,127.170,127.330,127.170,127.260,240
EURJPY,20210108,1600,127.270,127.290,127.090,127.130,240
EURJPY,20210108,1700,127.140,127.150,126.800,126.820,240
EURJPY,20210108,1800,126.810,126.960,126.800,126.940,240
EURJPY,20210108,1900,126.930,127.060,126.900,127.050,240
EURJPY,20210108,2000,127.050,127.080,127.010,127.020,240
EURJPY,20210110,2200,126.970,126.970,126.800,126.830,240
EURJPY,20210110,2300,126.830,126.880,126.760,126.840,240
EURJPY,20210111,0000,126.830,126.880,126.790,126.860,240
EURJPY,20210111,0100,126.850,126.850,126.750,126.800,240
EURJPY,20210111,0200,126.800,126.820,126.760,126.800,240
EURJPY,20210111,0300,126.800,126.820,126.780,126.820,240
EURJPY,20210111,0400,126.820,126.890,126.800,126.880,240
EURJPY,20210111,0500,126.890,126.920,126.850,126.900,240
EURJPY,20210111,0600,126.910,126.940,126.840,126.880,240
EURJPY,20210111,0700,126.890,126.980,126.820,126.830,240
EURJPY,20210111,0800,126.840,126.870,126.580,126.590,240
EURJPY,20210111,0900,126.580,126.660,126.540,126.640,240
EURJPY,20210111,1000,126.650,126.690,126.600,126.650,240
EURJPY,20210111,1100,126.660,126.770,126.650,126.720,240
EURJPY,20210111,1200,126.720,126.760,126.570,126.580,240
EURJPY,20210111,1300,126.590,126.740,126.550,126.660,240
EURJPY,20210111,1400,126.670,126.720,126.620,126.710,240
EURJPY,20210111,1500,126.720,126.770,126.640,126.730,240
EURJPY,20210111,1600,126.720,126.760,126.680,126.720,240
EURJPY,20210111,1700,126.730,126.740,126.690,126.700,240
EURJPY,20210111,1800,126.700,126.710,126.640,126.640,240
EURJPY,20210111,1900,126.650,126.670,126.540,126.600,240
EURJPY,20210111,2000,126.600,126.640,126.570,126.640,240
EURJPY,20210111,2100,126.640,126.680,126.580,126.630,240
EURJPY,20210111,2200,126.630,126.650,126.600,126.610,240
EURJPY,20210111,2300,126.620,126.710,126.560,126.710,240
EURJPY,20210112,0000,126.710,126.750,126.570,126.620,240
EURJPY,20210112,0100,126.610,126.650,126.560,126.650,240
EURJPY,20210112,0200,126.640,126.680,126.640,126.660,240
EURJPY,20210112,0300,126.660,126.680,126.600,126.640,240
EURJPY,20210112,0400,126.640,126.660,126.620,126.650,240
EURJPY,20210112,0500,126.660,126.670,126.610,126.640,240
EURJPY,20210112,0600,126.640,126.740,126.600,126.680,240
EURJPY,20210112,0700,126.680,126.760,126.610,126.610,240
EURJPY,20210112,0800,126.610,126.840,126.610,126.630,240
EURJPY,20210112,0900,126.640,126.700,126.590,126.620,240
EURJPY,20210112,1000,126.610,126.650,126.530,126.610,240
EURJPY,20210112,1100,126.620,126.720,126.600,126.690,240
EURJPY,20210112,1200,126.680,126.740,126.580,126.600,240
EURJPY,20210112,1300,126.610,126.730,126.560,126.690,240
EURJPY,20210112,1400,126.700,126.750,126.630,126.660,240
EURJPY,20210112,1500,126.660,126.710,126.610,126.620,240
EURJPY,20210112,1600,126.630,126.710,126.630,126.700,240
EURJPY,20210112,1700,126.700,126.700,126.560,126.660,240
EURJPY,20210112,1800,126.650,126.720,126.630,126.630,240
EURJPY,20210112,1900,126.640,126.660,126.590,126.600,240
EURJPY,20210112,2000,126.610,126.660,126.590,126.630,240
EURJPY,20210112,2100,126.630,126.740,126.610,126.650,240
EURJPY,20210112,2200,126.650,126.690,126.630,126.650,240
EURJPY,20210112,2300,126.630,126.650,126.510,126.530,240
EURJPY,20210113,0000,126.530,126.530,126.430,126.510,240
EURJPY,20210113,0100,126.510,126.540,126.470,126.510,240
EURJPY,20210113,0200,126.500,126.550,126.500,126.510,240
EURJPY,20210113,0300,126.510,126.540,126.510,126.520,240
EURJPY,20210113,0400,126.520,126.570,126.520,126.570,240
EURJPY,20210113,0500,126.570,126.670,126.570,126.620,240
EURJPY,20210113,0600,126.620,126.660,126.510,126.510,240
EURJPY,20210113,0700,126.510,126.550,126.460,126.520,240
EURJPY,20210113,0800,126.520,126.570,126.460,126.560,240
EURJPY,20210113,0900,126.560,126.580,126.490,126.550,240
EURJPY,20210113,1000,126.550,126.570,126.420,126.440,240
EURJPY,20210113,1100,126.440,126.460,126.390,126.430,240
EURJPY,20210113,1200,126.430,126.440,126.260,126.310,240
EURJPY,20210113,1300,126.300,126.410,126.300,126.360,240
EURJPY,20210113,1400,126.330,126.400,126.300,126.350,240
EURJPY,20210113,1500,126.350,126.410,126.310,126.310,240
EURJPY,20210113,1600,126.300,126.370,126.200,126.370,240
EURJPY,20210113,1700,126.360,126.370,126.300,126.330,240
EURJPY,20210113,1800,126.330,126.330,126.240,126.280,240
EURJPY,20210113,1900,126.240,126.270,126.220,126.240,240
EURJPY,20210113,2000,126.250,126.280,126.240,126.280,240
EURJPY,20210113,2100,126.270,126.330,126.240,126.260,240
EURJPY,20210113,2200,126.250,126.280,126.220,126.270,240
EURJPY,20210113,2300,126.260,126.410,126.230,126.400,240
EURJPY,20210114,0000,126.400,126.410,126.300,126.310,240
EURJPY,20210114,0100,126.320,126.470,126.300,126.420,240
EURJPY,20210114,0200,126.410,126.430,126.320,126.370,240
EURJPY,20210114,0300,126.370,126.380,126.310,126.370,240
EURJPY,20210114,0400,126.380,126.390,126.270,126.370,240
EURJPY,20210114,0500,126.370,126.440,126.350,126.410,240
EURJPY,20210114,0600,126.410,126.410,126.290,126.320,240
EURJPY,20210114,0700,126.310,126.430,126.290,126.410,240
EURJPY,20210114,0800,126.390,126.480,126.360,126.480,240
EURJPY,20210114,0900,126.480,126.500,126.420,126.500,240
EURJPY,20210114,1000,126.500,126.500,126.350,126.360,240
EURJPY,20210114,1100,126.360,126.380,126.250,126.280,240
EURJPY,20210114,1200,126.220,126.230,126.080,126.090,240
EURJPY,20210114,1300,126.100,126.180,126.050,126.120,240
EURJPY,20210114,1400,126.110,126.170,125.950,125.970,240
EURJPY,20210114,1500,125.990,126.040,125.920,125.980,240
EURJPY,20210114,1600,125.980,126.090,125.940,126.080,240
EURJPY,20210114,1700,126.080,126.150,126.060,126.100,240
EURJPY,20210114,1800,126.110,126.150,126.100,126.150,240
EURJPY,20210114,1900,126.140,126.160,126.090,126.120,240
EURJPY,20210114,2000,126.130,126.180,126.110,126.140,240
EURJPY,20210114,2100,126.140,126.180,126.090,126.160,240
EURJPY,20210114,2200,126.150,126.170,126.130,126.140,240
EURJPY,20210114,2300,126.150,126.170,126.100,126.120,240
EURJPY,20210115,0000,126.130,126.130,126.010,126.020,240
EURJPY,20210115,0100,126.030,126.060,125.990,126.060,240
EURJPY,20210115,0200,126.060,126.150,126.060,126.060,240
EURJPY,20210115,0300,126.060,126.080,126.020,126.020,240
EURJPY,20210115,0400,126.020,126.030,125.960,126.010,240
EURJPY,20210115,0500,126.000,126.000,125.880,125.920,240
EURJPY,20210115,0600,125.930,125.950,125.810,125.810,240
EURJPY,20210115,0700,125.820,125.850,125.650,125.850,240
EURJPY,20210115,0800,125.840,125.900,125.770,125.810,240
EURJPY,20210115,0900,125.820,125.850,125.710,125.730,240
EURJPY,20210115,1000,125.740,125.790,125.630,125.660,240
EURJPY,20210115,1100,125.660,125.700,125.630,125.690,240
EURJPY,20210115,1200,125.700,125.760,125.670,125.690,240
EURJPY,20210115,1300,125.680,125.750,125.620,125.630,240
EURJPY,20210115,1400,125.650,125.680,125.390,125.570,240
EURJPY,20210115,1500,125.580,125.580,125.500,125.550,240
EURJPY,20210115,1600,125.560,125.560,125.470,125.530,240
EURJPY,20210115,1700,125.530,125.530,125.420,125.440,240
EURJPY,20210115,1800,125.450,125.460,125.410,125.420,240
EURJPY,20210115,1900,125.420,125.450,125.420,125.450,240
EURJPY,20210115,2000,125.440,125.480,125.420,125.420,240
EURJPY,20210115,2100,125.440,125.440,125.440,125.440,4
EURJPY,20210117,2200,125.410,125.470,125.370,125.370,236
EURJPY,20210117,2300,125.370,125.400,125.310,125.340,240
EURJPY,20210118,0000,125.340,125.350,125.220,125.270,240
EURJPY,20210118,0100,125.280,125.310,125.210,125.300,240
EURJPY,20210118,0200,125.290,125.300,125.230,125.240,240
EURJPY,20210118,0300,125.250,125.250,125.180,125.190,236
EURJPY,20210118,0400,125.200,125.250,125.130,125.250,240
EURJPY,20210118,0500,125.260,125.280,125.240,125.270,240
EURJPY,20210118,0600,125.280,125.340,125.200,125.200,240
EURJPY,20210118,0700,125.200,125.300,125.200,125.270,240
EURJPY,20210118,0800,125.240,125.310,125.200,125.200,240
EURJPY,20210118,0900,125.200,125.230,125.130,125.200,240
EURJPY,20210118,1000,125.220,125.260,125.160,125.160,240
EURJPY,20210118,1100,125.170,125.170,125.080,125.080,240
EURJPY,20210118,1200,125.080,125.180,125.080,125.140,240
EURJPY,20210118,1300,125.140,125.210,125.130,125.190,240
EURJPY,20210118,1400,125.200,125.230,125.130,125.190,240
EURJPY,20210118,1500,125.190,125.230,125.170,125.190,240
EURJPY,20210118,1600,125.170,125.190,125.150,125.190,240
EURJPY,20210118,1700,125.200,125.220,125.160,125.180,240
EURJPY,20210118,1800,125.180,125.230,125.180,125.220,240
EURJPY,20210118,1900,125.220,125.240,125.190,125.200,240
EURJPY,20210118,2000,125.190,125.230,125.170,125.210,240
EURJPY,20210118,2100,125.210,125.250,125.200,125.220,240
EURJPY,20210118,2200,125.230,125.240,125.180,125.240,240
EURJPY,20210118,2300,125.240,125.350,125.230,125.350,240
EURJPY,20210119,0000,125.340,125.560,125.330,125.550,240
EURJPY,20210119,0100,125.550,125.840,125.550,125.840,240
EURJPY,20210119,0200,125.840,125.850,125.740,125.810,240
EURJPY,20210119,0300,125.810,125.810,125.740,125.770,240
EURJPY,20210119,0400,125.780,125.800,125.740,125.770,240
EURJPY,20210119,0500,125.770,125.860,125.770,125.860,240
EURJPY,20210119,0600,125.860,125.920,125.760,125.860,240
EURJPY,20210119,0700,125.860,126.010,125.860,125.940,240
EURJPY,20210119,0800,125.940,126.060,125.880,126.030,240
EURJPY,20210119,0900,126.030,126.150,126.030,126.130,240
EURJPY,20210119,1000,126.130,126.180,126.100,126.100,240
EURJPY,20210119,1100,126.110,126.120,126.040,126.080,240
EURJPY,20210119,1200,126.080,126.140,126.070,126.100,240
EURJPY,20210119,1300,126.090,126.160,126.060,126.080,240
EURJPY,20210119,1400,126.090,126.140,126.010,126.020,240
EURJPY,20210119,1500,125.990,126.020,125.840,125.920,240
EURJPY,20210119,1600,125.910,125.960,125.870,125.910,240
EURJPY,20210119,1700,125.900,125.980,125.900,125.960,240
EURJPY,20210119,1800,125.950,125.950,125.890,125.930,240
EURJPY,20210119,1900,125.930,125.980,125.930,125.940,240
EURJPY,20210119,2000,125.950,126.010,125.930,126.000,240
EURJPY,20210119,2100,126.000,126.020,125.960,126.000,240
EURJPY,20210119,2200,126.020,126.110,126.000,126.100,240
EURJPY,20210119,2300,126.110,126.160,125.990,126.130,240
EURJPY,20210120,0000,126.130,126.130,126.020,126.020,240
EURJPY,20210120,0100,126.020,126.060,125.940,125.990,240
EURJPY,20210120,0200,125.990,126.020,125.980,126.020,240
EURJPY,20210120,0300,126.020,126.020,125.940,125.960,236
EURJPY,20210120,0400,125.960,125.990,125.950,125.980,240
EURJPY,20210120,0500,125.980,126.080,125.940,126.020,240
EURJPY,20210120,0600,126.030,126.150,126.030,126.080,240
EURJPY,20210120,0700,126.080,126.100,125.890,125.900,240
EURJPY,20210120,0800,125.910,125.940,125.770,125.840,240
EURJPY,20210120,0900,125.860,125.860,125.730,125.800,240
EURJPY,20210120,1000,125.790,125.810,125.720,125.740,240
EURJPY,20210120,1100,125.730,125.760,125.570,125.590,240
EURJPY,20210120,1200,125.600,125.690,125.570,125.600,240
EURJPY,20210120,1300,125.590,125.630,125.280,125.340,240
EURJPY,20210120,1400,125.360,125.390,125.250,125.330,240
EURJPY,20210120,1500,125.330,125.450,125.260,125.390,240
EURJPY,20210120,1600,125.390,125.470,125.350,125.390,240
EURJPY,20210120,1700,125.400,125.430,125.390,125.410,240
EURJPY,20210120,1800,125.410,125.420,125.330,125.330,240
EURJPY,20210120,1900,125.340,125.340,125.260,125.290,240
EURJPY,20210120,2000,125.310,125.330,125.300,125.320,240
EURJPY,20210120,2100,125.320,125.410,125.300,125.400,240
EURJPY,20210120,2200,125.400,125.440,125.390,125.440,240
EURJPY,20210120,2300,125.440,125.530,125.420,125.520,240
EURJPY,20210121,0000,125.530,125.580,125.490,125.540,240
EURJPY,20210121,0100,125.540,125.620,125.530,125.530,240
EURJPY,20210121,0200,125.520,125.580,125.510,125.520,240
EURJPY,20210121,0300,125.520,125.550,125.400,125.410,240
EURJPY,20210121,0400,125.400,125.460,125.360,125.410,240
EURJPY,20210121,0500,125.410,125.470,125.410,125.420,240
EURJPY,20210121,0600,125.410,125.540,125.380,125.440,240
EURJPY,20210121,0700,125.450,125.590,125.410,125.540,240
EURJPY,20210121,0800,125.520,125.600,125.510,125.570,240
EURJPY,20210121,0900,125.570,125.580,125.470,125.520,240
EURJPY,20210121,1000,125.510,125.580,125.480,125.530,240
EURJPY,20210121,1100,125.550,125.650,125.520,125.620,240
EURJPY,20210121,1200,125.600,125.930,125.590,125.900,240
EURJPY,20210121,1300,125.850,125.930,125.730,125.820,240
EURJPY,20210121,1400,125.820,125.940,125.800,125.820,240
EURJPY,20210121,1500,125.820,125.830,125.690,125.750,240
EURJPY,20210121,1600,125.750,125.790,125.720,125.790,240
EURJPY,20210121,1700,125.780,125.850,125.780,125.840,240
EURJPY,20210121,1800,125.830,125.860,125.830,125.840,240
EURJPY,20210121,1900,125.850,125.930,125.840,125.910,240
EURJPY,20210121,2000,125.920,125.930,125.900,125.900,240
EURJPY,20210121,2100,125.910,125.930,125.890,125.930,240
EURJPY,20210121,2200,125.930,125.940,125.900,125.910,240
EURJPY,20210121,2300,125.910,126.040,125.910,125.960,240
EURJPY,20210122,0000,125.970,126.060,125.960,126.060,240
EURJPY,20210122,0100,126.070,126.070,126.010,126.030,240
EURJPY,20210122,0200,126.030,126.040,125.970,126.040,240
EURJPY,20210122,0300,126.040,126.080,126.020,126.070,240
EURJPY,20210122,0400,126.060,126.070,126.040,126.050,240
EURJPY,20210122,0500,126.050,126.080,126.020,126.050,240
EURJPY,20210122,0600,126.050,126.070,125.970,125.990,240
EURJPY,20210122,0700,126.000,126.220,125.920,126.210,240
EURJPY,20210122,0800,126.220,126.310,126.070,126.180,240
EURJPY,20210122,0900,126.170,126.270,126.150,126.160,240
EURJPY,20210122,1000,126.170,126.330,126.160,126.250,240
EURJPY,20210122,1100,126.260,126.280,126.110,126.190,240
EURJPY,20210122,1200,126.180,126.310,126.160,126.300,240
EURJPY,20210122,1300,126.300,126.350,126.230,126.290,240
EURJPY,20210122,1400,126.300,126.380,126.270,126.320,240
EURJPY,20210122,1500,126.330,126.390,126.300,126.360,240
EURJPY,20210122,1600,126.350,126.360,126.260,126.270,240
EURJPY,20210122,1700,126.270,126.330,126.270,126.320,240
EURJPY,20210122,1800,126.310,126.350,126.290,126.310,240
EURJPY,20210122,1900,126.300,126.330,126.300,126.320,240
EURJPY,20210122,2000,126.330,126.330,126.260,126.280,240
EURJPY,20210124,2200,126.310,126.320,126.260,126.270,240
EURJPY,20210124,2300,126.270,126.340,126.240,126.300,240
EURJPY,20210125,0000,126.300,126.340,126.240,126.300,240
EURJPY,20210125,0100,126.300,126.320,126.270,126.280,240
EURJPY,20210125,0200,126.290,126.350,126.270,126.310,240
EURJPY,20210125,0300,126.320,126.340,126.290,126.330,240
EURJPY,20210125,0400,126.330,126.330,126.280,126.310,240
EURJPY,20210125,0500,126.310,126.330,126.230,126.240,240
EURJPY,20210125,0600,126.250,126.310,126.230,126.310,240
EURJPY,20210125,0700,126.290,126.320,126.230,126.260,240
EURJPY,20210125,0800,126.270,126.270,126.060,126.070,240
EURJPY,20210125,0900,126.070,126.190,126.010,126.180,240
EURJPY,20210125,1000,126.180,126.240,126.170,126.200,240
EURJPY,20210125,1100,126.190,126.220,126.080,126.090,240
EURJPY,20210125,1200,126.100,126.100,125.990,126.050,240
EURJPY,20210125,1300,126.040,126.060,125.930,125.940,240
EURJPY,20210125,1400,125.930,125.940,125.810,125.840,240
EURJPY,20210125,1500,125.850,125.930,125.810,125.930,240
EURJPY,20210125,1600,125.930,126.030,125.930,126.020,240
EURJPY,20210125,1700,126.030,126.040,125.980,125.990,240
EURJPY,20210125,1800,125.980,125.990,125.940,125.960,240
EURJPY,20210125,1900,125.970,125.990,125.930,125.960,240
EURJPY,20210125,2000,125.960,125.980,125.940,125.960,240
EURJPY,20210125,2100,125.950,126.000,125.930,125.980,240
EURJPY,20210125,2200,125.990,125.990,125.970,125.980,240
EURJPY,20210125,2300,125.980,125.990,125.860,125.860,240
EURJPY,20210126,0000,125.870,125.940,125.850,125.920,240
EURJPY,20210126,0100,125.930,125.940,125.890,125.900,240
EURJPY,20210126,0200,125.900,125.930,125.890,125.890,240
EURJPY,20210126,0300,125.890,125.890,125.800,125.810,236
EURJPY,20210126,0400,125.840,125.840,125.790,125.800,240
EURJPY,20210126,0500,125.810,125.810,125.730,125.770,240
EURJPY,20210126,0600,125.770,125.810,125.680,125.690,240
EURJPY,20210126,0700,125.720,125.950,125.710,125.950,240
EURJPY,20210126,0800,125.950,125.950,125.810,125.840,240
EURJPY,20210126,0900,125.860,125.910,125.820,125.850,240
EURJPY,20210126,1000,125.850,125.980,125.850,125.940,240
EURJPY,20210126,1100,125.940,126.010,125.920,125.970,240
EURJPY,20210126,1200,125.970,126.030,125.890,126.000,240
EURJPY,20210126,1300,125.990,126.070,125.920,125.920,240
EURJPY,20210126,1400,125.930,126.140,125.930,126.080,240
EURJPY,20210126,1500,126.100,126.100,125.900,125.930,240
EURJPY,20210126,1600,125.930,126.030,125.930,126.020,240
EURJPY,20210126,1700,126.030,126.080,126.020,126.060,240
EURJPY,20210126,1800,126.060,126.110,126.040,126.090,240
EURJPY,20210126,1900,126.070,126.080,126.030,126.030,240
EURJPY,20210126,2000,126.030,126.040,125.980,125.980,240
EURJPY,20210126,2100,125.980,126.070,125.980,126.030,240
EURJPY,20210126,2200,126.030,126.030,125.990,126.000,240
EURJPY,20210126,2300,126.000,126.070,125.990,126.070,240
EURJPY,20210127,0000,126.060,126.130,126.060,126.080,240
EURJPY,20210127,0100,126.080,126.080,126.040,126.080,240
EURJPY,20210127,0200,126.080,126.120,126.050,126.090,240
EURJPY,20210127,0300,126.090,126.090,126.040,126.060,240
EURJPY,20210127,0400,126.070,126.110,126.060,126.100,240
EURJPY,20210127,0500,126.100,126.110,126.050,126.080,240
EURJPY,20210127,0600,126.080,126.080,125.990,126.010,240
EURJPY,20210127,0700,126.000,126.040,125.940,126.010,240
EURJPY,20210127,0800,126.010,126.020,125.770,125.790,240
EURJPY,20210127,0900,125.800,125.850,125.770,125.840,240
EURJPY,20210127,1000,125.830,125.840,125.770,125.810,240
EURJPY,20210127,1100,125.800,125.840,125.720,125.720,240
EURJPY,20210127,1200,125.710,125.930,125.710,125.930,240
EURJPY,20210127,1300,125.920,125.920,125.600,125.620,240
EURJPY,20210127,1400,125.600,125.890,125.600,125.870,240
EURJPY,20210127,1500,125.850,125.970,125.830,125.940,240
EURJPY,20210127,1600,125.950,126.100,125.940,126.100,240
EURJPY,20210127,1700,126.100,126.100,126.030,126.080,240
EURJPY,20210127,1800,126.130,126.160,126.000,126.000,240
EURJPY,20210127,1900,126.000,126.120,125.980,126.100,240
EURJPY,20210127,2000,126.090,126.110,126.040,126.080,240
EURJPY,20210127,2100,126.060,126.100,126.000,126.010,240
EURJPY,20210127,2200,126.010,126.040,125.970,126.020,240
EURJPY,20210127,2300,126.030,126.150,125.990,126.020,240
EURJPY,20210128,0000,126.030,126.190,126.030,126.190,240
EURJPY,20210128,0100,126.180,126.220,126.130,126.150,240
EURJPY,20210128,0200,126.150,126.170,126.080,126.170,240
EURJPY,20210128,0300,126.170,126.170,126.040,126.090,240
EURJPY,20210128,0400,126.100,126.150,126.050,126.150,240
EURJPY,20210128,0500,126.160,126.190,126.090,126.190,240
EURJPY,20210128,0600,126.180,126.180,126.070,126.120,240
EURJPY,20210128,0700,126.130,126.280,126.110,126.150,240
EURJPY,20210128,0800,126.140,126.320,126.140,126.220,240
EURJPY,20210128,0900,126.260,126.300,126.230,126.260,240
EURJPY,20210128,1000,126.220,126.250,126.140,126.210,240
EURJPY,20210128,1100,126.210,126.300,126.210,126.240,240
EURJPY,20210128,1200,126.260,126.430,126.170,126.430,240
EURJPY,20210128,1300,126.470,126.630,126.470,126.550,240
EURJPY,20210128,1400,126.560,126.630,126.440,126.440,240
EURJPY,20210128,1500,126.420,126.510,126.400,126.430,240
EURJPY,20210128,1600,126.430,126.470,126.400,126.410,240
EURJPY,20210128,1700,126.410,126.460,126.390,126.450,240
EURJPY,20210128,1800,126.460,126.490,126.420,126.430,240
EURJPY,20210128,1900,126.440,126.480,126.380,126.390,240
EURJPY,20210128,2000,126.390,126.390,126.320,126.370,240
EURJPY,20210128,2100,126.340,126.410,126.310,126.310,240
EURJPY,20210128,2200,126.330,126.410,126.330,126.400,240
EURJPY,20210128,2300,126.410,126.540,126.390,126.420,240
EURJPY,20210129,0000,126.460,126.600,126.460,126.480,240
EURJPY,20210129,0100,126.490,126.510,126.420,126.470,240
EURJPY,20210129,0200,126.470,126.470,126.370,126.390,240
EURJPY,20210129,0300,126.380,126.440,126.360,126.440,240
EURJPY,20210129,0400,126.440,126.450,126.360,126.410,240
EURJPY,20210129,0500,126.400,126.490,126.380,126.480,240
EURJPY,20210129,0600,126.470,126.550,126.440,126.540,240
EURJPY,20210129,0700,126.530,126.780,126.510,126.750,240
EURJPY,20210129,0800,126.770,127.120,126.740,127.030,240
EURJPY,20210129,0900,127.040,127.090,126.940,127.050,240
EURJPY,20210129,1000,127.060,127.130,127.030,127.040,240
EURJPY,20210129,1100,127.000,127.100,127.000,127.020,240
EURJPY,20210129,1200,126.970,127.200,126.910,127.120,240
EURJPY,20210129,1300,127.130,127.310,127.130,127.260,240
EURJPY,20210129,1400,127.240,127.270,127.100,127.150,240
EURJPY,20210129,1500,127.170,127.210,126.960,126.970,240
EURJPY,20210129,1600,126.970,127.050,126.970,127.010,240
EURJPY,20210129,1700,127.010,127.080,127.000,127.010,240
EURJPY,20210129,1800,127.010,127.060,126.980,127.050,240
EURJPY,20210129,1900,127.040,127.100,127.030,127.080,240
EURJPY,20210129,2000,127.090,127.100,127.030,127.080,240
EURJPY,20210129,2100,127.060,127.060,127.060,127.060,4
EURJPY,20210131,2200,127.100,127.100,126.910,126.910,240
EURJPY,20210131,2300,126.920,126.970,126.890,126.940,240
EURJPY,20210201,0000,126.950,126.980,126.900,126.920,240
EURJPY,20210201,0100,126.940,126.980,126.940,126.980,240
EURJPY,20210201,0200,126.980,126.980,126.940,126.950,240
EURJPY,20210201,0300,126.960,126.980,126.930,126.960,240
EURJPY,20210201,0400,126.970,126.970,126.910,126.940,240
EURJPY,20210201,0500,126.940,126.980,126.910,126.930,236
EURJPY,20210201,0600,126.930,127.010,126.880,127.010,240
EURJPY,20210201,0700,127.030,127.030,126.790,126.790,240
EURJPY,20210201,0800,126.760,126.890,126.720,126.830,240
EURJPY,20210201,0900,126.820,126.820,126.660,126.700,240
EURJPY,20210201,1000,126.710,126.740,126.680,126.710,240
EURJPY,20210201,1100,126.700,126.780,126.670,126.680,240
EURJPY,20210201,1200,126.690,126.830,126.690,126.810,240
EURJPY,20210201,1300,126.790,126.930,126.790,126.900,240
EURJPY,20210201,1400,126.870,126.920,126.800,126.810,240
EURJPY,20210201,1500,126.820,126.820,126.690,126.700,240
EURJPY,20210201,1600,126.680,126.700,126.630,126.680,240
EURJPY,20210201,1700,126.710,126.720,126.590,126.610,240
EURJPY,20210201,1800,126.620,126.690,126.600,126.600,240
EURJPY,20210201,1900,126.620,126.620,126.540,126.540,240
EURJPY,20210201,2000,126.520,126.560,126.510,126.540,240
EURJPY,20210201,2100,126.540,126.580,126.510,126.570,240
EURJPY,20210201,2200,126.580,126.580,126.550,126.550,240
EURJPY,20210201,2300,126.550,126.580,126.510,126.560,240
EURJPY,20210202,0000,126.560,126.720,126.540,126.720,240
EURJPY,20210202,0100,126.720,126.780,126.690,126.750,240
EURJPY,20210202,0200,126.740,126.770,126.700,126.770,240
EURJPY,20210202,0300,126.770,126.800,126.750,126.750,240
EURJPY,20210202,0400,126.750,126.800,126.730,126.780,240
EURJPY,20210202,0500,126.780,126.780,126.690,126.700,240
EURJPY,20210202,0600,126.710,126.730,126.650,126.680,240
EURJPY,20210202,0700,126.670,126.760,126.630,126.720,240
EURJPY,20210202,0800,126.730,126.730,126.550,126.590,240
EURJPY,20210202,0900,126.580,126.610,126.300,126.350,240
EURJPY,20210202,1000,126.350,126.390,126.290,126.320,240
EURJPY,20210202,1100,126.310,126.460,126.300,126.460,240
EURJPY,20210202,1200,126.450,126.490,126.400,126.470,240
EURJPY,20210202,1300,126.460,126.480,126.390,126.470,240
EURJPY,20210202,1400,126.400,126.460,126.360,126.430,240
EURJPY,20210202,1500,126.390,126.410,126.320,126.320,240
EURJPY,20210202,1600,126.300,126.350,126.250,126.300,240
EURJPY,20210202,1700,126.300,126.330,126.270,126.300,240
EURJPY,20210202,1800,126.280,126.330,126.270,126.290,240
EURJPY,20210202,1900,126.280,126.420,126.270,126.410,240
EURJPY,20210202,2000,126.400,126.470,126.390,126.420,240
EURJPY,20210202,2100,126.410,126.440,126.390,126.440,240
EURJPY,20210202,2200,126.440,126.500,126.410,126.420,240
EURJPY,20210202,2300,126.410,126.500,126.400,126.400,240
EURJPY,20210203,0000,126.390,126.440,126.380,126.420,240
EURJPY,20210203,0100,126.420,126.440,126.380,126.410,240
EURJPY,20210203,0200,126.430,126.480,126.420,126.430,240
EURJPY,20210203,0300,126.430,126.450,126.410,126.450,240
EURJPY,20210203,0400,126.450,126.470,126.410,126.440,240
EURJPY,20210203,0500,126.440,126.470,126.400,126.420,240
EURJPY,20210203,0600,126.420,126.450,126.390,126.430,240
EURJPY,20210203,0700,126.430,126.480,126.380,126.390,240
EURJPY,20210203,0800,126.360,126.380,126.240,126.310,240
EURJPY,20210203,0900,126.310,126.350,126.220,126.290,240
EURJPY,20210203,1000,126.290,126.290,126.230,126.230,240
EURJPY,20210203,1100,126.230,126.270,126.140,126.150,240
EURJPY,20210203,1200,126.160,126.220,126.140,126.210,240
EURJPY,20210203,1300,126.210,126.300,126.210,126.260,240
EURJPY,20210203,1400,126.270,126.300,126.150,126.180,240
EURJPY,20210203,1500,126.190,126.320,126.190,126.290,240
EURJPY,20210203,1600,126.290,126.340,126.290,126.290,240
EURJPY,20210203,1700,126.280,126.320,126.250,126.310,240
EURJPY,20210203,1800,126.330,126.340,126.300,126.310,240
EURJPY,20210203,1900,126.310,126.380,126.300,126.350,240
EURJPY,20210203,2000,126.350,126.410,126.350,126.380,240
EURJPY,20210203,2100,126.380,126.390,126.340,126.390,240
EURJPY,20210203,2200,126.390,126.440,126.380,126.400,240
EURJPY,20210203,2300,126.410,126.430,126.380,126.420,240
EURJPY,20210204,0000,126.430,126.440,126.390,126.430,240
EURJPY,20210204,0100,126.430,126.440,126.390,126.390,240
EURJPY,20210204,0200,126.390,126.400,126.280,126.310,240
EURJPY,20210204,0300,126.310,126.350,126.300,126.340,240
EURJPY,20210204,0400,126.350,126.360,126.290,126.330,240
EURJPY,20210204,0500,126.330,126.340,126.290,126.330,240
EURJPY,20210204,0600,126.330,126.370,126.280,126.300,240
EURJPY,20210204,0700,126.300,126.340,126.170,126.170,240
EURJPY,20210204,0800,126.190,126.200,126.120,126.120,240
EURJPY,20210204,0900,126.110,126.240,126.080,126.180,240
EURJPY,20210204,1000,126.190,126.280,126.170,126.280,240
EURJPY,20210204,1100,126.260,126.280,126.150,126.180,240
EURJPY,20210204,1200,126.210,126.260,126.170,126.190,240
EURJPY,20210204,1300,126.190,126.290,126.180,126.230,240
EURJPY,20210204,1400,126.250,126.270,126.210,126.260,240
EURJPY,20210204,1500,126.260,126.260,126.200,126.210,240
EURJPY,20210204,1600,126.220,126.240,126.110,126.110,240
EURJPY,20210204,1700,126.110,126.180,126.090,126.170,240
EURJPY,20210204,1800,126.180,126.250,126.140,126.250,240
EURJPY,20210204,1900,126.240,126.300,126.240,126.260,240
EURJPY,20210204,2000,126.280,126.290,126.230,126.250,240
EURJPY,20210204,2100,126.240,126.280,126.220,126.230,240
EURJPY,20210204,2200,126.240,126.320,126.240,126.310,240
EURJPY,20210204,2300,126.310,126.370,126.230,126.260,240
EURJPY,20210205,0000,126.250,126.260,126.210,126.230,240
EURJPY,20210205,0100,126.230,126.250,126.150,126.160,240
EURJPY,20210205,0200,126.150,126.190,126.140,126.170,240
EURJPY,20210205,0300,126.160,126.190,126.160,126.180,240
EURJPY,20210205,0400,126.180,126.210,126.180,126.200,240
EURJPY,20210205,0500,126.200,126.240,126.190,126.220,240
EURJPY,20210205,0600,126.220,126.230,126.170,126.190,240
EURJPY,20210205,0700,126.190,126.330,126.180,126.250,240
EURJPY,20210205,0800,126.230,126.320,126.210,126.320,240
EURJPY,20210205,0900,126.300,126.440,126.300,126.440,240
EURJPY,20210205,1000,126.430,126.530,126.400,126.530,240
EURJPY,20210205,1100,126.520,126.730,126.490,126.680,240
EURJPY,20210205,1200,126.680,126.920,126.630,126.870,240
EURJPY,20210205,1300,126.840,126.870,126.760,126.760,240
EURJPY,20210205,1400,126.810,126.840,126.720,126.800,240
EURJPY,20210205,1500,126.800,126.920,126.790,126.870,240
EURJPY,20210205,1600,126.870,126.900,126.790,126.790,240
EURJPY,20210205,1700,126.800,126.910,126.800,126.890,240
EURJPY,20210205,1800,126.890,126.930,126.870,126.930,240
EURJPY,20210205,1900,126.960,126.960,126.910,126.940,240
EURJPY,20210205,2000,126.950,126.980,126.930,126.940,240
EURJPY,20210205,2100,126.930,126.930,126.930,126.930,4
EURJPY,20210207,2200,126.910,127.020,126.910,126.970,240
EURJPY,20210207,2300,126.970,127.020,126.940,126.960,240
EURJPY,20210208,0000,126.970,126.970,126.900,126.950,240
EURJPY,20210208,0100,126.970,126.970,126.910,126.920,240
EURJPY,20210208,0200,126.920,126.950,126.900,126.950,240
EURJPY,20210208,0300,126.940,126.980,126.940,126.980,240
EURJPY,20210208,0400,126.970,127.020,126.970,126.980,240
EURJPY,20210208,0500,126.980,127.010,126.960,126.990,240
EURJPY,20210208,0600,126.990,127.050,126.940,127.000,240
EURJPY,20210208,0700,126.990,127.080,126.970,127.040,240
EURJPY,20210208,0800,127.050,127.080,126.960,127.000,240
EURJPY,20210208,0900,127.000,127.080,126.960,127.080,240
EURJPY,20210208,1000,127.080,127.100,127.020,127.040,240
EURJPY,20210208,1100,127.040,127.080,126.930,126.940,240
EURJPY,20210208,1200,126.920,127.010,126.900,126.980,240
EURJPY,20210208,1300,126.950,127.050,126.920,126.990,240
EURJPY,20210208,1400,127.020,127.030,126.710,126.730,240
EURJPY,20210208,1500,126.700,126.730,126.640,126.670,240
EURJPY,20210208,1600,126.680,126.760,126.680,126.690,240
EURJPY,20210208,1700,126.700,126.770,126.700,126.770,240
EURJPY,20210208,1800,126.770,126.830,126.770,126.820,240
EURJPY,20210208,1900,126.830,126.830,126.760,126.760,240
EURJPY,20210208,2000,126.760,126.800,126.760,126.790,240
EURJPY,20210208,2100,126.790,126.820,126.770,126.780,240
EURJPY,20210208,2200,126.800,126.810,126.760,126.790,240
EURJPY,20210208,2300,126.790,126.810,126.730,126.770,240
EURJPY,20210209,0000,126.770,126.800,126.750,126.760,240
EURJPY,20210209,0100,126.760,126.820,126.720,126.730,240
EURJPY,20210209,0200,126.740,126.740,126.700,126.710,240
EURJPY,20210209,0300,126.710,126.710,126.610,126.640,240
EURJPY,20210209,0400,126.630,126.690,126.630,126.690,240
EURJPY,20210209,0500,126.680,126.690,126.590,126.600,240
EURJPY,20210209,0600,126.600,126.640,126.550,126.560,240
EURJPY,20210209,0700,126.560,126.720,126.540,126.720,240
EURJPY,20210209,0800,126.730,126.730,126.620,126.620,240
EURJPY,20210209,0900,126.610,126.710,126.590,126.650,240
EURJPY,20210209,1000,126.650,126.690,126.650,126.680,240
EURJPY,20210209,1100,126.660,126.680,126.570,126.570,240
EURJPY,20210209,1200,126.570,126.630,126.550,126.580,240
EURJPY,20210209,1300,126.580,126.640,126.490,126.500,240
EURJPY,20210209,1400,126.460,126.510,126.430,126.490,240
EURJPY,20210209,1500,126.500,126.630,126.500,126.630,240
EURJPY,20210209,1600,126.630,126.640,126.550,126.550,240
EURJPY,20210209,1700,126.570,126.640,126.570,126.630,240
EURJPY,20210209,1800,126.630,126.720,126.620,126.690,240
EURJPY,20210209,1900,126.670,126.720,126.670,126.680,240
EURJPY,20210209,2000,126.680,126.730,126.660,126.700,240
EURJPY,20210209,2100,126.720,126.780,126.690,126.690,240
EURJPY,20210209,2200,126.700,126.710,126.660,126.700,240
EURJPY,20210209,2300,126.700,126.730,126.630,126.730,240
EURJPY,20210210,0000,126.720,126.790,126.700,126.780,240
EURJPY,20210210,0100,126.770,126.860,126.770,126.830,240
EURJPY,20210210,0200,126.820,126.820,126.740,126.770,240
EURJPY,20210210,0300,126.770,126.810,126.770,126.790,240
EURJPY,20210210,0400,126.800,126.810,126.760,126.760,240
EURJPY,20210210,0500,126.760,126.800,126.740,126.800,240
EURJPY,20210210,0600,126.790,126.800,126.760,126.770,240
EURJPY,20210210,0700,126.770,126.840,126.750,126.760,240
EURJPY,20210210,0800,126.740,127.040,126.630,127.000,240
EURJPY,20210210,0900,126.980,127.010,126.900,126.970,240
EURJPY,20210210,1000,126.960,127.020,126.960,127.020,240
EURJPY,20210210,1100,127.010,127.020,126.930,126.940,240
EURJPY,20210210,1200,126.940,127.020,126.870,126.910,240
EURJPY,20210210,1300,126.890,126.920,126.850,126.890,240
EURJPY,20210210,1400,126.880,126.970,126.870,126.950,240
EURJPY,20210210,1500,126.940,127.000,126.940,126.960,240
EURJPY,20210210,1600,126.960,127.000,126.940,126.950,240
EURJPY,20210210,1700,126.980,126.980,126.930,126.930,240
EURJPY,20210210,1800,126.930,126.940,126.880,126.890,240
EURJPY,20210210,1900,126.900,126.900,126.790,126.790,240
EURJPY,20210210,2000,126.790,126.820,126.730,126.730,240
EURJPY,20210210,2100,126.740,126.780,126.720,126.770,240
EURJPY,20210210,2200,126.770,126.800,126.760,126.780,240
EURJPY,20210210,2300,126.770,126.790,126.700,126.700,240
EURJPY,20210211,0000,126.700,126.710,126.680,126.700,240
EURJPY,20210211,0100,126.690,126.770,126.690,126.760,240
EURJPY,20210211,0200,126.760,126.780,126.740,126.770,240
EURJPY,20210211,0300,126.770,126.790,126.770,126.780,240
EURJPY,20210211,0400,126.770,126.830,126.770,126.810,240
EURJPY,20210211,0500,126.820,126.830,126.800,126.810,240
EURJPY,20210211,0600,126.810,126.840,126.780,126.780,240
EURJPY,20210211,0700,126.780,126.960,126.780,126.960,240
EURJPY,20210211,0800,126.970,127.040,126.940,126.940,240
EURJPY,20210211,0900,126.940,126.970,126.890,126.940,240
EURJPY,20210211,1000,126.940,127.010,126.920,126.990,240
EURJPY,20210211,1100,126.990,127.040,126.980,127.030,240
EURJPY,20210211,1200,127.040,127.130,127.020,127.120,240
EURJPY,20210211,1300,127.110,127.140,127.020,127.020,240
EURJPY,20210211,1400,127.030,127.080,127.010,127.050,240
EURJPY,20210211,1500,127.010,127.040,126.990,127.010,240
EURJPY,20210211,1600,127.020,127.080,126.990,126.990,240
EURJPY,20210211,1700,126.990,127.080,126.990,127.070,240
EURJPY,20210211,1800,127.070,127.070,127.040,127.070,240
EURJPY,20210211,1900,127.060,127.080,127.040,127.060,240
EURJPY,20210211,2000,127.050,127.060,127.020,127.050,240
EURJPY,20210211,2100,127.070,127.100,127.040,127.060,240
EURJPY,20210211,2200,127.070,127.070,127.030,127.040,240
EURJPY,20210211,2300,127.050,127.110,127.010,127.030,240
EURJPY,20210212,0000,127.030,127.110,127.020,127.060,240
EURJPY,20210212,0100,127.080,127.080,127.020,127.030,240
EURJPY,20210212,0200,127.030,127.040,127.000,127.010,240
EURJPY,20210212,0300,127.010,127.050,126.990,127.030,240
EURJPY,20210212,0400,127.040,127.170,127.020,127.170,240
EURJPY,20210212,0500,127.210,127.210,127.050,127.050,240
EURJPY,20210212,0600,127.050,127.160,127.040,127.090,240
EURJPY,20210212,0700,127.110,127.130,127.070,127.090,240
EURJPY,20210212,0800,127.100,127.290,127.100,127.170,240
EURJPY,20210212,0900,127.160,127.170,127.050,127.080,240
EURJPY,20210212,1000,127.080,127.150,127.050,127.140,240
EURJPY,20210212,1100,127.140,127.180,127.110,127.140,240
EURJPY,20210212,1200,127.140,127.180,126.990,126.990,240
EURJPY,20210212,1300,126.990,127.080,126.970,127.040,240
EURJPY,20210212,1400,127.050,127.180,127.010,127.180,240
EURJPY,20210212,1500,127.190,127.260,127.130,127.240,240
EURJPY,20210212,1600,127.240,127.250,127.190,127.190,240
EURJPY,20210212,1700,127.190,127.210,127.160,127.190,236
EURJPY,20210212,1800,127.190,127.200,127.160,127.160,240
EURJPY,20210212,1900,127.160,127.170,127.140,127.160,240
EURJPY,20210212,2000,127.160,127.190,127.130,127.140,240
EURJPY,20210212,2100,127.160,127.160,127.160,127.160,4
EURJPY,20210214,2200,127.260,127.360,127.230,127.330,240
EURJPY,20210214,2300,127.330,127.440,127.280,127.340,240
EURJPY,20210215,0000,127.340,127.360,127.280,127.350,240
EURJPY,20210215,0100,127.350,127.390,127.330,127.390,240
EURJPY,20210215,0200,127.390,127.470,127.370,127.460,240
EURJPY,20210215,0300,127.480,127.500,127.410,127.410,240
EURJPY,20210215,0400,127.410,127.510,127.410,127.500,240
EURJPY,20210215,0500,127.500,127.580,127.490,127.520,240
EURJPY,20210215,0600,127.530,127.620,127.520,127.590,240
EURJPY,20210215,0700,127.600,127.760,127.580,127.760,240
EURJPY,20210215,0800,127.770,127.940,127.730,127.850,240
EURJPY,20210215,0900,127.860,127.900,127.750,127.810,240
EURJPY,20210215,1000,127.820,127.820,127.700,127.700,240
EURJPY,20210215,1100,127.700,127.770,127.640,127.720,240
EURJPY,20210215,1200,127.730,127.800,127.700,127.790,240
EURJPY,20210215,1300,127.780,127.780,127.690,127.730,240
EURJPY,20210215,1400,127.740,127.810,127.710,127.810,240
EURJPY,20210215,1500,127.790,127.840,127.750,127.840,240
EURJPY,20210215,1600,127.840,127.840,127.710,127.710,240
EURJPY,20210215,1700,127.720,127.790,127.720,127.770,240
EURJPY,20210215,1800,127.770,127.780,127.760,127.780,240
EURJPY,20210215,1900,127.780,127.780,127.740,127.770,240
EURJPY,20210215,2000,127.760,127.800,127.760,127.770,240
EURJPY,20210215,2100,127.790,127.800,127.720,127.770,240
EURJPY,20210215,2200,127.750,127.830,127.740,127.830,228
EURJPY,20210215,2300,127.820,128.020,127.820,128.010,240
EURJPY,20210216,0000,128.010,128.140,127.970,128.100,240
EURJPY,20210216,0100,128.100,128.210,128.080,128.180,240
EURJPY,20210216,0200,128.170,128.250,128.160,128.230,240
EURJPY,20210216,0300,128.240,128.240,128.120,128.130,240
EURJPY,20210216,0400,128.120,128.170,127.920,127.960,240
EURJPY,20210216,0500,127.970,128.080,127.960,128.050,240
EURJPY,20210216,0600,128.040,128.130,127.910,127.910,240
EURJPY,20210216,0700,127.940,128.150,127.940,128.150,240
EURJPY,20210216,0800,128.140,128.150,127.880,127.970,240
EURJPY,20210216,0900,127.980,128.050,127.940,128.010,240
EURJPY,20210216,1000,128.000,128.190,127.930,128.190,240
EURJPY,20210216,1100,128.200,128.290,128.150,128.210,240
EURJPY,20210216,1200,128.210,128.220,127.970,127.990,240
EURJPY,20210216,1300,128.000,128.060,127.940,127.970,240
EURJPY,20210216,1400,127.980,128.110,127.950,128.080,240
EURJPY,20210216,1500,128.080,128.160,128.060,128.160,240
EURJPY,20210216,1600,128.160,128.270,128.160,128.210,240
EURJPY,20210216,1700,128.200,128.240,128.190,128.240,240
EURJPY,20210216,1800,128.230,128.250,128.200,128.240,240
EURJPY,20210216,1900,128.270,128.320,128.250,128.280,240
EURJPY,20210216,2000,128.270,128.360,128.250,128.360,240
EURJPY,20210216,2100,128.350,128.390,128.310,128.390,240
EURJPY,20210216,2200,128.390,128.420,128.250,128.290,240
EURJPY,20210216,2300,128.260,128.330,128.200,128.330,240
EURJPY,20210217,0000,128.320,128.320,128.190,128.210,240
EURJPY,20210217,0100,128.200,128.200,128.080,128.130,240
EURJPY,20210217,0200,128.130,128.150,128.090,128.100,240
EURJPY,20210217,0300,128.090,128.090,128.000,128.000,240
EURJPY,20210217,0400,128.000,128.040,127.980,128.010,240
EURJPY,20210217,0500,128.000,128.060,128.000,128.030,240
EURJPY,20210217,0600,128.010,128.060,127.960,128.000,240
EURJPY,20210217,0700,127.990,128.030,127.760,127.860,240
EURJPY,20210217,0800,127.870,127.920,127.850,127.860,240
EURJPY,20210217,0900,127.850,127.890,127.800,127.870,240
EURJPY,20210217,1000,127.890,127.900,127.820,127.830,240
EURJPY,20210217,1100,127.840,127.930,127.840,127.890,240
EURJPY,20210217,1200,127.880,127.940,127.690,127.730,240
EURJPY,20210217,1300,127.710,127.720,127.440,127.550,240
EURJPY,20210217,1400,127.510,127.540,127.390,127.440,240
EURJPY,20210217,1500,127.440,127.440,127.290,127.420,240
EURJPY,20210217,1600,127.410,127.440,127.350,127.410,240
EURJPY,20210217,1700,127.410,127.480,127.400,127.440,240
EURJPY,20210217,1800,127.430,127.460,127.430,127.460,240
EURJPY,20210217,1900,127.470,127.520,127.470,127.480,240
EURJPY,20210217,2000,127.470,127.500,127.450,127.460,240
EURJPY,20210217,2100,127.440,127.520,127.440,127.510,240
EURJPY,20210217,2200,127.510,127.510,127.470,127.500,240
EURJPY,20210217,2300,127.490,127.540,127.320,127.350,240
EURJPY,20210218,0000,127.370,127.420,127.360,127.370,240
EURJPY,20210218,0100,127.370,127.470,127.360,127.460,240
EURJPY,20210218,0200,127.460,127.470,127.410,127.440,240
EURJPY,20210218,0300,127.440,127.440,127.390,127.420,240
EURJPY,20210218,0400,127.410,127.510,127.410,127.510,240
EURJPY,20210218,0500,127.520,127.570,127.500,127.530,240
EURJPY,20210218,0600,127.530,127.550,127.460,127.460,240
EURJPY,20210218,0700,127.460,127.580,127.440,127.580,240
EURJPY,20210218,0800,127.580,127.630,127.510,127.610,240
EURJPY,20210218,0900,127.610,127.610,127.540,127.560,240
EURJPY,20210218,1000,127.560,127.580,127.480,127.580,240
EURJPY,20210218,1100,127.570,127.660,127.550,127.650,240
EURJPY,20210218,1200,127.650,127.700,127.610,127.620,240
EURJPY,20210218,1300,127.620,127.760,127.620,127.710,240
EURJPY,20210218,1400,127.730,127.780,127.650,127.680,240
EURJPY,20210218,1500,127.690,127.730,127.630,127.630,240
EURJPY,20210218,1600,127.640,127.700,127.620,127.650,240
EURJPY,20210218,1700,127.630,127.700,127.630,127.660,240
EURJPY,20210218,1800,127.670,127.720,127.670,127.720,240
EURJPY,20210218,1900,127.720,127.740,127.690,127.730,240
EURJPY,20210218,2000,127.730,127.780,127.730,127.760,240
EURJPY,20210218,2100,127.780,127.800,127.760,127.770,240
EURJPY,20210218,2200,127.770,127.810,127.740,127.740,240
EURJPY,20210218,2300,127.740,127.830,127.740,127.820,240
EURJPY,20210219,0000,127.820,127.830,127.710,127.740,240
EURJPY,20210219,0100,127.750,127.760,127.660,127.700,240
EURJPY,20210219,0200,127.700,127.730,127.670,127.730,240
EURJPY,20210219,0300,127.730,127.770,127.680,127.680,240
EURJPY,20210219,0400,127.670,127.690,127.630,127.670,240
EURJPY,20210219,0500,127.660,127.790,127.650,127.760,240
EURJPY,20210219,0600,127.770,127.880,127.760,127.870,240
EURJPY,20210219,0700,127.860,127.930,127.730,127.780,240
EURJPY,20210219,0800,127.770,127.900,127.760,127.860,240
EURJPY,20210219,0900,127.870,127.910,127.820,127.850,240
EURJPY,20210219,1000,127.850,127.890,127.790,127.860,240
EURJPY,20210219,1100,127.850,127.920,127.690,127.740,240
EURJPY,20210219,1200,127.730,127.930,127.710,127.880,240
EURJPY,20210219,1300,127.870,127.910,127.820,127.900,240
EURJPY,20210219,1400,127.900,128.160,127.870,128.090,240
EURJPY,20210219,1500,128.090,128.120,128.020,128.120,240
EURJPY,20210219,1600,128.110,128.150,127.820,127.820,240
EURJPY,20210219,1700,127.820,127.890,127.810,127.820,240
EURJPY,20210219,1800,127.810,127.840,127.780,127.800,240
EURJPY,20210219,1900,127.790,127.790,127.740,127.770,240
EURJPY,20210219,2000,127.760,127.770,127.720,127.730,240
EURJPY,20210219,2100,127.750,127.750,127.750,127.750,4
EURJPY,20210221,2200,127.880,127.970,127.870,127.930,240
EURJPY,20210221,2300,127.940,127.940,127.830,127.850,240
EURJPY,20210222,0000,127.840,128.040,127.830,128.040,240
EURJPY,20210222,0100,128.020,128.110,127.910,127.980,240
EURJPY,20210222,0200,127.990,128.020,127.910,128.010,240
EURJPY,20210222,0300,128.020,128.080,128.020,128.080,240
EURJPY,20210222,0400,128.080,128.080,128.020,128.040,240
EURJPY,20210222,0500,128.030,128.050,128.020,128.040,240
EURJPY,20210222,0600,128.040,128.100,127.960,128.100,240
EURJPY,20210222,0700,128.120,128.220,127.930,127.970,240
EURJPY,20210222,0800,127.970,128.120,127.840,127.880,240
EURJPY,20210222,0900,127.900,128.130,127.890,128.130,240
EURJPY,20210222,1000,128.130,128.140,128.030,128.080,240
EURJPY,20210222,1100,128.090,128.140,128.070,128.080,240
EURJPY,20210222,1200,128.080,128.100,127.950,127.950,240
EURJPY,20210222,1300,127.960,127.970,127.660,127.680,240
EURJPY,20210222,1400,127.690,127.690,127.490,127.520,240
EURJPY,20210222,1500,127.520,127.640,127.510,127.640,240
EURJPY,20210222,1600,127.690,127.790,127.680,127.780,240
EURJPY,20210222,1700,127.780,127.790,127.750,127.760,240
EURJPY,20210222,1800,127.760,127.770,127.730,127.760,240
EURJPY,20210222,1900,127.770,127.770,127.660,127.660,240
EURJPY,20210222,2000,127.670,127.730,127.660,127.730,240
EURJPY,20210222,2100,127.740,127.770,127.700,127.740,240
EURJPY,20210222,2200,127.750,127.760,127.640,127.710,240
EURJPY,20210222,2300,127.710,127.740,127.680,127.720,240
EURJPY,20210223,0000,127.710,127.790,127.690,127.780,240
EURJPY,20210223,0100,127.780,127.790,127.730,127.780,240
EURJPY,20210223,0200,127.770,127.780,127.750,127.760,240
EURJPY,20210223,0300,127.760,127.820,127.750,127.790,240
EURJPY,20210223,0400,127.790,127.830,127.790,127.830,240
EURJPY,20210223,0500,127.830,127.890,127.830,127.890,240
EURJPY,20210223,0600,127.880,128.000,127.870,127.940,240
EURJPY,20210223,0700,127.940,127.950,127.830,127.890,240
EURJPY,20210223,0800,127.890,127.970,127.810,127.860,240
EURJPY,20210223,0900,127.880,127.900,127.810,127.840,240
EURJPY,20210223,1000,127.840,127.920,127.830,127.890,240
EURJPY,20210223,1100,127.900,127.910,127.830,127.840,240
EURJPY,20210223,1200,127.870,128.030,127.860,128.030,240
EURJPY,20210223,1300,128.010,128.010,127.670,127.790,240
EURJPY,20210223,1400,127.780,127.850,127.730,127.750,240
EURJPY,20210223,1500,127.790,127.850,127.740,127.740,240
EURJPY,20210223,1600,127.740,127.820,127.720,127.820,240
EURJPY,20210223,1700,127.810,127.900,127.800,127.900,240
EURJPY,20210223,1800,127.890,127.950,127.860,127.880,240
EURJPY,20210223,1900,127.880,127.890,127.840,127.870,240
EURJPY,20210223,2000,127.880,127.880,127.830,127.860,240
EURJPY,20210223,2100,127.850,127.890,127.830,127.840,240
EURJPY,20210223,2200,127.850,127.950,127.750,127.930,240
EURJPY,20210223,2300,127.930,128.100,127.930,128.100,240
EURJPY,20210224,0000,128.110,128.210,128.040,128.140,240
EURJPY,20210224,0100,128.150,128.220,128.130,128.220,240
EURJPY,20210224,0200,128.210,128.250,128.140,128.210,240
EURJPY,20210224,0300,128.210,128.210,128.130,128.160,240
EURJPY,20210224,0400,128.160,128.200,128.080,128.200,240
EURJPY,20210224,0500,128.180,128.220,128.130,128.200,240
EURJPY,20210224,0600,128.210,128.330,128.200,128.280,240
EURJPY,20210224,0700,128.300,128.600,128.290,128.550,240
EURJPY,20210224,0800,128.550,128.710,128.510,128.660,240
EURJPY,20210224,0900,128.640,128.640,128.490,128.610,240
EURJPY,20210224,1000,128.600,128.770,128.600,128.730,240
EURJPY,20210224,1100,128.710,128.760,128.670,128.700,240
EURJPY,20210224,1200,128.690,128.720,128.550,128.610,240
EURJPY,20210224,1300,128.600,128.660,128.500,128.640,240
EURJPY,20210224,1400,128.620,128.630,128.410,128.410,240
EURJPY,20210224,1500,128.400,128.600,128.380,128.560,240
EURJPY,20210224,1600,128.580,128.600,128.520,128.550,240
EURJPY,20210224,1700,128.550,128.680,128.550,128.660,240
EURJPY,20210224,1800,128.670,128.690,128.610,128.680,240
EURJPY,20210224,1900,128.690,128.800,128.690,128.790,240
EURJPY,20210224,2000,128.790,128.850,128.760,128.780,240
EURJPY,20210224,2100,128.820,128.840,128.760,128.780,240
EURJPY,20210224,2200,128.790,128.920,128.790,128.920,240
EURJPY,20210224,2300,128.920,128.970,128.870,128.970,240
EURJPY,20210225,0000,128.940,129.040,128.900,129.000,240
EURJPY,20210225,0100,129.000,129.000,128.910,128.920,240
EURJPY,20210225,0200,128.920,128.960,128.910,128.920,240
EURJPY,20210225,0300,128.930,128.950,128.870,128.910,240
EURJPY,20210225,0400,128.920,128.970,128.910,128.930,240
EURJPY,20210225,0500,128.930,129.030,128.930,128.990,240
EURJPY,20210225,0600,128.990,129.170,128.930,129.160,240
EURJPY,20210225,0700,129.190,129.490,129.190,129.490,240
EURJPY,20210225,0800,129.550,129.630,129.490,129.590,240
EURJPY,20210225,0900,129.560,129.830,129.560,129.680,240
EURJPY,20210225,1000,129.680,129.800,129.680,129.760,240
EURJPY,20210225,1100,129.790,129.850,129.760,129.790,240
EURJPY,20210225,1200,129.770,129.800,129.620,129.620,240
EURJPY,20210225,1300,129.630,129.830,129.580,129.830,240
EURJPY,20210225,1400,129.870,129.880,129.720,129.880,240
EURJPY,20210225,1500,129.860,129.900,129.800,129.870,240
EURJPY,20210225,1600,129.880,129.950,129.810,129.820,240
EURJPY,20210225,1700,129.830,129.830,128.970,129.130,240
EURJPY,20210225,1800,129.130,129.410,129.130,129.410,240
EURJPY,20210225,1900,129.390,129.400,129.250,129.250,240
EURJPY,20210225,2000,129.240,129.370,129.230,129.370,240
EURJPY,20210225,2100,129.320,129.420,129.310,129.420,240
EURJPY,20210225,2200,129.420,129.490,129.330,129.330,240
EURJPY,20210225,2300,129.330,129.450,128.980,129.130,240
EURJPY,20210226,0000,129.150,129.200,129.080,129.110,240
EURJPY,20210226,0100,129.100,129.110,128.880,128.970,240
EURJPY,20210226,0200,128.960,129.000,128.900,128.960,240
EURJPY,20210226,0300,128.960,129.010,128.870,129.000,240
EURJPY,20210226,0400,129.000,129.110,128.970,129.020,240
EURJPY,20210226,0500,129.050,129.090,128.960,129.020,240
EURJPY,20210226,0600,129.020,129.020,128.640,128.690,240
EURJPY,20210226,0700,128.710,128.920,128.690,128.910,240
EURJPY,20210226,0800,128.920,129.050,128.810,129.050,240
EURJPY,20210226,0900,129.100,129.100,128.910,128.940,240
EURJPY,20210226,1000,128.910,128.970,128.660,128.700,240
EURJPY,20210226,1100,128.700,128.760,128.660,128.700,240
EURJPY,20210226,1200,128.690,128.870,128.680,128.870,240
EURJPY,20210226,1300,128.870,129.140,128.870,129.020,240
EURJPY,20210226,1400,129.050,129.340,128.840,129.310,240
EURJPY,20210226,1500,129.310,129.320,128.930,128.960,240
EURJPY,20210226,1600,128.950,128.950,128.750,128.780,240
EURJPY,20210226,1700,128.810,128.810,128.720,128.760,240
EURJPY,20210226,1800,128.740,128.790,128.670,128.790,240
EURJPY,20210226,1900,128.770,128.770,128.610,128.610,240
EURJPY,20210226,2000,128.590,128.640,128.540,128.620,240
EURJPY,20210226,2100,128.640,128.640,128.640,128.640,4
EURJPY,20210228,2200,128.660,128.770,128.630,128.730,240
EURJPY,20210228,2300,128.730,128.800,128.680,128.760,240
EURJPY,20210301,0000,128.750,128.890,128.740,128.820,240
EURJPY,20210301,0100,128.830,128.910,128.830,128.840,240
EURJPY,20210301,0200,128.850,128.860,128.730,128.730,240
EURJPY,20210301,0300,128.730,128.730,128.600,128.640,240
EURJPY,20210301,0400,128.630,128.730,128.590,128.730,240
EURJPY,20210301,0500,128.720,128.840,128.720,128.790,240
EURJPY,20210301,0600,128.810,128.840,128.720,128.720,240
EURJPY,20210301,0700,128.710,128.720,128.480,128.580,240
EURJPY,20210301,0800,128.580,128.630,128.350,128.470,240
EURJPY,20210301,0900,128.470,128.620,128.430,128.460,240
EURJPY,20210301,1000,128.490,128.590,128.450,128.480,240
EURJPY,20210301,1100,128.490,128.570,128.480,128.570,240
EURJPY,20210301,1200,128.560,128.640,128.500,128.530,240
EURJPY,20210301,1300,128.530,128.550,128.370,128.420,240
EURJPY,20210301,1400,128.380,128.520,128.210,128.520,240
EURJPY,20210301,1500,128.490,128.580,128.470,128.580,240
EURJPY,20210301,1600,128.570,128.650,128.560,128.560,240
EURJPY,20210301,1700,128.560,128.660,128.520,128.640,240
EURJPY,20210301,1800,128.650,128.710,128.650,128.650,240
EURJPY,20210301,1900,128.640,128.670,128.600,128.600,240
EURJPY,20210301,2000,128.580,128.620,128.560,128.620,240
EURJPY,20210301,2100,128.620,128.650,128.560,128.640,240
EURJPY,20210301,2200,128.640,128.740,128.630,128.720,240
EURJPY,20210301,2300,128.720,128.740,128.630,128.650,240
EURJPY,20210302,0000,128.650,128.680,128.550,128.570,240
EURJPY,20210302,0100,128.590,128.610,128.270,128.290,240
EURJPY,20210302,0200,128.300,128.420,128.300,128.420,240
EURJPY,20210302,0300,128.430,128.440,128.370,128.370,240
EURJPY,20210302,0400,128.360,128.430,128.360,128.430,240
EURJPY,20210302,0500,128.420,128.460,128.400,128.410,240
EURJPY,20210302,0600,128.410,128.410,128.190,128.260,240
EURJPY,20210302,0700,128.270,128.380,128.230,128.230,240
EURJPY,20210302,0800,128.240,128.390,128.180,128.340,240
EURJPY,20210302,0900,128.320,128.520,128.320,128.490,240
EURJPY,20210302,1000,128.490,128.640,128.470,128.620,240
EURJPY,20210302,1100,128.620,128.620,128.550,128.580,240
EURJPY,20210302,1200,128.590,128.640,128.530,128.610,240
EURJPY,20210302,1300,128.600,128.710,128.470,128.510,240
EURJPY,20210302,1400,128.520,128.710,128.470,128.700,240
EURJPY,20210302,1500,128.710,128.910,128.690,128.910,240
EURJPY,20210302,1600,128.900,128.930,128.850,128.910,240
EURJPY,20210302,1700,128.910,129.030,128.910,128.980,240
EURJPY,20210302,1800,128.980,128.990,128.960,128.980,240
EURJPY,20210302,1900,128.980,129.050,128.970,129.040,240
EURJPY,20210302,2000,129.030,129.040,128.960,128.980,240
EURJPY,20210302,2100,128.970,128.980,128.920,128.920,240
EURJPY,20210302,2200,128.930,129.040,128.930,128.990,240
EURJPY,20210302,2300,128.990,129.090,128.960,129.030,240
EURJPY,20210303,0000,129.020,129.150,128.990,129.140,240
EURJPY,20210303,0100,129.150,129.150,129.070,129.100,240
EURJPY,20210303,0200,129.100,129.110,129.080,129.080,240
EURJPY,20210303,0300,129.080,129.170,129.080,129.150,168
EURJPY,20210303,0400,129.160,129.180,129.110,129.120,240
EURJPY,20210303,0500,129.130,129.140,129.070,129.100,240
EURJPY,20210303,0600,129.100,129.270,129.100,129.170,240
EURJPY,20210303,0700,129.160,129.160,129.060,129.080,240
EURJPY,20210303,0800,129.070,129.410,129.070,129.350,240
EURJPY,20210303,0900,129.340,129.340,129.230,129.240,240
EURJPY,20210303,1000,129.210,129.230,129.000,129.050,240
EURJPY,20210303,1100,129.050,129.060,128.960,128.960,240
EURJPY,20210303,1200,128.930,128.930,128.720,128.820,240
EURJPY,20210303,1300,128.830,129.070,128.800,129.050,240
EURJPY,20210303,1400,129.020,129.220,128.960,129.140,240
EURJPY,20210303,1500,129.130,129.130,129.030,129.090,240
EURJPY,20210303,1600,129.080,129.080,129.020,129.070,240
EURJPY,20210303,1700,129.080,129.150,129.080,129.110,240
EURJPY,20210303,1800,129.110,129.110,129.040,129.070,240
EURJPY,20210303,1900,129.050,129.110,129.020,129.020,240
EURJPY,20210303,2000,129.020,129.080,129.020,129.080,240
EURJPY,20210303,2100,129.070,129.080,129.050,129.050,240
EURJPY,20210303,2200,129.060,129.110,128.990,128.990,240
EURJPY,20210303,2300,128.970,129.060,128.970,129.020,240
EURJPY,20210304,0000,129.020,129.070,128.960,129.050,240
EURJPY,20210304,0100,129.070,129.080,129.030,129.050,240
EURJPY,20210304,0200,129.050,129.060,128.980,128.980,240
EURJPY,20210304,0300,128.970,129.030,128.900,129.030,240
EURJPY,20210304,0400,129.030,129.070,128.990,129.050,240
EURJPY,20210304,0500,129.050,129.180,129.050,129.150,240
EURJPY,20210304,0600,129.180,129.180,129.120,129.130,240
EURJPY,20210304,0700,129.130,129.260,129.070,129.190,240
EURJPY,20210304,0800,129.160,129.170,129.030,129.130,240
EURJPY,20210304,0900,129.130,129.260,129.120,129.260,240
EURJPY,20210304,1000,129.260,129.280,129.170,129.170,240
EURJPY,20210304,1100,129.170,129.220,129.150,129.190,240
EURJPY,20210304,1200,129.190,129.350,129.180,129.350,240
EURJPY,20210304,1300,129.340,129.360,129.260,129.330,240
EURJPY,20210304,1400,129.330,129.570,129.260,129.570,240
EURJPY,20210304,1500,129.530,129.620,129.520,129.540,240
EURJPY,20210304,1600,129.560,129.610,129.230,129.230,240
EURJPY,20210304,1700,129.260,129.310,129.090,129.090,240
EURJPY,20210304,1800,129.100,129.160,129.030,129.070,240
EURJPY,20210304,1900,129.090,129.160,129.090,129.140,240
EURJPY,20210304,2000,129.120,129.270,129.120,129.260,240
EURJPY,20210304,2100,129.250,129.310,129.190,129.300,240
EURJPY,20210304,2200,129.280,129.280,129.120,129.170,240
EURJPY,20210304,2300,129.160,129.180,129.000,129.090,240
EURJPY,20210305,0000,129.080,129.080,128.900,129.020,240
EURJPY,20210305,0100,129.000,129.060,128.950,129.050,240
EURJPY,20210305,0200,129.070,129.140,129.050,129.120,240
EURJPY,20210305,0300,129.120,129.240,129.100,129.190,240
EURJPY,20210305,0400,129.180,129.290,129.170,129.290,240
EURJPY,20210305,0500,129.290,129.440,129.250,129.430,240
EURJPY,20210305,0600,129.420,129.500,129.340,129.340,240
EURJPY,20210305,0700,129.350,129.400,129.200,129.300,240
EURJPY,20210305,0800,129.290,129.420,129.290,129.350,240
EURJPY,20210305,0900,129.350,129.550,129.340,129.470,240
EURJPY,20210305,1000,129.470,129.500,129.240,129.340,240
EURJPY,20210305,1100,129.330,129.380,129.190,129.190,240
EURJPY,20210305,1200,129.200,129.310,129.170,129.270,240
EURJPY,20210305,1300,129.250,129.280,129.040,129.040,240
EURJPY,20210305,1400,129.050,129.050,128.840,128.870,240
EURJPY,20210305,1500,128.880,128.980,128.880,128.970,240
EURJPY,20210305,1600,128.940,128.990,128.890,128.960,240
EURJPY,20210305,1700,128.970,129.020,128.930,128.980,240
EURJPY,20210305,1800,128.980,129.060,128.960,129.040,240
EURJPY,20210305,1900,129.040,129.130,129.030,129.070,240
EURJPY,20210305,2000,129.080,129.150,129.080,129.080,240
EURJPY,20210305,2100,129.070,129.070,129.070,129.070,4
EURJPY,20210307,2200,129.170,129.360,129.160,129.270,240
EURJPY,20210307,2300,129.270,129.270,129.120,129.240,240
EURJPY,20210308,0000,129.230,129.290,129.210,129.280,240
EURJPY,20210308,0100,129.280,129.290,129.070,129.090,240
EURJPY,20210308,0200,129.090,129.090,128.980,129.030,240
EURJPY,20210308,0300,129.020,129.030,128.960,129.010,240
EURJPY,20210308,0400,129.010,129.070,128.990,129.060,240
EURJPY,20210308,0500,129.050,129.120,128.930,128.930,240
EURJPY,20210308,0600,128.910,129.000,128.850,128.930,240
EURJPY,20210308,0700,128.950,128.960,128.850,128.850,240
EURJPY,20210308,0800,128.840,128.880,128.770,128.860,240
EURJPY,20210308,0900,128.870,128.900,128.810,128.870,240
EURJPY,20210308,1000,128.860,128.930,128.820,128.840,240
EURJPY,20210308,1100,128.830,128.930,128.770,128.910,240
EURJPY,20210308,1200,128.900,129.040,128.840,129.040,240
EURJPY,20210308,1300,129.010,129.210,129.010,129.210,240
EURJPY,20210308,1400,129.240,129.270,129.060,129.070,240
EURJPY,20210308,1500,129.040,129.090,129.020,129.040,240
EURJPY,20210308,1600,129.030,129.110,129.030,129.100,240
EURJPY,20210308,1700,129.080,129.090,129.050,129.050,240
EURJPY,20210308,1800,129.050,129.100,129.050,129.070,240
EURJPY,20210308,1900,129.070,129.070,128.990,128.990,240
EURJPY,20210308,2000,128.990,129.030,128.990,129.000,240
EURJPY,20210308,2100,128.980,129.040,128.980,129.030,240
EURJPY,20210308,2200,129.040,129.100,129.040,129.080,240
EURJPY,20210308,2300,129.080,129.220,129.040,129.160,240
EURJPY,20210309,0000,129.170,129.270,129.140,129.240,240
EURJPY,20210309,0100,129.250,129.440,129.250,129.430,240
EURJPY,20210309,0200,129.440,129.490,129.360,129.430,240
EURJPY,20210309,0300,129.430,129.450,129.370,129.440,240
EURJPY,20210309,0400,129.460,129.480,129.400,129.410,240
EURJPY,20210309,0500,129.410,129.480,129.370,129.400,240
EURJPY,20210309,0600,129.390,129.430,129.230,129.260,240
EURJPY,20210309,0700,129.260,129.420,129.140,129.140,240
EURJPY,20210309,0800,129.160,129.390,129.150,129.380,240
EURJPY,20210309,0900,129.360,129.520,129.360,129.370,240
EURJPY,20210309,1000,129.370,129.480,129.370,129.460,240
EURJPY,20210309,1100,129.470,129.480,129.350,129.400,240
EURJPY,20210309,1200,129.390,129.500,129.390,129.480,240
EURJPY,20210309,1300,129.460,129.470,129.260,129.300,240
EURJPY,20210309,1400,129.300,129.390,129.270,129.290,240
EURJPY,20210309,1500,129.270,129.270,129.070,129.100,240
EURJPY,20210309,1600,129.120,129.120,128.960,128.980,240
EURJPY,20210309,1700,128.970,129.020,128.920,128.980,240
EURJPY,20210309,1800,128.990,129.080,128.970,129.060,240
EURJPY,20210309,1900,129.060,129.130,129.060,129.110,240
EURJPY,20210309,2000,129.120,129.130,129.080,129.080,240
EURJPY,20210309,2100,129.090,129.150,129.020,129.140,240
EURJPY,20210309,2200,129.140,129.290,129.140,129.160,240
EURJPY,20210309,2300,129.150,129.160,129.060,129.090,240
EURJPY,20210310,0000,129.110,129.240,129.110,129.210,240
EURJPY,20210310,0100,129.160,129.280,129.150,129.280,240
EURJPY,20210310,0200,129.270,129.280,129.220,129.220,240
EURJPY,20210310,0300,129.220,129.310,129.200,129.270,240
EURJPY,20210310,0400,129.270,129.290,129.220,129.290,240
EURJPY,20210310,0500,129.290,129.300,129.190,129.200,240
EURJPY,20210310,0600,129.190,129.280,129.180,129.200,240
EURJPY,20210310,0700,129.200,129.290,129.180,129.290,240
EURJPY,20210310,0800,129.290,129.350,129.250,129.300,240
EURJPY,20210310,0900,129.300,129.370,129.280,129.330,240
EURJPY,20210310,1000,129.320,129.390,129.320,129.360,240
EURJPY,20210310,1100,129.370,129.400,129.260,129.270,240
EURJPY,20210310,1200,129.260,129.260,129.050,129.170,240
EURJPY,20210310,1300,129.180,129.280,129.120,129.240,240
EURJPY,20210310,1400,129.270,129.270,129.070,129.220,240
EURJPY,20210310,1500,129.200,129.220,129.130,129.190,240
EURJPY,20210310,1600,129.180,129.220,129.160,129.200,240
EURJPY,20210310,1700,129.200,129.280,129.190,129.210,240
EURJPY,20210310,1800,129.210,129.240,129.180,129.230,240
EURJPY,20210310,1900,129.200,129.250,129.180,129.240,240
EURJPY,20210310,2000,129.240,129.290,129.230,129.280,240
EURJPY,20210310,2100,129.280,129.320,129.240,129.290,240
EURJPY,20210310,2200,129.300,129.330,129.280,129.290,240
EURJPY,20210310,2300,129.300,129.320,129.220,129.290,240
EURJPY,20210311,0000,129.300,129.360,129.280,129.360,240
EURJPY,20210311,0100,129.340,129.520,129.340,129.480,240
EURJPY,20210311,0200,129.470,129.500,129.460,129.490,240
EURJPY,20210311,0300,129.490,129.520,129.390,129.520,240
EURJPY,20210311,0400,129.530,129.650,129.530,129.640,240
EURJPY,20210311,0500,129.620,129.770,129.600,129.770,240
EURJPY,20210311,0600,129.760,129.780,129.650,129.710,240
EURJPY,20210311,0700,129.700,129.810,129.700,129.710,240
EURJPY,20210311,0800,129.720,129.790,129.670,129.760,240
EURJPY,20210311,0900,129.740,129.780,129.680,129.700,240
EURJPY,20210311,1000,129.710,129.820,129.710,129.730,240
EURJPY,20210311,1100,129.760,129.860,129.640,129.670,240
EURJPY,20210311,1200,129.680,129.810,129.580,129.800,240
EURJPY,20210311,1300,129.790,129.850,129.660,129.660,240
EURJPY,20210311,1400,129.650,129.740,129.550,129.730,240
EURJPY,20210311,1500,129.720,129.870,129.710,129.870,240
EURJPY,20210311,1600,129.860,129.900,129.820,129.900,240
EURJPY,20210311,1700,129.910,129.980,129.890,129.970,240
EURJPY,20210311,1800,129.970,129.980,129.900,129.930,240
EURJPY,20210311,1900,129.930,129.990,129.930,129.990,240
EURJPY,20210311,2000,130.000,130.030,129.960,130.020,240
EURJPY,20210311,2100,130.030,130.050,129.990,130.030,240
EURJPY,20210311,2200,130.030,130.100,130.020,130.060,240
EURJPY,20210311,2300,130.070,130.120,130.020,130.120,240
EURJPY,20210312,0000,130.130,130.270,130.130,130.190,240
EURJPY,20210312,0100,130.200,130.210,130.050,130.090,240
EURJPY,20210312,0200,130.100,130.130,130.000,130.000,240
EURJPY,20210312,0300,130.010,130.080,130.010,130.080,240
EURJPY,20210312,0400,130.070,130.110,130.060,130.080,240
EURJPY,20210312,0500,130.070,130.160,130.020,130.040,240
EURJPY,20210312,0600,130.050,130.210,130.050,130.210,240
EURJPY,20210312,0700,130.230,130.320,130.160,130.160,240
EURJPY,20210312,0800,130.140,130.210,129.970,129.990,240
EURJPY,20210312,0900,130.010,130.010,129.900,129.940,240
EURJPY,20210312,1000,129.940,129.990,129.810,129.830,240
EURJPY,20210312,1100,129.850,130.030,129.850,130.020,240
EURJPY,20210312,1200,130.020,130.140,130.020,130.080,240
EURJPY,20210312,1300,130.070,130.120,130.020,130.040,240
EURJPY,20210312,1400,130.030,130.090,129.970,130.080,240
EURJPY,20210312,1500,130.070,130.180,130.060,130.120,240
EURJPY,20210312,1600,130.100,130.270,130.100,130.270,240
EURJPY,20210312,1700,130.260,130.360,130.230,130.340,240
EURJPY,20210312,1800,130.330,130.350,130.280,130.300,240
EURJPY,20210312,1900,130.300,130.370,130.280,130.370,240
EURJPY,20210312,2000,130.370,130.370,130.290,130.300,240
EURJPY,20210312,2100,130.300,130.300,130.300,130.300,4
EURJPY,20210314,2200,130.310,130.410,130.310,130.370,240
EURJPY,20210314,2300,130.370,130.380,130.280,130.320,240
EURJPY,20210315,0000,130.320,130.390,130.310,130.390,240
EURJPY,20210315,0100,130.390,130.430,130.340,130.360,240
EURJPY,20210315,0200,130.370,130.430,130.370,130.430,240
EURJPY,20210315,0300,130.420,130.460,130.360,130.370,240
EURJPY,20210315,0400,130.370,130.400,130.310,130.390,240
EURJPY,20210315,0500,130.390,130.420,130.350,130.370,240
EURJPY,20210315,0600,130.360,130.370,130.110,130.140,240
EURJPY,20210315,0700,130.140,130.210,130.120,130.160,240
EURJPY,20210315,0800,130.160,130.200,130.050,130.070,240
EURJPY,20210315,0900,130.100,130.110,130.010,130.100,240
EURJPY,20210315,1000,130.100,130.190,130.080,130.160,240
EURJPY,20210315,1100,130.160,130.210,130.140,130.160,240
EURJPY,20210315,1200,130.160,130.240,130.130,130.170,240
EURJPY,20210315,1300,130.180,130.220,130.140,130.210,240
EURJPY,20210315,1400,130.210,130.230,129.980,130.000,240
EURJPY,20210315,1500,130.010,130.170,130.010,130.120,240
EURJPY,20210315,1600,130.130,130.200,130.120,130.170,240
EURJPY,20210315,1700,130.170,130.190,130.140,130.150,240
EURJPY,20210315,1800,130.150,130.180,130.120,130.130,240
EURJPY,20210315,1900,130.130,130.190,130.130,130.170,240
EURJPY,20210315,2000,130.170,130.240,130.140,130.170,240
EURJPY,20210315,2100,130.170,130.170,130.120,130.140,240
EURJPY,20210315,2200,130.140,130.150,130.120,130.130,240
EURJPY,20210315,2300,130.130,130.240,130.130,130.230,240
EURJPY,20210316,0000,130.220,130.260,130.200,130.230,240
EURJPY,20210316,0100,130.240,130.240,130.160,130.240,240
EURJPY,20210316,0200,130.240,130.280,130.230,130.260,240
EURJPY,20210316,0300,130.250,130.310,130.230,130.310,240
EURJPY,20210316,0400,130.310,130.320,130.280,130.280,240
EURJPY,20210316,0500,130.280,130.280,130.180,130.210,240
EURJPY,20210316,0600,130.210,130.260,130.100,130.200,240
EURJPY,20210316,0700,130.190,130.280,130.180,130.250,240
EURJPY,20210316,0800,130.250,130.290,130.180,130.250,240
EURJPY,20210316,0900,130.250,130.370,130.250,130.320,240
EURJPY,20210316,1000,130.320,130.370,130.280,130.280,240
EURJPY,20210316,1100,130.270,130.290,129.920,129.940,240
EURJPY,20210316,1200,129.950,129.950,129.490,129.530,240
EURJPY,20210316,1300,129.530,129.670,129.530,129.670,240
EURJPY,20210316,1400,129.670,129.680,129.510,129.660,240
EURJPY,20210316,1500,129.640,129.680,129.590,129.650,240
EURJPY,20210316,1600,129.660,129.750,129.630,129.740,240
EURJPY,20210316,1700,129.740,129.750,129.700,129.710,240
EURJPY,20210316,1800,129.720,129.760,129.710,129.720,240
EURJPY,20210316,1900,129.730,129.750,129.710,129.730,240
EURJPY,20210316,2000,129.710,129.740,129.680,129.720,240
EURJPY,20210316,2100,129.730,129.740,129.710,129.720,240
EURJPY,20210316,2200,129.710,129.800,129.700,129.750,240
EURJPY,20210316,2300,129.750,129.870,129.740,129.850,240
EURJPY,20210317,0000,129.850,129.850,129.790,129.830,240
EURJPY,20210317,0100,129.820,129.860,129.780,129.820,240
EURJPY,20210317,0200,129.820,129.840,129.790,129.820,240
EURJPY,20210317,0300,129.810,129.870,129.810,129.870,240
EURJPY,20210317,0400,129.870,129.910,129.860,129.880,240
EURJPY,20210317,0500,129.880,129.910,129.860,129.910,240
EURJPY,20210317,0600,129.900,129.900,129.780,129.790,240
EURJPY,20210317,0700,129.790,129.850,129.740,129.850,240
EURJPY,20210317,0800,129.840,129.980,129.840,129.930,240
EURJPY,20210317,0900,129.920,129.940,129.860,129.940,240
EURJPY,20210317,1000,129.940,129.960,129.850,129.850,240
EURJPY,20210317,1100,129.840,130.010,129.830,130.010,240
EURJPY,20210317,1200,130.020,130.030,129.950,129.950,240
EURJPY,20210317,1300,129.930,130.050,129.930,130.050,240
EURJPY,20210317,1400,130.040,130.080,130.000,130.000,240
EURJPY,20210317,1500,130.000,130.060,129.960,130.000,240
EURJPY,20210317,1600,130.000,130.110,129.990,130.100,240
EURJPY,20210317,1700,130.090,130.410,130.090,130.360,240
EURJPY,20210317,1800,130.350,130.390,130.210,130.370,240
EURJPY,20210317,1900,130.380,130.420,130.370,130.370,240
EURJPY,20210317,2000,130.360,130.440,130.350,130.400,240
EURJPY,20210317,2100,130.400,130.410,130.270,130.380,240
EURJPY,20210317,2200,130.380,130.470,130.370,130.460,240
EURJPY,20210317,2300,130.470,130.570,130.470,130.570,240
EURJPY,20210318,0000,130.570,130.640,130.530,130.530,240
EURJPY,20210318,0100,130.520,130.550,130.500,130.550,240
EURJPY,20210318,0200,130.550,130.550,130.110,130.190,240
EURJPY,20210318,0300,130.180,130.310,130.180,130.260,240
EURJPY,20210318,0400,130.270,130.290,130.230,130.230,240
EURJPY,20210318,0500,130.230,130.390,130.230,130.390,240
EURJPY,20210318,0600,130.380,130.560,130.380,130.450,240
EURJPY,20210318,0700,130.450,130.480,130.300,130.330,240
EURJPY,20210318,0800,130.330,130.330,130.130,130.200,240
EURJPY,20210318,0900,130.190,130.200,130.150,130.160,240
EURJPY,20210318,1000,130.150,130.250,130.150,130.220,240
EURJPY,20210318,1100,130.220,130.260,130.080,130.110,240
EURJPY,20210318,1200,130.120,130.140,130.050,130.070,240
EURJPY,20210318,1300,130.080,130.110,129.910,129.950,240
EURJPY,20210318,1400,129.980,129.980,129.910,129.950,240
EURJPY,20210318,1500,129.940,130.050,129.910,129.980,240
EURJPY,20210318,1600,129.980,130.040,129.930,129.990,240
EURJPY,20210318,1700,130.000,130.000,129.840,129.850,240
EURJPY,20210318,1800,129.830,129.850,129.580,129.650,240
EURJPY,20210318,1900,129.670,129.770,129.670,129.740,240
EURJPY,20210318,2000,129.720,129.830,129.720,129.780,240
EURJPY,20210318,2100,129.770,129.860,129.770,129.830,240
EURJPY,20210318,2200,129.840,129.840,129.780,129.810,240
EURJPY,20210318,2300,129.810,129.900,129.810,129.860,240
EURJPY,20210319,0000,129.860,129.900,129.810,129.850,236
EURJPY,20210319,0100,129.840,129.840,129.760,129.760,240
EURJPY,20210319,0200,129.760,129.900,129.690,129.690,240
EURJPY,20210319,0300,129.700,129.800,129.680,129.740,240
EURJPY,20210319,0400,129.740,129.750,129.680,129.750,240
EURJPY,20210319,0500,129.750,129.750,129.630,129.710,240
EURJPY,20210319,0600,129.710,129.790,129.690,129.770,240
EURJPY,20210319,0700,129.760,129.770,129.520,129.530,240
EURJPY,20210319,0800,129.520,129.530,129.430,129.430,240
EURJPY,20210319,0900,129.440,129.490,129.430,129.490,240
EURJPY,20210319,1000,129.500,129.570,129.460,129.470,240
EURJPY,20210319,1100,129.470,129.550,129.450,129.550,240
EURJPY,20210319,1200,129.550,129.610,129.430,129.490,240
EURJPY,20210319,1300,129.490,129.490,129.300,129.440,240
EURJPY,20210319,1400,129.440,129.610,129.410,129.610,240
EURJPY,20210319,1500,129.610,129.610,129.530,129.610,240
EURJPY,20210319,1600,129.620,129.660,129.590,129.630,240
EURJPY,20210319,1700,129.640,129.670,129.630,129.650,240
EURJPY,20210319,1800,129.640,129.660,129.620,129.630,240
EURJPY,20210319,1900,129.630,129.640,129.600,129.600,240
EURJPY,20210319,2000,129.600,129.600,129.600,129.600,240
EURJPY,20210319,2100,129.600,129.600,129.600,129.600,4
EURJPY,20210321,2200,129.380,129.440,129.340,129.350,240
EURJPY,20210321,2300,129.360,129.440,129.360,129.420,240
EURJPY,20210322,0000,129.410,129.440,129.260,129.400,240
EURJPY,20210322,0100,129.390,129.400,129.320,129.330,240
EURJPY,20210322,0200,129.350,129.400,129.300,129.370,240
EURJPY,20210322,0300,129.360,129.400,129.340,129.380,240
EURJPY,20210322,0400,129.380,129.410,129.350,129.390,240
EURJPY,20210322,0500,129.400,129.400,129.220,129.220,240
EURJPY,20210322,0600,129.220,129.220,129.120,129.140,240
EURJPY,20210322,0700,129.160,129.340,129.130,129.310,240
EURJPY,20210322,0800,129.320,129.320,129.240,129.280,240
EURJPY,20210322,0900,129.280,129.510,129.280,129.510,240
EURJPY,20210322,1000,129.500,129.640,129.490,129.620,240
EURJPY,20210322,1100,129.630,129.810,129.630,129.720,240
EURJPY,20210322,1200,129.730,129.750,129.590,129.590,240
EURJPY,20210322,1300,129.590,129.680,129.590,129.640,240
EURJPY,20210322,1400,129.640,129.740,129.640,129.670,240
EURJPY,20210322,1500,129.650,129.770,129.640,129.770,240
EURJPY,20210322,1600,129.790,129.900,129.760,129.860,240
EURJPY,20210322,1700,129.850,129.920,129.850,129.890,240
EURJPY,20210322,1800,129.890,129.900,129.840,129.840,240
EURJPY,20210322,1900,129.850,129.890,129.840,129.860,240
EURJPY,20210322,2000,129.860,129.890,129.850,129.880,240
EURJPY,20210322,2100,129.880,129.880,129.810,129.830,240
EURJPY,20210322,2200,129.830,129.850,129.780,129.780,240
EURJPY,20210322,2300,129.780,129.870,129.780,129.860,240
EURJPY,20210323,0000,129.860,129.890,129.730,129.750,240
EURJPY,20210323,0100,129.750,129.750,129.620,129.680,240
EURJPY,20210323,0200,129.680,129.720,129.640,129.690,240
EURJPY,20210323,0300,129.680,129.710,129.630,129.630,240
EURJPY,20210323,0400,129.620,129.680,129.620,129.670,240
EURJPY,20210323,0500,129.670,129.680,129.600,129.630,240
EURJPY,20210323,0600,129.620,129.710,129.450,129.460,240
EURJPY,20210323,0700,129.460,129.460,129.270,129.380,240
EURJPY,20210323,0800,129.390,129.390,129.210,129.210,240
EURJPY,20210323,0900,129.190,129.190,128.850,128.920,240
EURJPY,20210323,1000,128.930,128.980,128.860,128.920,240
EURJPY,20210323,1100,128.920,129.110,128.900,129.070,240
EURJPY,20210323,1200,129.050,129.090,128.910,128.970,240
EURJPY,20210323,1300,128.970,129.030,128.860,128.960,240
EURJPY,20210323,1400,128.980,129.040,128.890,128.920,240
EURJPY,20210323,1500,128.920,128.950,128.860,128.920,240
EURJPY,20210323,1600,128.930,128.980,128.880,128.880,240
EURJPY,20210323,1700,128.880,128.910,128.810,128.850,240
EURJPY,20210323,1800,128.860,128.880,128.630,128.630,240
EURJPY,20210323,1900,128.630,128.670,128.590,128.650,240
EURJPY,20210323,2000,128.650,128.750,128.650,128.690,240
EURJPY,20210323,2100,128.680,128.720,128.660,128.690,240
EURJPY,20210323,2200,128.670,128.670,128.420,128.480,240
EURJPY,20210323,2300,128.480,128.660,128.480,128.610,240
EURJPY,20210324,0000,128.600,128.620,128.500,128.500,240
EURJPY,20210324,0100,128.520,128.530,128.480,128.510,240
EURJPY,20210324,0200,128.510,128.610,128.510,128.580,240
EURJPY,20210324,0300,128.580,128.580,128.460,128.510,240
EURJPY,20210324,0400,128.510,128.520,128.460,128.520,240
EURJPY,20210324,0500,128.490,128.550,128.400,128.550,240
EURJPY,20210324,0600,128.560,128.580,128.350,128.350,240
EURJPY,20210324,0700,128.360,128.590,128.280,128.450,240
EURJPY,20210324,0800,128.460,128.690,128.420,128.550,240
EURJPY,20210324,0900,128.550,128.660,128.490,128.550,240
EURJPY,20210324,1000,128.540,128.620,128.500,128.560,240
EURJPY,20210324,1100,128.560,128.590,128.530,128.590,240
EURJPY,20210324,1200,128.610,128.760,128.560,128.700,240
EURJPY,20210324,1300,128.710,128.820,128.670,128.810,240
EURJPY,20210324,1400,128.800,128.830,128.710,128.710,240
EURJPY,20210324,1500,128.720,128.740,128.630,128.630,240
EURJPY,20210324,1600,128.630,128.660,128.620,128.640,236
EURJPY,20210324,1700,128.650,128.650,128.480,128.480,240
EURJPY,20210324,1800,128.470,128.510,128.360,128.360,240
EURJPY,20210324,1900,128.360,128.410,128.350,128.400,240
EURJPY,20210324,2000,128.430,128.480,128.420,128.470,240
EURJPY,20210324,2100,128.440,128.460,128.400,128.430,240
EURJPY,20210324,2200,128.420,128.490,128.410,128.490,240
EURJPY,20210324,2300,128.490,128.630,128.490,128.630,240
EURJPY,20210325,0000,128.640,128.680,128.610,128.660,240
EURJPY,20210325,0100,128.640,128.810,128.640,128.770,240
EURJPY,20210325,0200,128.760,128.780,128.730,128.750,240
EURJPY,20210325,0300,128.740,128.820,128.730,128.730,240
EURJPY,20210325,0400,128.730,128.820,128.730,128.750,240
EURJPY,20210325,0500,128.750,128.780,128.720,128.730,240
EURJPY,20210325,0600,128.730,128.770,128.680,128.750,240
EURJPY,20210325,0700,128.760,128.910,128.710,128.810,240
EURJPY,20210325,0800,128.810,128.830,128.770,128.800,240
EURJPY,20210325,0900,128.780,128.900,128.750,128.880,240
EURJPY,20210325,1000,128.880,128.900,128.730,128.760,240
EURJPY,20210325,1100,128.760,128.800,128.690,128.690,240
EURJPY,20210325,1200,128.710,128.870,128.710,128.830,240
EURJPY,20210325,1300,128.800,128.850,128.690,128.700,240
EURJPY,20210325,1400,128.710,128.710,128.480,128.480,240
EURJPY,20210325,1500,128.490,128.550,128.410,128.410,240
EURJPY,20210325,1600,128.400,128.570,128.400,128.480,240
EURJPY,20210325,1700,128.470,128.530,128.450,128.480,240
EURJPY,20210325,1800,128.490,128.490,128.400,128.420,240
EURJPY,20210325,1900,128.380,128.470,128.370,128.440,236
EURJPY,20210325,2000,128.430,128.510,128.420,128.470,240
EURJPY,20210325,2100,128.460,128.510,128.440,128.500,240
EURJPY,20210325,2200,128.510,128.590,128.490,128.550,240
EURJPY,20210325,2300,128.550,128.760,128.510,128.740,240
EURJPY,20210326,0000,128.730,128.730,128.630,128.670,240
EURJPY,20210326,0100,128.670,128.670,128.600,128.650,240
EURJPY,20210326,0200,128.660,128.710,128.660,128.670,240
EURJPY,20210326,0300,128.680,128.690,128.640,128.660,240
EURJPY,20210326,0400,128.670,128.720,128.640,128.720,240
EURJPY,20210326,0500,128.710,128.770,128.690,128.710,240
EURJPY,20210326,0600,128.730,128.870,128.630,128.840,240
EURJPY,20210326,0700,128.840,129.000,128.800,129.000,240
EURJPY,20210326,0800,129.030,129.100,128.970,129.100,240
EURJPY,20210326,0900,129.090,129.140,129.050,129.090,240
EURJPY,20210326,1000,129.080,129.210,129.060,129.200,240
EURJPY,20210326,1100,129.200,129.310,129.200,129.280,240
EURJPY,20210326,1200,129.280,129.430,129.250,129.390,240
EURJPY,20210326,1300,129.370,129.410,129.240,129.310,240
EURJPY,20210326,1400,129.310,129.390,129.230,129.250,240
EURJPY,20210326,1500,129.220,129.320,129.180,129.310,240
EURJPY,20210326,1600,129.330,129.340,129.260,129.290,240
EURJPY,20210326,1700,129.290,129.310,129.220,129.290,240
EURJPY,20210326,1800,129.300,129.340,129.270,129.330,240
EURJPY,20210326,1900,129.320,129.360,129.310,129.340,240
EURJPY,20210326,2000,129.320,129.320,129.310,129.310,240
EURJPY,20210326,2100,129.310,129.310,129.310,129.310,4
EURJPY,20210328,2100,129.400,129.400,129.360,129.380,240
EURJPY,20210328,2200,129.390,129.390,129.140,129.190,240
EURJPY,20210328,2300,129.180,129.230,129.150,129.210,164
EURJPY,20210329,0000,129.190,129.190,129.040,129.060,240
EURJPY,20210329,0100,129.070,129.090,128.980,129.080,240
EURJPY,20210329,0200,129.080,129.090,129.000,129.020,240
EURJPY,20210329,0300,129.010,129.010,128.810,128.900,240
EURJPY,20210329,0400,128.900,129.070,128.890,129.070,240
EURJPY,20210329,0500,129.060,129.250,129.050,129.220,240
EURJPY,20210329,0600,129.230,129.240,128.960,128.990,240
EURJPY,20210329,0700,128.980,129.100,128.980,129.040,240
EURJPY,20210329,0800,129.020,129.040,128.930,128.970,240
EURJPY,20210329,0900,128.960,129.160,128.940,129.140,240
EURJPY,20210329,1000,129.130,129.270,129.130,129.270,240
EURJPY,20210329,1100,129.260,129.310,129.190,129.210,240
EURJPY,20210329,1200,129.230,129.280,129.090,129.110,240
EURJPY,20210329,1300,129.100,129.260,129.090,129.240,240
EURJPY,20210329,1400,129.220,129.240,129.180,129.190,240
EURJPY,20210329,1500,129.180,129.260,129.180,129.230,240
EURJPY,20210329,1600,129.220,129.250,129.160,129.190,240
EURJPY,20210329,1700,129.170,129.250,129.170,129.170,240
EURJPY,20210329,1800,129.170,129.210,129.160,129.200,240
EURJPY,20210329,1900,129.180,129.220,129.120,129.200,240
EURJPY,20210329,2000,129.210,129.220,129.160,129.200,240
EURJPY,20210329,2100,129.210,129.270,129.210,129.260,240
EURJPY,20210329,2200,129.250,129.270,129.200,129.260,240
EURJPY,20210329,2300,129.270,129.340,129.240,129.300,164
EURJPY,20210330,0000,129.340,129.370,129.310,129.360,240
EURJPY,20210330,0100,129.340,129.430,129.340,129.380,240
EURJPY,20210330,0200,129.380,129.380,129.320,129.320,240
EURJPY,20210330,0300,129.320,129.340,129.290,129.320,240
EURJPY,20210330,0400,129.330,129.450,129.310,129.350,240
EURJPY,20210330,0500,129.380,129.440,129.330,129.350,240
EURJPY,20210330,0600,129.340,129.500,129.340,129.490,240
EURJPY,20210330,0700,129.490,129.510,129.400,129.400,240
EURJPY,20210330,0800,129.400,129.520,129.400,129.490,240
EURJPY,20210330,0900,129.490,129.500,129.430,129.490,240
EURJPY,20210330,1000,129.470,129.490,129.410,129.440,240
EURJPY,20210330,1100,129.430,129.430,129.290,129.320,240
EURJPY,20210330,1200,129.340,129.460,129.320,129.360,240
EURJPY,20210330,1300,129.330,129.370,129.200,129.200,240
EURJPY,20210330,1400,129.170,129.250,129.170,129.220,240
EURJPY,20210330,1500,129.220,129.220,129.160,129.190,240
EURJPY,20210330,1600,129.190,129.280,129.180,129.270,240
EURJPY,20210330,1700,129.280,129.320,129.270,129.280,240
EURJPY,20210330,1800,129.290,129.300,129.270,129.270,240
EURJPY,20210330,1900,129.270,129.300,129.250,129.290,240
EURJPY,20210330,2000,129.300,129.330,129.270,129.330,240
EURJPY,20210330,2100,129.330,129.330,129.260,129.310,240
EURJPY,20210330,2200,129.300,129.750,129.260,129.730,240
EURJPY,20210330,2300,129.720,129.720,129.530,129.610,164
EURJPY,20210331,0000,129.550,129.780,129.530,129.780,240
EURJPY,20210331,0100,129.730,129.850,129.730,129.750,240
EURJPY,20210331,0200,129.750,129.770,129.720,129.770,240
EURJPY,20210331,0300,129.780,129.810,129.730,129.770,240
EURJPY,20210331,0400,129.760,129.840,129.680,129.820,240
EURJPY,20210331,0500,129.810,129.910,129.770,129.880,240
EURJPY,20210331,0600,129.890,129.940,129.810,129.810,240
EURJPY,20210331,0700,129.790,129.860,129.680,129.680,240
EURJPY,20210331,0800,129.670,129.840,129.670,129.830,240
EURJPY,20210331,0900,129.830,129.890,129.800,129.870,240
EURJPY,20210331,1000,129.890,129.930,129.770,129.770,240
EURJPY,20210331,1100,129.800,129.970,129.800,129.950,240
EURJPY,20210331,1200,129.920,130.030,129.810,129.860,240
EURJPY,20210331,1300,129.860,129.860,129.690,129.860,240
EURJPY,20210331,1400,129.870,129.940,129.850,129.930,240
EURJPY,20210331,1500,129.940,129.980,129.900,129.930,240
EURJPY,20210331,1600,129.940,129.940,129.860,129.860,240
EURJPY,20210331,1700,129.830,129.870,129.790,129.820,240
EURJPY,20210331,1800,129.820,129.860,129.820,129.850,240
EURJPY,20210331,1900,129.860,129.870,129.820,129.840,240
EURJPY,20210331,2000,129.840,129.890,129.780,129.870,240
EURJPY,20210331,2100,129.870,129.900,129.840,129.870,240
EURJPY,20210331,2200,129.870,129.960,129.770,129.930,240
EURJPY,20210331,2300,129.940,129.950,129.820,129.830,164
EURJPY,20210401,0000,129.790,129.850,129.660,129.680,240
EURJPY,20210401,0100,129.700,129.720,129.640,129.700,240
EURJPY,20210401,0200,129.700,129.740,129.650,129.650,240
EURJPY,20210401,0300,129.670,129.750,129.670,129.740,240
EURJPY,20210401,0400,129.750,129.920,129.740,129.920,240
EURJPY,20210401,0500,129.930,129.970,129.800,129.960,240
EURJPY,20210401,0600,129.930,129.990,129.890,129.890,240
EURJPY,20210401,0700,129.890,130.090,129.860,130.080,240
EURJPY,20210401,0800,130.090,130.150,130.010,130.020,240
EURJPY,20210401,0900,130.020,130.050,129.990,130.010,240
EURJPY,20210401,1000,130.010,130.050,129.960,130.020,240
EURJPY,20210401,1100,130.000,130.150,129.990,130.110,240
EURJPY,20210401,1200,130.110,130.110,129.920,130.050,240
EURJPY,20210401,1300,130.050,130.190,129.990,130.190,240
EURJPY,20210401,1400,130.180,130.210,130.120,130.160,240
EURJPY,20210401,1500,130.170,130.210,130.150,130.200,240
EURJPY,20210401,1600,130.200,130.210,130.150,130.170,240
EURJPY,20210401,1700,130.190,130.240,130.170,130.230,240
EURJPY,20210401,1800,130.220,130.250,130.210,130.250,240
EURJPY,20210401,1900,130.240,130.260,130.210,130.230,240
EURJPY,20210401,2000,130.210,130.290,130.210,130.280,240
EURJPY,20210401,2100,130.280,130.280,130.250,130.250,240
EURJPY,20210401,2200,130.260,130.280,130.150,130.210,240
EURJPY,20210401,2300,130.210,130.260,130.210,130.240,164
EURJPY,20210402,0000,130.210,130.280,130.190,130.280,240
EURJPY,20210402,0100,130.270,130.290,130.250,130.260,240
EURJPY,20210402,0200,130.270,130.280,130.260,130.260,240
EURJPY,20210402,0300,130.250,130.260,130.100,130.120,240
EURJPY,20210402,0400,130.160,130.160,130.080,130.090,240
EURJPY,20210402,0500,130.080,130.210,130.080,130.180,240
EURJPY,20210402,0600,130.170,130.190,130.030,130.040,240
EURJPY,20210402,0700,130.040,130.130,130.040,130.120,240
EURJPY,20210402,0800,130.110,130.150,130.100,130.130,240
EURJPY,20210402,0900,130.130,130.130,130.030,130.110,240
EURJPY,20210402,1000,130.110,130.270,130.030,130.150,240
EURJPY,20210402,1100,130.160,130.240,130.090,130.230,240
EURJPY,20210402,1200,130.210,130.210,130.100,130.110,240
EURJPY,20210402,1300,130.100,130.160,130.090,130.150,240
EURJPY,20210402,1400,130.160,130.180,130.140,130.170,240
EURJPY,20210402,1500,130.170,130.190,130.140,130.170,240
EURJPY,20210402,1600,130.180,130.190,130.150,130.170,240
EURJPY,20210402,1700,130.180,130.200,130.120,130.130,240
EURJPY,20210402,1800,130.130,130.160,130.120,130.160,240
EURJPY,20210402,1900,130.150,130.150,130.150,130.150,4
EURJPY,20210404,2100,130.210,130.230,130.180,130.210,240
EURJPY,20210404,2200,130.220,130.240,130.120,130.130,240
EURJPY,20210404,2300,130.130,130.130,130.080,130.090,164
EURJPY,20210405,0000,130.140,130.140,130.090,130.090,240
EURJPY,20210405,0100,130.080,130.100,130.070,130.100,240
EURJPY,20210405,0200,130.100,130.120,130.080,130.090,240
EURJPY,20210405,0300,130.090,130.110,130.000,130.000,240
EURJPY,20210405,0400,130.010,130.040,129.950,129.950,240
EURJPY,20210405,0500,129.960,130.000,129.910,129.910,240
EURJPY,20210405,0600,129.890,129.980,129.880,129.900,240
EURJPY,20210405,0700,129.910,129.920,129.840,129.840,240
EURJPY,20210405,0800,129.850,129.910,129.820,129.910,240
EURJPY,20210405,0900,129.900,129.920,129.850,129.890,240
EURJPY,20210405,1000,129.890,130.120,129.890,130.120,240
EURJPY,20210405,1100,130.110,130.130,130.060,130.090,240
EURJPY,20210405,1200,130.060,130.060,129.860,129.920,240
EURJPY,20210405,1300,129.920,130.050,129.920,129.990,240
EURJPY,20210405,1400,129.990,130.080,129.990,130.060,240
EURJPY,20210405,1500,130.060,130.100,130.060,130.070,240
EURJPY,20210405,1600,130.070,130.120,130.070,130.100,240
EURJPY,20210405,1700,130.100,130.180,130.100,130.150,240
EURJPY,20210405,1800,130.150,130.160,130.120,130.130,240
EURJPY,20210405,1900,130.130,130.160,130.070,130.110,240
EURJPY,20210405,2000,130.110,130.200,130.110,130.200,240
EURJPY,20210405,2100,130.210,130.210,130.150,130.190,240
EURJPY,20210405,2200,130.190,130.270,130.160,130.250,240
EURJPY,20210405,2300,130.250,130.310,130.190,130.190,164
EURJPY,20210406,0000,130.180,130.280,130.180,130.280,240
EURJPY,20210406,0100,130.270,130.300,130.220,130.220,240
EURJPY,20210406,0200,130.230,130.250,130.120,130.120,240
EURJPY,20210406,0300,130.140,130.140,130.050,130.100,240
EURJPY,20210406,0400,130.100,130.230,130.090,130.210,240
EURJPY,20210406,0500,130.210,130.380,130.180,130.350,240
EURJPY,20210406,0600,130.360,130.410,130.230,130.410,240
EURJPY,20210406,0700,130.410,130.520,130.410,130.500,240
EURJPY,20210406,0800,130.510,130.540,130.430,130.480,240
EURJPY,20210406,0900,130.490,130.490,130.240,130.240,240
EURJPY,20210406,1000,130.240,130.270,129.970,129.990,240
EURJPY,20210406,1100,129.980,130.040,129.810,130.030,240
EURJPY,20210406,1200,130.030,130.150,129.920,129.920,240
EURJPY,20210406,1300,129.900,130.180,129.900,130.150,240
EURJPY,20210406,1400,130.150,130.240,130.140,130.240,240
EURJPY,20210406,1500,130.250,130.290,130.220,130.270,240
EURJPY,20210406,1600,130.280,130.410,130.260,130.400,240
EURJPY,20210406,1700,130.390,130.400,130.340,130.370,240
EURJPY,20210406,1800,130.360,130.370,130.290,130.300,240
EURJPY,20210406,1900,130.310,130.330,130.280,130.310,240
EURJPY,20210406,2000,130.320,130.320,130.280,130.290,240
EURJPY,20210406,2100,130.290,130.330,130.280,130.330,240
EURJPY,20210406,2200,130.340,130.420,130.310,130.310,240
EURJPY,20210406,2300,130.320,130.320,130.150,130.160,164
EURJPY,20210407,0000,130.190,130.310,130.190,130.230,240
EURJPY,20210407,0100,130.220,130.320,130.220,130.240,240
EURJPY,20210407,0200,130.250,130.280,130.220,130.240,240
EURJPY,20210407,0300,130.230,130.370,130.230,130.310,240
EURJPY,20210407,0400,130.320,130.380,130.260,130.340,240
EURJPY,20210407,0500,130.330,130.430,130.330,130.400,240
EURJPY,20210407,0600,130.400,130.580,130.400,130.550,240
EURJPY,20210407,0700,130.570,130.570,130.430,130.500,240
EURJPY,20210407,0800,130.480,130.590,130.430,130.540,240
EURJPY,20210407,0900,130.500,130.620,130.480,130.560,240
EURJPY,20210407,1000,130.570,130.570,130.490,130.550,240
EURJPY,20210407,1100,130.560,130.650,130.530,130.600,240
EURJPY,20210407,1200,130.600,130.650,130.430,130.440,240
EURJPY,20210407,1300,130.440,130.490,130.370,130.380,240
EURJPY,20210407,1400,130.380,130.380,130.320,130.350,240
EURJPY,20210407,1500,130.350,130.410,130.350,130.390,240
EURJPY,20210407,1600,130.390,130.440,130.260,130.260,240
EURJPY,20210407,1700,130.270,130.340,130.270,130.330,240
EURJPY,20210407,1800,130.320,130.380,130.310,130.380,240
EURJPY,20210407,1900,130.370,130.370,130.310,130.350,240
EURJPY,20210407,2000,130.350,130.420,130.350,130.370,240
EURJPY,20210407,2100,130.370,130.410,130.360,130.400,240
EURJPY,20210407,2200,130.400,130.460,130.260,130.270,240
EURJPY,20210407,2300,130.250,130.250,130.170,130.240,164
EURJPY,20210408,0000,130.220,130.250,130.160,130.240,240
EURJPY,20210408,0100,130.240,130.270,130.210,130.250,240
EURJPY,20210408,0200,130.250,130.260,130.150,130.180,240
EURJPY,20210408,0300,130.180,130.270,130.180,130.210,240
EURJPY,20210408,0400,130.210,130.320,130.140,130.310,240
EURJPY,20210408,0500,130.310,130.310,130.110,130.110,240
EURJPY,20210408,0600,130.130,130.130,129.970,130.010,240
EURJPY,20210408,0700,130.020,130.050,129.970,129.990,240
EURJPY,20210408,0800,129.980,129.990,129.900,129.920,240
EURJPY,20210408,0900,129.910,129.930,129.730,129.730,240
EURJPY,20210408,1000,129.720,129.720,129.560,129.690,240
EURJPY,20210408,1100,129.710,129.860,129.650,129.860,240
EURJPY,20210408,1200,129.790,130.000,129.780,129.980,240
EURJPY,20210408,1300,129.970,130.100,129.970,130.070,240
EURJPY,20210408,1400,130.060,130.230,130.030,130.220,240
EURJPY,20210408,1500,130.220,130.230,130.170,130.190,240
EURJPY,20210408,1600,130.180,130.190,130.130,130.160,240
EURJPY,20210408,1700,130.180,130.210,130.170,130.190,240
EURJPY,20210408,1800,130.200,130.210,130.160,130.180,240
EURJPY,20210408,1900,130.160,130.190,130.130,130.170,240
EURJPY,20210408,2000,130.180,130.270,130.170,130.250,240
EURJPY,20210408,2100,130.250,130.280,130.220,130.250,240
EURJPY,20210408,2200,130.250,130.310,130.180,130.210,240
EURJPY,20210408,2300,130.210,130.220,130.140,130.150,168
EURJPY,20210409,0000,130.090,130.130,130.060,130.070,240
EURJPY,20210409,0100,130.070,130.110,130.050,130.110,240
EURJPY,20210409,0200,130.110,130.170,130.090,130.170,240
EURJPY,20210409,0300,130.170,130.170,130.050,130.090,240
EURJPY,20210409,0400,130.080,130.140,130.040,130.130,240
EURJPY,20210409,0500,130.120,130.280,130.110,130.270,240
EURJPY,20210409,0600,130.270,130.330,130.190,130.320,240
EURJPY,20210409,0700,130.320,130.400,130.280,130.400,240
EURJPY,20210409,0800,130.380,130.470,130.340,130.340,240
EURJPY,20210409,0900,130.340,130.520,130.310,130.520,240
EURJPY,20210409,1000,130.490,130.500,130.350,130.440,240
EURJPY,20210409,1100,130.470,130.510,130.430,130.450,240
EURJPY,20210409,1200,130.410,130.450,130.240,130.260,240
EURJPY,20210409,1300,130.280,130.400,130.280,130.400,240
EURJPY,20210409,1400,130.400,130.470,130.370,130.450,240
EURJPY,20210409,1500,130.450,130.510,130.450,130.510,240
EURJPY,20210409,1600,130.500,130.530,130.490,130.490,240
EURJPY,20210409,1700,130.500,130.510,130.470,130.500,240
EURJPY,20210409,1800,130.500,130.510,130.480,130.490,240
EURJPY,20210409,1900,130.490,130.490,130.490,130.490,4
EURJPY,20210411,2100,130.570,130.580,130.510,130.520,240
EURJPY,20210411,2200,130.510,130.580,130.470,130.560,240
EURJPY,20210411,2300,130.570,130.570,130.390,130.400,164
EURJPY,20210412,0000,130.270,130.270,130.140,130.200,240
EURJPY,20210412,0100,130.210,130.250,130.130,130.250,240
EURJPY,20210412,0200,130.250,130.280,130.190,130.190,240
EURJPY,20210412,0300,130.190,130.240,130.170,130.230,240
EURJPY,20210412,0400,130.220,130.320,130.180,130.220,240
EURJPY,20210412,0500,130.210,130.220,129.930,129.960,240
EURJPY,20210412,0600,129.930,130.090,129.880,130.060,240
EURJPY,20210412,0700,130.070,130.180,130.070,130.100,240
EURJPY,20210412,0800,130.110,130.260,130.090,130.260,240
EURJPY,20210412,0900,130.240,130.250,130.150,130.170,240
EURJPY,20210412,1000,130.170,130.240,130.170,130.220,240
EURJPY,20210412,1100,130.230,130.310,130.210,130.270,240
EURJPY,20210412,1200,130.270,130.340,130.220,130.220,240
EURJPY,20210412,1300,130.230,130.320,130.230,130.270,240
EURJPY,20210412,1400,130.290,130.360,130.250,130.350,240
EURJPY,20210412,1500,130.340,130.340,130.300,130.330,240
EURJPY,20210412,1600,130.320,130.330,130.250,130.270,240
EURJPY,20210412,1700,130.260,130.290,130.210,130.280,240
EURJPY,20210412,1800,130.270,130.290,130.260,130.270,240
EURJPY,20210412,1900,130.260,130.320,130.240,130.290,240
EURJPY,20210412,2000,130.290,130.310,130.270,130.290,240
EURJPY,20210412,2100,130.290,130.310,130.260,130.270,240
EURJPY,20210412,2200,130.270,130.400,130.250,130.370,240
EURJPY,20210412,2300,130.390,130.410,130.330,130.340,164
EURJPY,20210413,0000,130.370,130.440,130.360,130.430,240
EURJPY,20210413,0100,130.430,130.450,130.380,130.420,240
EURJPY,20210413,0200,130.440,130.480,130.390,130.390,240
EURJPY,20210413,0300,130.390,130.450,130.370,130.430,240
EURJPY,20210413,0400,130.440,130.440,130.320,130.320,240
EURJPY,20210413,0500,130.330,130.360,130.110,130.120,240
EURJPY,20210413,0600,130.110,130.120,130.060,130.100,240
EURJPY,20210413,0700,130.090,130.090,129.990,130.040,240
EURJPY,20210413,0800,130.020,130.110,130.000,130.080,240
EURJPY,20210413,0900,130.070,130.110,129.790,130.110,240
EURJPY,20210413,1000,130.130,130.310,130.130,130.310,240
EURJPY,20210413,1100,130.300,130.400,130.290,130.360,240
EURJPY,20210413,1200,130.340,130.420,130.210,130.210,240
EURJPY,20210413,1300,130.210,130.330,130.210,130.330,240
EURJPY,20210413,1400,130.340,130.390,130.290,130.320,240
EURJPY,20210413,1500,130.330,130.330,130.230,130.280,240
EURJPY,20210413,1600,130.270,130.330,130.260,130.280,240
EURJPY,20210413,1700,130.290,130.320,130.270,130.320,240
EURJPY,20210413,1800,130.320,130.320,130.270,130.290,240
EURJPY,20210413,1900,130.290,130.330,130.280,130.310,240
EURJPY,20210413,2000,130.300,130.320,130.260,130.260,240
EURJPY,20210413,2100,130.270,130.280,130.170,130.180,240
EURJPY,20210413,2200,130.190,130.210,130.060,130.080,240
EURJPY,20210413,2300,130.070,130.130,130.020,130.120,168
EURJPY,20210414,0000,130.140,130.210,130.120,130.150,240
EURJPY,20210414,0100,130.160,130.210,130.160,130.180,240
EURJPY,20210414,0200,130.180,130.280,130.180,130.280,240
EURJPY,20210414,0300,130.310,130.340,130.270,130.310,240
EURJPY,20210414,0400,130.290,130.310,130.210,130.310,240
EURJPY,20210414,0500,130.310,130.390,130.250,130.330,240
EURJPY,20210414,0600,130.320,130.450,130.310,130.370,240
EURJPY,20210414,0700,130.400,130.400,130.260,130.330,240
EURJPY,20210414,0800,130.330,130.330,130.180,130.180,240
EURJPY,20210414,0900,130.190,130.270,130.140,130.270,240
EURJPY,20210414,1000,130.270,130.330,130.270,130.310,240
EURJPY,20210414,1100,130.320,130.490,130.320,130.380,240
EURJPY,20210414,1200,130.390,130.460,130.300,130.440,240
EURJPY,20210414,1300,130.430,130.490,130.420,130.420,240
EURJPY,20210414,1400,130.420,130.560,130.420,130.540,240
EURJPY,20210414,1500,130.550,130.560,130.520,130.530,240
EURJPY,20210414,1600,130.520,130.520,130.420,130.420,240
EURJPY,20210414,1700,130.380,130.460,130.380,130.410,240
EURJPY,20210414,1800,130.430,130.490,130.400,130.490,240
EURJPY,20210414,1900,130.480,130.540,130.480,130.490,240
EURJPY,20210414,2000,130.470,130.520,130.470,130.520,240
EURJPY,20210414,2100,130.520,130.520,130.440,130.440,240
EURJPY,20210414,2200,130.460,130.500,130.410,130.480,240
EURJPY,20210414,2300,130.490,130.490,130.390,130.430,164
EURJPY,20210415,0000,130.370,130.410,130.320,130.380,240
EURJPY,20210415,0100,130.390,130.410,130.340,130.370,240
EURJPY,20210415,0200,130.370,130.380,130.290,130.300,240
EURJPY,20210415,0300,130.300,130.430,130.300,130.390,240
EURJPY,20210415,0400,130.390,130.470,130.380,130.380,240
EURJPY,20210415,0500,130.370,130.490,130.330,130.350,240
EURJPY,20210415,0600,130.340,130.400,130.250,130.300,240
EURJPY,20210415,0700,130.310,130.350,130.230,130.260,240
EURJPY,20210415,0800,130.270,130.270,130.150,130.170,240
EURJPY,20210415,0900,130.160,130.220,130.140,130.180,240
EURJPY,20210415,1000,130.170,130.290,130.110,130.140,240
EURJPY,20210415,1100,130.090,130.200,130.040,130.180,240
EURJPY,20210415,1200,130.180,130.190,130.070,130.120,240
EURJPY,20210415,1300,130.130,130.140,130.020,130.120,240
EURJPY,20210415,1400,130.110,130.150,130.090,130.090,240
EURJPY,20210415,1500,130.090,130.100,130.010,130.020,240
EURJPY,20210415,1600,130.030,130.100,130.020,130.090,240
EURJPY,20210415,1700,130.090,130.110,130.070,130.090,240
EURJPY,20210415,1800,130.110,130.130,130.090,130.120,240
EURJPY,20210415,1900,130.130,130.170,130.110,130.120,240
EURJPY,20210415,2000,130.110,130.140,130.080,130.100,240
EURJPY,20210415,2100,130.100,130.120,130.050,130.080,240
EURJPY,20210415,2200,130.080,130.080,129.960,130.020,240
EURJPY,20210415,2300,130.020,130.200,130.020,130.130,164
EURJPY,20210416,0000,130.140,130.150,130.070,130.140,240
EURJPY,20210416,0100,130.130,130.160,130.110,130.140,240
EURJPY,20210416,0200,130.130,130.190,130.110,130.150,240
EURJPY,20210416,0300,130.150,130.240,130.130,130.230,240
EURJPY,20210416,0400,130.220,130.260,130.190,130.230,240
EURJPY,20210416,0500,130.250,130.500,130.240,130.500,240
EURJPY,20210416,0600,130.510,130.510,130.360,130.360,240
EURJPY,20210416,0700,130.370,130.410,130.250,130.310,240
EURJPY,20210416,0800,130.330,130.410,130.270,130.400,240
EURJPY,20210416,0900,130.410,130.410,130.310,130.330,240
EURJPY,20210416,1000,130.320,130.440,130.320,130.440,240
EURJPY,20210416,1100,130.430,130.450,130.360,130.380,240
EURJPY,20210416,1200,130.370,130.420,130.300,130.330,240
EURJPY,20210416,1300,130.330,130.380,130.280,130.300,240
EURJPY,20210416,1400,130.300,130.340,130.260,130.300,240
EURJPY,20210416,1500,130.300,130.330,130.290,130.310,240
EURJPY,20210416,1600,130.290,130.290,130.240,130.280,240
EURJPY,20210416,1700,130.290,130.330,130.280,130.330,240
EURJPY,20210416,1800,130.320,130.360,130.310,130.340,240
EURJPY,20210416,1900,130.350,130.350,130.350,130.350,4
EURJPY,20210418,2100,130.190,130.210,130.080,130.130,240
EURJPY,20210418,2200,130.110,130.160,129.990,130.000,240
EURJPY,20210418,2300,130.000,130.030,129.810,129.820,168
EURJPY,20210419,0000,129.750,129.830,129.690,129.800,240
EURJPY,20210419,0100,129.810,129.880,129.810,129.870,240
EURJPY,20210419,0200,129.870,129.930,129.870,129.930,240
EURJPY,20210419,0300,129.870,129.930,129.870,129.920,240
EURJPY,20210419,0400,129.930,129.980,129.820,129.820,240
EURJPY,20210419,0500,129.830,130.070,129.780,130.050,240
EURJPY,20210419,0600,130.060,130.060,129.890,129.960,240
EURJPY,20210419,0700,129.950,130.070,129.910,130.060,240
EURJPY,20210419,0800,130.050,130.200,130.050,130.170,240
EURJPY,20210419,0900,130.180,130.260,130.090,130.090,240
EURJPY,20210419,1000,130.120,130.140,130.020,130.120,240
EURJPY,20210419,1100,130.110,130.190,130.090,130.150,240
EURJPY,20210419,1200,130.150,130.150,129.830,129.840,240
EURJPY,20210419,1300,129.840,130.010,129.800,130.000,240
EURJPY,20210419,1400,130.000,130.070,129.960,130.060,240
EURJPY,20210419,1500,130.070,130.120,130.070,130.100,240
EURJPY,20210419,1600,130.100,130.120,130.060,130.120,240
EURJPY,20210419,1700,130.130,130.180,130.120,130.180,240
EURJPY,20210419,1800,130.180,130.200,130.130,130.140,240
EURJPY,20210419,1900,130.180,130.180,130.140,130.170,240
EURJPY,20210419,2000,130.170,130.180,130.150,130.170,240
EURJPY,20210419,2100,130.170,130.190,130.130,130.160,240
EURJPY,20210419,2200,130.160,130.240,130.050,130.210,240
EURJPY,20210419,2300,130.210,130.380,130.210,130.330,168
EURJPY,20210420,0000,130.370,130.400,130.340,130.400,240
EURJPY,20210420,0100,130.390,130.530,130.390,130.430,240
EURJPY,20210420,0200,130.440,130.470,130.400,130.430,240
EURJPY,20210420,0300,130.440,130.510,130.440,130.480,240
EURJPY,20210420,0400,130.480,130.850,130.430,130.850,240
EURJPY,20210420,0500,130.880,130.940,130.760,130.800,240
EURJPY,20210420,0600,130.810,130.900,130.760,130.880,240
EURJPY,20210420,0700,130.900,130.900,130.740,130.780,240
EURJPY,20210420,0800,130.760,130.760,130.570,130.600,240
EURJPY,20210420,0900,130.590,130.710,130.540,130.700,240
EURJPY,20210420,1000,130.670,130.670,130.480,130.480,240
EURJPY,20210420,1100,130.490,130.600,130.350,130.370,240
EURJPY,20210420,1200,130.380,130.420,130.230,130.240,240
EURJPY,20210420,1300,130.250,130.280,129.990,130.130,240
EURJPY,20210420,1400,130.140,130.150,130.030,130.060,240
EURJPY,20210420,1500,130.070,130.070,129.980,130.050,240
EURJPY,20210420,1600,130.040,130.070,130.000,130.050,240
EURJPY,20210420,1700,130.040,130.060,130.020,130.030,240
EURJPY,20210420,1800,130.030,130.080,130.030,130.070,240
EURJPY,20210420,1900,130.090,130.100,130.050,130.070,240
EURJPY,20210420,2000,130.050,130.090,130.040,130.070,240
EURJPY,20210420,2100,130.080,130.080,130.020,130.070,240
EURJPY,20210420,2200,130.080,130.090,129.880,130.060,240
EURJPY,20210420,2300,130.060,130.070,129.900,129.970,164
EURJPY,20210421,0000,129.900,129.920,129.820,129.860,240
EURJPY,20210421,0100,129.860,129.900,129.860,129.880,240
EURJPY,20210421,0200,129.890,129.990,129.870,129.950,240
EURJPY,20210421,0300,129.950,129.960,129.880,129.930,240
EURJPY,20210421,0400,129.920,129.960,129.880,129.900,240
EURJPY,20210421,0500,129.930,130.000,129.790,129.970,240
EURJPY,20210421,0600,129.980,130.030,129.880,129.890,240
EURJPY,20210421,0700,129.900,129.980,129.750,129.750,240
EURJPY,20210421,0800,129.750,129.850,129.690,129.850,240
EURJPY,20210421,0900,129.860,129.860,129.740,129.820,240
EURJPY,20210421,1000,129.810,129.810,129.630,129.810,240
EURJPY,20210421,1100,129.790,129.810,129.630,129.790,240
EURJPY,20210421,1200,129.790,130.090,129.780,130.090,240
EURJPY,20210421,1300,130.080,130.120,130.040,130.040,240
EURJPY,20210421,1400,130.060,130.080,130.020,130.020,240
EURJPY,20210421,1500,130.010,130.050,129.980,130.020,240
EURJPY,20210421,1600,130.020,130.050,130.010,130.030,240
EURJPY,20210421,1700,130.010,130.030,130.000,130.030,240
EURJPY,20210421,1800,130.020,130.050,130.010,130.030,240
EURJPY,20210421,1900,130.040,130.060,130.020,130.060,240
EURJPY,20210421,2000,130.050,130.050,129.990,129.990,240
EURJPY,20210421,2100,129.990,130.020,129.990,130.020,240
EURJPY,20210421,2200,130.030,130.100,129.960,130.030,240
EURJPY,20210421,2300,130.010,130.080,129.980,130.030,168
EURJPY,20210422,0000,130.040,130.060,130.040,130.060,240
EURJPY,20210422,0100,130.080,130.080,129.970,129.980,240
EURJPY,20210422,0200,129.980,129.980,129.850,129.890,240
EURJPY,20210422,0300,129.900,129.960,129.880,129.960,240
EURJPY,20210422,0400,129.980,130.000,129.910,129.940,240
EURJPY,20210422,0500,129.900,129.930,129.810,129.910,240
EURJPY,20210422,0600,129.920,130.050,129.910,129.910,240
EURJPY,20210422,0700,129.910,130.090,129.870,130.080,240
EURJPY,20210422,0800,130.110,130.200,130.110,130.160,240
EURJPY,20210422,0900,130.160,130.230,130.100,130.170,240
EURJPY,20210422,1000,130.150,130.400,130.150,130.400,240
EURJPY,20210422,1100,130.430,130.430,129.890,129.940,240
EURJPY,20210422,1200,129.950,129.950,129.690,129.850,240
EURJPY,20210422,1300,129.820,129.940,129.810,129.900,240
EURJPY,20210422,1400,129.900,129.920,129.870,129.920,240
EURJPY,20210422,1500,129.910,129.930,129.730,129.740,240
EURJPY,20210422,1600,129.740,129.780,129.660,129.750,240
EURJPY,20210422,1700,129.770,129.820,129.710,129.760,240
EURJPY,20210422,1800,129.760,129.760,129.690,129.720,240
EURJPY,20210422,1900,129.710,129.730,129.680,129.720,240
EURJPY,20210422,2000,129.720,129.740,129.690,129.740,240
EURJPY,20210422,2100,129.740,129.740,129.680,129.710,240
EURJPY,20210422,2200,129.710,129.710,129.600,129.630,240
EURJPY,20210422,2300,129.650,129.780,129.590,129.780,168
EURJPY,20210423,0000,129.760,129.780,129.690,129.760,240
EURJPY,20210423,0100,129.760,129.780,129.710,129.720,240
EURJPY,20210423,0200,129.720,129.750,129.710,129.740,240
EURJPY,20210423,0300,129.740,129.760,129.700,129.760,240
EURJPY,20210423,0400,129.760,129.820,129.720,129.800,240
EURJPY,20210423,0500,129.810,130.070,129.810,130.050,240
EURJPY,20210423,0600,130.060,130.130,130.050,130.100,240
EURJPY,20210423,0700,130.110,130.140,130.060,130.090,240
EURJPY,20210423,0800,130.070,130.070,129.970,130.030,240
EURJPY,20210423,0900,130.020,130.030,129.930,129.930,240
EURJPY,20210423,1000,129.940,129.970,129.770,129.780,240
EURJPY,20210423,1100,129.780,130.020,129.780,130.000,240
EURJPY,20210423,1200,129.990,130.260,129.990,130.240,240
EURJPY,20210423,1300,130.220,130.290,130.200,130.240,240
EURJPY,20210423,1400,130.250,130.380,130.250,130.370,240
EURJPY,20210423,1500,130.380,130.450,130.340,130.450,240
EURJPY,20210423,1600,130.460,130.500,130.450,130.500,240
EURJPY,20210423,1700,130.490,130.540,130.470,130.510,240
EURJPY,20210423,1800,130.530,130.530,130.470,130.470,240
EURJPY,20210423,1900,130.490,130.490,130.490,130.490,4
EURJPY,20210425,2100,130.450,130.470,130.420,130.420,240
EURJPY,20210425,2200,130.410,130.560,130.360,130.560,240
EURJPY,20210425,2300,130.560,130.560,130.460,130.470,164
EURJPY,20210426,0000,130.490,130.490,130.430,130.480,240
EURJPY,20210426,0100,130.470,130.520,130.420,130.420,240
EURJPY,20210426,0200,130.420,130.440,130.370,130.400,240
EURJPY,20210426,0300,130.400,130.480,130.390,130.480,240
EURJPY,20210426,0400,130.500,130.570,130.390,130.390,240
EURJPY,20210426,0500,130.380,130.390,130.260,130.300,240
EURJPY,20210426,0600,130.290,130.310,130.200,130.290,240
EURJPY,20210426,0700,130.300,130.370,130.260,130.290,240
EURJPY,20210426,0800,130.300,130.320,130.260,130.300,240
EURJPY,20210426,0900,130.300,130.500,130.280,130.490,240
EURJPY,20210426,1000,130.480,130.630,130.460,130.550,240
EURJPY,20210426,1100,130.540,130.560,130.300,130.300,240
EURJPY,20210426,1200,130.330,130.530,130.240,130.530,240
EURJPY,20210426,1300,130.550,130.630,130.550,130.610,240
EURJPY,20210426,1400,130.620,130.700,130.620,130.690,240
EURJPY,20210426,1500,130.690,130.710,130.640,130.660,240
EURJPY,20210426,1600,130.660,130.740,130.650,130.740,240
EURJPY,20210426,1700,130.720,130.720,130.660,130.690,240
EURJPY,20210426,1800,130.700,130.700,130.610,130.620,240
EURJPY,20210426,1900,130.610,130.680,130.610,130.630,240
EURJPY,20210426,2000,130.630,130.730,130.630,130.680,240
EURJPY,20210426,2100,130.680,130.710,130.650,130.670,240
EURJPY,20210426,2200,130.680,130.680,130.560,130.590,240
EURJPY,20210426,2300,130.590,130.710,130.590,130.660,164
EURJPY,20210427,0000,130.750,130.820,130.710,130.710,240
EURJPY,20210427,0100,130.710,130.730,130.630,130.660,240
EURJPY,20210427,0200,130.660,130.700,130.630,130.630,240
EURJPY,20210427,0300,130.640,130.680,130.620,130.650,240
EURJPY,20210427,0400,130.660,130.710,130.570,130.660,240
EURJPY,20210427,0500,130.660,130.750,130.610,130.750,240
EURJPY,20210427,0600,130.740,130.750,130.630,130.640,240
EURJPY,20210427,0700,130.630,130.770,130.590,130.610,236
EURJPY,20210427,0800,130.620,130.840,130.620,130.840,240
EURJPY,20210427,0900,130.830,130.830,130.760,130.810,240
EURJPY,20210427,1000,130.810,130.870,130.770,130.800,240
EURJPY,20210427,1100,130.800,131.050,130.780,130.990,240
EURJPY,20210427,1200,130.990,131.090,130.960,131.010,240
EURJPY,20210427,1300,131.020,131.110,131.010,131.100,240
EURJPY,20210427,1400,131.120,131.160,131.090,131.160,240
EURJPY,20210427,1500,131.150,131.300,131.150,131.300,240
EURJPY,20210427,1600,131.290,131.420,131.290,131.400,240
EURJPY,20210427,1700,131.420,131.440,131.380,131.440,240
EURJPY,20210427,1800,131.430,131.480,131.430,131.460,240
EURJPY,20210427,1900,131.430,131.430,131.370,131.400,240
EURJPY,20210427,2000,131.410,131.460,131.390,131.440,240
EURJPY,20210427,2100,131.440,131.480,131.430,131.450,240
EURJPY,20210427,2200,131.450,131.550,131.430,131.540,240
EURJPY,20210427,2300,131.530,131.540,131.500,131.540,164
EURJPY,20210428,0000,131.500,131.510,131.440,131.470,240
EURJPY,20210428,0100,131.490,131.510,131.440,131.440,240
EURJPY,20210428,0200,131.440,131.440,131.380,131.390,240
EURJPY,20210428,0300,131.390,131.440,131.370,131.410,240
EURJPY,20210428,0400,131.400,131.520,131.400,131.490,240
EURJPY,20210428,0500,131.490,131.610,131.430,131.610,240
EURJPY,20210428,0600,131.610,131.610,131.430,131.480,240
EURJPY,20210428,0700,131.490,131.520,131.390,131.390,240
EURJPY,20210428,0800,131.390,131.500,131.390,131.440,240
EURJPY,20210428,0900,131.430,131.530,131.390,131.450,240
EURJPY,20210428,1000,131.450,131.530,131.390,131.490,240
EURJPY,20210428,1100,131.480,131.480,131.390,131.420,240
EURJPY,20210428,1200,131.430,131.650,131.390,131.620,240
EURJPY,20210428,1300,131.620,131.640,131.590,131.620,240
EURJPY,20210428,1400,131.610,131.610,131.550,131.580,240
EURJPY,20210428,1500,131.580,131.580,131.510,131.540,240
EURJPY,20210428,1600,131.560,131.780,131.540,131.750,240
EURJPY,20210428,1700,131.740,131.750,131.580,131.680,240
EURJPY,20210428,1800,131.690,131.690,131.630,131.670,240
EURJPY,20210428,1900,131.650,131.700,131.610,131.660,240
EURJPY,20210428,2000,131.660,131.710,131.640,131.640,240
EURJPY,20210428,2100,131.650,131.690,131.640,131.670,240
EURJPY,20210428,2200,131.660,131.670,131.580,131.650,240
EURJPY,20210428,2300,131.660,131.760,131.640,131.730,164
EURJPY,20210429,0000,131.760,131.800,131.720,131.800,240
EURJPY,20210429,0100,131.780,131.800,131.720,131.720,240
EURJPY,20210429,0200,131.710,131.760,131.710,131.710,240
EURJPY,20210429,0300,131.710,131.810,131.710,131.810,240
EURJPY,20210429,0400,131.800,131.860,131.780,131.810,240
EURJPY,20210429,0500,131.820,131.950,131.810,131.900,240
EURJPY,20210429,0600,131.910,132.010,131.890,132.010,240
EURJPY,20210429,0700,132.020,132.130,132.000,132.090,240
EURJPY,20210429,0800,132.100,132.140,132.030,132.030,240
EURJPY,20210429,0900,132.050,132.210,131.980,132.170,240
EURJPY,20210429,1000,132.170,132.210,131.980,131.980,240
EURJPY,20210429,1100,132.000,132.330,132.000,132.160,240
EURJPY,20210429,1200,132.170,132.210,131.920,131.930,240
EURJPY,20210429,1300,131.940,131.980,131.880,131.910,240
EURJPY,20210429,1400,131.930,131.940,131.790,131.930,240
EURJPY,20210429,1500,131.940,131.970,131.900,131.960,240
EURJPY,20210429,1600,131.960,132.000,131.910,131.990,240
EURJPY,20210429,1700,131.990,132.040,131.970,132.040,240
EURJPY,20210429,1800,132.050,132.050,131.990,131.990,240
EURJPY,20210429,1900,132.000,132.060,132.000,132.040,240
EURJPY,20210429,2000,132.040,132.040,131.990,132.010,240
EURJPY,20210429,2100,132.010,132.010,131.960,132.010,240
EURJPY,20210429,2200,132.020,132.160,131.990,132.010,240
EURJPY,20210429,2300,132.030,132.030,131.860,131.900,168
EURJPY,20210430,0000,131.870,131.870,131.760,131.820,240
EURJPY,20210430,0100,131.820,131.880,131.820,131.860,240
EURJPY,20210430,0200,131.860,131.870,131.810,131.810,240
EURJPY,20210430,0300,131.820,131.910,131.800,131.850,240
EURJPY,20210430,0400,131.850,131.880,131.700,131.710,240
EURJPY,20210430,0500,131.740,131.810,131.710,131.740,240
EURJPY,20210430,0600,131.750,131.750,131.670,131.710,240
EURJPY,20210430,0700,131.710,131.750,131.680,131.720,240
EURJPY,20210430,0800,131.720,131.720,131.500,131.500,240
EURJPY,20210430,0900,131.500,131.610,131.430,131.570,240
EURJPY,20210430,1000,131.560,131.680,131.530,131.660,240
EURJPY,20210430,1100,131.670,131.690,131.570,131.620,240
EURJPY,20210430,1200,131.610,131.710,131.530,131.610,240
EURJPY,20210430,1300,131.550,131.550,131.430,131.540,240
EURJPY,20210430,1400,131.520,131.530,131.430,131.430,240
EURJPY,20210430,1500,131.440,131.440,131.360,131.360,240
EURJPY,20210430,1600,131.380,131.450,131.360,131.400,240
EURJPY,20210430,1700,131.380,131.410,131.350,131.370,240
EURJPY,20210430,1800,131.370,131.420,131.370,131.410,240
EURJPY,20210430,1900,131.400,131.400,131.400,131.400,4
EURJPY,20210502,2100,131.450,131.480,131.430,131.430,240
EURJPY,20210502,2200,131.430,131.600,131.420,131.580,240
EURJPY,20210502,2300,131.570,131.620,131.550,131.620,164
EURJPY,20210503,0000,131.600,131.610,131.550,131.570,240
EURJPY,20210503,0100,131.600,131.690,131.590,131.680,240
EURJPY,20210503,0200,131.680,131.710,131.670,131.710,240
EURJPY,20210503,0300,131.710,131.770,131.690,131.770,240
EURJPY,20210503,0400,131.770,131.850,131.660,131.850,240
EURJPY,20210503,0500,131.850,132.010,131.830,131.990,240
EURJPY,20210503,0600,131.960,132.060,131.940,132.060,240
EURJPY,20210503,0700,132.060,132.130,131.890,131.960,240
EURJPY,20210503,0800,131.950,132.020,131.870,131.870,240
EURJPY,20210503,0900,131.900,131.930,131.870,131.870,240
EURJPY,20210503,1000,131.850,131.900,131.640,131.700,240
EURJPY,20210503,1100,131.700,131.700,131.530,131.540,240
EURJPY,20210503,1200,131.600,131.600,131.430,131.500,240
EURJPY,20210503,1300,131.500,131.560,131.490,131.540,240
EURJPY,20210503,1400,131.530,131.550,131.490,131.520,240
EURJPY,20210503,1500,131.520,131.570,131.490,131.560,240
EURJPY,20210503,1600,131.560,131.630,131.550,131.610,240
EURJPY,20210503,1700,131.630,131.630,131.560,131.620,240
EURJPY,20210503,1800,131.610,131.610,131.550,131.550,240
EURJPY,20210503,1900,131.560,131.610,131.550,131.560,240
EURJPY,20210503,2000,131.550,131.550,131.480,131.510,240
EURJPY,20210503,2100,131.510,131.540,131.490,131.530,240
EURJPY,20210503,2200,131.530,131.570,131.490,131.510,240
EURJPY,20210503,2300,131.510,131.560,131.480,131.560,164
EURJPY,20210504,0000,131.570,131.610,131.520,131.540,240
EURJPY,20210504,0100,131.540,131.550,131.490,131.510,236
EURJPY,20210504,0200,131.510,131.560,131.510,131.560,240
EURJPY,20210504,0300,131.560,131.590,131.500,131.550,240
EURJPY,20210504,0400,131.550,131.610,131.510,131.580,240
EURJPY,20210504,0500,131.590,131.610,131.430,131.430,240
EURJPY,20210504,0600,131.440,131.440,131.290,131.310,240
EURJPY,20210504,0700,131.330,131.390,131.280,131.370,240
EURJPY,20210504,0800,131.370,131.480,131.350,131.420,240
EURJPY,20210504,0900,131.420,131.470,131.210,131.360,240
EURJPY,20210504,1000,131.350,131.350,131.140,131.180,240
EURJPY,20210504,1100,131.170,131.300,131.140,131.210,240
EURJPY,20210504,1200,131.200,131.380,131.170,131.360,240
EURJPY,20210504,1300,131.380,131.410,131.260,131.350,240
EURJPY,20210504,1400,131.350,131.400,131.300,131.310,240
EURJPY,20210504,1500,131.300,131.330,131.270,131.300,240
EURJPY,20210504,1600,131.310,131.340,131.260,131.260,240
EURJPY,20210504,1700,131.260,131.320,131.260,131.290,240
EURJPY,20210504,1800,131.300,131.330,131.280,131.290,240
EURJPY,20210504,1900,131.310,131.350,131.280,131.280,240
EURJPY,20210504,2000,131.280,131.320,131.260,131.320,240
EURJPY,20210504,2100,131.320,131.330,131.300,131.330,240
EURJPY,20210504,2200,131.330,131.440,131.320,131.400,240
EURJPY,20210504,2300,131.390,131.420,131.380,131.410,164
EURJPY,20210505,0000,131.420,131.420,131.260,131.290,240
EURJPY,20210505,0100,131.300,131.400,131.300,131.370,240
EURJPY,20210505,0200,131.370,131.420,131.370,131.410,240
EURJPY,20210505,0300,131.420,131.420,131.340,131.370,240
EURJPY,20210505,0400,131.360,131.400,131.290,131.290,240
EURJPY,20210505,0500,131.290,131.300,131.130,131.180,240
EURJPY,20210505,0600,131.160,131.170,130.990,131.140,240
EURJPY,20210505,0700,131.170,131.240,131.140,131.240,240
EURJPY,20210505,0800,131.240,131.360,131.230,131.340,240
EURJPY,20210505,0900,131.330,131.330,131.270,131.280,240
EURJPY,20210505,1000,131.290,131.300,131.120,131.150,240
EURJPY,20210505,1100,131.140,131.210,131.040,131.080,240
EURJPY,20210505,1200,131.070,131.170,131.010,131.080,240
EURJPY,20210505,1300,131.080,131.130,131.080,131.130,240
EURJPY,20210505,1400,131.120,131.130,131.070,131.080,240
EURJPY,20210505,1500,131.070,131.110,131.040,131.070,240
EURJPY,20210505,1600,131.070,131.120,131.060,131.110,240
EURJPY,20210505,1700,131.080,131.080,131.030,131.050,240
EURJPY,20210505,1800,131.050,131.080,131.040,131.060,240
EURJPY,20210505,1900,131.080,131.100,131.040,131.100,240
EURJPY,20210505,2000,131.090,131.100,131.050,131.100,240
EURJPY,20210505,2100,131.100,131.160,131.090,131.130,240
EURJPY,20210505,2200,131.130,131.180,131.100,131.160,240
EURJPY,20210505,2300,131.150,131.280,131.150,131.250,168
EURJPY,20210506,0000,131.280,131.310,131.170,131.200,240
EURJPY,20210506,0100,131.190,131.220,131.170,131.220,240
EURJPY,20210506,0200,131.210,131.300,131.210,131.300,240
EURJPY,20210506,0300,131.280,131.280,131.220,131.270,240
EURJPY,20210506,0400,131.280,131.330,131.200,131.250,240
EURJPY,20210506,0500,131.240,131.480,131.240,131.440,240
EURJPY,20210506,0600,131.460,131.600,131.440,131.470,240
EURJPY,20210506,0700,131.480,131.510,131.420,131.460,240
EURJPY,20210506,0800,131.450,131.490,131.370,131.390,240
EURJPY,20210506,0900,131.380,131.530,131.370,131.530,240
EURJPY,20210506,1000,131.550,131.760,131.530,131.760,240
EURJPY,20210506,1100,131.750,131.820,131.720,131.730,240
EURJPY,20210506,1200,131.700,131.700,131.520,131.520,240
EURJPY,20210506,1300,131.520,131.560,131.460,131.530,240
EURJPY,20210506,1400,131.530,131.530,131.410,131.440,240
EURJPY,20210506,1500,131.450,131.530,131.440,131.530,240
EURJPY,20210506,1600,131.520,131.520,131.400,131.430,240
EURJPY,20210506,1700,131.430,131.530,131.430,131.520,240
EURJPY,20210506,1800,131.520,131.580,131.510,131.580,240
EURJPY,20210506,1900,131.600,131.600,131.550,131.580,240
EURJPY,20210506,2000,131.570,131.570,131.530,131.530,240
EURJPY,20210506,2100,131.540,131.560,131.510,131.550,240
EURJPY,20210506,2200,131.560,131.630,131.470,131.630,240
EURJPY,20210506,2300,131.620,131.660,131.600,131.600,164
EURJPY,20210507,0000,131.620,131.680,131.620,131.680,240
EURJPY,20210507,0100,131.690,131.690,131.620,131.650,240
EURJPY,20210507,0200,131.650,131.650,131.550,131.560,240
EURJPY,20210507,0300,131.560,131.590,131.550,131.580,240
EURJPY,20210507,0400,131.580,131.640,131.560,131.570,240
EURJPY,20210507,0500,131.600,131.820,131.580,131.800,240
EURJPY,20210507,0600,131.800,131.910,131.790,131.900,240
EURJPY,20210507,0700,131.890,131.920,131.720,131.790,240
EURJPY,20210507,0800,131.790,131.850,131.760,131.760,240
EURJPY,20210507,0900,131.750,131.800,131.720,131.740,240
EURJPY,20210507,1000,131.740,131.770,131.580,131.690,240
EURJPY,20210507,1100,131.680,131.790,131.580,131.760,240
EURJPY,20210507,1200,131.740,131.930,131.690,131.810,240
EURJPY,20210507,1300,131.790,131.980,131.790,131.980,240
EURJPY,20210507,1400,131.990,132.060,131.970,132.020,240
EURJPY,20210507,1500,132.020,132.130,132.010,132.110,240
EURJPY,20210507,1600,132.130,132.140,132.080,132.120,240
EURJPY,20210507,1700,132.120,132.160,132.090,132.110,240
EURJPY,20210507,1800,132.120,132.130,132.050,132.070,240
EURJPY,20210507,1900,132.070,132.070,132.070,132.070,4
EURJPY,20210509,2100,132.070,132.140,132.030,132.130,240
EURJPY,20210509,2200,132.130,132.300,132.080,132.250,240
EURJPY,20210509,2300,132.240,132.330,132.210,132.290,168
EURJPY,20210510,0000,132.330,132.350,132.270,132.280,240
EURJPY,20210510,0100,132.280,132.360,132.270,132.310,240
EURJPY,20210510,0200,132.330,132.340,132.270,132.270,236
EURJPY,20210510,0300,132.260,132.310,132.220,132.220,240
EURJPY,20210510,0400,132.220,132.500,132.220,132.490,240
EURJPY,20210510,0500,132.490,132.490,132.280,132.300,240
EURJPY,20210510,0600,132.300,132.420,132.260,132.390,240
EURJPY,20210510,0700,132.390,132.390,132.190,132.250,240
EURJPY,20210510,0800,132.270,132.330,132.240,132.250,240
EURJPY,20210510,0900,132.240,132.360,132.230,132.320,240
EURJPY,20210510,1000,132.320,132.320,132.220,132.250,240
EURJPY,20210510,1100,132.270,132.320,132.230,132.260,240
EURJPY,20210510,1200,132.260,132.300,132.150,132.200,240
EURJPY,20210510,1300,132.210,132.300,132.190,132.260,240
EURJPY,20210510,1400,132.270,132.330,132.270,132.290,240
EURJPY,20210510,1500,132.280,132.330,132.230,132.330,240
EURJPY,20210510,1600,132.300,132.300,132.110,132.140,240
EURJPY,20210510,1700,132.140,132.150,132.040,132.040,240
EURJPY,20210510,1800,132.050,132.050,131.970,131.980,240
EURJPY,20210510,1900,131.950,132.060,131.940,132.020,240
EURJPY,20210510,2000,132.030,132.070,132.000,132.070,240
EURJPY,20210510,2100,132.070,132.100,132.050,132.100,240
EURJPY,20210510,2200,132.120,132.160,132.030,132.110,240
EURJPY,20210510,2300,132.100,132.180,132.070,132.170,164
EURJPY,20210511,0000,132.140,132.220,132.140,132.210,240
EURJPY,20210511,0100,132.220,132.260,132.140,132.160,240
EURJPY,20210511,0200,132.160,132.230,132.110,132.110,240
EURJPY,20210511,0300,132.100,132.190,132.100,132.190,240
EURJPY,20210511,0400,132.170,132.180,132.110,132.120,240
EURJPY,20210511,0500,132.120,132.230,132.030,132.230,240
EURJPY,20210511,0600,132.250,132.390,132.220,132.340,240
EURJPY,20210511,0700,132.330,132.440,132.330,132.400,240
EURJPY,20210511,0800,132.400,132.400,132.120,132.230,240
EURJPY,20210511,0900,132.240,132.270,132.110,132.110,240
EURJPY,20210511,1000,132.120,132.120,132.020,132.090,240
EURJPY,20210511,1100,132.080,132.100,131.780,132.080,240
EURJPY,20210511,1200,132.100,132.220,131.910,131.910,240
EURJPY,20210511,1300,131.930,132.070,131.890,132.040,240
EURJPY,20210511,1400,132.050,132.090,131.980,132.000,240
EURJPY,20210511,1500,132.000,132.070,131.980,132.040,240
EURJPY,20210511,1600,132.040,132.040,131.970,132.010,240
EURJPY,20210511,1700,132.010,132.040,131.970,131.990,240
EURJPY,20210511,1800,131.990,132.010,131.920,131.930,240
EURJPY,20210511,1900,131.940,131.980,131.900,131.960,240
EURJPY,20210511,2000,131.940,131.960,131.910,131.950,240
EURJPY,20210511,2100,131.950,132.020,131.950,132.020,240
EURJPY,20210511,2200,132.010,132.060,131.990,132.020,240
EURJPY,20210511,2300,132.020,132.080,131.990,132.070,168
EURJPY,20210512,0000,132.060,132.090,132.000,132.020,240
EURJPY,20210512,0100,132.010,132.010,131.860,131.870,240
EURJPY,20210512,0200,131.880,131.960,131.870,131.910,240
EURJPY,20210512,0300,131.920,131.990,131.920,131.930,240
EURJPY,20210512,0400,131.930,132.000,131.930,131.950,240
EURJPY,20210512,0500,131.960,132.060,131.920,132.020,240
EURJPY,20210512,0600,131.990,132.010,131.930,131.930,240
EURJPY,20210512,0700,131.940,131.960,131.860,131.960,240
EURJPY,20210512,0800,131.950,131.970,131.730,131.740,240
EURJPY,20210512,0900,131.770,131.810,131.750,131.790,240
EURJPY,20210512,1000,131.780,132.370,131.740,132.190,240
EURJPY,20210512,1100,132.200,132.320,131.980,132.160,240
EURJPY,20210512,1200,132.170,132.210,131.990,132.060,240
EURJPY,20210512,1300,132.070,132.300,132.050,132.200,240
EURJPY,20210512,1400,132.210,132.300,132.200,132.260,240
EURJPY,20210512,1500,132.260,132.310,132.220,132.310,240
EURJPY,20210512,1600,132.300,132.380,132.290,132.330,240
EURJPY,20210512,1700,132.380,132.380,132.290,132.320,240
EURJPY,20210512,1800,132.310,132.420,132.310,132.410,240
EURJPY,20210512,1900,132.360,132.380,132.330,132.360,240
EURJPY,20210512,2000,132.360,132.440,132.360,132.390,240
EURJPY,20210512,2100,132.400,132.440,132.380,132.430,240
EURJPY,20210512,2200,132.430,132.510,132.350,132.420,240
EURJPY,20210512,2300,132.410,132.410,132.320,132.350,168
EURJPY,20210513,0000,132.330,132.440,132.330,132.430,240
EURJPY,20210513,0100,132.420,132.490,132.420,132.490,240
EURJPY,20210513,0200,132.480,132.490,132.410,132.460,240
EURJPY,20210513,0300,132.460,132.470,132.390,132.450,240
EURJPY,20210513,0400,132.440,132.550,132.440,132.500,240
EURJPY,20210513,0500,132.510,132.700,132.470,132.550,240
EURJPY,20210513,0600,132.530,132.530,132.030,132.130,240
EURJPY,20210513,0700,132.150,132.260,132.140,132.220,240
EURJPY,20210513,0800,132.230,132.320,132.200,132.320,240
EURJPY,20210513,0900,132.320,132.420,132.290,132.390,240
EURJPY,20210513,1000,132.400,132.440,132.340,132.380,240
EURJPY,20210513,1100,132.370,132.490,132.360,132.480,240
EURJPY,20210513,1200,132.490,132.520,132.290,132.290,240
EURJPY,20210513,1300,132.280,132.320,132.180,132.190,240
EURJPY,20210513,1400,132.230,132.360,132.220,132.220,240
EURJPY,20210513,1500,132.210,132.220,132.060,132.090,240
EURJPY,20210513,1600,132.090,132.180,132.090,132.150,240
EURJPY,20210513,1700,132.160,132.230,132.160,132.230,240
EURJPY,20210513,1800,132.230,132.230,132.190,132.190,240
EURJPY,20210513,1900,132.220,132.240,132.180,132.240,240
EURJPY,20210513,2000,132.240,132.250,132.210,132.220,240
EURJPY,20210513,2100,132.220,132.250,132.190,132.250,240
EURJPY,20210513,2200,132.250,132.340,132.240,132.320,240
EURJPY,20210513,2300,132.310,132.420,132.300,132.410,164
EURJPY,20210514,0000,132.430,132.440,132.340,132.370,240
EURJPY,20210514,0100,132.380,132.430,132.360,132.400,240
EURJPY,20210514,0200,132.370,132.480,132.310,132.340,240
EURJPY,20210514,0300,132.350,132.470,132.340,132.470,240
EURJPY,20210514,0400,132.460,132.470,132.380,132.410,240
EURJPY,20210514,0500,132.430,132.560,132.390,132.510,240
EURJPY,20210514,0600,132.510,132.550,132.430,132.470,240
EURJPY,20210514,0700,132.520,132.520,132.360,132.390,240
EURJPY,20210514,0800,132.390,132.470,132.380,132.460,240
EURJPY,20210514,0900,132.460,132.540,132.410,132.480,240
EURJPY,20210514,1000,132.480,132.680,132.460,132.580,240
EURJPY,20210514,1100,132.580,132.730,132.580,132.670,240
EURJPY,20210514,1200,132.670,132.820,132.670,132.760,240
EURJPY,20210514,1300,132.760,132.810,132.650,132.740,240
EURJPY,20210514,1400,132.750,132.790,132.700,132.770,240
EURJPY,20210514,1500,132.770,132.800,132.760,132.780,240
EURJPY,20210514,1600,132.780,132.810,132.770,132.770,240
EURJPY,20210514,1700,132.770,132.800,132.760,132.760,240
EURJPY,20210514,1800,132.760,132.800,132.760,132.790,240
EURJPY,20210514,1900,132.730,132.730,132.730,132.730,4
EURJPY,20210516,2100,132.860,132.910,132.850,132.910,240
EURJPY,20210516,2200,132.920,132.920,132.750,132.770,240
EURJPY,20210516,2300,132.760,132.780,132.670,132.700,164
EURJPY,20210517,0000,132.640,132.690,132.600,132.660,240
EURJPY,20210517,0100,132.670,132.670,132.600,132.630,240
EURJPY,20210517,0200,132.630,132.690,132.630,132.670,240
EURJPY,20210517,0300,132.670,132.680,132.560,132.560,240
EURJPY,20210517,0400,132.570,132.570,132.510,132.530,240
EURJPY,20210517,0500,132.520,132.610,132.500,132.540,240
EURJPY,20210517,0600,132.570,132.710,132.560,132.650,240
EURJPY,20210517,0700,132.640,132.740,132.620,132.740,240
EURJPY,20210517,0800,132.720,132.780,132.650,132.760,240
EURJPY,20210517,0900,132.760,132.760,132.640,132.640,240
EURJPY,20210517,1000,132.630,132.670,132.520,132.630,240
EURJPY,20210517,1100,132.620,132.640,132.530,132.590,240
EURJPY,20210517,1200,132.590,132.660,132.540,132.590,240
EURJPY,20210517,1300,132.590,132.690,132.570,132.670,240
EURJPY,20210517,1400,132.680,132.690,132.620,132.640,240
EURJPY,20210517,1500,132.630,132.640,132.590,132.640,236
EURJPY,20210517,1600,132.640,132.720,132.640,132.720,240
EURJPY,20210517,1700,132.730,132.760,132.710,132.720,240
EURJPY,20210517,1800,132.710,132.760,132.700,132.730,240
EURJPY,20210517,1900,132.710,132.730,132.670,132.690,240
EURJPY,20210517,2000,132.690,132.720,132.670,132.690,240
EURJPY,20210517,2100,132.690,132.770,132.680,132.770,240
EURJPY,20210517,2200,132.770,132.810,132.720,132.740,240
EURJPY,20210517,2300,132.740,132.810,132.710,132.780,164
EURJPY,20210518,0000,132.800,132.810,132.740,132.790,240
EURJPY,20210518,0100,132.790,132.860,132.780,132.850,240
EURJPY,20210518,0200,132.840,132.870,132.760,132.810,240
EURJPY,20210518,0300,132.820,132.830,132.760,132.770,240
EURJPY,20210518,0400,132.770,132.910,132.740,132.890,240
EURJPY,20210518,0500,132.870,132.970,132.870,132.940,240
EURJPY,20210518,0600,132.940,133.080,132.870,132.990,240
EURJPY,20210518,0700,132.990,133.100,132.980,133.050,240
EURJPY,20210518,0800,133.040,133.120,133.030,133.050,240
EURJPY,20210518,0900,133.050,133.120,133.050,133.080,240
EURJPY,20210518,1000,133.090,133.130,133.040,133.100,240
EURJPY,20210518,1100,133.110,133.110,133.000,133.050,240
EURJPY,20210518,1200,133.030,133.040,132.900,133.030,240
EURJPY,20210518,1300,133.030,133.050,132.940,133.000,240
EURJPY,20210518,1400,133.000,133.080,132.960,133.070,240
EURJPY,20210518,1500,133.070,133.090,133.050,133.080,240
EURJPY,20210518,1600,133.090,133.130,133.060,133.110,240
EURJPY,20210518,1700,133.110,133.170,133.110,133.140,240
EURJPY,20210518,1800,133.130,133.150,133.080,133.080,240
EURJPY,20210518,1900,133.070,133.110,133.050,133.100,240
EURJPY,20210518,2000,133.100,133.110,133.080,133.090,240
EURJPY,20210518,2100,133.090,133.120,133.030,133.050,240
EURJPY,20210518,2200,133.040,133.260,133.040,133.260,240
EURJPY,20210518,2300,133.260,133.290,133.220,133.290,164
EURJPY,20210519,0000,133.260,133.260,133.150,133.160,240
EURJPY,20210519,0100,133.150,133.220,133.140,133.200,240
EURJPY,20210519,0200,133.190,133.270,133.190,133.250,240
EURJPY,20210519,0300,133.250,133.320,133.250,133.310,240
EURJPY,20210519,0400,133.320,133.410,133.300,133.350,240
EURJPY,20210519,0500,133.340,133.400,133.270,133.310,240
EURJPY,20210519,0600,133.290,133.320,133.130,133.200,240
EURJPY,20210519,0700,133.210,133.290,133.210,133.270,240
EURJPY,20210519,0800,133.270,133.350,133.210,133.340,240
EURJPY,20210519,0900,133.330,133.370,133.230,133.230,240
EURJPY,20210519,1000,133.250,133.340,133.100,133.100,240
EURJPY,20210519,1100,133.080,133.170,132.810,133.000,240
EURJPY,20210519,1200,132.990,133.000,132.630,132.630,240
EURJPY,20210519,1300,132.640,132.860,132.620,132.840,240
EURJPY,20210519,1400,132.840,132.880,132.800,132.850,240
EURJPY,20210519,1500,132.850,132.990,132.850,132.970,240
EURJPY,20210519,1600,132.960,133.130,132.890,132.910,240
EURJPY,20210519,1700,132.900,132.970,132.850,132.910,240
EURJPY,20210519,1800,132.920,132.980,132.920,132.960,240
EURJPY,20210519,1900,132.960,132.960,132.910,132.940,240
EURJPY,20210519,2000,132.940,132.960,132.910,132.920,240
EURJPY,20210519,2100,132.920,133.010,132.920,132.970,240
EURJPY,20210519,2200,132.960,133.060,132.940,133.020,240
EURJPY,20210519,2300,133.030,133.030,132.840,132.900,164
EURJPY,20210520,0000,132.900,132.940,132.880,132.920,240
EURJPY,20210520,0100,132.890,132.960,132.890,132.930,240
EURJPY,20210520,0200,132.930,132.980,132.900,132.970,240
EURJPY,20210520,0300,132.970,132.970,132.900,132.900,240
EURJPY,20210520,0400,132.900,133.020,132.890,132.910,240
EURJPY,20210520,0500,132.930,133.000,132.850,132.970,240
EURJPY,20210520,0600,132.960,132.960,132.700,132.740,240
EURJPY,20210520,0700,132.720,132.830,132.720,132.790,240
EURJPY,20210520,0800,132.780,132.930,132.740,132.910,240
EURJPY,20210520,0900,132.910,132.930,132.830,132.860,240
EURJPY,20210520,1000,132.880,133.000,132.860,132.950,240
EURJPY,20210520,1100,132.930,132.990,132.850,132.870,240
EURJPY,20210520,1200,132.870,132.940,132.800,132.940,240
EURJPY,20210520,1300,132.940,132.990,132.860,132.990,240
EURJPY,20210520,1400,132.980,132.980,132.860,132.910,240
EURJPY,20210520,1500,132.910,132.920,132.870,132.900,240
EURJPY,20210520,1600,132.900,132.950,132.890,132.920,240
EURJPY,20210520,1700,132.930,133.000,132.920,132.990,240
EURJPY,20210520,1800,132.990,133.020,132.970,133.010,240
EURJPY,20210520,1900,133.000,133.010,132.960,133.010,240
EURJPY,20210520,2000,133.010,133.050,133.000,133.050,240
EURJPY,20210520,2100,133.060,133.080,133.010,133.060,240
EURJPY,20210520,2200,133.070,133.180,133.030,133.130,240
EURJPY,20210520,2300,133.130,133.150,133.110,133.140,168
EURJPY,20210521,0000,133.120,133.130,133.080,133.130,240
EURJPY,20210521,0100,133.140,133.140,133.110,133.130,240
EURJPY,20210521,0200,133.130,133.130,133.010,133.040,240
EURJPY,20210521,0300,133.040,133.090,132.990,133.010,240
EURJPY,20210521,0400,133.020,133.020,132.940,132.960,240
EURJPY,20210521,0500,132.960,133.050,132.710,132.760,240
EURJPY,20210521,0600,132.770,132.810,132.690,132.760,240
EURJPY,20210521,0700,132.770,132.880,132.770,132.850,240
EURJPY,20210521,0800,132.880,132.960,132.810,132.810,240
EURJPY,20210521,0900,132.780,132.810,132.640,132.640,240
EURJPY,20210521,1000,132.600,132.690,132.540,132.660,240
EURJPY,20210521,1100,132.680,132.680,132.540,132.670,240
EURJPY,20210521,1200,132.660,132.800,132.550,132.800,240
EURJPY,20210521,1300,132.790,132.790,132.620,132.640,240
EURJPY,20210521,1400,132.630,132.660,132.540,132.550,240
EURJPY,20210521,1500,132.560,132.650,132.550,132.650,240
EURJPY,20210521,1600,132.650,132.670,132.620,132.650,240
EURJPY,20210521,1700,132.650,132.690,132.620,132.680,240
EURJPY,20210521,1800,132.690,132.710,132.670,132.700,240
EURJPY,20210521,1900,132.630,132.630,132.630,132.630,4
EURJPY,20210523,2100,132.660,132.690,132.650,132.670,240
EURJPY,20210523,2200,132.650,132.740,132.650,132.720,240
EURJPY,20210523,2300,132.720,132.740,132.640,132.670,164
EURJPY,20210524,0000,132.700,132.700,132.590,132.590,240
EURJPY,20210524,0100,132.580,132.600,132.510,132.590,240
EURJPY,20210524,0200,132.590,132.600,132.510,132.540,240
EURJPY,20210524,0300,132.540,132.610,132.530,132.580,240
EURJPY,20210524,0400,132.580,132.590,132.510,132.530,240
EURJPY,20210524,0500,132.520,132.660,132.520,132.630,240
EURJPY,20210524,0600,132.650,132.850,132.630,132.830,240
EURJPY,20210524,0700,132.810,132.940,132.810,132.930,240
EURJPY,20210524,0800,132.940,133.020,132.940,133.010,240
EURJPY,20210524,0900,132.990,133.010,132.950,132.970,240
EURJPY,20210524,1000,132.960,133.010,132.910,132.940,240
EURJPY,20210524,1100,132.950,132.970,132.880,132.940,240
EURJPY,20210524,1200,132.940,132.970,132.830,132.840,240
EURJPY,20210524,1300,132.830,132.890,132.790,132.820,240
EURJPY,20210524,1400,132.830,132.870,132.790,132.870,240
EURJPY,20210524,1500,132.870,132.870,132.790,132.860,240
EURJPY,20210524,1600,132.860,132.870,132.810,132.830,240
EURJPY,20210524,1700,132.830,132.870,132.830,132.860,240
EURJPY,20210524,1800,132.860,132.870,132.820,132.850,240
EURJPY,20210524,1900,132.840,132.860,132.810,132.860,240
EURJPY,20210524,2000,132.850,132.910,132.850,132.910,240
EURJPY,20210524,2100,132.900,132.950,132.890,132.940,240
EURJPY,20210524,2200,132.930,132.970,132.830,132.940,240
EURJPY,20210524,2300,132.940,132.940,132.870,132.940,164
EURJPY,20210525,0000,132.930,132.940,132.870,132.920,240
EURJPY,20210525,0100,132.940,132.940,132.900,132.900,240
EURJPY,20210525,0200,132.900,132.970,132.890,132.950,240
EURJPY,20210525,0300,132.940,132.970,132.920,132.940,240
EURJPY,20210525,0400,132.920,133.080,132.900,133.070,240
EURJPY,20210525,0500,133.060,133.220,133.060,133.220,240
EURJPY,20210525,0600,133.230,133.290,133.180,133.280,240
EURJPY,20210525,0700,133.280,133.360,133.280,133.320,240
EURJPY,20210525,0800,133.320,133.490,133.310,133.420,240
EURJPY,20210525,0900,133.400,133.460,133.400,133.420,240
EURJPY,20210525,1000,133.410,133.570,133.410,133.550,240
EURJPY,20210525,1100,133.520,133.570,133.410,133.410,240
EURJPY,20210525,1200,133.390,133.420,133.320,133.350,240
EURJPY,20210525,1300,133.360,133.400,133.270,133.290,240
EURJPY,20210525,1400,133.270,133.300,133.230,133.260,240
EURJPY,20210525,1500,133.250,133.250,133.190,133.200,240
EURJPY,20210525,1600,133.200,133.230,133.160,133.210,240
EURJPY,20210525,1700,133.210,133.210,133.150,133.160,240
EURJPY,20210525,1800,133.160,133.240,133.150,133.240,240
EURJPY,20210525,1900,133.240,133.280,133.220,133.220,240
EURJPY,20210525,2000,133.220,133.290,133.220,133.280,240
EURJPY,20210525,2100,133.270,133.280,133.230,133.230,240
EURJPY,20210525,2200,133.230,133.260,133.170,133.170,240
EURJPY,20210525,2300,133.170,133.180,133.120,133.140,164
EURJPY,20210526,0000,133.130,133.230,133.120,133.210,240
EURJPY,20210526,0100,133.210,133.370,133.210,133.350,240
EURJPY,20210526,0200,133.360,133.370,133.300,133.350,240
EURJPY,20210526,0300,133.340,133.390,133.320,133.320,240
EURJPY,20210526,0400,133.310,133.350,133.230,133.340,240
EURJPY,20210526,0500,133.340,133.340,133.170,133.250,240
EURJPY,20210526,0600,133.240,133.270,133.180,133.250,240
EURJPY,20210526,0700,133.240,133.360,133.240,133.320,240
EURJPY,20210526,0800,133.320,133.320,133.190,133.190,240
EURJPY,20210526,0900,133.200,133.220,133.120,133.120,240
EURJPY,20210526,1000,133.140,133.160,133.060,133.080,240
EURJPY,20210526,1100,133.070,133.270,133.070,133.210,240
EURJPY,20210526,1200,133.200,133.270,133.190,133.210,240
EURJPY,20210526,1300,133.200,133.200,133.110,133.130,240
EURJPY,20210526,1400,133.120,133.130,133.050,133.060,240
EURJPY,20210526,1500,133.070,133.070,132.980,133.000,240
EURJPY,20210526,1600,133.000,133.030,132.980,133.020,240
EURJPY,20210526,1700,133.030,133.090,133.030,133.040,240
EURJPY,20210526,1800,133.050,133.090,133.030,133.050,240
EURJPY,20210526,1900,133.060,133.060,133.010,133.060,240
EURJPY,20210526,2000,133.060,133.090,133.030,133.030,240
EURJPY,20210526,2100,133.030,133.080,133.030,133.070,240
EURJPY,20210526,2200,133.070,133.100,132.940,133.020,240
EURJPY,20210526,2300,133.030,133.030,132.930,132.940,168
EURJPY,20210527,0000,132.970,132.980,132.910,132.960,240
EURJPY,20210527,0100,132.940,132.960,132.920,132.950,240
EURJPY,20210527,0200,132.950,133.000,132.950,132.990,240
EURJPY,20210527,0300,133.000,133.030,132.990,133.030,240
EURJPY,20210527,0400,133.010,133.100,132.980,133.100,240
EURJPY,20210527,0500,133.110,133.160,133.060,133.160,240
EURJPY,20210527,0600,133.140,133.200,132.990,132.990,240
EURJPY,20210527,0700,132.990,133.120,132.990,133.120,240
EURJPY,20210527,0800,133.130,133.230,133.130,133.210,240
EURJPY,20210527,0900,133.200,133.220,133.130,133.190,240
EURJPY,20210527,1000,133.200,133.390,133.200,133.240,240
EURJPY,20210527,1100,133.230,133.540,133.230,133.520,240
EURJPY,20210527,1200,133.510,133.860,133.500,133.860,240
EURJPY,20210527,1300,133.850,133.900,133.690,133.870,240
EURJPY,20210527,1400,133.880,133.950,133.870,133.920,240
EURJPY,20210527,1500,133.900,134.030,133.880,134.020,240
EURJPY,20210527,1600,134.020,134.040,133.900,133.920,240
EURJPY,20210527,1700,133.910,133.920,133.860,133.910,240
EURJPY,20210527,1800,133.920,133.940,133.890,133.920,240
EURJPY,20210527,1900,133.910,133.920,133.860,133.910,240
EURJPY,20210527,2000,133.910,133.930,133.890,133.920,240
EURJPY,20210527,2100,133.920,133.920,133.860,133.860,240
EURJPY,20210527,2200,133.880,133.950,133.880,133.930,240
EURJPY,20210527,2300,133.920,133.930,133.870,133.880,164
EURJPY,20210528,0000,133.870,133.890,133.820,133.860,240
EURJPY,20210528,0100,133.860,133.950,133.850,133.930,240
EURJPY,20210528,0200,133.930,133.930,133.840,133.860,240
EURJPY,20210528,0300,133.930,133.940,133.820,133.820,240
EURJPY,20210528,0400,133.810,133.860,133.730,133.850,240
EURJPY,20210528,0500,133.860,133.940,133.840,133.890,240
EURJPY,20210528,0600,133.900,133.970,133.900,133.940,240
EURJPY,20210528,0700,133.960,133.970,133.850,133.880,240
EURJPY,20210528,0800,133.890,133.900,133.790,133.810,240
EURJPY,20210528,0900,133.840,133.900,133.710,133.750,240
EURJPY,20210528,1000,133.760,133.760,133.600,133.690,240
EURJPY,20210528,1100,133.700,133.800,133.670,133.790,240
EURJPY,20210528,1200,133.810,133.960,133.760,133.950,240
EURJPY,20210528,1300,133.930,133.970,133.890,133.920,240
EURJPY,20210528,1400,133.920,133.980,133.900,133.960,240
EURJPY,20210528,1500,133.920,133.950,133.900,133.940,240
EURJPY,20210528,1600,133.930,133.960,133.900,133.900,240
EURJPY,20210528,1700,133.910,133.910,133.880,133.910,240
EURJPY,20210528,1800,133.910,133.940,133.880,133.920,240
EURJPY,20210528,1900,133.920,133.920,133.920,133.920,4
EURJPY,20210530,2100,133.940,134.000,133.930,133.980,240
EURJPY,20210530,2200,133.960,133.960,133.770,133.770,240
EURJPY,20210530,2300,133.800,133.840,133.740,133.750,164
EURJPY,20210531,0000,133.830,133.830,133.740,133.790,240
EURJPY,20210531,0100,133.790,133.800,133.760,133.780,240
EURJPY,20210531,0200,133.790,133.790,133.720,133.750,240
EURJPY,20210531,0300,133.750,133.800,133.740,133.800,240
EURJPY,20210531,0400,133.800,133.830,133.750,133.780,240
EURJPY,20210531,0500,133.780,133.810,133.730,133.740,240
EURJPY,20210531,0600,133.740,133.780,133.720,133.780,240
EURJPY,20210531,0700,133.760,133.760,133.660,133.680,240
EURJPY,20210531,0800,133.680,133.730,133.660,133.670,240
EURJPY,20210531,0900,133.670,133.770,133.650,133.770,240
EURJPY,20210531,1000,133.760,133.780,133.750,133.750,240
EURJPY,20210531,1100,133.740,133.780,133.670,133.780,240
EURJPY,20210531,1200,133.790,133.830,133.670,133.670,240
EURJPY,20210531,1300,133.740,133.890,133.710,133.870,240
EURJPY,20210531,1400,133.870,133.880,133.820,133.870,240
EURJPY,20210531,1500,133.850,133.870,133.840,133.860,240
EURJPY,20210531,1600,133.860,133.870,133.840,133.870,240
EURJPY,20210531,1700,133.860,133.920,133.860,133.920,240
EURJPY,20210531,1800,133.920,133.990,133.910,133.970,240
EURJPY,20210531,1900,133.970,133.990,133.960,133.960,240
EURJPY,20210531,2000,133.960,133.980,133.920,133.930,240
EURJPY,20210531,2100,133.930,133.950,133.910,133.930,240
EURJPY,20210531,2200,133.930,133.950,133.760,133.780,240
EURJPY,20210531,2300,133.790,133.810,133.730,133.760,164
EURJPY,20210601,0000,133.800,133.820,133.740,133.740,240
EURJPY,20210601,0100,133.750,133.860,133.750,133.830,240
EURJPY,20210601,0200,133.840,133.860,133.800,133.840,240
EURJPY,20210601,0300,133.830,133.860,133.770,133.820,240
EURJPY,20210601,0400,133.810,133.930,133.760,133.900,240
EURJPY,20210601,0500,133.890,133.980,133.830,133.970,240
EURJPY,20210601,0600,134.000,134.000,133.890,133.990,240
EURJPY,20210601,0700,133.980,134.070,133.980,134.030,240
EURJPY,20210601,0800,134.050,134.090,133.920,133.930,240
EURJPY,20210601,0900,133.930,134.020,133.910,133.970,240
EURJPY,20210601,1000,133.960,134.040,133.960,134.010,240
EURJPY,20210601,1100,134.010,134.100,133.880,134.060,240
EURJPY,20210601,1200,134.040,134.070,133.910,133.920,240
EURJPY,20210601,1300,133.940,133.990,133.920,133.930,240
EURJPY,20210601,1400,133.930,133.940,133.860,133.870,240
EURJPY,20210601,1500,133.860,133.860,133.780,133.800,240
EURJPY,20210601,1600,133.800,133.800,133.750,133.770,240
EURJPY,20210601,1700,133.790,133.790,133.720,133.760,240
EURJPY,20210601,1800,133.760,133.770,133.700,133.720,240
EURJPY,20210601,1900,133.710,133.750,133.670,133.690,236
EURJPY,20210601,2000,133.690,133.710,133.680,133.690,240
EURJPY,20210601,2100,133.700,133.750,133.690,133.750,240
EURJPY,20210601,2200,133.750,133.970,133.750,133.940,240
EURJPY,20210601,2300,133.950,134.000,133.940,133.950,164
EURJPY,20210602,0000,133.930,133.990,133.900,133.980,240
EURJPY,20210602,0100,133.960,133.990,133.950,133.980,240
EURJPY,20210602,0200,133.970,134.000,133.930,133.990,240
EURJPY,20210602,0300,133.990,134.050,133.960,133.970,240
EURJPY,20210602,0400,133.990,134.040,133.940,133.960,240
EURJPY,20210602,0500,133.970,134.000,133.880,133.900,240
EURJPY,20210602,0600,133.910,133.910,133.800,133.810,240
EURJPY,20210602,0700,133.800,133.860,133.690,133.690,240
EURJPY,20210602,0800,133.690,133.750,133.630,133.730,240
EURJPY,20210602,0900,133.700,133.710,133.640,133.710,240
EURJPY,20210602,1000,133.700,133.740,133.680,133.710,240
EURJPY,20210602,1100,133.700,133.800,133.690,133.800,240
EURJPY,20210602,1200,133.820,133.820,133.750,133.780,240
EURJPY,20210602,1300,133.790,133.870,133.760,133.830,240
EURJPY,20210602,1400,133.840,133.860,133.810,133.860,240
EURJPY,20210602,1500,133.850,133.870,133.760,133.760,240
EURJPY,20210602,1600,133.750,133.780,133.720,133.750,240
EURJPY,20210602,1700,133.770,133.790,133.740,133.750,240
EURJPY,20210602,1800,133.750,133.780,133.730,133.760,240
EURJPY,20210602,1900,133.750,133.780,133.740,133.770,240
EURJPY,20210602,2000,133.780,133.810,133.770,133.810,240
EURJPY,20210602,2100,133.790,133.820,133.790,133.800,240
EURJPY,20210602,2200,133.790,133.860,133.790,133.820,240
EURJPY,20210602,2300,133.830,133.900,133.810,133.840,164
EURJPY,20210603,0000,133.820,133.850,133.800,133.830,240
EURJPY,20210603,0100,133.830,133.860,133.830,133.850,240
EURJPY,20210603,0200,133.850,133.890,133.840,133.840,240
EURJPY,20210603,0300,133.850,133.890,133.840,133.840,240
EURJPY,20210603,0400,133.850,133.860,133.770,133.770,240
EURJPY,20210603,0500,133.760,133.800,133.730,133.760,240
EURJPY,20210603,0600,133.770,133.820,133.730,133.770,240
EURJPY,20210603,0700,133.790,133.830,133.740,133.820,240
EURJPY,20210603,0800,133.800,133.830,133.720,133.740,240
EURJPY,20210603,0900,133.750,133.840,133.750,133.810,240
EURJPY,20210603,1000,133.800,133.820,133.680,133.680,240
EURJPY,20210603,1100,133.680,133.760,133.650,133.720,240
EURJPY,20210603,1200,133.710,133.710,133.610,133.700,240
EURJPY,20210603,1300,133.720,133.720,133.640,133.660,240
EURJPY,20210603,1400,133.660,133.690,133.640,133.650,240
EURJPY,20210603,1500,133.650,133.680,133.620,133.670,240
EURJPY,20210603,1600,133.670,133.720,133.660,133.720,240
EURJPY,20210603,1700,133.730,133.770,133.710,133.730,240
EURJPY,20210603,1800,133.750,133.770,133.740,133.750,240
EURJPY,20210603,1900,133.750,133.760,133.720,133.740,240
EURJPY,20210603,2000,133.740,133.790,133.740,133.790,240
EURJPY,20210603,2100,133.780,133.780,133.730,133.740,236
EURJPY,20210603,2200,133.760,133.760,133.610,133.670,240
EURJPY,20210603,2300,133.670,133.670,133.570,133.570,164
EURJPY,20210604,0000,133.580,133.590,133.500,133.530,240
EURJPY,20210604,0100,133.510,133.530,133.490,133.530,240
EURJPY,20210604,0200,133.530,133.560,133.510,133.530,240
EURJPY,20210604,0300,133.550,133.550,133.460,133.480,240
EURJPY,20210604,0400,133.500,133.500,133.420,133.470,240
EURJPY,20210604,0500,133.470,133.500,133.380,133.450,240
EURJPY,20210604,0600,133.450,133.470,133.400,133.420,240
EURJPY,20210604,0700,133.380,133.420,133.370,133.390,240
EURJPY,20210604,0800,133.390,133.420,133.300,133.320,240
EURJPY,20210604,0900,133.330,133.410,133.330,133.360,240
EURJPY,20210604,1000,133.350,133.560,133.320,133.530,240
EURJPY,20210604,1100,133.540,133.540,133.350,133.370,240
EURJPY,20210604,1200,133.360,133.370,133.130,133.190,240
EURJPY,20210604,1300,133.180,133.210,133.130,133.180,240
EURJPY,20210604,1400,133.190,133.220,133.150,133.160,240
EURJPY,20210604,1500,133.140,133.200,133.140,133.170,240
EURJPY,20210604,1600,133.180,133.220,133.180,133.220,240
EURJPY,20210604,1700,133.210,133.280,133.210,133.230,240
EURJPY,20210604,1800,133.230,133.270,133.200,133.230,240
EURJPY,20210604,1900,133.240,133.240,133.240,133.240,4
EURJPY,20210606,2100,133.270,133.360,133.270,133.340,240
EURJPY,20210606,2200,133.350,133.350,133.220,133.290,240
EURJPY,20210606,2300,133.300,133.310,133.230,133.240,164
EURJPY,20210607,0000,133.240,133.300,133.180,133.260,240
EURJPY,20210607,0100,133.260,133.290,133.260,133.290,240
EURJPY,20210607,0200,133.290,133.290,133.100,133.130,240
EURJPY,20210607,0300,133.140,133.150,133.120,133.150,240
EURJPY,20210607,0400,133.140,133.140,133.040,133.100,240
EURJPY,20210607,0500,133.110,133.160,133.060,133.110,240
EURJPY,20210607,0600,133.120,133.120,132.990,132.990,240
EURJPY,20210607,0700,133.000,133.090,132.990,133.060,240
EURJPY,20210607,0800,133.050,133.060,132.970,132.980,240
EURJPY,20210607,0900,132.990,133.010,132.930,132.940,240
EURJPY,20210607,1000,132.940,132.960,132.910,132.910,240
EURJPY,20210607,1100,132.910,133.010,132.870,133.000,240
EURJPY,20210607,1200,133.000,133.180,132.980,133.170,240
EURJPY,20210607,1300,133.160,133.250,133.160,133.250,240
EURJPY,20210607,1400,133.260,133.290,133.240,133.240,240
EURJPY,20210607,1500,133.240,133.260,133.210,133.240,240
EURJPY,20210607,1600,133.240,133.250,133.190,133.210,240
EURJPY,20210607,1700,133.210,133.220,133.180,133.210,240
EURJPY,20210607,1800,133.200,133.210,133.160,133.160,240
EURJPY,20210607,1900,133.160,133.190,133.150,133.180,240
EURJPY,20210607,2000,133.180,133.190,133.170,133.190,240
EURJPY,20210607,2100,133.190,133.210,133.180,133.190,240
EURJPY,20210607,2200,133.190,133.300,133.130,133.250,240
EURJPY,20210607,2300,133.260,133.330,133.260,133.300,164
EURJPY,20210608,0000,133.310,133.320,133.200,133.210,240
EURJPY,20210608,0100,133.210,133.250,133.200,133.250,240
EURJPY,20210608,0200,133.250,133.260,133.220,133.250,240
EURJPY,20210608,0300,133.250,133.310,133.240,133.290,240
EURJPY,20210608,0400,133.300,133.320,133.250,133.280,240
EURJPY,20210608,0500,133.260,133.300,133.180,133.280,240
EURJPY,20210608,0600,133.300,133.320,133.250,133.310,240
EURJPY,20210608,0700,133.300,133.320,133.250,133.310,240
EURJPY,20210608,0800,133.340,133.340,133.200,133.290,240
EURJPY,20210608,0900,133.290,133.320,133.220,133.220,240
EURJPY,20210608,1000,133.230,133.250,133.130,133.210,240
EURJPY,20210608,1100,133.180,133.350,133.170,133.350,240
EURJPY,20210608,1200,133.310,133.400,133.290,133.360,240
EURJPY,20210608,1300,133.340,133.340,133.280,133.300,240
EURJPY,20210608,1400,133.310,133.350,133.300,133.300,240
EURJPY,20210608,1500,133.320,133.330,133.290,133.320,240
EURJPY,20210608,1600,133.310,133.350,133.290,133.350,240
EURJPY,20210608,1700,133.340,133.350,133.240,133.240,240
EURJPY,20210608,1800,133.240,133.280,133.240,133.260,240
EURJPY,20210608,1900,133.260,133.310,133.260,133.280,240
EURJPY,20210608,2000,133.270,133.280,133.250,133.250,240
EURJPY,20210608,2100,133.250,133.260,133.230,133.230,240
EURJPY,20210608,2200,133.230,133.290,133.200,133.220,240
EURJPY,20210608,2300,133.230,133.240,133.190,133.200,164
EURJPY,20210609,0000,133.270,133.310,133.260,133.310,240
EURJPY,20210609,0100,133.320,133.340,133.300,133.330,240
EURJPY,20210609,0200,133.330,133.340,133.300,133.320,240
EURJPY,20210609,0300,133.320,133.320,133.290,133.290,240
EURJPY,20210609,0400,133.300,133.330,133.220,133.230,240
EURJPY,20210609,0500,133.230,133.310,133.230,133.310,240
EURJPY,20210609,0600,133.320,133.420,133.290,133.410,240
EURJPY,20210609,0700,133.410,133.440,133.370,133.430,240
EURJPY,20210609,0800,133.420,133.440,133.370,133.440,240
EURJPY,20210609,0900,133.430,133.440,133.330,133.390,240
EURJPY,20210609,1000,133.370,133.400,133.340,133.380,240
EURJPY,20210609,1100,133.400,133.480,133.360,133.460,240
EURJPY,20210609,1200,133.480,133.600,133.450,133.540,240
EURJPY,20210609,1300,133.530,133.580,133.510,133.550,240
EURJPY,20210609,1400,133.540,133.540,133.460,133.490,240
EURJPY,20210609,1500,133.490,133.490,133.460,133.460,240
EURJPY,20210609,1600,133.460,133.490,133.420,133.440,240
EURJPY,20210609,1700,133.430,133.490,133.420,133.460,240
EURJPY,20210609,1800,133.470,133.500,133.450,133.500,240
EURJPY,20210609,1900,133.520,133.520,133.490,133.490,240
EURJPY,20210609,2000,133.490,133.520,133.470,133.500,240
EURJPY,20210609,2100,133.500,133.500,133.470,133.470,240
EURJPY,20210609,2200,133.470,133.530,133.390,133.430,240
EURJPY,20210609,2300,133.430,133.430,133.310,133.320,164
EURJPY,20210610,0000,133.280,133.310,133.280,133.300,240
EURJPY,20210610,0100,133.290,133.300,133.270,133.300,240
EURJPY,20210610,0200,133.300,133.300,133.250,133.260,240
EURJPY,20210610,0300,133.260,133.270,133.240,133.250,240
EURJPY,20210610,0400,133.250,133.250,133.180,133.200,240
EURJPY,20210610,0500,133.190,133.220,133.100,133.200,240
EURJPY,20210610,0600,133.190,133.240,133.170,133.210,240
EURJPY,20210610,0700,133.200,133.240,133.170,133.210,240
EURJPY,20210610,0800,133.210,133.240,133.150,133.200,240
EURJPY,20210610,0900,133.210,133.320,133.210,133.320,240
EURJPY,20210610,1000,133.340,133.720,133.270,133.610,240
EURJPY,20210610,1100,133.610,133.630,133.260,133.560,240
EURJPY,20210610,1200,133.540,133.540,133.320,133.400,240
EURJPY,20210610,1300,133.400,133.400,133.230,133.270,240
EURJPY,20210610,1400,133.260,133.280,133.140,133.220,240
EURJPY,20210610,1500,133.220,133.240,133.200,133.200,240
EURJPY,20210610,1600,133.200,133.240,133.170,133.170,240
EURJPY,20210610,1700,133.170,133.180,133.050,133.050,240
EURJPY,20210610,1800,133.030,133.090,133.030,133.090,240
EURJPY,20210610,1900,133.080,133.120,133.040,133.090,240
EURJPY,20210610,2000,133.100,133.140,133.090,133.130,240
EURJPY,20210610,2100,133.130,133.150,133.120,133.150,240
EURJPY,20210610,2200,133.150,133.250,133.130,133.230,240
EURJPY,20210610,2300,133.230,133.290,133.220,133.290,168
EURJPY,20210611,0000,133.300,133.340,133.260,133.330,240
EURJPY,20210611,0100,133.330,133.340,133.300,133.310,240
EURJPY,20210611,0200,133.310,133.330,133.300,133.310,240
EURJPY,20210611,0300,133.310,133.350,133.300,133.330,240
EURJPY,20210611,0400,133.330,133.390,133.250,133.280,240
EURJPY,20210611,0500,133.280,133.320,133.210,133.310,240
EURJPY,20210611,0600,133.300,133.340,133.190,133.240,240
EURJPY,20210611,0700,133.240,133.250,133.100,133.100,240
EURJPY,20210611,0800,133.090,133.110,132.980,133.000,240
EURJPY,20210611,0900,133.000,133.000,132.870,132.920,240
EURJPY,20210611,1000,132.920,132.990,132.830,132.950,240
EURJPY,20210611,1100,132.950,132.960,132.880,132.960,240
EURJPY,20210611,1200,132.970,132.970,132.880,132.910,240
EURJPY,20210611,1300,132.910,132.920,132.750,132.770,240
EURJPY,20210611,1400,132.780,132.780,132.670,132.680,240
EURJPY,20210611,1500,132.660,132.730,132.650,132.730,240
EURJPY,20210611,1600,132.720,132.770,132.720,132.740,240
EURJPY,20210611,1700,132.760,132.790,132.750,132.760,240
EURJPY,20210611,1800,132.770,132.790,132.730,132.770,240
EURJPY,20210611,1900,132.790,132.790,132.790,132.790,4
EURJPY,20210613,2100,132.860,132.860,132.830,132.850,240
EURJPY,20210613,2200,132.850,132.870,132.780,132.850,240
EURJPY,20210613,2300,132.860,132.860,132.800,132.810,168
EURJPY,20210614,0000,132.810,132.820,132.770,132.790,240
EURJPY,20210614,0100,132.800,132.810,132.780,132.800,240
EURJPY,20210614,0200,132.800,132.830,132.750,132.830,240
EURJPY,20210614,0300,132.830,132.840,132.790,132.820,240
EURJPY,20210614,0400,132.830,132.830,132.660,132.740,240
EURJPY,20210614,0500,132.740,132.930,132.650,132.900,240
EURJPY,20210614,0600,132.910,132.910,132.750,132.750,240
EURJPY,20210614,0700,132.760,132.830,132.760,132.820,240
EURJPY,20210614,0800,132.820,132.920,132.820,132.900,240
EURJPY,20210614,0900,132.910,132.950,132.880,132.950,240
EURJPY,20210614,1000,132.960,133.000,132.910,132.980,240
EURJPY,20210614,1100,133.000,133.250,132.990,133.230,240
EURJPY,20210614,1200,133.220,133.350,133.190,133.320,240
EURJPY,20210614,1300,133.320,133.370,133.310,133.360,240
EURJPY,20210614,1400,133.340,133.360,133.300,133.330,240
EURJPY,20210614,1500,133.340,133.360,133.320,133.360,240
EURJPY,20210614,1600,133.360,133.400,133.360,133.390,240
EURJPY,20210614,1700,133.380,133.410,133.380,133.380,240
EURJPY,20210614,1800,133.380,133.400,133.370,133.390,240
EURJPY,20210614,1900,133.390,133.400,133.380,133.380,240
EURJPY,20210614,2000,133.380,133.400,133.370,133.370,240
EURJPY,20210614,2100,133.370,133.400,133.370,133.370,240
EURJPY,20210614,2200,133.370,133.410,133.340,133.410,240
EURJPY,20210614,2300,133.400,133.400,133.340,133.340,164
EURJPY,20210615,0000,133.430,133.500,133.430,133.480,240
EURJPY,20210615,0100,133.490,133.490,133.420,133.460,240
EURJPY,20210615,0200,133.450,133.470,133.430,133.470,240
EURJPY,20210615,0300,133.450,133.470,133.420,133.470,240
EURJPY,20210615,0400,133.470,133.480,133.420,133.430,240
EURJPY,20210615,0500,133.440,133.560,133.410,133.540,240
EURJPY,20210615,0600,133.530,133.630,133.520,133.620,240
EURJPY,20210615,0700,133.630,133.660,133.560,133.580,240
EURJPY,20210615,0800,133.570,133.580,133.460,133.530,240
EURJPY,20210615,0900,133.520,133.540,133.330,133.360,240
EURJPY,20210615,1000,133.360,133.390,133.270,133.320,240
EURJPY,20210615,1100,133.320,133.490,133.310,133.490,240
EURJPY,20210615,1200,133.500,133.550,133.430,133.450,240
EURJPY,20210615,1300,133.460,133.510,133.430,133.460,240
EURJPY,20210615,1400,133.450,133.520,133.450,133.480,240
EURJPY,20210615,1500,133.480,133.480,133.440,133.460,240
EURJPY,20210615,1600,133.450,133.500,133.430,133.470,240
EURJPY,20210615,1700,133.470,133.470,133.440,133.450,240
EURJPY,20210615,1800,133.430,133.470,133.430,133.440,240
EURJPY,20210615,1900,133.440,133.480,133.420,133.460,240
EURJPY,20210615,2000,133.460,133.480,133.440,133.440,240
EURJPY,20210615,2100,133.440,133.460,133.430,133.460,240
EURJPY,20210615,2200,133.460,133.510,133.450,133.490,240
EURJPY,20210615,2300,133.490,133.490,133.430,133.450,168
EURJPY,20210616,0000,133.440,133.440,133.390,133.430,240
EURJPY,20210616,0100,133.430,133.470,133.430,133.450,240
EURJPY,20210616,0200,133.450,133.470,133.420,133.460,240
EURJPY,20210616,0300,133.460,133.490,133.460,133.490,240
EURJPY,20210616,0400,133.500,133.560,133.440,133.470,240
EURJPY,20210616,0500,133.460,133.460,133.270,133.370,240
EURJPY,20210616,0600,133.370,133.380,133.270,133.320,240
EURJPY,20210616,0700,133.320,133.330,133.260,133.290,240
EURJPY,20210616,0800,133.300,133.300,133.220,133.220,240
EURJPY,20210616,0900,133.220,133.240,133.190,133.190,240
EURJPY,20210616,1000,133.210,133.210,133.110,133.140,240
EURJPY,20210616,1100,133.130,133.220,133.040,133.220,240
EURJPY,20210616,1200,133.170,133.330,133.170,133.220,240
EURJPY,20210616,1300,133.220,133.240,133.120,133.120,240
EURJPY,20210616,1400,133.120,133.150,133.110,133.140,240
EURJPY,20210616,1500,133.140,133.140,133.090,133.110,240
EURJPY,20210616,1600,133.100,133.100,132.690,132.830,240
EURJPY,20210616,1700,132.780,132.920,132.720,132.810,240
EURJPY,20210616,1800,132.800,132.890,132.750,132.780,240
EURJPY,20210616,1900,132.770,132.770,132.640,132.670,240
EURJPY,20210616,2000,132.680,132.790,132.680,132.790,240
EURJPY,20210616,2100,132.790,132.840,132.740,132.840,240
EURJPY,20210616,2200,132.850,132.850,132.720,132.750,240
EURJPY,20210616,2300,132.750,132.780,132.700,132.700,168
EURJPY,20210617,0000,132.750,132.800,132.720,132.760,240
EURJPY,20210617,0100,132.750,132.810,132.750,132.780,240
EURJPY,20210617,0200,132.780,132.800,132.750,132.800,240
EURJPY,20210617,0300,132.810,132.810,132.750,132.780,240
EURJPY,20210617,0400,132.760,132.760,132.580,132.630,240
EURJPY,20210617,0500,132.620,132.620,132.130,132.200,240
EURJPY,20210617,0600,132.180,132.240,132.090,132.150,240
EURJPY,20210617,0700,132.180,132.300,132.180,132.250,240
EURJPY,20210617,0800,132.260,132.270,132.020,132.060,240
EURJPY,20210617,0900,132.070,132.170,132.060,132.130,240
EURJPY,20210617,1000,132.120,132.130,131.780,131.780,240
EURJPY,20210617,1100,131.810,131.940,131.740,131.760,240
EURJPY,20210617,1200,131.740,131.800,131.560,131.610,240
EURJPY,20210617,1300,131.590,131.630,131.280,131.300,240
EURJPY,20210617,1400,131.330,131.330,131.020,131.200,240
EURJPY,20210617,1500,131.210,131.360,131.190,131.330,240
EURJPY,20210617,1600,131.320,131.370,131.300,131.320,240
EURJPY,20210617,1700,131.300,131.330,131.230,131.230,240
EURJPY,20210617,1800,131.230,131.280,131.230,131.230,240
EURJPY,20210617,1900,131.240,131.290,131.200,131.280,240
EURJPY,20210617,2000,131.270,131.340,131.250,131.340,240
EURJPY,20210617,2100,131.340,131.400,131.320,131.400,240
EURJPY,20210617,2200,131.410,131.410,131.260,131.320,240
EURJPY,20210617,2300,131.330,131.340,131.280,131.320,168
EURJPY,20210618,0000,131.270,131.330,131.260,131.330,240
EURJPY,20210618,0100,131.340,131.390,131.330,131.350,240
EURJPY,20210618,0200,131.350,131.350,131.290,131.290,240
EURJPY,20210618,0300,131.280,131.280,130.930,131.000,240
EURJPY,20210618,0400,130.990,131.080,130.800,130.810,240
EURJPY,20210618,0500,130.860,131.080,130.860,131.050,240
EURJPY,20210618,0600,131.050,131.250,131.030,131.200,240
EURJPY,20210618,0700,131.190,131.350,131.120,131.260,240
EURJPY,20210618,0800,131.250,131.270,131.150,131.200,240
EURJPY,20210618,0900,131.170,131.210,131.140,131.150,240
EURJPY,20210618,1000,131.160,131.170,130.820,131.030,240
EURJPY,20210618,1100,131.050,131.050,130.910,131.050,240
EURJPY,20210618,1200,131.020,131.080,130.590,130.650,240
EURJPY,20210618,1300,130.660,130.840,130.660,130.820,240
EURJPY,20210618,1400,130.830,130.910,130.810,130.890,236
EURJPY,20210618,1500,130.880,130.910,130.810,130.840,240
EURJPY,20210618,1600,130.830,130.830,130.750,130.760,240
EURJPY,20210618,1700,130.740,130.780,130.720,130.720,240
EURJPY,20210618,1800,130.710,130.740,130.660,130.740,240
EURJPY,20210618,1900,130.750,130.750,130.750,130.750,4
EURJPY,20210620,2100,130.780,130.830,130.780,130.800,240
EURJPY,20210620,2200,130.800,130.860,130.770,130.830,240
EURJPY,20210620,2300,130.840,130.840,130.690,130.750,164
EURJPY,20210621,0000,130.600,130.600,130.520,130.540,240
EURJPY,20210621,0100,130.540,130.540,130.040,130.190,240
EURJPY,20210621,0200,130.170,130.270,130.110,130.240,240
EURJPY,20210621,0300,130.260,130.350,130.220,130.350,240
EURJPY,20210621,0400,130.370,130.600,130.340,130.530,240
EURJPY,20210621,0500,130.490,130.770,130.330,130.730,240
EURJPY,20210621,0600,130.710,130.810,130.680,130.730,240
EURJPY,20210621,0700,130.730,131.000,130.710,130.990,240
EURJPY,20210621,0800,130.980,131.030,130.900,130.990,240
EURJPY,20210621,0900,130.980,130.990,130.850,130.950,240
EURJPY,20210621,1000,130.940,130.940,130.860,130.930,240
EURJPY,20210621,1100,130.960,131.300,130.950,131.270,240
EURJPY,20210621,1200,131.250,131.380,131.220,131.250,240
EURJPY,20210621,1300,131.220,131.280,131.180,131.260,240
EURJPY,20210621,1400,131.240,131.300,131.200,131.280,240
EURJPY,20210621,1500,131.280,131.380,131.280,131.380,236
EURJPY,20210621,1600,131.370,131.380,131.320,131.330,240
EURJPY,20210621,1700,131.310,131.430,131.310,131.420,240
EURJPY,20210621,1800,131.420,131.470,131.400,131.470,240
EURJPY,20210621,1900,131.460,131.460,131.410,131.450,240
EURJPY,20210621,2000,131.450,131.450,131.410,131.430,240
EURJPY,20210621,2100,131.430,131.520,131.390,131.450,240
EURJPY,20210621,2200,131.450,131.460,131.220,131.280,240
EURJPY,20210621,2300,131.280,131.280,131.220,131.240,164
EURJPY,20210622,0000,131.310,131.500,131.310,131.430,240
EURJPY,20210622,0100,131.420,131.530,131.420,131.500,240
EURJPY,20210622,0200,131.510,131.510,131.460,131.460,240
EURJPY,20210622,0300,131.450,131.460,131.320,131.330,240
EURJPY,20210622,0400,131.360,131.430,131.350,131.370,240
EURJPY,20210622,0500,131.340,131.550,131.310,131.460,240
EURJPY,20210622,0600,131.480,131.480,131.340,131.430,240
EURJPY,20210622,0700,131.420,131.460,131.210,131.210,240
EURJPY,20210622,0800,131.230,131.350,131.230,131.350,240
EURJPY,20210622,0900,131.340,131.490,131.330,131.440,240
EURJPY,20210622,1000,131.430,131.630,131.380,131.630,240
EURJPY,20210622,1100,131.630,131.790,131.600,131.690,240
EURJPY,20210622,1200,131.720,131.790,131.670,131.750,240
EURJPY,20210622,1300,131.740,131.910,131.720,131.890,240
EURJPY,20210622,1400,131.890,132.130,131.860,132.100,240
EURJPY,20210622,1500,132.100,132.130,132.070,132.090,240
EURJPY,20210622,1600,132.110,132.150,132.020,132.020,240
EURJPY,20210622,1700,132.020,132.170,132.020,132.100,240
EURJPY,20210622,1800,132.070,132.150,132.070,132.130,240
EURJPY,20210622,1900,132.140,132.140,132.070,132.100,240
EURJPY,20210622,2000,132.100,132.140,132.090,132.090,240
EURJPY,20210622,2100,132.090,132.120,132.060,132.070,240
EURJPY,20210622,2200,132.060,132.180,132.060,132.100,240
EURJPY,20210622,2300,132.100,132.200,132.100,132.100,164
EURJPY,20210623,0000,132.130,132.130,132.020,132.040,240
EURJPY,20210623,0100,132.040,132.070,132.020,132.050,240
EURJPY,20210623,0200,132.040,132.060,132.020,132.040,240
EURJPY,20210623,0300,132.040,132.150,132.020,132.110,240
EURJPY,20210623,0400,132.090,132.290,132.090,132.160,240
EURJPY,20210623,0500,132.180,132.350,132.110,132.350,240
EURJPY,20210623,0600,132.360,132.420,132.330,132.340,240
EURJPY,20210623,0700,132.320,132.450,132.320,132.450,240
EURJPY,20210623,0800,132.470,132.660,132.470,132.590,240
EURJPY,20210623,0900,132.600,132.630,132.240,132.390,240
EURJPY,20210623,1000,132.370,132.460,132.310,132.460,240
EURJPY,20210623,1100,132.470,132.570,132.450,132.480,208
EURJPY,20210623,1200,132.490,132.490,132.300,132.370,240
EURJPY,20210623,1300,132.360,132.460,132.350,132.460,240
EURJPY,20210623,1400,132.460,132.480,132.380,132.400,240
EURJPY,20210623,1500,132.400,132.410,132.360,132.400,240
EURJPY,20210623,1600,132.410,132.430,132.370,132.370,240
EURJPY,20210623,1700,132.350,132.360,132.280,132.300,240
EURJPY,20210623,1800,132.300,132.350,132.300,132.320,240
EURJPY,20210623,1900,132.310,132.390,132.310,132.340,240
EURJPY,20210623,2000,132.340,132.400,132.340,132.380,240
EURJPY,20210623,2100,132.380,132.410,132.360,132.400,240
EURJPY,20210623,2200,132.400,132.530,132.400,132.450,240
EURJPY,20210623,2300,132.440,132.460,132.320,132.330,240
EURJPY,20210624,0000,132.340,132.380,132.310,132.370,240
EURJPY,20210624,0100,132.390,132.390,132.310,132.330,240
EURJPY,20210624,0200,132.330,132.340,132.290,132.290,240
EURJPY,20210624,0300,132.290,132.300,132.100,132.160,240
EURJPY,20210624,0400,132.150,132.300,132.110,132.280,240
EURJPY,20210624,0500,132.290,132.370,132.280,132.290,240
EURJPY,20210624,0600,132.280,132.330,132.170,132.200,240
EURJPY,20210624,0700,132.200,132.420,132.200,132.390,240
EURJPY,20210624,0800,132.380,132.400,132.310,132.330,240
EURJPY,20210624,0900,132.330,132.360,132.230,132.250,240
EURJPY,20210624,1000,132.240,132.370,132.150,132.360,240
EURJPY,20210624,1100,132.370,132.380,132.280,132.300,240
EURJPY,20210624,1200,132.290,132.290,132.110,132.190,240
EURJPY,20210624,1300,132.190,132.280,132.180,132.260,240
EURJPY,20210624,1400,132.250,132.280,132.220,132.230,240
EURJPY,20210624,1500,132.230,132.280,132.230,132.240,240
EURJPY,20210624,1600,132.240,132.270,132.210,132.270,240
EURJPY,20210624,1700,132.240,132.280,132.230,132.240,240
EURJPY,20210624,1800,132.240,132.290,132.240,132.270,240
EURJPY,20210624,1900,132.280,132.280,132.230,132.270,240
EURJPY,20210624,2000,132.250,132.280,132.250,132.260,240
EURJPY,20210624,2100,132.260,132.310,132.250,132.300,240
EURJPY,20210624,2200,132.290,132.380,132.280,132.320,240
EURJPY,20210624,2300,132.330,132.410,132.330,132.410,164
EURJPY,20210625,0000,132.420,132.430,132.340,132.350,240
EURJPY,20210625,0100,132.350,132.380,132.340,132.340,240
EURJPY,20210625,0200,132.340,132.350,132.290,132.320,240
EURJPY,20210625,0300,132.320,132.340,132.290,132.320,240
EURJPY,20210625,0400,132.330,132.380,132.280,132.280,240
EURJPY,20210625,0500,132.300,132.340,132.220,132.300,240
EURJPY,20210625,0600,132.300,132.300,132.200,132.230,240
EURJPY,20210625,0700,132.230,132.280,132.160,132.270,240
EURJPY,20210625,0800,132.270,132.290,132.210,132.290,240
EURJPY,20210625,0900,132.290,132.310,132.200,132.200,240
EURJPY,20210625,1000,132.210,132.260,132.140,132.150,240
EURJPY,20210625,1100,132.160,132.340,132.140,132.330,240
EURJPY,20210625,1200,132.340,132.380,132.310,132.370,240
EURJPY,20210625,1300,132.340,132.370,132.230,132.250,240
EURJPY,20210625,1400,132.250,132.290,132.200,132.260,240
EURJPY,20210625,1500,132.270,132.290,132.240,132.240,240
EURJPY,20210625,1600,132.240,132.250,132.210,132.210,240
EURJPY,20210625,1700,132.210,132.260,132.210,132.230,240
EURJPY,20210625,1800,132.230,132.260,132.210,132.210,240
EURJPY,20210625,1900,132.180,132.180,132.180,132.180,4
EURJPY,20210627,2100,132.250,132.320,132.250,132.310,240
EURJPY,20210627,2200,132.300,132.300,132.070,132.110,240
EURJPY,20210627,2300,132.110,132.110,131.950,131.950,168
EURJPY,20210628,0000,131.990,132.000,131.920,131.990,240
EURJPY,20210628,0100,131.990,131.990,131.920,131.920,240
EURJPY,20210628,0200,131.910,131.930,131.880,131.900,240
EURJPY,20210628,0300,131.900,131.960,131.880,131.960,240
EURJPY,20210628,0400,131.950,132.060,131.950,132.060,240
EURJPY,20210628,0500,132.050,132.150,132.030,132.090,240
EURJPY,20210628,0600,132.110,132.190,132.000,132.190,240
EURJPY,20210628,0700,132.210,132.210,132.110,132.160,240
EURJPY,20210628,0800,132.150,132.180,132.120,132.180,240
EURJPY,20210628,0900,132.180,132.180,132.040,132.070,240
EURJPY,20210628,1000,132.080,132.140,132.060,132.130,240
EURJPY,20210628,1100,132.140,132.180,131.990,132.050,240
EURJPY,20210628,1200,132.060,132.150,131.930,131.930,240
EURJPY,20210628,1300,131.920,131.980,131.830,131.890,240
EURJPY,20210628,1400,131.900,131.900,131.780,131.790,240
EURJPY,20210628,1500,131.790,131.810,131.770,131.780,240
EURJPY,20210628,1600,131.770,131.850,131.770,131.790,240
EURJPY,20210628,1700,131.780,131.880,131.780,131.870,236
EURJPY,20210628,1800,131.860,131.880,131.860,131.880,240
EURJPY,20210628,1900,131.910,131.960,131.880,131.910,240
EURJPY,20210628,2000,131.910,131.910,131.850,131.870,240
EURJPY,20210628,2100,131.860,131.910,131.860,131.910,240
EURJPY,20210628,2200,131.920,131.920,131.720,131.720,240
EURJPY,20210628,2300,131.720,131.730,131.670,131.710,168
EURJPY,20210629,0000,131.670,131.670,131.590,131.640,240
EURJPY,20210629,0100,131.640,131.650,131.560,131.630,240
EURJPY,20210629,0200,131.620,131.720,131.620,131.690,240
EURJPY,20210629,0300,131.690,131.780,131.680,131.770,240
EURJPY,20210629,0400,131.780,131.860,131.740,131.810,240
EURJPY,20210629,0500,131.790,131.840,131.750,131.820,240
EURJPY,20210629,0600,131.820,131.850,131.610,131.610,240
EURJPY,20210629,0700,131.620,131.700,131.620,131.630,240
EURJPY,20210629,0800,131.640,131.670,131.550,131.610,240
EURJPY,20210629,0900,131.630,131.630,131.480,131.490,240
EURJPY,20210629,1000,131.500,131.590,131.490,131.520,240
EURJPY,20210629,1100,131.500,131.540,131.440,131.510,240
EURJPY,20210629,1200,131.490,131.530,131.270,131.530,240
EURJPY,20210629,1300,131.520,131.590,131.480,131.590,240
EURJPY,20210629,1400,131.600,131.600,131.480,131.480,240
EURJPY,20210629,1500,131.460,131.480,131.450,131.470,240
EURJPY,20210629,1600,131.480,131.530,131.460,131.500,240
EURJPY,20210629,1700,131.500,131.540,131.470,131.520,240
EURJPY,20210629,1800,131.520,131.560,131.490,131.490,240
EURJPY,20210629,1900,131.480,131.560,131.460,131.510,240
EURJPY,20210629,2000,131.530,131.540,131.480,131.500,240
EURJPY,20210629,2100,131.500,131.530,131.480,131.530,240
EURJPY,20210629,2200,131.530,131.630,131.500,131.560,240
EURJPY,20210629,2300,131.550,131.560,131.450,131.460,168
EURJPY,20210630,0000,131.510,131.550,131.480,131.510,240
EURJPY,20210630,0100,131.510,131.510,131.440,131.480,240
EURJPY,20210630,0200,131.490,131.490,131.460,131.480,240
EURJPY,20210630,0300,131.480,131.490,131.410,131.440,240
EURJPY,20210630,0400,131.440,131.570,131.370,131.570,240
EURJPY,20210630,0500,131.570,131.570,131.400,131.540,240
EURJPY,20210630,0600,131.540,131.540,131.260,131.280,240
EURJPY,20210630,0700,131.280,131.440,131.280,131.410,240
EURJPY,20210630,0800,131.420,131.420,131.300,131.330,240
EURJPY,20210630,0900,131.350,131.430,131.280,131.430,240
EURJPY,20210630,1000,131.430,131.470,131.360,131.440,240
EURJPY,20210630,1100,131.450,131.470,131.310,131.400,240
EURJPY,20210630,1200,131.410,131.590,131.380,131.570,240
EURJPY,20210630,1300,131.590,131.630,131.510,131.590,240
EURJPY,20210630,1400,131.550,131.620,131.540,131.580,240
EURJPY,20210630,1500,131.600,131.660,131.600,131.650,240
EURJPY,20210630,1600,131.670,131.680,131.600,131.600,240
EURJPY,20210630,1700,131.590,131.710,131.590,131.710,240
EURJPY,20210630,1800,131.710,131.760,131.700,131.730,240
EURJPY,20210630,1900,131.710,131.740,131.700,131.720,240
EURJPY,20210630,2000,131.720,131.740,131.700,131.720,240
EURJPY,20210630,2100,131.730,131.760,131.720,131.740,240
EURJPY,20210630,2200,131.740,131.740,131.590,131.590,240
EURJPY,20210630,2300,131.600,131.620,131.560,131.600,164
EURJPY,20210701,0000,131.610,131.610,131.540,131.590,240
EURJPY,20210701,0100,131.600,131.630,131.580,131.630,240
EURJPY,20210701,0200,131.630,131.640,131.600,131.630,240
EURJPY,20210701,0300,131.630,131.630,131.550,131.590,240
EURJPY,20210701,0400,131.590,131.830,131.570,131.830,240
EURJPY,20210701,0500,131.810,131.900,131.790,131.840,240
EURJPY,20210701,0600,131.820,131.930,131.820,131.930,240
EURJPY,20210701,0700,131.930,132.150,131.890,132.140,240
EURJPY,20210701,0800,132.160,132.290,132.140,132.230,240
EURJPY,20210701,0900,132.240,132.370,132.170,132.370,240
EURJPY,20210701,1000,132.370,132.410,132.230,132.290,240
EURJPY,20210701,1100,132.290,132.310,132.200,132.260,240
EURJPY,20210701,1200,132.290,132.380,132.210,132.350,240
EURJPY,20210701,1300,132.350,132.350,132.170,132.240,240
EURJPY,20210701,1400,132.240,132.260,132.170,132.180,240
EURJPY,20210701,1500,132.180,132.260,132.180,132.210,240
EURJPY,20210701,1600,132.210,132.240,132.160,132.160,240
EURJPY,20210701,1700,132.160,132.160,132.120,132.140,240
EURJPY,20210701,1800,132.130,132.170,132.120,132.140,240
EURJPY,20210701,1900,132.140,132.160,132.120,132.140,240
EURJPY,20210701,2000,132.140,132.160,132.080,132.120,240
EURJPY,20210701,2100,132.120,132.150,132.100,132.150,228
EURJPY,20210701,2200,132.150,132.200,132.090,132.200,240
EURJPY,20210701,2300,132.200,132.200,132.140,132.170,168
EURJPY,20210702,0000,132.140,132.180,132.110,132.120,240
EURJPY,20210702,0100,132.110,132.140,132.090,132.120,240
EURJPY,20210702,0200,132.120,132.160,132.110,132.160,240
EURJPY,20210702,0300,132.160,132.170,132.120,132.130,240
EURJPY,20210702,0400,132.130,132.140,132.070,132.120,240
EURJPY,20210702,0500,132.120,132.120,131.910,131.910,240
EURJPY,20210702,0600,131.900,131.920,131.790,131.830,240
EURJPY,20210702,0700,131.820,131.860,131.790,131.800,240
EURJPY,20210702,0800,131.810,131.860,131.780,131.800,240
EURJPY,20210702,0900,131.780,131.820,131.680,131.740,240
EURJPY,20210702,1000,131.720,132.020,131.690,131.810,240
EURJPY,20210702,1100,131.810,131.860,131.680,131.740,240
EURJPY,20210702,1200,131.750,131.820,131.670,131.780,240
EURJPY,20210702,1300,131.810,131.860,131.790,131.850,240
EURJPY,20210702,1400,131.840,131.860,131.700,131.720,240
EURJPY,20210702,1500,131.710,131.800,131.700,131.760,240
EURJPY,20210702,1600,131.770,131.800,131.720,131.780,240
EURJPY,20210702,1700,131.780,131.790,131.700,131.710,240
EURJPY,20210702,1800,131.720,131.740,131.690,131.710,240
EURJPY,20210702,1900,131.710,131.710,131.710,131.710,4
EURJPY,20210704,2100,131.790,131.800,131.750,131.750,240
EURJPY,20210704,2200,131.750,131.840,131.740,131.770,240
EURJPY,20210704,2300,131.760,131.770,131.710,131.730,164
EURJPY,20210705,0000,131.700,131.710,131.660,131.660,240
EURJPY,20210705,0100,131.660,131.710,131.660,131.690,240
EURJPY,20210705,0200,131.690,131.760,131.690,131.750,240
EURJPY,20210705,0300,131.690,131.760,131.690,131.750,240
EURJPY,20210705,0400,131.750,131.760,131.710,131.720,236
EURJPY,20210705,0500,131.710,131.750,131.630,131.630,240
EURJPY,20210705,0600,131.620,131.730,131.600,131.650,240
EURJPY,20210705,0700,131.660,131.660,131.570,131.620,240
EURJPY,20210705,0800,131.630,131.660,131.600,131.620,240
EURJPY,20210705,0900,131.610,131.630,131.540,131.610,240
EURJPY,20210705,1000,131.610,131.620,131.550,131.570,240
EURJPY,20210705,1100,131.570,131.620,131.530,131.570,240
EURJPY,20210705,1200,131.570,131.630,131.550,131.610,240
EURJPY,20210705,1300,131.620,131.630,131.550,131.550,240
EURJPY,20210705,1400,131.560,131.620,131.560,131.610,240
EURJPY,20210705,1500,131.590,131.610,131.580,131.610,240
EURJPY,20210705,1600,131.610,131.620,131.590,131.610,240
EURJPY,20210705,1700,131.600,131.670,131.600,131.650,240
EURJPY,20210705,1800,131.640,131.660,131.610,131.640,240
EURJPY,20210705,1900,131.640,131.640,131.590,131.620,240
EURJPY,20210705,2000,131.620,131.630,131.540,131.600,240
EURJPY,20210705,2100,131.590,131.610,131.570,131.580,240
EURJPY,20210705,2200,131.560,131.560,131.450,131.490,240
EURJPY,20210705,2300,131.480,131.490,131.420,131.420,168
EURJPY,20210706,0000,131.480,131.570,131.480,131.570,240
EURJPY,20210706,0100,131.580,131.630,131.570,131.610,240
EURJPY,20210706,0200,131.600,131.610,131.570,131.580,240
EURJPY,20210706,0300,131.580,131.640,131.580,131.640,240
EURJPY,20210706,0400,131.660,131.810,131.640,131.810,240
EURJPY,20210706,0500,131.810,131.830,131.490,131.510,240
EURJPY,20210706,0600,131.500,131.500,131.210,131.250,240
EURJPY,20210706,0700,131.220,131.260,131.100,131.160,240
EURJPY,20210706,0800,131.160,131.230,131.050,131.050,240
EURJPY,20210706,0900,131.040,131.090,130.970,131.010,240
EURJPY,20210706,1000,131.000,131.040,130.970,131.030,240
EURJPY,20210706,1100,131.030,131.070,130.920,131.030,240
EURJPY,20210706,1200,131.020,131.020,130.720,130.770,240
EURJPY,20210706,1300,130.770,130.790,130.680,130.750,240
EURJPY,20210706,1400,130.740,130.750,130.610,130.680,240
EURJPY,20210706,1500,130.680,130.810,130.680,130.810,240
EURJPY,20210706,1600,130.810,130.830,130.760,130.800,240
EURJPY,20210706,1700,130.770,130.830,130.760,130.790,240
EURJPY,20210706,1800,130.780,130.800,130.760,130.770,240
EURJPY,20210706,1900,130.770,130.790,130.730,130.770,236
EURJPY,20210706,2000,130.770,130.790,130.740,130.750,240
EURJPY,20210706,2100,130.750,130.790,130.710,130.730,240
EURJPY,20210706,2200,130.740,130.740,130.490,130.510,240
EURJPY,20210706,2300,130.510,130.570,130.490,130.520,164
EURJPY,20210707,0000,130.540,130.660,130.530,130.650,240
EURJPY,20210707,0100,130.650,130.770,130.620,130.770,240
EURJPY,20210707,0200,130.770,130.820,130.580,130.630,240
EURJPY,20210707,0300,130.660,130.840,130.640,130.830,240
EURJPY,20210707,0400,130.820,130.930,130.760,130.890,240
EURJPY,20210707,0500,130.910,130.930,130.670,130.800,240
EURJPY,20210707,0600,130.810,130.940,130.810,130.920,240
EURJPY,20210707,0700,130.930,130.990,130.910,130.990,240
EURJPY,20210707,0800,130.980,131.010,130.880,130.900,240
EURJPY,20210707,0900,130.890,130.890,130.750,130.850,240
EURJPY,20210707,1000,130.840,130.870,130.620,130.630,240
EURJPY,20210707,1100,130.650,130.840,130.620,130.670,240
EURJPY,20210707,1200,130.660,130.660,130.450,130.540,240
EURJPY,20210707,1300,130.540,130.600,130.460,130.530,240
EURJPY,20210707,1400,130.540,130.590,130.500,130.570,240
EURJPY,20210707,1500,130.580,130.650,130.580,130.600,240
EURJPY,20210707,1600,130.590,130.650,130.550,130.580,240
EURJPY,20210707,1700,130.580,130.580,130.420,130.420,240
EURJPY,20210707,1800,130.440,130.460,130.410,130.410,240
EURJPY,20210707,1900,130.410,130.520,130.410,130.470,240
EURJPY,20210707,2000,130.470,130.510,130.450,130.460,240
EURJPY,20210707,2100,130.460,130.470,130.430,130.450,240
EURJPY,20210707,2200,130.450,130.450,130.310,130.340,240
EURJPY,20210707,2300,130.320,130.320,130.210,130.310,168
EURJPY,20210708,0000,130.200,130.350,130.160,130.350,240
EURJPY,20210708,0100,130.360,130.400,130.340,130.370,240
EURJPY,20210708,0200,130.360,130.370,130.320,130.350,240
EURJPY,20210708,0300,130.360,130.360,130.080,130.160,240
EURJPY,20210708,0400,130.160,130.200,129.920,129.920,240
EURJPY,20210708,0500,129.930,129.990,129.620,129.710,240
EURJPY,20210708,0600,129.760,129.870,129.620,129.870,240
EURJPY,20210708,0700,129.850,130.130,129.850,130.030,240
EURJPY,20210708,0800,130.040,130.090,129.860,129.950,240
EURJPY,20210708,0900,129.980,130.060,129.830,129.830,240
EURJPY,20210708,1000,129.860,130.110,129.720,129.980,240
EURJPY,20210708,1100,129.950,130.140,129.900,130.050,240
EURJPY,20210708,1200,130.020,130.030,129.860,129.860,240
EURJPY,20210708,1300,129.860,130.070,129.810,130.010,240
EURJPY,20210708,1400,130.010,130.050,129.980,130.030,240
EURJPY,20210708,1500,130.030,130.050,129.960,130.020,240
EURJPY,20210708,1600,130.030,130.030,129.970,130.030,240
EURJPY,20210708,1700,129.990,130.080,129.990,130.030,240
EURJPY,20210708,1800,130.040,130.040,129.970,130.000,240
EURJPY,20210708,1900,130.000,130.020,129.950,130.000,240
EURJPY,20210708,2000,129.990,130.060,129.990,130.040,240
EURJPY,20210708,2100,130.020,130.110,130.020,130.060,240
EURJPY,20210708,2200,130.060,130.170,130.060,130.090,240
EURJPY,20210708,2300,130.090,130.090,129.980,129.990,164
EURJPY,20210709,0000,129.980,130.100,129.950,130.080,240
EURJPY,20210709,0100,130.080,130.130,130.060,130.080,240
EURJPY,20210709,0200,130.080,130.150,130.040,130.120,240
EURJPY,20210709,0300,130.120,130.250,130.120,130.140,240
EURJPY,20210709,0400,130.170,130.230,130.140,130.220,240
EURJPY,20210709,0500,130.200,130.280,130.110,130.250,240
EURJPY,20210709,0600,130.230,130.330,130.220,130.240,240
EURJPY,20210709,0700,130.240,130.410,130.210,130.410,240
EURJPY,20210709,0800,130.410,130.440,130.310,130.390,240
EURJPY,20210709,0900,130.410,130.560,130.340,130.490,240
EURJPY,20210709,1000,130.470,130.540,130.400,130.520,240
EURJPY,20210709,1100,130.510,130.720,130.460,130.720,240
EURJPY,20210709,1200,130.690,130.810,130.640,130.660,240
EURJPY,20210709,1300,130.660,130.720,130.600,130.640,240
EURJPY,20210709,1400,130.660,130.780,130.660,130.760,240
EURJPY,20210709,1500,130.770,130.800,130.740,130.790,240
EURJPY,20210709,1600,130.780,130.830,130.760,130.830,240
EURJPY,20210709,1700,130.820,130.860,130.790,130.790,240
EURJPY,20210709,1800,130.800,130.820,130.750,130.770,240
EURJPY,20210709,1900,130.790,130.790,130.790,130.790,4
EURJPY,20210711,2100,130.850,130.850,130.760,130.850,240
EURJPY,20210711,2200,130.840,130.870,130.740,130.760,236
EURJPY,20210711,2300,130.750,130.770,130.670,130.690,168
EURJPY,20210712,0000,130.700,130.790,130.700,130.780,240
EURJPY,20210712,0100,130.780,130.800,130.700,130.720,240
EURJPY,20210712,0200,130.720,130.770,130.660,130.750,240
EURJPY,20210712,0300,130.750,130.770,130.710,130.740,240
EURJPY,20210712,0400,130.730,130.750,130.650,130.680,240
EURJPY,20210712,0500,130.680,130.840,130.640,130.710,240
EURJPY,20210712,0600,130.690,130.720,130.620,130.690,240
EURJPY,20210712,0700,130.670,130.690,130.460,130.490,240
EURJPY,20210712,0800,130.490,130.530,130.470,130.480,240
EURJPY,20210712,0900,130.490,130.600,130.450,130.450,240
EURJPY,20210712,1000,130.440,130.630,130.440,130.600,240
EURJPY,20210712,1100,130.610,130.940,130.580,130.900,240
EURJPY,20210712,1200,130.900,130.960,130.840,130.860,240
EURJPY,20210712,1300,130.850,130.890,130.800,130.840,240
EURJPY,20210712,1400,130.830,130.880,130.810,130.880,240
EURJPY,20210712,1500,130.860,130.860,130.790,130.810,240
EURJPY,20210712,1600,130.820,130.840,130.780,130.820,240
EURJPY,20210712,1700,130.810,130.850,130.810,130.820,240
EURJPY,20210712,1800,130.830,130.880,130.830,130.850,240
EURJPY,20210712,1900,130.870,130.930,130.870,130.870,240
EURJPY,20210712,2000,130.880,130.880,130.850,130.860,240
EURJPY,20210712,2100,130.850,130.890,130.840,130.880,240
EURJPY,20210712,2200,130.870,130.980,130.840,130.970,240
EURJPY,20210712,2300,130.970,130.970,130.900,130.930,164
EURJPY,20210713,0000,130.960,131.020,130.930,131.020,240
EURJPY,20210713,0100,131.030,131.060,130.980,131.000,240
EURJPY,20210713,0200,130.990,131.010,130.960,130.980,240
EURJPY,20210713,0300,130.990,130.990,130.850,130.850,240
EURJPY,20210713,0400,130.840,130.940,130.820,130.820,240
EURJPY,20210713,0500,130.830,130.940,130.720,130.780,240
EURJPY,20210713,0600,130.790,130.800,130.660,130.740,240
EURJPY,20210713,0700,130.740,130.740,130.490,130.520,240
EURJPY,20210713,0800,130.540,130.600,130.520,130.580,240
EURJPY,20210713,0900,130.570,130.570,130.460,130.480,240
EURJPY,20210713,1000,130.470,130.610,130.330,130.370,240
EURJPY,20210713,1100,130.380,130.510,130.300,130.510,240
EURJPY,20210713,1200,130.500,130.560,130.390,130.410,240
EURJPY,20210713,1300,130.410,130.410,130.300,130.360,240
EURJPY,20210713,1400,130.350,130.390,130.310,130.320,240
EURJPY,20210713,1500,130.320,130.400,130.300,130.380,240
EURJPY,20210713,1600,130.370,130.370,130.290,130.310,240
EURJPY,20210713,1700,130.290,130.300,130.200,130.210,240
EURJPY,20210713,1800,130.210,130.300,130.210,130.270,240
EURJPY,20210713,1900,130.270,130.310,130.240,130.280,240
EURJPY,20210713,2000,130.270,130.290,130.260,130.260,240
EURJPY,20210713,2100,130.260,130.260,130.200,130.210,240
EURJPY,20210713,2200,130.210,130.330,130.190,130.260,240
EURJPY,20210713,2300,130.260,130.260,130.110,130.150,168
EURJPY,20210714,0000,130.180,130.190,130.140,130.190,240
EURJPY,20210714,0100,130.210,130.210,130.170,130.190,240
EURJPY,20210714,0200,130.190,130.190,130.130,130.180,240
EURJPY,20210714,0300,130.190,130.270,130.180,130.260,240
EURJPY,20210714,0400,130.250,130.270,130.220,130.250,240
EURJPY,20210714,0500,130.240,130.340,130.190,130.210,240
EURJPY,20210714,0600,130.200,130.330,130.190,130.190,240
EURJPY,20210714,0700,130.200,130.280,130.100,130.270,240
EURJPY,20210714,0800,130.290,130.370,130.270,130.350,240
EURJPY,20210714,0900,130.350,130.410,130.350,130.350,240
EURJPY,20210714,1000,130.350,130.380,130.220,130.220,240
EURJPY,20210714,1100,130.240,130.240,130.070,130.130,240
EURJPY,20210714,1200,130.130,130.150,130.010,130.110,240
EURJPY,20210714,1300,130.100,130.140,130.080,130.110,240
EURJPY,20210714,1400,130.110,130.150,130.110,130.110,240
EURJPY,20210714,1500,130.120,130.130,130.080,130.080,240
EURJPY,20210714,1600,130.080,130.130,130.080,130.100,240
EURJPY,20210714,1700,130.110,130.190,130.110,130.140,240
EURJPY,20210714,1800,130.140,130.150,130.110,130.120,240
EURJPY,20210714,1900,130.120,130.170,130.120,130.140,240
EURJPY,20210714,2000,130.140,130.170,130.120,130.160,240
EURJPY,20210714,2100,130.160,130.180,130.130,130.130,240
EURJPY,20210714,2200,130.130,130.160,129.920,130.020,240
EURJPY,20210714,2300,130.030,130.030,129.910,130.000,164
EURJPY,20210715,0000,129.970,130.030,129.880,129.880,240
EURJPY,20210715,0100,129.890,129.980,129.890,129.970,240
EURJPY,20210715,0200,129.970,130.000,129.960,129.980,240
EURJPY,20210715,0300,129.990,130.070,129.980,130.070,240
EURJPY,20210715,0400,130.050,130.050,129.960,129.990,240
EURJPY,20210715,0500,130.000,130.000,129.830,129.880,240
EURJPY,20210715,0600,129.900,130.040,129.880,130.030,240
EURJPY,20210715,0700,130.030,130.030,129.970,130.020,240
EURJPY,20210715,0800,130.020,130.110,129.950,129.970,240
EURJPY,20210715,0900,129.950,129.980,129.870,129.890,240
EURJPY,20210715,1000,129.880,130.000,129.870,129.940,240
EURJPY,20210715,1100,129.940,129.940,129.790,129.860,240
EURJPY,20210715,1200,129.850,130.020,129.840,130.020,240
EURJPY,20210715,1300,130.020,130.020,129.910,129.910,240
EURJPY,20210715,1400,129.900,129.910,129.850,129.850,240
EURJPY,20210715,1500,129.860,129.860,129.670,129.680,240
EURJPY,20210715,1600,129.680,129.680,129.600,129.660,240
EURJPY,20210715,1700,129.650,129.670,129.640,129.660,240
EURJPY,20210715,1800,129.670,129.720,129.650,129.710,240
EURJPY,20210715,1900,129.730,129.780,129.700,129.710,240
EURJPY,20210715,2000,129.730,129.750,129.690,129.730,240
EURJPY,20210715,2100,129.720,129.720,129.630,129.640,240
EURJPY,20210715,2200,129.650,129.780,129.630,129.760,240
EURJPY,20210715,2300,129.770,129.840,129.730,129.840,164
EURJPY,20210716,0000,129.790,129.930,129.790,129.840,240
EURJPY,20210716,0100,129.850,129.910,129.830,129.850,240
EURJPY,20210716,0200,129.850,129.920,129.840,129.890,240
EURJPY,20210716,0300,129.890,129.900,129.850,129.850,240
EURJPY,20210716,0400,129.860,129.880,129.780,129.870,240
EURJPY,20210716,0500,129.870,130.070,129.810,129.990,240
EURJPY,20210716,0600,130.000,130.080,129.930,130.080,240
EURJPY,20210716,0700,130.080,130.160,130.020,130.100,240
EURJPY,20210716,0800,130.120,130.120,130.010,130.080,240
EURJPY,20210716,0900,130.070,130.090,129.910,129.950,240
EURJPY,20210716,1000,129.940,130.170,129.940,130.170,240
EURJPY,20210716,1100,130.170,130.250,129.990,130.040,240
EURJPY,20210716,1200,130.050,130.060,129.940,130.000,240
EURJPY,20210716,1300,130.000,130.080,129.980,130.040,240
EURJPY,20210716,1400,130.030,130.070,129.970,130.030,240
EURJPY,20210716,1500,130.030,130.050,129.990,130.000,240
EURJPY,20210716,1600,130.000,130.030,129.960,129.960,240
EURJPY,20210716,1700,129.970,129.970,129.900,129.900,240
EURJPY,20210716,1800,129.880,129.940,129.870,129.930,240
EURJPY,20210716,1900,129.920,129.920,129.920,129.920,4
EURJPY,20210718,2100,129.870,129.870,129.760,129.780,240
EURJPY,20210718,2200,129.780,129.820,129.640,129.640,240
EURJPY,20210718,2300,129.640,129.710,129.640,129.690,164
EURJPY,20210719,0000,129.710,129.740,129.690,129.730,240
EURJPY,20210719,0100,129.730,129.780,129.710,129.780,240
EURJPY,20210719,0200,129.790,129.790,129.720,129.750,240
EURJPY,20210719,0300,129.750,129.780,129.730,129.750,240
EURJPY,20210719,0400,129.750,129.800,129.720,129.800,240
EURJPY,20210719,0500,129.790,129.790,129.380,129.380,240
EURJPY,20210719,0600,129.380,129.420,129.090,129.110,240
EURJPY,20210719,0700,129.170,129.340,129.100,129.320,240
EURJPY,20210719,0800,129.310,129.360,129.160,129.290,240
EURJPY,20210719,0900,129.300,129.320,129.020,129.020,240
EURJPY,20210719,1000,129.050,129.050,128.890,128.990,240
EURJPY,20210719,1100,129.020,129.100,128.880,129.090,240
EURJPY,20210719,1200,129.060,129.240,128.970,129.100,240
EURJPY,20210719,1300,129.090,129.280,129.090,129.230,240
EURJPY,20210719,1400,129.210,129.210,129.010,129.030,240
EURJPY,20210719,1500,129.050,129.120,129.020,129.080,240
EURJPY,20210719,1600,129.070,129.160,129.060,129.090,240
EURJPY,20210719,1700,129.070,129.160,129.060,129.160,240
EURJPY,20210719,1800,129.140,129.170,129.120,129.130,240
EURJPY,20210719,1900,129.130,129.170,129.090,129.140,240
EURJPY,20210719,2000,129.130,129.140,129.080,129.110,240
EURJPY,20210719,2100,129.110,129.180,129.110,129.140,240
EURJPY,20210719,2200,129.140,129.190,129.110,129.150,240
EURJPY,20210719,2300,129.140,129.200,129.110,129.140,164
EURJPY,20210720,0000,129.160,129.270,129.150,129.210,240
EURJPY,20210720,0100,129.200,129.220,128.970,129.030,240
EURJPY,20210720,0200,129.040,129.060,128.940,129.010,240
EURJPY,20210720,0300,129.010,129.040,128.960,128.980,240
EURJPY,20210720,0400,129.000,129.040,128.950,129.000,240
EURJPY,20210720,0500,129.020,129.220,128.990,129.160,240
EURJPY,20210720,0600,129.170,129.390,129.150,129.200,240
EURJPY,20210720,0700,129.200,129.280,129.080,129.120,240
EURJPY,20210720,0800,129.110,129.110,128.860,128.910,240
EURJPY,20210720,0900,128.910,129.200,128.860,129.200,240
EURJPY,20210720,1000,129.160,129.160,128.770,128.900,240
EURJPY,20210720,1100,128.920,128.990,128.580,128.950,240
EURJPY,20210720,1200,128.940,129.270,128.910,129.270,240
EURJPY,20210720,1300,129.290,129.400,129.180,129.400,240
EURJPY,20210720,1400,129.400,129.430,129.340,129.410,240
EURJPY,20210720,1500,129.410,129.430,129.350,129.380,240
EURJPY,20210720,1600,129.370,129.440,129.370,129.390,240
EURJPY,20210720,1700,129.380,129.450,129.380,129.400,240
EURJPY,20210720,1800,129.390,129.420,129.380,129.400,240
EURJPY,20210720,1900,129.400,129.450,129.370,129.430,240
EURJPY,20210720,2000,129.420,129.440,129.400,129.440,240
EURJPY,20210720,2100,129.440,129.490,129.430,129.490,240
EURJPY,20210720,2200,129.480,129.520,129.410,129.510,240
EURJPY,20210720,2300,129.520,129.520,129.440,129.440,164
EURJPY,20210721,0000,129.420,129.420,129.300,129.350,240
EURJPY,20210721,0100,129.350,129.400,129.350,129.380,240
EURJPY,20210721,0200,129.380,129.380,129.350,129.350,240
EURJPY,20210721,0300,129.330,129.380,129.290,129.310,240
EURJPY,20210721,0400,129.300,129.320,129.130,129.280,240
EURJPY,20210721,0500,129.290,129.520,129.180,129.430,240
EURJPY,20210721,0600,129.450,129.690,129.390,129.660,240
EURJPY,20210721,0700,129.680,129.680,129.520,129.570,240
EURJPY,20210721,0800,129.570,129.650,129.550,129.640,240
EURJPY,20210721,0900,129.640,129.650,129.520,129.550,240
EURJPY,20210721,1000,129.550,129.670,129.550,129.610,240
EURJPY,20210721,1100,129.630,129.980,129.630,129.910,240
EURJPY,20210721,1200,129.910,130.110,129.890,130.030,240
EURJPY,20210721,1300,130.040,130.110,129.990,130.010,240
EURJPY,20210721,1400,130.020,130.090,129.980,130.080,240
EURJPY,20210721,1500,130.070,130.120,130.070,130.090,240
EURJPY,20210721,1600,130.080,130.120,130.050,130.100,240
EURJPY,20210721,1700,130.090,130.160,130.080,130.100,240
EURJPY,20210721,1800,130.090,130.110,130.050,130.070,240
EURJPY,20210721,1900,130.060,130.110,130.030,130.090,240
EURJPY,20210721,2000,130.080,130.090,130.030,130.040,240
EURJPY,20210721,2100,130.030,130.050,129.990,129.990,240
EURJPY,20210721,2200,129.990,130.000,129.880,129.880,240
EURJPY,20210721,2300,129.870,129.880,129.750,129.870,168
EURJPY,20210722,0000,129.890,129.920,129.860,129.860,240
EURJPY,20210722,0100,129.850,129.900,129.850,129.880,240
EURJPY,20210722,0200,129.880,129.940,129.880,129.920,240
EURJPY,20210722,0300,129.920,129.930,129.880,129.890,240
EURJPY,20210722,0400,129.900,129.960,129.850,129.870,240
EURJPY,20210722,0500,129.870,130.090,129.870,130.010,240
EURJPY,20210722,0600,129.980,130.060,129.940,130.020,240
EURJPY,20210722,0700,130.040,130.070,129.990,130.000,240
EURJPY,20210722,0800,130.010,130.100,129.950,130.080,240
EURJPY,20210722,0900,130.070,130.190,129.940,129.990,240
EURJPY,20210722,1000,130.030,130.030,129.720,129.820,240
EURJPY,20210722,1100,129.860,130.270,129.850,130.120,240
EURJPY,20210722,1200,130.150,130.150,129.840,129.860,240
EURJPY,20210722,1300,129.850,129.850,129.550,129.580,240
EURJPY,20210722,1400,129.550,129.560,129.470,129.520,240
EURJPY,20210722,1500,129.520,129.610,129.510,129.600,240
EURJPY,20210722,1600,129.610,129.710,129.610,129.660,240
EURJPY,20210722,1700,129.650,129.650,129.600,129.600,240
EURJPY,20210722,1800,129.610,129.680,129.610,129.660,240
EURJPY,20210722,1900,129.640,129.640,129.570,129.630,240
EURJPY,20210722,2000,129.630,129.700,129.630,129.660,240
EURJPY,20210722,2100,129.660,129.680,129.610,129.640,240
EURJPY,20210722,2200,129.650,129.720,129.630,129.710,240
EURJPY,20210722,2300,129.700,129.750,129.700,129.740,168
EURJPY,20210723,0000,129.710,129.790,129.710,129.780,240
EURJPY,20210723,0100,129.790,129.820,129.760,129.760,240
EURJPY,20210723,0200,129.760,129.760,129.740,129.740,240
EURJPY,20210723,0300,129.740,129.770,129.710,129.710,240
EURJPY,20210723,0400,129.710,129.820,129.710,129.810,240
EURJPY,20210723,0500,129.820,129.940,129.790,129.920,240
EURJPY,20210723,0600,129.910,130.160,129.910,130.080,240
EURJPY,20210723,0700,130.070,130.070,129.940,129.950,240
EURJPY,20210723,0800,129.960,129.970,129.890,129.950,240
EURJPY,20210723,0900,129.940,130.040,129.940,129.980,240
EURJPY,20210723,1000,129.980,130.140,129.980,130.130,240
EURJPY,20210723,1100,130.130,130.130,129.860,129.870,240
EURJPY,20210723,1200,129.890,130.050,129.850,130.040,240
EURJPY,20210723,1300,130.030,130.050,129.940,129.960,240
EURJPY,20210723,1400,129.950,130.070,129.950,130.070,240
EURJPY,20210723,1500,130.080,130.100,130.070,130.080,240
EURJPY,20210723,1600,130.080,130.110,130.040,130.100,240
EURJPY,20210723,1700,130.110,130.150,130.110,130.120,240
EURJPY,20210723,1800,130.120,130.140,130.090,130.110,240
EURJPY,20210723,1900,130.110,130.110,130.110,130.110,4
EURJPY,20210725,2100,130.140,130.140,130.090,130.140,240
EURJPY,20210725,2200,130.120,130.130,129.960,129.970,240
EURJPY,20210725,2300,129.940,129.940,129.880,129.920,164
EURJPY,20210726,0000,129.940,129.960,129.860,129.920,240
EURJPY,20210726,0100,129.900,129.950,129.860,129.930,240
EURJPY,20210726,0200,129.930,129.980,129.930,129.950,240
EURJPY,20210726,0300,129.930,129.980,129.930,129.950,240
EURJPY,20210726,0400,129.950,129.980,129.900,129.980,240
EURJPY,20210726,0500,129.970,129.970,129.770,129.800,240
EURJPY,20210726,0600,129.790,129.960,129.790,129.870,240
EURJPY,20210726,0700,129.860,129.880,129.670,129.870,240
EURJPY,20210726,0800,129.870,130.120,129.850,130.110,240
EURJPY,20210726,0900,130.100,130.140,130.030,130.050,240
EURJPY,20210726,1000,130.050,130.080,129.930,130.000,240
EURJPY,20210726,1100,130.010,130.110,130.000,130.040,240
EURJPY,20210726,1200,130.030,130.300,129.940,130.190,240
EURJPY,20210726,1300,130.200,130.300,130.100,130.240,240
EURJPY,20210726,1400,130.230,130.290,130.200,130.290,240
EURJPY,20210726,1500,130.290,130.330,130.290,130.290,240
EURJPY,20210726,1600,130.290,130.310,130.250,130.250,240
EURJPY,20210726,1700,130.230,130.290,130.230,130.290,240
EURJPY,20210726,1800,130.280,130.300,130.250,130.260,240
EURJPY,20210726,1900,130.260,130.300,130.260,130.270,240
EURJPY,20210726,2000,130.260,130.260,130.220,130.240,240
EURJPY,20210726,2100,130.240,130.260,130.210,130.210,240
EURJPY,20210726,2200,130.200,130.250,130.140,130.140,240
EURJPY,20210726,2300,130.140,130.200,130.110,130.200,164
EURJPY,20210727,0000,130.120,130.120,130.040,130.100,240
EURJPY,20210727,0100,130.100,130.100,130.010,130.070,240
EURJPY,20210727,0200,130.080,130.110,130.040,130.050,240
EURJPY,20210727,0300,130.050,130.070,130.010,130.020,240
EURJPY,20210727,0400,130.030,130.030,129.840,129.840,240
EURJPY,20210727,0500,129.840,129.840,129.530,129.670,240
EURJPY,20210727,0600,129.700,129.770,129.580,129.630,240
EURJPY,20210727,0700,129.620,129.770,129.590,129.750,240
EURJPY,20210727,0800,129.740,129.790,129.690,129.790,240
EURJPY,20210727,0900,129.790,129.940,129.780,129.920,240
EURJPY,20210727,1000,129.910,129.980,129.910,129.910,240
EURJPY,20210727,1100,129.930,129.940,129.710,129.810,240
EURJPY,20210727,1200,129.800,129.900,129.760,129.880,240
EURJPY,20210727,1300,129.830,129.920,129.660,129.680,240
EURJPY,20210727,1400,129.690,129.730,129.610,129.730,240
EURJPY,20210727,1500,129.740,129.790,129.710,129.730,240
EURJPY,20210727,1600,129.740,129.790,129.690,129.700,240
EURJPY,20210727,1700,129.700,129.730,129.670,129.700,240
EURJPY,20210727,1800,129.680,129.730,129.670,129.710,240
EURJPY,20210727,1900,129.710,129.720,129.680,129.710,240
EURJPY,20210727,2000,129.700,129.740,129.670,129.710,240
EURJPY,20210727,2100,129.720,129.790,129.710,129.780,240
EURJPY,20210727,2200,129.780,129.860,129.760,129.770,240
EURJPY,20210727,2300,129.780,129.880,129.780,129.840,164
EURJPY,20210728,0000,129.850,129.850,129.730,129.800,240
EURJPY,20210728,0100,129.810,129.860,129.750,129.770,240
EURJPY,20210728,0200,129.770,129.790,129.710,129.730,240
EURJPY,20210728,0300,129.730,129.790,129.690,129.790,240
EURJPY,20210728,0400,129.790,129.800,129.640,129.660,240
EURJPY,20210728,0500,129.660,129.800,129.610,129.800,240
EURJPY,20210728,0600,129.810,130.000,129.780,130.000,240
EURJPY,20210728,0700,130.000,130.030,129.860,129.910,240
EURJPY,20210728,0800,129.910,129.960,129.750,129.790,240
EURJPY,20210728,0900,129.790,130.000,129.780,129.980,240
EURJPY,20210728,1000,129.980,129.980,129.850,129.930,240
EURJPY,20210728,1100,129.940,129.990,129.810,129.870,240
EURJPY,20210728,1200,129.870,129.940,129.840,129.890,240
EURJPY,20210728,1300,129.890,130.040,129.880,129.960,240
EURJPY,20210728,1400,129.960,130.000,129.930,129.990,240
EURJPY,20210728,1500,129.990,130.030,129.990,130.030,240
EURJPY,20210728,1600,130.030,130.200,129.840,130.200,240
EURJPY,20210728,1700,130.170,130.190,130.110,130.120,240
EURJPY,20210728,1800,130.150,130.180,130.130,130.160,240
EURJPY,20210728,1900,130.160,130.200,130.140,130.200,240
EURJPY,20210728,2000,130.200,130.200,130.150,130.160,240
EURJPY,20210728,2100,130.170,130.170,130.130,130.150,240
EURJPY,20210728,2200,130.150,130.150,129.940,129.950,240
EURJPY,20210728,2300,129.960,129.980,129.890,129.960,168
EURJPY,20210729,0000,130.020,130.160,129.980,130.140,240
EURJPY,20210729,0100,130.150,130.170,130.090,130.120,240
EURJPY,20210729,0200,130.120,130.190,130.110,130.140,240
EURJPY,20210729,0300,130.140,130.140,130.040,130.080,240
EURJPY,20210729,0400,130.080,130.190,130.070,130.140,240
EURJPY,20210729,0500,130.150,130.370,130.150,130.360,240
EURJPY,20210729,0600,130.360,130.380,130.290,130.370,240
EURJPY,20210729,0700,130.390,130.420,130.370,130.420,240
EURJPY,20210729,0800,130.410,130.460,130.400,130.440,240
EURJPY,20210729,0900,130.450,130.450,130.350,130.390,240
EURJPY,20210729,1000,130.380,130.420,130.240,130.410,240
EURJPY,20210729,1100,130.420,130.520,130.370,130.370,240
EURJPY,20210729,1200,130.410,130.460,130.250,130.250,240
EURJPY,20210729,1300,130.250,130.280,130.110,130.170,240
EURJPY,20210729,1400,130.180,130.210,130.120,130.140,240
EURJPY,20210729,1500,130.150,130.170,130.120,130.140,240
EURJPY,20210729,1600,130.150,130.180,130.140,130.150,240
EURJPY,20210729,1700,130.150,130.150,130.080,130.100,240
EURJPY,20210729,1800,130.090,130.120,130.070,130.110,240
EURJPY,20210729,1900,130.120,130.150,130.100,130.100,240
EURJPY,20210729,2000,130.140,130.140,130.100,130.120,240
EURJPY,20210729,2100,130.120,130.140,130.070,130.070,240
EURJPY,20210729,2200,130.080,130.140,130.010,130.100,240
EURJPY,20210729,2300,130.150,130.200,130.080,130.080,164
EURJPY,20210730,0000,130.060,130.130,130.020,130.130,240
EURJPY,20210730,0100,130.110,130.150,130.060,130.070,240
EURJPY,20210730,0200,130.080,130.090,130.040,130.090,240
EURJPY,20210730,0300,130.080,130.110,130.050,130.110,240
EURJPY,20210730,0400,130.110,130.250,130.100,130.250,240
EURJPY,20210730,0500,130.250,130.320,130.210,130.260,240
EURJPY,20210730,0600,130.260,130.330,130.240,130.330,240
EURJPY,20210730,0700,130.360,130.420,130.310,130.310,240
EURJPY,20210730,0800,130.320,130.400,130.210,130.390,240
EURJPY,20210730,0900,130.420,130.480,130.290,130.300,240
EURJPY,20210730,1000,130.290,130.400,130.290,130.380,240
EURJPY,20210730,1100,130.380,130.400,130.280,130.280,240
EURJPY,20210730,1200,130.280,130.300,130.070,130.110,240
EURJPY,20210730,1300,130.150,130.180,130.110,130.150,240
EURJPY,20210730,1400,130.150,130.210,130.080,130.170,240
EURJPY,20210730,1500,130.170,130.240,130.160,130.220,240
EURJPY,20210730,1600,130.220,130.220,130.110,130.110,240
EURJPY,20210730,1700,130.110,130.140,130.110,130.120,240
EURJPY,20210730,1800,130.120,130.220,130.100,130.160,240
EURJPY,20210730,1900,130.160,130.160,130.160,130.160,4
EURJPY,20210801,2100,130.190,130.210,130.150,130.150,240
EURJPY,20210801,2200,130.160,130.160,130.070,130.090,240
EURJPY,20210801,2300,130.100,130.170,130.080,130.150,164
EURJPY,20210802,0000,130.150,130.190,130.080,130.190,240
EURJPY,20210802,0100,130.190,130.210,130.170,130.190,240
EURJPY,20210802,0200,130.180,130.230,130.180,130.210,240
EURJPY,20210802,0300,130.210,130.210,130.120,130.170,240
EURJPY,20210802,0400,130.180,130.290,130.110,130.290,240
EURJPY,20210802,0500,130.280,130.390,130.250,130.290,240
EURJPY,20210802,0600,130.290,130.350,130.280,130.290,240
EURJPY,20210802,0700,130.290,130.320,130.270,130.300,240
EURJPY,20210802,0800,130.310,130.310,130.190,130.200,240
EURJPY,20210802,0900,130.210,130.250,130.140,130.200,240
EURJPY,20210802,1000,130.190,130.190,130.020,130.030,240
EURJPY,20210802,1100,130.030,130.110,130.010,130.040,240
EURJPY,20210802,1200,130.050,130.050,129.760,129.800,240
EURJPY,20210802,1300,129.780,129.810,129.660,129.660,240
EURJPY,20210802,1400,129.660,129.660,129.590,129.640,240
EURJPY,20210802,1500,129.650,129.680,129.610,129.680,240
EURJPY,20210802,1600,129.670,129.720,129.660,129.690,240
EURJPY,20210802,1700,129.690,129.790,129.690,129.740,240
EURJPY,20210802,1800,129.740,129.790,129.720,129.760,240
EURJPY,20210802,1900,129.740,129.790,129.720,129.770,240
EURJPY,20210802,2000,129.760,129.810,129.760,129.790,240
EURJPY,20210802,2100,129.800,129.800,129.740,129.740,240
EURJPY,20210802,2200,129.730,129.770,129.690,129.740,240
EURJPY,20210802,2300,129.750,129.750,129.700,129.730,164
EURJPY,20210803,0000,129.710,129.710,129.630,129.630,240
EURJPY,20210803,0100,129.630,129.740,129.630,129.710,240
EURJPY,20210803,0200,129.710,129.710,129.620,129.680,240
EURJPY,20210803,0300,129.690,129.720,129.640,129.650,240
EURJPY,20210803,0400,129.630,129.660,129.530,129.580,240
EURJPY,20210803,0500,129.560,129.740,129.550,129.700,240
EURJPY,20210803,0600,129.710,129.750,129.640,129.650,240
EURJPY,20210803,0700,129.690,129.750,129.660,129.730,240
EURJPY,20210803,0800,129.750,129.810,129.690,129.750,240
EURJPY,20210803,0900,129.760,129.840,129.760,129.810,240
EURJPY,20210803,1000,129.810,129.810,129.580,129.590,240
EURJPY,20210803,1100,129.580,129.580,129.170,129.210,240
EURJPY,20210803,1200,129.240,129.310,129.170,129.170,240
EURJPY,20210803,1300,129.180,129.370,129.180,129.360,240
EURJPY,20210803,1400,129.360,129.440,129.360,129.410,240
EURJPY,20210803,1500,129.410,129.460,129.390,129.460,240
EURJPY,20210803,1600,129.450,129.480,129.430,129.430,240
EURJPY,20210803,1700,129.410,129.440,129.360,129.360,240
EURJPY,20210803,1800,129.380,129.380,129.330,129.340,240
EURJPY,20210803,1900,129.340,129.410,129.330,129.360,240
EURJPY,20210803,2000,129.360,129.380,129.340,129.380,240
EURJPY,20210803,2100,129.380,129.380,129.340,129.350,240
EURJPY,20210803,2200,129.350,129.350,129.220,129.310,240
EURJPY,20210803,2300,129.300,129.300,129.230,129.250,164
EURJPY,20210804,0000,129.400,129.490,129.370,129.430,240
EURJPY,20210804,0100,129.450,129.480,129.430,129.460,240
EURJPY,20210804,0200,129.460,129.470,129.420,129.460,240
EURJPY,20210804,0300,129.480,129.480,129.430,129.470,240
EURJPY,20210804,0400,129.450,129.550,129.440,129.540,240
EURJPY,20210804,0500,129.550,129.590,129.500,129.580,240
EURJPY,20210804,0600,129.570,129.570,129.320,129.390,240
EURJPY,20210804,0700,129.380,129.470,129.360,129.440,240
EURJPY,20210804,0800,129.440,129.460,129.360,129.360,240
EURJPY,20210804,0900,129.360,129.380,129.290,129.340,240
EURJPY,20210804,1000,129.340,129.350,129.150,129.280,240
EURJPY,20210804,1100,129.310,129.470,129.280,129.410,240
EURJPY,20210804,1200,129.410,129.790,129.410,129.760,240
EURJPY,20210804,1300,129.750,129.750,129.580,129.580,240
EURJPY,20210804,1400,129.570,129.670,129.570,129.600,240
EURJPY,20210804,1500,129.630,129.630,129.590,129.620,240
EURJPY,20210804,1600,129.620,129.620,129.570,129.590,240
EURJPY,20210804,1700,129.580,129.580,129.530,129.560,240
EURJPY,20210804,1800,129.570,129.580,129.540,129.580,240
EURJPY,20210804,1900,129.580,129.580,129.560,129.570,240
EURJPY,20210804,2000,129.570,129.640,129.560,129.600,240
EURJPY,20210804,2100,129.600,129.630,129.570,129.630,240
EURJPY,20210804,2200,129.630,129.740,129.630,129.730,240
EURJPY,20210804,2300,129.760,129.800,129.720,129.780,164
EURJPY,20210805,0000,129.790,129.810,129.750,129.780,240
EURJPY,20210805,0100,129.780,129.800,129.760,129.770,240
EURJPY,20210805,0200,129.770,129.830,129.760,129.780,240
EURJPY,20210805,0300,129.780,129.800,129.760,129.770,240
EURJPY,20210805,0400,129.780,129.820,129.730,129.770,240
EURJPY,20210805,0500,129.790,129.900,129.760,129.820,240
EURJPY,20210805,0600,129.810,129.810,129.680,129.720,240
EURJPY,20210805,0700,129.720,129.790,129.630,129.630,240
EURJPY,20210805,0800,129.640,129.720,129.620,129.640,240
EURJPY,20210805,0900,129.650,129.710,129.610,129.700,240
EURJPY,20210805,1000,129.710,129.790,129.660,129.710,240
EURJPY,20210805,1100,129.690,129.880,129.690,129.860,240
EURJPY,20210805,1200,129.840,129.980,129.840,129.850,240
EURJPY,20210805,1300,129.850,129.970,129.790,129.910,240
EURJPY,20210805,1400,129.910,129.910,129.860,129.890,240
EURJPY,20210805,1500,129.900,129.910,129.870,129.890,240
EURJPY,20210805,1600,129.890,129.920,129.870,129.910,240
EURJPY,20210805,1700,129.870,129.890,129.830,129.870,240
EURJPY,20210805,1800,129.890,129.890,129.860,129.870,240
EURJPY,20210805,1900,129.870,129.900,129.850,129.880,240
EURJPY,20210805,2000,129.880,129.890,129.860,129.880,240
EURJPY,20210805,2100,129.880,129.880,129.850,129.860,240
EURJPY,20210805,2200,129.860,129.940,129.850,129.890,240
EURJPY,20210805,2300,129.900,129.900,129.870,129.890,168
EURJPY,20210806,0000,129.920,129.930,129.850,129.850,240
EURJPY,20210806,0100,129.840,129.890,129.830,129.870,240
EURJPY,20210806,0200,129.870,129.870,129.820,129.840,240
EURJPY,20210806,0300,129.840,129.860,129.820,129.840,240
EURJPY,20210806,0400,129.840,129.890,129.790,129.810,240
EURJPY,20210806,0500,129.820,129.820,129.710,129.710,240
EURJPY,20210806,0600,129.720,129.720,129.580,129.650,240
EURJPY,20210806,0700,129.650,129.700,129.620,129.670,240
EURJPY,20210806,0800,129.660,129.710,129.630,129.630,240
EURJPY,20210806,0900,129.630,129.640,129.590,129.590,240
EURJPY,20210806,1000,129.610,129.800,129.580,129.760,240
EURJPY,20210806,1100,129.740,129.870,129.740,129.830,240
EURJPY,20210806,1200,129.810,129.830,129.630,129.710,240
EURJPY,20210806,1300,129.730,129.740,129.600,129.610,240
EURJPY,20210806,1400,129.610,129.650,129.600,129.610,240
EURJPY,20210806,1500,129.610,129.650,129.600,129.630,240
EURJPY,20210806,1600,129.640,129.660,129.570,129.570,240
EURJPY,20210806,1700,129.570,129.610,129.560,129.580,240
EURJPY,20210806,1800,129.590,129.650,129.570,129.620,240
EURJPY,20210806,1900,129.620,129.620,129.620,129.620,4
EURJPY,20210808,2100,129.580,129.590,129.490,129.510,240
EURJPY,20210808,2200,129.510,129.540,129.490,129.540,240
EURJPY,20210808,2300,129.540,129.590,129.520,129.560,168
EURJPY,20210809,0000,129.540,129.590,129.540,129.590,240
EURJPY,20210809,0100,129.590,129.600,129.580,129.580,240
EURJPY,20210809,0200,129.580,129.620,129.570,129.610,240
EURJPY,20210809,0300,129.630,129.630,129.560,129.560,240
EURJPY,20210809,0400,129.540,129.550,129.500,129.530,240
EURJPY,20210809,0500,129.540,129.610,129.520,129.560,240
EURJPY,20210809,0600,129.550,129.580,129.490,129.510,240
EURJPY,20210809,0700,129.500,129.530,129.430,129.530,240
EURJPY,20210809,0800,129.520,129.520,129.430,129.440,240
EURJPY,20210809,0900,129.450,129.490,129.430,129.470,240
EURJPY,20210809,1000,129.490,129.550,129.460,129.500,240
EURJPY,20210809,1100,129.520,129.530,129.410,129.500,240
EURJPY,20210809,1200,129.490,129.500,129.380,129.500,240
EURJPY,20210809,1300,129.510,129.550,129.480,129.520,240
EURJPY,20210809,1400,129.520,129.520,129.460,129.460,240
EURJPY,20210809,1500,129.460,129.490,129.440,129.480,240
EURJPY,20210809,1600,129.480,129.500,129.470,129.490,240
EURJPY,20210809,1700,129.460,129.480,129.440,129.460,240
EURJPY,20210809,1800,129.450,129.500,129.450,129.470,240
EURJPY,20210809,1900,129.460,129.480,129.420,129.470,240
EURJPY,20210809,2000,129.480,129.490,129.410,129.440,240
EURJPY,20210809,2100,129.440,129.460,129.430,129.450,240
EURJPY,20210809,2200,129.450,129.550,129.430,129.480,240
EURJPY,20210809,2300,129.490,129.500,129.470,129.470,164
EURJPY,20210810,0000,129.440,129.510,129.410,129.510,240
EURJPY,20210810,0100,129.510,129.510,129.480,129.490,240
EURJPY,20210810,0200,129.500,129.500,129.470,129.480,240
EURJPY,20210810,0300,129.490,129.550,129.470,129.530,240
EURJPY,20210810,0400,129.520,129.580,129.500,129.560,240
EURJPY,20210810,0500,129.560,129.600,129.510,129.550,240
EURJPY,20210810,0600,129.540,129.660,129.530,129.600,240
EURJPY,20210810,0700,129.600,129.600,129.510,129.540,240
EURJPY,20210810,0800,129.540,129.540,129.470,129.510,240
EURJPY,20210810,0900,129.510,129.540,129.470,129.490,240
EURJPY,20210810,1000,129.490,129.500,129.390,129.420,240
EURJPY,20210810,1100,129.430,129.540,129.430,129.520,240
EURJPY,20210810,1200,129.530,129.550,129.470,129.530,240
EURJPY,20210810,1300,129.540,129.570,129.520,129.550,240
EURJPY,20210810,1400,129.550,129.600,129.530,129.560,240
EURJPY,20210810,1500,129.560,129.560,129.540,129.540,240
EURJPY,20210810,1600,129.560,129.600,129.560,129.600,240
EURJPY,20210810,1700,129.600,129.600,129.550,129.560,240
EURJPY,20210810,1800,129.560,129.600,129.540,129.590,240
EURJPY,20210810,1900,129.570,129.570,129.530,129.570,240
EURJPY,20210810,2000,129.560,129.580,129.550,129.570,240
EURJPY,20210810,2100,129.570,129.590,129.550,129.590,240
EURJPY,20210810,2200,129.600,129.640,129.590,129.610,240
EURJPY,20210810,2300,129.610,129.680,129.600,129.670,164
EURJPY,20210811,0000,129.660,129.710,129.650,129.710,240
EURJPY,20210811,0100,129.710,129.720,129.640,129.640,240
EURJPY,20210811,0200,129.640,129.680,129.640,129.670,240
EURJPY,20210811,0300,129.670,129.680,129.640,129.650,240
EURJPY,20210811,0400,129.660,129.680,129.640,129.650,240
EURJPY,20210811,0500,129.640,129.710,129.640,129.700,240
EURJPY,20210811,0600,129.700,129.780,129.700,129.750,240
EURJPY,20210811,0700,129.750,129.770,129.700,129.710,240
EURJPY,20210811,0800,129.710,129.710,129.660,129.700,240
EURJPY,20210811,0900,129.700,129.710,129.660,129.670,240
EURJPY,20210811,1000,129.670,129.750,129.590,129.640,240
EURJPY,20210811,1100,129.650,129.720,129.620,129.660,240
EURJPY,20210811,1200,129.670,129.670,129.580,129.650,240
EURJPY,20210811,1300,129.660,129.680,129.610,129.640,240
EURJPY,20210811,1400,129.620,129.710,129.620,129.690,240
EURJPY,20210811,1500,129.700,129.710,129.620,129.670,240
EURJPY,20210811,1600,129.670,129.670,129.630,129.640,240
EURJPY,20210811,1700,129.640,129.660,129.590,129.630,240
EURJPY,20210811,1800,129.630,129.650,129.610,129.630,240
EURJPY,20210811,1900,129.630,129.640,129.580,129.630,240
EURJPY,20210811,2000,129.630,129.660,129.620,129.640,240
EURJPY,20210811,2100,129.640,129.640,129.570,129.580,240
EURJPY,20210811,2200,129.580,129.600,129.530,129.540,240
EURJPY,20210811,2300,129.540,129.540,129.490,129.540,164
EURJPY,20210812,0000,129.530,129.600,129.520,129.580,240
EURJPY,20210812,0100,129.590,129.610,129.550,129.580,240
EURJPY,20210812,0200,129.580,129.630,129.580,129.600,240
EURJPY,20210812,0300,129.600,129.640,129.600,129.620,240
EURJPY,20210812,0400,129.600,129.640,129.550,129.590,240
EURJPY,20210812,0500,129.590,129.600,129.550,129.590,240
EURJPY,20210812,0600,129.590,129.630,129.560,129.620,240
EURJPY,20210812,0700,129.610,129.680,129.600,129.640,240
EURJPY,20210812,0800,129.630,129.650,129.570,129.590,240
EURJPY,20210812,0900,129.590,129.630,129.560,129.610,240
EURJPY,20210812,1000,129.620,129.680,129.580,129.680,240
EURJPY,20210812,1100,129.670,129.670,129.520,129.550,240
EURJPY,20210812,1200,129.560,129.590,129.430,129.430,240
EURJPY,20210812,1300,129.420,129.490,129.380,129.490,240
EURJPY,20210812,1400,129.500,129.590,129.490,129.580,240
EURJPY,20210812,1500,129.580,129.620,129.540,129.560,240
EURJPY,20210812,1600,129.560,129.580,129.530,129.570,240
EURJPY,20210812,1700,129.550,129.580,129.540,129.540,240
EURJPY,20210812,1800,129.540,129.590,129.530,129.530,240
EURJPY,20210812,1900,129.510,129.560,129.490,129.530,240
EURJPY,20210812,2000,129.530,129.560,129.520,129.550,240
EURJPY,20210812,2100,129.550,129.550,129.520,129.550,240
EURJPY,20210812,2200,129.550,129.590,129.530,129.570,240
EURJPY,20210812,2300,129.580,129.600,129.540,129.600,164
EURJPY,20210813,0000,129.610,129.610,129.570,129.600,240
EURJPY,20210813,0100,129.590,129.610,129.560,129.600,240
EURJPY,20210813,0200,129.600,129.620,129.580,129.580,240
EURJPY,20210813,0300,129.580,129.600,129.560,129.570,240
EURJPY,20210813,0400,129.550,129.560,129.490,129.490,240
EURJPY,20210813,0500,129.490,129.490,129.350,129.440,240
EURJPY,20210813,0600,129.410,129.470,129.390,129.470,240
EURJPY,20210813,0700,129.470,129.560,129.460,129.560,240
EURJPY,20210813,0800,129.560,129.560,129.510,129.540,240
EURJPY,20210813,0900,129.540,129.650,129.520,129.600,240
EURJPY,20210813,1000,129.620,129.670,129.600,129.630,240
EURJPY,20210813,1100,129.640,129.650,129.540,129.550,240
EURJPY,20210813,1200,129.530,129.580,129.420,129.550,240
EURJPY,20210813,1300,129.540,129.540,129.450,129.460,240
EURJPY,20210813,1400,129.450,129.470,129.380,129.390,240
EURJPY,20210813,1500,129.390,129.390,129.300,129.330,240
EURJPY,20210813,1600,129.330,129.330,129.240,129.250,240
EURJPY,20210813,1700,129.250,129.260,129.220,129.240,240
EURJPY,20210813,1800,129.240,129.270,129.220,129.270,240
EURJPY,20210813,1900,129.270,129.270,129.270,129.270,4
EURJPY,20210815,2100,129.310,129.310,129.260,129.270,240
EURJPY,20210815,2200,129.280,129.280,129.070,129.150,240
EURJPY,20210815,2300,129.140,129.180,129.080,129.080,164
EURJPY,20210816,0000,129.090,129.090,128.980,129.010,240
EURJPY,20210816,0100,129.000,129.000,128.930,128.960,240
EURJPY,20210816,0200,128.960,129.050,128.950,129.050,240
EURJPY,20210816,0300,129.050,129.060,128.950,128.950,240
EURJPY,20210816,0400,128.950,128.980,128.840,128.860,240
EURJPY,20210816,0500,128.860,128.940,128.830,128.870,240
EURJPY,20210816,0600,128.880,128.930,128.840,128.850,240
EURJPY,20210816,0700,128.830,128.870,128.810,128.810,240
EURJPY,20210816,0800,128.800,128.810,128.730,128.770,240
EURJPY,20210816,0900,128.770,128.800,128.730,128.730,240
EURJPY,20210816,1000,128.710,128.790,128.670,128.730,240
EURJPY,20210816,1100,128.720,128.730,128.490,128.530,240
EURJPY,20210816,1200,128.530,128.690,128.530,128.630,240
EURJPY,20210816,1300,128.630,128.680,128.590,128.660,240
EURJPY,20210816,1400,128.640,128.670,128.610,128.620,240
EURJPY,20210816,1500,128.610,128.630,128.590,128.600,240
EURJPY,20210816,1600,128.610,128.660,128.580,128.630,240
EURJPY,20210816,1700,128.610,128.650,128.610,128.630,240
EURJPY,20210816,1800,128.640,128.660,128.620,128.650,240
EURJPY,20210816,1900,128.650,128.690,128.650,128.680,240
EURJPY,20210816,2000,128.690,128.690,128.640,128.660,240
EURJPY,20210816,2100,128.670,128.740,128.660,128.720,240
EURJPY,20210816,2200,128.720,128.720,128.570,128.580,240
EURJPY,20210816,2300,128.590,128.620,128.540,128.600,164
EURJPY,20210817,0000,128.590,128.670,128.560,128.630,240
EURJPY,20210817,0100,128.620,128.640,128.590,128.620,240
EURJPY,20210817,0200,128.620,128.670,128.620,128.660,240
EURJPY,20210817,0300,128.660,128.670,128.620,128.660,240
EURJPY,20210817,0400,128.660,128.660,128.480,128.500,240
EURJPY,20210817,0500,128.510,128.700,128.370,128.700,240
EURJPY,20210817,0600,128.690,128.840,128.690,128.710,240
EURJPY,20210817,0700,128.710,128.730,128.620,128.660,240
EURJPY,20210817,0800,128.650,128.670,128.560,128.560,240
EURJPY,20210817,0900,128.570,128.580,128.500,128.540,240
EURJPY,20210817,1000,128.540,128.670,128.480,128.610,240
EURJPY,20210817,1100,128.620,128.620,128.390,128.420,240
EURJPY,20210817,1200,128.430,128.470,128.380,128.390,240
EURJPY,20210817,1300,128.400,128.430,128.360,128.370,240
EURJPY,20210817,1400,128.360,128.370,128.260,128.260,240
EURJPY,20210817,1500,128.240,128.320,128.240,128.320,240
EURJPY,20210817,1600,128.330,128.340,128.270,128.300,240
EURJPY,20210817,1700,128.290,128.320,128.290,128.320,240
EURJPY,20210817,1800,128.320,128.330,128.290,128.290,240
EURJPY,20210817,1900,128.300,128.330,128.270,128.330,240
EURJPY,20210817,2000,128.310,128.310,128.240,128.270,240
EURJPY,20210817,2100,128.270,128.320,128.260,128.260,240
EURJPY,20210817,2200,128.250,128.310,128.240,128.250,240
EURJPY,20210817,2300,128.240,128.310,128.220,128.270,164
EURJPY,20210818,0000,128.280,128.390,128.240,128.380,240
EURJPY,20210818,0100,128.380,128.470,128.370,128.450,240
EURJPY,20210818,0200,128.440,128.480,128.430,128.440,240
EURJPY,20210818,0300,128.430,128.460,128.390,128.390,240
EURJPY,20210818,0400,128.390,128.450,128.370,128.420,240
EURJPY,20210818,0500,128.400,128.500,128.380,128.460,240
EURJPY,20210818,0600,128.490,128.540,128.400,128.470,240
EURJPY,20210818,0700,128.470,128.510,128.420,128.460,240
EURJPY,20210818,0800,128.460,128.530,128.410,128.530,240
EURJPY,20210818,0900,128.520,128.650,128.510,128.640,240
EURJPY,20210818,1000,128.630,128.740,128.610,128.720,240
EURJPY,20210818,1100,128.720,128.720,128.580,128.630,240
EURJPY,20210818,1200,128.640,128.680,128.600,128.670,240
EURJPY,20210818,1300,128.680,128.680,128.560,128.600,240
EURJPY,20210818,1400,128.600,128.680,128.600,128.650,240
EURJPY,20210818,1500,128.660,128.730,128.650,128.720,240
EURJPY,20210818,1600,128.720,128.880,128.680,128.700,240
EURJPY,20210818,1700,128.680,128.680,128.540,128.540,240
EURJPY,20210818,1800,128.550,128.580,128.500,128.500,240
EURJPY,20210818,1900,128.510,128.620,128.510,128.550,240
EURJPY,20210818,2000,128.550,128.610,128.550,128.590,240
EURJPY,20210818,2100,128.590,128.600,128.540,128.540,240
EURJPY,20210818,2200,128.540,128.580,128.460,128.520,240
EURJPY,20210818,2300,128.520,128.620,128.510,128.620,164
EURJPY,20210819,0000,128.640,128.670,128.610,128.630,240
EURJPY,20210819,0100,128.610,128.620,128.550,128.620,240
EURJPY,20210819,0200,128.610,128.630,128.590,128.620,240
EURJPY,20210819,0300,128.630,128.670,128.520,128.540,240
EURJPY,20210819,0400,128.540,128.540,128.350,128.370,240
EURJPY,20210819,0500,128.360,128.360,128.210,128.210,240
EURJPY,20210819,0600,128.250,128.250,128.040,128.060,240
EURJPY,20210819,0700,128.080,128.260,127.930,128.240,240
EURJPY,20210819,0800,128.240,128.310,128.190,128.190,240
EURJPY,20210819,0900,128.200,128.290,128.180,128.190,240
EURJPY,20210819,1000,128.170,128.360,128.120,128.330,240
EURJPY,20210819,1100,128.300,128.430,128.290,128.390,240
EURJPY,20210819,1200,128.370,128.390,128.150,128.160,240
EURJPY,20210819,1300,128.160,128.340,128.130,128.320,240
EURJPY,20210819,1400,128.320,128.330,128.270,128.280,240
EURJPY,20210819,1500,128.290,128.290,128.200,128.200,240
EURJPY,20210819,1600,128.290,128.290,128.200,128.200,240
EURJPY,20210819,1700,128.190,128.200,128.130,128.170,240
EURJPY,20210819,1800,128.170,128.220,128.150,128.160,240
EURJPY,20210819,1900,128.160,128.180,128.140,128.150,240
EURJPY,20210819,2000,128.140,128.170,128.140,128.160,240
EURJPY,20210819,2100,128.160,128.180,128.130,128.150,240
EURJPY,20210819,2200,128.150,128.350,128.150,128.300,240
EURJPY,20210819,2300,128.310,128.310,128.130,128.130,168
EURJPY,20210820,0000,128.110,128.160,128.090,128.120,240
EURJPY,20210820,0100,128.120,128.250,128.110,128.220,236
EURJPY,20210820,0200,128.230,128.250,128.170,128.230,240
EURJPY,20210820,0300,128.230,128.230,128.080,128.180,240
EURJPY,20210820,0400,128.180,128.210,128.010,128.120,240
EURJPY,20210820,0500,128.110,128.160,127.990,128.030,240
EURJPY,20210820,0600,128.010,128.080,127.980,128.060,240
EURJPY,20210820,0700,128.040,128.040,127.960,127.970,240
EURJPY,20210820,0800,127.990,128.060,127.940,128.010,240
EURJPY,20210820,0900,128.030,128.070,127.960,127.980,240
EURJPY,20210820,1000,127.980,128.070,127.950,128.050,240
EURJPY,20210820,1100,128.060,128.310,128.060,128.230,240
EURJPY,20210820,1200,128.260,128.290,128.180,128.240,240
EURJPY,20210820,1300,128.210,128.280,128.200,128.260,240
EURJPY,20210820,1400,128.300,128.500,128.300,128.500,240
EURJPY,20210820,1500,128.500,128.500,128.400,128.400,240
EURJPY,20210820,1600,128.410,128.440,128.410,128.420,240
EURJPY,20210820,1700,128.420,128.460,128.410,128.460,240
EURJPY,20210820,1800,128.450,128.490,128.420,128.420,240
EURJPY,20210820,1900,128.420,128.420,128.420,128.420,4
EURJPY,20210822,2100,128.420,128.480,128.420,128.450,240
EURJPY,20210822,2200,128.450,128.600,128.450,128.520,240
EURJPY,20210822,2300,128.520,128.600,128.510,128.570,164
EURJPY,20210823,0000,128.660,128.680,128.620,128.660,240
EURJPY,20210823,0100,128.660,128.780,128.630,128.750,240
EURJPY,20210823,0200,128.750,128.760,128.710,128.730,240
EURJPY,20210823,0300,128.720,128.810,128.710,128.800,240
EURJPY,20210823,0400,128.800,128.840,128.700,128.730,240
EURJPY,20210823,0500,128.760,128.830,128.700,128.810,240
EURJPY,20210823,0600,128.810,128.960,128.810,128.930,240
EURJPY,20210823,0700,128.940,129.070,128.940,129.030,240
EURJPY,20210823,0800,129.000,129.050,128.910,129.050,240
EURJPY,20210823,0900,129.060,129.080,128.990,129.050,240
EURJPY,20210823,1000,129.040,129.120,129.000,129.080,240
EURJPY,20210823,1100,129.080,129.080,128.800,128.850,240
EURJPY,20210823,1200,128.830,128.870,128.780,128.810,240
EURJPY,20210823,1300,128.820,128.870,128.770,128.770,240
EURJPY,20210823,1400,128.770,128.870,128.770,128.840,240
EURJPY,20210823,1500,128.850,128.860,128.810,128.840,240
EURJPY,20210823,1600,128.850,128.860,128.830,128.860,240
EURJPY,20210823,1700,128.850,128.860,128.770,128.800,240
EURJPY,20210823,1800,128.800,128.840,128.780,128.830,240
EURJPY,20210823,1900,128.820,128.840,128.790,128.810,240
EURJPY,20210823,2000,128.810,128.840,128.800,128.840,240
EURJPY,20210823,2100,128.840,128.840,128.780,128.780,240
EURJPY,20210823,2200,128.780,128.850,128.780,128.820,240
EURJPY,20210823,2300,128.820,128.840,128.770,128.800,168
EURJPY,20210824,0000,128.770,128.830,128.740,128.820,240
EURJPY,20210824,0100,128.830,128.830,128.790,128.810,240
EURJPY,20210824,0200,128.820,128.880,128.810,128.880,240
EURJPY,20210824,0300,128.870,128.980,128.860,128.940,240
EURJPY,20210824,0400,128.930,129.010,128.910,128.970,240
EURJPY,20210824,0500,128.970,128.990,128.790,128.820,240
EURJPY,20210824,0600,128.830,128.850,128.700,128.740,240
EURJPY,20210824,0700,128.750,128.770,128.650,128.670,240
EURJPY,20210824,0800,128.660,128.810,128.660,128.740,240
EURJPY,20210824,0900,128.750,128.770,128.720,128.740,240
EURJPY,20210824,1000,128.730,128.770,128.640,128.690,240
EURJPY,20210824,1100,128.690,128.770,128.580,128.750,240
EURJPY,20210824,1200,128.770,128.970,128.700,128.970,240
EURJPY,20210824,1300,128.990,128.990,128.800,128.820,240
EURJPY,20210824,1400,128.830,128.860,128.810,128.850,240
EURJPY,20210824,1500,128.860,128.860,128.790,128.800,240
EURJPY,20210824,1600,128.810,128.900,128.800,128.900,240
EURJPY,20210824,1700,128.920,128.920,128.870,128.890,240
EURJPY,20210824,1800,128.890,128.960,128.890,128.940,240
EURJPY,20210824,1900,128.910,128.930,128.880,128.890,240
EURJPY,20210824,2000,128.900,128.960,128.900,128.950,240
EURJPY,20210824,2100,128.950,128.950,128.920,128.940,240
EURJPY,20210824,2200,128.940,129.010,128.910,128.930,240
EURJPY,20210824,2300,128.930,128.930,128.860,128.870,164
EURJPY,20210825,0000,128.890,128.900,128.840,128.860,240
EURJPY,20210825,0100,128.850,128.860,128.820,128.840,240
EURJPY,20210825,0200,128.830,128.860,128.820,128.830,240
EURJPY,20210825,0300,128.820,128.860,128.810,128.810,240
EURJPY,20210825,0400,128.810,128.840,128.750,128.780,240
EURJPY,20210825,0500,128.790,128.910,128.780,128.790,240
EURJPY,20210825,0600,128.800,129.080,128.770,128.950,240
EURJPY,20210825,0700,128.960,129.030,128.930,128.990,240
EURJPY,20210825,0800,128.990,129.010,128.940,128.980,240
EURJPY,20210825,0900,129.000,129.010,128.940,129.000,240
EURJPY,20210825,1000,129.000,129.030,128.940,129.030,240
EURJPY,20210825,1100,129.030,129.180,129.010,129.180,240
EURJPY,20210825,1200,129.170,129.380,129.170,129.360,240
EURJPY,20210825,1300,129.340,129.370,129.260,129.350,240
EURJPY,20210825,1400,129.350,129.410,129.350,129.410,240
EURJPY,20210825,1500,129.410,129.460,129.400,129.410,240
EURJPY,20210825,1600,129.410,129.500,129.410,129.460,240
EURJPY,20210825,1700,129.440,129.500,129.400,129.490,240
EURJPY,20210825,1800,129.460,129.490,129.450,129.460,240
EURJPY,20210825,1900,129.470,129.500,129.440,129.500,240
EURJPY,20210825,2000,129.490,129.520,129.460,129.460,240
EURJPY,20210825,2100,129.460,129.480,129.440,129.440,240
EURJPY,20210825,2200,129.440,129.510,129.440,129.460,240
EURJPY,20210825,2300,129.470,129.510,129.420,129.420,164
EURJPY,20210826,0000,129.430,129.430,129.350,129.370,240
EURJPY,20210826,0100,129.380,129.390,129.280,129.290,240
EURJPY,20210826,0200,129.300,129.370,129.300,129.370,240
EURJPY,20210826,0300,129.370,129.420,129.350,129.400,240
EURJPY,20210826,0400,129.400,129.480,129.340,129.480,240
EURJPY,20210826,0500,129.480,129.730,129.480,129.640,240
EURJPY,20210826,0600,129.640,129.640,129.540,129.540,240
EURJPY,20210826,0700,129.540,129.610,129.490,129.610,240
EURJPY,20210826,0800,129.620,129.670,129.590,129.600,240
EURJPY,20210826,0900,129.610,129.610,129.550,129.570,240
EURJPY,20210826,1000,129.580,129.610,129.440,129.440,240
EURJPY,20210826,1100,129.450,129.500,129.410,129.470,240
EURJPY,20210826,1200,129.470,129.600,129.320,129.320,240
EURJPY,20210826,1300,129.320,129.460,129.230,129.440,240
EURJPY,20210826,1400,129.460,129.510,129.430,129.430,240
EURJPY,20210826,1500,129.420,129.420,129.300,129.340,240
EURJPY,20210826,1600,129.350,129.360,129.290,129.300,240
EURJPY,20210826,1700,129.280,129.310,129.270,129.310,240
EURJPY,20210826,1800,129.310,129.350,129.300,129.350,236
EURJPY,20210826,1900,129.350,129.400,129.290,129.370,236
EURJPY,20210826,2000,129.360,129.380,129.350,129.350,240
EURJPY,20210826,2100,129.350,129.370,129.340,129.340,240
EURJPY,20210826,2200,129.340,129.340,129.150,129.230,240
EURJPY,20210826,2300,129.250,129.280,129.210,129.210,164
EURJPY,20210827,0000,129.230,129.280,129.230,129.270,240
EURJPY,20210827,0100,129.270,129.320,129.250,129.310,240
EURJPY,20210827,0200,129.300,129.360,129.250,129.280,240
EURJPY,20210827,0300,129.290,129.350,129.290,129.340,240
EURJPY,20210827,0400,129.350,129.470,129.340,129.450,240
EURJPY,20210827,0500,129.460,129.490,129.390,129.490,240
EURJPY,20210827,0600,129.490,129.490,129.370,129.370,240
EURJPY,20210827,0700,129.380,129.430,129.340,129.430,240
EURJPY,20210827,0800,129.440,129.550,129.420,129.500,240
EURJPY,20210827,0900,129.500,129.580,129.500,129.550,240
EURJPY,20210827,1000,129.550,129.600,129.370,129.400,240
EURJPY,20210827,1100,129.390,129.600,129.360,129.590,240
EURJPY,20210827,1200,129.590,129.730,129.560,129.610,240
EURJPY,20210827,1300,129.610,129.630,129.520,129.530,240
EURJPY,20210827,1400,129.520,129.580,129.490,129.560,240
EURJPY,20210827,1500,129.550,129.550,129.510,129.530,240
EURJPY,20210827,1600,129.540,129.550,129.520,129.540,240
EURJPY,20210827,1700,129.520,129.530,129.490,129.520,240
EURJPY,20210827,1800,129.530,129.560,129.500,129.550,240
EURJPY,20210827,1900,129.550,129.550,129.550,129.550,4
EURJPY,20210829,2100,129.590,129.610,129.560,129.600,240
EURJPY,20210829,2200,129.600,129.600,129.490,129.510,240
EURJPY,20210829,2300,129.510,129.570,129.480,129.510,164
EURJPY,20210830,0000,129.560,129.620,129.530,129.600,240
EURJPY,20210830,0100,129.600,129.600,129.550,129.560,240
EURJPY,20210830,0200,129.550,129.580,129.510,129.530,240
EURJPY,20210830,0300,129.530,129.540,129.490,129.490,240
EURJPY,20210830,0400,129.480,129.520,129.470,129.510,240
EURJPY,20210830,0500,129.530,129.580,129.500,129.580,240
EURJPY,20210830,0600,129.580,129.630,129.530,129.590,240
EURJPY,20210830,0700,129.580,129.620,129.530,129.580,240
EURJPY,20210830,0800,129.580,129.600,129.540,129.540,240
EURJPY,20210830,0900,129.540,129.640,129.520,129.610,240
EURJPY,20210830,1000,129.610,129.650,129.540,129.540,240
EURJPY,20210830,1100,129.560,129.640,129.540,129.610,240
EURJPY,20210830,1200,129.590,129.660,129.550,129.660,240
EURJPY,20210830,1300,129.650,129.660,129.580,129.610,240
EURJPY,20210830,1400,129.610,129.630,129.600,129.620,240
EURJPY,20210830,1500,129.620,129.640,129.620,129.630,240
EURJPY,20210830,1600,129.630,129.680,129.630,129.680,240
EURJPY,20210830,1700,129.690,129.690,129.630,129.640,240
EURJPY,20210830,1800,129.640,129.690,129.640,129.660,240
EURJPY,20210830,1900,129.640,129.670,129.620,129.650,240
EURJPY,20210830,2000,129.650,129.730,129.650,129.720,240
EURJPY,20210830,2100,129.720,129.730,129.680,129.690,240
EURJPY,20210830,2200,129.680,129.720,129.630,129.630,240
EURJPY,20210830,2300,129.660,129.680,129.620,129.680,164
EURJPY,20210831,0000,129.660,129.680,129.650,129.660,240
EURJPY,20210831,0100,129.690,129.860,129.690,129.850,240
EURJPY,20210831,0200,129.840,129.910,129.830,129.860,240
EURJPY,20210831,0300,129.850,129.870,129.810,129.850,240
EURJPY,20210831,0400,129.870,129.940,129.850,129.900,240
EURJPY,20210831,0500,129.910,129.920,129.800,129.870,240
EURJPY,20210831,0600,129.880,129.960,129.870,129.900,240
EURJPY,20210831,0700,129.890,130.020,129.890,129.920,240
EURJPY,20210831,0800,129.930,130.080,129.930,130.060,240
EURJPY,20210831,0900,130.070,130.150,130.030,130.040,240
EURJPY,20210831,1000,130.040,130.040,129.750,129.860,240
EURJPY,20210831,1100,129.850,129.860,129.650,129.670,240
EURJPY,20210831,1200,129.660,129.760,129.590,129.630,240
EURJPY,20210831,1300,129.660,129.850,129.660,129.820,240
EURJPY,20210831,1400,129.850,129.890,129.820,129.820,240
EURJPY,20210831,1500,129.820,129.860,129.800,129.860,240
EURJPY,20210831,1600,129.870,129.880,129.820,129.880,240
EURJPY,20210831,1700,129.910,129.910,129.840,129.880,240
EURJPY,20210831,1800,129.870,129.910,129.870,129.870,240
EURJPY,20210831,1900,129.870,129.910,129.870,129.890,240
EURJPY,20210831,2000,129.880,129.900,129.870,129.880,240
EURJPY,20210831,2100,129.880,129.960,129.870,129.960,240
EURJPY,20210831,2200,129.960,130.040,129.940,130.040,240
EURJPY,20210831,2300,130.030,130.080,130.010,130.040,168
EURJPY,20210901,0000,130.060,130.080,130.040,130.060,236
EURJPY,20210901,0100,130.060,130.070,130.030,130.050,240
EURJPY,20210901,0200,130.040,130.050,130.010,130.040,240
EURJPY,20210901,0300,130.050,130.050,130.010,130.040,240
EURJPY,20210901,0400,130.030,130.130,129.970,130.130,240
EURJPY,20210901,0500,130.140,130.320,130.120,130.310,240
EURJPY,20210901,0600,130.320,130.390,130.250,130.370,240
EURJPY,20210901,0700,130.380,130.380,130.260,130.330,240
EURJPY,20210901,0800,130.320,130.420,130.310,130.330,240
EURJPY,20210901,0900,130.340,130.410,130.330,130.380,240
EURJPY,20210901,1000,130.380,130.410,130.230,130.240,240
EURJPY,20210901,1100,130.230,130.240,130.120,130.180,240
EURJPY,20210901,1200,130.180,130.430,130.180,130.370,240
EURJPY,20210901,1300,130.390,130.420,130.350,130.370,240
EURJPY,20210901,1400,130.370,130.410,130.340,130.350,240
EURJPY,20210901,1500,130.360,130.380,130.280,130.280,240
EURJPY,20210901,1600,130.270,130.280,130.220,130.220,240
EURJPY,20210901,1700,130.210,130.260,130.210,130.220,240
EURJPY,20210901,1800,130.220,130.300,130.210,130.250,240
EURJPY,20210901,1900,130.250,130.270,130.230,130.250,240
EURJPY,20210901,2000,130.240,130.280,130.240,130.280,240
EURJPY,20210901,2100,130.280,130.340,130.270,130.340,240
EURJPY,20210901,2200,130.340,130.370,130.160,130.250,240
EURJPY,20210901,2300,130.250,130.250,130.190,130.200,168
EURJPY,20210902,0000,130.160,130.190,130.150,130.160,240
EURJPY,20210902,0100,130.170,130.210,130.160,130.200,240
EURJPY,20210902,0200,130.210,130.210,130.180,130.200,240
EURJPY,20210902,0300,130.200,130.240,130.180,130.240,240
EURJPY,20210902,0400,130.230,130.350,130.180,130.350,240
EURJPY,20210902,0500,130.360,130.400,130.270,130.300,240
EURJPY,20210902,0600,130.310,130.330,130.260,130.310,240
EURJPY,20210902,0700,130.290,130.310,130.240,130.310,240
EURJPY,20210902,0800,130.310,130.380,130.310,130.360,240
EURJPY,20210902,0900,130.360,130.360,130.280,130.310,240
EURJPY,20210902,1000,130.290,130.360,130.240,130.360,240
EURJPY,20210902,1100,130.330,130.430,130.330,130.420,240
EURJPY,20210902,1200,130.430,130.540,130.410,130.490,240
EURJPY,20210902,1300,130.490,130.520,130.430,130.440,240
EURJPY,20210902,1400,130.430,130.520,130.430,130.520,240
EURJPY,20210902,1500,130.510,130.560,130.500,130.560,240
EURJPY,20210902,1600,130.570,130.570,130.510,130.550,240
EURJPY,20210902,1700,130.560,130.570,130.510,130.510,240
EURJPY,20210902,1800,130.520,130.540,130.500,130.530,240
EURJPY,20210902,1900,130.530,130.560,130.510,130.550,240
EURJPY,20210902,2000,130.530,130.550,130.520,130.550,240
EURJPY,20210902,2100,130.550,130.550,130.510,130.530,240
EURJPY,20210902,2200,130.530,130.610,130.490,130.560,240
EURJPY,20210902,2300,130.550,130.560,130.490,130.530,164
EURJPY,20210903,0000,130.560,130.640,130.490,130.640,240
EURJPY,20210903,0100,130.710,130.720,130.620,130.670,240
EURJPY,20210903,0200,130.670,130.690,130.640,130.660,240
EURJPY,20210903,0300,130.660,130.690,130.650,130.660,240
EURJPY,20210903,0400,130.660,130.690,130.610,130.660,240
EURJPY,20210903,0500,130.660,130.680,130.580,130.610,240
EURJPY,20210903,0600,130.640,130.650,130.570,130.570,240
EURJPY,20210903,0700,130.570,130.570,130.430,130.450,240
EURJPY,20210903,0800,130.460,130.510,130.440,130.460,240
EURJPY,20210903,0900,130.460,130.520,130.450,130.490,236
EURJPY,20210903,1000,130.520,130.630,130.440,130.620,240
EURJPY,20210903,1100,130.620,130.710,130.280,130.360,240
EURJPY,20210903,1200,130.380,130.380,130.190,130.260,240
EURJPY,20210903,1300,130.270,130.330,130.230,130.280,240
EURJPY,20210903,1400,130.290,130.330,130.240,130.330,240
EURJPY,20210903,1500,130.330,130.430,130.330,130.380,240
EURJPY,20210903,1600,130.380,130.400,130.350,130.350,240
EURJPY,20210903,1700,130.340,130.340,130.290,130.300,240
EURJPY,20210903,1800,130.300,130.310,130.270,130.290,240
EURJPY,20210903,1900,130.340,130.340,130.340,130.340,4
EURJPY,20210905,2100,130.380,130.450,130.370,130.450,240
EURJPY,20210905,2200,130.460,130.480,130.370,130.430,240
EURJPY,20210905,2300,130.420,130.440,130.390,130.400,164
EURJPY,20210906,0000,130.400,130.410,130.310,130.350,240
EURJPY,20210906,0100,130.340,130.340,130.260,130.330,240
EURJPY,20210906,0200,130.330,130.340,130.290,130.300,240
EURJPY,20210906,0300,130.310,130.320,130.270,130.320,240
EURJPY,20210906,0400,130.310,130.370,130.300,130.370,240
EURJPY,20210906,0500,130.370,130.460,130.320,130.320,240
EURJPY,20210906,0600,130.340,130.380,130.310,130.350,240
EURJPY,20210906,0700,130.360,130.370,130.290,130.320,240
EURJPY,20210906,0800,130.330,130.380,130.320,130.330,240
EURJPY,20210906,0900,130.330,130.370,130.290,130.290,240
EURJPY,20210906,1000,130.280,130.320,130.280,130.310,240
EURJPY,20210906,1100,130.310,130.360,130.310,130.340,240
EURJPY,20210906,1200,130.340,130.380,130.240,130.270,240
EURJPY,20210906,1300,130.280,130.320,130.260,130.320,240
EURJPY,20210906,1400,130.320,130.380,130.320,130.380,240
EURJPY,20210906,1500,130.390,130.400,130.360,130.370,240
EURJPY,20210906,1600,130.360,130.380,130.360,130.360,240
EURJPY,20210906,1700,130.360,130.380,130.350,130.360,240
EURJPY,20210906,1800,130.360,130.390,130.350,130.380,240
EURJPY,20210906,1900,130.380,130.400,130.360,130.380,240
EURJPY,20210906,2000,130.380,130.400,130.370,130.370,240
EURJPY,20210906,2100,130.370,130.390,130.360,130.380,240
EURJPY,20210906,2200,130.380,130.410,130.350,130.390,240
EURJPY,20210906,2300,130.390,130.430,130.380,130.430,164
EURJPY,20210907,0000,130.430,130.470,130.290,130.330,240
EURJPY,20210907,0100,130.340,130.440,130.340,130.420,240
EURJPY,20210907,0200,130.410,130.460,130.380,130.380,240
EURJPY,20210907,0300,130.390,130.390,130.330,130.350,240
EURJPY,20210907,0400,130.360,130.460,130.360,130.460,240
EURJPY,20210907,0500,130.470,130.570,130.440,130.490,240
EURJPY,20210907,0600,130.490,130.520,130.420,130.510,240
EURJPY,20210907,0700,130.520,130.580,130.440,130.440,240
EURJPY,20210907,0800,130.460,130.530,130.410,130.530,240
EURJPY,20210907,0900,130.530,130.560,130.470,130.480,240
EURJPY,20210907,1000,130.490,130.530,130.440,130.450,240
EURJPY,20210907,1100,130.440,130.550,130.430,130.550,240
EURJPY,20210907,1200,130.540,130.580,130.460,130.550,240
EURJPY,20210907,1300,130.540,130.540,130.480,130.510,240
EURJPY,20210907,1400,130.520,130.540,130.490,130.540,240
EURJPY,20210907,1500,130.540,130.600,130.540,130.580,240
EURJPY,20210907,1600,130.580,130.640,130.570,130.620,240
EURJPY,20210907,1700,130.620,130.620,130.570,130.570,240
EURJPY,20210907,1800,130.570,130.600,130.570,130.590,240
EURJPY,20210907,1900,130.560,130.610,130.540,130.580,240
EURJPY,20210907,2000,130.600,130.610,130.580,130.600,240
EURJPY,20210907,2100,130.610,130.630,130.590,130.610,240
EURJPY,20210907,2200,130.600,130.640,130.580,130.610,240
EURJPY,20210907,2300,130.620,130.650,130.610,130.650,168
EURJPY,20210908,0000,130.650,130.650,130.590,130.600,240
EURJPY,20210908,0100,130.610,130.620,130.570,130.590,240
EURJPY,20210908,0200,130.590,130.620,130.580,130.610,240
EURJPY,20210908,0300,130.610,130.660,130.590,130.650,240
EURJPY,20210908,0400,130.660,130.670,130.590,130.610,240
EURJPY,20210908,0500,130.620,130.620,130.410,130.430,240
EURJPY,20210908,0600,130.410,130.410,130.180,130.220,240
EURJPY,20210908,0700,130.210,130.270,130.210,130.220,240
EURJPY,20210908,0800,130.220,130.270,130.210,130.260,240
EURJPY,20210908,0900,130.250,130.380,130.250,130.370,240
EURJPY,20210908,1000,130.380,130.380,130.230,130.320,240
EURJPY,20210908,1100,130.300,130.350,130.220,130.350,240
EURJPY,20210908,1200,130.350,130.380,130.210,130.300,240
EURJPY,20210908,1300,130.280,130.390,130.280,130.350,240
EURJPY,20210908,1400,130.360,130.400,130.310,130.330,240
EURJPY,20210908,1500,130.320,130.350,130.280,130.330,240
EURJPY,20210908,1600,130.330,130.350,130.300,130.320,240
EURJPY,20210908,1700,130.320,130.330,130.280,130.280,240
EURJPY,20210908,1800,130.270,130.300,130.270,130.270,240
EURJPY,20210908,1900,130.260,130.300,130.240,130.300,240
EURJPY,20210908,2000,130.310,130.310,130.260,130.280,240
EURJPY,20210908,2100,130.280,130.290,130.250,130.250,240
EURJPY,20210908,2200,130.250,130.260,130.170,130.190,240
EURJPY,20210908,2300,130.190,130.210,130.140,130.180,164
EURJPY,20210909,0000,130.200,130.230,130.160,130.220,240
EURJPY,20210909,0100,130.220,130.230,130.180,130.220,240
EURJPY,20210909,0200,130.220,130.220,130.090,130.120,240
EURJPY,20210909,0300,130.120,130.120,130.080,130.090,240
EURJPY,20210909,0400,130.080,130.150,130.060,130.060,240
EURJPY,20210909,0500,130.050,130.050,129.950,129.980,240
EURJPY,20210909,0600,129.970,130.060,129.960,130.020,240
EURJPY,20210909,0700,130.020,130.040,129.960,130.000,240
EURJPY,20210909,0800,130.030,130.060,130.000,130.020,240
EURJPY,20210909,0900,130.020,130.060,129.940,130.040,240
EURJPY,20210909,1000,130.050,130.120,129.770,129.900,240
EURJPY,20210909,1100,129.920,129.930,129.710,129.770,240
EURJPY,20210909,1200,129.790,129.830,129.650,129.760,240
EURJPY,20210909,1300,129.760,129.790,129.700,129.780,240
EURJPY,20210909,1400,129.800,129.830,129.770,129.780,240
EURJPY,20210909,1500,129.780,129.790,129.700,129.710,240
EURJPY,20210909,1600,129.780,129.790,129.700,129.710,240
EURJPY,20210909,1700,129.710,129.760,129.700,129.750,240
EURJPY,20210909,1800,129.750,129.770,129.720,129.720,240
EURJPY,20210909,1900,129.710,129.750,129.690,129.750,240
EURJPY,20210909,2000,129.740,129.810,129.740,129.810,240
EURJPY,20210909,2100,129.810,129.810,129.780,129.780,240
EURJPY,20210909,2200,129.770,129.790,129.710,129.710,240
EURJPY,20210909,2300,129.700,129.710,129.670,129.710,168
EURJPY,20210910,0000,129.730,129.860,129.730,129.860,240
EURJPY,20210910,0100,129.870,129.950,129.860,129.950,240
EURJPY,20210910,0200,129.960,129.970,129.930,129.970,240
EURJPY,20210910,0300,129.970,130.000,129.960,129.970,240
EURJPY,20210910,0400,129.970,130.010,129.950,130.000,240
EURJPY,20210910,0500,130.020,130.210,130.000,130.180,240
EURJPY,20210910,0600,130.180,130.250,130.150,130.180,240
EURJPY,20210910,0700,130.180,130.210,130.120,130.130,240
EURJPY,20210910,0800,130.130,130.140,130.040,130.050,240
EURJPY,20210910,0900,130.060,130.080,130.000,130.000,240
EURJPY,20210910,1000,130.000,130.040,129.950,129.950,240
EURJPY,20210910,1100,129.940,130.010,129.860,130.010,240
EURJPY,20210910,1200,130.010,130.020,129.940,129.980,240
EURJPY,20210910,1300,129.950,130.000,129.910,129.930,240
EURJPY,20210910,1400,129.930,129.940,129.880,129.880,240
EURJPY,20210910,1500,129.900,129.900,129.850,129.850,240
EURJPY,20210910,1600,129.860,129.880,129.820,129.830,240
EURJPY,20210910,1700,129.840,129.840,129.760,129.760,240
EURJPY,20210910,1800,129.750,129.790,129.750,129.790,240
EURJPY,20210910,1900,129.820,129.820,129.820,129.820,4
EURJPY,20210912,2100,129.760,129.810,129.740,129.810,240
EURJPY,20210912,2200,129.810,129.850,129.790,129.810,240
EURJPY,20210912,2300,129.810,129.810,129.750,129.750,168
EURJPY,20210913,0000,129.750,129.780,129.700,129.750,240
EURJPY,20210913,0100,129.760,129.780,129.730,129.780,240
EURJPY,20210913,0200,129.780,129.790,129.670,129.700,240
EURJPY,20210913,0300,129.700,129.750,129.640,129.750,240
EURJPY,20210913,0400,129.750,129.800,129.700,129.700,240
EURJPY,20210913,0500,129.680,129.760,129.680,129.720,240
EURJPY,20210913,0600,129.730,129.820,129.710,129.800,240
EURJPY,20210913,0700,129.800,129.830,129.770,129.800,240
EURJPY,20210913,0800,129.790,129.820,129.640,129.670,240
EURJPY,20210913,0900,129.640,129.660,129.580,129.610,240
EURJPY,20210913,1000,129.610,129.680,129.570,129.670,240
EURJPY,20210913,1100,129.660,129.750,129.660,129.720,240
EURJPY,20210913,1200,129.730,129.810,129.670,129.810,240
EURJPY,20210913,1300,129.800,129.920,129.750,129.830,240
EURJPY,20210913,1400,129.820,129.870,129.790,129.860,240
EURJPY,20210913,1500,129.860,129.900,129.810,129.810,240
EURJPY,20210913,1600,129.810,129.840,129.800,129.840,240
EURJPY,20210913,1700,129.830,129.880,129.810,129.880,240
EURJPY,20210913,1800,129.880,129.910,129.870,129.910,240
EURJPY,20210913,1900,129.900,129.920,129.880,129.900,240
EURJPY,20210913,2000,129.900,129.940,129.900,129.940,240
EURJPY,20210913,2100,129.940,129.940,129.870,129.870,240
EURJPY,20210913,2200,129.880,129.920,129.830,129.910,240
EURJPY,20210913,2300,129.910,130.000,129.910,129.960,164
EURJPY,20210914,0000,129.970,130.060,129.970,130.050,240
EURJPY,20210914,0100,130.060,130.070,130.020,130.040,240
EURJPY,20210914,0200,130.030,130.040,130.000,130.000,240
EURJPY,20210914,0300,130.000,130.030,129.990,130.010,240
EURJPY,20210914,0400,130.010,130.030,129.960,130.010,240
EURJPY,20210914,0500,129.990,130.090,129.990,130.050,240
EURJPY,20210914,0600,130.060,130.100,130.050,130.070,240
EURJPY,20210914,0700,130.060,130.090,129.940,130.000,240
EURJPY,20210914,0800,130.000,130.010,129.950,129.980,240
EURJPY,20210914,0900,129.980,130.050,129.960,130.030,240
EURJPY,20210914,1000,130.020,130.170,130.000,130.090,240
EURJPY,20210914,1100,130.090,130.110,129.860,129.860,240
EURJPY,20210914,1200,129.860,129.860,129.580,129.630,240
EURJPY,20210914,1300,129.620,129.640,129.580,129.630,240
EURJPY,20210914,1400,129.630,129.700,129.590,129.590,240
EURJPY,20210914,1500,129.590,129.590,129.500,129.580,240
EURJPY,20210914,1600,129.570,129.590,129.410,129.440,240
EURJPY,20210914,1700,129.430,129.430,129.350,129.420,240
EURJPY,20210914,1800,129.430,129.460,129.430,129.460,240
EURJPY,20210914,1900,129.460,129.510,129.460,129.490,240
EURJPY,20210914,2000,129.490,129.500,129.470,129.480,240
EURJPY,20210914,2100,129.480,129.480,129.450,129.480,240
EURJPY,20210914,2200,129.480,129.490,129.340,129.340,240
EURJPY,20210914,2300,129.330,129.430,129.320,129.410,168
EURJPY,20210915,0000,129.370,129.460,129.330,129.400,240
EURJPY,20210915,0100,129.400,129.440,129.380,129.380,240
EURJPY,20210915,0200,129.380,129.440,129.360,129.370,240
EURJPY,20210915,0300,129.390,129.400,129.310,129.350,240
EURJPY,20210915,0400,129.360,129.360,129.220,129.280,240
EURJPY,20210915,0500,129.290,129.390,129.290,129.300,240
EURJPY,20210915,0600,129.310,129.330,129.260,129.280,240
EURJPY,20210915,0700,129.280,129.290,129.190,129.260,240
EURJPY,20210915,0800,129.270,129.280,129.200,129.210,240
EURJPY,20210915,0900,129.210,129.240,129.080,129.110,240
EURJPY,20210915,1000,129.110,129.240,129.040,129.170,240
EURJPY,20210915,1100,129.170,129.190,129.050,129.160,240
EURJPY,20210915,1200,129.160,129.210,129.050,129.160,240
EURJPY,20210915,1300,129.150,129.250,129.150,129.190,240
EURJPY,20210915,1400,129.200,129.210,129.100,129.110,240
EURJPY,20210915,1500,129.110,129.210,129.110,129.210,240
EURJPY,20210915,1600,129.190,129.210,129.160,129.170,240
EURJPY,20210915,1700,129.160,129.230,129.160,129.210,240
EURJPY,20210915,1800,129.210,129.230,129.180,129.210,236
EURJPY,20210915,1900,129.220,129.230,129.200,129.210,240
EURJPY,20210915,2000,129.210,129.240,129.210,129.240,240
EURJPY,20210915,2100,129.240,129.250,129.190,129.250,240
EURJPY,20210915,2200,129.250,129.320,129.240,129.250,240
EURJPY,20210915,2300,129.270,129.270,129.160,129.160,168
EURJPY,20210916,0000,129.110,129.160,129.060,129.120,240
EURJPY,20210916,0100,129.130,129.170,129.070,129.080,240
EURJPY,20210916,0200,129.080,129.090,129.040,129.050,240
EURJPY,20210916,0300,129.050,129.050,128.900,128.900,240
EURJPY,20210916,0400,128.910,129.050,128.910,128.940,240
EURJPY,20210916,0500,128.930,128.930,128.780,128.830,240
EURJPY,20210916,0600,128.810,128.850,128.710,128.770,240
EURJPY,20210916,0700,128.750,128.810,128.720,128.780,240
EURJPY,20210916,0800,128.770,128.770,128.590,128.650,240
EURJPY,20210916,0900,128.650,128.770,128.650,128.730,240
EURJPY,20210916,1000,128.730,128.930,128.610,128.900,240
EURJPY,20210916,1100,128.920,129.070,128.900,128.920,240
EURJPY,20210916,1200,128.920,129.040,128.860,128.950,240
EURJPY,20210916,1300,128.970,129.000,128.910,129.000,240
EURJPY,20210916,1400,128.990,129.040,128.970,129.010,240
EURJPY,20210916,1500,129.020,129.020,128.930,128.950,240
EURJPY,20210916,1600,128.950,128.960,128.930,128.940,240
EURJPY,20210916,1700,128.920,129.090,128.920,129.070,240
EURJPY,20210916,1800,129.090,129.150,129.060,129.140,240
EURJPY,20210916,1900,129.100,129.130,129.070,129.110,240
EURJPY,20210916,2000,129.120,129.120,129.070,129.080,240
EURJPY,20210916,2100,129.080,129.090,129.040,129.040,240
EURJPY,20210916,2200,129.040,129.140,129.010,129.100,240
EURJPY,20210916,2300,129.100,129.180,129.090,129.180,164
EURJPY,20210917,0000,129.220,129.270,129.210,129.250,240
EURJPY,20210917,0100,129.250,129.280,129.240,129.270,240
EURJPY,20210917,0200,129.260,129.280,129.240,129.260,240
EURJPY,20210917,0300,129.280,129.340,129.280,129.310,240
EURJPY,20210917,0400,129.310,129.370,129.300,129.330,240
EURJPY,20210917,0500,129.330,129.440,129.320,129.410,240
EURJPY,20210917,0600,129.420,129.530,129.380,129.500,240
EURJPY,20210917,0700,129.500,129.550,129.460,129.550,240
EURJPY,20210917,0800,129.560,129.580,129.520,129.560,240
EURJPY,20210917,0900,129.570,129.610,129.500,129.610,240
EURJPY,20210917,1000,129.640,129.640,129.490,129.520,240
EURJPY,20210917,1100,129.510,129.560,129.230,129.270,240
EURJPY,20210917,1200,129.280,129.290,129.010,129.020,240
EURJPY,20210917,1300,129.060,129.060,128.920,128.980,240
EURJPY,20210917,1400,128.980,129.040,128.940,128.940,240
EURJPY,20210917,1500,128.940,128.960,128.890,128.900,240
EURJPY,20210917,1600,128.900,128.940,128.900,128.910,240
EURJPY,20210917,1700,128.910,128.990,128.910,128.960,240
EURJPY,20210917,1800,128.960,128.960,128.920,128.940,240
EURJPY,20210917,1900,128.900,128.900,128.890,128.900,4
EURJPY,20210919,2100,128.930,128.970,128.930,128.970,240
EURJPY,20210919,2200,128.990,129.000,128.960,128.960,240
EURJPY,20210919,2300,128.950,128.950,128.890,128.890,160
EURJPY,20210920,0000,128.800,128.800,128.670,128.680,240
EURJPY,20210920,0100,128.680,128.780,128.670,128.730,240
EURJPY,20210920,0200,128.720,128.760,128.690,128.750,240
EURJPY,20210920,0300,128.750,128.760,128.730,128.740,240
EURJPY,20210920,0400,128.740,128.780,128.610,128.660,240
EURJPY,20210920,0500,128.640,128.660,128.460,128.510,240
EURJPY,20210920,0600,128.520,128.520,128.370,128.380,240
EURJPY,20210920,0700,128.410,128.440,128.250,128.380,240
EURJPY,20210920,0800,128.370,128.450,128.250,128.270,240
EURJPY,20210920,0900,128.250,128.310,128.180,128.180,240
EURJPY,20210920,1000,128.180,128.300,128.130,128.260,240
EURJPY,20210920,1100,128.250,128.440,128.250,128.420,240
EURJPY,20210920,1200,128.430,128.460,128.330,128.370,240
EURJPY,20210920,1300,128.380,128.480,128.350,128.360,240
EURJPY,20210920,1400,128.370,128.400,128.240,128.240,240
EURJPY,20210920,1500,128.230,128.300,128.200,128.260,240
EURJPY,20210920,1600,128.270,128.270,128.170,128.190,240
EURJPY,20210920,1700,128.210,128.340,128.190,128.300,240
EURJPY,20210920,1800,128.280,128.300,128.230,128.260,240
EURJPY,20210920,1900,128.260,128.330,128.230,128.300,240
EURJPY,20210920,2000,128.290,128.330,128.280,128.310,240
EURJPY,20210920,2100,128.300,128.320,128.210,128.320,240
EURJPY,20210920,2200,128.330,128.480,128.260,128.440,240
EURJPY,20210920,2300,128.430,128.510,128.420,128.440,164
EURJPY,20210921,0000,128.550,128.550,128.490,128.550,240
EURJPY,20210921,0100,128.540,128.600,128.500,128.600,240
EURJPY,20210921,0200,128.590,128.620,128.510,128.530,240
EURJPY,20210921,0300,128.530,128.560,128.480,128.480,240
EURJPY,20210921,0400,128.480,128.600,128.460,128.550,240
EURJPY,20210921,0500,128.530,128.660,128.490,128.530,240
EURJPY,20210921,0600,128.540,128.640,128.520,128.520,240
EURJPY,20210921,0700,128.530,128.580,128.490,128.580,240
EURJPY,20210921,0800,128.580,128.600,128.470,128.490,240
EURJPY,20210921,0900,128.500,128.500,128.400,128.470,240
EURJPY,20210921,1000,128.470,128.500,128.260,128.310,240
EURJPY,20210921,1100,128.270,128.290,128.130,128.170,240
EURJPY,20210921,1200,128.210,128.210,128.010,128.010,240
EURJPY,20210921,1300,128.020,128.170,127.980,128.160,240
EURJPY,20210921,1400,128.160,128.190,128.090,128.120,240
EURJPY,20210921,1500,128.120,128.130,128.020,128.070,240
EURJPY,20210921,1600,128.090,128.120,128.050,128.050,240
EURJPY,20210921,1700,128.060,128.090,128.040,128.060,240
EURJPY,20210921,1800,128.060,128.060,128.000,128.050,240
EURJPY,20210921,1900,128.050,128.090,128.050,128.060,240
EURJPY,20210921,2000,128.060,128.080,128.050,128.060,240
EURJPY,20210921,2100,128.060,128.060,127.920,127.930,240
EURJPY,20210921,2200,127.940,128.060,127.920,128.000,240
EURJPY,20210921,2300,128.000,128.370,127.940,128.310,168
EURJPY,20210922,0000,128.260,128.300,128.210,128.280,240
EURJPY,20210922,0100,128.280,128.300,128.250,128.270,240
EURJPY,20210922,0200,128.280,128.340,128.250,128.340,240
EURJPY,20210922,0300,128.350,128.420,128.340,128.380,240
EURJPY,20210922,0400,128.370,128.470,128.330,128.460,240
EURJPY,20210922,0500,128.490,128.520,128.310,128.320,240
EURJPY,20210922,0600,128.340,128.470,128.330,128.470,240
EURJPY,20210922,0700,128.480,128.530,128.420,128.420,240
EURJPY,20210922,0800,128.420,128.520,128.420,128.500,240
EURJPY,20210922,0900,128.490,128.490,128.400,128.420,240
EURJPY,20210922,1000,128.410,128.560,128.410,128.560,240
EURJPY,20210922,1100,128.550,128.550,128.460,128.530,240
EURJPY,20210922,1200,128.500,128.660,128.500,128.610,240
EURJPY,20210922,1300,128.610,128.650,128.590,128.640,240
EURJPY,20210922,1400,128.640,128.670,128.610,128.620,240
EURJPY,20210922,1500,128.600,128.610,128.490,128.530,240
EURJPY,20210922,1600,128.520,128.730,128.470,128.470,240
EURJPY,20210922,1700,128.440,128.520,128.350,128.350,240
EURJPY,20210922,1800,128.360,128.400,128.330,128.330,240
EURJPY,20210922,1900,128.320,128.370,128.270,128.370,240
EURJPY,20210922,2000,128.370,128.390,128.340,128.360,240
EURJPY,20210922,2100,128.360,128.360,128.330,128.330,240
EURJPY,20210922,2200,128.340,128.400,128.330,128.390,240
EURJPY,20210922,2300,128.390,128.430,128.370,128.430,164
EURJPY,20210923,0000,128.490,128.530,128.460,128.510,240
EURJPY,20210923,0100,128.500,128.560,128.500,128.540,240
EURJPY,20210923,0200,128.540,128.560,128.510,128.550,240
EURJPY,20210923,0300,128.560,128.610,128.540,128.600,240
EURJPY,20210923,0400,128.590,128.730,128.580,128.680,240
EURJPY,20210923,0500,128.700,128.870,128.690,128.770,240
EURJPY,20210923,0600,128.790,128.910,128.720,128.840,240
EURJPY,20210923,0700,128.850,129.020,128.840,128.870,240
EURJPY,20210923,0800,128.870,128.910,128.570,128.680,240
EURJPY,20210923,0900,128.670,128.910,128.620,128.880,240
EURJPY,20210923,1000,128.880,129.110,128.830,129.070,240
EURJPY,20210923,1100,129.100,129.230,129.030,129.190,240
EURJPY,20210923,1200,129.180,129.370,129.180,129.360,240
EURJPY,20210923,1300,129.370,129.380,129.260,129.260,240
EURJPY,20210923,1400,129.260,129.360,129.250,129.360,240
EURJPY,20210923,1500,129.370,129.420,129.360,129.420,240
EURJPY,20210923,1600,129.420,129.470,129.400,129.470,240
EURJPY,20210923,1700,129.480,129.510,129.450,129.450,240
EURJPY,20210923,1800,129.460,129.520,129.440,129.490,240
EURJPY,20210923,1900,129.490,129.490,129.440,129.470,240
EURJPY,20210923,2000,129.470,129.510,129.450,129.490,240
EURJPY,20210923,2100,129.490,129.520,129.480,129.500,240
EURJPY,20210923,2200,129.510,129.660,129.510,129.630,240
EURJPY,20210923,2300,129.630,129.630,129.560,129.620,168
EURJPY,20210924,0000,129.480,129.580,129.480,129.580,240
EURJPY,20210924,0100,129.580,129.660,129.570,129.640,240
EURJPY,20210924,0200,129.630,129.630,129.580,129.590,240
EURJPY,20210924,0300,129.600,129.680,129.570,129.670,240
EURJPY,20210924,0400,129.650,129.730,129.650,129.730,240
EURJPY,20210924,0500,129.730,129.730,129.600,129.670,240
EURJPY,20210924,0600,129.650,129.670,129.420,129.570,240
EURJPY,20210924,0700,129.580,129.580,129.500,129.500,240
EURJPY,20210924,0800,129.510,129.590,129.480,129.560,240
EURJPY,20210924,0900,129.570,129.590,129.470,129.470,240
EURJPY,20210924,1000,129.470,129.500,129.420,129.420,240
EURJPY,20210924,1100,129.410,129.670,129.370,129.600,240
EURJPY,20210924,1200,129.620,129.680,129.540,129.630,240
EURJPY,20210924,1300,129.650,129.680,129.590,129.680,240
EURJPY,20210924,1400,129.670,129.760,129.670,129.730,240
EURJPY,20210924,1500,129.740,129.760,129.730,129.760,240
EURJPY,20210924,1600,129.760,129.770,129.720,129.770,240
EURJPY,20210924,1700,129.780,129.780,129.750,129.750,240
EURJPY,20210924,1800,129.740,129.830,129.740,129.780,240
EURJPY,20210924,1900,129.740,129.740,129.740,129.740,4
EURJPY,20210926,2100,129.830,129.840,129.770,129.810,240
EURJPY,20210926,2200,129.830,129.830,129.700,129.740,240
EURJPY,20210926,2300,129.730,129.750,129.710,129.720,164
EURJPY,20210927,0000,129.710,129.710,129.620,129.620,240
EURJPY,20210927,0100,129.620,129.620,129.580,129.580,240
EURJPY,20210927,0200,129.600,129.630,129.580,129.580,240
EURJPY,20210927,0300,129.570,129.660,129.570,129.660,240
EURJPY,20210927,0400,129.640,129.710,129.610,129.640,240
EURJPY,20210927,0500,129.640,129.650,129.490,129.550,240
EURJPY,20210927,0600,129.530,129.700,129.470,129.620,240
EURJPY,20210927,0700,129.620,129.790,129.620,129.750,240
EURJPY,20210927,0800,129.760,129.850,129.740,129.810,240
EURJPY,20210927,0900,129.820,129.910,129.760,129.810,240
EURJPY,20210927,1000,129.800,129.850,129.700,129.770,240
EURJPY,20210927,1100,129.780,129.790,129.650,129.690,240
EURJPY,20210927,1200,129.670,129.830,129.640,129.830,240
EURJPY,20210927,1300,129.820,129.870,129.770,129.830,240
EURJPY,20210927,1400,129.830,129.870,129.810,129.860,240
EURJPY,20210927,1500,129.870,129.890,129.830,129.890,240
EURJPY,20210927,1600,129.890,129.910,129.850,129.860,240
EURJPY,20210927,1700,129.860,129.870,129.830,129.830,240
EURJPY,20210927,1800,129.830,129.860,129.800,129.800,240
EURJPY,20210927,1900,129.810,129.840,129.800,129.820,240
EURJPY,20210927,2000,129.810,129.820,129.780,129.800,240
EURJPY,20210927,2100,129.790,129.790,129.750,129.750,240
EURJPY,20210927,2200,129.760,129.820,129.670,129.750,240
EURJPY,20210927,2300,129.760,129.840,129.710,129.830,164
EURJPY,20210928,0000,129.820,129.980,129.820,129.980,240
EURJPY,20210928,0100,129.990,130.050,129.960,130.030,240
EURJPY,20210928,0200,130.020,130.030,129.990,130.020,240
EURJPY,20210928,0300,130.020,130.120,130.020,130.110,240
EURJPY,20210928,0400,130.090,130.120,129.970,129.980,240
EURJPY,20210928,0500,129.990,130.050,129.890,129.980,240
EURJPY,20210928,0600,129.990,130.010,129.920,129.960,240
EURJPY,20210928,0700,129.970,130.000,129.910,129.960,240
EURJPY,20210928,0800,129.970,130.130,129.970,130.120,240
EURJPY,20210928,0900,130.160,130.230,130.110,130.210,240
EURJPY,20210928,1000,130.220,130.330,130.160,130.290,240
EURJPY,20210928,1100,130.280,130.290,130.170,130.280,240
EURJPY,20210928,1200,130.270,130.270,130.050,130.050,240
EURJPY,20210928,1300,130.090,130.090,129.950,130.050,240
EURJPY,20210928,1400,130.030,130.160,130.020,130.130,240
EURJPY,20210928,1500,130.140,130.240,130.110,130.240,240
EURJPY,20210928,1600,130.240,130.290,130.200,130.280,240
EURJPY,20210928,1700,130.290,130.320,130.210,130.240,240
EURJPY,20210928,1800,130.240,130.320,130.240,130.260,240
EURJPY,20210928,1900,130.260,130.290,130.220,130.270,240
EURJPY,20210928,2000,130.270,130.330,130.270,130.330,240
EURJPY,20210928,2100,130.320,130.360,130.300,130.320,240
EURJPY,20210928,2200,130.320,130.410,130.280,130.410,240
EURJPY,20210928,2300,130.400,130.440,130.280,130.310,164
EURJPY,20210929,0000,130.320,130.380,130.180,130.180,240
EURJPY,20210929,0100,130.180,130.210,130.100,130.180,240
EURJPY,20210929,0200,130.170,130.290,130.170,130.270,240
EURJPY,20210929,0300,130.270,130.300,130.150,130.240,240
EURJPY,20210929,0400,130.230,130.270,130.070,130.120,240
EURJPY,20210929,0500,130.110,130.150,129.770,129.800,240
EURJPY,20210929,0600,129.790,129.860,129.730,129.840,240
EURJPY,20210929,0700,129.830,129.880,129.720,129.800,240
EURJPY,20210929,0800,129.790,129.860,129.750,129.780,240
EURJPY,20210929,0900,129.790,129.790,129.680,129.760,240
EURJPY,20210929,1000,129.770,129.980,129.750,129.920,240
EURJPY,20210929,1100,129.920,129.930,129.740,129.860,240
EURJPY,20210929,1200,129.840,130.010,129.790,129.970,240
EURJPY,20210929,1300,129.950,129.970,129.840,129.840,240
EURJPY,20210929,1400,129.830,129.880,129.810,129.850,240
EURJPY,20210929,1500,129.850,129.960,129.850,129.880,240
EURJPY,20210929,1600,129.870,129.930,129.830,129.880,240
EURJPY,20210929,1700,129.890,129.900,129.760,129.770,240
EURJPY,20210929,1800,129.780,129.850,129.780,129.850,240
EURJPY,20210929,1900,129.850,129.880,129.810,129.850,240
EURJPY,20210929,2000,129.850,129.850,129.800,129.840,240
EURJPY,20210929,2100,129.840,129.870,129.840,129.840,240
EURJPY,20210929,2200,129.840,129.850,129.760,129.800,240
EURJPY,20210929,2300,129.810,129.860,129.730,129.730,164
EURJPY,20210930,0000,129.750,129.820,129.750,129.810,240
EURJPY,20210930,0100,129.810,129.810,129.780,129.810,240
EURJPY,20210930,0200,129.830,129.910,129.830,129.910,240
EURJPY,20210930,0300,129.910,129.910,129.670,129.670,240
EURJPY,20210930,0400,129.670,129.910,129.670,129.910,240
EURJPY,20210930,0500,129.930,129.930,129.830,129.830,240
EURJPY,20210930,0600,129.800,129.880,129.770,129.880,240
EURJPY,20210930,0700,129.890,129.890,129.730,129.790,240
EURJPY,20210930,0800,129.780,129.780,129.550,129.610,240
EURJPY,20210930,0900,129.610,129.680,129.590,129.610,240
EURJPY,20210930,1000,129.620,129.710,129.600,129.660,240
EURJPY,20210930,1100,129.660,129.680,129.490,129.490,240
EURJPY,20210930,1200,129.490,129.640,129.270,129.270,240
EURJPY,20210930,1300,129.290,129.310,128.990,129.080,240
EURJPY,20210930,1400,129.090,129.090,128.910,128.910,240
EURJPY,20210930,1500,128.910,128.990,128.790,128.860,240
EURJPY,20210930,1600,128.870,129.010,128.870,129.010,240
EURJPY,20210930,1700,129.030,129.040,128.910,128.910,240
EURJPY,20210930,1800,128.890,128.910,128.770,128.800,240
EURJPY,20210930,1900,128.830,128.900,128.810,128.870,240
EURJPY,20210930,2000,128.880,128.960,128.870,128.920,240
EURJPY,20210930,2100,128.930,129.000,128.930,128.990,240
EURJPY,20210930,2200,128.990,129.010,128.820,128.850,240
EURJPY,20210930,2300,128.820,128.840,128.650,128.760,168
EURJPY,20211001,0000,128.810,128.830,128.760,128.790,240
EURJPY,20211001,0100,128.800,128.820,128.670,128.670,240
EURJPY,20211001,0200,128.640,128.720,128.640,128.720,240
EURJPY,20211001,0300,128.720,128.740,128.660,128.720,240
EURJPY,20211001,0400,128.710,128.810,128.660,128.720,240
EURJPY,20211001,0500,128.740,128.900,128.670,128.840,240
EURJPY,20211001,0600,128.810,128.810,128.610,128.610,240
EURJPY,20211001,0700,128.620,128.710,128.590,128.650,240
EURJPY,20211001,0800,128.660,128.790,128.610,128.760,240
EURJPY,20211001,0900,128.770,129.010,128.720,128.890,240
EURJPY,20211001,1000,128.900,129.000,128.760,128.790,240
EURJPY,20211001,1100,128.780,128.860,128.660,128.730,240
EURJPY,20211001,1200,128.710,128.850,128.540,128.660,240
EURJPY,20211001,1300,128.650,128.790,128.650,128.680,240
EURJPY,20211001,1400,128.680,128.740,128.650,128.690,240
EURJPY,20211001,1500,128.700,128.750,128.690,128.750,240
EURJPY,20211001,1600,128.750,128.810,128.750,128.770,240
EURJPY,20211001,1700,128.770,128.840,128.730,128.730,240
EURJPY,20211001,1800,128.750,128.770,128.720,128.750,240
EURJPY,20211001,1900,128.760,128.760,128.760,128.760,4
EURJPY,20211003,2100,128.820,128.830,128.760,128.760,240
EURJPY,20211003,2200,128.750,128.820,128.660,128.720,236
EURJPY,20211003,2300,128.710,128.800,128.690,128.710,164
EURJPY,20211004,0000,128.700,128.820,128.680,128.780,240
EURJPY,20211004,0100,128.780,128.800,128.670,128.700,240
EURJPY,20211004,0200,128.690,128.760,128.670,128.750,240
EURJPY,20211004,0300,128.750,128.800,128.740,128.790,240
EURJPY,20211004,0400,128.790,128.880,128.690,128.850,240
EURJPY,20211004,0500,128.840,129.040,128.810,129.030,240
EURJPY,20211004,0600,129.030,129.140,129.030,129.130,240
EURJPY,20211004,0700,129.120,129.210,129.110,129.110,240
EURJPY,20211004,0800,129.120,129.300,129.100,129.300,240
EURJPY,20211004,0900,129.310,129.350,129.150,129.200,240
EURJPY,20211004,1000,129.210,129.240,129.060,129.180,240
EURJPY,20211004,1100,129.180,129.330,129.150,129.230,240
EURJPY,20211004,1200,129.240,129.290,128.820,128.840,240
EURJPY,20211004,1300,128.870,128.940,128.800,128.900,240
EURJPY,20211004,1400,128.900,128.900,128.800,128.820,240
EURJPY,20211004,1500,128.800,128.860,128.800,128.850,240
EURJPY,20211004,1600,128.850,128.890,128.820,128.890,240
EURJPY,20211004,1700,128.900,128.950,128.850,128.880,240
EURJPY,20211004,1800,128.880,128.910,128.860,128.870,240
EURJPY,20211004,1900,128.870,128.890,128.840,128.880,240
EURJPY,20211004,2000,128.870,128.930,128.860,128.900,240
EURJPY,20211004,2100,128.900,128.900,128.850,128.890,240
EURJPY,20211004,2200,128.890,128.890,128.740,128.770,240
EURJPY,20211004,2300,128.780,128.860,128.780,128.860,168
EURJPY,20211005,0000,128.880,128.960,128.870,128.930,240
EURJPY,20211005,0100,128.930,128.950,128.840,128.930,240
EURJPY,20211005,0200,128.930,128.950,128.900,128.910,240
EURJPY,20211005,0300,128.900,128.920,128.860,128.880,240
EURJPY,20211005,0400,128.890,128.970,128.820,128.930,240
EURJPY,20211005,0500,128.920,129.010,128.820,128.850,240
EURJPY,20211005,0600,128.820,128.970,128.800,128.930,240
EURJPY,20211005,0700,128.930,128.960,128.870,128.960,240
EURJPY,20211005,0800,128.970,128.980,128.900,128.930,240
EURJPY,20211005,0900,128.940,129.070,128.910,128.990,240
EURJPY,20211005,1000,128.970,129.070,128.910,129.070,240
EURJPY,20211005,1100,129.050,129.140,128.980,129.090,240
EURJPY,20211005,1200,129.110,129.290,129.050,129.280,240
EURJPY,20211005,1300,129.280,129.360,129.260,129.300,240
EURJPY,20211005,1400,129.300,129.350,129.270,129.320,240
EURJPY,20211005,1500,129.330,129.330,129.280,129.280,240
EURJPY,20211005,1600,129.280,129.310,129.260,129.270,240
EURJPY,20211005,1700,129.270,129.300,129.230,129.240,240
EURJPY,20211005,1800,129.250,129.290,129.240,129.260,240
EURJPY,20211005,1900,129.240,129.330,129.200,129.280,240
EURJPY,20211005,2000,129.280,129.330,129.250,129.290,240
EURJPY,20211005,2100,129.300,129.300,129.250,129.260,240
EURJPY,20211005,2200,129.260,129.400,129.260,129.400,240
EURJPY,20211005,2300,129.410,129.420,129.340,129.350,164
EURJPY,20211006,0000,129.320,129.400,129.270,129.360,240
EURJPY,20211006,0100,129.380,129.420,129.350,129.400,240
EURJPY,20211006,0200,129.390,129.460,129.390,129.440,240
EURJPY,20211006,0300,129.440,129.480,129.430,129.440,240
EURJPY,20211006,0400,129.430,129.430,129.300,129.310,240
EURJPY,20211006,0500,129.310,129.320,129.040,129.040,240
EURJPY,20211006,0600,129.030,129.030,128.790,128.870,240
EURJPY,20211006,0700,128.880,128.880,128.660,128.720,240
EURJPY,20211006,0800,128.710,128.710,128.460,128.530,240
EURJPY,20211006,0900,128.520,128.650,128.470,128.470,240
EURJPY,20211006,1000,128.470,128.560,128.440,128.520,240
EURJPY,20211006,1100,128.540,128.590,128.470,128.500,240
EURJPY,20211006,1200,128.470,128.490,128.320,128.380,240
EURJPY,20211006,1300,128.370,128.530,128.370,128.520,240
EURJPY,20211006,1400,128.520,128.610,128.520,128.560,240
EURJPY,20211006,1500,128.560,128.720,128.540,128.700,240
EURJPY,20211006,1600,128.710,128.780,128.680,128.680,240
EURJPY,20211006,1700,128.680,128.760,128.680,128.730,240
EURJPY,20211006,1800,128.740,128.770,128.740,128.750,240
EURJPY,20211006,1900,128.750,128.750,128.710,128.720,240
EURJPY,20211006,2000,128.720,128.760,128.720,128.740,240
EURJPY,20211006,2100,128.740,128.740,128.680,128.710,240
EURJPY,20211006,2200,128.710,128.750,128.630,128.720,240
EURJPY,20211006,2300,128.720,128.780,128.690,128.780,164
EURJPY,20211007,0000,128.800,128.840,128.780,128.790,240
EURJPY,20211007,0100,128.790,128.800,128.730,128.740,240
EURJPY,20211007,0200,128.730,128.760,128.700,128.710,240
EURJPY,20211007,0300,128.720,128.750,128.720,128.740,240
EURJPY,20211007,0400,128.740,128.820,128.740,128.800,240
EURJPY,20211007,0500,128.810,128.880,128.630,128.720,240
EURJPY,20211007,0600,128.720,128.830,128.690,128.800,236
EURJPY,20211007,0700,128.790,128.890,128.770,128.840,240
EURJPY,20211007,0800,128.830,128.850,128.730,128.740,240
EURJPY,20211007,0900,128.760,128.780,128.730,128.740,240
EURJPY,20211007,1000,128.750,128.770,128.700,128.750,240
EURJPY,20211007,1100,128.770,128.880,128.750,128.760,240
EURJPY,20211007,1200,128.770,128.940,128.770,128.900,240
EURJPY,20211007,1300,128.900,128.920,128.870,128.880,240
EURJPY,20211007,1400,128.870,128.970,128.820,128.960,240
EURJPY,20211007,1500,128.970,129.010,128.960,128.990,240
EURJPY,20211007,1600,128.980,128.990,128.910,128.930,240
EURJPY,20211007,1700,128.920,128.950,128.900,128.910,240
EURJPY,20211007,1800,128.920,128.990,128.920,128.950,240
EURJPY,20211007,1900,128.930,128.970,128.930,128.970,240
EURJPY,20211007,2000,128.970,129.000,128.970,129.000,240
EURJPY,20211007,2100,129.000,129.070,128.980,129.050,240
EURJPY,20211007,2200,129.050,129.130,128.990,129.090,240
EURJPY,20211007,2300,129.100,129.210,129.100,129.210,164
EURJPY,20211008,0000,129.230,129.240,129.190,129.200,240
EURJPY,20211008,0100,129.200,129.210,129.150,129.170,240
EURJPY,20211008,0200,129.180,129.260,129.180,129.220,240
EURJPY,20211008,0300,129.240,129.250,129.180,129.180,240
EURJPY,20211008,0400,129.150,129.220,129.150,129.180,240
EURJPY,20211008,0500,129.170,129.300,129.170,129.270,240
EURJPY,20211008,0600,129.270,129.350,129.240,129.340,240
EURJPY,20211008,0700,129.340,129.400,129.240,129.390,240
EURJPY,20211008,0800,129.380,129.400,129.240,129.250,240
EURJPY,20211008,0900,129.250,129.250,129.070,129.180,240
EURJPY,20211008,1000,129.180,129.330,129.150,129.150,240
EURJPY,20211008,1100,129.100,129.410,129.080,129.350,240
EURJPY,20211008,1200,129.330,129.640,129.320,129.640,240
EURJPY,20211008,1300,129.640,129.770,129.630,129.770,240
EURJPY,20211008,1400,129.770,129.770,129.670,129.730,240
EURJPY,20211008,1500,129.730,129.760,129.700,129.730,240
EURJPY,20211008,1600,129.740,129.870,129.740,129.850,240
EURJPY,20211008,1700,129.860,129.880,129.820,129.830,240
EURJPY,20211008,1800,129.820,129.880,129.820,129.870,240
EURJPY,20211008,1900,129.820,129.820,129.820,129.820,4
EURJPY,20211010,2100,129.880,129.880,129.790,129.820,240
EURJPY,20211010,2200,129.830,129.960,129.820,129.960,240
EURJPY,20211010,2300,129.960,130.080,129.960,130.080,164
EURJPY,20211011,0000,130.040,130.210,130.030,130.200,240
EURJPY,20211011,0100,130.190,130.380,130.190,130.380,240
EURJPY,20211011,0200,130.390,130.390,130.290,130.390,240
EURJPY,20211011,0300,130.380,130.460,130.350,130.450,240
EURJPY,20211011,0400,130.440,130.550,130.430,130.540,240
EURJPY,20211011,0500,130.530,130.650,130.500,130.520,240
EURJPY,20211011,0600,130.520,130.680,130.520,130.640,240
EURJPY,20211011,0700,130.620,130.620,130.480,130.490,240
EURJPY,20211011,0800,130.510,130.620,130.480,130.600,240
EURJPY,20211011,0900,130.600,130.650,130.510,130.600,240
EURJPY,20211011,1000,130.620,130.950,130.600,130.850,240
EURJPY,20211011,1100,130.830,130.990,130.740,130.920,240
EURJPY,20211011,1200,130.920,131.150,130.920,131.090,240
EURJPY,20211011,1300,131.080,131.180,131.030,131.180,240
EURJPY,20211011,1400,131.180,131.200,131.090,131.100,240
EURJPY,20211011,1500,131.110,131.110,130.940,130.960,240
EURJPY,20211011,1600,130.950,130.990,130.910,130.990,240
EURJPY,20211011,1700,130.990,131.000,130.930,130.940,240
EURJPY,20211011,1800,130.930,130.960,130.880,130.920,240
EURJPY,20211011,1900,130.910,130.940,130.880,130.920,240
EURJPY,20211011,2000,130.930,130.990,130.920,130.940,240
EURJPY,20211011,2100,130.930,130.990,130.910,130.990,240
EURJPY,20211011,2200,130.990,131.070,130.920,131.000,240
EURJPY,20211011,2300,131.000,131.050,130.860,130.910,168
EURJPY,20211012,0000,130.900,130.960,130.870,130.890,240
EURJPY,20211012,0100,130.870,130.960,130.840,130.960,240
EURJPY,20211012,0200,130.950,130.980,130.910,130.960,240
EURJPY,20211012,0300,130.960,130.990,130.930,130.960,240
EURJPY,20211012,0400,130.980,130.990,130.740,130.770,240
EURJPY,20211012,0500,130.790,130.920,130.760,130.910,240
EURJPY,20211012,0600,130.900,131.140,130.900,131.060,240
EURJPY,20211012,0700,131.070,131.150,130.880,130.900,240
EURJPY,20211012,0800,130.900,130.980,130.880,130.950,240
EURJPY,20211012,0900,130.930,131.010,130.870,131.010,240
EURJPY,20211012,1000,131.020,131.230,130.980,131.170,240
EURJPY,20211012,1100,131.160,131.230,130.990,130.990,240
EURJPY,20211012,1200,131.000,131.240,130.900,131.190,240
EURJPY,20211012,1300,131.180,131.190,131.100,131.190,240
EURJPY,20211012,1400,131.180,131.190,130.980,130.990,240
EURJPY,20211012,1500,130.990,131.020,130.940,130.960,240
EURJPY,20211012,1600,130.960,131.040,130.950,131.020,240
EURJPY,20211012,1700,131.030,131.040,130.950,130.970,240
EURJPY,20211012,1800,130.980,131.030,130.960,130.970,240
EURJPY,20211012,1900,130.970,130.990,130.940,130.990,240
EURJPY,20211012,2000,130.990,131.000,130.940,130.970,240
EURJPY,20211012,2100,130.960,130.960,130.890,130.890,240
EURJPY,20211012,2200,130.900,131.010,130.870,130.910,240
EURJPY,20211012,2300,130.910,130.960,130.880,130.950,164
EURJPY,20211013,0000,130.970,131.060,130.960,130.970,240
EURJPY,20211013,0100,130.990,131.100,130.990,131.050,240
EURJPY,20211013,0200,131.040,131.070,131.040,131.060,240
EURJPY,20211013,0300,131.070,131.110,131.040,131.050,240
EURJPY,20211013,0400,131.050,131.090,130.990,131.090,240
EURJPY,20211013,0500,131.100,131.210,131.100,131.180,240
EURJPY,20211013,0600,131.170,131.250,131.100,131.220,240
EURJPY,20211013,0700,131.210,131.240,131.150,131.240,240
EURJPY,20211013,0800,131.240,131.330,131.240,131.250,240
EURJPY,20211013,0900,131.250,131.310,131.250,131.270,240
EURJPY,20211013,1000,131.280,131.300,131.150,131.180,240
EURJPY,20211013,1100,131.180,131.250,131.110,131.170,240
EURJPY,20211013,1200,131.150,131.190,130.990,131.190,240
EURJPY,20211013,1300,131.170,131.330,131.170,131.280,240
EURJPY,20211013,1400,131.270,131.320,131.220,131.320,240
EURJPY,20211013,1500,131.330,131.420,131.280,131.390,240
EURJPY,20211013,1600,131.370,131.440,131.360,131.360,240
EURJPY,20211013,1700,131.360,131.360,131.280,131.280,240
EURJPY,20211013,1800,131.280,131.360,131.280,131.310,240
EURJPY,20211013,1900,131.300,131.340,131.260,131.340,240
EURJPY,20211013,2000,131.340,131.340,131.280,131.310,240
EURJPY,20211013,2100,131.300,131.380,131.300,131.380,240
EURJPY,20211013,2200,131.380,131.480,131.360,131.460,240
EURJPY,20211013,2300,131.470,131.550,131.470,131.530,164
EURJPY,20211014,0000,131.570,131.580,131.530,131.580,240
EURJPY,20211014,0100,131.560,131.660,131.560,131.620,240
EURJPY,20211014,0200,131.630,131.650,131.580,131.580,240
EURJPY,20211014,0300,131.580,131.630,131.540,131.540,240
EURJPY,20211014,0400,131.550,131.700,131.530,131.590,240
EURJPY,20211014,0500,131.600,131.710,131.540,131.580,240
EURJPY,20211014,0600,131.580,131.770,131.540,131.730,240
EURJPY,20211014,0700,131.730,131.750,131.570,131.600,240
EURJPY,20211014,0800,131.570,131.670,131.500,131.660,240
EURJPY,20211014,0900,131.670,131.710,131.580,131.590,240
EURJPY,20211014,1000,131.590,131.730,131.570,131.720,240
EURJPY,20211014,1100,131.720,131.750,131.620,131.680,240
EURJPY,20211014,1200,131.680,131.750,131.650,131.740,240
EURJPY,20211014,1300,131.750,131.750,131.570,131.640,240
EURJPY,20211014,1400,131.630,131.670,131.570,131.670,240
EURJPY,20211014,1500,131.670,131.750,131.670,131.740,240
EURJPY,20211014,1600,131.750,131.800,131.720,131.800,240
EURJPY,20211014,1700,131.800,131.810,131.760,131.770,240
EURJPY,20211014,1800,131.780,131.830,131.780,131.820,240
EURJPY,20211014,1900,131.810,131.850,131.790,131.820,240
EURJPY,20211014,2000,131.820,131.920,131.820,131.880,240
EURJPY,20211014,2100,131.880,131.960,131.860,131.950,240
EURJPY,20211014,2200,131.920,132.040,131.910,132.020,240
EURJPY,20211014,2300,132.020,132.090,131.970,132.090,164
EURJPY,20211015,0000,132.130,132.230,132.070,132.230,240
EURJPY,20211015,0100,132.230,132.260,132.210,132.240,240
EURJPY,20211015,0200,132.240,132.300,132.230,132.290,240
EURJPY,20211015,0300,132.280,132.470,132.270,132.450,240
EURJPY,20211015,0400,132.460,132.460,132.300,132.420,240
EURJPY,20211015,0500,132.430,132.550,132.420,132.490,240
EURJPY,20211015,0600,132.480,132.590,132.480,132.570,240
EURJPY,20211015,0700,132.590,132.730,132.580,132.690,240
EURJPY,20211015,0800,132.680,132.730,132.570,132.730,240
EURJPY,20211015,0900,132.720,132.750,132.600,132.640,240
EURJPY,20211015,1000,132.640,132.660,132.500,132.630,240
EURJPY,20211015,1100,132.660,132.720,132.620,132.620,240
EURJPY,20211015,1200,132.600,132.610,132.300,132.310,240
EURJPY,20211015,1300,132.360,132.530,132.360,132.490,240
EURJPY,20211015,1400,132.500,132.510,132.400,132.460,240
EURJPY,20211015,1500,132.490,132.570,132.480,132.540,240
EURJPY,20211015,1600,132.540,132.580,132.500,132.580,240
EURJPY,20211015,1700,132.580,132.580,132.490,132.500,240
EURJPY,20211015,1800,132.500,132.570,132.500,132.520,240
EURJPY,20211015,1900,132.490,132.490,132.490,132.490,4
EURJPY,20211017,2100,132.600,132.600,132.540,132.570,240
EURJPY,20211017,2200,132.570,132.570,132.330,132.340,240
EURJPY,20211017,2300,132.340,132.340,132.140,132.230,164
EURJPY,20211018,0000,132.250,132.300,132.140,132.290,240
EURJPY,20211018,0100,132.290,132.540,132.290,132.460,240
EURJPY,20211018,0200,132.470,132.480,132.360,132.380,240
EURJPY,20211018,0300,132.380,132.420,132.310,132.340,240
EURJPY,20211018,0400,132.340,132.340,132.210,132.340,240
EURJPY,20211018,0500,132.330,132.520,132.290,132.480,240
EURJPY,20211018,0600,132.480,132.520,132.350,132.420,240
EURJPY,20211018,0700,132.420,132.480,132.390,132.450,240
EURJPY,20211018,0800,132.460,132.550,132.430,132.530,240
EURJPY,20211018,0900,132.500,132.590,132.440,132.590,240
EURJPY,20211018,1000,132.620,132.660,132.390,132.570,240
EURJPY,20211018,1100,132.560,132.660,132.450,132.450,240
EURJPY,20211018,1200,132.470,132.590,132.460,132.500,240
EURJPY,20211018,1300,132.520,132.600,132.470,132.580,240
EURJPY,20211018,1400,132.580,132.770,132.580,132.740,240
EURJPY,20211018,1500,132.730,132.730,132.590,132.600,240
EURJPY,20211018,1600,132.610,132.650,132.590,132.620,240
EURJPY,20211018,1700,132.640,132.720,132.630,132.710,240
EURJPY,20211018,1800,132.710,132.730,132.670,132.720,240
EURJPY,20211018,1900,132.720,132.730,132.700,132.720,240
EURJPY,20211018,2000,132.720,132.730,132.640,132.670,240
EURJPY,20211018,2100,132.670,132.710,132.650,132.710,240
EURJPY,20211018,2200,132.710,132.830,132.610,132.670,240
EURJPY,20211018,2300,132.660,132.790,132.650,132.770,168
EURJPY,20211019,0000,132.860,132.900,132.790,132.900,240
EURJPY,20211019,0100,132.910,132.940,132.820,132.910,240
EURJPY,20211019,0200,132.910,132.990,132.900,132.960,240
EURJPY,20211019,0300,132.950,132.990,132.950,132.960,240
EURJPY,20211019,0400,132.920,132.990,132.780,132.780,240
EURJPY,20211019,0500,132.760,132.860,132.710,132.840,240
EURJPY,20211019,0600,132.870,132.880,132.790,132.830,240
EURJPY,20211019,0700,132.840,133.130,132.800,133.110,240
EURJPY,20211019,0800,133.080,133.140,133.030,133.080,240
EURJPY,20211019,0900,133.080,133.140,133.070,133.080,240
EURJPY,20211019,1000,133.090,133.160,133.070,133.090,240
EURJPY,20211019,1100,133.070,133.110,132.980,133.100,240
EURJPY,20211019,1200,133.050,133.140,132.910,133.040,240
EURJPY,20211019,1300,133.010,133.030,132.870,132.900,240
EURJPY,20211019,1400,132.900,132.970,132.870,132.970,240
EURJPY,20211019,1500,132.970,133.000,132.950,133.000,240
EURJPY,20211019,1600,133.000,133.060,133.000,133.010,240
EURJPY,20211019,1700,133.010,133.030,132.980,133.030,240
EURJPY,20211019,1800,133.020,133.060,133.000,133.040,240
EURJPY,20211019,1900,133.030,133.040,133.000,133.010,240
EURJPY,20211019,2000,133.010,133.070,133.000,133.060,240
EURJPY,20211019,2100,133.070,133.240,133.070,133.200,240
EURJPY,20211019,2200,133.220,133.370,133.190,133.310,240
EURJPY,20211019,2300,133.340,133.340,133.210,133.320,164
EURJPY,20211020,0000,133.240,133.310,133.230,133.250,240
EURJPY,20211020,0100,133.250,133.300,133.240,133.300,240
EURJPY,20211020,0200,133.310,133.440,133.300,133.420,240
EURJPY,20211020,0300,133.420,133.460,133.360,133.400,240
EURJPY,20211020,0400,133.380,133.380,133.210,133.210,240
EURJPY,20211020,0500,133.170,133.170,132.870,132.900,240
EURJPY,20211020,0600,132.900,133.010,132.900,132.990,240
EURJPY,20211020,0700,133.010,133.050,132.980,133.010,240
EURJPY,20211020,0800,133.030,133.110,133.020,133.110,240
EURJPY,20211020,0900,133.110,133.110,132.940,132.940,240
EURJPY,20211020,1000,132.940,132.940,132.730,132.900,240
EURJPY,20211020,1100,132.900,133.080,132.840,133.070,240
EURJPY,20211020,1200,133.070,133.140,133.020,133.120,240
EURJPY,20211020,1300,133.110,133.120,132.960,132.970,240
EURJPY,20211020,1400,133.000,133.060,132.970,132.980,240
EURJPY,20211020,1500,132.980,133.100,132.980,133.060,240
EURJPY,20211020,1600,133.070,133.130,133.060,133.080,240
EURJPY,20211020,1700,133.080,133.150,133.080,133.110,240
EURJPY,20211020,1800,133.120,133.200,133.120,133.190,240
EURJPY,20211020,1900,133.170,133.190,133.100,133.170,240
EURJPY,20211020,2000,133.170,133.310,133.170,133.270,240
EURJPY,20211020,2100,133.270,133.280,133.240,133.270,240
EURJPY,20211020,2200,133.280,133.280,133.150,133.190,240
EURJPY,20211020,2300,133.200,133.320,133.190,133.300,168
EURJPY,20211021,0000,133.330,133.340,133.270,133.310,240
EURJPY,20211021,0100,133.310,133.330,133.180,133.210,240
EURJPY,20211021,0200,133.210,133.210,132.820,132.880,240
EURJPY,20211021,0300,132.910,132.950,132.780,132.840,240
EURJPY,20211021,0400,132.840,132.970,132.680,132.710,240
EURJPY,20211021,0500,132.730,132.840,132.630,132.790,240
EURJPY,20211021,0600,132.840,132.840,132.670,132.710,240
EURJPY,20211021,0700,132.720,132.830,132.710,132.770,240
EURJPY,20211021,0800,132.760,132.760,132.650,132.690,240
EURJPY,20211021,0900,132.700,132.920,132.650,132.920,240
EURJPY,20211021,1000,132.900,132.900,132.570,132.660,240
EURJPY,20211021,1100,132.660,132.660,132.370,132.450,240
EURJPY,20211021,1200,132.470,132.670,132.470,132.580,240
EURJPY,20211021,1300,132.590,132.610,132.370,132.410,240
EURJPY,20211021,1400,132.400,132.440,132.270,132.290,240
EURJPY,20211021,1500,132.260,132.360,132.250,132.330,240
EURJPY,20211021,1600,132.330,132.400,132.330,132.370,240
EURJPY,20211021,1700,132.390,132.510,132.390,132.510,240
EURJPY,20211021,1800,132.500,132.520,132.480,132.500,240
EURJPY,20211021,1900,132.490,132.530,132.460,132.530,240
EURJPY,20211021,2000,132.530,132.530,132.450,132.470,240
EURJPY,20211021,2100,132.470,132.490,132.290,132.340,240
EURJPY,20211021,2200,132.320,132.620,132.320,132.620,240
EURJPY,20211021,2300,132.640,132.760,132.610,132.740,168
EURJPY,20211022,0000,132.750,132.750,132.540,132.600,240
EURJPY,20211022,0100,132.600,132.660,132.570,132.590,240
EURJPY,20211022,0200,132.600,132.630,132.540,132.550,240
EURJPY,20211022,0300,132.560,132.590,132.480,132.510,240
EURJPY,20211022,0400,132.530,132.600,132.450,132.600,240
EURJPY,20211022,0500,132.590,132.760,132.550,132.560,240
EURJPY,20211022,0600,132.580,132.680,132.550,132.610,240
EURJPY,20211022,0700,132.620,132.650,132.500,132.520,240
EURJPY,20211022,0800,132.520,132.550,132.400,132.450,240
EURJPY,20211022,0900,132.410,132.500,132.400,132.440,240
EURJPY,20211022,1000,132.440,132.450,132.330,132.380,240
EURJPY,20211022,1100,132.350,132.510,132.290,132.440,240
EURJPY,20211022,1200,132.450,132.470,132.250,132.280,240
EURJPY,20211022,1300,132.270,132.460,132.020,132.120,240
EURJPY,20211022,1400,132.070,132.120,131.910,131.970,240
EURJPY,20211022,1500,131.970,132.030,131.940,131.990,240
EURJPY,20211022,1600,132.000,132.040,131.970,131.970,240
EURJPY,20211022,1700,131.970,132.050,131.960,132.050,240
EURJPY,20211022,1800,132.060,132.140,132.040,132.130,240
EURJPY,20211022,1900,132.130,132.130,132.130,132.130,4
EURJPY,20211024,2100,132.200,132.290,132.150,132.280,240
EURJPY,20211024,2200,132.280,132.430,132.200,132.390,240
EURJPY,20211024,2300,132.380,132.520,132.360,132.430,164
EURJPY,20211025,0000,132.300,132.520,132.270,132.480,240
EURJPY,20211025,0100,132.500,132.570,132.490,132.530,240
EURJPY,20211025,0200,132.520,132.520,132.470,132.490,240
EURJPY,20211025,0300,132.500,132.500,132.370,132.380,240
EURJPY,20211025,0400,132.400,132.450,132.320,132.410,240
EURJPY,20211025,0500,132.400,132.570,132.340,132.440,240
EURJPY,20211025,0600,132.450,132.490,132.270,132.310,240
EURJPY,20211025,0700,132.300,132.310,132.030,132.100,240
EURJPY,20211025,0800,132.090,132.180,132.040,132.160,240
EURJPY,20211025,0900,132.150,132.150,131.870,131.960,240
EURJPY,20211025,1000,131.960,132.020,131.850,132.020,240
EURJPY,20211025,1100,132.020,132.060,131.860,132.010,240
EURJPY,20211025,1200,131.990,132.010,131.910,131.930,240
EURJPY,20211025,1300,131.930,132.030,131.930,132.010,240
EURJPY,20211025,1400,132.000,132.010,131.940,131.980,240
EURJPY,20211025,1500,131.970,132.030,131.970,132.020,240
EURJPY,20211025,1600,132.010,132.020,131.970,132.020,240
EURJPY,20211025,1700,132.020,132.020,131.960,131.990,240
EURJPY,20211025,1800,132.010,132.030,131.990,132.010,240
EURJPY,20211025,1900,132.000,132.030,131.970,132.010,240
EURJPY,20211025,2000,132.020,132.030,131.990,132.020,240
EURJPY,20211025,2100,132.010,132.070,131.970,132.060,240
EURJPY,20211025,2200,132.060,132.090,131.960,132.070,240
EURJPY,20211025,2300,132.080,132.200,132.060,132.130,164
EURJPY,20211026,0000,132.080,132.150,132.060,132.140,240
EURJPY,20211026,0100,132.150,132.150,132.080,132.120,240
EURJPY,20211026,0200,132.130,132.190,132.090,132.190,240
EURJPY,20211026,0300,132.200,132.230,132.170,132.220,240
EURJPY,20211026,0400,132.220,132.220,132.130,132.170,240
EURJPY,20211026,0500,132.170,132.320,132.150,132.250,240
EURJPY,20211026,0600,132.250,132.340,132.230,132.310,240
EURJPY,20211026,0700,132.310,132.420,132.280,132.420,240
EURJPY,20211026,0800,132.430,132.510,132.370,132.500,240
EURJPY,20211026,0900,132.500,132.500,132.350,132.370,240
EURJPY,20211026,1000,132.350,132.650,132.350,132.590,240
EURJPY,20211026,1100,132.570,132.590,132.470,132.510,240
EURJPY,20211026,1200,132.530,132.620,132.430,132.430,240
EURJPY,20211026,1300,132.440,132.450,132.340,132.340,240
EURJPY,20211026,1400,132.350,132.350,132.240,132.290,240
EURJPY,20211026,1500,132.280,132.360,132.230,132.340,240
EURJPY,20211026,1600,132.350,132.390,132.340,132.370,240
EURJPY,20211026,1700,132.370,132.390,132.350,132.350,240
EURJPY,20211026,1800,132.350,132.390,132.340,132.350,240
EURJPY,20211026,1900,132.350,132.370,132.290,132.330,240
EURJPY,20211026,2000,132.320,132.390,132.320,132.340,240
EURJPY,20211026,2100,132.340,132.400,132.340,132.390,240
EURJPY,20211026,2200,132.390,132.450,132.320,132.430,240
EURJPY,20211026,2300,132.450,132.500,132.300,132.330,164
EURJPY,20211027,0000,132.280,132.350,132.230,132.250,240
EURJPY,20211027,0100,132.240,132.320,132.190,132.220,240
EURJPY,20211027,0200,132.220,132.260,132.170,132.260,240
EURJPY,20211027,0300,132.260,132.340,132.250,132.290,240
EURJPY,20211027,0400,132.280,132.320,132.220,132.310,240
EURJPY,20211027,0500,132.310,132.370,131.910,131.950,240
EURJPY,20211027,0600,131.970,131.990,131.760,131.810,240
EURJPY,20211027,0700,131.820,131.820,131.570,131.710,240
EURJPY,20211027,0800,131.720,131.860,131.720,131.850,240
EURJPY,20211027,0900,131.870,132.010,131.870,131.880,240
EURJPY,20211027,1000,131.880,132.160,131.870,132.070,240
EURJPY,20211027,1100,132.080,132.100,131.740,131.840,240
EURJPY,20211027,1200,131.830,132.150,131.810,131.830,240
EURJPY,20211027,1300,131.880,132.000,131.840,131.900,240
EURJPY,20211027,1400,131.930,131.980,131.840,131.980,240
EURJPY,20211027,1500,132.000,132.140,131.960,132.140,236
EURJPY,20211027,1600,132.150,132.160,132.070,132.080,240
EURJPY,20211027,1700,132.060,132.080,131.960,132.020,240
EURJPY,20211027,1800,132.020,132.070,132.020,132.040,240
EURJPY,20211027,1900,132.040,132.080,132.040,132.050,240
EURJPY,20211027,2000,132.050,132.100,132.010,132.010,240
EURJPY,20211027,2100,132.010,132.020,131.910,131.960,240
EURJPY,20211027,2200,131.950,131.990,131.910,131.940,240
EURJPY,20211027,2300,131.900,131.930,131.850,131.920,164
EURJPY,20211028,0000,131.900,131.900,131.770,131.860,240
EURJPY,20211028,0100,131.860,131.870,131.800,131.850,240
EURJPY,20211028,0200,131.850,131.850,131.730,131.780,240
EURJPY,20211028,0300,131.850,131.860,131.730,131.780,240
EURJPY,20211028,0400,131.790,131.790,131.720,131.740,240
EURJPY,20211028,0500,131.740,131.840,131.630,131.820,240
EURJPY,20211028,0600,131.810,131.920,131.620,131.690,240
EURJPY,20211028,0700,131.700,131.760,131.640,131.740,240
EURJPY,20211028,0800,131.740,131.810,131.720,131.790,240
EURJPY,20211028,0900,131.810,131.860,131.670,131.710,240
EURJPY,20211028,1000,131.740,132.200,131.570,132.180,240
EURJPY,20211028,1100,132.210,132.300,131.840,132.190,240
EURJPY,20211028,1200,132.240,132.470,132.220,132.350,240
EURJPY,20211028,1300,132.370,132.490,132.310,132.420,240
EURJPY,20211028,1400,132.470,132.490,132.430,132.470,240
EURJPY,20211028,1500,132.470,132.600,132.470,132.600,240
EURJPY,20211028,1600,132.600,132.600,132.530,132.550,240
EURJPY,20211028,1700,132.540,132.670,132.530,132.640,240
EURJPY,20211028,1800,132.640,132.680,132.630,132.660,240
EURJPY,20211028,1900,132.650,132.690,132.640,132.650,240
EURJPY,20211028,2000,132.650,132.670,132.630,132.670,240
EURJPY,20211028,2100,132.670,132.710,132.650,132.710,240
EURJPY,20211028,2200,132.710,132.890,132.620,132.640,240
EURJPY,20211028,2300,132.650,132.670,132.460,132.530,168
EURJPY,20211029,0000,132.620,132.620,132.520,132.600,240
EURJPY,20211029,0100,132.630,132.700,132.610,132.640,240
EURJPY,20211029,0200,132.620,132.710,132.550,132.550,240
EURJPY,20211029,0300,132.520,132.650,132.520,132.590,240
EURJPY,20211029,0400,132.590,132.590,132.390,132.460,240
EURJPY,20211029,0500,132.490,132.590,132.440,132.570,240
EURJPY,20211029,0600,132.560,132.600,132.440,132.460,240
EURJPY,20211029,0700,132.450,132.510,132.430,132.480,240
EURJPY,20211029,0800,132.490,132.560,132.430,132.510,240
EURJPY,20211029,0900,132.520,132.630,132.490,132.570,240
EURJPY,20211029,1000,132.600,132.660,132.330,132.370,240
EURJPY,20211029,1100,132.380,132.560,132.340,132.340,240
EURJPY,20211029,1200,132.360,132.360,131.840,131.930,240
EURJPY,20211029,1300,131.930,132.010,131.670,131.730,240
EURJPY,20211029,1400,131.710,131.710,131.590,131.620,240
EURJPY,20211029,1500,131.630,131.710,131.620,131.710,240
EURJPY,20211029,1600,131.710,131.720,131.640,131.680,240
EURJPY,20211029,1700,131.670,131.730,131.600,131.730,240
EURJPY,20211029,1800,131.730,131.810,131.690,131.810,240
EURJPY,20211029,1900,131.740,131.740,131.740,131.740,4
EURJPY,20211031,2200,131.880,131.970,131.870,131.930,236
EURJPY,20211031,2300,131.940,132.020,131.880,131.980,240
EURJPY,20211101,0000,132.000,132.030,131.780,131.780,240
EURJPY,20211101,0100,131.800,131.920,131.780,131.920,240
EURJPY,20211101,0200,131.910,131.910,131.790,131.800,240
EURJPY,20211101,0300,131.810,131.940,131.810,131.890,240
EURJPY,20211101,0400,131.890,131.970,131.890,131.960,240
EURJPY,20211101,0500,131.960,132.120,131.960,132.080,240
EURJPY,20211101,0600,132.080,132.140,131.990,132.100,240
EURJPY,20211101,0700,132.110,132.280,132.050,132.270,240
EURJPY,20211101,0800,132.290,132.370,132.220,132.220,240
EURJPY,20211101,0900,132.160,132.200,132.080,132.090,240
EURJPY,20211101,1000,132.110,132.200,132.070,132.190,240
EURJPY,20211101,1100,132.180,132.230,132.110,132.210,240
EURJPY,20211101,1200,132.180,132.250,132.110,132.180,240
EURJPY,20211101,1300,132.180,132.230,132.140,132.150,240
EURJPY,20211101,1400,132.140,132.240,132.000,132.230,240
EURJPY,20211101,1500,132.240,132.410,132.190,132.320,240
EURJPY,20211101,1600,132.350,132.350,132.220,132.330,240
EURJPY,20211101,1700,132.330,132.340,132.230,132.260,240
EURJPY,20211101,1800,132.260,132.280,132.170,132.260,240
EURJPY,20211101,1900,132.270,132.310,132.260,132.280,240
EURJPY,20211101,2000,132.300,132.320,132.260,132.300,240
EURJPY,20211101,2100,132.280,132.310,132.240,132.290,240
EURJPY,20211101,2200,132.290,132.350,132.270,132.320,240
EURJPY,20211101,2300,132.320,132.360,132.270,132.320,240
EURJPY,20211102,0000,132.320,132.330,132.220,132.300,240
EURJPY,20211102,0100,132.300,132.320,132.130,132.130,240
EURJPY,20211102,0200,132.140,132.190,132.120,132.140,240
EURJPY,20211102,0300,132.150,132.160,132.070,132.150,240
EURJPY,20211102,0400,132.150,132.170,131.850,131.870,240
EURJPY,20211102,0500,131.860,131.990,131.860,131.950,240
EURJPY,20211102,0600,131.940,131.940,131.840,131.880,240
EURJPY,20211102,0700,131.880,131.960,131.820,131.910,240
EURJPY,20211102,0800,131.920,131.930,131.560,131.560,240
EURJPY,20211102,0900,131.520,131.670,131.460,131.660,240
EURJPY,20211102,1000,131.650,131.740,131.580,131.740,240
EURJPY,20211102,1100,131.790,131.910,131.730,131.910,240
EURJPY,20211102,1200,131.900,132.060,131.840,132.040,240
EURJPY,20211102,1300,132.040,132.060,131.810,131.810,240
EURJPY,20211102,1400,131.840,131.910,131.750,131.900,240
EURJPY,20211102,1500,131.890,131.900,131.740,131.740,240
EURJPY,20211102,1600,131.770,131.920,131.740,131.830,240
EURJPY,20211102,1700,131.830,131.910,131.820,131.870,240
EURJPY,20211102,1800,131.880,131.980,131.840,131.950,240
EURJPY,20211102,1900,131.960,132.010,131.900,131.940,240
EURJPY,20211102,2000,131.960,131.980,131.920,131.950,240
EURJPY,20211102,2100,131.930,131.990,131.910,131.950,240
EURJPY,20211102,2200,131.940,131.980,131.940,131.940,240
EURJPY,20211102,2300,131.940,131.970,131.930,131.940,240
EURJPY,20211103,0000,131.940,131.940,131.830,131.840,240
EURJPY,20211103,0100,131.840,131.920,131.820,131.880,240
EURJPY,20211103,0200,131.890,131.890,131.840,131.880,240
EURJPY,20211103,0300,131.880,131.880,131.750,131.790,240
EURJPY,20211103,0400,131.800,131.830,131.770,131.830,240
EURJPY,20211103,0500,131.840,131.890,131.830,131.890,240
EURJPY,20211103,0600,131.900,131.900,131.810,131.830,240
EURJPY,20211103,0700,131.830,131.950,131.800,131.890,240
EURJPY,20211103,0800,131.890,131.960,131.860,131.910,240
EURJPY,20211103,0900,131.920,132.000,131.890,131.950,240
EURJPY,20211103,1000,131.960,131.960,131.830,131.950,240
EURJPY,20211103,1100,131.940,131.940,131.800,131.820,240
EURJPY,20211103,1200,131.820,131.920,131.740,131.890,240
EURJPY,20211103,1300,131.880,131.890,131.820,131.850,240
EURJPY,20211103,1400,131.840,132.110,131.840,132.070,240
EURJPY,20211103,1500,132.060,132.130,131.970,132.110,240
EURJPY,20211103,1600,132.110,132.120,132.040,132.100,240
EURJPY,20211103,1700,132.100,132.120,131.990,132.000,240
EURJPY,20211103,1800,131.990,132.270,131.990,132.270,240
EURJPY,20211103,1900,132.270,132.320,132.220,132.290,240
EURJPY,20211103,2000,132.300,132.390,132.280,132.390,240
EURJPY,20211103,2100,132.370,132.400,132.300,132.400,240
EURJPY,20211103,2200,132.390,132.390,132.330,132.340,240
EURJPY,20211103,2300,132.340,132.480,132.340,132.470,240
EURJPY,20211104,0000,132.470,132.520,132.430,132.500,240
EURJPY,20211104,0100,132.520,132.540,132.470,132.510,240
EURJPY,20211104,0200,132.520,132.520,132.460,132.460,240
EURJPY,20211104,0300,132.470,132.480,132.390,132.400,240
EURJPY,20211104,0400,132.390,132.410,132.330,132.330,240
EURJPY,20211104,0500,132.330,132.330,132.220,132.310,240
EURJPY,20211104,0600,132.280,132.300,132.210,132.240,240
EURJPY,20211104,0700,132.230,132.300,132.130,132.130,240
EURJPY,20211104,0800,132.140,132.140,131.610,131.680,240
EURJPY,20211104,0900,131.680,131.770,131.670,131.740,240
EURJPY,20211104,1000,131.720,131.720,131.500,131.530,240
EURJPY,20211104,1100,131.530,131.550,131.410,131.470,240
EURJPY,20211104,1200,131.490,131.750,131.420,131.670,240
EURJPY,20211104,1300,131.690,131.770,131.510,131.510,240
EURJPY,20211104,1400,131.480,131.480,131.040,131.100,240
EURJPY,20211104,1500,131.120,131.200,131.010,131.200,240
EURJPY,20211104,1600,131.180,131.370,131.180,131.280,240
EURJPY,20211104,1700,131.290,131.320,131.240,131.240,240
EURJPY,20211104,1800,131.240,131.400,131.240,131.380,240
EURJPY,20211104,1900,131.380,131.430,131.370,131.370,240
EURJPY,20211104,2000,131.390,131.460,131.380,131.420,240
EURJPY,20211104,2100,131.410,131.430,131.380,131.410,240
EURJPY,20211104,2200,131.410,131.520,131.400,131.470,240
EURJPY,20211104,2300,131.470,131.530,131.440,131.520,240
EURJPY,20211105,0000,131.520,131.520,131.350,131.370,240
EURJPY,20211105,0100,131.360,131.360,131.170,131.180,240
EURJPY,20211105,0200,131.180,131.280,131.130,131.240,240
EURJPY,20211105,0300,131.220,131.290,131.180,131.280,240
EURJPY,20211105,0400,131.270,131.330,131.230,131.330,240
EURJPY,20211105,0500,131.360,131.380,131.300,131.300,240
EURJPY,20211105,0600,131.290,131.320,131.260,131.310,240
EURJPY,20211105,0700,131.290,131.530,131.290,131.530,240
EURJPY,20211105,0800,131.500,131.560,131.380,131.380,240
EURJPY,20211105,0900,131.380,131.380,131.250,131.370,240
EURJPY,20211105,1000,131.350,131.350,131.260,131.320,240
EURJPY,20211105,1100,131.320,131.360,131.260,131.270,240
EURJPY,20211105,1200,131.270,131.370,131.160,131.160,240
EURJPY,20211105,1300,131.140,131.140,130.880,130.910,240
EURJPY,20211105,1400,130.890,131.000,130.830,130.900,240
EURJPY,20211105,1500,130.880,131.120,130.870,131.070,240
EURJPY,20211105,1600,131.050,131.100,131.010,131.090,240
EURJPY,20211105,1700,131.080,131.090,130.960,131.000,240
EURJPY,20211105,1800,131.000,131.020,130.930,130.960,240
EURJPY,20211105,1900,130.960,131.110,130.960,131.080,232
EURJPY,20211105,2000,131.090,131.180,131.060,131.150,232
EURJPY,20211105,2100,131.160,131.160,131.160,131.160,240
EURJPY,20211105,2200,131.160,131.160,131.160,131.160,4
EURJPY,20211107,2200,131.030,131.160,131.030,131.150,236
EURJPY,20211107,2300,131.130,131.300,131.130,131.260,240
EURJPY,20211108,0000,131.240,131.350,131.190,131.320,240
EURJPY,20211108,0100,131.330,131.340,131.220,131.240,240
EURJPY,20211108,0200,131.240,131.310,131.210,131.310,240
EURJPY,20211108,0300,131.310,131.390,131.300,131.320,240
EURJPY,20211108,0400,131.330,131.340,131.260,131.300,240
EURJPY,20211108,0500,131.300,131.310,131.260,131.280,240
EURJPY,20211108,0600,131.280,131.410,131.280,131.340,240
EURJPY,20211108,0700,131.340,131.340,131.200,131.260,240
EURJPY,20211108,0800,131.260,131.310,131.120,131.280,240
EURJPY,20211108,0900,131.280,131.340,131.090,131.090,240
EURJPY,20211108,1000,131.080,131.210,131.070,131.190,240
EURJPY,20211108,1100,131.180,131.300,131.160,131.300,240
EURJPY,20211108,1200,131.300,131.320,131.230,131.290,240
EURJPY,20211108,1300,131.290,131.310,131.120,131.120,240
EURJPY,20211108,1400,131.120,131.120,130.890,130.920,240
EURJPY,20211108,1500,130.910,131.180,130.900,131.150,240
EURJPY,20211108,1600,131.160,131.190,131.090,131.120,240
EURJPY,20211108,1700,131.130,131.190,131.130,131.180,240
EURJPY,20211108,1800,131.180,131.210,131.170,131.170,240
EURJPY,20211108,1900,131.170,131.210,131.140,131.210,240
EURJPY,20211108,2000,131.210,131.230,131.200,131.200,240
EURJPY,20211108,2100,131.200,131.220,131.170,131.170,240
EURJPY,20211108,2200,131.180,131.230,131.180,131.190,240
EURJPY,20211108,2300,131.190,131.240,131.170,131.210,240
EURJPY,20211109,0000,131.220,131.230,131.050,131.100,240
EURJPY,20211109,0100,131.090,131.110,130.950,130.980,240
EURJPY,20211109,0200,130.990,130.990,130.820,130.820,240
EURJPY,20211109,0300,130.830,130.850,130.670,130.700,240
EURJPY,20211109,0400,130.710,130.870,130.710,130.840,240
EURJPY,20211109,0500,130.820,130.880,130.760,130.790,240
EURJPY,20211109,0600,130.790,130.920,130.790,130.910,240
EURJPY,20211109,0700,130.920,130.940,130.790,130.850,240
EURJPY,20211109,0800,130.840,130.900,130.840,130.860,240
EURJPY,20211109,0900,130.850,130.850,130.720,130.820,240
EURJPY,20211109,1000,130.810,130.870,130.750,130.780,240
EURJPY,20211109,1100,130.780,130.850,130.780,130.780,240
EURJPY,20211109,1200,130.790,130.890,130.760,130.810,240
EURJPY,20211109,1300,130.820,130.880,130.760,130.840,240
EURJPY,20211109,1400,130.870,130.950,130.820,130.820,240
EURJPY,20211109,1500,130.820,130.850,130.720,130.800,240
EURJPY,20211109,1600,130.810,130.810,130.700,130.780,240
EURJPY,20211109,1700,130.780,130.840,130.750,130.780,240
EURJPY,20211109,1800,130.770,130.860,130.750,130.750,240
EURJPY,20211109,1900,130.760,130.830,130.760,130.820,240
EURJPY,20211109,2000,130.800,130.870,130.800,130.860,240
EURJPY,20211109,2100,130.860,130.880,130.830,130.860,240
EURJPY,20211109,2200,130.850,130.870,130.820,130.870,240
EURJPY,20211109,2300,130.860,130.930,130.860,130.890,240
EURJPY,20211110,0000,130.890,130.920,130.780,130.810,240
EURJPY,20211110,0100,130.810,130.880,130.730,130.880,240
EURJPY,20211110,0200,130.860,130.870,130.680,130.730,240
EURJPY,20211110,0300,130.730,130.750,130.650,130.680,240
EURJPY,20211110,0400,130.700,130.720,130.640,130.710,240
EURJPY,20211110,0500,130.710,130.710,130.660,130.670,240
EURJPY,20211110,0600,130.670,130.780,130.670,130.750,240
EURJPY,20211110,0700,130.750,130.840,130.710,130.820,240
EURJPY,20211110,0800,130.820,130.880,130.780,130.810,240
EURJPY,20211110,0900,130.810,131.110,130.790,131.090,240
EURJPY,20211110,1000,131.070,131.070,130.970,130.970,240
EURJPY,20211110,1100,130.970,130.970,130.730,130.730,240
EURJPY,20211110,1200,130.750,130.900,130.710,130.900,240
EURJPY,20211110,1300,130.900,131.040,130.840,131.040,240
EURJPY,20211110,1400,131.050,131.360,131.050,131.350,240
EURJPY,20211110,1500,131.380,131.380,131.060,131.190,240
EURJPY,20211110,1600,131.170,131.290,131.130,131.170,240
EURJPY,20211110,1700,131.170,131.200,131.120,131.140,240
EURJPY,20211110,1800,131.150,131.160,130.830,130.870,240
EURJPY,20211110,1900,130.860,130.870,130.690,130.690,240
EURJPY,20211110,2000,130.690,130.760,130.630,130.710,240
EURJPY,20211110,2100,130.710,130.790,130.700,130.710,240
EURJPY,20211110,2200,130.720,130.770,130.700,130.710,240
EURJPY,20211110,2300,130.720,130.790,130.700,130.790,240
EURJPY,20211111,0000,130.810,130.900,130.760,130.820,240
EURJPY,20211111,0100,130.810,130.970,130.800,130.900,240
EURJPY,20211111,0200,130.910,130.960,130.820,130.830,240
EURJPY,20211111,0300,130.830,130.870,130.780,130.800,240
EURJPY,20211111,0400,130.810,130.810,130.690,130.810,240
EURJPY,20211111,0500,130.820,130.820,130.730,130.750,240
EURJPY,20211111,0600,130.780,130.840,130.750,130.770,240
EURJPY,20211111,0700,130.770,130.870,130.680,130.740,240
EURJPY,20211111,0800,130.730,130.850,130.630,130.800,240
EURJPY,20211111,0900,130.810,130.810,130.620,130.730,236
EURJPY,20211111,1000,130.750,130.820,130.640,130.650,240
EURJPY,20211111,1100,130.630,130.710,130.530,130.680,240
EURJPY,20211111,1200,130.690,130.710,130.580,130.620,240
EURJPY,20211111,1300,130.610,130.610,130.440,130.480,240
EURJPY,20211111,1400,130.480,130.690,130.460,130.670,240
EURJPY,20211111,1500,130.690,130.760,130.580,130.710,240
EURJPY,20211111,1600,130.700,130.720,130.640,130.680,240
EURJPY,20211111,1700,130.680,130.700,130.600,130.610,240
EURJPY,20211111,1800,130.620,130.620,130.560,130.600,240
EURJPY,20211111,1900,130.600,130.600,130.530,130.540,240
EURJPY,20211111,2000,130.560,130.580,130.520,130.550,240
EURJPY,20211111,2100,130.550,130.600,130.550,130.570,240
EURJPY,20211111,2200,130.580,130.600,130.550,130.580,240
EURJPY,20211111,2300,130.580,130.580,130.520,130.540,240
EURJPY,20211112,0000,130.540,130.720,130.540,130.700,240
EURJPY,20211112,0100,130.690,130.710,130.640,130.680,240
EURJPY,20211112,0200,130.690,130.690,130.640,130.680,240
EURJPY,20211112,0300,130.680,130.700,130.630,130.680,240
EURJPY,20211112,0400,130.680,130.700,130.640,130.700,240
EURJPY,20211112,0500,130.710,130.720,130.630,130.660,240
EURJPY,20211112,0600,130.670,130.720,130.650,130.710,240
EURJPY,20211112,0700,130.710,130.740,130.570,130.570,240
EURJPY,20211112,0800,130.580,130.580,130.470,130.570,240
EURJPY,20211112,0900,130.570,130.570,130.420,130.470,240
EURJPY,20211112,1000,130.460,130.540,130.420,130.520,240
EURJPY,20211112,1100,130.520,130.590,130.500,130.580,240
EURJPY,20211112,1200,130.570,130.570,130.460,130.480,240
EURJPY,20211112,1300,130.480,130.510,130.410,130.410,240
EURJPY,20211112,1400,130.420,130.460,130.290,130.360,240
EURJPY,20211112,1500,130.360,130.410,130.250,130.390,240
EURJPY,20211112,1600,130.380,130.400,130.300,130.330,240
EURJPY,20211112,1700,130.310,130.400,130.310,130.380,240
EURJPY,20211112,1800,130.390,130.390,130.270,130.300,240
EURJPY,20211112,1900,130.300,130.390,130.300,130.390,240
EURJPY,20211112,2000,130.380,130.390,130.300,130.320,240
EURJPY,20211112,2100,130.320,130.360,130.300,130.340,240
EURJPY,20211112,2200,130.330,130.330,130.330,130.330,4
EURJPY,20211114,2200,130.410,130.420,130.390,130.400,236
EURJPY,20211114,2300,130.400,130.480,130.380,130.400,240
EURJPY,20211115,0000,130.400,130.460,130.350,130.460,240
EURJPY,20211115,0100,130.460,130.460,130.330,130.350,240
EURJPY,20211115,0200,130.370,130.450,130.370,130.440,240
EURJPY,20211115,0300,130.440,130.480,130.410,130.440,240
EURJPY,20211115,0400,130.440,130.460,130.410,130.430,240
EURJPY,20211115,0500,130.420,130.440,130.380,130.440,240
EURJPY,20211115,0600,130.430,130.550,130.410,130.530,240
EURJPY,20211115,0700,130.550,130.580,130.450,130.450,240
EURJPY,20211115,0800,130.460,130.480,130.350,130.430,240
EURJPY,20211115,0900,130.450,130.450,130.300,130.300,240
EURJPY,20211115,1000,130.290,130.390,130.290,130.320,240
EURJPY,20211115,1100,130.340,130.360,130.270,130.350,240
EURJPY,20211115,1200,130.310,130.400,130.280,130.290,240
EURJPY,20211115,1300,130.260,130.340,130.240,130.320,240
EURJPY,20211115,1400,130.320,130.390,130.280,130.310,240
EURJPY,20211115,1500,130.330,130.400,130.120,130.150,240
EURJPY,20211115,1600,130.140,130.160,130.080,130.120,240
EURJPY,20211115,1700,130.140,130.140,129.740,129.860,240
EURJPY,20211115,1800,129.860,129.860,129.790,129.820,240
EURJPY,20211115,1900,129.830,129.890,129.830,129.880,240
EURJPY,20211115,2000,129.870,129.890,129.680,129.680,240
EURJPY,20211115,2100,129.670,129.770,129.670,129.720,240
EURJPY,20211115,2200,129.720,129.760,129.680,129.720,240
EURJPY,20211115,2300,129.710,129.770,129.680,129.710,240
EURJPY,20211116,0000,129.710,129.900,129.710,129.860,240
EURJPY,20211116,0100,129.850,130.020,129.820,130.020,240
EURJPY,20211116,0200,130.030,130.050,129.920,129.920,240
EURJPY,20211116,0300,129.920,129.970,129.920,129.940,240
EURJPY,20211116,0400,129.920,129.930,129.810,129.840,240
EURJPY,20211116,0500,129.840,129.910,129.830,129.900,240
EURJPY,20211116,0600,129.900,129.970,129.850,129.970,240
EURJPY,20211116,0700,129.980,130.010,129.810,129.830,240
EURJPY,20211116,0800,129.840,129.860,129.650,129.730,240
EURJPY,20211116,0900,129.720,129.770,129.660,129.750,240
EURJPY,20211116,1000,129.740,129.940,129.740,129.850,240
EURJPY,20211116,1100,129.840,129.930,129.830,129.890,240
EURJPY,20211116,1200,129.880,130.090,129.850,130.010,240
EURJPY,20211116,1300,130.000,130.010,129.720,129.990,240
EURJPY,20211116,1400,130.000,130.040,129.860,130.030,240
EURJPY,20211116,1500,130.030,130.040,129.870,129.890,240
EURJPY,20211116,1600,129.890,129.960,129.850,129.890,236
EURJPY,20211116,1700,129.890,129.900,129.740,129.810,240
EURJPY,20211116,1800,129.820,129.860,129.780,129.800,240
EURJPY,20211116,1900,129.820,129.870,129.770,129.780,240
EURJPY,20211116,2000,129.770,129.890,129.750,129.890,240
EURJPY,20211116,2100,129.880,129.970,129.850,129.960,240
EURJPY,20211116,2200,129.960,130.000,129.930,129.990,240
EURJPY,20211116,2300,130.000,130.060,129.970,130.020,240
EURJPY,20211117,0000,130.040,130.040,129.960,129.980,240
EURJPY,20211117,0100,129.970,130.000,129.900,129.960,240
EURJPY,20211117,0200,129.960,130.000,129.910,129.950,240
EURJPY,20211117,0300,129.950,129.960,129.500,129.680,240
EURJPY,20211117,0400,129.680,129.810,129.680,129.710,240
EURJPY,20211117,0500,129.740,129.820,129.710,129.820,240
EURJPY,20211117,0600,129.810,129.860,129.710,129.810,240
EURJPY,20211117,0700,129.810,129.980,129.780,129.870,240
EURJPY,20211117,0800,129.850,130.000,129.820,129.930,240
EURJPY,20211117,0900,129.940,129.970,129.850,129.900,240
EURJPY,20211117,1000,129.890,129.890,129.780,129.790,240
EURJPY,20211117,1100,129.790,129.900,129.780,129.870,240
EURJPY,20211117,1200,129.900,129.900,129.790,129.810,240
EURJPY,20211117,1300,129.790,129.790,129.620,129.630,240
EURJPY,20211117,1400,129.620,129.770,129.620,129.630,240
EURJPY,20211117,1500,129.630,129.630,129.390,129.500,240
EURJPY,20211117,1600,129.480,129.520,129.380,129.420,240
EURJPY,20211117,1700,129.440,129.470,129.080,129.100,240
EURJPY,20211117,1800,129.100,129.140,129.030,129.090,240
EURJPY,20211117,1900,129.080,129.120,129.030,129.110,240
EURJPY,20211117,2000,129.110,129.220,129.100,129.190,240
EURJPY,20211117,2100,129.180,129.200,129.150,129.150,240
EURJPY,20211117,2200,129.120,129.230,129.120,129.180,240
EURJPY,20211117,2300,129.180,129.250,129.180,129.230,236
EURJPY,20211118,0000,129.220,129.300,129.160,129.300,240
EURJPY,20211118,0100,129.300,129.300,129.090,129.110,240
EURJPY,20211118,0200,129.130,129.260,129.080,129.240,240
EURJPY,20211118,0300,129.240,129.260,129.160,129.250,240
EURJPY,20211118,0400,129.240,129.250,129.160,129.170,240
EURJPY,20211118,0500,129.170,129.330,129.170,129.200,240
EURJPY,20211118,0600,129.210,129.280,129.200,129.220,240
EURJPY,20211118,0700,129.220,129.290,129.140,129.230,240
EURJPY,20211118,0800,129.220,129.390,129.200,129.360,240
EURJPY,20211118,0900,129.380,129.410,129.290,129.340,240
EURJPY,20211118,1000,129.360,129.450,129.350,129.420,236
EURJPY,20211118,1100,129.420,129.530,129.400,129.520,240
EURJPY,20211118,1200,129.510,129.550,129.440,129.460,240
EURJPY,20211118,1300,129.450,129.660,129.450,129.590,240
EURJPY,20211118,1400,129.600,129.790,129.570,129.720,240
EURJPY,20211118,1500,129.740,129.770,129.600,129.650,240
EURJPY,20211118,1600,129.670,129.740,129.650,129.700,240
EURJPY,20211118,1700,129.700,129.870,129.700,129.870,240
EURJPY,20211118,1800,129.870,129.910,129.820,129.840,240
EURJPY,20211118,1900,129.840,129.900,129.840,129.890,240
EURJPY,20211118,2000,129.900,129.920,129.870,129.890,240
EURJPY,20211118,2100,129.890,129.920,129.880,129.920,240
EURJPY,20211118,2200,129.910,129.920,129.880,129.910,240
EURJPY,20211118,2300,129.910,129.950,129.890,129.910,240
EURJPY,20211119,0000,129.900,129.960,129.880,129.900,240
EURJPY,20211119,0100,129.900,129.900,129.780,129.830,240
EURJPY,20211119,0200,129.810,129.850,129.790,129.830,240
EURJPY,20211119,0300,129.830,129.880,129.830,129.840,240
EURJPY,20211119,0400,129.840,129.850,129.810,129.810,240
EURJPY,20211119,0500,129.810,129.840,129.790,129.810,240
EURJPY,20211119,0600,129.800,129.830,129.780,129.820,240
EURJPY,20211119,0700,129.810,129.830,129.720,129.720,240
EURJPY,20211119,0800,129.720,129.740,129.560,129.590,240
EURJPY,20211119,0900,129.590,129.590,128.660,128.810,240
EURJPY,20211119,1000,128.800,128.890,128.490,128.790,240
EURJPY,20211119,1100,128.780,128.780,128.520,128.550,240
EURJPY,20211119,1200,128.510,128.510,127.990,128.000,240
EURJPY,20211119,1300,128.040,128.570,127.970,128.440,240
EURJPY,20211119,1400,128.460,128.970,128.410,128.820,240
EURJPY,20211119,1500,128.750,128.970,128.650,128.790,240
EURJPY,20211119,1600,128.850,128.910,128.690,128.760,240
EURJPY,20211119,1700,128.780,128.820,128.720,128.750,240
EURJPY,20211119,1800,128.750,128.800,128.570,128.570,240
EURJPY,20211119,1900,128.590,128.630,128.560,128.610,240
EURJPY,20211119,2000,128.610,128.690,128.610,128.660,240
EURJPY,20211119,2100,128.660,128.680,128.610,128.620,240
EURJPY,20211119,2200,128.610,128.610,128.610,128.610,4
EURJPY,20211121,2200,128.670,128.690,128.570,128.670,236
EURJPY,20211121,2300,128.680,128.690,128.560,128.660,240
EURJPY,20211122,0000,128.670,128.730,128.620,128.650,240
EURJPY,20211122,0100,128.660,128.850,128.610,128.610,240
EURJPY,20211122,0200,128.660,128.730,128.580,128.610,240
EURJPY,20211122,0300,128.630,128.660,128.580,128.610,240
EURJPY,20211122,0400,128.600,128.720,128.600,128.710,240
EURJPY,20211122,0500,128.710,128.710,128.620,128.710,240
EURJPY,20211122,0600,128.700,128.710,128.620,128.650,240
EURJPY,20211122,0700,128.620,128.750,128.600,128.640,240
EURJPY,20211122,0800,128.600,128.710,128.560,128.590,240
EURJPY,20211122,0900,128.580,128.780,128.580,128.690,240
EURJPY,20211122,1000,128.720,128.850,128.710,128.810,240
EURJPY,20211122,1100,128.820,128.860,128.550,128.620,240
EURJPY,20211122,1200,128.670,128.710,128.650,128.670,240
EURJPY,20211122,1300,128.680,128.730,128.610,128.730,240
EURJPY,20211122,1400,128.750,129.000,128.750,128.970,240
EURJPY,20211122,1500,129.000,129.070,128.940,129.010,240
EURJPY,20211122,1600,129.020,129.300,129.020,129.090,240
EURJPY,20211122,1700,129.130,129.170,129.060,129.140,240
EURJPY,20211122,1800,129.140,129.190,129.110,129.140,240
EURJPY,20211122,1900,129.150,129.150,129.070,129.100,240
EURJPY,20211122,2000,129.080,129.120,129.020,129.030,240
EURJPY,20211122,2100,129.030,129.070,129.020,129.020,240
EURJPY,20211122,2200,129.050,129.100,129.040,129.050,240
EURJPY,20211122,2300,129.030,129.080,129.020,129.040,240
EURJPY,20211123,0000,129.030,129.050,128.970,128.990,240
EURJPY,20211123,0100,128.980,129.030,128.980,129.030,240
EURJPY,20211123,0200,129.020,129.280,129.020,129.270,240
EURJPY,20211123,0300,129.290,129.360,129.290,129.300,240
EURJPY,20211123,0400,129.300,129.330,129.290,129.300,240
EURJPY,20211123,0500,129.310,129.330,129.260,129.310,240
EURJPY,20211123,0600,129.300,129.330,129.280,129.310,240
EURJPY,20211123,0700,129.320,129.350,129.000,129.030,240
EURJPY,20211123,0800,129.060,129.170,128.970,129.110,240
EURJPY,20211123,0900,129.120,129.270,129.120,129.200,240
EURJPY,20211123,1000,129.200,129.310,129.170,129.240,240
EURJPY,20211123,1100,129.230,129.260,129.140,129.260,240
EURJPY,20211123,1200,129.240,129.330,129.200,129.280,240
EURJPY,20211123,1300,129.260,129.380,129.250,129.350,240
EURJPY,20211123,1400,129.360,129.410,129.280,129.390,240
EURJPY,20211123,1500,129.390,129.510,129.350,129.510,240
EURJPY,20211123,1600,129.490,129.570,129.410,129.520,240
EURJPY,20211123,1700,129.520,129.520,129.400,129.400,240
EURJPY,20211123,1800,129.400,129.440,129.280,129.420,240
EURJPY,20211123,1900,129.420,129.440,129.330,129.420,240
EURJPY,20211123,2000,129.440,129.520,129.410,129.520,240
EURJPY,20211123,2100,129.530,129.550,129.490,129.490,240
EURJPY,20211123,2200,129.490,129.510,129.450,129.470,240
EURJPY,20211123,2300,129.460,129.510,129.440,129.470,240
EURJPY,20211124,0000,129.460,129.520,129.400,129.520,240
EURJPY,20211124,0100,129.500,129.530,129.380,129.390,240
EURJPY,20211124,0200,129.400,129.400,129.260,129.290,240
EURJPY,20211124,0300,129.290,129.320,129.250,129.260,240
EURJPY,20211124,0400,129.270,129.270,129.150,129.210,240
EURJPY,20211124,0500,129.230,129.290,129.140,129.140,240
EURJPY,20211124,0600,129.150,129.260,129.150,129.230,240
EURJPY,20211124,0700,129.240,129.250,129.140,129.170,240
EURJPY,20211124,0800,129.180,129.240,129.080,129.160,240
EURJPY,20211124,0900,129.110,129.250,128.750,128.850,240
EURJPY,20211124,1000,128.840,129.040,128.810,128.960,240
EURJPY,20211124,1100,128.950,129.020,128.920,128.980,240
EURJPY,20211124,1200,128.970,129.100,128.960,129.040,240
EURJPY,20211124,1300,129.010,129.110,128.950,129.020,240
EURJPY,20211124,1400,129.040,129.280,128.970,129.180,240
EURJPY,20211124,1500,129.190,129.290,129.130,129.220,240
EURJPY,20211124,1600,129.220,129.220,129.070,129.100,240
EURJPY,20211124,1700,129.120,129.240,129.060,129.240,240
EURJPY,20211124,1800,129.240,129.250,129.180,129.230,240
EURJPY,20211124,1900,129.230,129.300,129.210,129.260,240
EURJPY,20211124,2000,129.280,129.280,129.230,129.260,240
EURJPY,20211124,2100,129.260,129.270,129.230,129.240,240
EURJPY,20211124,2200,129.250,129.290,129.250,129.280,240
EURJPY,20211124,2300,129.270,129.330,129.270,129.280,240
EURJPY,20211125,0000,129.270,129.360,129.250,129.280,240
EURJPY,20211125,0100,129.270,129.340,129.240,129.290,240
EURJPY,20211125,0200,129.300,129.350,129.300,129.340,236
EURJPY,20211125,0300,129.340,129.390,129.340,129.360,240
EURJPY,20211125,0400,129.360,129.360,129.340,129.360,240
EURJPY,20211125,0500,129.360,129.370,129.320,129.360,240
EURJPY,20211125,0600,129.360,129.400,129.360,129.380,240
EURJPY,20211125,0700,129.390,129.430,129.330,129.390,240
EURJPY,20211125,0800,129.390,129.460,129.370,129.460,240
EURJPY,20211125,0900,129.460,129.470,129.380,129.450,240
EURJPY,20211125,1000,129.450,129.500,129.390,129.410,240
EURJPY,20211125,1100,129.420,129.440,129.370,129.370,240
EURJPY,20211125,1200,129.380,129.460,129.320,129.340,240
EURJPY,20211125,1300,129.330,129.440,129.330,129.360,240
EURJPY,20211125,1400,129.370,129.370,129.300,129.320,240
EURJPY,20211125,1500,129.340,129.340,129.280,129.310,240
EURJPY,20211125,1600,129.300,129.350,129.300,129.310,240
EURJPY,20211125,1700,129.320,129.320,129.270,129.280,240
EURJPY,20211125,1800,129.290,129.310,129.260,129.300,240
EURJPY,20211125,1900,129.290,129.310,129.270,129.310,240
EURJPY,20211125,2000,129.310,129.310,129.270,129.280,240
EURJPY,20211125,2100,129.280,129.310,129.260,129.300,240
EURJPY,20211125,2200,129.300,129.310,129.240,129.260,240
EURJPY,20211125,2300,129.270,129.270,128.920,128.950,240
EURJPY,20211126,0000,128.970,128.990,128.620,128.940,240
EURJPY,20211126,0100,128.920,129.030,128.820,128.840,240
EURJPY,20211126,0200,128.840,128.890,128.650,128.710,240
EURJPY,20211126,0300,128.720,128.730,128.610,128.660,240
EURJPY,20211126,0400,128.650,128.760,128.570,128.730,240
EURJPY,20211126,0500,128.720,128.750,128.650,128.660,240
EURJPY,20211126,0600,128.670,128.680,128.440,128.650,240
EURJPY,20211126,0700,128.650,128.700,128.220,128.280,240
EURJPY,20211126,0800,128.230,128.670,128.050,128.590,240
EURJPY,20211126,0900,128.610,128.750,128.280,128.380,240
EURJPY,20211126,1000,128.360,128.650,128.360,128.580,240
EURJPY,20211126,1100,128.610,128.680,128.440,128.440,240
EURJPY,20211126,1200,128.440,128.700,128.420,128.700,240
EURJPY,20211126,1300,128.700,128.900,128.490,128.590,240
EURJPY,20211126,1400,128.560,128.570,128.180,128.260,240
EURJPY,20211126,1500,128.230,128.270,127.920,127.950,240
EURJPY,20211126,1600,128.060,128.310,128.020,128.170,240
EURJPY,20211126,1700,128.190,128.210,127.860,127.910,240
EURJPY,20211126,1800,127.790,128.100,127.790,128.080,240
EURJPY,20211126,1900,128.070,128.130,128.010,128.050,240
EURJPY,20211126,2000,128.050,128.140,128.050,128.100,240
EURJPY,20211126,2100,128.090,128.490,128.090,128.310,240
EURJPY,20211126,2200,128.310,128.310,128.310,128.310,4
EURJPY,20211128,2200,128.490,128.490,128.180,128.240,236
EURJPY,20211128,2300,128.260,128.480,128.130,128.410,240
EURJPY,20211129,0000,128.400,128.540,128.310,128.330,240
EURJPY,20211129,0100,128.340,128.380,128.050,128.210,240
EURJPY,20211129,0200,128.230,128.230,128.060,128.060,240
EURJPY,20211129,0300,128.020,128.210,128.020,128.200,240
EURJPY,20211129,0400,128.210,128.250,128.030,128.030,240
EURJPY,20211129,0500,128.040,128.070,127.730,127.730,240
EURJPY,20211129,0600,127.740,127.750,127.490,127.740,240
EURJPY,20211129,0700,127.710,127.940,127.670,127.900,240
EURJPY,20211129,0800,127.920,127.920,127.670,127.740,240
EURJPY,20211129,0900,127.750,128.000,127.740,127.900,240
EURJPY,20211129,1000,127.900,128.070,127.890,127.990,240
EURJPY,20211129,1100,128.000,128.170,128.000,128.100,240
EURJPY,20211129,1200,128.090,128.260,128.050,128.130,240
EURJPY,20211129,1300,128.140,128.260,128.120,128.130,240
EURJPY,20211129,1400,128.130,128.330,128.100,128.240,240
EURJPY,20211129,1500,128.270,128.320,127.930,127.970,240
EURJPY,20211129,1600,127.990,128.150,127.990,128.090,240
EURJPY,20211129,1700,128.090,128.210,128.060,128.170,240
EURJPY,20211129,1800,128.180,128.210,128.140,128.170,240
EURJPY,20211129,1900,128.180,128.240,128.150,128.210,240
EURJPY,20211129,2000,128.180,128.230,128.160,128.180,240
EURJPY,20211129,2100,128.180,128.230,128.150,128.200,240
EURJPY,20211129,2200,128.190,128.270,128.130,128.260,240
EURJPY,20211129,2300,128.270,128.570,128.270,128.490,240
EURJPY,20211130,0000,128.490,128.530,128.410,128.440,240
EURJPY,20211130,0100,128.430,128.480,128.360,128.410,240
EURJPY,20211130,0200,128.410,128.520,128.350,128.520,240
EURJPY,20211130,0300,128.540,128.540,128.400,128.420,240
EURJPY,20211130,0400,128.400,128.400,128.280,128.290,240
EURJPY,20211130,0500,128.280,128.280,127.850,127.950,240
EURJPY,20211130,0600,127.910,128.090,127.850,128.080,240
EURJPY,20211130,0700,128.140,128.240,127.970,128.190,240
EURJPY,20211130,0800,128.200,128.280,128.030,128.090,240
EURJPY,20211130,0900,128.110,128.270,128.040,128.220,240
EURJPY,20211130,1000,128.220,128.290,128.160,128.220,240
EURJPY,20211130,1100,128.200,128.320,128.070,128.320,240
EURJPY,20211130,1200,128.300,128.310,128.190,128.240,240
EURJPY,20211130,1300,128.230,128.250,128.100,128.190,240
EURJPY,20211130,1400,128.190,128.250,128.050,128.140,240
EURJPY,20211130,1500,128.130,128.330,127.740,127.740,240
EURJPY,20211130,1600,127.800,128.020,127.640,127.730,240
EURJPY,20211130,1700,127.760,127.990,127.650,127.910,240
EURJPY,20211130,1800,127.920,127.990,127.880,127.890,240
EURJPY,20211130,1900,127.910,128.070,127.910,128.020,240
EURJPY,20211130,2000,128.060,128.160,128.040,128.160,240
EURJPY,20211130,2100,128.170,128.290,128.150,128.290,240
EURJPY,20211130,2200,128.280,128.320,128.210,128.320,240
EURJPY,20211130,2300,128.320,128.450,128.290,128.330,240
EURJPY,20211201,0000,128.360,128.360,128.190,128.300,240
EURJPY,20211201,0100,128.310,128.490,128.280,128.450,240
EURJPY,20211201,0200,128.450,128.450,128.360,128.450,240
EURJPY,20211201,0300,128.450,128.490,128.380,128.460,240
EURJPY,20211201,0400,128.470,128.570,128.440,128.570,240
EURJPY,20211201,0500,128.590,128.610,128.520,128.580,240
EURJPY,20211201,0600,128.590,128.760,128.570,128.670,240
EURJPY,20211201,0700,128.670,128.700,128.330,128.610,240
EURJPY,20211201,0800,128.620,128.690,128.300,128.350,240
EURJPY,20211201,0900,128.350,128.570,128.350,128.480,240
EURJPY,20211201,1000,128.490,128.550,128.390,128.450,240
EURJPY,20211201,1100,128.450,128.490,128.310,128.310,240
EURJPY,20211201,1200,128.340,128.370,128.250,128.270,240
EURJPY,20211201,1300,128.280,128.310,128.180,128.230,240
EURJPY,20211201,1400,128.250,128.260,128.090,128.100,240
EURJPY,20211201,1500,128.090,128.200,128.020,128.020,240
EURJPY,20211201,1600,128.040,128.050,127.710,127.740,240
EURJPY,20211201,1700,127.740,127.820,127.660,127.690,240
EURJPY,20211201,1800,127.660,127.730,127.560,127.730,240
EURJPY,20211201,1900,127.730,127.750,127.590,127.670,240
EURJPY,20211201,2000,127.630,127.660,127.580,127.630,240
EURJPY,20211201,2100,127.590,127.670,127.590,127.650,240
EURJPY,20211201,2200,127.640,127.680,127.540,127.680,240
EURJPY,20211201,2300,127.670,127.800,127.660,127.750,240
EURJPY,20211202,0000,127.750,127.870,127.690,127.840,240
EURJPY,20211202,0100,127.830,128.050,127.770,128.050,240
EURJPY,20211202,0200,128.060,128.180,127.960,128.120,240
EURJPY,20211202,0300,128.120,128.120,128.020,128.070,240
EURJPY,20211202,0400,128.090,128.120,127.940,127.990,240
EURJPY,20211202,0500,127.990,128.030,127.940,128.030,240
EURJPY,20211202,0600,128.010,128.120,127.970,128.120,240
EURJPY,20211202,0700,128.110,128.170,128.060,128.100,240
EURJPY,20211202,0800,128.090,128.190,128.050,128.170,240
EURJPY,20211202,0900,128.200,128.200,128.080,128.150,240
EURJPY,20211202,1000,128.120,128.150,127.930,128.100,240
EURJPY,20211202,1100,128.110,128.150,128.000,128.040,240
EURJPY,20211202,1200,128.050,128.070,127.870,127.970,240
EURJPY,20211202,1300,127.940,127.980,127.790,127.890,240
EURJPY,20211202,1400,127.890,128.100,127.790,128.040,240
EURJPY,20211202,1500,128.060,128.060,127.730,127.830,240
EURJPY,20211202,1600,127.830,127.910,127.810,127.850,240
EURJPY,20211202,1700,127.860,127.950,127.850,127.920,240
EURJPY,20211202,1800,127.930,127.930,127.820,127.870,240
EURJPY,20211202,1900,127.880,127.950,127.830,127.830,240
EURJPY,20211202,2000,127.830,127.880,127.800,127.830,240
EURJPY,20211202,2100,127.860,127.900,127.840,127.900,240
EURJPY,20211202,2200,127.780,127.940,127.760,127.920,240
EURJPY,20211202,2300,127.910,127.930,127.750,127.750,240
EURJPY,20211203,0000,127.760,127.840,127.700,127.810,240
EURJPY,20211203,0100,127.820,127.840,127.670,127.750,240
EURJPY,20211203,0200,127.740,127.790,127.730,127.750,240
EURJPY,20211203,0300,127.750,127.830,127.740,127.810,240
EURJPY,20211203,0400,127.810,127.900,127.790,127.880,240
EURJPY,20211203,0500,127.890,127.960,127.870,127.930,240
EURJPY,20211203,0600,127.920,127.920,127.830,127.880,240
EURJPY,20211203,0700,127.870,128.020,127.850,128.020,240
EURJPY,20211203,0800,128.010,128.170,127.950,127.960,240
EURJPY,20211203,0900,127.980,128.000,127.920,127.990,240
EURJPY,20211203,1000,128.000,128.110,127.970,128.030,240
EURJPY,20211203,1100,128.050,128.180,128.020,128.140,240
EURJPY,20211203,1200,128.140,128.220,127.990,128.000,240
EURJPY,20211203,1300,128.000,128.240,127.910,128.240,240
EURJPY,20211203,1400,128.260,128.310,127.940,128.000,240
EURJPY,20211203,1500,128.040,128.040,127.570,127.670,240
EURJPY,20211203,1600,127.690,127.800,127.600,127.630,240
EURJPY,20211203,1700,127.620,127.680,127.560,127.580,240
EURJPY,20211203,1800,127.600,127.640,127.490,127.500,240
EURJPY,20211203,1900,127.480,127.540,127.410,127.410,240
EURJPY,20211203,2000,127.380,127.520,127.380,127.510,240
EURJPY,20211203,2100,127.520,127.610,127.480,127.570,240
EURJPY,20211203,2200,127.580,127.580,127.580,127.580,4
EURJPY,20211205,2200,127.570,127.700,127.560,127.660,236
EURJPY,20211205,2300,127.660,127.810,127.660,127.770,240
EURJPY,20211206,0000,127.770,127.770,127.550,127.660,240
EURJPY,20211206,0100,127.640,127.660,127.550,127.630,240
EURJPY,20211206,0200,127.630,127.660,127.550,127.580,240
EURJPY,20211206,0300,127.570,127.590,127.520,127.590,240
EURJPY,20211206,0400,127.590,127.600,127.550,127.580,240
EURJPY,20211206,0500,127.550,127.600,127.530,127.530,240
EURJPY,20211206,0600,127.520,127.590,127.500,127.590,240
EURJPY,20211206,0700,127.580,127.630,127.530,127.570,240
EURJPY,20211206,0800,127.560,127.780,127.560,127.760,240
EURJPY,20211206,0900,127.780,127.950,127.780,127.900,240
EURJPY,20211206,1000,127.930,127.990,127.900,127.920,240
EURJPY,20211206,1100,127.910,127.950,127.820,127.830,240
EURJPY,20211206,1200,127.820,127.840,127.690,127.710,240
EURJPY,20211206,1300,127.710,127.910,127.710,127.860,240
EURJPY,20211206,1400,127.890,127.910,127.640,127.820,240
EURJPY,20211206,1500,127.830,127.870,127.730,127.860,240
EURJPY,20211206,1600,127.870,127.950,127.820,127.820,240
EURJPY,20211206,1700,127.820,127.930,127.820,127.930,240
EURJPY,20211206,1800,127.950,128.040,127.950,128.030,240
EURJPY,20211206,1900,128.040,128.070,127.980,127.980,240
EURJPY,20211206,2000,127.990,128.020,127.950,128.010,240
EURJPY,20211206,2100,128.020,128.070,128.000,128.060,240
EURJPY,20211206,2200,128.050,128.060,128.030,128.040,240
EURJPY,20211206,2300,128.040,128.060,128.000,128.010,240
EURJPY,20211207,0000,128.010,128.030,127.940,128.000,240
EURJPY,20211207,0100,128.000,128.120,127.990,128.120,240
EURJPY,20211207,0200,128.100,128.160,128.060,128.100,240
EURJPY,20211207,0300,128.110,128.210,128.110,128.210,240
EURJPY,20211207,0400,128.200,128.300,128.200,128.260,240
EURJPY,20211207,0500,128.250,128.380,128.250,128.340,240
EURJPY,20211207,0600,128.350,128.440,128.300,128.400,240
EURJPY,20211207,0700,128.400,128.420,128.240,128.260,240
EURJPY,20211207,0800,128.270,128.360,128.160,128.190,240
EURJPY,20211207,0900,128.170,128.170,127.950,128.140,240
EURJPY,20211207,1000,128.120,128.140,127.850,127.860,240
EURJPY,20211207,1100,127.880,127.940,127.790,127.820,240
EURJPY,20211207,1200,127.810,127.810,127.670,127.730,240
EURJPY,20211207,1300,127.710,127.860,127.600,127.840,240
EURJPY,20211207,1400,127.850,127.850,127.660,127.790,240
EURJPY,20211207,1500,127.790,127.840,127.700,127.840,240
EURJPY,20211207,1600,127.810,127.810,127.670,127.760,240
EURJPY,20211207,1700,127.770,127.860,127.760,127.860,240
EURJPY,20211207,1800,127.860,127.860,127.710,127.800,240
EURJPY,20211207,1900,127.810,127.920,127.760,127.920,240
EURJPY,20211207,2000,127.940,127.950,127.820,127.830,240
EURJPY,20211207,2100,127.840,127.970,127.840,127.960,240
EURJPY,20211207,2200,127.940,128.020,127.940,127.960,240
EURJPY,20211207,2300,127.960,127.960,127.900,127.940,240
EURJPY,20211208,0000,127.960,128.010,127.810,128.010,240
EURJPY,20211208,0100,128.000,128.000,127.880,127.960,240
EURJPY,20211208,0200,127.970,128.170,127.970,128.140,240
EURJPY,20211208,0300,128.150,128.150,128.080,128.110,240
EURJPY,20211208,0400,128.110,128.160,128.110,128.150,240
EURJPY,20211208,0500,128.160,128.180,128.110,128.140,240
EURJPY,20211208,0600,128.160,128.200,128.110,128.110,240
EURJPY,20211208,0700,128.100,128.130,127.920,127.960,240
EURJPY,20211208,0800,127.980,128.170,127.980,128.140,240
EURJPY,20211208,0900,128.120,128.160,128.040,128.110,240
EURJPY,20211208,1000,128.080,128.140,128.000,128.020,240
EURJPY,20211208,1100,128.030,128.260,127.930,128.200,240
EURJPY,20211208,1200,128.190,128.480,128.140,128.420,240
EURJPY,20211208,1300,128.440,128.850,128.420,128.800,240
EURJPY,20211208,1400,128.850,128.850,128.650,128.690,240
EURJPY,20211208,1500,128.700,129.040,128.680,129.040,240
EURJPY,20211208,1600,129.040,129.070,128.910,128.940,240
EURJPY,20211208,1700,128.940,129.070,128.920,128.970,240
EURJPY,20211208,1800,128.970,128.980,128.890,128.960,240
EURJPY,20211208,1900,128.960,129.010,128.910,128.990,240
EURJPY,20211208,2000,128.990,129.010,128.960,128.990,240
EURJPY,20211208,2100,128.970,129.030,128.940,128.940,240
EURJPY,20211208,2200,128.940,129.000,128.890,128.980,240
EURJPY,20211208,2300,128.990,128.990,128.940,128.950,240
EURJPY,20211209,0000,128.950,129.040,128.950,129.020,240
EURJPY,20211209,0100,129.000,129.010,128.880,128.880,240
EURJPY,20211209,0200,128.870,128.930,128.870,128.880,240
EURJPY,20211209,0300,128.880,128.890,128.810,128.810,240
EURJPY,20211209,0400,128.800,128.840,128.740,128.760,240
EURJPY,20211209,0500,128.770,128.790,128.690,128.690,240
EURJPY,20211209,0600,128.690,128.770,128.690,128.730,240
EURJPY,20211209,0700,128.740,128.740,128.460,128.460,240
EURJPY,20211209,0800,128.460,128.460,128.350,128.430,240
EURJPY,20211209,0900,128.430,128.560,128.410,128.520,240
EURJPY,20211209,1000,128.510,128.520,128.390,128.410,240
EURJPY,20211209,1100,128.420,128.490,128.370,128.420,240
EURJPY,20211209,1200,128.430,128.430,128.240,128.240,240
EURJPY,20211209,1300,128.270,128.330,128.190,128.250,240
EURJPY,20211209,1400,128.250,128.360,128.220,128.260,240
EURJPY,20211209,1500,128.250,128.280,127.920,127.990,240
EURJPY,20211209,1600,127.990,128.100,127.980,128.100,240
EURJPY,20211209,1700,128.100,128.190,128.100,128.190,240
EURJPY,20211209,1800,128.180,128.260,128.130,128.150,240
EURJPY,20211209,1900,128.160,128.190,128.070,128.070,240
EURJPY,20211209,2000,128.060,128.100,128.010,128.100,240
EURJPY,20211209,2100,128.110,128.130,128.080,128.110,240
EURJPY,20211209,2200,128.130,128.180,128.050,128.120,240
EURJPY,20211209,2300,128.130,128.130,128.090,128.100,240
EURJPY,20211210,0000,128.100,128.140,128.000,128.000,240
EURJPY,20211210,0100,128.010,128.080,127.920,128.070,240
EURJPY,20211210,0200,128.080,128.210,128.080,128.210,240
EURJPY,20211210,0300,128.230,128.310,128.210,128.250,240
EURJPY,20211210,0400,128.250,128.280,128.220,128.230,240
EURJPY,20211210,0500,128.240,128.250,128.160,128.160,240
EURJPY,20211210,0600,128.140,128.290,128.140,128.250,240
EURJPY,20211210,0700,128.260,128.300,128.170,128.250,240
EURJPY,20211210,0800,128.250,128.300,128.200,128.300,240
EURJPY,20211210,0900,128.280,128.280,128.170,128.230,240
EURJPY,20211210,1000,128.230,128.240,128.110,128.140,240
EURJPY,20211210,1100,128.140,128.240,128.140,128.160,240
EURJPY,20211210,1200,128.160,128.220,128.160,128.210,240
EURJPY,20211210,1300,128.200,128.360,128.110,128.200,240
EURJPY,20211210,1400,128.180,128.180,127.810,127.960,240
EURJPY,20211210,1500,127.960,128.200,127.880,128.200,240
EURJPY,20211210,1600,128.170,128.270,128.070,128.230,240
EURJPY,20211210,1700,128.230,128.290,128.180,128.260,240
EURJPY,20211210,1800,128.270,128.330,128.270,128.280,240
EURJPY,20211210,1900,128.290,128.340,128.260,128.260,240
EURJPY,20211210,2000,128.280,128.340,128.280,128.330,240
EURJPY,20211210,2100,128.340,128.360,128.290,128.290,240
EURJPY,20211210,2200,128.280,128.280,128.280,128.280,4
EURJPY,20211212,2200,128.140,128.310,128.140,128.290,236
EURJPY,20211212,2300,128.310,128.430,128.280,128.370,240
EURJPY,20211213,0000,128.370,128.420,128.350,128.370,240
EURJPY,20211213,0100,128.370,128.420,128.320,128.330,240
EURJPY,20211213,0200,128.330,128.350,128.240,128.250,240
EURJPY,20211213,0300,128.240,128.290,128.230,128.280,240
EURJPY,20211213,0400,128.270,128.300,128.160,128.170,240
EURJPY,20211213,0500,128.190,128.220,128.160,128.200,240
EURJPY,20211213,0600,128.200,128.220,128.130,128.130,240
EURJPY,20211213,0700,128.130,128.190,128.090,128.180,240
EURJPY,20211213,0800,128.180,128.260,128.090,128.090,240
EURJPY,20211213,0900,128.110,128.140,128.020,128.100,240
EURJPY,20211213,1000,128.110,128.140,128.020,128.050,240
EURJPY,20211213,1100,128.070,128.190,128.040,128.110,240
EURJPY,20211213,1200,128.100,128.200,128.060,128.100,240
EURJPY,20211213,1300,128.090,128.260,128.090,128.250,240
EURJPY,20211213,1400,128.230,128.290,128.080,128.140,240
EURJPY,20211213,1500,128.120,128.130,128.000,128.040,240
EURJPY,20211213,1600,128.040,128.120,128.010,128.100,240
EURJPY,20211213,1700,128.110,128.210,128.100,128.130,240
EURJPY,20211213,1800,128.130,128.170,128.120,128.140,240
EURJPY,20211213,1900,128.140,128.160,128.120,128.150,240
EURJPY,20211213,2000,128.130,128.200,128.120,128.200,240
EURJPY,20211213,2100,128.170,128.180,128.140,128.170,240
EURJPY,20211213,2200,128.150,128.150,128.100,128.150,240
EURJPY,20211213,2300,128.130,128.150,128.120,128.130,240
EURJPY,20211214,0000,128.140,128.140,128.050,128.140,240
EURJPY,20211214,0100,128.140,128.180,128.090,128.180,240
EURJPY,20211214,0200,128.170,128.190,128.120,128.190,240
EURJPY,20211214,0300,128.200,128.210,128.010,128.020,240
EURJPY,20211214,0400,128.040,128.090,128.030,128.070,240
EURJPY,20211214,0500,128.070,128.100,128.040,128.090,240
EURJPY,20211214,0600,128.090,128.170,128.070,128.130,240
EURJPY,20211214,0700,128.120,128.200,128.070,128.170,240
EURJPY,20211214,0800,128.140,128.260,128.110,128.200,240
EURJPY,20211214,0900,128.230,128.410,128.200,128.360,240
EURJPY,20211214,1000,128.360,128.500,128.360,128.500,240
EURJPY,20211214,1100,128.480,128.520,128.450,128.500,240
EURJPY,20211214,1200,128.490,128.530,128.400,128.400,240
EURJPY,20211214,1300,128.400,128.440,128.280,128.390,240
EURJPY,20211214,1400,128.390,128.470,128.330,128.420,240
EURJPY,20211214,1500,128.420,128.460,128.160,128.160,240
EURJPY,20211214,1600,128.180,128.190,128.020,128.020,240
EURJPY,20211214,1700,128.010,128.140,128.010,128.110,240
EURJPY,20211214,1800,128.110,128.110,128.060,128.080,240
EURJPY,20211214,1900,128.080,128.100,128.000,128.030,240
EURJPY,20211214,2000,128.010,128.050,127.990,128.000,240
EURJPY,20211214,2100,127.990,128.040,127.990,128.040,240
EURJPY,20211214,2200,128.030,128.050,128.000,128.020,240
EURJPY,20211214,2300,128.020,128.030,127.980,128.020,240
EURJPY,20211215,0000,128.020,128.180,128.020,128.150,240
EURJPY,20211215,0100,128.140,128.160,128.070,128.140,228
EURJPY,20211215,0200,128.140,128.140,128.030,128.050,240
EURJPY,20211215,0300,128.060,128.090,128.010,128.090,240
EURJPY,20211215,0400,128.080,128.120,128.080,128.120,240
EURJPY,20211215,0500,128.130,128.160,128.110,128.140,240
EURJPY,20211215,0600,128.140,128.180,128.110,128.150,240
EURJPY,20211215,0700,128.150,128.150,128.070,128.080,240
EURJPY,20211215,0800,128.090,128.200,128.090,128.160,240
EURJPY,20211215,0900,128.150,128.190,128.140,128.170,240
EURJPY,20211215,1000,128.190,128.250,128.160,128.210,240
EURJPY,20211215,1100,128.230,128.230,128.160,128.230,240
EURJPY,20211215,1200,128.230,128.310,128.220,128.230,240
EURJPY,20211215,1300,128.240,128.320,128.170,128.320,240
EURJPY,20211215,1400,128.320,128.320,128.010,128.080,240
EURJPY,20211215,1500,128.080,128.200,128.050,128.060,240
EURJPY,20211215,1600,128.070,128.170,128.040,128.150,240
EURJPY,20211215,1700,128.150,128.270,128.140,128.270,240
EURJPY,20211215,1800,128.240,128.280,128.210,128.210,240
EURJPY,20211215,1900,128.230,128.570,128.180,128.570,240
EURJPY,20211215,2000,128.510,128.770,128.500,128.690,240
EURJPY,20211215,2100,128.710,128.800,128.710,128.800,240
EURJPY,20211215,2200,128.740,128.820,128.720,128.780,240
EURJPY,20211215,2300,128.770,128.920,128.770,128.860,240
EURJPY,20211216,0000,128.850,128.890,128.780,128.800,240
EURJPY,20211216,0100,128.800,128.840,128.700,128.770,240
EURJPY,20211216,0200,128.760,128.810,128.710,128.810,240
EURJPY,20211216,0300,128.820,128.830,128.780,128.780,240
EURJPY,20211216,0400,128.780,128.800,128.720,128.750,240
EURJPY,20211216,0500,128.740,128.830,128.730,128.800,240
EURJPY,20211216,0600,128.810,128.900,128.800,128.890,240
EURJPY,20211216,0700,128.890,129.060,128.860,128.990,240
EURJPY,20211216,0800,128.990,129.120,128.970,129.120,240
EURJPY,20211216,0900,129.110,129.120,129.060,129.120,240
EURJPY,20211216,1000,129.110,129.120,128.950,128.960,240
EURJPY,20211216,1100,128.980,128.980,128.900,128.920,240
EURJPY,20211216,1200,128.940,129.420,128.920,129.310,240
EURJPY,20211216,1300,129.310,129.580,129.290,129.580,240
EURJPY,20211216,1400,129.600,129.600,128.720,128.720,240
EURJPY,20211216,1500,128.740,128.840,128.500,128.570,240
EURJPY,20211216,1600,128.590,128.630,128.450,128.530,240
EURJPY,20211216,1700,128.550,128.600,128.450,128.590,240
EURJPY,20211216,1800,128.590,128.710,128.560,128.680,240
EURJPY,20211216,1900,128.670,128.690,128.580,128.620,240
EURJPY,20211216,2000,128.620,128.820,128.550,128.790,240
EURJPY,20211216,2100,128.770,128.830,128.760,128.810,240
EURJPY,20211216,2200,128.780,128.860,128.780,128.860,240
EURJPY,20211216,2300,128.840,128.840,128.770,128.810,240
EURJPY,20211217,0000,128.810,128.950,128.760,128.930,240
EURJPY,20211217,0100,128.910,128.930,128.630,128.690,240
EURJPY,20211217,0200,128.680,128.730,128.620,128.640,240
EURJPY,20211217,0300,128.640,128.680,128.540,128.540,240
EURJPY,20211217,0400,128.570,128.740,128.530,128.740,240
EURJPY,20211217,0500,128.750,128.870,128.700,128.870,240
EURJPY,20211217,0600,128.870,128.870,128.670,128.680,240
EURJPY,20211217,0700,128.680,128.700,128.610,128.640,240
EURJPY,20211217,0800,128.640,128.750,128.590,128.690,240
EURJPY,20211217,0900,128.710,128.740,128.610,128.710,240
EURJPY,20211217,1000,128.720,128.720,128.510,128.520,240
EURJPY,20211217,1100,128.520,128.530,128.370,128.400,240
EURJPY,20211217,1200,128.410,128.420,128.220,128.290,240
EURJPY,20211217,1300,128.280,128.320,128.140,128.140,240
EURJPY,20211217,1400,128.130,128.230,128.010,128.130,240
EURJPY,20211217,1500,128.160,128.170,128.010,128.110,240
EURJPY,20211217,1600,128.100,128.110,127.980,128.040,240
EURJPY,20211217,1700,128.050,128.110,127.990,128.020,240
EURJPY,20211217,1800,128.030,128.040,127.970,127.970,240
EURJPY,20211217,1900,127.970,128.000,127.890,127.910,240
EURJPY,20211217,2000,127.910,127.920,127.800,127.800,240
EURJPY,20211217,2100,127.800,127.850,127.740,127.750,240
EURJPY,20211217,2200,127.770,127.770,127.770,127.770,4
EURJPY,20211219,2200,127.700,127.780,127.690,127.750,236
EURJPY,20211219,2300,127.750,127.750,127.620,127.630,240
EURJPY,20211220,0000,127.610,127.780,127.610,127.750,240
EURJPY,20211220,0100,127.760,127.770,127.610,127.610,240
EURJPY,20211220,0200,127.560,127.730,127.520,127.730,240
EURJPY,20211220,0300,127.750,127.750,127.640,127.660,240
EURJPY,20211220,0400,127.660,127.690,127.630,127.670,240
EURJPY,20211220,0500,127.670,127.680,127.580,127.680,240
EURJPY,20211220,0600,127.670,127.690,127.610,127.630,240
EURJPY,20211220,0700,127.620,127.700,127.510,127.700,240
EURJPY,20211220,0800,127.690,127.840,127.650,127.780,240
EURJPY,20211220,0900,127.790,127.830,127.670,127.800,240
EURJPY,20211220,1000,127.800,128.030,127.780,127.990,240
EURJPY,20211220,1100,127.990,128.130,127.930,128.110,240
EURJPY,20211220,1200,128.110,128.120,127.910,127.910,240
EURJPY,20211220,1300,127.890,128.270,127.890,128.200,240
EURJPY,20211220,1400,128.190,128.280,128.110,128.210,240
EURJPY,20211220,1500,128.240,128.250,127.980,127.980,240
EURJPY,20211220,1600,128.000,128.160,127.980,128.120,240
EURJPY,20211220,1700,128.140,128.220,128.040,128.080,240
EURJPY,20211220,1800,128.080,128.190,128.050,128.180,240
EURJPY,20211220,1900,128.180,128.260,128.170,128.210,240
EURJPY,20211220,2000,128.190,128.220,128.130,128.170,240
EURJPY,20211220,2100,128.170,128.180,128.110,128.120,240
EURJPY,20211220,2200,128.120,128.180,128.100,128.130,240
EURJPY,20211220,2300,128.130,128.160,128.110,128.150,240
EURJPY,20211221,0000,128.150,128.160,128.100,128.110,240
EURJPY,20211221,0100,128.120,128.250,128.040,128.230,240
EURJPY,20211221,0200,128.220,128.280,128.200,128.240,240
EURJPY,20211221,0300,128.260,128.270,128.200,128.220,240
EURJPY,20211221,0400,128.220,128.220,128.160,128.210,240
EURJPY,20211221,0500,128.220,128.280,128.190,128.260,240
EURJPY,20211221,0600,128.270,128.300,128.240,128.270,240
EURJPY,20211221,0700,128.260,128.410,128.220,128.290,240
EURJPY,20211221,0800,128.280,128.380,128.260,128.360,240
EURJPY,20211221,0900,128.360,128.410,128.310,128.330,240
EURJPY,20211221,1000,128.340,128.430,128.310,128.350,240
EURJPY,20211221,1100,128.350,128.350,128.180,128.290,240
EURJPY,20211221,1200,128.290,128.430,128.290,128.430,240
EURJPY,20211221,1300,128.410,128.500,128.360,128.440,240
EURJPY,20211221,1400,128.430,128.460,128.300,128.370,240
EURJPY,20211221,1500,128.330,128.550,128.250,128.450,240
EURJPY,20211221,1600,128.480,128.620,128.470,128.610,240
EURJPY,20211221,1700,128.620,128.690,128.580,128.680,240
EURJPY,20211221,1800,128.670,128.680,128.590,128.680,240
EURJPY,20211221,1900,128.680,128.730,128.660,128.720,240
EURJPY,20211221,2000,128.710,128.720,128.660,128.700,240
EURJPY,20211221,2100,128.710,128.750,128.680,128.750,240
EURJPY,20211221,2200,128.740,128.800,128.640,128.670,240
EURJPY,20211221,2300,128.670,128.690,128.590,128.640,240
EURJPY,20211222,0000,128.650,128.810,128.650,128.780,240
EURJPY,20211222,0100,128.770,128.840,128.760,128.770,240
EURJPY,20211222,0200,128.770,128.770,128.570,128.630,240
EURJPY,20211222,0300,128.620,128.660,128.610,128.650,240
EURJPY,20211222,0400,128.650,128.650,128.590,128.640,240
EURJPY,20211222,0500,128.650,128.680,128.570,128.610,240
EURJPY,20211222,0600,128.610,128.670,128.540,128.600,240
EURJPY,20211222,0700,128.590,128.670,128.560,128.620,240
EURJPY,20211222,0800,128.610,128.840,128.610,128.820,240
EURJPY,20211222,0900,128.830,128.970,128.770,128.970,240
EURJPY,20211222,1000,128.940,129.090,128.940,129.040,240
EURJPY,20211222,1100,129.040,129.140,129.040,129.090,240
EURJPY,20211222,1200,129.070,129.150,129.070,129.090,240
EURJPY,20211222,1300,129.100,129.170,129.040,129.160,240
EURJPY,20211222,1400,129.150,129.220,129.060,129.170,240
EURJPY,20211222,1500,129.150,129.410,129.150,129.410,240
EURJPY,20211222,1600,129.400,129.470,129.290,129.330,240
EURJPY,20211222,1700,129.330,129.420,129.310,129.380,240
EURJPY,20211222,1800,129.370,129.400,129.320,129.320,240
EURJPY,20211222,1900,129.310,129.370,129.290,129.360,240
EURJPY,20211222,2000,129.360,129.360,129.300,129.330,240
EURJPY,20211222,2100,129.330,129.330,129.240,129.240,240
EURJPY,20211222,2200,129.220,129.270,129.140,129.200,240
EURJPY,20211222,2300,129.200,129.250,129.190,129.240,240
EURJPY,20211223,0000,129.250,129.460,129.240,129.420,240
EURJPY,20211223,0100,129.420,129.420,129.380,129.420,240
EURJPY,20211223,0200,129.420,129.430,129.380,129.410,240
EURJPY,20211223,0300,129.420,129.420,129.370,129.380,240
EURJPY,20211223,0400,129.380,129.410,129.380,129.410,240
EURJPY,20211223,0500,129.410,129.450,129.410,129.440,240
EURJPY,20211223,0600,129.430,129.510,129.430,129.480,240
EURJPY,20211223,0700,129.470,129.490,129.410,129.420,240
EURJPY,20211223,0800,129.410,129.440,129.310,129.310,240
EURJPY,20211223,0900,129.330,129.390,129.280,129.390,240
EURJPY,20211223,1000,129.380,129.500,129.380,129.470,240
EURJPY,20211223,1100,129.440,129.460,129.310,129.390,240
EURJPY,20211223,1200,129.400,129.440,129.270,129.290,240
EURJPY,20211223,1300,129.290,129.370,129.160,129.160,240
EURJPY,20211223,1400,129.130,129.310,129.040,129.310,240
EURJPY,20211223,1500,129.320,129.550,129.320,129.370,240
EURJPY,20211223,1600,129.360,129.510,129.310,129.480,240
EURJPY,20211223,1700,129.500,129.690,129.480,129.670,240
EURJPY,20211223,1800,129.680,129.710,129.660,129.670,240
EURJPY,20211223,1900,129.660,129.710,129.640,129.710,240
EURJPY,20211223,2000,129.700,129.700,129.650,129.650,240
EURJPY,20211223,2100,129.630,129.630,129.560,129.560,240
EURJPY,20211223,2200,129.590,129.670,129.580,129.610,240
EURJPY,20211223,2300,129.620,129.660,129.590,129.590,240
EURJPY,20211224,0000,129.590,129.660,129.530,129.530,240
EURJPY,20211224,0100,129.500,129.560,129.480,129.500,240
EURJPY,20211224,0200,129.500,129.530,129.470,129.530,240
EURJPY,20211224,0300,129.530,129.540,129.490,129.510,240
EURJPY,20211224,0400,129.510,129.550,129.470,129.540,240
EURJPY,20211224,0500,129.550,129.680,129.550,129.610,240
EURJPY,20211224,0600,129.600,129.620,129.560,129.580,240
EURJPY,20211224,0700,129.580,129.610,129.550,129.570,240
EURJPY,20211224,0800,129.570,129.700,129.570,129.670,240
EURJPY,20211224,0900,129.650,129.730,129.650,129.720,240
EURJPY,20211224,1000,129.710,129.730,129.620,129.690,240
EURJPY,20211224,1100,129.690,129.690,129.540,129.560,240
EURJPY,20211224,1200,129.550,129.590,129.430,129.430,240
EURJPY,20211224,1300,129.490,129.580,129.430,129.460,240
EURJPY,20211224,1400,129.460,129.480,129.440,129.470,240
EURJPY,20211224,1500,129.510,129.510,129.340,129.340,240
EURJPY,20211224,1600,129.320,129.380,129.310,129.330,240
EURJPY,20211224,1700,129.330,129.370,129.310,129.370,240
EURJPY,20211224,1800,129.400,129.480,129.320,129.440,240
EURJPY,20211224,1900,129.430,129.430,129.320,129.320,240
EURJPY,20211224,2000,129.330,129.380,129.250,129.370,240
EURJPY,20211224,2100,129.380,129.670,129.350,129.500,240
EURJPY,20211224,2200,129.500,129.500,129.500,129.500,4
EURJPY,20211226,2200,129.470,129.470,129.340,129.350,236
EURJPY,20211226,2300,129.350,129.490,129.350,129.460,240
EURJPY,20211227,0000,129.480,129.510,129.410,129.460,240
EURJPY,20211227,0100,129.470,129.500,129.450,129.470,240
EURJPY,20211227,0200,129.470,129.550,129.460,129.550,240
EURJPY,20211227,0300,129.560,129.580,129.510,129.530,240
EURJPY,20211227,0400,129.530,129.530,129.460,129.460,240
EURJPY,20211227,0500,129.460,129.550,129.440,129.520,240
EURJPY,20211227,0600,129.520,129.680,129.520,129.680,240
EURJPY,20211227,0700,129.680,129.790,129.630,129.670,240
EURJPY,20211227,0800,129.670,129.700,129.540,129.650,240
EURJPY,20211227,0900,129.640,129.790,129.620,129.790,240
EURJPY,20211227,1000,129.800,129.800,129.710,129.730,240
EURJPY,20211227,1100,129.720,129.810,129.640,129.780,240
EURJPY,20211227,1200,129.780,129.790,129.720,129.770,240
EURJPY,20211227,1300,129.780,129.980,129.740,129.980,240
EURJPY,20211227,1400,129.970,130.050,129.940,130.010,240
EURJPY,20211227,1500,130.020,130.110,130.010,130.070,240
EURJPY,20211227,1600,130.070,130.130,130.070,130.120,240
EURJPY,20211227,1700,130.130,130.130,130.090,130.110,240
EURJPY,20211227,1800,130.110,130.130,130.070,130.130,240
EURJPY,20211227,1900,130.130,130.140,130.080,130.100,240
EURJPY,20211227,2000,130.100,130.120,130.100,130.120,240
EURJPY,20211227,2100,130.120,130.130,130.070,130.110,240
EURJPY,20211227,2200,130.110,130.120,130.060,130.060,240
EURJPY,20211227,2300,130.030,130.190,130.010,130.190,240
EURJPY,20211228,0000,130.190,130.190,130.000,130.030,240
EURJPY,20211228,0100,130.030,130.080,130.010,130.070,240
EURJPY,20211228,0200,130.060,130.090,130.030,130.090,240
EURJPY,20211228,0300,130.090,130.110,130.030,130.080,240
EURJPY,20211228,0400,130.080,130.120,130.020,130.120,240
EURJPY,20211228,0500,130.120,130.130,130.070,130.120,240
EURJPY,20211228,0600,130.120,130.120,129.990,129.990,240
EURJPY,20211228,0700,129.980,130.110,129.900,129.990,240
EURJPY,20211228,0800,129.980,130.030,129.950,130.030,240
EURJPY,20211228,0900,130.040,130.100,130.000,130.070,240
EURJPY,20211228,1000,130.060,130.160,130.040,130.130,240
EURJPY,20211228,1100,130.130,130.180,130.080,130.100,240
EURJPY,20211228,1200,130.100,130.160,129.920,129.920,240
EURJPY,20211228,1300,129.910,129.940,129.690,129.820,240
EURJPY,20211228,1400,129.830,129.830,129.600,129.620,240
EURJPY,20211228,1500,129.610,129.850,129.600,129.810,240
EURJPY,20211228,1600,129.800,129.870,129.740,129.780,240
EURJPY,20211228,1700,129.770,129.770,129.710,129.740,240
EURJPY,20211228,1800,129.750,129.770,129.690,129.750,240
EURJPY,20211228,1900,129.760,129.850,129.750,129.840,240
EURJPY,20211228,2000,129.850,129.880,129.810,129.830,240
EURJPY,20211228,2100,129.820,129.880,129.790,129.800,240
EURJPY,20211228,2200,129.790,129.840,129.770,129.820,240
EURJPY,20211228,2300,129.830,129.860,129.800,129.860,240
EURJPY,20211229,0000,129.860,129.870,129.650,129.710,240
EURJPY,20211229,0100,129.710,129.800,129.650,129.790,240
EURJPY,20211229,0200,129.800,129.840,129.780,129.800,240
EURJPY,20211229,0300,129.810,129.820,129.780,129.800,240
EURJPY,20211229,0400,129.810,129.870,129.790,129.840,240
EURJPY,20211229,0500,129.830,129.880,129.830,129.850,240
EURJPY,20211229,0600,129.850,129.870,129.780,129.820,240
EURJPY,20211229,0700,129.810,129.850,129.680,129.750,240
EURJPY,20211229,0800,129.760,129.770,129.610,129.690,240
EURJPY,20211229,0900,129.690,129.810,129.680,129.780,240
EURJPY,20211229,1000,129.770,129.940,129.710,129.780,240
EURJPY,20211229,1100,129.790,129.890,129.750,129.830,240
EURJPY,20211229,1200,129.840,130.120,129.820,130.080,240
EURJPY,20211229,1300,130.070,130.230,129.960,130.230,240
EURJPY,20211229,1400,130.240,130.510,130.220,130.450,240
EURJPY,20211229,1500,130.440,130.480,130.330,130.330,240
EURJPY,20211229,1600,130.320,130.340,130.270,130.320,240
EURJPY,20211229,1700,130.330,130.380,130.300,130.330,240
EURJPY,20211229,1800,130.340,130.400,130.330,130.370,240
EURJPY,20211229,1900,130.360,130.450,130.330,130.450,240
EURJPY,20211229,2000,130.460,130.500,130.440,130.440,240
EURJPY,20211229,2100,130.440,130.460,130.410,130.460,240
EURJPY,20211229,2200,130.460,130.560,130.460,130.560,240
EURJPY,20211229,2300,130.560,130.570,130.440,130.500,240
EURJPY,20211230,0000,130.510,130.540,130.490,130.490,240
EURJPY,20211230,0100,130.490,130.510,130.460,130.470,240
EURJPY,20211230,0200,130.480,130.490,130.410,130.410,240
EURJPY,20211230,0300,130.410,130.420,130.340,130.360,240
EURJPY,20211230,0400,130.360,130.380,130.300,130.360,240
EURJPY,20211230,0500,130.370,130.370,130.280,130.340,240
EURJPY,20211230,0600,130.330,130.370,130.250,130.250,240
EURJPY,20211230,0700,130.260,130.300,130.130,130.130,240
EURJPY,20211230,0800,130.120,130.200,130.110,130.130,240
EURJPY,20211230,0900,130.120,130.260,130.120,130.240,240
EURJPY,20211230,1000,130.240,130.360,130.240,130.340,240
EURJPY,20211230,1100,130.330,130.490,130.290,130.460,240
EURJPY,20211230,1200,130.460,130.530,130.180,130.180,240
EURJPY,20211230,1300,130.190,130.440,130.120,130.430,240
EURJPY,20211230,1400,130.420,130.490,130.230,130.460,240
EURJPY,20211230,1500,130.450,130.460,130.310,130.330,240
EURJPY,20211230,1600,130.320,130.360,130.240,130.300,240
EURJPY,20211230,1700,130.300,130.300,130.160,130.170,240
EURJPY,20211230,1800,130.170,130.320,130.140,130.320,240
EURJPY,20211230,1900,130.330,130.350,130.220,130.230,240
EURJPY,20211230,2000,130.220,130.320,130.220,130.300,240
EURJPY,20211230,2100,130.300,130.330,130.250,130.290,240
EURJPY,20211230,2200,130.290,130.300,130.220,130.260,240
EURJPY,20211230,2300,130.260,130.310,130.240,130.300,240
