<TICKER>,<DTYYYYMMDD>,<TIME>,<OPEN>,<HIGH>,<LOW>,<CLOSE>,<VOL>
CHFJPY,20201231,2100,116.718,116.727,116.697,116.697,82750000
CHFJPY,20210103,2200,116.754,116.790,116.633,116.682,237450000
CHFJPY,20210103,2300,116.687,116.952,116.640,116.898,5104650000
CHFJPY,20210104,0000,116.899,116.908,116.537,116.618,6739760000
CHFJPY,20210104,0100,116.617,116.695,116.581,116.629,4183250000
CHFJPY,20210104,0200,116.628,116.659,116.527,116.554,3349070000
CHFJPY,20210104,0300,116.553,116.566,116.446,116.488,2742980000
CHFJPY,20210104,0400,116.486,116.514,116.448,116.490,2384890000
CHFJPY,20210104,0500,116.495,116.592,116.461,116.562,2548550000
CHFJPY,20210104,0600,116.561,116.635,116.498,116.614,2976190000
CHFJPY,20210104,0700,116.612,116.647,116.457,116.555,4855990000
CHFJPY,20210104,0800,116.555,116.805,116.543,116.756,6451960000
CHFJPY,20210104,0900,116.756,116.860,116.744,116.779,5871070000
CHFJPY,20210104,1000,116.780,116.882,116.731,116.860,4447440000
CHFJPY,20210104,1100,116.859,117.007,116.855,116.893,4907700000
CHFJPY,20210104,1200,116.892,117.147,116.866,117.135,5763060000
CHFJPY,20210104,1300,117.137,117.172,117.067,117.135,7300130000
CHFJPY,20210104,1400,117.137,117.203,116.990,117.008,8475310000
CHFJPY,20210104,1500,117.007,117.268,116.931,117.234,10375690000
CHFJPY,20210104,1600,117.231,117.306,117.058,117.093,8307580000
CHFJPY,20210104,1700,117.090,117.122,117.009,117.057,4769900000
CHFJPY,20210104,1800,117.056,117.063,116.985,117.041,3411140000
CHFJPY,20210104,1900,117.043,117.104,117.020,117.079,2687720000
CHFJPY,20210104,2000,117.079,117.080,117.016,117.063,2812060000
CHFJPY,20210104,2100,117.063,117.095,116.919,116.933,1414210000
CHFJPY,20210104,2200,116.922,116.985,116.922,116.970,379260000
CHFJPY,20210104,2300,116.972,117.055,116.968,117.022,2669150000
CHFJPY,20210105,0000,117.022,117.055,116.958,116.998,3217940000
CHFJPY,20210105,0100,116.998,117.042,116.986,116.992,4449060000
CHFJPY,20210105,0200,116.991,117.117,116.974,117.105,3118560000
CHFJPY,20210105,0300,117.103,117.134,117.055,117.071,2853860000
CHFJPY,20210105,0400,117.071,117.071,116.979,116.984,3130980000
CHFJPY,20210105,0500,116.984,116.997,116.906,116.939,2821500000
CHFJPY,20210105,0600,116.940,116.956,116.875,116.885,2581410000
CHFJPY,20210105,0700,116.884,116.940,116.806,116.854,4507910000
CHFJPY,20210105,0800,116.854,117.039,116.818,117.006,6187760000
CHFJPY,20210105,0900,117.006,117.031,116.811,116.842,4684090000
CHFJPY,20210105,1000,116.844,116.947,116.741,116.815,4773130000
CHFJPY,20210105,1100,116.816,116.903,116.755,116.890,4441540000
CHFJPY,20210105,1200,116.892,116.988,116.869,116.921,5071160000
CHFJPY,20210105,1300,116.922,116.956,116.836,116.889,5820220000
CHFJPY,20210105,1400,116.891,116.955,116.762,116.803,6999640000
CHFJPY,20210105,1500,116.800,116.947,116.781,116.859,9043850000
CHFJPY,20210105,1600,116.859,116.950,116.841,116.908,6623270000
CHFJPY,20210105,1700,116.907,116.939,116.833,116.915,5097520000
CHFJPY,20210105,1800,116.912,116.965,116.874,116.877,3235900000
CHFJPY,20210105,1900,116.876,116.935,116.867,116.914,2276460000
CHFJPY,20210105,2000,116.917,116.930,116.827,116.870,2085610000
CHFJPY,20210105,2100,116.869,116.942,116.869,116.906,1145230000
CHFJPY,20210105,2200,116.886,116.955,116.883,116.903,1688070000
CHFJPY,20210105,2300,116.904,116.948,116.876,116.917,1775990000
CHFJPY,20210106,0000,116.917,117.007,116.795,116.956,4998360000
CHFJPY,20210106,0100,116.957,116.993,116.872,116.905,7705280000
CHFJPY,20210106,0200,116.903,116.939,116.871,116.894,4866130000
CHFJPY,20210106,0300,116.894,116.999,116.891,116.953,4296080000
CHFJPY,20210106,0400,116.954,117.031,116.912,117.005,4894580000
CHFJPY,20210106,0500,117.004,117.073,116.955,116.995,3218370000
CHFJPY,20210106,0600,116.997,117.121,116.981,117.049,3001770000
CHFJPY,20210106,0700,117.047,117.273,117.033,117.251,6802620000
CHFJPY,20210106,0800,117.251,117.319,117.170,117.225,7195420000
CHFJPY,20210106,0900,117.225,117.323,117.171,117.311,6128540000
CHFJPY,20210106,1000,117.310,117.394,117.289,117.337,5293450000
CHFJPY,20210106,1100,117.339,117.384,117.224,117.320,4646270000
CHFJPY,20210106,1200,117.317,117.418,117.297,117.386,6089370000
CHFJPY,20210106,1300,117.389,117.464,117.336,117.343,8894980000
CHFJPY,20210106,1400,117.340,117.360,117.255,117.340,11735300000
CHFJPY,20210106,1500,117.336,117.489,117.273,117.319,10563650000
CHFJPY,20210106,1600,117.320,117.334,117.118,117.189,6605170000
CHFJPY,20210106,1700,117.189,117.250,117.150,117.158,3808000000
CHFJPY,20210106,1800,117.157,117.265,117.149,117.183,3117530000
CHFJPY,20210106,1900,117.185,117.313,117.178,117.225,5627830000
CHFJPY,20210106,2000,117.222,117.275,117.177,117.257,6207580000
CHFJPY,20210106,2100,117.257,117.327,117.206,117.252,1464680000
CHFJPY,20210106,2200,117.274,117.320,117.191,117.245,1203430000
CHFJPY,20210106,2300,117.242,117.392,117.242,117.319,4170550000
CHFJPY,20210107,0000,117.316,117.367,117.221,117.323,4678860000
CHFJPY,20210107,0100,117.323,117.435,117.285,117.390,4356030000
CHFJPY,20210107,0200,117.390,117.438,117.347,117.407,4612350000
CHFJPY,20210107,0300,117.406,117.424,117.337,117.383,3078700000
CHFJPY,20210107,0400,117.384,117.414,117.342,117.361,1980280000
CHFJPY,20210107,0500,117.362,117.381,117.328,117.362,1799480000
CHFJPY,20210107,0600,117.363,117.470,117.344,117.428,2543250000
CHFJPY,20210107,0700,117.432,117.512,117.373,117.468,5870970000
CHFJPY,20210107,0800,117.469,117.517,117.269,117.278,8072500000
CHFJPY,20210107,0900,117.278,117.341,117.215,117.263,8142330000
CHFJPY,20210107,1000,117.262,117.336,117.208,117.229,7920750000
CHFJPY,20210107,1100,117.226,117.344,117.226,117.313,6099620000
CHFJPY,20210107,1200,117.312,117.417,117.278,117.291,5715400000
CHFJPY,20210107,1300,117.290,117.407,117.281,117.391,6946310000
CHFJPY,20210107,1400,117.392,117.479,117.268,117.277,10568250000
CHFJPY,20210107,1500,117.281,117.428,117.236,117.378,10446130000
CHFJPY,20210107,1600,117.380,117.468,117.331,117.428,6807820000
CHFJPY,20210107,1700,117.430,117.514,117.346,117.410,4272220000
CHFJPY,20210107,1800,117.412,117.417,117.343,117.346,3394360000
CHFJPY,20210107,1900,117.348,117.373,117.303,117.355,2913310000
CHFJPY,20210107,2000,117.355,117.391,117.286,117.307,2604680000
CHFJPY,20210107,2100,117.307,117.313,117.222,117.239,1737610000
CHFJPY,20210107,2200,117.270,117.315,117.180,117.269,637990000
CHFJPY,20210107,2300,117.283,117.313,117.226,117.256,2465240000
CHFJPY,20210108,0000,117.261,117.324,117.192,117.217,4058210000
CHFJPY,20210108,0100,117.219,117.273,117.192,117.204,5827050000
CHFJPY,20210108,0200,117.203,117.274,117.166,117.237,3539360000
CHFJPY,20210108,0300,117.237,117.272,117.202,117.263,2833170000
CHFJPY,20210108,0400,117.264,117.290,117.195,117.289,2193130000
CHFJPY,20210108,0500,117.287,117.354,117.259,117.311,2559570000
CHFJPY,20210108,0600,117.312,117.356,117.283,117.356,2458740000
CHFJPY,20210108,0700,117.351,117.383,117.212,117.263,5337330000
CHFJPY,20210108,0800,117.263,117.263,117.045,117.170,9669200000
CHFJPY,20210108,0900,117.172,117.202,117.045,117.180,7605910000
CHFJPY,20210108,1000,117.182,117.292,117.139,117.262,4789180000
CHFJPY,20210108,1100,117.259,117.450,117.221,117.442,4778970000
CHFJPY,20210108,1200,117.441,117.515,117.376,117.483,4845480000
CHFJPY,20210108,1300,117.484,117.588,117.360,117.391,12167730000
CHFJPY,20210108,1400,117.393,117.496,117.380,117.418,12157780000
CHFJPY,20210108,1500,117.420,117.551,117.327,117.522,11263260000
CHFJPY,20210108,1600,117.521,117.568,117.438,117.466,9667790000
CHFJPY,20210108,1700,117.466,117.506,117.340,117.365,6679390000
CHFJPY,20210108,1800,117.365,117.373,117.164,117.169,6355110000
CHFJPY,20210108,1900,117.169,117.287,117.166,117.225,4167560000
CHFJPY,20210108,2000,117.223,117.416,117.221,117.408,3619950000
CHFJPY,20210108,2100,117.407,117.464,117.363,117.387,1765700000
CHFJPY,20210110,2200,117.249,117.455,117.166,117.231,1337570000
CHFJPY,20210110,2300,117.250,117.367,117.222,117.259,3751110000
CHFJPY,20210111,0000,117.258,117.294,117.210,117.240,3545990000
CHFJPY,20210111,0100,117.241,117.295,117.209,117.228,4503570000
CHFJPY,20210111,0200,117.229,117.235,117.176,117.211,2862690000
CHFJPY,20210111,0300,117.209,117.245,117.166,117.219,2045280000
CHFJPY,20210111,0400,117.219,117.256,117.214,117.253,2033380000
CHFJPY,20210111,0500,117.252,117.296,117.223,117.291,2413370000
CHFJPY,20210111,0600,117.287,117.337,117.253,117.310,2842280000
CHFJPY,20210111,0700,117.310,117.337,117.197,117.260,5005100000
CHFJPY,20210111,0800,117.260,117.396,117.196,117.279,7179550000
CHFJPY,20210111,0900,117.279,117.288,116.986,117.016,6138530000
CHFJPY,20210111,1000,117.013,117.044,116.885,116.966,5249920000
CHFJPY,20210111,1100,116.969,117.034,116.911,116.983,4038490000
CHFJPY,20210111,1200,116.984,117.055,116.910,116.917,5449230000
CHFJPY,20210111,1300,116.917,117.034,116.902,116.944,6758260000
CHFJPY,20210111,1400,116.942,117.161,116.922,117.047,9905840000
CHFJPY,20210111,1500,117.049,117.133,116.940,116.987,8082460000
CHFJPY,20210111,1600,116.988,117.078,116.947,117.058,6335470000
CHFJPY,20210111,1700,117.057,117.191,117.045,117.148,4262230000
CHFJPY,20210111,1800,117.152,117.193,117.110,117.165,2428750000
CHFJPY,20210111,1900,117.166,117.169,117.082,117.088,2128410000
CHFJPY,20210111,2000,117.087,117.118,117.005,117.043,2772060000
CHFJPY,20210111,2100,117.043,117.081,117.001,117.070,973500000
CHFJPY,20210111,2200,117.078,117.086,116.914,117.019,574150000
CHFJPY,20210111,2300,117.020,117.077,117.017,117.047,1863240000
CHFJPY,20210112,0000,117.047,117.093,116.958,117.075,3524550000
CHFJPY,20210112,0100,117.075,117.118,116.966,117.009,3758800000
CHFJPY,20210112,0200,117.010,117.071,116.989,117.060,2353020000
CHFJPY,20210112,0300,117.060,117.061,117.007,117.015,1638230000
CHFJPY,20210112,0400,117.013,117.019,116.979,117.016,1675740000
CHFJPY,20210112,0500,117.014,117.033,116.981,117.023,2472600000
CHFJPY,20210112,0600,117.022,117.042,116.955,116.983,2744980000
CHFJPY,20210112,0700,116.983,117.069,116.947,117.048,4734720000
CHFJPY,20210112,0800,117.047,117.126,116.987,117.035,5642500000
CHFJPY,20210112,0900,117.034,117.154,116.993,117.040,6440540000
CHFJPY,20210112,1000,117.039,117.145,116.976,117.115,4955390000
CHFJPY,20210112,1100,117.115,117.169,117.061,117.114,3977300000
CHFJPY,20210112,1200,117.114,117.154,117.052,117.134,5768590000
CHFJPY,20210112,1300,117.133,117.222,117.068,117.098,5876340000
CHFJPY,20210112,1400,117.100,117.198,117.062,117.172,7999570000
CHFJPY,20210112,1500,117.174,117.233,117.113,117.140,6950850000
CHFJPY,20210112,1600,117.139,117.155,116.998,117.036,4775490000
CHFJPY,20210112,1700,117.036,117.089,117.022,117.059,3906260000
CHFJPY,20210112,1800,117.059,117.118,116.977,117.082,5206560000
CHFJPY,20210112,1900,117.081,117.123,117.026,117.055,4317960000
CHFJPY,20210112,2000,117.056,117.083,117.014,117.052,3426250000
CHFJPY,20210112,2100,117.053,117.068,116.987,116.998,2461810000
CHFJPY,20210112,2200,116.988,117.090,116.973,117.029,995540000
CHFJPY,20210112,2300,117.025,117.100,117.008,117.074,2478820000
CHFJPY,20210113,0000,117.070,117.085,116.935,116.959,3718000000
CHFJPY,20210113,0100,116.957,116.963,116.860,116.901,3841700000
CHFJPY,20210113,0200,116.898,116.958,116.880,116.941,2990550000
CHFJPY,20210113,0300,116.941,116.972,116.925,116.943,2208510000
CHFJPY,20210113,0400,116.942,116.969,116.924,116.959,2594480000
CHFJPY,20210113,0500,116.965,117.018,116.959,117.006,2707900000
CHFJPY,20210113,0600,117.006,117.083,117.000,117.047,2034420000
CHFJPY,20210113,0700,117.050,117.084,116.932,116.942,3731020000
CHFJPY,20210113,0800,116.942,117.021,116.917,117.008,5933560000
CHFJPY,20210113,0900,117.007,117.034,116.908,117.024,6743300000
CHFJPY,20210113,1000,117.023,117.062,116.984,116.995,5166600000
CHFJPY,20210113,1100,116.997,117.093,116.958,116.979,4659930000
CHFJPY,20210113,1200,116.978,116.984,116.902,116.932,5062200000
CHFJPY,20210113,1300,116.933,116.992,116.871,116.916,6682470000
CHFJPY,20210113,1400,116.918,117.067,116.917,117.035,7621280000
CHFJPY,20210113,1500,117.039,117.212,117.009,117.065,7910550000
CHFJPY,20210113,1600,117.067,117.117,117.037,117.069,4685390000
CHFJPY,20210113,1700,117.070,117.100,116.996,117.079,4080280000
CHFJPY,20210113,1800,117.079,117.113,117.030,117.034,3721410000
CHFJPY,20210113,1900,117.036,117.052,116.970,116.979,2464230000
CHFJPY,20210113,2000,116.980,117.033,116.971,117.006,2472970000
CHFJPY,20210113,2100,117.012,117.046,116.987,116.987,1423350000
CHFJPY,20210113,2200,117.010,117.043,116.916,116.973,1130920000
CHFJPY,20210113,2300,116.974,117.044,116.962,117.027,2690670000
CHFJPY,20210114,0000,117.027,117.136,116.993,117.124,3416090000
CHFJPY,20210114,0100,117.125,117.128,117.041,117.047,4510640000
CHFJPY,20210114,0200,117.047,117.194,117.018,117.166,7312220000
CHFJPY,20210114,0300,117.165,117.183,117.115,117.121,3175530000
CHFJPY,20210114,0400,117.125,117.186,117.114,117.182,2496230000
CHFJPY,20210114,0500,117.182,117.207,117.092,117.188,4003330000
CHFJPY,20210114,0600,117.189,117.259,117.169,117.215,2242020000
CHFJPY,20210114,0700,117.218,117.241,117.140,117.170,4989640000
CHFJPY,20210114,0800,117.170,117.293,117.139,117.244,7026190000
CHFJPY,20210114,0900,117.245,117.265,117.152,117.181,5677350000
CHFJPY,20210114,1000,117.180,117.210,116.960,117.081,4639190000
CHFJPY,20210114,1100,117.081,117.085,116.890,116.898,4231970000
CHFJPY,20210114,1200,116.898,116.922,116.756,116.847,4892530000
CHFJPY,20210114,1300,116.847,116.886,116.740,116.870,7524410000
CHFJPY,20210114,1400,116.870,116.991,116.838,116.975,6307560000
CHFJPY,20210114,1500,116.974,117.008,116.764,116.810,7782590000
CHFJPY,20210114,1600,116.807,116.895,116.752,116.855,6490730000
CHFJPY,20210114,1700,116.857,116.946,116.804,116.934,5493790000
CHFJPY,20210114,1800,116.929,116.981,116.883,116.902,6190690000
CHFJPY,20210114,1900,116.900,116.933,116.876,116.883,3494570000
CHFJPY,20210114,2000,116.885,116.929,116.865,116.900,2810140000
CHFJPY,20210114,2100,116.902,116.939,116.796,116.824,2071980000
CHFJPY,20210114,2200,116.824,116.883,116.768,116.856,1308490000
CHFJPY,20210114,2300,116.856,116.908,116.851,116.879,2184450000
CHFJPY,20210115,0000,116.876,116.905,116.815,116.860,4200590000
CHFJPY,20210115,0100,116.860,116.875,116.771,116.790,3073320000
CHFJPY,20210115,0200,116.790,116.834,116.775,116.831,1718980000
CHFJPY,20210115,0300,116.832,116.877,116.782,116.789,2027550000
CHFJPY,20210115,0400,116.786,116.814,116.756,116.763,1564290000
CHFJPY,20210115,0500,116.763,116.804,116.691,116.736,2543430000
CHFJPY,20210115,0600,116.734,116.765,116.678,116.765,2067700000
CHFJPY,20210115,0700,116.768,116.803,116.688,116.756,4416100000
CHFJPY,20210115,0800,116.755,116.847,116.580,116.827,6329390000
CHFJPY,20210115,0900,116.828,116.891,116.717,116.813,4727160000
CHFJPY,20210115,1000,116.810,116.872,116.770,116.810,4714070000
CHFJPY,20210115,1100,116.807,116.863,116.751,116.786,4306630000
CHFJPY,20210115,1200,116.788,116.840,116.727,116.749,6121840000
CHFJPY,20210115,1300,116.751,116.867,116.684,116.821,6106850000
CHFJPY,20210115,1400,116.820,116.851,116.759,116.785,8090770000
CHFJPY,20210115,1500,116.787,116.831,116.632,116.697,9818520000
CHFJPY,20210115,1600,116.696,116.722,116.605,116.684,5359640000
CHFJPY,20210115,1700,116.685,116.685,116.609,116.638,2876530000
CHFJPY,20210115,1800,116.636,116.637,116.557,116.561,2980770000
CHFJPY,20210115,1900,116.560,116.566,116.534,116.553,1931390000
CHFJPY,20210115,2000,116.554,116.564,116.522,116.540,1802610000
CHFJPY,20210115,2100,116.540,116.570,116.511,116.513,948450000
CHFJPY,20210117,2200,116.532,116.583,116.485,116.528,723070000
CHFJPY,20210117,2300,116.538,116.579,116.415,116.422,3613720000
CHFJPY,20210118,0000,116.424,116.507,116.411,116.451,3970100000
CHFJPY,20210118,0100,116.455,116.476,116.355,116.398,4469110000
CHFJPY,20210118,0200,116.397,116.418,116.355,116.408,4180350000
CHFJPY,20210118,0300,116.408,116.417,116.350,116.386,3102280000
CHFJPY,20210118,0400,116.391,116.392,116.290,116.304,2191600000
CHFJPY,20210118,0500,116.305,116.374,116.280,116.358,2918820000
CHFJPY,20210118,0600,116.361,116.394,116.339,116.366,2013160000
CHFJPY,20210118,0700,116.366,116.421,116.333,116.335,3960660000
CHFJPY,20210118,0800,116.335,116.442,116.323,116.348,5661810000
CHFJPY,20210118,0900,116.349,116.459,116.319,116.456,6237310000
CHFJPY,20210118,1000,116.455,116.508,116.343,116.506,4079890000
CHFJPY,20210118,1100,116.506,116.590,116.477,116.510,5321410000
CHFJPY,20210118,1200,116.509,116.526,116.408,116.421,3718050000
CHFJPY,20210118,1300,116.421,116.484,116.364,116.380,4170400000
CHFJPY,20210118,1400,116.379,116.444,116.342,116.430,4373020000
CHFJPY,20210118,1500,116.432,116.440,116.368,116.435,4354600000
CHFJPY,20210118,1600,116.440,116.452,116.380,116.381,2278260000
CHFJPY,20210118,1700,116.381,116.383,116.327,116.347,1296140000
CHFJPY,20210118,1800,116.348,116.384,116.337,116.371,2129810000
CHFJPY,20210118,1900,116.373,116.405,116.358,116.389,3228320000
CHFJPY,20210118,2000,116.388,116.404,116.351,116.355,1766830000
CHFJPY,20210118,2100,116.354,116.395,116.326,116.385,6427220000
CHFJPY,20210118,2200,116.357,116.392,116.328,116.375,620890000
CHFJPY,20210118,2300,116.376,116.404,116.350,116.394,1530340000
CHFJPY,20210119,0000,116.395,116.455,116.368,116.434,3364210000
CHFJPY,20210119,0100,116.435,116.616,116.421,116.600,5580030000
CHFJPY,20210119,0200,116.599,116.832,116.593,116.821,4956030000
CHFJPY,20210119,0300,116.823,116.841,116.748,116.762,4141190000
CHFJPY,20210119,0400,116.767,116.767,116.703,116.741,1942420000
CHFJPY,20210119,0500,116.743,116.768,116.698,116.720,1751890000
CHFJPY,20210119,0600,116.719,116.833,116.712,116.821,1398170000
CHFJPY,20210119,0700,116.822,116.851,116.707,116.815,4250250000
CHFJPY,20210119,0800,116.817,117.020,116.804,116.922,6412350000
CHFJPY,20210119,0900,116.923,117.125,116.896,117.113,4988350000
CHFJPY,20210119,1000,117.112,117.260,117.099,117.229,5030240000
CHFJPY,20210119,1100,117.231,117.269,117.095,117.103,3497790000
CHFJPY,20210119,1200,117.102,117.115,117.011,117.096,4246770000
CHFJPY,20210119,1300,117.094,117.193,117.079,117.104,6337460000
CHFJPY,20210119,1400,117.102,117.163,117.057,117.095,6666610000
CHFJPY,20210119,1500,117.095,117.170,116.945,116.961,8510200000
CHFJPY,20210119,1600,116.963,117.003,116.811,116.851,5495150000
CHFJPY,20210119,1700,116.855,116.891,116.837,116.847,2961860000
CHFJPY,20210119,1800,116.851,116.892,116.842,116.872,2627660000
CHFJPY,20210119,1900,116.871,116.889,116.818,116.888,2313840000
CHFJPY,20210119,2000,116.888,116.926,116.864,116.899,2125330000
CHFJPY,20210119,2100,116.898,116.941,116.875,116.894,1016260000
CHFJPY,20210119,2200,116.896,116.937,116.889,116.925,738910000
CHFJPY,20210119,2300,116.927,116.995,116.889,116.985,1996520000
CHFJPY,20210120,0000,116.984,117.039,116.903,117.008,4016700000
CHFJPY,20210120,0100,117.008,117.008,116.910,116.923,3685090000
CHFJPY,20210120,0200,116.923,116.928,116.853,116.883,2404070000
CHFJPY,20210120,0300,116.882,116.917,116.876,116.901,1596120000
CHFJPY,20210120,0400,116.900,116.905,116.841,116.854,1349600000
CHFJPY,20210120,0500,116.855,116.865,116.824,116.840,1313010000
CHFJPY,20210120,0600,116.840,116.917,116.796,116.818,2556640000
CHFJPY,20210120,0700,116.817,116.960,116.815,116.901,3735070000
CHFJPY,20210120,0800,116.902,117.019,116.816,116.848,6323360000
CHFJPY,20210120,0900,116.849,116.866,116.708,116.789,5997580000
CHFJPY,20210120,1000,116.789,116.794,116.661,116.725,5024540000
CHFJPY,20210120,1100,116.726,116.756,116.631,116.680,3977070000
CHFJPY,20210120,1200,116.681,116.707,116.520,116.578,3883100000
CHFJPY,20210120,1300,116.580,116.640,116.510,116.541,4956180000
CHFJPY,20210120,1400,116.540,116.549,116.314,116.352,7241240000
CHFJPY,20210120,1500,116.352,116.450,116.227,116.309,10297510000
CHFJPY,20210120,1600,116.309,116.425,116.232,116.378,5337350000
CHFJPY,20210120,1700,116.379,116.450,116.328,116.369,3446340000
CHFJPY,20210120,1800,116.372,116.429,116.356,116.406,2483700000
CHFJPY,20210120,1900,116.404,116.406,116.351,116.351,2107520000
CHFJPY,20210120,2000,116.352,116.384,116.314,116.380,2435190000
CHFJPY,20210120,2100,116.380,116.389,116.347,116.354,1818160000
CHFJPY,20210120,2200,116.321,116.412,116.267,116.402,2516810000
CHFJPY,20210120,2300,116.404,116.470,116.393,116.431,2344210000
CHFJPY,20210121,0000,116.430,116.493,116.421,116.488,2716660000
CHFJPY,20210121,0100,116.488,116.520,116.451,116.489,4299790000
CHFJPY,20210121,0200,116.491,116.545,116.456,116.462,2581890000
CHFJPY,20210121,0300,116.463,116.517,116.444,116.449,1688350000
CHFJPY,20210121,0400,116.448,116.480,116.319,116.334,2159000000
CHFJPY,20210121,0500,116.336,116.359,116.292,116.320,2315730000
CHFJPY,20210121,0600,116.322,116.393,116.311,116.324,1776280000
CHFJPY,20210121,0700,116.322,116.460,116.280,116.373,4408220000
CHFJPY,20210121,0800,116.374,116.751,116.370,116.625,6680480000
CHFJPY,20210121,0900,116.625,116.694,116.540,116.540,5060410000
CHFJPY,20210121,1000,116.539,116.593,116.471,116.499,4101360000
CHFJPY,20210121,1100,116.498,116.677,116.466,116.651,3589180000
CHFJPY,20210121,1200,116.653,116.698,116.549,116.657,4722680000
CHFJPY,20210121,1300,116.655,116.915,116.630,116.776,9189390000
CHFJPY,20210121,1400,116.775,116.953,116.722,116.919,9997170000
CHFJPY,20210121,1500,116.920,116.985,116.831,116.861,8619710000
CHFJPY,20210121,1600,116.860,116.903,116.737,116.763,4852070000
CHFJPY,20210121,1700,116.762,116.846,116.734,116.822,3161160000
CHFJPY,20210121,1800,116.823,116.900,116.811,116.893,2081590000
CHFJPY,20210121,1900,116.893,116.919,116.861,116.919,2398830000
CHFJPY,20210121,2000,116.920,116.950,116.892,116.944,2564730000
CHFJPY,20210121,2100,116.945,116.949,116.865,116.865,1274280000
CHFJPY,20210121,2200,116.897,116.939,116.846,116.918,3188840000
CHFJPY,20210121,2300,116.918,116.944,116.890,116.901,2808930000
CHFJPY,20210122,0000,116.898,117.006,116.896,116.961,2915850000
CHFJPY,20210122,0100,116.962,117.016,116.942,117.012,3135090000
CHFJPY,20210122,0200,117.015,117.034,116.972,116.985,1998010000
CHFJPY,20210122,0300,116.984,117.019,116.961,116.996,1451680000
CHFJPY,20210122,0400,116.998,117.053,116.997,117.046,1141530000
CHFJPY,20210122,0500,117.045,117.050,117.013,117.033,1788880000
CHFJPY,20210122,0600,117.028,117.080,117.015,117.052,2444900000
CHFJPY,20210122,0700,117.054,117.089,117.016,117.072,3589100000
CHFJPY,20210122,0800,117.074,117.194,116.956,117.164,6002920000
CHFJPY,20210122,0900,117.166,117.269,117.052,117.136,6188980000
CHFJPY,20210122,1000,117.133,117.243,117.132,117.158,3721190000
CHFJPY,20210122,1100,117.158,117.231,117.133,117.168,3926340000
CHFJPY,20210122,1200,117.167,117.205,117.069,117.126,3999140000
CHFJPY,20210122,1300,117.126,117.270,117.104,117.210,5153050000
CHFJPY,20210122,1400,117.210,117.276,117.138,117.265,6443720000
CHFJPY,20210122,1500,117.266,117.306,117.175,117.214,6866820000
CHFJPY,20210122,1600,117.214,117.257,117.183,117.195,4351480000
CHFJPY,20210122,1700,117.195,117.223,117.160,117.172,2677460000
CHFJPY,20210122,1800,117.174,117.214,117.166,117.198,2226210000
CHFJPY,20210122,1900,117.197,117.222,117.159,117.173,1772780000
CHFJPY,20210122,2000,117.174,117.258,117.159,117.254,1622370000
CHFJPY,20210122,2100,117.258,117.270,117.172,117.176,1278070000
CHFJPY,20210124,2200,117.141,117.270,117.117,117.182,1453210000
CHFJPY,20210124,2300,117.180,117.249,117.155,117.188,3997020000
CHFJPY,20210125,0000,117.191,117.273,117.142,117.243,2900220000
CHFJPY,20210125,0100,117.243,117.247,117.175,117.208,2960680000
CHFJPY,20210125,0200,117.209,117.225,117.164,117.188,2113680000
CHFJPY,20210125,0300,117.189,117.227,117.186,117.206,1194870000
CHFJPY,20210125,0400,117.206,117.230,117.175,117.207,1335710000
CHFJPY,20210125,0500,117.204,117.228,117.152,117.193,2102760000
CHFJPY,20210125,0600,117.193,117.202,117.095,117.106,2022330000
CHFJPY,20210125,0700,117.105,117.196,117.096,117.170,4037820000
CHFJPY,20210125,0800,117.170,117.212,117.023,117.118,4946880000
CHFJPY,20210125,0900,117.118,117.118,116.978,116.997,6275600000
CHFJPY,20210125,1000,116.998,117.106,116.927,117.094,5064430000
CHFJPY,20210125,1100,117.093,117.168,117.062,117.130,3727370000
CHFJPY,20210125,1200,117.129,117.148,117.020,117.039,3769860000
CHFJPY,20210125,1300,117.038,117.045,116.919,116.964,5042020000
CHFJPY,20210125,1400,116.965,117.002,116.888,116.889,7746070000
CHFJPY,20210125,1500,116.890,116.933,116.736,116.772,8912990000
CHFJPY,20210125,1600,116.772,116.834,116.730,116.821,6934200000
CHFJPY,20210125,1700,116.821,116.877,116.817,116.867,3436350000
CHFJPY,20210125,1800,116.867,116.876,116.826,116.850,2020750000
CHFJPY,20210125,1900,116.849,116.873,116.806,116.868,2113500000
CHFJPY,20210125,2000,116.868,116.868,116.808,116.836,1427720000
CHFJPY,20210125,2100,116.836,116.862,116.701,116.701,1778660000
CHFJPY,20210125,2200,116.717,116.843,116.704,116.837,3970010000
CHFJPY,20210125,2300,116.838,116.851,116.814,116.828,1167970000
CHFJPY,20210126,0000,116.830,116.847,116.750,116.759,1985630000
CHFJPY,20210126,0100,116.758,116.804,116.740,116.790,2556320000
CHFJPY,20210126,0200,116.787,116.808,116.743,116.745,1666630000
CHFJPY,20210126,0300,116.746,116.788,116.734,116.757,1280310000
CHFJPY,20210126,0400,116.759,116.760,116.700,116.723,1577260000
CHFJPY,20210126,0500,116.722,116.727,116.682,116.709,1392960000
CHFJPY,20210126,0600,116.710,116.713,116.646,116.673,2046450000
CHFJPY,20210126,0700,116.673,116.737,116.659,116.708,4182900000
CHFJPY,20210126,0800,116.708,116.815,116.686,116.793,5696060000
CHFJPY,20210126,0900,116.794,116.805,116.689,116.718,4934970000
CHFJPY,20210126,1000,116.723,116.774,116.689,116.700,4196950000
CHFJPY,20210126,1100,116.700,116.819,116.692,116.770,4052380000
CHFJPY,20210126,1200,116.772,116.819,116.718,116.761,4707280000
CHFJPY,20210126,1300,116.761,116.784,116.667,116.746,5188020000
CHFJPY,20210126,1400,116.747,116.810,116.663,116.720,5716990000
CHFJPY,20210126,1500,116.723,116.836,116.692,116.814,6733580000
CHFJPY,20210126,1600,116.811,116.850,116.702,116.747,4682110000
CHFJPY,20210126,1700,116.748,116.858,116.748,116.854,3024430000
CHFJPY,20210126,1800,116.856,116.900,116.848,116.870,1671410000
CHFJPY,20210126,1900,116.872,116.946,116.846,116.901,1292660000
CHFJPY,20210126,2000,116.900,116.915,116.881,116.891,1501340000
CHFJPY,20210126,2100,116.892,116.917,116.780,116.797,1950980000
CHFJPY,20210126,2200,116.786,116.898,116.785,116.852,1399340000
CHFJPY,20210126,2300,116.844,116.873,116.835,116.839,1482980000
CHFJPY,20210127,0000,116.838,116.920,116.827,116.901,2031790000
CHFJPY,20210127,0100,116.903,116.963,116.898,116.945,2334710000
CHFJPY,20210127,0200,116.945,116.967,116.912,116.960,2239500000
CHFJPY,20210127,0300,116.963,116.995,116.944,116.963,1900640000
CHFJPY,20210127,0400,116.962,116.975,116.923,116.951,1180110000
CHFJPY,20210127,0500,116.951,116.985,116.938,116.973,1453860000
CHFJPY,20210127,0600,116.972,116.980,116.905,116.933,1897090000
CHFJPY,20210127,0700,116.937,116.960,116.906,116.938,2898210000
CHFJPY,20210127,0800,116.937,116.968,116.882,116.922,5378690000
CHFJPY,20210127,0900,116.923,116.942,116.758,116.815,6396360000
CHFJPY,20210127,1000,116.816,116.934,116.787,116.876,4018900000
CHFJPY,20210127,1100,116.876,116.937,116.854,116.870,4774320000
CHFJPY,20210127,1200,116.869,116.906,116.814,116.828,6161010000
CHFJPY,20210127,1300,116.829,117.023,116.812,117.003,7705550000
CHFJPY,20210127,1400,117.001,117.009,116.802,116.826,11694370000
CHFJPY,20210127,1500,116.830,117.075,116.817,117.026,11478350000
CHFJPY,20210127,1600,117.028,117.104,117.002,117.087,5497130000
CHFJPY,20210127,1700,117.088,117.199,117.056,117.179,4448120000
CHFJPY,20210127,1800,117.181,117.201,117.123,117.198,3753300000
CHFJPY,20210127,1900,117.197,117.229,117.098,117.108,6335880000
CHFJPY,20210127,2000,117.107,117.210,117.103,117.200,5851040000
CHFJPY,20210127,2100,117.202,117.231,117.076,117.076,2994160000
CHFJPY,20210127,2200,117.120,117.165,117.014,117.085,1795030000
CHFJPY,20210127,2300,117.084,117.119,117.068,117.100,2549050000
CHFJPY,20210128,0000,117.101,117.219,117.093,117.164,5509410000
CHFJPY,20210128,0100,117.164,117.280,117.145,117.247,4082460000
CHFJPY,20210128,0200,117.253,117.297,117.240,117.274,2338830000
CHFJPY,20210128,0300,117.272,117.330,117.235,117.321,2430240000
CHFJPY,20210128,0400,117.321,117.332,117.227,117.260,2199170000
CHFJPY,20210128,0500,117.259,117.292,117.214,117.283,2291020000
CHFJPY,20210128,0600,117.282,117.316,117.237,117.309,2216080000
CHFJPY,20210128,0700,117.309,117.311,117.199,117.234,5098060000
CHFJPY,20210128,0800,117.232,117.352,117.127,117.141,7750100000
CHFJPY,20210128,0900,117.141,117.304,117.125,117.227,6567230000
CHFJPY,20210128,1000,117.227,117.251,117.136,117.167,5692540000
CHFJPY,20210128,1100,117.168,117.204,117.071,117.136,4843060000
CHFJPY,20210128,1200,117.135,117.199,117.087,117.126,4551900000
CHFJPY,20210128,1300,117.127,117.294,117.036,117.286,8424890000
CHFJPY,20210128,1400,117.290,117.503,117.286,117.480,10661730000
CHFJPY,20210128,1500,117.480,117.567,117.379,117.392,8640800000
CHFJPY,20210128,1600,117.394,117.444,117.352,117.370,5510230000
CHFJPY,20210128,1700,117.371,117.433,117.334,117.382,3381070000
CHFJPY,20210128,1800,117.384,117.430,117.365,117.407,2927000000
CHFJPY,20210128,1900,117.409,117.444,117.371,117.406,2547440000
CHFJPY,20210128,2000,117.409,117.439,117.349,117.354,3006510000
CHFJPY,20210128,2100,117.354,117.359,117.215,117.215,1333920000
CHFJPY,20210128,2200,117.228,117.363,117.216,117.280,1971190000
CHFJPY,20210128,2300,117.286,117.382,117.281,117.373,1591170000
CHFJPY,20210129,0000,117.371,117.512,117.365,117.438,4427430000
CHFJPY,20210129,0100,117.441,117.570,117.441,117.484,4040050000
CHFJPY,20210129,0200,117.484,117.492,117.433,117.458,2680560000
CHFJPY,20210129,0300,117.459,117.480,117.390,117.397,2059830000
CHFJPY,20210129,0400,117.397,117.463,117.382,117.452,2128310000
CHFJPY,20210129,0500,117.454,117.497,117.431,117.452,2072570000
CHFJPY,20210129,0600,117.453,117.548,117.438,117.535,2014020000
CHFJPY,20210129,0700,117.537,117.611,117.465,117.543,3977630000
CHFJPY,20210129,0800,117.546,117.778,117.505,117.719,7302590000
CHFJPY,20210129,0900,117.720,117.951,117.646,117.905,8516330000
CHFJPY,20210129,1000,117.906,117.952,117.805,117.862,7178940000
CHFJPY,20210129,1100,117.863,117.908,117.803,117.818,4809310000
CHFJPY,20210129,1200,117.816,117.901,117.720,117.722,6164970000
CHFJPY,20210129,1300,117.719,117.908,117.646,117.867,10190930000
CHFJPY,20210129,1400,117.869,118.006,117.869,117.872,8567050000
CHFJPY,20210129,1500,117.875,117.918,117.648,117.699,10426750000
CHFJPY,20210129,1600,117.697,117.720,117.480,117.498,7905960000
CHFJPY,20210129,1700,117.498,117.627,117.489,117.571,4915220000
CHFJPY,20210129,1800,117.572,117.609,117.523,117.587,3961580000
CHFJPY,20210129,1900,117.585,117.623,117.554,117.583,3589990000
CHFJPY,20210129,2000,117.581,117.635,117.573,117.586,3384030000
CHFJPY,20210129,2100,117.587,117.620,117.507,117.507,2158540000
CHFJPY,20210131,2200,117.636,117.660,117.574,117.638,1614180000
CHFJPY,20210131,2300,117.638,117.700,117.416,117.457,4436050000
CHFJPY,20210201,0000,117.455,117.498,117.403,117.498,3221340000
CHFJPY,20210201,0100,117.497,117.513,117.412,117.466,3389480000
CHFJPY,20210201,0200,117.464,117.471,117.404,117.415,2131680000
CHFJPY,20210201,0300,117.418,117.420,117.353,117.392,1429880000
CHFJPY,20210201,0400,117.390,117.420,117.361,117.385,1507760000
CHFJPY,20210201,0500,117.385,117.401,117.330,117.356,1720180000
CHFJPY,20210201,0600,117.353,117.424,117.353,117.390,1663710000
CHFJPY,20210201,0700,117.390,117.452,117.330,117.432,3437140000
CHFJPY,20210201,0800,117.431,117.441,117.145,117.149,8235410000
CHFJPY,20210201,0900,117.148,117.286,117.067,117.196,7612120000
CHFJPY,20210201,1000,117.196,117.224,117.053,117.112,5741300000
CHFJPY,20210201,1100,117.113,117.200,117.064,117.156,4495690000
CHFJPY,20210201,1200,117.155,117.243,117.146,117.190,4956310000
CHFJPY,20210201,1300,117.190,117.238,117.111,117.143,6712660000
CHFJPY,20210201,1400,117.141,117.296,117.129,117.249,6894550000
CHFJPY,20210201,1500,117.248,117.368,117.154,117.182,7989550000
CHFJPY,20210201,1600,117.183,117.223,117.074,117.081,5181120000
CHFJPY,20210201,1700,117.080,117.122,117.050,117.118,3024020000
CHFJPY,20210201,1800,117.119,117.125,116.999,117.022,3129300000
CHFJPY,20210201,1900,117.019,117.059,116.986,117.008,2499330000
CHFJPY,20210201,2000,117.007,117.025,116.963,116.964,2833230000
CHFJPY,20210201,2100,116.964,117.016,116.928,116.941,1312160000
CHFJPY,20210201,2200,116.941,116.986,116.900,116.958,2137030000
CHFJPY,20210201,2300,116.959,117.015,116.955,116.978,2147190000
CHFJPY,20210202,0000,116.979,116.997,116.928,116.966,3740460000
CHFJPY,20210202,0100,116.964,117.069,116.935,117.061,3110290000
CHFJPY,20210202,0200,117.059,117.117,117.033,117.074,2191940000
CHFJPY,20210202,0300,117.075,117.107,117.046,117.100,2317960000
CHFJPY,20210202,0400,117.098,117.122,117.057,117.068,1675460000
CHFJPY,20210202,0500,117.067,117.118,117.055,117.088,1768100000
CHFJPY,20210202,0600,117.090,117.097,117.013,117.069,1777150000
CHFJPY,20210202,0700,117.068,117.076,116.952,116.987,4094590000
CHFJPY,20210202,0800,116.988,117.235,116.926,117.174,6908470000
CHFJPY,20210202,0900,117.175,117.207,117.033,117.071,4645320000
CHFJPY,20210202,1000,117.072,117.095,116.867,116.925,7039790000
CHFJPY,20210202,1100,116.925,117.001,116.859,116.911,4219110000
CHFJPY,20210202,1200,116.910,117.084,116.894,117.077,4432360000
CHFJPY,20210202,1300,117.080,117.108,116.924,117.003,6387220000
CHFJPY,20210202,1400,117.001,117.014,116.901,116.914,8790820000
CHFJPY,20210202,1500,116.918,117.011,116.885,116.929,8352540000
CHFJPY,20210202,1600,116.925,116.954,116.885,116.919,5136950000
CHFJPY,20210202,1700,116.921,116.960,116.861,116.925,4055190000
CHFJPY,20210202,1800,116.927,116.957,116.891,116.907,2861510000
CHFJPY,20210202,1900,116.907,116.943,116.891,116.925,1874680000
CHFJPY,20210202,2000,116.928,116.982,116.892,116.961,2647590000
CHFJPY,20210202,2100,116.961,117.006,116.936,116.953,2171370000
CHFJPY,20210202,2200,116.953,117.001,116.910,116.969,1313290000
CHFJPY,20210202,2300,116.970,117.018,116.948,116.956,1606410000
CHFJPY,20210203,0000,116.955,117.011,116.932,116.936,2567920000
CHFJPY,20210203,0100,116.935,116.983,116.913,116.970,2687970000
CHFJPY,20210203,0200,116.967,116.978,116.923,116.958,1903190000
CHFJPY,20210203,0300,116.958,117.001,116.951,116.968,1653770000
CHFJPY,20210203,0400,116.968,116.974,116.938,116.957,1182980000
CHFJPY,20210203,0500,116.957,116.975,116.932,116.960,1020090000
CHFJPY,20210203,0600,116.960,116.969,116.911,116.923,1541260000
CHFJPY,20210203,0700,116.921,117.011,116.890,116.972,3619720000
CHFJPY,20210203,0800,116.972,116.991,116.848,116.873,4872470000
CHFJPY,20210203,0900,116.871,116.947,116.777,116.894,5120800000
CHFJPY,20210203,1000,116.894,116.929,116.765,116.869,3902340000
CHFJPY,20210203,1100,116.869,116.895,116.823,116.866,2425100000
CHFJPY,20210203,1200,116.865,116.893,116.772,116.820,4278240000
CHFJPY,20210203,1300,116.826,116.883,116.811,116.863,6099050000
CHFJPY,20210203,1400,116.865,116.932,116.765,116.776,7507570000
CHFJPY,20210203,1500,116.780,116.828,116.713,116.787,7021350000
CHFJPY,20210203,1600,116.788,116.843,116.775,116.797,3913580000
CHFJPY,20210203,1700,116.798,116.851,116.758,116.762,3025400000
CHFJPY,20210203,1800,116.763,116.803,116.747,116.800,2575890000
CHFJPY,20210203,1900,116.803,116.825,116.774,116.809,1575670000
CHFJPY,20210203,2000,116.809,116.855,116.789,116.831,2900310000
CHFJPY,20210203,2100,116.830,116.849,116.810,116.810,1149440000
CHFJPY,20210203,2200,116.810,116.812,116.760,116.804,772250000
CHFJPY,20210203,2300,116.802,116.876,116.784,116.859,1766910000
CHFJPY,20210204,0000,116.858,116.878,116.816,116.858,2534130000
CHFJPY,20210204,0100,116.860,116.871,116.813,116.846,2892210000
CHFJPY,20210204,0200,116.846,116.869,116.810,116.814,2158690000
CHFJPY,20210204,0300,116.816,116.821,116.762,116.796,2477510000
CHFJPY,20210204,0400,116.796,116.836,116.768,116.832,1483270000
CHFJPY,20210204,0500,116.832,116.842,116.791,116.820,2549020000
CHFJPY,20210204,0600,116.819,116.835,116.794,116.816,1991820000
CHFJPY,20210204,0700,116.815,116.854,116.768,116.807,4299020000
CHFJPY,20210204,0800,116.807,116.832,116.619,116.626,6737170000
CHFJPY,20210204,0900,116.627,116.730,116.589,116.619,5202820000
CHFJPY,20210204,1000,116.620,116.771,116.598,116.695,3825210000
CHFJPY,20210204,1100,116.696,116.748,116.661,116.718,3477340000
CHFJPY,20210204,1200,116.716,116.741,116.623,116.675,6167840000
CHFJPY,20210204,1300,116.676,116.737,116.633,116.674,5743520000
CHFJPY,20210204,1400,116.676,116.737,116.644,116.707,6256240000
CHFJPY,20210204,1500,116.707,116.740,116.660,116.706,6895510000
CHFJPY,20210204,1600,116.705,116.751,116.674,116.726,4296410000
CHFJPY,20210204,1700,116.726,116.731,116.647,116.648,2744950000
CHFJPY,20210204,1800,116.647,116.725,116.638,116.723,2140280000
CHFJPY,20210204,1900,116.724,116.747,116.687,116.718,1909990000
CHFJPY,20210204,2000,116.716,116.772,116.711,116.746,2077430000
CHFJPY,20210204,2100,116.748,116.759,116.695,116.695,1461890000
CHFJPY,20210204,2200,116.695,116.731,116.671,116.672,833650000
CHFJPY,20210204,2300,116.666,116.807,116.665,116.774,2084460000
CHFJPY,20210205,0000,116.772,116.826,116.680,116.710,3093840000
CHFJPY,20210205,0100,116.710,116.740,116.683,116.736,2604230000
CHFJPY,20210205,0200,116.737,116.746,116.677,116.691,2351210000
CHFJPY,20210205,0300,116.690,116.715,116.685,116.699,1476600000
CHFJPY,20210205,0400,116.699,116.731,116.696,116.715,1149150000
CHFJPY,20210205,0500,116.716,116.741,116.706,116.725,1480350000
CHFJPY,20210205,0600,116.728,116.757,116.715,116.730,1495720000
CHFJPY,20210205,0700,116.728,116.758,116.707,116.717,2484100000
CHFJPY,20210205,0800,116.717,116.835,116.717,116.764,6816220000
CHFJPY,20210205,0900,116.763,116.854,116.750,116.805,3644020000
CHFJPY,20210205,1000,116.803,116.962,116.802,116.936,4057670000
CHFJPY,20210205,1100,116.932,116.983,116.853,116.890,4079690000
CHFJPY,20210205,1200,116.890,117.119,116.887,117.044,4744660000
CHFJPY,20210205,1300,117.042,117.226,117.001,117.151,11492490000
CHFJPY,20210205,1400,117.152,117.173,117.075,117.146,10444590000
CHFJPY,20210205,1500,117.143,117.181,117.079,117.123,7545540000
CHFJPY,20210205,1600,117.127,117.240,117.088,117.187,4760090000
CHFJPY,20210205,1700,117.187,117.222,117.058,117.063,3495600000
CHFJPY,20210205,1800,117.066,117.159,117.066,117.148,2760500000
CHFJPY,20210205,1900,117.148,117.203,117.145,117.190,1879450000
CHFJPY,20210205,2000,117.190,117.215,117.159,117.202,2329900000
CHFJPY,20210205,2100,117.200,117.233,117.146,117.146,1495420000
CHFJPY,20210207,2200,117.088,117.262,117.055,117.186,3082100000
CHFJPY,20210207,2300,117.186,117.280,117.177,117.216,5759930000
CHFJPY,20210208,0000,117.216,117.275,117.185,117.201,4770810000
CHFJPY,20210208,0100,117.199,117.223,117.144,117.214,2132620000
CHFJPY,20210208,0200,117.214,117.215,117.146,117.157,1809220000
CHFJPY,20210208,0300,117.156,117.225,117.141,117.202,1176450000
CHFJPY,20210208,0400,117.202,117.262,117.199,117.254,847190000
CHFJPY,20210208,0500,117.254,117.285,117.237,117.244,1254530000
CHFJPY,20210208,0600,117.244,117.289,117.238,117.247,1278800000
CHFJPY,20210208,0700,117.246,117.293,117.193,117.222,2965230000
CHFJPY,20210208,0800,117.222,117.339,117.181,117.299,4900530000
CHFJPY,20210208,0900,117.299,117.323,117.189,117.201,3779120000
CHFJPY,20210208,1000,117.199,117.309,117.196,117.303,3537160000
CHFJPY,20210208,1100,117.302,117.326,117.220,117.260,3483660000
CHFJPY,20210208,1200,117.262,117.276,117.032,117.036,4258970000
CHFJPY,20210208,1300,117.035,117.167,117.035,117.124,5837330000
CHFJPY,20210208,1400,117.123,117.254,117.101,117.230,7991180000
CHFJPY,20210208,1500,117.229,117.237,116.979,117.017,7705920000
CHFJPY,20210208,1600,117.018,117.069,116.991,117.050,5294170000
CHFJPY,20210208,1700,117.051,117.098,117.037,117.042,2978970000
CHFJPY,20210208,1800,117.045,117.086,117.038,117.066,1942820000
CHFJPY,20210208,1900,117.065,117.090,117.048,117.083,1678610000
CHFJPY,20210208,2000,117.083,117.083,117.029,117.036,1964530000
CHFJPY,20210208,2100,117.037,117.080,117.002,117.060,1081160000
CHFJPY,20210208,2200,117.035,117.069,116.989,117.046,5463800000
CHFJPY,20210208,2300,117.040,117.093,116.997,117.072,1601640000
CHFJPY,20210209,0000,117.071,117.094,117.021,117.048,3086790000
CHFJPY,20210209,0100,117.048,117.090,117.023,117.055,2845750000
CHFJPY,20210209,0200,117.054,117.133,117.032,117.047,4043090000
CHFJPY,20210209,0300,117.048,117.064,117.013,117.030,2298650000
CHFJPY,20210209,0400,117.029,117.035,116.959,116.979,1925300000
CHFJPY,20210209,0500,116.981,117.054,116.971,117.035,1935730000
CHFJPY,20210209,0600,117.033,117.048,116.952,116.969,2264720000
CHFJPY,20210209,0700,116.975,117.019,116.917,116.961,4240250000
CHFJPY,20210209,0800,116.961,117.104,116.929,117.100,6417320000
CHFJPY,20210209,0900,117.102,117.107,117.000,117.019,7898860000
CHFJPY,20210209,1000,117.019,117.167,117.019,117.120,5483900000
CHFJPY,20210209,1100,117.120,117.185,117.111,117.116,4245940000
CHFJPY,20210209,1200,117.116,117.140,117.009,117.018,4031810000
CHFJPY,20210209,1300,117.017,117.131,117.003,117.098,6358770000
CHFJPY,20210209,1400,117.095,117.132,116.966,116.969,7382740000
CHFJPY,20210209,1500,116.968,117.082,116.917,117.068,7249550000
CHFJPY,20210209,1600,117.066,117.157,117.051,117.147,4254930000
CHFJPY,20210209,1700,117.146,117.194,117.110,117.124,2963120000
CHFJPY,20210209,1800,117.124,117.193,117.120,117.173,1910090000
CHFJPY,20210209,1900,117.177,117.239,117.163,117.195,2662100000
CHFJPY,20210209,2000,117.195,117.221,117.171,117.184,1850230000
CHFJPY,20210209,2100,117.184,117.208,117.155,117.162,1369090000
CHFJPY,20210209,2200,117.194,117.267,117.136,117.136,771510000
CHFJPY,20210209,2300,117.189,117.191,117.147,117.172,1729800000
CHFJPY,20210210,0000,117.172,117.211,117.119,117.196,3220010000
CHFJPY,20210210,0100,117.199,117.253,117.189,117.235,3061420000
CHFJPY,20210210,0200,117.237,117.297,117.228,117.269,2037680000
CHFJPY,20210210,0300,117.268,117.276,117.225,117.273,1938400000
CHFJPY,20210210,0400,117.273,117.298,117.261,117.293,1325250000
CHFJPY,20210210,0500,117.293,117.306,117.259,117.260,1295340000
CHFJPY,20210210,0600,117.261,117.318,117.259,117.301,1210470000
CHFJPY,20210210,0700,117.301,117.328,117.268,117.277,3217860000
CHFJPY,20210210,0800,117.277,117.409,117.272,117.338,6135780000
CHFJPY,20210210,0900,117.337,117.606,117.255,117.538,7166420000
CHFJPY,20210210,1000,117.538,117.577,117.483,117.545,4901970000
CHFJPY,20210210,1100,117.546,117.612,117.530,117.603,3010830000
CHFJPY,20210210,1200,117.602,117.621,117.511,117.523,4579140000
CHFJPY,20210210,1300,117.522,117.606,117.472,117.535,8117120000
CHFJPY,20210210,1400,117.535,117.552,117.495,117.518,8130880000
CHFJPY,20210210,1500,117.520,117.601,117.491,117.552,10129170000
CHFJPY,20210210,1600,117.551,117.732,117.544,117.703,5772520000
CHFJPY,20210210,1700,117.703,117.729,117.631,117.670,3865690000
CHFJPY,20210210,1800,117.668,117.675,117.604,117.607,2205160000
CHFJPY,20210210,1900,117.608,117.621,117.582,117.607,2020680000
CHFJPY,20210210,2000,117.608,117.627,117.515,117.521,2116910000
CHFJPY,20210210,2100,117.522,117.545,117.392,117.403,1175780000
CHFJPY,20210210,2200,117.408,117.509,117.406,117.469,626750000
CHFJPY,20210210,2300,117.467,117.543,117.447,117.505,1143680000
CHFJPY,20210211,0000,117.504,117.516,117.428,117.431,1023350000
CHFJPY,20210211,0100,117.431,117.469,117.417,117.454,988840000
CHFJPY,20210211,0200,117.454,117.512,117.454,117.512,1106920000
CHFJPY,20210211,0300,117.511,117.514,117.468,117.503,1320170000
CHFJPY,20210211,0400,117.503,117.529,117.490,117.496,1044290000
CHFJPY,20210211,0500,117.497,117.548,117.496,117.528,923900000
CHFJPY,20210211,0600,117.529,117.536,117.491,117.491,1081170000
CHFJPY,20210211,0700,117.494,117.533,117.445,117.458,2266540000
CHFJPY,20210211,0800,117.456,117.635,117.432,117.626,5192860000
CHFJPY,20210211,0900,117.623,117.688,117.578,117.584,3363070000
CHFJPY,20210211,1000,117.583,117.602,117.522,117.598,2669660000
CHFJPY,20210211,1100,117.597,117.651,117.571,117.632,3081990000
CHFJPY,20210211,1200,117.629,117.670,117.602,117.636,2724000000
CHFJPY,20210211,1300,117.639,117.695,117.610,117.654,5008700000
CHFJPY,20210211,1400,117.658,117.696,117.574,117.586,6776410000
CHFJPY,20210211,1500,117.587,117.660,117.571,117.604,6100070000
CHFJPY,20210211,1600,117.605,117.639,117.578,117.609,3983310000
CHFJPY,20210211,1700,117.609,117.646,117.586,117.602,4035600000
CHFJPY,20210211,1800,117.604,117.639,117.589,117.630,2751950000
CHFJPY,20210211,1900,117.629,117.713,117.615,117.702,2177870000
CHFJPY,20210211,2000,117.701,117.720,117.675,117.693,1522660000
CHFJPY,20210211,2100,117.693,117.703,117.634,117.634,960580000
CHFJPY,20210211,2200,117.624,117.710,117.624,117.657,2487040000
CHFJPY,20210211,2300,117.661,117.694,117.655,117.675,1558780000
CHFJPY,20210212,0000,117.673,117.738,117.646,117.673,2052650000
CHFJPY,20210212,0100,117.672,117.739,117.666,117.720,1926770000
CHFJPY,20210212,0200,117.720,117.723,117.671,117.677,1605690000
CHFJPY,20210212,0300,117.676,117.697,117.662,117.690,1096100000
CHFJPY,20210212,0400,117.690,117.704,117.662,117.699,1147830000
CHFJPY,20210212,0500,117.696,117.818,117.681,117.798,1708980000
CHFJPY,20210212,0600,117.799,117.799,117.685,117.694,1424600000
CHFJPY,20210212,0700,117.693,117.817,117.690,117.792,2936160000
CHFJPY,20210212,0800,117.789,117.856,117.689,117.720,4748480000
CHFJPY,20210212,0900,117.722,117.882,117.698,117.703,5178500000
CHFJPY,20210212,1000,117.702,117.711,117.557,117.609,3370340000
CHFJPY,20210212,1100,117.611,117.680,117.581,117.662,2740640000
CHFJPY,20210212,1200,117.665,117.709,117.648,117.677,3097460000
CHFJPY,20210212,1300,117.674,117.742,117.559,117.564,5667960000
CHFJPY,20210212,1400,117.564,117.654,117.548,117.601,6874540000
CHFJPY,20210212,1500,117.601,117.719,117.588,117.716,6666710000
CHFJPY,20210212,1600,117.717,117.794,117.689,117.772,4614260000
CHFJPY,20210212,1700,117.773,117.792,117.691,117.695,2468230000
CHFJPY,20210212,1800,117.693,117.718,117.673,117.687,2112280000
CHFJPY,20210212,1900,117.689,117.719,117.648,117.652,1503520000
CHFJPY,20210212,2000,117.651,117.684,117.651,117.667,1301300000
CHFJPY,20210212,2100,117.667,117.694,117.616,117.634,1509500000
CHFJPY,20210214,2200,117.470,117.738,117.422,117.677,4056630000
CHFJPY,20210214,2300,117.677,117.831,117.552,117.790,4733130000
CHFJPY,20210215,0000,117.789,117.857,117.730,117.787,3266100000
CHFJPY,20210215,0100,117.787,117.816,117.725,117.806,2175890000
CHFJPY,20210215,0200,117.805,117.865,117.788,117.854,2024390000
CHFJPY,20210215,0300,117.855,117.924,117.839,117.917,1634530000
CHFJPY,20210215,0400,117.915,117.959,117.869,117.882,1933940000
CHFJPY,20210215,0500,117.881,117.944,117.876,117.926,1398560000
CHFJPY,20210215,0600,117.928,117.977,117.889,117.901,1990740000
CHFJPY,20210215,0700,117.901,118.025,117.888,117.998,2636830000
CHFJPY,20210215,0800,117.998,118.133,117.981,118.122,5706640000
CHFJPY,20210215,0900,118.122,118.378,118.112,118.317,4544290000
CHFJPY,20210215,1000,118.317,118.343,118.230,118.287,3192090000
CHFJPY,20210215,1100,118.288,118.316,118.210,118.212,2484290000
CHFJPY,20210215,1200,118.215,118.261,118.160,118.243,2741690000
CHFJPY,20210215,1300,118.245,118.318,118.216,118.299,2926450000
CHFJPY,20210215,1400,118.300,118.323,118.260,118.321,3058190000
CHFJPY,20210215,1500,118.321,118.394,118.284,118.385,2706020000
CHFJPY,20210215,1600,118.386,118.390,118.323,118.375,1893700000
CHFJPY,20210215,1700,118.376,118.383,118.261,118.265,1560720000
CHFJPY,20210215,1800,118.266,118.328,118.260,118.305,2208490000
CHFJPY,20210215,1900,118.304,118.346,118.282,118.318,2943140000
CHFJPY,20210215,2000,118.320,118.354,118.287,118.309,1976190000
CHFJPY,20210215,2100,118.309,118.361,118.309,118.309,2094590000
CHFJPY,20210215,2200,118.309,118.366,118.256,118.326,474190000
CHFJPY,20210215,2300,118.326,118.420,118.303,118.397,1578180000
CHFJPY,20210216,0000,118.398,118.634,118.398,118.618,4041300000
CHFJPY,20210216,0100,118.617,118.742,118.573,118.675,3873110000
CHFJPY,20210216,0200,118.674,118.802,118.660,118.761,2321090000
CHFJPY,20210216,0300,118.759,118.839,118.749,118.821,1800000000
CHFJPY,20210216,0400,118.818,118.823,118.706,118.715,1802080000
CHFJPY,20210216,0500,118.716,118.774,118.568,118.617,3560420000
CHFJPY,20210216,0600,118.617,118.700,118.587,118.652,2493040000
CHFJPY,20210216,0700,118.657,118.749,118.518,118.545,3872950000
CHFJPY,20210216,0800,118.544,118.729,118.521,118.713,5226060000
CHFJPY,20210216,0900,118.713,118.725,118.454,118.518,5036900000
CHFJPY,20210216,1000,118.523,118.608,118.467,118.543,4512260000
CHFJPY,20210216,1100,118.544,118.715,118.508,118.705,4285120000
CHFJPY,20210216,1200,118.706,118.805,118.659,118.765,4982520000
CHFJPY,20210216,1300,118.765,118.782,118.515,118.544,9479780000
CHFJPY,20210216,1400,118.543,118.589,118.464,118.512,11301130000
CHFJPY,20210216,1500,118.510,118.606,118.468,118.588,8610440000
CHFJPY,20210216,1600,118.590,118.666,118.569,118.644,6354110000
CHFJPY,20210216,1700,118.645,118.740,118.604,118.651,4142420000
CHFJPY,20210216,1800,118.651,118.711,118.647,118.696,2461990000
CHFJPY,20210216,1900,118.696,118.738,118.674,118.737,1910760000
CHFJPY,20210216,2000,118.736,118.750,118.709,118.718,1454590000
CHFJPY,20210216,2100,118.716,118.809,118.707,118.788,1856780000
CHFJPY,20210216,2200,118.788,118.846,118.729,118.836,8073810000
CHFJPY,20210216,2300,118.836,118.863,118.721,118.744,4503510000
CHFJPY,20210217,0000,118.742,118.812,118.690,118.799,4608930000
CHFJPY,20210217,0100,118.798,118.798,118.691,118.720,3456640000
CHFJPY,20210217,0200,118.723,118.727,118.600,118.663,3106670000
CHFJPY,20210217,0300,118.664,118.678,118.607,118.607,2100140000
CHFJPY,20210217,0400,118.609,118.622,118.534,118.534,2199520000
CHFJPY,20210217,0500,118.536,118.583,118.519,118.551,2523740000
CHFJPY,20210217,0600,118.548,118.605,118.534,118.561,2104220000
CHFJPY,20210217,0700,118.564,118.610,118.417,118.450,5092260000
CHFJPY,20210217,0800,118.451,118.502,118.259,118.345,6837670000
CHFJPY,20210217,0900,118.346,118.420,118.312,118.405,5634270000
CHFJPY,20210217,1000,118.405,118.464,118.310,118.463,4112250000
CHFJPY,20210217,1100,118.463,118.466,118.336,118.384,3486770000
CHFJPY,20210217,1200,118.383,118.415,118.359,118.372,3895660000
CHFJPY,20210217,1300,118.373,118.451,118.186,118.187,10455550000
CHFJPY,20210217,1400,118.186,118.217,117.940,118.009,12351370000
CHFJPY,20210217,1500,118.008,118.047,117.847,117.912,7950290000
CHFJPY,20210217,1600,117.911,117.911,117.734,117.774,6341980000
CHFJPY,20210217,1700,117.779,117.806,117.727,117.771,3591950000
CHFJPY,20210217,1800,117.772,117.832,117.768,117.795,3173360000
CHFJPY,20210217,1900,117.801,117.823,117.768,117.788,2366440000
CHFJPY,20210217,2000,117.794,117.848,117.783,117.783,1802330000
CHFJPY,20210217,2100,117.785,117.811,117.750,117.754,1579910000
CHFJPY,20210217,2200,117.773,117.843,117.768,117.818,3021270000
CHFJPY,20210217,2300,117.818,117.835,117.762,117.793,1538600000
CHFJPY,20210218,0000,117.794,117.858,117.673,117.718,3806970000
CHFJPY,20210218,0100,117.719,117.770,117.705,117.714,3156070000
CHFJPY,20210218,0200,117.719,117.798,117.703,117.780,2408310000
CHFJPY,20210218,0300,117.780,117.803,117.755,117.774,1761840000
CHFJPY,20210218,0400,117.773,117.779,117.730,117.761,1542620000
CHFJPY,20210218,0500,117.759,117.830,117.754,117.790,1570770000
CHFJPY,20210218,0600,117.788,117.843,117.766,117.796,1464880000
CHFJPY,20210218,0700,117.796,117.811,117.722,117.731,3719140000
CHFJPY,20210218,0800,117.731,117.936,117.726,117.904,6736860000
CHFJPY,20210218,0900,117.899,117.949,117.818,117.883,5019270000
CHFJPY,20210218,1000,117.880,117.897,117.774,117.794,3308840000
CHFJPY,20210218,1100,117.796,117.822,117.722,117.811,4039470000
CHFJPY,20210218,1200,117.812,117.904,117.792,117.886,4457970000
CHFJPY,20210218,1300,117.890,117.946,117.863,117.889,6200790000
CHFJPY,20210218,1400,117.895,117.993,117.878,117.961,8615900000
CHFJPY,20210218,1500,117.962,117.982,117.860,117.861,8231150000
CHFJPY,20210218,1600,117.865,117.935,117.832,117.852,4243660000
CHFJPY,20210218,1700,117.851,117.917,117.832,117.859,2650980000
CHFJPY,20210218,1800,117.861,117.908,117.857,117.883,1971990000
CHFJPY,20210218,1900,117.883,117.902,117.851,117.897,1853380000
CHFJPY,20210218,2000,117.896,117.939,117.872,117.939,1585780000
CHFJPY,20210218,2100,117.936,117.954,117.916,117.934,1370190000
CHFJPY,20210218,2200,117.955,117.955,117.913,117.922,1332000000
CHFJPY,20210218,2300,117.928,117.967,117.904,117.910,1773350000
CHFJPY,20210219,0000,117.908,117.986,117.905,117.945,2938820000
CHFJPY,20210219,0100,117.945,117.975,117.864,117.906,2959110000
CHFJPY,20210219,0200,117.906,117.912,117.825,117.866,2479650000
CHFJPY,20210219,0300,117.864,117.872,117.825,117.857,1636900000
CHFJPY,20210219,0400,117.855,117.883,117.796,117.816,1813500000
CHFJPY,20210219,0500,117.818,117.821,117.763,117.798,2477250000
CHFJPY,20210219,0600,117.795,117.896,117.774,117.878,2174740000
CHFJPY,20210219,0700,117.878,117.955,117.856,117.949,3849250000
CHFJPY,20210219,0800,117.945,117.973,117.814,117.843,7265660000
CHFJPY,20210219,0900,117.843,117.936,117.840,117.853,5344310000
CHFJPY,20210219,1000,117.853,117.921,117.850,117.873,4543040000
CHFJPY,20210219,1100,117.873,117.884,117.781,117.801,3911190000
CHFJPY,20210219,1200,117.800,117.868,117.689,117.733,4245970000
CHFJPY,20210219,1300,117.734,117.873,117.710,117.843,6103530000
CHFJPY,20210219,1400,117.842,117.879,117.764,117.870,6608340000
CHFJPY,20210219,1500,117.868,118.079,117.845,117.994,6836090000
CHFJPY,20210219,1600,117.990,118.027,117.894,117.991,4384160000
CHFJPY,20210219,1700,117.990,117.998,117.624,117.651,4346960000
CHFJPY,20210219,1800,117.653,117.752,117.652,117.658,3795930000
CHFJPY,20210219,1900,117.658,117.681,117.611,117.630,1945580000
CHFJPY,20210219,2000,117.630,117.650,117.587,117.612,1407950000
CHFJPY,20210219,2100,117.611,117.622,117.556,117.564,1295840000
CHFJPY,20210221,2200,117.477,117.687,117.477,117.679,2561740000
CHFJPY,20210221,2300,117.683,117.733,117.644,117.666,3283770000
CHFJPY,20210222,0000,117.666,117.684,117.583,117.583,3444980000
CHFJPY,20210222,0100,117.583,117.768,117.570,117.746,4258200000
CHFJPY,20210222,0200,117.747,117.796,117.627,117.679,4451750000
CHFJPY,20210222,0300,117.679,117.689,117.607,117.684,2776200000
CHFJPY,20210222,0400,117.687,117.731,117.672,117.700,2474780000
CHFJPY,20210222,0500,117.699,117.701,117.630,117.636,2436440000
CHFJPY,20210222,0600,117.634,117.674,117.616,117.638,1634900000
CHFJPY,20210222,0700,117.635,117.666,117.555,117.563,5216440000
CHFJPY,20210222,0800,117.561,117.627,117.239,117.309,7820110000
CHFJPY,20210222,0900,117.309,117.621,117.287,117.472,6817100000
CHFJPY,20210222,1000,117.472,117.547,117.413,117.519,3984770000
CHFJPY,20210222,1100,117.517,117.559,117.450,117.550,4621650000
CHFJPY,20210222,1200,117.550,117.686,117.548,117.638,4421500000
CHFJPY,20210222,1300,117.638,117.684,117.517,117.549,6949660000
CHFJPY,20210222,1400,117.548,117.556,117.365,117.365,9621260000
CHFJPY,20210222,1500,117.366,117.402,117.121,117.160,9689240000
CHFJPY,20210222,1600,117.163,117.290,117.159,117.282,4913210000
CHFJPY,20210222,1700,117.282,117.346,117.264,117.323,3423150000
CHFJPY,20210222,1800,117.322,117.332,117.220,117.238,2416260000
CHFJPY,20210222,1900,117.238,117.276,117.218,117.267,1851230000
CHFJPY,20210222,2000,117.268,117.281,117.193,117.199,1894030000
CHFJPY,20210222,2100,117.199,117.258,117.187,117.217,1050650000
CHFJPY,20210222,2200,117.228,117.263,117.158,117.225,2558760000
CHFJPY,20210222,2300,117.226,117.245,117.146,117.210,2092960000
CHFJPY,20210223,0000,117.211,117.244,117.179,117.196,2012700000
CHFJPY,20210223,0100,117.198,117.267,117.179,117.252,3184860000
CHFJPY,20210223,0200,117.251,117.282,117.231,117.278,1884060000
CHFJPY,20210223,0300,117.276,117.287,117.235,117.244,1396950000
CHFJPY,20210223,0400,117.243,117.281,117.234,117.253,1198960000
CHFJPY,20210223,0500,117.256,117.276,117.223,117.275,1427110000
CHFJPY,20210223,0600,117.274,117.326,117.272,117.306,1217170000
CHFJPY,20210223,0700,117.306,117.407,117.284,117.303,4359190000
CHFJPY,20210223,0800,117.304,117.343,116.965,117.035,7121330000
CHFJPY,20210223,0900,117.033,117.035,116.813,117.023,7009520000
CHFJPY,20210223,1000,117.027,117.027,116.841,116.848,5043250000
CHFJPY,20210223,1100,116.849,116.969,116.818,116.895,4759250000
CHFJPY,20210223,1200,116.894,116.950,116.854,116.887,4536460000
CHFJPY,20210223,1300,116.886,117.040,116.870,117.013,6405070000
CHFJPY,20210223,1400,117.013,117.099,116.743,116.822,8060830000
CHFJPY,20210223,1500,116.821,116.896,116.725,116.741,11175500000
CHFJPY,20210223,1600,116.741,116.803,116.558,116.599,6466700000
CHFJPY,20210223,1700,116.597,116.608,116.419,116.430,4700370000
CHFJPY,20210223,1800,116.429,116.470,116.398,116.466,3469310000
CHFJPY,20210223,1900,116.464,116.498,116.297,116.315,2569740000
CHFJPY,20210223,2000,116.316,116.335,116.277,116.315,2349130000
CHFJPY,20210223,2100,116.315,116.315,116.230,116.241,1600950000
CHFJPY,20210223,2200,116.305,116.321,116.229,116.257,1142070000
CHFJPY,20210223,2300,116.256,116.386,116.169,116.296,3014240000
CHFJPY,20210224,0000,116.295,116.399,116.269,116.399,5073070000
CHFJPY,20210224,0100,116.400,116.420,116.292,116.365,8704190000
CHFJPY,20210224,0200,116.365,116.473,116.356,116.458,4801080000
CHFJPY,20210224,0300,116.459,116.471,116.377,116.407,5047040000
CHFJPY,20210224,0400,116.411,116.438,116.338,116.361,3393350000
CHFJPY,20210224,0500,116.359,116.399,116.299,116.376,2993290000
CHFJPY,20210224,0600,116.375,116.455,116.281,116.451,2634820000
CHFJPY,20210224,0700,116.448,116.535,116.403,116.532,3907080000
CHFJPY,20210224,0800,116.531,116.639,116.223,116.364,9416410000
CHFJPY,20210224,0900,116.362,116.709,116.324,116.640,7118150000
CHFJPY,20210224,1000,116.640,116.767,116.515,116.517,5382980000
CHFJPY,20210224,1100,116.518,116.693,116.488,116.626,5334020000
CHFJPY,20210224,1200,116.624,116.715,116.595,116.628,5228690000
CHFJPY,20210224,1300,116.629,116.853,116.615,116.771,10000140000
CHFJPY,20210224,1400,116.769,116.785,116.637,116.702,11033810000
CHFJPY,20210224,1500,116.700,116.742,116.491,116.531,11217830000
CHFJPY,20210224,1600,116.530,116.711,116.481,116.707,7245230000
CHFJPY,20210224,1700,116.707,116.743,116.648,116.652,4168600000
CHFJPY,20210224,1800,116.654,116.773,116.652,116.739,3643850000
CHFJPY,20210224,1900,116.738,116.758,116.669,116.707,3184860000
CHFJPY,20210224,2000,116.711,116.782,116.709,116.729,2357630000
CHFJPY,20210224,2100,116.729,116.793,116.703,116.745,2091990000
CHFJPY,20210224,2200,116.765,116.768,116.670,116.727,5725140000
CHFJPY,20210224,2300,116.725,116.859,116.692,116.843,5242710000
CHFJPY,20210225,0000,116.844,116.921,116.802,116.902,4163190000
CHFJPY,20210225,0100,116.900,116.995,116.859,116.936,5346380000
CHFJPY,20210225,0200,116.940,116.974,116.891,116.933,3017940000
CHFJPY,20210225,0300,116.935,116.956,116.870,116.886,3087130000
CHFJPY,20210225,0400,116.887,116.906,116.802,116.854,3270540000
CHFJPY,20210225,0500,116.854,116.893,116.834,116.855,3376980000
CHFJPY,20210225,0600,116.856,116.961,116.855,116.894,2389830000
CHFJPY,20210225,0700,116.892,117.056,116.862,117.019,5618560000
CHFJPY,20210225,0800,117.020,117.361,117.017,117.353,6910310000
CHFJPY,20210225,0900,117.352,117.385,117.004,117.026,7038240000
CHFJPY,20210225,1000,117.026,117.211,116.804,117.129,6849960000
CHFJPY,20210225,1100,117.131,117.286,117.115,117.153,6346090000
CHFJPY,20210225,1200,117.152,117.197,117.093,117.123,5583230000
CHFJPY,20210225,1300,117.125,117.181,117.028,117.073,8583120000
CHFJPY,20210225,1400,117.073,117.387,117.004,117.367,10990960000
CHFJPY,20210225,1500,117.360,117.645,117.309,117.589,13391530000
CHFJPY,20210225,1600,117.589,117.652,117.505,117.582,8392450000
CHFJPY,20210225,1700,117.580,117.622,117.460,117.506,9522790000
CHFJPY,20210225,1800,117.508,117.521,117.082,117.184,16713300000
CHFJPY,20210225,1900,117.187,117.387,117.171,117.376,7750190000
CHFJPY,20210225,2000,117.375,117.386,117.235,117.235,8834130000
CHFJPY,20210225,2100,117.236,117.425,117.234,117.365,2952640000
CHFJPY,20210225,2200,117.392,117.465,117.297,117.427,6237980000
CHFJPY,20210225,2300,117.424,117.541,117.356,117.455,7570670000
CHFJPY,20210226,0000,117.455,117.500,117.161,117.345,9932440000
CHFJPY,20210226,0100,117.345,117.376,117.231,117.232,7376720000
CHFJPY,20210226,0200,117.239,117.255,117.027,117.121,6436410000
CHFJPY,20210226,0300,117.122,117.183,117.084,117.150,4803370000
CHFJPY,20210226,0400,117.152,117.209,117.072,117.159,6237890000
CHFJPY,20210226,0500,117.157,117.278,117.146,117.252,5940210000
CHFJPY,20210226,0600,117.250,117.360,117.222,117.249,5078080000
CHFJPY,20210226,0700,117.248,117.330,117.109,117.275,10484510000
CHFJPY,20210226,0800,117.274,117.360,117.172,117.358,9944550000
CHFJPY,20210226,0900,117.355,117.784,117.324,117.760,8206520000
CHFJPY,20210226,1000,117.758,117.758,117.425,117.499,8590970000
CHFJPY,20210226,1100,117.499,117.524,117.329,117.348,9442390000
CHFJPY,20210226,1200,117.347,117.384,117.209,117.235,8876150000
CHFJPY,20210226,1300,117.239,117.352,117.202,117.332,10021420000
CHFJPY,20210226,1400,117.333,117.611,117.322,117.520,12612480000
CHFJPY,20210226,1500,117.519,117.743,117.325,117.670,18567400000
CHFJPY,20210226,1600,117.669,117.782,117.262,117.273,12370250000
CHFJPY,20210226,1700,117.271,117.293,117.157,117.208,5712590000
CHFJPY,20210226,1800,117.206,117.235,117.143,117.192,5468240000
CHFJPY,20210226,1900,117.193,117.301,117.137,117.284,4377980000
CHFJPY,20210226,2000,117.284,117.286,117.109,117.162,4711170000
CHFJPY,20210226,2100,117.160,117.272,117.134,117.197,3521630000
CHFJPY,20210228,2200,117.145,117.284,117.068,117.178,853260000
CHFJPY,20210228,2300,117.177,117.371,117.112,117.347,3860960000
CHFJPY,20210301,0000,117.345,117.359,117.246,117.326,5298180000
CHFJPY,20210301,0100,117.325,117.429,117.269,117.384,6147790000
CHFJPY,20210301,0200,117.385,117.438,117.357,117.398,4298340000
CHFJPY,20210301,0300,117.399,117.441,117.320,117.326,3526020000
CHFJPY,20210301,0400,117.325,117.329,117.179,117.197,3452270000
CHFJPY,20210301,0500,117.196,117.277,117.173,117.257,3167420000
CHFJPY,20210301,0600,117.257,117.368,117.252,117.310,2445130000
CHFJPY,20210301,0700,117.309,117.351,117.163,117.174,4601530000
CHFJPY,20210301,0800,117.174,117.234,117.012,117.169,6945060000
CHFJPY,20210301,0900,117.166,117.212,117.045,117.062,6014090000
CHFJPY,20210301,1000,117.065,117.067,116.743,116.744,5996790000
CHFJPY,20210301,1100,116.744,116.925,116.702,116.906,6298880000
CHFJPY,20210301,1200,116.907,116.949,116.724,116.739,6020520000
CHFJPY,20210301,1300,116.743,116.806,116.639,116.643,7331490000
CHFJPY,20210301,1400,116.644,116.740,116.530,116.546,11895779999
CHFJPY,20210301,1500,116.541,116.743,116.380,116.708,12555490000
CHFJPY,20210301,1600,116.707,116.813,116.685,116.731,6382790000
CHFJPY,20210301,1700,116.731,116.801,116.715,116.733,4202250000
CHFJPY,20210301,1800,116.731,116.748,116.655,116.695,3804740000
CHFJPY,20210301,1900,116.695,116.732,116.655,116.708,3519550000
CHFJPY,20210301,2000,116.710,116.747,116.687,116.687,2414760000
CHFJPY,20210301,2100,116.689,116.719,116.604,116.622,1762850000
CHFJPY,20210301,2200,116.623,116.782,116.570,116.691,3470340000
CHFJPY,20210301,2300,116.684,116.800,116.683,116.765,1795700000
CHFJPY,20210302,0000,116.765,116.805,116.702,116.740,4023110000
CHFJPY,20210302,0100,116.740,116.771,116.684,116.704,4836560000
CHFJPY,20210302,0200,116.702,116.735,116.502,116.541,3469770000
CHFJPY,20210302,0300,116.541,116.662,116.531,116.657,3879010000
CHFJPY,20210302,0400,116.659,116.682,116.621,116.634,3291140000
CHFJPY,20210302,0500,116.635,116.668,116.612,116.618,2824800000
CHFJPY,20210302,0600,116.618,116.663,116.597,116.634,1896310000
CHFJPY,20210302,0700,116.635,116.663,116.477,116.524,4981230000
CHFJPY,20210302,0800,116.525,116.549,116.271,116.282,7920740000
CHFJPY,20210302,0900,116.282,116.436,116.262,116.367,7016470000
CHFJPY,20210302,1000,116.366,116.483,116.331,116.400,5517370000
CHFJPY,20210302,1100,116.398,116.622,116.394,116.544,5282960000
CHFJPY,20210302,1200,116.543,116.549,116.381,116.398,4546690000
CHFJPY,20210302,1300,116.399,116.525,116.341,116.461,6059150000
CHFJPY,20210302,1400,116.460,116.534,116.398,116.519,8518440000
CHFJPY,20210302,1500,116.519,116.658,116.478,116.658,8922150000
CHFJPY,20210302,1600,116.661,116.777,116.612,116.767,6988140000
CHFJPY,20210302,1700,116.766,116.786,116.708,116.757,3762310000
CHFJPY,20210302,1800,116.758,116.804,116.697,116.699,3643400000
CHFJPY,20210302,1900,116.700,116.787,116.682,116.768,2348140000
CHFJPY,20210302,2000,116.768,116.797,116.726,116.726,1515370000
CHFJPY,20210302,2100,116.727,116.740,116.567,116.625,2031740000
CHFJPY,20210302,2200,116.627,116.674,116.546,116.589,1516760000
CHFJPY,20210302,2300,116.589,116.693,116.586,116.653,2709630000
CHFJPY,20210303,0000,116.654,116.729,116.635,116.687,2588810000
CHFJPY,20210303,0100,116.684,116.756,116.625,116.734,4054030000
CHFJPY,20210303,0200,116.732,116.755,116.690,116.714,1915090000
CHFJPY,20210303,0300,116.715,116.748,116.701,116.706,2131100000
CHFJPY,20210303,0400,116.706,116.777,116.698,116.759,1818500000
CHFJPY,20210303,0500,116.759,116.790,116.741,116.763,1490250000
CHFJPY,20210303,0600,116.762,116.780,116.724,116.748,1461630000
CHFJPY,20210303,0700,116.747,116.858,116.696,116.808,4689650000
CHFJPY,20210303,0800,116.811,116.824,116.535,116.561,6181590000
CHFJPY,20210303,0900,116.564,116.806,116.553,116.774,7173980000
CHFJPY,20210303,1000,116.774,116.825,116.686,116.736,4899490000
CHFJPY,20210303,1100,116.735,116.748,116.539,116.568,4874740000
CHFJPY,20210303,1200,116.566,116.643,116.501,116.506,4290550000
CHFJPY,20210303,1300,116.507,116.540,116.330,116.509,10301300000
CHFJPY,20210303,1400,116.509,116.683,116.422,116.575,10167820000
CHFJPY,20210303,1500,116.572,116.742,116.529,116.603,13099430000
CHFJPY,20210303,1600,116.604,116.612,116.466,116.475,8328300000
CHFJPY,20210303,1700,116.472,116.504,116.412,116.443,4559880000
CHFJPY,20210303,1800,116.443,116.481,116.395,116.432,4165020000
CHFJPY,20210303,1900,116.433,116.446,116.291,116.306,4646540000
CHFJPY,20210303,2000,116.306,116.426,116.287,116.297,3423700000
CHFJPY,20210303,2100,116.297,116.341,116.286,116.287,2050400000
CHFJPY,20210303,2200,116.280,116.372,116.270,116.322,1445920000
CHFJPY,20210303,2300,116.322,116.418,116.322,116.362,2211370000
CHFJPY,20210304,0000,116.360,116.420,116.338,116.378,3417670000
CHFJPY,20210304,0100,116.376,116.433,116.344,116.403,3408310000
CHFJPY,20210304,0200,116.400,116.452,116.373,116.440,2858940000
CHFJPY,20210304,0300,116.440,116.468,116.400,116.400,2273190000
CHFJPY,20210304,0400,116.402,116.485,116.353,116.481,3975300000
CHFJPY,20210304,0500,116.480,116.493,116.430,116.447,3199940000
CHFJPY,20210304,0600,116.447,116.542,116.439,116.534,3017610000
CHFJPY,20210304,0700,116.534,116.573,116.382,116.389,4113600000
CHFJPY,20210304,0800,116.389,116.483,116.152,116.260,8456170000
CHFJPY,20210304,0900,116.261,116.307,116.166,116.287,6907890000
CHFJPY,20210304,1000,116.286,116.399,116.188,116.202,5996390000
CHFJPY,20210304,1100,116.204,116.204,115.994,116.135,5899130000
CHFJPY,20210304,1200,116.136,116.259,116.129,116.239,4331760000
CHFJPY,20210304,1300,116.241,116.326,116.233,116.318,6700850000
CHFJPY,20210304,1400,116.319,116.377,116.173,116.244,7957390000
CHFJPY,20210304,1500,116.244,116.329,116.143,116.293,11466420000
CHFJPY,20210304,1600,116.292,116.351,116.174,116.207,7432850000
CHFJPY,20210304,1700,116.207,116.290,116.043,116.074,15667380000
CHFJPY,20210304,1800,116.076,116.167,116.028,116.030,11355330000
CHFJPY,20210304,1900,116.029,116.119,115.981,116.111,7373180000
CHFJPY,20210304,2000,116.109,116.146,116.058,116.067,6211650000
CHFJPY,20210304,2100,116.066,116.259,116.059,116.229,2773620000
CHFJPY,20210304,2200,116.200,116.266,116.146,116.211,3424240000
CHFJPY,20210304,2300,116.210,116.225,116.124,116.153,3512380000
CHFJPY,20210305,0000,116.153,116.168,116.020,116.142,5161950000
CHFJPY,20210305,0100,116.145,116.153,116.035,116.115,5544810000
CHFJPY,20210305,0200,116.115,116.199,116.100,116.171,3252650000
CHFJPY,20210305,0300,116.172,116.259,116.172,116.239,3215840000
CHFJPY,20210305,0400,116.240,116.361,116.227,116.293,3965200000
CHFJPY,20210305,0500,116.293,116.392,116.276,116.359,3184260000
CHFJPY,20210305,0600,116.358,116.519,116.339,116.470,4105800000
CHFJPY,20210305,0700,116.468,116.562,116.395,116.413,6396830000
CHFJPY,20210305,0800,116.415,116.587,116.380,116.577,9055710000
CHFJPY,20210305,0900,116.578,116.769,116.559,116.703,8390320000
CHFJPY,20210305,1000,116.700,116.896,116.667,116.858,5640630000
CHFJPY,20210305,1100,116.857,116.908,116.597,116.765,7405310000
CHFJPY,20210305,1200,116.765,116.942,116.718,116.847,7819520000
CHFJPY,20210305,1300,116.847,116.903,116.682,116.807,14194390000
CHFJPY,20210305,1400,116.806,116.908,116.537,116.565,17305550000
CHFJPY,20210305,1500,116.566,116.581,116.196,116.222,16687820000
CHFJPY,20210305,1600,116.221,116.345,116.134,116.321,9454890000
CHFJPY,20210305,1700,116.320,116.362,116.271,116.285,7929540000
CHFJPY,20210305,1800,116.285,116.386,116.251,116.376,6385640000
CHFJPY,20210305,1900,116.375,116.428,116.353,116.378,3640910000
CHFJPY,20210305,2000,116.375,116.446,116.364,116.376,2956980000
CHFJPY,20210305,2100,116.377,116.455,116.307,116.379,2706510000
CHFJPY,20210307,2200,116.557,116.557,116.210,116.374,615950000
CHFJPY,20210307,2300,116.385,116.617,116.319,116.539,6687520000
CHFJPY,20210308,0000,116.539,116.543,116.410,116.504,3012740000
CHFJPY,20210308,0100,116.502,116.542,116.467,116.483,3937540000
CHFJPY,20210308,0200,116.485,116.496,116.374,116.384,3255450000
CHFJPY,20210308,0300,116.384,116.389,116.322,116.360,2610200000
CHFJPY,20210308,0400,116.361,116.375,116.298,116.324,2032860000
CHFJPY,20210308,0500,116.322,116.334,116.281,116.284,1950740000
CHFJPY,20210308,0600,116.283,116.356,116.259,116.274,2658610000
CHFJPY,20210308,0700,116.274,116.364,116.238,116.332,4760410000
CHFJPY,20210308,0800,116.333,116.390,116.085,116.095,7598010000
CHFJPY,20210308,0900,116.094,116.290,116.080,116.282,6904720000
CHFJPY,20210308,1000,116.284,116.334,116.226,116.237,4827600000
CHFJPY,20210308,1100,116.238,116.317,116.209,116.236,4378590000
CHFJPY,20210308,1200,116.236,116.329,116.209,116.230,6405630000
CHFJPY,20210308,1300,116.229,116.388,116.207,116.373,8850150000
CHFJPY,20210308,1400,116.371,116.542,116.352,116.534,10290660000
CHFJPY,20210308,1500,116.535,116.569,116.307,116.324,11068430000
CHFJPY,20210308,1600,116.324,116.449,116.285,116.417,6395100000
CHFJPY,20210308,1700,116.417,116.455,116.375,116.381,4870380000
CHFJPY,20210308,1800,116.379,116.437,116.342,116.417,3538310000
CHFJPY,20210308,1900,116.414,116.431,116.387,116.415,2624390000
CHFJPY,20210308,2000,116.415,116.418,116.304,116.304,2800180000
CHFJPY,20210308,2100,116.302,116.370,116.214,116.214,2018520000
CHFJPY,20210308,2200,116.286,116.362,116.228,116.289,1006520000
CHFJPY,20210308,2300,116.277,116.393,116.268,116.342,1668810000
CHFJPY,20210309,0000,116.343,116.480,116.314,116.427,6179810000
CHFJPY,20210309,0100,116.432,116.497,116.376,116.489,5517970000
CHFJPY,20210309,0200,116.488,116.610,116.484,116.594,4413470000
CHFJPY,20210309,0300,116.593,116.658,116.571,116.606,3653070000
CHFJPY,20210309,0400,116.606,116.658,116.569,116.655,2861150000
CHFJPY,20210309,0500,116.657,116.673,116.607,116.644,2804210000
CHFJPY,20210309,0600,116.644,116.695,116.607,116.624,2862410000
CHFJPY,20210309,0700,116.622,116.662,116.437,116.477,7851200000
CHFJPY,20210309,0800,116.474,116.568,116.187,116.264,8948650000
CHFJPY,20210309,0900,116.264,116.475,116.216,116.453,7514930000
CHFJPY,20210309,1000,116.454,116.812,116.441,116.691,7202250000
CHFJPY,20210309,1100,116.694,116.843,116.650,116.822,6164930000
CHFJPY,20210309,1200,116.821,116.916,116.806,116.879,5993100000
CHFJPY,20210309,1300,116.879,116.983,116.876,116.885,7662150000
CHFJPY,20210309,1400,116.885,116.888,116.718,116.837,9307020000
CHFJPY,20210309,1500,116.837,116.968,116.772,116.914,9488780000
CHFJPY,20210309,1600,116.912,116.957,116.816,116.912,6531240000
CHFJPY,20210309,1700,116.913,116.915,116.787,116.867,4893020000
CHFJPY,20210309,1800,116.868,116.912,116.781,116.804,5387150000
CHFJPY,20210309,1900,116.808,116.888,116.792,116.853,3141590000
CHFJPY,20210309,2000,116.852,116.901,116.851,116.886,2791380000
CHFJPY,20210309,2100,116.888,116.937,116.864,116.885,1957130000
CHFJPY,20210309,2200,116.878,116.970,116.825,116.964,1697300000
CHFJPY,20210309,2300,116.949,117.073,116.912,116.967,2411230000
CHFJPY,20210310,0000,116.965,116.992,116.826,116.879,4109150000
CHFJPY,20210310,0100,116.878,116.974,116.862,116.918,3471300000
CHFJPY,20210310,0200,116.917,117.043,116.900,116.992,3262080000
CHFJPY,20210310,0300,116.989,117.028,116.964,116.980,2375790000
CHFJPY,20210310,0400,116.981,117.075,116.966,117.050,2257940000
CHFJPY,20210310,0500,117.050,117.079,116.996,117.051,3023710000
CHFJPY,20210310,0600,117.051,117.076,116.975,117.000,3371960000
CHFJPY,20210310,0700,116.999,117.083,116.983,117.073,4973860000
CHFJPY,20210310,0800,117.071,117.151,116.963,116.981,6597680000
CHFJPY,20210310,0900,116.981,117.060,116.853,116.922,5540030000
CHFJPY,20210310,1000,116.922,116.939,116.804,116.896,5530260000
CHFJPY,20210310,1100,116.896,116.922,116.771,116.817,4960890000
CHFJPY,20210310,1200,116.816,116.885,116.785,116.821,5583480000
CHFJPY,20210310,1300,116.823,116.831,116.524,116.734,14489740000
CHFJPY,20210310,1400,116.733,116.814,116.687,116.787,10312530000
CHFJPY,20210310,1500,116.787,116.798,116.558,116.642,9744300000
CHFJPY,20210310,1600,116.641,116.643,116.510,116.549,6368360000
CHFJPY,20210310,1700,116.549,116.615,116.500,116.583,4783720000
CHFJPY,20210310,1800,116.581,116.646,116.570,116.585,7020330000
CHFJPY,20210310,1900,116.587,116.649,116.550,116.580,3747810000
CHFJPY,20210310,2000,116.579,116.663,116.567,116.567,3002190000
CHFJPY,20210310,2100,116.567,116.598,116.542,116.547,2324080000
CHFJPY,20210310,2200,116.545,116.600,116.366,116.573,3809900000
CHFJPY,20210310,2300,116.565,116.640,116.564,116.617,1393240000
CHFJPY,20210311,0000,116.618,116.640,116.533,116.569,3150540000
CHFJPY,20210311,0100,116.570,116.618,116.554,116.563,3357850000
CHFJPY,20210311,0200,116.564,116.735,116.564,116.689,3848080000
CHFJPY,20210311,0300,116.688,116.740,116.685,116.726,2309990000
CHFJPY,20210311,0400,116.723,116.751,116.647,116.751,2770880000
CHFJPY,20210311,0500,116.751,116.857,116.751,116.814,3007510000
CHFJPY,20210311,0600,116.814,116.970,116.812,116.938,2898700000
CHFJPY,20210311,0700,116.940,117.009,116.880,116.945,4724970000
CHFJPY,20210311,0800,116.945,117.220,116.943,117.107,7564950000
CHFJPY,20210311,0900,117.105,117.319,117.053,117.254,6221310000
CHFJPY,20210311,1000,117.254,117.267,117.136,117.216,3951720000
CHFJPY,20210311,1100,117.216,117.337,117.198,117.251,4512180000
CHFJPY,20210311,1200,117.250,117.406,117.236,117.292,6333210000
CHFJPY,20210311,1300,117.293,117.336,117.146,117.283,10763230000
CHFJPY,20210311,1400,117.281,117.376,117.197,117.235,9220990000
CHFJPY,20210311,1500,117.236,117.240,117.061,117.208,9634050000
CHFJPY,20210311,1600,117.208,117.295,117.192,117.282,5165250000
CHFJPY,20210311,1700,117.289,117.304,117.239,117.287,3980100000
CHFJPY,20210311,1800,117.290,117.387,117.274,117.376,6503050000
CHFJPY,20210311,1900,117.374,117.411,117.277,117.317,3481050000
CHFJPY,20210311,2000,117.316,117.386,117.312,117.355,2804490000
CHFJPY,20210311,2100,117.354,117.376,117.312,117.328,2640680000
CHFJPY,20210311,2200,117.387,117.391,117.265,117.365,824820000
CHFJPY,20210311,2300,117.364,117.408,117.341,117.389,2424290000
CHFJPY,20210312,0000,117.388,117.422,117.338,117.421,3390330000
CHFJPY,20210312,0100,117.421,117.517,117.412,117.477,3522940000
CHFJPY,20210312,0200,117.475,117.489,117.344,117.386,4162460000
CHFJPY,20210312,0300,117.386,117.410,117.296,117.319,1926470000
CHFJPY,20210312,0400,117.317,117.363,117.290,117.350,2576960000
CHFJPY,20210312,0500,117.348,117.397,117.340,117.353,2502920000
CHFJPY,20210312,0600,117.353,117.415,117.317,117.386,5454220000
CHFJPY,20210312,0700,117.387,117.521,117.369,117.453,6902530000
CHFJPY,20210312,0800,117.454,117.543,117.231,117.248,9427800000
CHFJPY,20210312,0900,117.249,117.293,117.062,117.185,6892290000
CHFJPY,20210312,1000,117.183,117.201,117.102,117.138,5380680000
CHFJPY,20210312,1100,117.138,117.188,117.002,117.034,6029060000
CHFJPY,20210312,1200,117.035,117.257,117.010,117.255,5597250000
CHFJPY,20210312,1300,117.257,117.346,117.129,117.154,7964320000
CHFJPY,20210312,1400,117.154,117.240,117.096,117.140,9931460000
CHFJPY,20210312,1500,117.140,117.338,117.022,117.283,10554350000
CHFJPY,20210312,1600,117.284,117.378,117.253,117.300,7476180000
CHFJPY,20210312,1700,117.299,117.396,117.296,117.372,5120270000
CHFJPY,20210312,1800,117.371,117.441,117.353,117.419,3110530000
CHFJPY,20210312,1900,117.419,117.451,117.288,117.313,2714020000
CHFJPY,20210312,2000,117.313,117.380,117.260,117.370,2358820000
CHFJPY,20210312,2100,117.366,117.380,117.198,117.214,2716120000
CHFJPY,20210314,2100,117.129,117.259,117.047,117.235,66230000
CHFJPY,20210314,2200,117.309,117.362,117.245,117.341,3339090000
CHFJPY,20210314,2300,117.340,117.438,117.340,117.389,5440110000
CHFJPY,20210315,0000,117.389,117.426,117.357,117.403,7472710000
CHFJPY,20210315,0100,117.406,117.453,117.352,117.422,6458210000
CHFJPY,20210315,0200,117.421,117.458,117.354,117.428,4880270000
CHFJPY,20210315,0300,117.429,117.483,117.421,117.446,2304810000
CHFJPY,20210315,0400,117.446,117.489,117.408,117.423,2325370000
CHFJPY,20210315,0500,117.422,117.452,117.360,117.434,3528930000
CHFJPY,20210315,0600,117.434,117.476,117.397,117.444,3839980000
CHFJPY,20210315,0700,117.443,117.444,117.242,117.290,4937530000
CHFJPY,20210315,0800,117.290,117.452,117.281,117.321,6833830000
CHFJPY,20210315,0900,117.322,117.407,117.206,117.393,5744690000
CHFJPY,20210315,1000,117.392,117.432,117.297,117.428,4331250000
CHFJPY,20210315,1100,117.427,117.546,117.407,117.482,5016000000
CHFJPY,20210315,1200,117.483,117.501,117.405,117.414,6034550000
CHFJPY,20210315,1300,117.416,117.557,117.413,117.487,6962770000
CHFJPY,20210315,1400,117.487,117.565,117.480,117.551,7734420000
CHFJPY,20210315,1500,117.552,117.600,117.405,117.541,8146540000
CHFJPY,20210315,1600,117.542,117.676,117.523,117.649,5772810000
CHFJPY,20210315,1700,117.649,117.669,117.563,117.568,3345320000
CHFJPY,20210315,1800,117.569,117.617,117.553,117.587,2712650000
CHFJPY,20210315,1900,117.587,117.655,117.581,117.644,3247420000
CHFJPY,20210315,2000,117.643,117.690,117.580,117.606,1753680000
CHFJPY,20210315,2100,117.597,117.743,117.512,117.618,582410000
CHFJPY,20210315,2200,117.639,117.669,117.599,117.635,1115700000
CHFJPY,20210315,2300,117.638,117.663,117.616,117.625,895060000
CHFJPY,20210316,0000,117.625,117.741,117.621,117.725,2749710000
CHFJPY,20210316,0100,117.727,117.762,117.706,117.739,2805380000
CHFJPY,20210316,0200,117.743,117.763,117.701,117.730,2325410000
CHFJPY,20210316,0300,117.729,117.823,117.729,117.801,2438720000
CHFJPY,20210316,0400,117.802,117.840,117.785,117.832,1604080000
CHFJPY,20210316,0500,117.832,117.837,117.799,117.805,1769870000
CHFJPY,20210316,0600,117.805,117.815,117.735,117.749,2343490000
CHFJPY,20210316,0700,117.753,117.772,117.667,117.670,4785400000
CHFJPY,20210316,0800,117.669,117.774,117.659,117.735,4756710000
CHFJPY,20210316,0900,117.734,117.752,117.575,117.706,4487050000
CHFJPY,20210316,1000,117.705,118.083,117.703,117.997,4402950000
CHFJPY,20210316,1100,117.999,118.007,117.851,117.851,4419310000
CHFJPY,20210316,1200,117.852,117.896,117.663,117.705,8450060000
CHFJPY,20210316,1300,117.705,117.740,117.463,117.543,11449120000
CHFJPY,20210316,1400,117.546,117.633,117.497,117.623,7120680000
CHFJPY,20210316,1500,117.624,117.743,117.577,117.707,8231620000
CHFJPY,20210316,1600,117.710,117.727,117.652,117.690,5530720000
CHFJPY,20210316,1700,117.691,117.799,117.664,117.775,5700640000
CHFJPY,20210316,1800,117.774,117.838,117.757,117.800,3641240000
CHFJPY,20210316,1900,117.801,117.892,117.787,117.841,2978860000
CHFJPY,20210316,2000,117.840,117.894,117.821,117.850,2393940000
CHFJPY,20210316,2100,117.852,117.852,117.746,117.785,2195510000
CHFJPY,20210316,2200,117.778,117.897,117.764,117.843,840230000
CHFJPY,20210316,2300,117.842,117.908,117.825,117.863,1093080000
CHFJPY,20210317,0000,117.862,117.933,117.846,117.896,3314710000
CHFJPY,20210317,0100,117.898,117.908,117.831,117.844,2749960000
CHFJPY,20210317,0200,117.844,117.862,117.794,117.828,1852400000
CHFJPY,20210317,0300,117.827,117.849,117.795,117.835,1424780000
CHFJPY,20210317,0400,117.835,117.886,117.825,117.878,1750470000
CHFJPY,20210317,0500,117.876,117.940,117.862,117.893,1886310000
CHFJPY,20210317,0600,117.895,117.922,117.847,117.880,1978940000
CHFJPY,20210317,0700,117.880,117.891,117.754,117.771,3030440000
CHFJPY,20210317,0800,117.771,117.797,117.582,117.727,4110470000
CHFJPY,20210317,0900,117.726,117.887,117.717,117.769,4352730000
CHFJPY,20210317,1000,117.768,117.839,117.727,117.747,3534590000
CHFJPY,20210317,1100,117.746,117.779,117.602,117.612,5620860000
CHFJPY,20210317,1200,117.612,117.676,117.486,117.662,6682750000
CHFJPY,20210317,1300,117.659,117.726,117.574,117.585,5803550000
CHFJPY,20210317,1400,117.585,117.691,117.577,117.605,4937960000
CHFJPY,20210317,1500,117.604,117.847,117.580,117.724,6059590000
CHFJPY,20210317,1600,117.727,117.784,117.700,117.716,5076550000
CHFJPY,20210317,1700,117.718,117.808,117.701,117.769,3688860000
CHFJPY,20210317,1800,117.800,118.052,117.764,118.013,17181000000
CHFJPY,20210317,1900,118.013,118.071,117.972,118.003,8863940000
CHFJPY,20210317,2000,118.002,118.037,117.905,117.909,1969970000
CHFJPY,20210317,2100,117.908,118.030,117.908,117.973,576110000
CHFJPY,20210317,2200,117.975,118.002,117.844,117.993,2856380000
CHFJPY,20210317,2300,117.992,118.086,117.989,118.071,2068980000
CHFJPY,20210318,0000,118.074,118.149,118.053,118.111,4764500000
CHFJPY,20210318,0100,118.113,118.155,118.048,118.051,4442650000
CHFJPY,20210318,0200,118.051,118.083,118.018,118.077,2464850000
CHFJPY,20210318,0300,118.077,118.078,117.665,117.855,8981560000
CHFJPY,20210318,0400,117.858,117.962,117.858,117.885,3476760000
CHFJPY,20210318,0500,117.882,117.921,117.848,117.883,2959590000
CHFJPY,20210318,0600,117.884,118.020,117.884,118.005,2979200000
CHFJPY,20210318,0700,118.004,118.151,117.826,117.924,10252390000
CHFJPY,20210318,0800,117.924,118.179,117.860,118.137,8130720000
CHFJPY,20210318,0900,118.137,118.143,117.752,117.846,8005850000
CHFJPY,20210318,1000,117.847,117.855,117.699,117.708,5721920000
CHFJPY,20210318,1100,117.709,117.755,117.543,117.587,7463800000
CHFJPY,20210318,1200,117.585,117.657,117.454,117.552,10491160000
CHFJPY,20210318,1300,117.551,117.585,117.422,117.437,9121090000
CHFJPY,20210318,1400,117.435,117.499,117.328,117.350,10952980000
CHFJPY,20210318,1500,117.352,117.473,117.286,117.396,7909800000
CHFJPY,20210318,1600,117.396,117.526,117.351,117.369,7315450000
CHFJPY,20210318,1700,117.368,117.596,117.356,117.561,5459180000
CHFJPY,20210318,1800,117.564,117.567,117.384,117.388,5489700000
CHFJPY,20210318,1900,117.391,117.437,117.225,117.259,5487500000
CHFJPY,20210318,2000,117.261,117.437,117.261,117.350,2183330000
CHFJPY,20210318,2100,117.350,117.468,117.350,117.428,2259330000
CHFJPY,20210318,2200,117.424,117.504,117.411,117.474,1410520000
CHFJPY,20210318,2300,117.473,117.480,117.424,117.456,1443260000
CHFJPY,20210319,0000,117.454,117.531,117.442,117.513,3536870000
CHFJPY,20210319,0100,117.513,117.550,117.472,117.492,4348080000
CHFJPY,20210319,0200,117.491,117.496,117.422,117.429,2834300000
CHFJPY,20210319,0300,117.429,117.630,117.403,117.419,6086770000
CHFJPY,20210319,0400,117.419,117.522,117.398,117.416,3468320000
CHFJPY,20210319,0500,117.416,117.443,117.354,117.437,2268840000
CHFJPY,20210319,0600,117.438,117.448,117.356,117.426,3603780000
CHFJPY,20210319,0700,117.429,117.528,117.392,117.472,5106780000
CHFJPY,20210319,0800,117.471,117.500,117.153,117.182,6426750000
CHFJPY,20210319,0900,117.183,117.228,117.106,117.111,5882320000
CHFJPY,20210319,1000,117.110,117.253,117.072,117.228,4777120000
CHFJPY,20210319,1100,117.228,117.312,117.211,117.245,4458770000
CHFJPY,20210319,1200,117.246,117.250,117.054,117.122,6745720000
CHFJPY,20210319,1300,117.122,117.174,116.987,117.066,14850930000
CHFJPY,20210319,1400,117.064,117.084,116.933,116.994,7658410000
CHFJPY,20210319,1500,116.993,117.071,116.907,117.026,7000630000
CHFJPY,20210319,1600,117.024,117.130,116.955,117.085,5467950000
CHFJPY,20210319,1700,117.085,117.177,117.083,117.155,3897230000
CHFJPY,20210319,1800,117.154,117.217,117.133,117.184,2812550000
CHFJPY,20210319,1900,117.184,117.199,117.125,117.165,2289010000
CHFJPY,20210319,2000,117.163,117.196,117.128,117.128,2178630000
CHFJPY,20210321,2100,116.696,116.769,116.612,116.689,981080000
CHFJPY,20210321,2200,116.678,117.200,116.677,117.087,3486640000
CHFJPY,20210321,2300,117.088,117.137,117.044,117.061,1445270000
CHFJPY,20210322,0000,117.063,117.120,117.053,117.097,2743830000
CHFJPY,20210322,0100,117.097,117.100,116.944,117.081,4566570000
CHFJPY,20210322,0200,117.082,117.097,117.027,117.041,2308690000
CHFJPY,20210322,0300,117.041,117.090,116.999,117.047,2139330000
CHFJPY,20210322,0400,117.046,117.080,117.023,117.056,1890820000
CHFJPY,20210322,0500,117.055,117.112,117.007,117.008,2286180000
CHFJPY,20210322,0600,117.008,117.034,116.844,116.873,3591100000
CHFJPY,20210322,0700,116.875,116.894,116.799,116.846,5232060000
CHFJPY,20210322,0800,116.847,117.258,116.803,117.229,6630320000
CHFJPY,20210322,0900,117.231,117.238,117.101,117.214,4656670000
CHFJPY,20210322,1000,117.215,117.409,117.215,117.338,4241730000
CHFJPY,20210322,1100,117.339,117.559,117.336,117.517,5372700000
CHFJPY,20210322,1200,117.519,117.726,117.501,117.618,5963850000
CHFJPY,20210322,1300,117.619,117.727,117.435,117.441,5747900000
CHFJPY,20210322,1400,117.443,117.655,117.424,117.602,6435220000
CHFJPY,20210322,1500,117.602,117.846,117.584,117.712,6117800000
CHFJPY,20210322,1600,117.711,117.799,117.661,117.772,4050800000
CHFJPY,20210322,1700,117.775,117.892,117.734,117.788,2980930000
CHFJPY,20210322,1800,117.787,117.831,117.764,117.807,1769460000
CHFJPY,20210322,1900,117.806,117.808,117.743,117.778,2061560000
CHFJPY,20210322,2000,117.778,117.899,117.767,117.867,2001650000
CHFJPY,20210322,2100,117.868,117.912,117.836,117.887,1157380000
CHFJPY,20210322,2200,117.888,117.888,117.793,117.834,948200000
CHFJPY,20210322,2300,117.836,117.837,117.776,117.793,1052130000
CHFJPY,20210323,0000,117.794,117.810,117.707,117.745,2541340000
CHFJPY,20210323,0100,117.746,117.771,117.658,117.679,2643910000
CHFJPY,20210323,0200,117.681,117.686,117.601,117.659,2804750000
CHFJPY,20210323,0300,117.658,117.678,117.605,117.648,2017870000
CHFJPY,20210323,0400,117.647,117.669,117.603,117.603,1440080000
CHFJPY,20210323,0500,117.604,117.652,117.589,117.623,2071840000
CHFJPY,20210323,0600,117.623,117.629,117.539,117.550,2143070000
CHFJPY,20210323,0700,117.552,117.672,117.133,117.192,4432290000
CHFJPY,20210323,0800,117.191,117.235,117.082,117.109,6689800000
CHFJPY,20210323,0900,117.109,117.180,116.919,116.960,5120100000
CHFJPY,20210323,1000,116.961,116.963,116.652,116.736,8913010000
CHFJPY,20210323,1100,116.737,116.803,116.676,116.725,5321420000
CHFJPY,20210323,1200,116.726,116.756,116.602,116.669,4896430000
CHFJPY,20210323,1300,116.668,116.698,116.502,116.512,7091040000
CHFJPY,20210323,1400,116.512,116.530,116.382,116.503,7345970000
CHFJPY,20210323,1500,116.500,116.533,116.352,116.428,6186320000
CHFJPY,20210323,1600,116.427,116.502,116.401,116.459,4808980000
CHFJPY,20210323,1700,116.459,116.536,116.413,116.418,3585780000
CHFJPY,20210323,1800,116.418,116.491,116.401,116.432,2794520000
CHFJPY,20210323,1900,116.431,116.482,116.194,116.237,3844250000
CHFJPY,20210323,2000,116.237,116.270,116.178,116.227,2129190000
CHFJPY,20210323,2100,116.223,116.320,116.214,116.293,494150000
CHFJPY,20210323,2200,116.295,116.321,116.265,116.282,1196880000
CHFJPY,20210323,2300,116.282,116.285,116.082,116.124,2359340000
CHFJPY,20210324,0000,116.121,116.271,116.121,116.231,3140140000
CHFJPY,20210324,0100,116.231,116.242,116.116,116.141,3503550000
CHFJPY,20210324,0200,116.140,116.167,116.111,116.151,2997190000
CHFJPY,20210324,0300,116.155,116.240,116.145,116.207,2330450000
CHFJPY,20210324,0400,116.207,116.214,116.068,116.114,1790240000
CHFJPY,20210324,0500,116.115,116.175,116.097,116.141,2074320000
CHFJPY,20210324,0600,116.144,116.178,116.059,116.165,2789090000
CHFJPY,20210324,0700,116.164,116.178,115.973,116.004,4966330000
CHFJPY,20210324,0800,116.003,116.197,115.906,116.165,6921620000
CHFJPY,20210324,0900,116.165,116.286,116.067,116.205,5310200000
CHFJPY,20210324,1000,116.205,116.248,116.111,116.151,4504090000
CHFJPY,20210324,1100,116.149,116.276,116.124,116.174,3158250000
CHFJPY,20210324,1200,116.175,116.291,116.146,116.220,3793420000
CHFJPY,20210324,1300,116.220,116.351,116.176,116.270,7206810000
CHFJPY,20210324,1400,116.271,116.365,116.245,116.335,5788580000
CHFJPY,20210324,1500,116.331,116.371,116.289,116.320,5544990000
CHFJPY,20210324,1600,116.320,116.355,116.226,116.240,4801190000
CHFJPY,20210324,1700,116.241,116.334,116.217,116.328,3475880000
CHFJPY,20210324,1800,116.328,116.339,116.187,116.191,3687780000
CHFJPY,20210324,1900,116.191,116.252,116.143,116.170,2830920000
CHFJPY,20210324,2000,116.167,116.216,116.156,116.186,2029960000
CHFJPY,20210324,2100,116.177,116.254,116.175,116.201,1662650000
CHFJPY,20210324,2200,116.202,116.232,116.143,116.174,2350230000
CHFJPY,20210324,2300,116.172,116.232,116.172,116.223,1763920000
CHFJPY,20210325,0000,116.222,116.366,116.219,116.365,2205320000
CHFJPY,20210325,0100,116.368,116.405,116.324,116.371,3827900000
CHFJPY,20210325,0200,116.372,116.477,116.369,116.435,3105340000
CHFJPY,20210325,0300,116.435,116.461,116.395,116.406,2066490000
CHFJPY,20210325,0400,116.407,116.477,116.400,116.413,1750090000
CHFJPY,20210325,0500,116.412,116.481,116.412,116.418,1684240000
CHFJPY,20210325,0600,116.419,116.441,116.383,116.417,2424470000
CHFJPY,20210325,0700,116.415,116.431,116.343,116.418,3897800000
CHFJPY,20210325,0800,116.417,116.557,116.334,116.459,5306380000
CHFJPY,20210325,0900,116.461,116.558,116.408,116.523,3922110000
CHFJPY,20210325,1000,116.521,116.651,116.514,116.626,4276540000
CHFJPY,20210325,1100,116.628,116.668,116.566,116.602,5147160000
CHFJPY,20210325,1200,116.604,116.618,116.507,116.538,6149550000
CHFJPY,20210325,1300,116.539,116.661,116.536,116.629,7369500000
CHFJPY,20210325,1400,116.632,116.652,116.293,116.388,9147490000
CHFJPY,20210325,1500,116.385,116.391,116.141,116.172,7045990000
CHFJPY,20210325,1600,116.174,116.275,116.162,116.181,5208600000
CHFJPY,20210325,1700,116.179,116.307,116.175,116.195,5722690000
CHFJPY,20210325,1800,116.199,116.224,116.167,116.174,3649830000
CHFJPY,20210325,1900,116.174,116.184,116.105,116.107,3184510000
CHFJPY,20210325,2000,116.108,116.182,116.104,116.123,2078430000
CHFJPY,20210325,2100,116.133,116.233,116.113,116.179,2122820000
CHFJPY,20210325,2200,116.179,116.179,116.119,116.168,1967470000
CHFJPY,20210325,2300,116.168,116.229,116.133,116.190,1124830000
CHFJPY,20210326,0000,116.191,116.344,116.153,116.308,4067910000
CHFJPY,20210326,0100,116.307,116.315,116.201,116.244,3230750000
CHFJPY,20210326,0200,116.243,116.249,116.176,116.208,2245650000
CHFJPY,20210326,0300,116.207,116.250,116.189,116.222,1953510000
CHFJPY,20210326,0400,116.223,116.236,116.204,116.233,1518860000
CHFJPY,20210326,0500,116.233,116.265,116.209,116.244,1739120000
CHFJPY,20210326,0600,116.244,116.272,116.198,116.213,2008230000
CHFJPY,20210326,0700,116.211,116.241,116.086,116.202,4273750000
CHFJPY,20210326,0800,116.203,116.449,116.151,116.378,5541560000
CHFJPY,20210326,0900,116.378,116.547,116.307,116.448,5601140000
CHFJPY,20210326,1000,116.446,116.586,116.426,116.511,5022550000
CHFJPY,20210326,1100,116.513,116.639,116.480,116.618,4481560000
CHFJPY,20210326,1200,116.616,116.690,116.558,116.627,6266580000
CHFJPY,20210326,1300,116.628,116.763,116.597,116.708,6625040000
CHFJPY,20210326,1400,116.706,116.739,116.575,116.624,5727120000
CHFJPY,20210326,1500,116.623,116.761,116.550,116.555,7278430000
CHFJPY,20210326,1600,116.555,116.736,116.534,116.709,4206330000
CHFJPY,20210326,1700,116.709,116.772,116.692,116.725,2565720000
CHFJPY,20210326,1800,116.723,116.820,116.680,116.790,3523010000
CHFJPY,20210326,1900,116.790,116.852,116.777,116.813,3191470000
CHFJPY,20210326,2000,116.810,116.856,116.736,116.736,1968920000
CHFJPY,20210328,2100,116.770,116.802,116.743,116.789,190510000
CHFJPY,20210328,2200,116.789,116.869,116.731,116.869,2924730000
CHFJPY,20210328,2300,116.867,116.877,116.812,116.843,1301360000
CHFJPY,20210329,0000,116.842,116.850,116.621,116.660,3997720000
CHFJPY,20210329,0100,116.660,116.709,116.619,116.628,2982190000
CHFJPY,20210329,0200,116.630,116.630,116.501,116.537,2310110000
CHFJPY,20210329,0300,116.538,116.594,116.464,116.584,1604550000
CHFJPY,20210329,0400,116.583,116.597,116.531,116.549,1231810000
CHFJPY,20210329,0500,116.547,116.563,116.415,116.516,2549860000
CHFJPY,20210329,0600,116.518,116.651,116.491,116.639,3894950000
CHFJPY,20210329,0700,116.639,116.943,116.632,116.913,5681730000
CHFJPY,20210329,0800,116.910,117.013,116.811,116.823,6616150000
CHFJPY,20210329,0900,116.824,116.921,116.716,116.719,4585500000
CHFJPY,20210329,1000,116.718,116.757,116.563,116.580,3652540000
CHFJPY,20210329,1100,116.578,116.670,116.545,116.626,4204240000
CHFJPY,20210329,1200,116.627,116.752,116.613,116.721,5678650000
CHFJPY,20210329,1300,116.720,116.913,116.713,116.860,5599880000
CHFJPY,20210329,1400,116.862,116.983,116.806,116.914,7113270000
CHFJPY,20210329,1500,116.914,117.015,116.856,116.960,5449610000
CHFJPY,20210329,1600,116.962,117.000,116.958,116.990,2347430000
CHFJPY,20210329,1700,116.991,117.046,116.934,116.936,2210790000
CHFJPY,20210329,1800,116.936,116.979,116.897,116.913,2425470000
CHFJPY,20210329,1900,116.914,116.970,116.888,116.900,1982950000
CHFJPY,20210329,2000,116.898,116.933,116.861,116.861,1341660000
CHFJPY,20210329,2100,116.843,116.964,116.805,116.894,1537240000
CHFJPY,20210329,2200,116.894,116.951,116.885,116.936,986230000
CHFJPY,20210329,2300,116.937,117.019,116.937,116.964,1458120000
CHFJPY,20210330,0000,116.962,116.973,116.894,116.951,3442120000
CHFJPY,20210330,0100,116.953,117.012,116.909,116.999,3041190000
CHFJPY,20210330,0200,117.005,117.045,116.975,117.041,5853120000
CHFJPY,20210330,0300,117.040,117.095,117.027,117.040,2200780000
CHFJPY,20210330,0400,117.039,117.063,117.011,117.019,1650790000
CHFJPY,20210330,0500,117.020,117.048,116.989,117.013,1412460000
CHFJPY,20210330,0600,117.013,117.104,116.954,117.060,5482830000
CHFJPY,20210330,0700,117.062,117.127,116.985,116.996,5851960000
CHFJPY,20210330,0800,116.997,117.123,116.977,117.023,5106480000
CHFJPY,20210330,0900,117.027,117.085,116.990,117.002,3472720000
CHFJPY,20210330,1000,117.002,117.186,116.995,117.182,3575210000
CHFJPY,20210330,1100,117.181,117.188,117.067,117.143,4527910000
CHFJPY,20210330,1200,117.142,117.210,117.079,117.133,6016980000
CHFJPY,20210330,1300,117.132,117.182,116.983,117.037,7503220000
CHFJPY,20210330,1400,117.034,117.137,116.882,116.945,7888200000
CHFJPY,20210330,1500,116.944,116.983,116.851,116.870,5052730000
CHFJPY,20210330,1600,116.871,117.093,116.868,117.030,3190430000
CHFJPY,20210330,1700,117.030,117.079,117.008,117.070,1746580000
CHFJPY,20210330,1800,117.069,117.141,117.065,117.116,1703150000
CHFJPY,20210330,1900,117.117,117.150,117.089,117.109,1311070000
CHFJPY,20210330,2000,117.108,117.152,117.033,117.033,973750000
CHFJPY,20210330,2100,117.032,117.076,116.999,117.056,3774600000
CHFJPY,20210330,2200,117.056,117.175,117.056,117.141,887120000
CHFJPY,20210330,2300,117.141,117.141,117.088,117.103,961570000
CHFJPY,20210331,0000,117.104,117.421,117.063,117.412,7114710000
CHFJPY,20210331,0100,117.412,117.432,117.258,117.280,4273150000
CHFJPY,20210331,0200,117.281,117.444,117.268,117.410,3405570000
CHFJPY,20210331,0300,117.410,117.511,117.393,117.402,5143160000
CHFJPY,20210331,0400,117.402,117.456,117.376,117.417,3991270000
CHFJPY,20210331,0500,117.418,117.461,117.390,117.419,2257070000
CHFJPY,20210331,0600,117.419,117.466,117.323,117.420,5466560000
CHFJPY,20210331,0700,117.420,117.556,117.391,117.505,5432210000
CHFJPY,20210331,0800,117.508,117.553,117.312,117.316,5026420000
CHFJPY,20210331,0900,117.314,117.404,117.242,117.272,4645370000
CHFJPY,20210331,1000,117.273,117.373,117.248,117.323,3662100000
CHFJPY,20210331,1100,117.322,117.352,117.275,117.320,3745040000
CHFJPY,20210331,1200,117.320,117.410,117.243,117.272,6069070000
CHFJPY,20210331,1300,117.271,117.617,117.264,117.603,6524550000
CHFJPY,20210331,1400,117.603,117.673,117.334,117.437,9646570000
CHFJPY,20210331,1500,117.438,117.440,117.233,117.422,7333650000
CHFJPY,20210331,1600,117.421,117.497,117.377,117.403,3401560000
CHFJPY,20210331,1700,117.401,117.401,117.198,117.218,3232150000
CHFJPY,20210331,1800,117.217,117.243,117.094,117.099,2918550000
CHFJPY,20210331,1900,117.101,117.173,117.069,117.160,3168540000
CHFJPY,20210331,2000,117.159,117.323,117.111,117.277,2177060000
CHFJPY,20210331,2100,117.276,117.345,117.168,117.333,1112390000
CHFJPY,20210331,2200,117.333,117.349,117.274,117.331,893760000
CHFJPY,20210331,2300,117.332,117.366,117.302,117.330,2088740000
CHFJPY,20210401,0000,117.330,117.345,117.217,117.273,4758960000
CHFJPY,20210401,0100,117.274,117.302,117.117,117.176,3002510000
CHFJPY,20210401,0200,117.176,117.224,117.025,117.075,3108990000
CHFJPY,20210401,0300,117.075,117.089,117.002,117.027,2985620000
CHFJPY,20210401,0400,117.030,117.081,117.007,117.032,3261110000
CHFJPY,20210401,0500,117.034,117.122,117.029,117.096,2393070000
CHFJPY,20210401,0600,117.096,117.262,117.074,117.190,4429080000
CHFJPY,20210401,0700,117.191,117.210,116.934,117.054,7784610000
CHFJPY,20210401,0800,117.055,117.140,116.963,116.984,5807260000
CHFJPY,20210401,0900,116.983,117.143,116.930,117.120,5725700000
CHFJPY,20210401,1000,117.119,117.244,117.077,117.113,4493700000
CHFJPY,20210401,1100,117.113,117.157,116.987,117.098,3934620000
CHFJPY,20210401,1200,117.098,117.235,117.081,117.225,6274390000
CHFJPY,20210401,1300,117.227,117.261,117.142,117.193,8014070000
CHFJPY,20210401,1400,117.197,117.257,117.095,117.255,8846970000
CHFJPY,20210401,1500,117.254,117.557,117.180,117.538,5441260000
CHFJPY,20210401,1600,117.536,117.551,117.479,117.492,2879340000
CHFJPY,20210401,1700,117.495,117.499,117.414,117.485,2549370000
CHFJPY,20210401,1800,117.484,117.496,117.395,117.427,2126980000
CHFJPY,20210401,1900,117.425,117.460,117.403,117.445,2179560000
CHFJPY,20210401,2000,117.442,117.486,117.406,117.406,1075910000
CHFJPY,20210401,2100,117.394,117.412,117.294,117.380,751750000
CHFJPY,20210401,2200,117.383,117.434,117.373,117.417,594220000
CHFJPY,20210401,2300,117.416,117.428,117.395,117.396,639030000
CHFJPY,20210402,0000,117.396,117.450,117.337,117.418,2740870000
CHFJPY,20210402,0100,117.416,117.470,117.405,117.428,1960680000
CHFJPY,20210402,0200,117.426,117.502,117.404,117.482,3527870000
CHFJPY,20210402,0300,117.481,117.507,117.423,117.441,7458770000
CHFJPY,20210402,0400,117.440,117.483,117.431,117.433,3124020000
CHFJPY,20210402,0500,117.434,117.447,117.337,117.396,1561990000
CHFJPY,20210402,0600,117.393,117.393,117.300,117.322,1512360000
CHFJPY,20210402,0700,117.320,117.427,117.280,117.412,2117040000
CHFJPY,20210402,0800,117.415,117.442,117.280,117.297,2092370000
CHFJPY,20210402,0900,117.299,117.423,117.294,117.393,1136910000
CHFJPY,20210402,1000,117.397,117.488,117.396,117.466,917210000
CHFJPY,20210402,1100,117.468,117.476,117.391,117.401,1382440000
CHFJPY,20210402,1200,117.399,117.484,117.266,117.431,4806000000
CHFJPY,20210402,1300,117.430,117.558,117.370,117.517,3193280000
CHFJPY,20210402,1400,117.518,117.523,117.365,117.376,1869600000
CHFJPY,20210402,1500,117.373,117.492,117.367,117.489,7086430000
CHFJPY,20210402,1600,117.487,117.520,117.215,117.301,1754770000
CHFJPY,20210402,1700,117.301,117.500,117.241,117.368,2792750000
CHFJPY,20210402,1800,117.309,117.472,117.244,117.399,2729020000
CHFJPY,20210402,1900,117.398,117.491,117.252,117.348,1224590000
CHFJPY,20210402,2000,117.348,117.367,117.169,117.246,252500000
CHFJPY,20210404,2100,117.243,117.302,117.143,117.302,87930000
CHFJPY,20210404,2200,117.305,117.427,117.280,117.419,3019200000
CHFJPY,20210404,2300,117.419,117.481,117.375,117.473,2270720000
CHFJPY,20210405,0000,117.473,117.506,117.370,117.387,2750030000
CHFJPY,20210405,0100,117.387,117.421,117.355,117.420,2944260000
CHFJPY,20210405,0200,117.416,117.417,117.308,117.315,2684750000
CHFJPY,20210405,0300,117.314,117.326,117.278,117.319,2402010000
CHFJPY,20210405,0400,117.320,117.330,117.268,117.318,2009670000
CHFJPY,20210405,0500,117.319,117.328,117.290,117.303,1599670000
CHFJPY,20210405,0600,117.301,117.337,117.212,117.223,1869250000
CHFJPY,20210405,0700,117.224,117.342,117.215,117.298,2217160000
CHFJPY,20210405,0800,117.301,117.366,117.274,117.300,2726350000
CHFJPY,20210405,0900,117.301,117.305,117.255,117.269,1424200000
CHFJPY,20210405,1000,117.270,117.299,117.208,117.286,1290020000
CHFJPY,20210405,1100,117.285,117.293,117.198,117.241,2249250000
CHFJPY,20210405,1200,117.242,117.487,117.220,117.473,4505450000
CHFJPY,20210405,1300,117.475,117.559,117.441,117.470,5108810000
CHFJPY,20210405,1400,117.473,117.606,117.446,117.536,8299360000
CHFJPY,20210405,1500,117.536,117.675,117.529,117.610,3800240000
CHFJPY,20210405,1600,117.610,117.636,117.579,117.614,1542510000
CHFJPY,20210405,1700,117.611,117.623,117.540,117.591,2125080000
CHFJPY,20210405,1800,117.594,117.674,117.593,117.669,1952580000
CHFJPY,20210405,1900,117.670,117.731,117.651,117.666,1770110000
CHFJPY,20210405,2000,117.666,117.705,117.578,117.585,925740000
CHFJPY,20210405,2100,117.618,117.687,117.542,117.604,2408670000
CHFJPY,20210405,2200,117.611,117.703,117.599,117.700,829050000
CHFJPY,20210405,2300,117.697,117.713,117.648,117.713,1731040000
CHFJPY,20210406,0000,117.712,117.735,117.605,117.658,3390890000
CHFJPY,20210406,0100,117.658,117.704,117.593,117.623,2664980000
CHFJPY,20210406,0200,117.624,117.676,117.575,117.670,3360430000
CHFJPY,20210406,0300,117.668,117.686,117.616,117.627,2391280000
CHFJPY,20210406,0400,117.632,117.646,117.567,117.615,2620880000
CHFJPY,20210406,0500,117.615,117.615,117.532,117.538,2598500000
CHFJPY,20210406,0600,117.537,117.618,117.531,117.553,3785980000
CHFJPY,20210406,0700,117.556,117.751,117.542,117.703,5433140000
CHFJPY,20210406,0800,117.700,117.729,117.539,117.712,5722940000
CHFJPY,20210406,0900,117.711,117.818,117.654,117.750,4536430000
CHFJPY,20210406,1000,117.753,117.859,117.719,117.746,3361520000
CHFJPY,20210406,1100,117.747,117.753,117.610,117.633,3824960000
CHFJPY,20210406,1200,117.636,117.700,117.451,117.498,7922630000
CHFJPY,20210406,1300,117.498,117.586,117.370,117.571,8813010000
CHFJPY,20210406,1400,117.576,117.733,117.513,117.599,7749950000
CHFJPY,20210406,1500,117.600,117.807,117.582,117.779,3814810000
CHFJPY,20210406,1600,117.780,117.853,117.751,117.846,2281130000
CHFJPY,20210406,1700,117.844,117.877,117.746,117.783,2476270000
CHFJPY,20210406,1800,117.784,117.999,117.769,117.973,2877170000
CHFJPY,20210406,1900,117.971,117.990,117.901,117.962,2697730000
CHFJPY,20210406,2000,117.961,117.971,117.845,117.849,1768350000
CHFJPY,20210406,2100,117.857,117.888,117.497,117.822,3008840000
CHFJPY,20210406,2200,117.819,117.939,117.802,117.907,2046800000
CHFJPY,20210406,2300,117.907,117.949,117.894,117.941,1197890000
CHFJPY,20210407,0000,117.941,117.989,117.873,117.881,3456540000
CHFJPY,20210407,0100,117.883,117.892,117.740,117.805,4138270000
CHFJPY,20210407,0200,117.804,117.918,117.800,117.859,3218270000
CHFJPY,20210407,0300,117.858,117.941,117.853,117.876,1959070000
CHFJPY,20210407,0400,117.879,117.905,117.831,117.860,1594080000
CHFJPY,20210407,0500,117.858,117.951,117.856,117.917,2454630000
CHFJPY,20210407,0600,117.914,118.144,117.904,118.085,5561380000
CHFJPY,20210407,0700,118.086,118.183,118.040,118.056,5937420000
CHFJPY,20210407,0800,118.056,118.233,118.007,118.202,4857780000
CHFJPY,20210407,0900,118.201,118.281,118.148,118.163,3499740000
CHFJPY,20210407,1000,118.168,118.203,118.069,118.120,3836470000
CHFJPY,20210407,1100,118.119,118.249,118.103,118.233,3552370000
CHFJPY,20210407,1200,118.234,118.287,118.179,118.244,5395810000
CHFJPY,20210407,1300,118.243,118.360,118.233,118.295,6448160000
CHFJPY,20210407,1400,118.295,118.354,118.126,118.177,7824470000
CHFJPY,20210407,1500,118.179,118.299,118.159,118.241,5327040000
CHFJPY,20210407,1600,118.240,118.286,118.152,118.164,2530460000
CHFJPY,20210407,1700,118.164,118.272,118.163,118.272,1979750000
CHFJPY,20210407,1800,118.271,118.292,118.060,118.085,3453650000
CHFJPY,20210407,1900,118.086,118.140,118.074,118.081,2594190000
CHFJPY,20210407,2000,118.082,118.157,118.082,118.114,1175160000
CHFJPY,20210407,2100,118.106,118.165,117.878,118.163,3194920000
CHFJPY,20210407,2200,118.161,118.209,118.106,118.178,835070000
CHFJPY,20210407,2300,118.175,118.190,118.133,118.187,988060000
CHFJPY,20210408,0000,118.185,118.222,118.015,118.015,4057520000
CHFJPY,20210408,0100,118.018,118.059,117.972,118.033,2818770000
CHFJPY,20210408,0200,118.032,118.059,117.996,118.055,3103800000
CHFJPY,20210408,0300,118.053,118.102,118.032,118.084,1284630000
CHFJPY,20210408,0400,118.084,118.100,117.978,118.017,1280320000
CHFJPY,20210408,0500,118.018,118.092,118.003,118.052,2013110000
CHFJPY,20210408,0600,118.049,118.149,118.009,118.128,3712370000
CHFJPY,20210408,0700,118.130,118.134,117.898,117.976,6033370000
CHFJPY,20210408,0800,117.975,117.997,117.837,117.984,5175090000
CHFJPY,20210408,0900,117.985,118.011,117.896,117.960,3715510000
CHFJPY,20210408,1000,117.961,117.978,117.914,117.937,2554140000
CHFJPY,20210408,1100,117.936,117.956,117.747,117.758,5634850000
CHFJPY,20210408,1200,117.758,117.771,117.623,117.750,8286700000
CHFJPY,20210408,1300,117.753,117.993,117.717,117.925,7592820000
CHFJPY,20210408,1400,117.927,118.069,117.858,118.050,7903990000
CHFJPY,20210408,1500,118.048,118.148,118.041,118.119,4497060000
CHFJPY,20210408,1600,118.118,118.294,118.111,118.286,2913050000
CHFJPY,20210408,1700,118.288,118.304,118.208,118.231,2022930000
CHFJPY,20210408,1800,118.229,118.276,118.221,118.256,2069940000
CHFJPY,20210408,1900,118.258,118.290,118.227,118.231,2104240000
CHFJPY,20210408,2000,118.231,118.264,118.150,118.150,1413290000
CHFJPY,20210408,2100,118.202,118.224,118.082,118.185,1542070000
CHFJPY,20210408,2200,118.186,118.323,118.179,118.293,2015700000
CHFJPY,20210408,2300,118.297,118.316,118.253,118.291,1117140000
CHFJPY,20210409,0000,118.293,118.341,118.203,118.261,4795820000
CHFJPY,20210409,0100,118.260,118.277,118.145,118.185,3143650000
CHFJPY,20210409,0200,118.184,118.218,118.138,118.150,2918030000
CHFJPY,20210409,0300,118.149,118.209,118.138,118.201,2017800000
CHFJPY,20210409,0400,118.202,118.250,118.170,118.244,1273070000
CHFJPY,20210409,0500,118.242,118.284,118.167,118.237,2483910000
CHFJPY,20210409,0600,118.236,118.299,118.176,118.257,5295040000
CHFJPY,20210409,0700,118.256,118.481,118.221,118.375,8042780000
CHFJPY,20210409,0800,118.376,118.487,118.273,118.428,7100120000
CHFJPY,20210409,0900,118.427,118.465,118.346,118.355,4816810000
CHFJPY,20210409,1000,118.362,118.512,118.342,118.477,4192590000
CHFJPY,20210409,1100,118.475,118.571,118.395,118.470,4117650000
CHFJPY,20210409,1200,118.463,118.527,118.392,118.445,6697740000
CHFJPY,20210409,1300,118.442,118.557,118.427,118.471,7803760000
CHFJPY,20210409,1400,118.470,118.523,118.385,118.450,6860390000
CHFJPY,20210409,1500,118.451,118.535,118.409,118.534,4656950000
CHFJPY,20210409,1600,118.534,118.538,118.466,118.493,2463990000
CHFJPY,20210409,1700,118.495,118.568,118.490,118.558,2204750000
CHFJPY,20210409,1800,118.561,118.584,118.538,118.545,1696650000
CHFJPY,20210409,1900,118.544,118.606,118.538,118.574,1452460000
CHFJPY,20210409,2000,118.574,118.631,118.563,118.574,1052430000
CHFJPY,20210411,2100,118.225,118.467,118.199,118.313,84210000
CHFJPY,20210411,2200,118.512,118.620,118.486,118.596,1446720000
CHFJPY,20210411,2300,118.595,118.617,118.520,118.522,1033690000
CHFJPY,20210412,0000,118.522,118.587,118.504,118.555,2725580000
CHFJPY,20210412,0100,118.551,118.567,118.328,118.362,3434950000
CHFJPY,20210412,0200,118.360,118.360,118.250,118.292,3268660000
CHFJPY,20210412,0300,118.297,118.306,118.220,118.296,2736550000
CHFJPY,20210412,0400,118.297,118.326,118.220,118.236,2367250000
CHFJPY,20210412,0500,118.236,118.281,118.216,118.228,1647980000
CHFJPY,20210412,0600,118.233,118.358,118.232,118.335,4683650000
CHFJPY,20210412,0700,118.336,118.341,118.139,118.249,6356270000
CHFJPY,20210412,0800,118.249,118.348,118.197,118.293,5013170000
CHFJPY,20210412,0900,118.294,118.382,118.276,118.302,4193890000
CHFJPY,20210412,1000,118.302,118.459,118.278,118.416,3632650000
CHFJPY,20210412,1100,118.415,118.437,118.262,118.371,3962770000
CHFJPY,20210412,1200,118.368,118.431,118.354,118.403,4075100000
CHFJPY,20210412,1300,118.404,118.482,118.354,118.439,5368510000
CHFJPY,20210412,1400,118.443,118.634,118.433,118.618,5837510000
CHFJPY,20210412,1500,118.616,118.715,118.570,118.574,3830230000
CHFJPY,20210412,1600,118.576,118.659,118.556,118.612,2045810000
CHFJPY,20210412,1700,118.610,118.649,118.568,118.617,1803820000
CHFJPY,20210412,1800,118.620,118.638,118.554,118.555,1640320000
CHFJPY,20210412,1900,118.557,118.588,118.519,118.577,1483560000
CHFJPY,20210412,2000,118.574,118.624,118.500,118.505,898330000
CHFJPY,20210412,2100,118.506,118.596,118.440,118.527,443420000
CHFJPY,20210412,2200,118.539,118.622,118.539,118.577,780380000
CHFJPY,20210412,2300,118.581,118.608,118.559,118.576,949880000
CHFJPY,20210413,0000,118.577,118.642,118.538,118.630,4000710000
CHFJPY,20210413,0100,118.632,118.653,118.563,118.586,2929470000
CHFJPY,20210413,0200,118.589,118.679,118.586,118.655,3816580000
CHFJPY,20210413,0300,118.652,118.685,118.629,118.672,1916090000
CHFJPY,20210413,0400,118.670,118.704,118.636,118.652,1965370000
CHFJPY,20210413,0500,118.651,118.678,118.602,118.663,2057280000
CHFJPY,20210413,0600,118.662,118.736,118.527,118.538,4831400000
CHFJPY,20210413,0700,118.538,118.611,118.224,118.242,6927850000
CHFJPY,20210413,0800,118.241,118.307,118.168,118.243,5662830000
CHFJPY,20210413,0900,118.242,118.273,118.094,118.106,4570430000
CHFJPY,20210413,1000,118.104,118.276,118.101,118.213,3982820000
CHFJPY,20210413,1100,118.212,118.315,118.017,118.315,8241010000
CHFJPY,20210413,1200,118.316,118.505,118.278,118.456,11645270000
CHFJPY,20210413,1300,118.459,118.549,118.418,118.438,9122350000
CHFJPY,20210413,1400,118.436,118.536,118.331,118.375,7421190000
CHFJPY,20210413,1500,118.376,118.517,118.359,118.503,4904530000
CHFJPY,20210413,1600,118.503,118.572,118.479,118.510,2279990000
CHFJPY,20210413,1700,118.510,118.523,118.437,118.468,3209560000
CHFJPY,20210413,1800,118.470,118.521,118.435,118.487,1701700000
CHFJPY,20210413,1900,118.487,118.523,118.475,118.511,1923420000
CHFJPY,20210413,2000,118.513,118.518,118.367,118.389,1456930000
CHFJPY,20210413,2100,118.387,118.477,118.387,118.444,434890000
CHFJPY,20210413,2200,118.448,118.477,118.394,118.408,2063370000
CHFJPY,20210413,2300,118.410,118.426,118.303,118.350,1250800000
CHFJPY,20210414,0000,118.347,118.357,118.218,118.235,4356860000
CHFJPY,20210414,0100,118.233,118.305,118.193,118.289,3414340000
CHFJPY,20210414,0200,118.286,118.365,118.261,118.344,2513400000
CHFJPY,20210414,0300,118.344,118.387,118.329,118.354,2066650000
CHFJPY,20210414,0400,118.353,118.449,118.353,118.447,1787110000
CHFJPY,20210414,0500,118.445,118.449,118.391,118.414,1537750000
CHFJPY,20210414,0600,118.417,118.451,118.279,118.397,5099920000
CHFJPY,20210414,0700,118.400,118.488,118.354,118.411,7197360000
CHFJPY,20210414,0800,118.409,118.572,118.385,118.571,5477860000
CHFJPY,20210414,0900,118.569,118.602,118.269,118.269,5924790000
CHFJPY,20210414,1000,118.269,118.357,118.079,118.081,4663870000
CHFJPY,20210414,1100,118.077,118.121,117.957,118.098,4918560000
CHFJPY,20210414,1200,118.097,118.150,118.076,118.128,3488160000
CHFJPY,20210414,1300,118.128,118.284,118.065,118.171,7408220000
CHFJPY,20210414,1400,118.177,118.188,118.044,118.087,7222250000
CHFJPY,20210414,1500,118.087,118.137,118.037,118.039,4954970000
CHFJPY,20210414,1600,118.038,118.151,118.008,118.127,2661680000
CHFJPY,20210414,1700,118.127,118.143,118.031,118.086,2021950000
CHFJPY,20210414,1800,118.087,118.092,118.019,118.039,1858610000
CHFJPY,20210414,1900,118.040,118.063,118.008,118.018,2180530000
CHFJPY,20210414,2000,118.019,118.034,117.980,118.000,1532830000
CHFJPY,20210414,2100,118.017,118.104,117.989,118.013,940170000
CHFJPY,20210414,2200,118.016,118.089,118.002,118.024,1230530000
CHFJPY,20210414,2300,118.025,118.034,117.974,117.999,967590000
CHFJPY,20210415,0000,117.994,118.025,117.934,117.997,3256820000
CHFJPY,20210415,0100,117.997,118.001,117.835,117.879,3290940000
CHFJPY,20210415,0200,117.878,117.928,117.842,117.880,1933470000
CHFJPY,20210415,0300,117.880,117.902,117.860,117.891,1580900000
CHFJPY,20210415,0400,117.891,117.896,117.834,117.843,1753370000
CHFJPY,20210415,0500,117.841,117.947,117.841,117.918,1598700000
CHFJPY,20210415,0600,117.917,118.048,117.917,117.982,3647680000
CHFJPY,20210415,0700,117.982,118.073,117.888,117.910,5519050000
CHFJPY,20210415,0800,117.907,117.972,117.842,117.886,5570870000
CHFJPY,20210415,0900,117.883,117.953,117.849,117.905,4468940000
CHFJPY,20210415,1000,117.905,117.909,117.787,117.816,4103190000
CHFJPY,20210415,1100,117.816,117.880,117.799,117.847,3497010000
CHFJPY,20210415,1200,117.847,117.986,117.665,117.679,9521480000
CHFJPY,20210415,1300,117.681,117.936,117.652,117.915,8813690000
CHFJPY,20210415,1400,117.918,117.993,117.854,117.937,9105440000
CHFJPY,20210415,1500,117.936,117.985,117.841,117.882,5225180000
CHFJPY,20210415,1600,117.883,117.925,117.832,117.840,2504630000
CHFJPY,20210415,1700,117.840,117.884,117.821,117.829,2532940000
CHFJPY,20210415,1800,117.830,117.901,117.815,117.872,2166960000
CHFJPY,20210415,1900,117.872,117.938,117.853,117.929,2468780000
CHFJPY,20210415,2000,117.931,117.949,117.856,117.856,1416600000
CHFJPY,20210415,2100,117.851,117.917,117.703,117.850,2486380000
CHFJPY,20210415,2200,117.859,117.931,117.854,117.889,1001200000
CHFJPY,20210415,2300,117.885,117.912,117.858,117.882,935740000
CHFJPY,20210416,0000,117.882,117.887,117.775,117.853,3549150000
CHFJPY,20210416,0100,117.855,117.982,117.848,117.948,4561840000
CHFJPY,20210416,0200,117.945,117.984,117.907,117.956,2341180000
CHFJPY,20210416,0300,117.955,118.006,117.952,117.967,1454650000
CHFJPY,20210416,0400,117.967,118.013,117.934,117.988,1224860000
CHFJPY,20210416,0500,117.987,118.065,117.960,118.053,1995810000
CHFJPY,20210416,0600,118.054,118.153,118.037,118.138,4170230000
CHFJPY,20210416,0700,118.134,118.629,118.091,118.578,7757220000
CHFJPY,20210416,0800,118.578,118.578,118.305,118.323,6640370000
CHFJPY,20210416,0900,118.325,118.402,118.273,118.369,4490190000
CHFJPY,20210416,1000,118.370,118.404,118.300,118.395,4857840000
CHFJPY,20210416,1100,118.395,118.415,118.315,118.353,4729230000
CHFJPY,20210416,1200,118.352,118.430,118.292,118.411,6071650000
CHFJPY,20210416,1300,118.411,118.446,118.288,118.356,6220580000
CHFJPY,20210416,1400,118.355,118.445,118.333,118.397,4995540000
CHFJPY,20210416,1500,118.399,118.447,118.269,118.283,3827690000
CHFJPY,20210416,1600,118.279,118.323,118.233,118.242,2059390000
CHFJPY,20210416,1700,118.245,118.253,118.198,118.205,1479260000
CHFJPY,20210416,1800,118.206,118.268,118.175,118.267,1317240000
CHFJPY,20210416,1900,118.266,118.282,118.225,118.278,2015960000
CHFJPY,20210416,2000,118.275,118.280,118.220,118.220,1037360000
CHFJPY,20210418,2100,118.202,118.235,118.091,118.153,165320000
CHFJPY,20210418,2200,118.144,118.258,118.114,118.131,1353010000
CHFJPY,20210418,2300,118.130,118.143,118.055,118.091,1924150000
CHFJPY,20210419,0000,118.094,118.167,117.997,118.057,4806000000
CHFJPY,20210419,0100,118.059,118.098,117.869,117.891,4269610000
CHFJPY,20210419,0200,117.892,117.980,117.842,117.950,2785840000
CHFJPY,20210419,0300,117.949,117.988,117.934,117.977,1290370000
CHFJPY,20210419,0400,117.978,118.047,117.973,117.994,1476450000
CHFJPY,20210419,0500,118.001,118.034,117.895,117.915,2541640000
CHFJPY,20210419,0600,117.914,118.029,117.827,118.023,5120320000
CHFJPY,20210419,0700,118.024,118.081,117.822,118.072,8819210000
CHFJPY,20210419,0800,118.072,118.182,117.902,118.166,9930380000
CHFJPY,20210419,0900,118.167,118.313,118.104,118.268,6075110000
CHFJPY,20210419,1000,118.269,118.426,118.256,118.384,5873840000
CHFJPY,20210419,1100,118.384,118.468,118.285,118.310,6016220000
CHFJPY,20210419,1200,118.312,118.368,118.225,118.336,5130480000
CHFJPY,20210419,1300,118.337,118.371,118.264,118.292,7010490000
CHFJPY,20210419,1400,118.292,118.295,117.979,118.030,7991940000
CHFJPY,20210419,1500,118.037,118.099,117.975,118.057,4222730000
CHFJPY,20210419,1600,118.056,118.104,118.025,118.085,2487880000
CHFJPY,20210419,1700,118.086,118.154,118.078,118.149,1725500000
CHFJPY,20210419,1800,118.152,118.210,118.115,118.192,2578460000
CHFJPY,20210419,1900,118.191,118.209,118.142,118.184,2035360000
CHFJPY,20210419,2000,118.188,118.188,118.118,118.158,750410000
CHFJPY,20210419,2100,118.177,118.199,118.077,118.170,598880000
CHFJPY,20210419,2200,118.169,118.193,118.142,118.179,1221350000
CHFJPY,20210419,2300,118.180,118.205,118.124,118.147,1432810000
CHFJPY,20210420,0000,118.147,118.195,118.015,118.160,5084420000
CHFJPY,20210420,0100,118.161,118.323,118.155,118.261,3758640000
CHFJPY,20210420,0200,118.258,118.310,118.229,118.294,2531790000
CHFJPY,20210420,0300,118.294,118.379,118.272,118.280,3198090000
CHFJPY,20210420,0400,118.282,118.332,118.239,118.321,1876320000
CHFJPY,20210420,0500,118.316,118.343,118.271,118.288,1972690000
CHFJPY,20210420,0600,118.287,118.567,118.259,118.553,8131720000
CHFJPY,20210420,0700,118.552,118.644,118.495,118.527,8345550000
CHFJPY,20210420,0800,118.527,118.626,118.453,118.588,6121320000
CHFJPY,20210420,0900,118.588,118.589,118.352,118.386,5510170000
CHFJPY,20210420,1000,118.386,118.489,118.304,118.424,5060180000
CHFJPY,20210420,1100,118.423,118.528,118.372,118.493,4873420000
CHFJPY,20210420,1200,118.491,118.492,118.322,118.343,6346260000
CHFJPY,20210420,1300,118.347,118.492,118.286,118.334,6680070000
CHFJPY,20210420,1400,118.333,118.391,118.261,118.311,7875280000
CHFJPY,20210420,1500,118.308,118.319,118.044,118.160,6574250000
CHFJPY,20210420,1600,118.162,118.172,118.008,118.034,3003900000
CHFJPY,20210420,1700,118.033,118.053,117.934,118.017,2072470000
CHFJPY,20210420,1800,118.018,118.049,117.954,117.995,1786330000
CHFJPY,20210420,1900,117.996,118.017,117.969,117.985,1882850000
CHFJPY,20210420,2000,117.986,118.052,117.936,117.976,1395600000
CHFJPY,20210420,2100,117.971,118.048,117.947,117.988,1367380000
CHFJPY,20210420,2200,118.041,118.046,117.984,118.020,840990000
CHFJPY,20210420,2300,118.024,118.034,117.985,118.032,934130000
CHFJPY,20210421,0000,118.033,118.036,117.838,117.980,5640420000
CHFJPY,20210421,0100,117.980,118.016,117.857,117.866,4173160000
CHFJPY,20210421,0200,117.868,117.899,117.815,117.858,2422020000
CHFJPY,20210421,0300,117.856,117.887,117.841,117.870,1391100000
CHFJPY,20210421,0400,117.871,117.934,117.863,117.901,2318410000
CHFJPY,20210421,0500,117.900,117.946,117.831,117.914,1986240000
CHFJPY,20210421,0600,117.911,117.974,117.896,117.915,4193160000
CHFJPY,20210421,0700,117.916,117.972,117.833,117.926,7892630000
CHFJPY,20210421,0800,117.927,118.015,117.806,117.818,5237410000
CHFJPY,20210421,0900,117.818,118.024,117.818,117.862,5052560000
CHFJPY,20210421,1000,117.859,117.859,117.701,117.791,4911730000
CHFJPY,20210421,1100,117.791,117.806,117.703,117.736,3417920000
CHFJPY,20210421,1200,117.734,117.757,117.615,117.718,4362060000
CHFJPY,20210421,1300,117.717,117.722,117.569,117.620,5825820000
CHFJPY,20210421,1400,117.619,117.919,117.587,117.895,8366650000
CHFJPY,20210421,1500,117.893,117.955,117.868,117.914,3585430000
CHFJPY,20210421,1600,117.913,117.957,117.854,117.861,2153950000
CHFJPY,20210421,1700,117.862,117.901,117.808,117.857,2206450000
CHFJPY,20210421,1800,117.858,117.901,117.827,117.855,2094820000
CHFJPY,20210421,1900,117.854,117.872,117.824,117.852,1458680000
CHFJPY,20210421,2000,117.852,117.869,117.773,117.788,931550000
CHFJPY,20210421,2100,117.788,117.852,117.768,117.832,1807790000
CHFJPY,20210421,2200,117.831,117.871,117.814,117.819,615640000
CHFJPY,20210421,2300,117.823,117.853,117.813,117.849,712140000
CHFJPY,20210422,0000,117.850,117.923,117.788,117.846,4034590000
CHFJPY,20210422,0100,117.848,117.911,117.825,117.893,2745810000
CHFJPY,20210422,0200,117.893,117.916,117.878,117.913,1510050000
CHFJPY,20210422,0300,117.912,117.926,117.841,117.858,1428980000
CHFJPY,20210422,0400,117.858,117.872,117.755,117.796,2597870000
CHFJPY,20210422,0500,117.797,117.872,117.774,117.867,2266470000
CHFJPY,20210422,0600,117.866,118.009,117.851,117.922,4512460000
CHFJPY,20210422,0700,117.925,117.931,117.798,117.921,5453670000
CHFJPY,20210422,0800,117.920,118.069,117.915,117.924,4848280000
CHFJPY,20210422,0900,117.920,117.977,117.858,117.969,3956560000
CHFJPY,20210422,1000,117.967,118.147,117.954,118.014,3700660000
CHFJPY,20210422,1100,118.014,118.055,117.963,117.980,3935090000
CHFJPY,20210422,1200,117.982,118.132,117.975,118.075,6901690000
CHFJPY,20210422,1300,118.075,118.112,117.664,117.785,9366360000
CHFJPY,20210422,1400,117.781,117.795,117.597,117.749,8113130000
CHFJPY,20210422,1500,117.744,117.813,117.706,117.784,4586300000
CHFJPY,20210422,1600,117.782,117.815,117.688,117.757,3115420000
CHFJPY,20210422,1700,117.757,117.785,117.660,117.726,4819060000
CHFJPY,20210422,1800,117.723,117.753,117.668,117.706,3375050000
CHFJPY,20210422,1900,117.705,117.767,117.667,117.751,2339970000
CHFJPY,20210422,2000,117.749,117.786,117.704,117.704,1336820000
CHFJPY,20210422,2100,117.550,117.693,117.509,117.676,2251770000
CHFJPY,20210422,2200,117.675,117.755,117.641,117.746,1062420000
CHFJPY,20210422,2300,117.745,117.757,117.697,117.732,1118460000
CHFJPY,20210423,0000,117.731,117.745,117.630,117.677,3754640000
CHFJPY,20210423,0100,117.672,117.773,117.613,117.747,2866540000
CHFJPY,20210423,0200,117.746,117.759,117.695,117.717,2123510000
CHFJPY,20210423,0300,117.716,117.726,117.663,117.673,1470810000
CHFJPY,20210423,0400,117.672,117.715,117.653,117.694,1262150000
CHFJPY,20210423,0500,117.695,117.710,117.651,117.705,1386090000
CHFJPY,20210423,0600,117.704,117.718,117.647,117.668,3233540000
CHFJPY,20210423,0700,117.669,117.872,117.657,117.784,6279400000
CHFJPY,20210423,0800,117.786,117.898,117.713,117.886,4263910000
CHFJPY,20210423,0900,117.887,118.011,117.835,117.972,3892610000
CHFJPY,20210423,1000,117.972,117.980,117.828,117.879,3674300000
CHFJPY,20210423,1100,117.882,117.904,117.746,117.780,4252310000
CHFJPY,20210423,1200,117.782,117.800,117.514,117.530,7922480000
CHFJPY,20210423,1300,117.531,117.743,117.510,117.679,8114740000
CHFJPY,20210423,1400,117.677,117.977,117.671,117.891,10796380000
CHFJPY,20210423,1500,117.890,117.992,117.868,117.938,5482330000
CHFJPY,20210423,1600,117.938,118.076,117.938,118.072,2092330000
CHFJPY,20210423,1700,118.073,118.090,118.021,118.066,1778270000
CHFJPY,20210423,1800,118.068,118.164,118.064,118.145,1444550000
CHFJPY,20210423,1900,118.148,118.221,118.130,118.139,2093570000
CHFJPY,20210423,2000,118.138,118.149,118.013,118.013,1441430000
CHFJPY,20210425,2100,118.068,118.131,118.022,118.128,241520000
CHFJPY,20210425,2200,118.125,118.155,118.055,118.067,1283050000
CHFJPY,20210425,2300,118.066,118.103,118.024,118.027,1339460000
CHFJPY,20210426,0000,118.022,118.145,117.999,118.092,4905040000
CHFJPY,20210426,0100,118.091,118.107,118.024,118.054,2923030000
CHFJPY,20210426,0200,118.054,118.074,118.003,118.058,2510270000
CHFJPY,20210426,0300,118.059,118.107,117.984,118.029,3460210000
CHFJPY,20210426,0400,118.027,118.052,117.991,118.032,2218530000
CHFJPY,20210426,0500,118.032,118.124,117.994,118.107,2598140000
CHFJPY,20210426,0600,118.106,118.130,117.943,117.975,5548710000
CHFJPY,20210426,0700,117.974,117.995,117.789,117.849,6198310000
CHFJPY,20210426,0800,117.849,117.889,117.732,117.798,5502450000
CHFJPY,20210426,0900,117.797,117.973,117.748,117.924,4416530000
CHFJPY,20210426,1000,117.920,117.943,117.829,117.836,3913540000
CHFJPY,20210426,1100,117.836,117.961,117.797,117.948,5377940000
CHFJPY,20210426,1200,117.948,118.045,117.919,117.981,6350860000
CHFJPY,20210426,1300,117.979,118.026,117.865,117.961,7313950000
CHFJPY,20210426,1400,117.957,118.230,117.877,118.217,7361300000
CHFJPY,20210426,1500,118.215,118.314,118.167,118.223,4939350000
CHFJPY,20210426,1600,118.217,118.278,118.198,118.264,2125030000
CHFJPY,20210426,1700,118.265,118.284,118.212,118.233,1744100000
CHFJPY,20210426,1800,118.232,118.285,118.225,118.277,1351990000
CHFJPY,20210426,1900,118.277,118.296,118.235,118.270,1464130000
CHFJPY,20210426,2000,118.270,118.278,118.131,118.131,1349960000
CHFJPY,20210426,2100,118.195,118.276,118.179,118.224,765110000
CHFJPY,20210426,2200,118.228,118.307,118.195,118.269,1350460000
CHFJPY,20210426,2300,118.269,118.312,118.238,118.286,1458900000
CHFJPY,20210427,0000,118.284,118.310,118.191,118.227,3649920000
CHFJPY,20210427,0100,118.225,118.336,118.225,118.296,3841250000
CHFJPY,20210427,0200,118.295,118.372,118.262,118.268,3318800000
CHFJPY,20210427,0300,118.268,118.281,118.182,118.212,2593780000
CHFJPY,20210427,0400,118.210,118.254,118.192,118.199,1337740000
CHFJPY,20210427,0500,118.198,118.240,118.177,118.194,1393120000
CHFJPY,20210427,0600,118.193,118.240,118.098,118.130,3742230000
CHFJPY,20210427,0700,118.132,118.329,118.088,118.255,6042640000
CHFJPY,20210427,0800,118.257,118.280,118.140,118.178,4680150000
CHFJPY,20210427,0900,118.179,118.487,118.167,118.458,5344310000
CHFJPY,20210427,1000,118.456,118.588,118.433,118.541,6126070000
CHFJPY,20210427,1100,118.542,118.588,118.455,118.583,4994080000
CHFJPY,20210427,1200,118.584,118.600,118.486,118.532,5349080000
CHFJPY,20210427,1300,118.532,118.665,118.409,118.591,6771590000
CHFJPY,20210427,1400,118.590,118.883,118.590,118.831,7776950000
CHFJPY,20210427,1500,118.830,118.848,118.764,118.845,4129750000
CHFJPY,20210427,1600,118.842,118.904,118.811,118.900,2623010000
CHFJPY,20210427,1700,118.899,119.001,118.886,118.983,2242840000
CHFJPY,20210427,1800,118.984,118.997,118.914,118.951,2408180000
CHFJPY,20210427,1900,118.950,118.994,118.901,118.973,1676280000
CHFJPY,20210427,2000,118.972,119.013,118.916,118.922,1184090000
CHFJPY,20210427,2100,118.923,119.008,118.870,118.945,4102420000
CHFJPY,20210427,2200,118.923,119.011,118.917,118.976,1077700000
CHFJPY,20210427,2300,118.976,119.036,118.951,118.985,1075820000
CHFJPY,20210428,0000,118.982,119.080,118.945,119.022,4160870000
CHFJPY,20210428,0100,119.021,119.054,118.993,119.016,2938200000
CHFJPY,20210428,0200,119.017,119.041,118.960,119.004,2564280000
CHFJPY,20210428,0300,119.003,119.029,118.964,118.985,2274440000
CHFJPY,20210428,0400,118.984,118.984,118.899,118.907,1368540000
CHFJPY,20210428,0500,118.905,118.949,118.872,118.876,3177750000
CHFJPY,20210428,0600,118.875,118.965,118.827,118.848,5002760000
CHFJPY,20210428,0700,118.850,119.055,118.734,119.005,6073030000
CHFJPY,20210428,0800,119.006,119.032,118.864,118.911,5443100000
CHFJPY,20210428,0900,118.911,119.047,118.840,118.953,5568070000
CHFJPY,20210428,1000,118.956,119.131,118.946,119.080,4196370000
CHFJPY,20210428,1100,119.080,119.127,118.984,119.020,5224150000
CHFJPY,20210428,1200,119.019,119.148,118.986,119.083,5612470000
CHFJPY,20210428,1300,119.080,119.109,118.993,119.076,5815940000
CHFJPY,20210428,1400,119.073,119.281,119.042,119.240,9985950000
CHFJPY,20210428,1500,119.243,119.321,119.212,119.253,5475280000
CHFJPY,20210428,1600,119.254,119.276,119.199,119.274,2503860000
CHFJPY,20210428,1700,119.275,119.286,119.187,119.268,4939550000
CHFJPY,20210428,1800,119.283,119.523,119.196,119.441,12392660000
CHFJPY,20210428,1900,119.443,119.504,119.263,119.479,5308360000
CHFJPY,20210428,2000,119.482,119.489,119.309,119.310,1881630000
CHFJPY,20210428,2100,119.335,119.457,119.307,119.417,491540000
CHFJPY,20210428,2200,119.429,119.463,119.368,119.392,1117340000
CHFJPY,20210428,2300,119.394,119.436,119.356,119.373,999560000
CHFJPY,20210429,0000,119.375,119.376,119.308,119.357,2385720000
CHFJPY,20210429,0100,119.356,119.451,119.335,119.451,2141510000
CHFJPY,20210429,0200,119.451,119.462,119.350,119.446,3859100000
CHFJPY,20210429,0300,119.444,119.481,119.403,119.405,2054820000
CHFJPY,20210429,0400,119.405,119.438,119.349,119.360,1343830000
CHFJPY,20210429,0500,119.361,119.434,119.361,119.415,1373930000
CHFJPY,20210429,0600,119.416,119.477,119.386,119.429,4999770000
CHFJPY,20210429,0700,119.431,119.595,119.410,119.567,6661400000
CHFJPY,20210429,0800,119.566,119.707,119.556,119.703,6070260000
CHFJPY,20210429,0900,119.709,119.963,119.697,119.909,6539920000
CHFJPY,20210429,1000,119.908,119.977,119.778,119.814,5573410000
CHFJPY,20210429,1100,119.812,119.929,119.770,119.889,6430420000
CHFJPY,20210429,1200,119.890,119.986,119.809,119.855,9944060000
CHFJPY,20210429,1300,119.855,120.115,119.796,119.831,11952950000
CHFJPY,20210429,1400,119.835,119.895,119.526,119.583,9675950000
CHFJPY,20210429,1500,119.589,119.741,119.580,119.738,5499440000
CHFJPY,20210429,1600,119.736,119.739,119.618,119.702,4419870000
CHFJPY,20210429,1700,119.699,119.828,119.673,119.813,2580950000
CHFJPY,20210429,1800,119.816,119.877,119.771,119.825,2541640000
CHFJPY,20210429,1900,119.830,119.891,119.802,119.891,1757940000
CHFJPY,20210429,2000,119.892,119.897,119.806,119.829,1270930000
CHFJPY,20210429,2100,119.785,119.877,119.779,119.841,2512930000
CHFJPY,20210429,2200,119.845,119.856,119.803,119.820,2034870000
CHFJPY,20210429,2300,119.822,119.825,119.755,119.815,1254750000
CHFJPY,20210430,0000,119.814,119.981,119.808,119.890,5036310000
CHFJPY,20210430,0100,119.892,119.917,119.743,119.770,4502640000
CHFJPY,20210430,0200,119.771,119.776,119.675,119.741,3852360000
CHFJPY,20210430,0300,119.739,119.773,119.721,119.729,1818220000
CHFJPY,20210430,0400,119.729,119.749,119.693,119.705,1144360000
CHFJPY,20210430,0500,119.704,119.809,119.680,119.755,2138490000
CHFJPY,20210430,0600,119.759,119.791,119.647,119.740,4030390000
CHFJPY,20210430,0700,119.738,119.841,119.719,119.770,6651880000
CHFJPY,20210430,0800,119.771,119.783,119.648,119.738,5069330000
CHFJPY,20210430,0900,119.738,119.946,119.737,119.879,4770500000
CHFJPY,20210430,1000,119.879,119.887,119.700,119.708,4375920000
CHFJPY,20210430,1100,119.707,119.731,119.583,119.665,5322020000
CHFJPY,20210430,1200,119.667,119.738,119.631,119.675,7089040000
CHFJPY,20210430,1300,119.679,119.787,119.627,119.729,8152170000
CHFJPY,20210430,1400,119.730,119.896,119.652,119.827,13529430000
CHFJPY,20210430,1500,119.825,119.895,119.656,119.778,10876470000
CHFJPY,20210430,1600,119.781,119.814,119.690,119.727,3492900000
CHFJPY,20210430,1700,119.728,119.746,119.659,119.676,3203170000
CHFJPY,20210430,1800,119.675,119.709,119.652,119.669,2592660000
CHFJPY,20210430,1900,119.669,119.673,119.595,119.669,2222270000
CHFJPY,20210430,2000,119.670,119.758,119.661,119.694,1454150000
CHFJPY,20210502,2100,119.714,119.755,119.561,119.586,159630000
CHFJPY,20210502,2200,119.617,119.801,119.579,119.739,1000320000
CHFJPY,20210502,2300,119.740,119.760,119.708,119.708,934200000
CHFJPY,20210503,0000,119.710,119.809,119.697,119.765,2552050000
CHFJPY,20210503,0100,119.765,119.846,119.751,119.812,1860400000
CHFJPY,20210503,0200,119.811,119.828,119.770,119.815,2417340000
CHFJPY,20210503,0300,119.809,119.898,119.806,119.878,2715500000
CHFJPY,20210503,0400,119.878,119.914,119.871,119.906,2288510000
CHFJPY,20210503,0500,119.907,119.990,119.884,119.984,1621320000
CHFJPY,20210503,0600,119.983,120.023,119.909,119.988,4410520000
CHFJPY,20210503,0700,119.987,120.151,119.987,120.091,6759470000
CHFJPY,20210503,0800,120.091,120.157,120.065,120.138,5069040000
CHFJPY,20210503,0900,120.141,120.177,119.960,120.049,4771810000
CHFJPY,20210503,1000,120.053,120.081,119.938,119.964,4257540000
CHFJPY,20210503,1100,119.963,119.977,119.707,119.710,5175140000
CHFJPY,20210503,1200,119.709,119.774,119.597,119.696,7093700000
CHFJPY,20210503,1300,119.695,119.780,119.540,119.687,8651050000
CHFJPY,20210503,1400,119.688,119.787,119.619,119.674,11476880000
CHFJPY,20210503,1500,119.672,119.766,119.643,119.652,5875730000
CHFJPY,20210503,1600,119.653,119.703,119.607,119.669,2489810000
CHFJPY,20210503,1700,119.665,119.704,119.642,119.692,2212990000
CHFJPY,20210503,1800,119.694,119.761,119.683,119.757,2636520000
CHFJPY,20210503,1900,119.752,119.763,119.693,119.733,1635190000
CHFJPY,20210503,2000,119.733,119.745,119.664,119.664,762850000
CHFJPY,20210503,2100,119.738,119.772,119.602,119.683,5682200000
CHFJPY,20210503,2200,119.676,119.689,119.600,119.661,1230720000
CHFJPY,20210503,2300,119.663,119.693,119.646,119.664,584160000
CHFJPY,20210504,0000,119.664,119.697,119.592,119.616,1913600000
CHFJPY,20210504,0100,119.616,119.676,119.596,119.667,1362200000
CHFJPY,20210504,0200,119.666,119.693,119.558,119.593,2150230000
CHFJPY,20210504,0300,119.592,119.598,119.494,119.497,1040120000
CHFJPY,20210504,0400,119.499,119.535,119.488,119.501,1273550000
CHFJPY,20210504,0500,119.501,119.586,119.496,119.502,1478070000
CHFJPY,20210504,0600,119.502,119.672,119.489,119.668,3207450000
CHFJPY,20210504,0700,119.667,119.715,119.566,119.620,6391450000
CHFJPY,20210504,0800,119.617,119.670,119.534,119.541,4619190000
CHFJPY,20210504,0900,119.541,119.563,119.450,119.504,5083050000
CHFJPY,20210504,1000,119.503,119.676,119.462,119.627,4342800000
CHFJPY,20210504,1100,119.628,119.668,119.490,119.609,7712200000
CHFJPY,20210504,1200,119.609,119.638,119.512,119.572,8539420000
CHFJPY,20210504,1300,119.572,119.655,119.493,119.589,8224990000
CHFJPY,20210504,1400,119.589,119.799,119.548,119.779,10941910000
CHFJPY,20210504,1500,119.778,119.823,119.627,119.678,10417980000
CHFJPY,20210504,1600,119.684,119.725,119.579,119.613,4294140000
CHFJPY,20210504,1700,119.612,119.644,119.582,119.618,3575650000
CHFJPY,20210504,1800,119.617,119.687,119.614,119.640,2818370000
CHFJPY,20210504,1900,119.636,119.661,119.616,119.649,2329220000
CHFJPY,20210504,2000,119.650,119.688,119.594,119.602,1031910000
CHFJPY,20210504,2100,119.618,119.635,119.569,119.589,546340000
CHFJPY,20210504,2200,119.617,119.657,119.573,119.652,740690000
CHFJPY,20210504,2300,119.654,119.681,119.634,119.658,571170000
CHFJPY,20210505,0000,119.659,119.722,119.649,119.694,1630390000
CHFJPY,20210505,0100,119.696,119.746,119.693,119.709,1568160000
CHFJPY,20210505,0200,119.710,119.723,119.605,119.635,2775840000
CHFJPY,20210505,0300,119.634,119.718,119.626,119.701,1286880000
CHFJPY,20210505,0400,119.702,119.753,119.696,119.745,835800000
CHFJPY,20210505,0500,119.745,119.747,119.689,119.704,1272570000
CHFJPY,20210505,0600,119.701,119.743,119.570,119.591,5343560000
CHFJPY,20210505,0700,119.591,119.618,119.380,119.385,6792160000
CHFJPY,20210505,0800,119.384,119.444,119.262,119.441,4755620000
CHFJPY,20210505,0900,119.440,119.518,119.412,119.488,3397220000
CHFJPY,20210505,1000,119.486,119.643,119.477,119.622,5126380000
CHFJPY,20210505,1100,119.621,119.747,119.578,119.728,3036900000
CHFJPY,20210505,1200,119.729,119.741,119.594,119.669,7638980000
CHFJPY,20210505,1300,119.669,119.758,119.567,119.618,8323090000
CHFJPY,20210505,1400,119.619,119.725,119.560,119.588,9674260000
CHFJPY,20210505,1500,119.586,119.690,119.586,119.680,4394450000
CHFJPY,20210505,1600,119.678,119.691,119.610,119.636,2477710000
CHFJPY,20210505,1700,119.634,119.693,119.595,119.626,1632430000
CHFJPY,20210505,1800,119.626,119.663,119.583,119.583,1828720000
CHFJPY,20210505,1900,119.582,119.599,119.541,119.578,2039730000
CHFJPY,20210505,2000,119.578,119.599,119.532,119.567,811480000
CHFJPY,20210505,2100,119.522,119.640,119.519,119.587,1213310000
CHFJPY,20210505,2200,119.587,119.613,119.545,119.585,688010000
CHFJPY,20210505,2300,119.585,119.634,119.575,119.603,936130000
CHFJPY,20210506,0000,119.604,119.655,119.561,119.592,2834680000
CHFJPY,20210506,0100,119.595,119.694,119.595,119.678,2879780000
CHFJPY,20210506,0200,119.679,119.720,119.598,119.601,4474010000
CHFJPY,20210506,0300,119.599,119.655,119.585,119.655,3930820000
CHFJPY,20210506,0400,119.648,119.706,119.604,119.688,2333750000
CHFJPY,20210506,0500,119.689,119.692,119.626,119.669,2063780000
CHFJPY,20210506,0600,119.670,119.791,119.618,119.656,4815220000
CHFJPY,20210506,0700,119.657,120.038,119.656,119.991,6828110000
CHFJPY,20210506,0800,119.989,120.123,119.934,119.962,6032860000
CHFJPY,20210506,0900,119.963,120.034,119.906,119.973,6496630000
CHFJPY,20210506,1000,119.972,120.091,119.957,120.015,4649140000
CHFJPY,20210506,1100,120.010,120.168,120.001,120.156,6570220000
CHFJPY,20210506,1200,120.160,120.273,120.140,120.236,7304810000
CHFJPY,20210506,1300,120.236,120.419,120.183,120.200,10046420000
CHFJPY,20210506,1400,120.201,120.201,120.021,120.073,9982770000
CHFJPY,20210506,1500,120.069,120.114,120.000,120.012,5675210000
CHFJPY,20210506,1600,120.012,120.052,119.954,120.003,2817930000
CHFJPY,20210506,1700,120.004,120.079,119.981,120.071,1672850000
CHFJPY,20210506,1800,120.071,120.078,119.963,119.986,2194160000
CHFJPY,20210506,1900,119.984,120.081,119.984,120.062,1769990000
CHFJPY,20210506,2000,120.063,120.233,120.034,120.188,1117990000
CHFJPY,20210506,2100,120.206,120.210,120.035,120.145,1380150000
CHFJPY,20210506,2200,120.137,120.176,120.109,120.125,1181310000
CHFJPY,20210506,2300,120.127,120.146,120.108,120.141,842440000
CHFJPY,20210507,0000,120.141,120.223,120.068,120.206,3104910000
CHFJPY,20210507,0100,120.208,120.231,120.170,120.190,2587380000
CHFJPY,20210507,0200,120.192,120.264,120.180,120.252,3522510000
CHFJPY,20210507,0300,120.252,120.264,120.199,120.246,3418070000
CHFJPY,20210507,0400,120.247,120.269,120.184,120.202,1055670000
CHFJPY,20210507,0500,120.202,120.233,120.194,120.210,1440210000
CHFJPY,20210507,0600,120.217,120.282,120.205,120.262,3253850000
CHFJPY,20210507,0700,120.263,120.425,120.109,120.155,7609540000
CHFJPY,20210507,0800,120.154,120.337,120.152,120.252,4724640000
CHFJPY,20210507,0900,120.251,120.319,120.143,120.236,3738060000
CHFJPY,20210507,1000,120.237,120.274,120.040,120.050,4584240000
CHFJPY,20210507,1100,120.052,120.204,120.043,120.197,3467120000
CHFJPY,20210507,1200,120.199,120.342,120.073,120.152,18525420000
CHFJPY,20210507,1300,120.148,120.241,120.047,120.168,16533740000
CHFJPY,20210507,1400,120.168,120.421,120.149,120.244,12094050000
CHFJPY,20210507,1500,120.244,120.447,120.244,120.444,7211390000
CHFJPY,20210507,1600,120.444,120.521,120.378,120.456,4795950000
CHFJPY,20210507,1700,120.453,120.612,120.440,120.575,2939570000
CHFJPY,20210507,1800,120.577,120.584,120.518,120.543,2458010000
CHFJPY,20210507,1900,120.542,120.592,120.528,120.550,2143380000
CHFJPY,20210507,2000,120.549,120.589,120.509,120.509,1405430000
CHFJPY,20210509,2100,120.428,120.555,120.367,120.508,638420000
CHFJPY,20210509,2200,120.509,120.629,120.457,120.544,1507610000
CHFJPY,20210509,2300,120.540,120.573,120.505,120.565,2966990000
CHFJPY,20210510,0000,120.563,120.714,120.535,120.677,4622370000
CHFJPY,20210510,0100,120.675,120.769,120.635,120.747,3897820000
CHFJPY,20210510,0200,120.746,120.791,120.716,120.773,2901310000
CHFJPY,20210510,0300,120.774,120.848,120.762,120.814,2516070000
CHFJPY,20210510,0400,120.815,120.837,120.724,120.725,1694400000
CHFJPY,20210510,0500,120.726,120.777,120.647,120.680,2002850000
CHFJPY,20210510,0600,120.679,121.029,120.679,121.023,5944950000
CHFJPY,20210510,0700,121.022,121.076,120.851,120.877,7330200000
CHFJPY,20210510,0800,120.879,120.948,120.830,120.858,6486180000
CHFJPY,20210510,0900,120.856,120.860,120.651,120.740,5831480000
CHFJPY,20210510,1000,120.739,120.865,120.712,120.801,4429160000
CHFJPY,20210510,1100,120.800,120.998,120.800,120.977,5304510000
CHFJPY,20210510,1200,120.979,120.997,120.857,120.933,6223560000
CHFJPY,20210510,1300,120.934,120.979,120.802,120.812,8045690000
CHFJPY,20210510,1400,120.812,120.950,120.780,120.874,8150120000
CHFJPY,20210510,1500,120.875,120.979,120.828,120.952,4966180000
CHFJPY,20210510,1600,120.952,120.985,120.896,120.901,2739380000
CHFJPY,20210510,1700,120.901,120.933,120.879,120.898,2162720000
CHFJPY,20210510,1800,120.900,120.903,120.787,120.810,3564200000
CHFJPY,20210510,1900,120.811,120.828,120.736,120.748,2564460000
CHFJPY,20210510,2000,120.746,120.777,120.655,120.730,1462480000
CHFJPY,20210510,2100,120.675,120.817,120.641,120.715,2449640000
CHFJPY,20210510,2200,120.710,120.809,120.710,120.807,1051030000
CHFJPY,20210510,2300,120.812,120.860,120.799,120.857,1140980000
CHFJPY,20210511,0000,120.855,120.908,120.749,120.878,5230910000
CHFJPY,20210511,0100,120.882,120.941,120.849,120.911,3603490000
CHFJPY,20210511,0200,120.912,120.956,120.866,120.956,3121350000
CHFJPY,20210511,0300,120.955,120.959,120.872,120.892,2250220000
CHFJPY,20210511,0400,120.893,120.936,120.828,120.830,2542310000
CHFJPY,20210511,0500,120.830,120.878,120.828,120.849,2345630000
CHFJPY,20210511,0600,120.850,120.857,120.700,120.718,5174630000
CHFJPY,20210511,0700,120.715,120.742,120.594,120.643,7676510000
CHFJPY,20210511,0800,120.642,120.706,120.565,120.654,6668200000
CHFJPY,20210511,0900,120.654,120.782,120.610,120.617,5200160000
CHFJPY,20210511,1000,120.617,120.625,120.420,120.540,5405600000
CHFJPY,20210511,1100,120.539,120.547,120.395,120.413,5206840000
CHFJPY,20210511,1200,120.415,120.467,120.309,120.359,6853570000
CHFJPY,20210511,1300,120.359,120.394,120.154,120.363,12698110000
CHFJPY,20210511,1400,120.364,120.538,120.224,120.264,9715970000
CHFJPY,20210511,1500,120.264,120.336,120.191,120.313,5724400000
CHFJPY,20210511,1600,120.312,120.322,120.160,120.176,3153840000
CHFJPY,20210511,1700,120.178,120.264,120.136,120.232,2547520000
CHFJPY,20210511,1800,120.233,120.265,120.199,120.260,2463930000
CHFJPY,20210511,1900,120.256,120.270,120.203,120.236,1882960000
CHFJPY,20210511,2000,120.231,120.260,120.152,120.152,1402870000
CHFJPY,20210511,2100,120.137,120.195,120.101,120.190,488250000
CHFJPY,20210511,2200,120.187,120.224,120.169,120.216,1503120000
CHFJPY,20210511,2300,120.213,120.273,120.213,120.266,1077380000
CHFJPY,20210512,0000,120.267,120.306,120.233,120.265,4495320000
CHFJPY,20210512,0100,120.265,120.327,120.235,120.277,2731140000
CHFJPY,20210512,0200,120.276,120.300,120.245,120.255,3428830000
CHFJPY,20210512,0300,120.256,120.260,120.132,120.162,3353390000
CHFJPY,20210512,0400,120.161,120.222,120.154,120.204,2386460000
CHFJPY,20210512,0500,120.202,120.226,120.173,120.187,2061270000
CHFJPY,20210512,0600,120.188,120.291,120.175,120.243,4036920000
CHFJPY,20210512,0700,120.245,120.369,120.158,120.291,7237860000
CHFJPY,20210512,0800,120.293,120.346,120.196,120.227,5643270000
CHFJPY,20210512,0900,120.227,120.330,120.158,120.321,5012520000
CHFJPY,20210512,1000,120.321,120.369,120.143,120.176,3999900000
CHFJPY,20210512,1100,120.178,120.214,120.143,120.168,3804320000
CHFJPY,20210512,1200,120.168,120.685,120.016,120.464,17700460000
CHFJPY,20210512,1300,120.465,120.611,120.362,120.487,16862130000
CHFJPY,20210512,1400,120.488,120.534,120.312,120.347,13574260000
CHFJPY,20210512,1500,120.345,120.528,120.339,120.504,8442310000
CHFJPY,20210512,1600,120.503,120.613,120.491,120.569,6271210000
CHFJPY,20210512,1700,120.567,120.649,120.550,120.627,6177110000
CHFJPY,20210512,1800,120.626,120.701,120.590,120.690,3972890000
CHFJPY,20210512,1900,120.687,120.687,120.590,120.614,3604500000
CHFJPY,20210512,2000,120.611,120.684,120.572,120.581,2143790000
CHFJPY,20210512,2100,120.580,120.694,120.556,120.618,949210000
CHFJPY,20210512,2200,120.617,120.677,120.594,120.637,3464270000
CHFJPY,20210512,2300,120.636,120.675,120.601,120.649,1003960000
CHFJPY,20210513,0000,120.653,120.741,120.582,120.646,5186280000
CHFJPY,20210513,0100,120.645,120.649,120.554,120.593,4735820000
CHFJPY,20210513,0200,120.591,120.683,120.576,120.664,2937570000
CHFJPY,20210513,0300,120.663,120.749,120.655,120.730,2723440000
CHFJPY,20210513,0400,120.728,120.769,120.693,120.727,2288850000
CHFJPY,20210513,0500,120.728,120.745,120.648,120.680,2163980000
CHFJPY,20210513,0600,120.678,120.737,120.588,120.651,6315680000
CHFJPY,20210513,0700,120.651,120.938,120.599,120.757,10600190000
CHFJPY,20210513,0800,120.756,120.794,120.492,120.595,10215160000
CHFJPY,20210513,0900,120.598,120.700,120.555,120.644,6915580000
CHFJPY,20210513,1000,120.645,120.788,120.622,120.777,5803330000
CHFJPY,20210513,1100,120.778,120.835,120.711,120.824,5820300000
CHFJPY,20210513,1200,120.823,120.837,120.686,120.711,11407950000
CHFJPY,20210513,1300,120.712,120.944,120.709,120.936,10073740000
CHFJPY,20210513,1400,120.935,121.051,120.860,120.876,8080890000
CHFJPY,20210513,1500,120.876,120.898,120.782,120.818,4953120000
CHFJPY,20210513,1600,120.819,120.907,120.801,120.804,3846480000
CHFJPY,20210513,1700,120.807,120.825,120.738,120.769,4554150000
CHFJPY,20210513,1800,120.769,120.819,120.754,120.760,2717380000
CHFJPY,20210513,1900,120.757,120.871,120.755,120.831,2404040000
CHFJPY,20210513,2000,120.831,120.876,120.734,120.734,1240890000
CHFJPY,20210513,2100,120.715,120.851,120.627,120.833,1042650000
CHFJPY,20210513,2200,120.834,120.885,120.820,120.868,542020000
CHFJPY,20210513,2300,120.868,120.886,120.834,120.871,922900000
CHFJPY,20210514,0000,120.871,120.983,120.864,120.938,3899520000
CHFJPY,20210514,0100,120.935,121.047,120.933,121.019,2820420000
CHFJPY,20210514,0200,121.018,121.033,120.956,120.977,2105090000
CHFJPY,20210514,0300,120.975,121.023,120.971,121.000,1609570000
CHFJPY,20210514,0400,121.001,121.007,120.955,120.979,1193880000
CHFJPY,20210514,0500,120.981,121.066,120.960,121.054,1501670000
CHFJPY,20210514,0600,121.059,121.091,120.975,121.025,5312490000
CHFJPY,20210514,0700,121.024,121.195,121.009,121.144,6337990000
CHFJPY,20210514,0800,121.142,121.184,121.045,121.082,6182120000
CHFJPY,20210514,0900,121.084,121.096,120.910,120.955,4434590000
CHFJPY,20210514,1000,120.955,120.971,120.831,120.869,4279460000
CHFJPY,20210514,1100,120.871,120.941,120.838,120.919,4587320000
CHFJPY,20210514,1200,120.921,121.123,120.916,121.035,9995820000
CHFJPY,20210514,1300,121.036,121.248,120.996,121.216,8906570000
CHFJPY,20210514,1400,121.218,121.342,121.177,121.213,9134690000
CHFJPY,20210514,1500,121.214,121.242,121.119,121.228,3885850000
CHFJPY,20210514,1600,121.227,121.248,121.186,121.203,2148120000
CHFJPY,20210514,1700,121.205,121.240,121.186,121.204,1566920000
CHFJPY,20210514,1800,121.205,121.233,121.174,121.200,1451600000
CHFJPY,20210514,1900,121.200,121.234,121.175,121.177,1704610000
CHFJPY,20210514,2000,121.177,121.295,121.155,121.252,1474630000
CHFJPY,20210516,2100,121.152,121.208,121.004,121.156,204760000
CHFJPY,20210516,2200,121.163,121.320,121.138,121.312,1083070000
CHFJPY,20210516,2300,121.313,121.379,121.298,121.374,1252200000
CHFJPY,20210517,0000,121.374,121.392,121.268,121.271,3558450000
CHFJPY,20210517,0100,121.274,121.312,121.188,121.208,3234620000
CHFJPY,20210517,0200,121.207,121.210,121.132,121.145,2206270000
CHFJPY,20210517,0300,121.147,121.214,121.117,121.197,2527150000
CHFJPY,20210517,0400,121.195,121.229,121.176,121.208,1753840000
CHFJPY,20210517,0500,121.207,121.228,121.124,121.147,1740700000
CHFJPY,20210517,0600,121.148,121.148,121.073,121.101,4398310000
CHFJPY,20210517,0700,121.101,121.170,121.015,121.065,5547660000
CHFJPY,20210517,0800,121.064,121.156,121.039,121.090,4514480000
CHFJPY,20210517,0900,121.091,121.268,121.085,121.243,4674870000
CHFJPY,20210517,1000,121.243,121.264,121.129,121.206,3916960000
CHFJPY,20210517,1100,121.207,121.208,121.099,121.110,4610350000
CHFJPY,20210517,1200,121.110,121.202,121.061,121.172,5976860000
CHFJPY,20210517,1300,121.174,121.190,121.049,121.107,5942470000
CHFJPY,20210517,1400,121.107,121.209,121.054,121.107,8051320000
CHFJPY,20210517,1500,121.107,121.194,121.050,121.065,5031170000
CHFJPY,20210517,1600,121.067,121.071,120.961,120.987,2424470000
CHFJPY,20210517,1700,120.988,121.001,120.943,120.972,1752130000
CHFJPY,20210517,1800,120.971,121.042,120.971,120.979,1636090000
CHFJPY,20210517,1900,120.982,121.003,120.931,120.946,1907480000
CHFJPY,20210517,2000,120.946,120.986,120.863,120.893,1858940000
CHFJPY,20210517,2100,120.845,120.965,120.845,120.882,1539850000
CHFJPY,20210517,2200,120.879,120.919,120.837,120.868,966850000
CHFJPY,20210517,2300,120.866,120.920,120.854,120.918,1351680000
CHFJPY,20210518,0000,120.917,120.962,120.859,120.893,3433180000
CHFJPY,20210518,0100,120.893,121.028,120.871,121.006,3742280000
CHFJPY,20210518,0200,121.004,121.040,120.958,121.017,2705990000
CHFJPY,20210518,0300,121.016,121.109,121.007,121.043,2137110000
CHFJPY,20210518,0400,121.046,121.082,120.997,121.076,1496430000
CHFJPY,20210518,0500,121.077,121.085,120.997,121.056,1522180000
CHFJPY,20210518,0600,121.059,121.278,121.026,121.196,5015890000
CHFJPY,20210518,0700,121.203,121.392,121.199,121.332,7576370000
CHFJPY,20210518,0800,121.332,121.496,121.236,121.332,7700360000
CHFJPY,20210518,0900,121.333,121.393,121.309,121.368,5039820000
CHFJPY,20210518,1000,121.368,121.435,121.323,121.342,4287720000
CHFJPY,20210518,1100,121.340,121.422,121.322,121.407,4153230000
CHFJPY,20210518,1200,121.407,121.467,121.371,121.421,6067940000
CHFJPY,20210518,1300,121.419,121.518,121.366,121.449,8676450000
CHFJPY,20210518,1400,121.448,121.466,121.297,121.368,8180130000
CHFJPY,20210518,1500,121.369,121.394,121.268,121.305,4762880000
CHFJPY,20210518,1600,121.307,121.372,121.262,121.320,3299100000
CHFJPY,20210518,1700,121.321,121.419,121.320,121.414,1801950000
CHFJPY,20210518,1800,121.415,121.442,121.378,121.432,1902590000
CHFJPY,20210518,1900,121.433,121.457,121.331,121.340,2179300000
CHFJPY,20210518,2000,121.338,121.374,121.236,121.244,1229840000
CHFJPY,20210518,2100,121.244,121.315,121.192,121.315,354300000
CHFJPY,20210518,2200,121.324,121.346,121.293,121.310,947380000
CHFJPY,20210518,2300,121.308,121.339,121.269,121.286,981220000
CHFJPY,20210519,0000,121.286,121.431,121.277,121.426,4427310000
CHFJPY,20210519,0100,121.424,121.449,121.394,121.433,3747550000
CHFJPY,20210519,0200,121.432,121.432,121.282,121.282,2841280000
CHFJPY,20210519,0300,121.283,121.384,121.283,121.361,1940130000
CHFJPY,20210519,0400,121.361,121.426,121.359,121.414,1950800000
CHFJPY,20210519,0500,121.417,121.435,121.394,121.435,1960930000
CHFJPY,20210519,0600,121.443,121.476,121.384,121.430,4378300000
CHFJPY,20210519,0700,121.433,121.522,121.229,121.232,7489490000
CHFJPY,20210519,0800,121.227,121.233,121.028,121.128,6092670000
CHFJPY,20210519,0900,121.128,121.247,121.099,121.131,5605750000
CHFJPY,20210519,1000,121.134,121.207,121.074,121.186,5778480000
CHFJPY,20210519,1100,121.189,121.210,121.110,121.145,5749860000
CHFJPY,20210519,1200,121.147,121.148,120.839,120.871,8019650000
CHFJPY,20210519,1300,120.868,120.974,120.669,120.816,15074120000
CHFJPY,20210519,1400,120.817,120.832,120.553,120.579,12435280000
CHFJPY,20210519,1500,120.574,120.824,120.543,120.782,6841400000
CHFJPY,20210519,1600,120.780,120.841,120.745,120.825,2838380000
CHFJPY,20210519,1700,120.823,120.943,120.810,120.854,2834890000
CHFJPY,20210519,1800,120.854,120.961,120.759,120.803,13354750000
CHFJPY,20210519,1900,120.806,120.864,120.759,120.819,4631900000
CHFJPY,20210519,2000,120.819,120.909,120.799,120.839,2312730000
CHFJPY,20210519,2100,120.817,120.882,120.630,120.776,2622290000
CHFJPY,20210519,2200,120.796,120.858,120.795,120.812,1570600000
CHFJPY,20210519,2300,120.807,120.895,120.804,120.849,1455590000
CHFJPY,20210520,0000,120.849,120.868,120.756,120.820,8583610000
CHFJPY,20210520,0100,120.819,120.835,120.653,120.720,4078520000
CHFJPY,20210520,0200,120.719,120.748,120.695,120.700,3538120000
CHFJPY,20210520,0300,120.702,120.765,120.684,120.744,2900040000
CHFJPY,20210520,0400,120.744,120.809,120.730,120.771,1583890000
CHFJPY,20210520,0500,120.770,120.780,120.717,120.730,1890660000
CHFJPY,20210520,0600,120.729,120.743,120.676,120.717,4613150000
CHFJPY,20210520,0700,120.717,121.100,120.680,121.082,6383410000
CHFJPY,20210520,0800,121.079,121.079,120.696,120.770,7041300000
CHFJPY,20210520,0900,120.773,120.896,120.765,120.828,4820810000
CHFJPY,20210520,1000,120.830,120.993,120.799,120.956,4137050000
CHFJPY,20210520,1100,120.957,121.025,120.913,120.938,4305930000
CHFJPY,20210520,1200,120.941,121.031,120.884,120.974,6944230000
CHFJPY,20210520,1300,120.977,121.061,120.927,120.965,7109830000
CHFJPY,20210520,1400,120.962,121.023,120.909,120.945,6738790000
CHFJPY,20210520,1500,120.946,121.072,120.944,121.062,4067100000
CHFJPY,20210520,1600,121.064,121.084,120.997,121.039,2900370000
CHFJPY,20210520,1700,121.038,121.089,121.026,121.055,2284080000
CHFJPY,20210520,1800,121.053,121.121,121.041,121.115,2022510000
CHFJPY,20210520,1900,121.115,121.183,121.100,121.164,1758830000
CHFJPY,20210520,2000,121.164,121.226,121.144,121.180,1324890000
CHFJPY,20210520,2100,121.184,121.269,121.150,121.210,1017230000
CHFJPY,20210520,2200,121.216,121.270,121.208,121.262,930480000
CHFJPY,20210520,2300,121.265,121.288,121.220,121.277,1168670000
CHFJPY,20210521,0000,121.278,121.385,121.225,121.294,4413360000
CHFJPY,20210521,0100,121.292,121.351,121.279,121.331,2342600000
CHFJPY,20210521,0200,121.331,121.331,121.273,121.310,2284090000
CHFJPY,20210521,0300,121.311,121.349,121.296,121.347,1249450000
CHFJPY,20210521,0400,121.347,121.357,121.262,121.315,1785150000
CHFJPY,20210521,0500,121.317,121.340,121.092,121.305,2502070000
CHFJPY,20210521,0600,121.304,121.335,121.252,121.322,4022580000
CHFJPY,20210521,0700,121.321,121.455,121.127,121.172,8252960000
CHFJPY,20210521,0800,121.172,121.207,121.064,121.101,5246420000
CHFJPY,20210521,0900,121.099,121.260,121.095,121.242,4613770000
CHFJPY,20210521,1000,121.242,121.334,121.158,121.162,4055300000
CHFJPY,20210521,1100,121.161,121.254,121.093,121.102,5365250000
CHFJPY,20210521,1200,121.103,121.130,121.012,121.078,6985350000
CHFJPY,20210521,1300,121.078,121.102,120.967,121.092,8926390000
CHFJPY,20210521,1400,121.105,121.328,121.042,121.293,11763660000
CHFJPY,20210521,1500,121.294,121.338,121.184,121.194,4862080000
CHFJPY,20210521,1600,121.194,121.288,121.146,121.194,3153210000
CHFJPY,20210521,1700,121.193,121.278,121.181,121.274,2218740000
CHFJPY,20210521,1800,121.276,121.286,121.237,121.286,1487360000
CHFJPY,20210521,1900,121.286,121.376,121.256,121.333,1986210000
CHFJPY,20210521,2000,121.326,121.401,121.304,121.311,1196930000
CHFJPY,20210523,2100,121.151,121.242,121.030,121.210,173910000
CHFJPY,20210523,2200,121.245,121.355,121.245,121.331,1324780000
CHFJPY,20210523,2300,121.332,121.386,121.322,121.348,1131410000
CHFJPY,20210524,0000,121.348,121.403,121.334,121.383,3551280000
CHFJPY,20210524,0100,121.383,121.402,121.313,121.350,3031510000
CHFJPY,20210524,0200,121.350,121.357,121.232,121.233,1883620000
CHFJPY,20210524,0300,121.234,121.265,121.193,121.251,1925950000
CHFJPY,20210524,0400,121.252,121.257,121.172,121.179,1208040000
CHFJPY,20210524,0500,121.180,121.234,121.160,121.199,1675330000
CHFJPY,20210524,0600,121.198,121.207,121.123,121.130,3893740000
CHFJPY,20210524,0700,121.132,121.211,121.042,121.150,4867370000
CHFJPY,20210524,0800,121.149,121.220,121.018,121.169,6518250000
CHFJPY,20210524,0900,121.171,121.318,121.155,121.308,5387370000
CHFJPY,20210524,1000,121.309,121.377,121.289,121.342,5802270000
CHFJPY,20210524,1100,121.342,121.381,121.291,121.316,3796530000
CHFJPY,20210524,1200,121.317,121.401,121.296,121.342,4896460000
CHFJPY,20210524,1300,121.341,121.423,121.307,121.408,6976900000
CHFJPY,20210524,1400,121.409,121.424,121.276,121.299,6653540000
CHFJPY,20210524,1500,121.300,121.333,121.205,121.253,4575050000
CHFJPY,20210524,1600,121.253,121.302,121.245,121.289,2028120000
CHFJPY,20210524,1700,121.287,121.310,121.243,121.290,1580230000
CHFJPY,20210524,1800,121.293,121.309,121.266,121.292,1227390000
CHFJPY,20210524,1900,121.292,121.326,121.273,121.312,1225110000
CHFJPY,20210524,2000,121.311,121.313,121.115,121.115,815510000
CHFJPY,20210524,2100,121.116,121.242,121.115,121.163,1244870000
CHFJPY,20210524,2200,121.195,121.318,121.195,121.311,716170000
CHFJPY,20210524,2300,121.312,121.352,121.296,121.336,5045290000
CHFJPY,20210525,0000,121.336,121.369,121.236,121.337,6835180000
CHFJPY,20210525,0100,121.333,121.362,121.266,121.335,6837850000
CHFJPY,20210525,0200,121.333,121.353,121.268,121.318,3185030000
CHFJPY,20210525,0300,121.316,121.333,121.274,121.274,2219850000
CHFJPY,20210525,0400,121.275,121.336,121.265,121.300,1396840000
CHFJPY,20210525,0500,121.302,121.338,121.285,121.285,1669820000
CHFJPY,20210525,0600,121.281,121.394,121.273,121.339,6515960000
CHFJPY,20210525,0700,121.341,121.609,121.327,121.606,7470760000
CHFJPY,20210525,0800,121.608,121.702,121.554,121.681,8182800000
CHFJPY,20210525,0900,121.681,121.810,121.676,121.703,4213260000
CHFJPY,20210525,1000,121.703,121.819,121.669,121.670,5597680000
CHFJPY,20210525,1100,121.672,121.722,121.606,121.613,4475790000
CHFJPY,20210525,1200,121.613,121.649,121.517,121.591,5717890000
CHFJPY,20210525,1300,121.591,121.722,121.567,121.572,8221320000
CHFJPY,20210525,1400,121.570,121.630,121.466,121.514,8731550000
CHFJPY,20210525,1500,121.517,121.557,121.448,121.450,5312140000
CHFJPY,20210525,1600,121.450,121.489,121.437,121.466,2898550000
CHFJPY,20210525,1700,121.466,121.496,121.408,121.440,2761730000
CHFJPY,20210525,1800,121.440,121.460,121.382,121.441,2502340000
CHFJPY,20210525,1900,121.443,121.462,121.406,121.442,1784230000
CHFJPY,20210525,2000,121.441,121.504,121.428,121.453,1842870000
CHFJPY,20210525,2100,121.396,121.489,121.328,121.408,3116130000
CHFJPY,20210525,2200,121.408,121.515,121.407,121.501,1141450000
CHFJPY,20210525,2300,121.504,121.514,121.452,121.460,1375930000
CHFJPY,20210526,0000,121.463,121.528,121.436,121.440,3800910000
CHFJPY,20210526,0100,121.438,121.461,121.396,121.446,3288200000
CHFJPY,20210526,0200,121.450,121.525,121.431,121.514,4109890000
CHFJPY,20210526,0300,121.511,121.638,121.511,121.624,3110690000
CHFJPY,20210526,0400,121.624,121.641,121.559,121.608,1504630000
CHFJPY,20210526,0500,121.608,121.639,121.551,121.561,1767330000
CHFJPY,20210526,0600,121.563,121.668,121.499,121.659,4543240000
CHFJPY,20210526,0700,121.662,121.700,121.547,121.607,6569780000
CHFJPY,20210526,0800,121.608,121.668,121.554,121.627,4736080000
CHFJPY,20210526,0900,121.626,121.772,121.593,121.749,4199560000
CHFJPY,20210526,1000,121.753,121.753,121.636,121.681,3680070000
CHFJPY,20210526,1100,121.684,121.696,121.513,121.546,4212200000
CHFJPY,20210526,1200,121.546,121.546,121.372,121.433,6516910000
CHFJPY,20210526,1300,121.435,121.674,121.411,121.548,7315260000
CHFJPY,20210526,1400,121.547,121.704,121.526,121.644,8210260000
CHFJPY,20210526,1500,121.644,121.669,121.468,121.574,6286750000
CHFJPY,20210526,1600,121.578,121.595,121.508,121.542,3194500000
CHFJPY,20210526,1700,121.543,121.580,121.461,121.502,3168850000
CHFJPY,20210526,1800,121.504,121.573,121.479,121.570,2311320000
CHFJPY,20210526,1900,121.570,121.627,121.562,121.623,1708430000
CHFJPY,20210526,2000,121.622,121.647,121.458,121.480,1647400000
CHFJPY,20210526,2100,121.464,121.547,121.354,121.468,1936340000
CHFJPY,20210526,2200,121.469,121.586,121.469,121.545,1485870000
CHFJPY,20210526,2300,121.546,121.597,121.539,121.594,1787440000
CHFJPY,20210527,0000,121.594,121.614,121.488,121.547,3324460000
CHFJPY,20210527,0100,121.547,121.554,121.480,121.519,3391420000
CHFJPY,20210527,0200,121.519,121.559,121.506,121.539,2165100000
CHFJPY,20210527,0300,121.541,121.567,121.529,121.547,1831550000
CHFJPY,20210527,0400,121.546,121.608,121.546,121.604,1713590000
CHFJPY,20210527,0500,121.607,121.648,121.587,121.625,1882760000
CHFJPY,20210527,0600,121.624,121.639,121.562,121.605,4559610000
CHFJPY,20210527,0700,121.606,121.651,121.534,121.553,6094640000
CHFJPY,20210527,0800,121.552,121.707,121.475,121.490,5878690000
CHFJPY,20210527,0900,121.489,121.555,121.401,121.474,4456120000
CHFJPY,20210527,1000,121.473,121.645,121.448,121.550,4672790000
CHFJPY,20210527,1100,121.551,121.581,121.479,121.523,6908390000
CHFJPY,20210527,1200,121.525,121.668,121.467,121.501,10040430000
CHFJPY,20210527,1300,121.502,121.708,121.451,121.638,9292640000
CHFJPY,20210527,1400,121.638,122.271,121.633,122.180,9887440000
CHFJPY,20210527,1500,122.183,122.326,122.066,122.315,8503950000
CHFJPY,20210527,1600,122.317,122.505,122.303,122.399,5099310000
CHFJPY,20210527,1700,122.401,122.527,122.335,122.481,3756720000
CHFJPY,20210527,1800,122.482,122.489,122.359,122.383,2253660000
CHFJPY,20210527,1900,122.385,122.442,122.352,122.413,1632840000
CHFJPY,20210527,2000,122.416,122.470,122.409,122.429,1651430000
CHFJPY,20210527,2100,122.308,122.399,122.229,122.367,404420000
CHFJPY,20210527,2200,122.383,122.447,122.383,122.425,805030000
CHFJPY,20210527,2300,122.426,122.445,122.397,122.397,1276890000
CHFJPY,20210528,0000,122.397,122.497,122.397,122.471,4347020000
CHFJPY,20210528,0100,122.471,122.508,122.391,122.398,3332210000
CHFJPY,20210528,0200,122.407,122.421,122.341,122.372,2890570000
CHFJPY,20210528,0300,122.374,122.461,122.370,122.447,1939510000
CHFJPY,20210528,0400,122.448,122.454,122.330,122.385,1674350000
CHFJPY,20210528,0500,122.386,122.399,122.296,122.310,1925100000
CHFJPY,20210528,0600,122.308,122.329,122.203,122.261,4652750000
CHFJPY,20210528,0700,122.259,122.362,122.253,122.319,6157310000
CHFJPY,20210528,0800,122.318,122.412,122.246,122.324,5607160000
CHFJPY,20210528,0900,122.324,122.340,122.155,122.222,5297290000
CHFJPY,20210528,1000,122.223,122.243,122.145,122.171,3341950000
CHFJPY,20210528,1100,122.171,122.219,121.992,122.041,5575970000
CHFJPY,20210528,1200,122.039,122.062,121.900,122.040,8389340000
CHFJPY,20210528,1300,122.040,122.176,121.995,122.117,8783550000
CHFJPY,20210528,1400,122.118,122.238,122.090,122.169,9155670000
CHFJPY,20210528,1500,122.168,122.211,122.098,122.105,6104050000
CHFJPY,20210528,1600,122.104,122.137,122.028,122.040,3316100000
CHFJPY,20210528,1700,122.039,122.100,122.024,122.080,3076960000
CHFJPY,20210528,1800,122.079,122.101,122.023,122.082,2238360000
CHFJPY,20210528,1900,122.083,122.138,122.053,122.076,1591080000
CHFJPY,20210528,2000,122.075,122.114,121.998,122.010,1474320000
CHFJPY,20210530,2100,121.887,122.042,121.807,122.042,178140000
CHFJPY,20210530,2200,122.041,122.122,121.992,122.109,721720000
CHFJPY,20210530,2300,122.106,122.139,122.078,122.094,2626770000
CHFJPY,20210531,0000,122.094,122.110,121.933,121.984,3728240000
CHFJPY,20210531,0100,121.978,122.016,121.921,122.010,3918250000
CHFJPY,20210531,0200,122.016,122.024,121.950,122.016,2510830000
CHFJPY,20210531,0300,122.011,122.057,121.986,121.996,2159340000
CHFJPY,20210531,0400,121.994,122.007,121.933,121.967,1569760000
CHFJPY,20210531,0500,121.963,122.003,121.949,121.999,1292010000
CHFJPY,20210531,0600,122.000,122.037,121.922,121.974,3186390000
CHFJPY,20210531,0700,121.972,121.998,121.706,121.841,5186220000
CHFJPY,20210531,0800,121.838,121.915,121.809,121.863,5317860000
CHFJPY,20210531,0900,121.866,121.906,121.827,121.859,3608880000
CHFJPY,20210531,1000,121.859,121.923,121.824,121.871,2800130000
CHFJPY,20210531,1100,121.871,121.881,121.721,121.829,2667440000
CHFJPY,20210531,1200,121.832,121.853,121.799,121.816,2604160000
CHFJPY,20210531,1300,121.817,121.845,121.714,121.775,3121570000
CHFJPY,20210531,1400,121.775,121.822,121.590,121.632,5180370000
CHFJPY,20210531,1500,121.635,121.857,121.588,121.849,3889950000
CHFJPY,20210531,1600,121.848,121.867,121.750,121.807,1193150000
CHFJPY,20210531,1700,121.809,121.849,121.753,121.778,5786260000
CHFJPY,20210531,1800,121.776,121.812,121.743,121.789,4387850000
CHFJPY,20210531,1900,121.789,121.890,121.780,121.870,2999720000
CHFJPY,20210531,2000,121.863,121.889,121.787,121.842,1426830000
CHFJPY,20210531,2100,121.845,121.868,121.806,121.861,598000000
CHFJPY,20210531,2200,121.861,121.959,121.823,121.903,1161520000
CHFJPY,20210531,2300,121.905,121.912,121.863,121.864,979250000
CHFJPY,20210601,0000,121.863,121.920,121.730,121.761,3519260000
CHFJPY,20210601,0100,121.761,121.790,121.694,121.758,3407870000
CHFJPY,20210601,0200,121.757,121.802,121.732,121.753,1820360000
CHFJPY,20210601,0300,121.754,121.842,121.752,121.784,1536650000
CHFJPY,20210601,0400,121.784,121.827,121.775,121.813,1789930000
CHFJPY,20210601,0500,121.812,121.822,121.729,121.730,1775070000
CHFJPY,20210601,0600,121.729,121.867,121.681,121.839,3208280000
CHFJPY,20210601,0700,121.838,121.923,121.794,121.891,7132210000
CHFJPY,20210601,0800,121.893,121.928,121.815,121.905,6484140000
CHFJPY,20210601,0900,121.902,121.963,121.847,121.899,4179800000
CHFJPY,20210601,1000,121.896,121.963,121.823,121.843,4329910000
CHFJPY,20210601,1100,121.842,122.008,121.822,121.987,3685960000
CHFJPY,20210601,1200,121.990,122.055,121.941,122.020,5814660000
CHFJPY,20210601,1300,122.020,122.096,121.939,122.011,7255630000
CHFJPY,20210601,1400,122.011,122.231,122.003,122.178,11004160000
CHFJPY,20210601,1500,122.176,122.259,122.163,122.204,4555070000
CHFJPY,20210601,1600,122.204,122.239,122.110,122.112,2470880000
CHFJPY,20210601,1700,122.111,122.111,122.018,122.034,1973320000
CHFJPY,20210601,1800,122.034,122.046,122.007,122.021,1771420000
CHFJPY,20210601,1900,122.018,122.064,122.002,122.064,1620090000
CHFJPY,20210601,2000,122.064,122.072,121.982,122.003,1594990000
CHFJPY,20210601,2100,122.000,122.076,121.894,121.909,2166730000
CHFJPY,20210601,2200,121.933,122.002,121.927,121.987,648280000
CHFJPY,20210601,2300,121.988,122.047,121.977,122.046,1723230000
CHFJPY,20210602,0000,122.046,122.212,122.032,122.191,4070370000
CHFJPY,20210602,0100,122.191,122.231,122.147,122.150,4607140000
CHFJPY,20210602,0200,122.152,122.205,122.116,122.180,2406380000
CHFJPY,20210602,0300,122.180,122.216,122.155,122.187,2455790000
CHFJPY,20210602,0400,122.187,122.231,122.146,122.215,2413140000
CHFJPY,20210602,0500,122.214,122.255,122.182,122.223,1924990000
CHFJPY,20210602,0600,122.224,122.269,122.166,122.195,3998700000
CHFJPY,20210602,0700,122.195,122.313,122.135,122.158,6473130000
CHFJPY,20210602,0800,122.160,122.184,121.922,121.988,7196780000
CHFJPY,20210602,0900,121.988,121.988,121.762,121.838,5884500000
CHFJPY,20210602,1000,121.838,121.869,121.754,121.784,4273230000
CHFJPY,20210602,1100,121.784,121.824,121.733,121.795,4437200000
CHFJPY,20210602,1200,121.794,121.850,121.734,121.790,5658910000
CHFJPY,20210602,1300,121.790,122.003,121.787,121.990,5800940000
CHFJPY,20210602,1400,121.989,122.020,121.895,122.003,7850470000
CHFJPY,20210602,1500,122.003,122.056,121.942,122.036,4656680000
CHFJPY,20210602,1600,122.035,122.055,121.970,122.028,1662130000
CHFJPY,20210602,1700,122.029,122.039,121.962,121.962,1089010000
CHFJPY,20210602,1800,121.964,122.020,121.954,122.010,1366580000
CHFJPY,20210602,1900,122.009,122.027,121.981,122.000,1052690000
CHFJPY,20210602,2000,122.001,122.016,121.957,121.985,853990000
CHFJPY,20210602,2100,121.980,122.009,121.946,121.960,2859470000
CHFJPY,20210602,2200,121.974,122.024,121.973,122.007,491130000
CHFJPY,20210602,2300,122.007,122.032,121.996,122.007,673370000
CHFJPY,20210603,0000,122.005,122.077,121.994,122.054,2733630000
CHFJPY,20210603,0100,122.055,122.104,122.035,122.061,2058730000
CHFJPY,20210603,0200,122.065,122.100,122.055,122.091,1728650000
CHFJPY,20210603,0300,122.092,122.109,122.060,122.084,951180000
CHFJPY,20210603,0400,122.084,122.135,122.081,122.115,1317910000
CHFJPY,20210603,0500,122.116,122.134,122.072,122.120,1923840000
CHFJPY,20210603,0600,122.117,122.131,121.985,121.990,2953740000
CHFJPY,20210603,0700,121.992,122.016,121.859,121.967,4121530000
CHFJPY,20210603,0800,121.968,122.030,121.937,121.941,4463690000
CHFJPY,20210603,0900,121.945,122.034,121.915,121.984,2913880000
CHFJPY,20210603,1000,121.986,122.027,121.951,121.975,5220910000
CHFJPY,20210603,1100,121.979,122.111,121.973,122.088,5320610000
CHFJPY,20210603,1200,122.085,122.124,121.913,121.933,10814490000
CHFJPY,20210603,1300,121.934,122.006,121.886,121.897,11449770000
CHFJPY,20210603,1400,121.894,121.916,121.752,121.827,11920360000
CHFJPY,20210603,1500,121.826,121.898,121.799,121.846,5564050000
CHFJPY,20210603,1600,121.847,121.916,121.825,121.883,2717400000
CHFJPY,20210603,1700,121.883,121.960,121.867,121.923,2219050000
CHFJPY,20210603,1800,121.923,122.002,121.892,122.002,1526250000
CHFJPY,20210603,1900,122.002,122.071,121.959,122.055,1381770000
CHFJPY,20210603,2000,122.054,122.101,121.993,122.006,1672030000
CHFJPY,20210603,2100,122.006,122.073,121.999,122.070,265700000
CHFJPY,20210603,2200,122.064,122.098,122.044,122.052,761730000
CHFJPY,20210603,2300,122.058,122.069,122.021,122.064,796460000
CHFJPY,20210604,0000,122.064,122.073,121.940,121.958,4953710000
CHFJPY,20210604,0100,121.957,121.962,121.880,121.935,3861640000
CHFJPY,20210604,0200,121.935,121.944,121.841,121.849,3104140000
CHFJPY,20210604,0300,121.848,121.896,121.847,121.874,1692660000
CHFJPY,20210604,0400,121.875,121.909,121.853,121.889,1552980000
CHFJPY,20210604,0500,121.891,121.907,121.817,121.852,1608520000
CHFJPY,20210604,0600,121.854,121.863,121.790,121.836,3284370000
CHFJPY,20210604,0700,121.836,121.852,121.731,121.734,5175420000
CHFJPY,20210604,0800,121.733,121.815,121.688,121.778,4081250000
CHFJPY,20210604,0900,121.779,121.827,121.749,121.773,4156960000
CHFJPY,20210604,1000,121.775,121.788,121.716,121.738,2913130000
CHFJPY,20210604,1100,121.742,121.797,121.732,121.756,2761280000
CHFJPY,20210604,1200,121.757,122.089,121.738,122.033,16297910000
CHFJPY,20210604,1300,122.033,122.039,121.837,121.881,12741000000
CHFJPY,20210604,1400,121.882,121.886,121.654,121.749,8666670000
CHFJPY,20210604,1500,121.751,121.798,121.665,121.706,4732270000
CHFJPY,20210604,1600,121.705,121.750,121.692,121.712,2136500000
CHFJPY,20210604,1700,121.713,121.773,121.701,121.754,1331760000
CHFJPY,20210604,1800,121.755,121.817,121.755,121.773,1259420000
CHFJPY,20210604,1900,121.773,121.852,121.772,121.843,1463000000
CHFJPY,20210604,2000,121.842,121.850,121.761,121.768,1062910000
CHFJPY,20210606,2100,121.497,121.706,121.463,121.626,170030000
CHFJPY,20210606,2200,121.734,121.858,121.708,121.850,940760000
CHFJPY,20210606,2300,121.847,121.905,121.832,121.885,2841700000
CHFJPY,20210607,0000,121.888,121.899,121.769,121.846,5422990000
CHFJPY,20210607,0100,121.849,121.859,121.792,121.821,4239980000
CHFJPY,20210607,0200,121.818,121.858,121.759,121.816,2982430000
CHFJPY,20210607,0300,121.814,121.861,121.805,121.856,2098450000
CHFJPY,20210607,0400,121.855,121.860,121.676,121.713,2571540000
CHFJPY,20210607,0500,121.712,121.752,121.709,121.732,1889040000
CHFJPY,20210607,0600,121.732,121.736,121.574,121.636,3659080000
CHFJPY,20210607,0700,121.634,121.787,121.583,121.687,4572610000
CHFJPY,20210607,0800,121.688,121.703,121.588,121.593,4488660000
CHFJPY,20210607,0900,121.594,121.703,121.555,121.660,2670940000
CHFJPY,20210607,1000,121.661,121.666,121.602,121.627,2569280000
CHFJPY,20210607,1100,121.626,121.683,121.568,121.600,4349600000
CHFJPY,20210607,1200,121.600,121.621,121.510,121.521,5096330000
CHFJPY,20210607,1300,121.521,121.657,121.464,121.611,6004260000
CHFJPY,20210607,1400,121.611,121.716,121.587,121.694,5577800000
CHFJPY,20210607,1500,121.697,121.800,121.695,121.796,3171300000
CHFJPY,20210607,1600,121.797,121.834,121.780,121.792,1459390000
CHFJPY,20210607,1700,121.793,121.797,121.713,121.762,1150620000
CHFJPY,20210607,1800,121.762,121.792,121.748,121.790,863800000
CHFJPY,20210607,1900,121.793,121.793,121.737,121.750,777260000
CHFJPY,20210607,2000,121.750,121.772,121.647,121.648,712270000
CHFJPY,20210607,2100,121.673,121.714,121.626,121.628,1758900000
CHFJPY,20210607,2200,121.673,121.742,121.671,121.718,1741320000
CHFJPY,20210607,2300,121.716,121.739,121.709,121.717,6540680000
CHFJPY,20210608,0000,121.715,121.862,121.670,121.819,6993850000
CHFJPY,20210608,0100,121.818,121.906,121.809,121.879,3389510000
CHFJPY,20210608,0200,121.881,121.910,121.823,121.846,2878010000
CHFJPY,20210608,0300,121.844,121.868,121.832,121.858,2434700000
CHFJPY,20210608,0400,121.858,121.873,121.824,121.853,1470690000
CHFJPY,20210608,0500,121.854,121.898,121.854,121.897,1574720000
CHFJPY,20210608,0600,121.891,121.919,121.840,121.840,2537710000
CHFJPY,20210608,0700,121.841,121.944,121.821,121.931,4755450000
CHFJPY,20210608,0800,121.933,122.104,121.903,122.057,4335630000
CHFJPY,20210608,0900,122.053,122.146,122.047,122.108,3511200000
CHFJPY,20210608,1000,122.109,122.164,122.028,122.114,4853940000
CHFJPY,20210608,1100,122.116,122.145,122.074,122.079,3811180000
CHFJPY,20210608,1200,122.079,122.108,122.004,122.041,7336910000
CHFJPY,20210608,1300,122.037,122.161,121.964,122.100,7509510000
CHFJPY,20210608,1400,122.103,122.178,122.062,122.123,7666750000
CHFJPY,20210608,1500,122.125,122.167,122.086,122.111,3604540000
CHFJPY,20210608,1600,122.115,122.141,122.084,122.102,1802500000
CHFJPY,20210608,1700,122.101,122.115,122.047,122.086,1617700000
CHFJPY,20210608,1800,122.087,122.164,122.072,122.155,1360730000
CHFJPY,20210608,1900,122.156,122.156,122.047,122.067,1361570000
CHFJPY,20210608,2000,122.063,122.096,122.048,122.053,753400000
CHFJPY,20210608,2100,122.049,122.100,122.038,122.073,773080000
CHFJPY,20210608,2200,122.058,122.096,122.048,122.075,441120000
CHFJPY,20210608,2300,122.075,122.078,122.040,122.042,726580000
CHFJPY,20210609,0000,122.042,122.091,122.004,122.040,3011050000
CHFJPY,20210609,0100,122.038,122.083,122.001,122.076,1753560000
CHFJPY,20210609,0200,122.079,122.097,122.059,122.095,1035090000
CHFJPY,20210609,0300,122.094,122.148,122.081,122.139,1197870000
CHFJPY,20210609,0400,122.138,122.144,122.092,122.108,1018790000
CHFJPY,20210609,0500,122.107,122.109,122.055,122.079,921090000
CHFJPY,20210609,0600,122.075,122.123,121.978,121.996,3454440000
CHFJPY,20210609,0700,121.999,122.091,121.980,122.083,3386300000
CHFJPY,20210609,0800,122.083,122.159,122.043,122.154,4605510000
CHFJPY,20210609,0900,122.154,122.244,122.102,122.208,3032310000
CHFJPY,20210609,1000,122.208,122.214,122.155,122.208,2902940000
CHFJPY,20210609,1100,122.207,122.217,122.119,122.175,3360290000
CHFJPY,20210609,1200,122.172,122.274,122.156,122.268,5729040000
CHFJPY,20210609,1300,122.266,122.398,122.223,122.394,7330900000
CHFJPY,20210609,1400,122.390,122.455,122.278,122.351,8601210000
CHFJPY,20210609,1500,122.353,122.398,122.283,122.355,2795180000
CHFJPY,20210609,1600,122.353,122.371,122.272,122.299,1747710000
CHFJPY,20210609,1700,122.299,122.352,122.279,122.349,2016810000
CHFJPY,20210609,1800,122.351,122.368,122.294,122.299,1722460000
CHFJPY,20210609,1900,122.299,122.371,122.295,122.356,1584720000
CHFJPY,20210609,2000,122.354,122.378,122.326,122.362,908400000
CHFJPY,20210609,2100,122.355,122.375,122.277,122.328,336200000
CHFJPY,20210609,2200,122.331,122.412,122.331,122.374,531490000
CHFJPY,20210609,2300,122.376,122.385,122.339,122.343,918410000
CHFJPY,20210610,0000,122.344,122.382,122.264,122.305,3232300000
CHFJPY,20210610,0100,122.309,122.312,122.212,122.228,3265570000
CHFJPY,20210610,0200,122.229,122.305,122.226,122.283,2366100000
CHFJPY,20210610,0300,122.287,122.300,122.258,122.281,1649510000
CHFJPY,20210610,0400,122.281,122.311,122.265,122.303,1695260000
CHFJPY,20210610,0500,122.309,122.314,122.257,122.267,1433660000
CHFJPY,20210610,0600,122.265,122.280,122.179,122.181,2973230000
CHFJPY,20210610,0700,122.180,122.222,122.070,122.145,5321000000
CHFJPY,20210610,0800,122.147,122.233,122.131,122.157,2974560000
CHFJPY,20210610,0900,122.155,122.200,122.124,122.174,2798640000
CHFJPY,20210610,1000,122.173,122.262,122.137,122.216,2933490000
CHFJPY,20210610,1100,122.216,122.284,122.195,122.232,5312720000
CHFJPY,20210610,1200,122.233,122.503,121.939,122.390,15930250000
CHFJPY,20210610,1300,122.387,122.534,122.057,122.514,15605540000
CHFJPY,20210610,1400,122.512,122.517,122.227,122.331,10497050000
CHFJPY,20210610,1500,122.331,122.387,122.255,122.309,4991400000
CHFJPY,20210610,1600,122.308,122.317,122.206,122.283,2734580000
CHFJPY,20210610,1700,122.283,122.296,122.251,122.259,2209770000
CHFJPY,20210610,1800,122.263,122.308,122.257,122.273,1741430000
CHFJPY,20210610,1900,122.270,122.287,122.132,122.135,2191410000
CHFJPY,20210610,2000,122.135,122.207,122.135,122.188,1452770000
CHFJPY,20210610,2100,122.191,122.221,122.114,122.193,4619090000
CHFJPY,20210610,2200,122.191,122.240,122.153,122.235,1441900000
CHFJPY,20210610,2300,122.239,122.288,122.217,122.275,1174220000
CHFJPY,20210611,0000,122.275,122.355,122.249,122.328,3217740000
CHFJPY,20210611,0100,122.328,122.379,122.312,122.365,2666410000
CHFJPY,20210611,0200,122.362,122.424,122.336,122.420,2566720000
CHFJPY,20210611,0300,122.419,122.434,122.385,122.397,1320530000
CHFJPY,20210611,0400,122.400,122.417,122.386,122.402,1233270000
CHFJPY,20210611,0500,122.402,122.418,122.379,122.395,1723820000
CHFJPY,20210611,0600,122.396,122.474,122.314,122.348,3002210000
CHFJPY,20210611,0700,122.348,122.429,122.331,122.382,6110310000
CHFJPY,20210611,0800,122.378,122.378,122.228,122.302,7209720000
CHFJPY,20210611,0900,122.301,122.319,122.155,122.161,4355270000
CHFJPY,20210611,1000,122.161,122.210,122.115,122.126,4115930000
CHFJPY,20210611,1100,122.126,122.181,122.079,122.129,5683000000
CHFJPY,20210611,1200,122.127,122.234,122.085,122.156,5367040000
CHFJPY,20210611,1300,122.157,122.199,122.112,122.188,6441750000
CHFJPY,20210611,1400,122.188,122.192,122.036,122.099,8051520000
CHFJPY,20210611,1500,122.096,122.157,121.993,122.018,5488980000
CHFJPY,20210611,1600,122.017,122.037,121.966,121.979,2529760000
CHFJPY,20210611,1700,121.977,122.042,121.976,122.036,1554730000
CHFJPY,20210611,1800,122.036,122.060,122.008,122.038,1863560000
CHFJPY,20210611,1900,122.038,122.059,122.021,122.043,1244030000
CHFJPY,20210611,2000,122.041,122.145,122.023,122.104,1240020000
CHFJPY,20210613,2100,121.760,121.991,121.760,121.990,241570000
CHFJPY,20210613,2200,122.004,122.184,121.966,122.148,1790780000
CHFJPY,20210613,2300,122.153,122.193,122.121,122.187,2346400000
CHFJPY,20210614,0000,122.187,122.217,122.125,122.176,4287390000
CHFJPY,20210614,0100,122.171,122.176,122.099,122.103,3128500000
CHFJPY,20210614,0200,122.101,122.134,122.077,122.132,2267640000
CHFJPY,20210614,0300,122.130,122.140,122.101,122.126,1804670000
CHFJPY,20210614,0400,122.121,122.145,122.084,122.111,1771200000
CHFJPY,20210614,0500,122.111,122.124,122.073,122.111,1605140000
CHFJPY,20210614,0600,122.110,122.110,121.967,121.994,4190820000
CHFJPY,20210614,0700,121.995,122.065,121.851,122.005,6657110000
CHFJPY,20210614,0800,122.006,122.047,121.883,121.961,4478500000
CHFJPY,20210614,0900,121.962,122.013,121.915,121.971,3997750000
CHFJPY,20210614,1000,121.971,122.121,121.963,122.114,4190300000
CHFJPY,20210614,1100,122.111,122.169,122.073,122.160,4151620000
CHFJPY,20210614,1200,122.163,122.183,122.026,122.120,5412670000
CHFJPY,20210614,1300,122.120,122.261,122.102,122.205,9442960000
CHFJPY,20210614,1400,122.206,122.355,122.160,122.312,6765340000
CHFJPY,20210614,1500,122.316,122.340,122.280,122.308,4268540000
CHFJPY,20210614,1600,122.308,122.356,122.289,122.318,1528270000
CHFJPY,20210614,1700,122.317,122.333,122.293,122.313,1339530000
CHFJPY,20210614,1800,122.313,122.332,122.286,122.318,1459580000
CHFJPY,20210614,1900,122.316,122.357,122.304,122.341,1258790000
CHFJPY,20210614,2000,122.345,122.383,122.279,122.279,1313620000
CHFJPY,20210614,2100,122.213,122.339,122.213,122.306,537220000
CHFJPY,20210614,2200,122.306,122.376,122.303,122.337,1044320000
CHFJPY,20210614,2300,122.340,122.372,122.337,122.346,875350000
CHFJPY,20210615,0000,122.347,122.405,122.326,122.391,3357580000
CHFJPY,20210615,0100,122.390,122.397,122.306,122.353,2929090000
CHFJPY,20210615,0200,122.350,122.413,122.332,122.408,2208780000
CHFJPY,20210615,0300,122.405,122.408,122.358,122.387,1512890000
CHFJPY,20210615,0400,122.388,122.405,122.362,122.394,1613200000
CHFJPY,20210615,0500,122.393,122.410,122.358,122.362,1161840000
CHFJPY,20210615,0600,122.364,122.557,122.350,122.520,4586760000
CHFJPY,20210615,0700,122.518,122.700,122.466,122.681,5538360000
CHFJPY,20210615,0800,122.678,122.766,122.624,122.656,4407220000
CHFJPY,20210615,0900,122.655,122.656,122.522,122.583,4258680000
CHFJPY,20210615,1000,122.583,122.602,122.397,122.435,4185070000
CHFJPY,20210615,1100,122.432,122.438,122.278,122.335,4486690000
CHFJPY,20210615,1200,122.334,122.363,122.263,122.336,6163410000
CHFJPY,20210615,1300,122.334,122.547,122.279,122.466,7866870000
CHFJPY,20210615,1400,122.467,122.572,122.463,122.508,7043660000
CHFJPY,20210615,1500,122.507,122.596,122.500,122.553,3104810000
CHFJPY,20210615,1600,122.551,122.574,122.501,122.506,1530770000
CHFJPY,20210615,1700,122.505,122.582,122.504,122.562,1599210000
CHFJPY,20210615,1800,122.564,122.588,122.530,122.536,1441310000
CHFJPY,20210615,1900,122.534,122.536,122.494,122.499,968160000
CHFJPY,20210615,2000,122.499,122.520,122.485,122.485,741990000
CHFJPY,20210615,2100,122.484,122.536,122.335,122.451,1459270000
CHFJPY,20210615,2200,122.468,122.527,122.467,122.488,877130000
CHFJPY,20210615,2300,122.486,122.529,122.483,122.498,1481690000
CHFJPY,20210616,0000,122.498,122.581,122.489,122.551,2390060000
CHFJPY,20210616,0100,122.550,122.558,122.460,122.479,2052430000
CHFJPY,20210616,0200,122.478,122.499,122.454,122.458,1698450000
CHFJPY,20210616,0300,122.460,122.490,122.456,122.478,897020000
CHFJPY,20210616,0400,122.478,122.491,122.454,122.468,1633070000
CHFJPY,20210616,0500,122.471,122.511,122.465,122.511,1449160000
CHFJPY,20210616,0600,122.512,122.538,122.447,122.500,3501290000
CHFJPY,20210616,0700,122.498,122.501,122.351,122.440,5758440000
CHFJPY,20210616,0800,122.439,122.468,122.348,122.395,4277930000
CHFJPY,20210616,0900,122.394,122.404,122.280,122.330,3240820000
CHFJPY,20210616,1000,122.330,122.351,122.235,122.267,3204380000
CHFJPY,20210616,1100,122.267,122.310,122.205,122.228,3212480000
CHFJPY,20210616,1200,122.230,122.281,122.121,122.135,5272900000
CHFJPY,20210616,1300,122.136,122.199,122.083,122.142,5472010000
CHFJPY,20210616,1400,122.143,122.307,122.140,122.294,5753150000
CHFJPY,20210616,1500,122.294,122.340,122.189,122.253,3264900000
CHFJPY,20210616,1600,122.253,122.266,122.211,122.252,2668720000
CHFJPY,20210616,1700,122.252,122.259,122.195,122.200,1658160000
CHFJPY,20210616,1800,122.200,122.219,121.818,121.932,26540680000
CHFJPY,20210616,1900,121.931,121.997,121.787,121.817,9936860000
CHFJPY,20210616,2000,121.818,121.912,121.804,121.813,3772490000
CHFJPY,20210616,2100,121.813,121.815,121.680,121.754,3322820000
CHFJPY,20210616,2200,121.747,121.865,121.747,121.828,1975570000
CHFJPY,20210616,2300,121.835,121.899,121.807,121.890,3090500000
CHFJPY,20210617,0000,121.892,121.932,121.822,121.827,6333420000
CHFJPY,20210617,0100,121.827,121.902,121.795,121.871,5241050000
CHFJPY,20210617,0200,121.871,121.892,121.819,121.839,3255870000
CHFJPY,20210617,0300,121.839,121.879,121.829,121.841,2154950000
CHFJPY,20210617,0400,121.841,121.875,121.790,121.838,2195230000
CHFJPY,20210617,0500,121.837,121.886,121.798,121.804,2282410000
CHFJPY,20210617,0600,121.799,121.813,121.549,121.563,8788790000
CHFJPY,20210617,0700,121.566,121.570,121.141,121.239,9899250000
CHFJPY,20210617,0800,121.236,121.262,121.046,121.100,9426030000
CHFJPY,20210617,0900,121.098,121.212,120.980,121.025,6665760000
CHFJPY,20210617,1000,121.023,121.062,120.941,120.990,7222540000
CHFJPY,20210617,1100,120.991,121.021,120.929,120.950,6470290000
CHFJPY,20210617,1200,120.947,120.956,120.710,120.740,9978720000
CHFJPY,20210617,1300,120.742,120.897,120.583,120.587,9627270000
CHFJPY,20210617,1400,120.584,120.634,120.400,120.440,11432540000
CHFJPY,20210617,1500,120.441,120.483,120.160,120.194,8903640000
CHFJPY,20210617,1600,120.195,120.247,119.931,120.072,5882640000
CHFJPY,20210617,1700,120.075,120.227,120.057,120.159,4356930000
CHFJPY,20210617,1800,120.164,120.251,120.153,120.178,3880030000
CHFJPY,20210617,1900,120.179,120.213,120.122,120.124,3060310000
CHFJPY,20210617,2000,120.126,120.164,120.031,120.031,2117610000
CHFJPY,20210617,2100,120.055,120.131,120.038,120.121,1265470000
CHFJPY,20210617,2200,120.083,120.189,120.082,120.169,1475030000
CHFJPY,20210617,2300,120.169,120.213,120.141,120.210,3314670000
CHFJPY,20210618,0000,120.208,120.215,120.076,120.118,8409770000
CHFJPY,20210618,0100,120.118,120.149,120.069,120.089,4701130000
CHFJPY,20210618,0200,120.091,120.165,120.078,120.139,3229560000
CHFJPY,20210618,0300,120.142,120.186,120.136,120.171,2441880000
CHFJPY,20210618,0400,120.171,120.171,120.091,120.098,2073550000
CHFJPY,20210618,0500,120.098,120.110,119.818,119.888,5305650000
CHFJPY,20210618,0600,119.888,119.918,119.697,119.764,7762490000
CHFJPY,20210618,0700,119.762,119.987,119.740,119.858,10666210000
CHFJPY,20210618,0800,119.860,119.984,119.837,119.892,8581170000
CHFJPY,20210618,0900,119.892,120.024,119.844,119.904,7725600000
CHFJPY,20210618,1000,119.903,119.965,119.797,119.803,6173250000
CHFJPY,20210618,1100,119.804,119.900,119.767,119.853,4927880000
CHFJPY,20210618,1200,119.854,119.927,119.581,119.808,15103560000
CHFJPY,20210618,1300,119.808,119.808,119.597,119.755,13716580000
CHFJPY,20210618,1400,119.752,119.809,119.405,119.438,16842280000
CHFJPY,20210618,1500,119.438,119.633,119.437,119.592,10699030000
CHFJPY,20210618,1600,119.591,119.657,119.568,119.601,4060990000
CHFJPY,20210618,1700,119.600,119.632,119.535,119.547,3291920000
CHFJPY,20210618,1800,119.548,119.575,119.477,119.480,4016820000
CHFJPY,20210618,1900,119.482,119.514,119.420,119.430,2697950000
CHFJPY,20210618,2000,119.429,119.450,119.278,119.379,2312520000
CHFJPY,20210620,2100,119.231,119.425,119.204,119.395,400970000
CHFJPY,20210620,2200,119.489,119.489,119.357,119.449,2286540000
CHFJPY,20210620,2300,119.447,119.492,119.429,119.450,2216700000
CHFJPY,20210621,0000,119.451,119.563,119.421,119.547,5791950000
CHFJPY,20210621,0100,119.548,119.562,119.355,119.361,5335820000
CHFJPY,20210621,0200,119.356,119.375,119.271,119.308,5454850000
CHFJPY,20210621,0300,119.306,119.308,118.916,118.987,8776660000
CHFJPY,20210621,0400,118.987,119.047,118.865,118.976,4664310000
CHFJPY,20210621,0500,118.975,119.126,118.958,119.123,3039590000
CHFJPY,20210621,0600,119.124,119.341,119.078,119.222,7387670000
CHFJPY,20210621,0700,119.223,119.448,119.038,119.388,10828370000
CHFJPY,20210621,0800,119.388,119.470,119.314,119.362,9372150000
CHFJPY,20210621,0900,119.363,119.578,119.321,119.520,8427010000
CHFJPY,20210621,1000,119.523,119.576,119.470,119.556,7462380000
CHFJPY,20210621,1100,119.556,119.618,119.484,119.552,7253630000
CHFJPY,20210621,1200,119.551,119.585,119.471,119.574,9044640000
CHFJPY,20210621,1300,119.578,119.887,119.569,119.808,10034450000
CHFJPY,20210621,1400,119.806,120.075,119.799,119.956,10916410000
CHFJPY,20210621,1500,119.956,120.011,119.918,119.983,6875430000
CHFJPY,20210621,1600,119.983,120.013,119.932,119.995,2980260000
CHFJPY,20210621,1700,119.993,120.091,119.993,120.070,3524830000
CHFJPY,20210621,1800,120.071,120.102,120.045,120.067,2350030000
CHFJPY,20210621,1900,120.067,120.176,120.051,120.172,2334060000
CHFJPY,20210621,2000,120.172,120.187,120.110,120.110,2175920000
CHFJPY,20210621,2100,120.136,120.182,120.108,120.109,732440000
CHFJPY,20210621,2200,120.108,120.165,120.108,120.132,1156400000
CHFJPY,20210621,2300,120.132,120.207,120.100,120.144,1731920000
CHFJPY,20210622,0000,120.143,120.158,119.911,119.974,3782100000
CHFJPY,20210622,0100,119.974,119.992,119.903,119.992,2641900000
CHFJPY,20210622,0200,119.992,120.125,119.992,120.043,3397470000
CHFJPY,20210622,0300,120.043,120.174,120.039,120.130,2375110000
CHFJPY,20210622,0400,120.130,120.135,120.080,120.088,1352430000
CHFJPY,20210622,0500,120.087,120.090,119.940,119.983,2292800000
CHFJPY,20210622,0600,119.980,120.079,119.969,120.012,6015260000
CHFJPY,20210622,0700,120.013,120.211,119.985,120.172,8784010000
CHFJPY,20210622,0800,120.173,120.176,120.026,120.087,6941220000
CHFJPY,20210622,0900,120.086,120.121,119.877,119.886,6348040000
CHFJPY,20210622,1000,119.887,120.029,119.875,120.020,4271800000
CHFJPY,20210622,1100,120.019,120.165,119.988,120.106,5415940000
CHFJPY,20210622,1200,120.105,120.263,120.079,120.253,7621300000
CHFJPY,20210622,1300,120.257,120.383,120.217,120.301,9375900000
CHFJPY,20210622,1400,120.300,120.421,120.258,120.287,9620200000
CHFJPY,20210622,1500,120.288,120.401,120.243,120.371,6073780000
CHFJPY,20210622,1600,120.371,120.521,120.312,120.506,3848180000
CHFJPY,20210622,1700,120.507,120.551,120.484,120.514,3173260000
CHFJPY,20210622,1800,120.515,120.567,120.437,120.438,3081290000
CHFJPY,20210622,1900,120.439,120.576,120.439,120.477,2819420000
CHFJPY,20210622,2000,120.480,120.532,120.462,120.482,1262660000
CHFJPY,20210622,2100,120.446,120.491,120.409,120.474,553050000
CHFJPY,20210622,2200,120.474,120.522,120.420,120.468,838970000
CHFJPY,20210622,2300,120.468,120.493,120.427,120.443,3044430000
CHFJPY,20210623,0000,120.447,120.549,120.437,120.485,4187530000
CHFJPY,20210623,0100,120.486,120.557,120.455,120.494,4773330000
CHFJPY,20210623,0200,120.495,120.497,120.415,120.425,2810960000
CHFJPY,20210623,0300,120.425,120.483,120.413,120.453,1771950000
CHFJPY,20210623,0400,120.451,120.489,120.441,120.453,1853430000
CHFJPY,20210623,0500,120.454,120.566,120.443,120.507,2271250000
CHFJPY,20210623,0600,120.508,120.744,120.494,120.692,5782940000
CHFJPY,20210623,0700,120.691,120.798,120.610,120.770,8384990000
CHFJPY,20210623,0800,120.771,120.838,120.700,120.718,6157490000
CHFJPY,20210623,0900,120.718,120.832,120.674,120.832,4633290000
CHFJPY,20210623,1000,120.833,120.984,120.826,120.908,6716080000
CHFJPY,20210623,1100,120.907,120.952,120.626,120.761,8012370000
CHFJPY,20210623,1200,120.761,120.904,120.693,120.867,7227560000
CHFJPY,20210623,1300,120.867,120.977,120.835,120.912,9718100000
CHFJPY,20210623,1400,120.910,120.930,120.742,120.841,8026950000
CHFJPY,20210623,1500,120.843,120.895,120.809,120.888,5180900000
CHFJPY,20210623,1600,120.888,120.901,120.777,120.806,3548590000
CHFJPY,20210623,1700,120.808,120.846,120.786,120.843,2901850000
CHFJPY,20210623,1800,120.841,120.893,120.814,120.831,2466410000
CHFJPY,20210623,1900,120.826,120.830,120.731,120.759,2442720000
CHFJPY,20210623,2000,120.759,120.856,120.735,120.735,1822380000
CHFJPY,20210623,2100,120.730,120.843,120.730,120.831,5975790000
CHFJPY,20210623,2200,120.831,120.880,120.817,120.845,639760000
CHFJPY,20210623,2300,120.844,120.895,120.834,120.888,2316690000
CHFJPY,20210624,0000,120.890,120.984,120.820,120.884,4422020000
CHFJPY,20210624,0100,120.887,120.899,120.736,120.754,4085910000
CHFJPY,20210624,0200,120.756,120.780,120.719,120.766,2820800000
CHFJPY,20210624,0300,120.764,120.780,120.716,120.733,1860240000
CHFJPY,20210624,0400,120.732,120.750,120.673,120.689,1751510000
CHFJPY,20210624,0500,120.689,120.690,120.520,120.595,2571170000
CHFJPY,20210624,0600,120.592,120.708,120.534,120.702,5192170000
CHFJPY,20210624,0700,120.702,120.743,120.524,120.563,6558910000
CHFJPY,20210624,0800,120.562,120.640,120.491,120.523,7195230000
CHFJPY,20210624,0900,120.520,120.755,120.516,120.693,5046620000
CHFJPY,20210624,1000,120.693,120.711,120.608,120.647,5314890000
CHFJPY,20210624,1100,120.648,120.667,120.550,120.577,7361250000
CHFJPY,20210624,1200,120.579,120.690,120.483,120.682,7954410000
CHFJPY,20210624,1300,120.683,120.697,120.596,120.635,8545440000
CHFJPY,20210624,1400,120.636,120.683,120.563,120.598,7261170000
CHFJPY,20210624,1500,120.597,120.729,120.586,120.681,5425900000
CHFJPY,20210624,1600,120.683,120.749,120.669,120.705,2619840000
CHFJPY,20210624,1700,120.705,120.775,120.703,120.730,2668250000
CHFJPY,20210624,1800,120.728,120.746,120.698,120.711,2820770000
CHFJPY,20210624,1900,120.710,120.738,120.690,120.714,1894920000
CHFJPY,20210624,2000,120.714,120.797,120.711,120.751,1665240000
CHFJPY,20210624,2100,120.714,120.764,120.647,120.692,1075740000
CHFJPY,20210624,2200,120.710,120.786,120.710,120.769,911760000
CHFJPY,20210624,2300,120.767,120.829,120.766,120.798,2764430000
CHFJPY,20210625,0000,120.799,120.894,120.779,120.835,7250290000
CHFJPY,20210625,0100,120.835,120.920,120.813,120.899,3941660000
CHFJPY,20210625,0200,120.900,120.910,120.806,120.812,3446260000
CHFJPY,20210625,0300,120.813,120.835,120.798,120.805,1580320000
CHFJPY,20210625,0400,120.805,120.820,120.770,120.788,2325100000
CHFJPY,20210625,0500,120.790,120.799,120.747,120.768,2252180000
CHFJPY,20210625,0600,120.768,120.835,120.721,120.738,3921630000
CHFJPY,20210625,0700,120.736,120.774,120.642,120.737,6166150000
CHFJPY,20210625,0800,120.736,120.790,120.669,120.773,5281910000
CHFJPY,20210625,0900,120.772,120.822,120.705,120.817,4963180000
CHFJPY,20210625,1000,120.819,120.837,120.742,120.809,4099870000
CHFJPY,20210625,1100,120.808,120.822,120.662,120.686,4358190000
CHFJPY,20210625,1200,120.685,120.774,120.599,120.628,9214950000
CHFJPY,20210625,1300,120.627,120.946,120.623,120.875,7859920000
CHFJPY,20210625,1400,120.875,120.905,120.786,120.877,9297760000
CHFJPY,20210625,1500,120.881,120.912,120.697,120.727,7215660000
CHFJPY,20210625,1600,120.727,120.812,120.720,120.812,2237710000
CHFJPY,20210625,1700,120.817,120.821,120.764,120.789,2163700000
CHFJPY,20210625,1800,120.792,120.798,120.716,120.742,1848660000
CHFJPY,20210625,1900,120.743,120.821,120.737,120.812,1640950000
CHFJPY,20210625,2000,120.814,120.851,120.782,120.782,1208300000
CHFJPY,20210627,2100,120.544,120.676,120.450,120.595,203770000
CHFJPY,20210627,2200,120.760,120.841,120.755,120.824,865670000
CHFJPY,20210627,2300,120.821,120.892,120.813,120.872,3905780000
CHFJPY,20210628,0000,120.872,120.874,120.610,120.662,4160050000
CHFJPY,20210628,0100,120.661,120.671,120.459,120.493,4483190000
CHFJPY,20210628,0200,120.492,120.534,120.431,120.514,2240210000
CHFJPY,20210628,0300,120.515,120.518,120.457,120.457,1609950000
CHFJPY,20210628,0400,120.457,120.487,120.436,120.447,1566110000
CHFJPY,20210628,0500,120.447,120.502,120.409,120.480,1598680000
CHFJPY,20210628,0600,120.480,120.582,120.471,120.565,5562170000
CHFJPY,20210628,0700,120.567,120.619,120.492,120.595,6778940000
CHFJPY,20210628,0800,120.596,120.635,120.442,120.614,7277490000
CHFJPY,20210628,0900,120.615,120.635,120.533,120.568,4949760000
CHFJPY,20210628,1000,120.569,120.630,120.548,120.607,4770430000
CHFJPY,20210628,1100,120.608,120.619,120.399,120.429,6857160000
CHFJPY,20210628,1200,120.429,120.501,120.409,120.484,7203180000
CHFJPY,20210628,1300,120.486,120.576,120.418,120.482,7471790000
CHFJPY,20210628,1400,120.481,120.543,120.328,120.334,7816990000
CHFJPY,20210628,1500,120.334,120.406,120.201,120.314,5694120000
CHFJPY,20210628,1600,120.315,120.315,120.226,120.245,2715470000
CHFJPY,20210628,1700,120.246,120.260,120.187,120.201,2059380000
CHFJPY,20210628,1800,120.201,120.261,120.171,120.172,1626420000
CHFJPY,20210628,1900,120.172,120.280,120.172,120.270,1329480000
CHFJPY,20210628,2000,120.271,120.280,120.222,120.261,950460000
CHFJPY,20210628,2100,120.253,120.253,120.203,120.217,853690000
CHFJPY,20210628,2200,120.218,120.250,120.206,120.234,906320000
CHFJPY,20210628,2300,120.235,120.269,120.227,120.265,882840000
CHFJPY,20210629,0000,120.266,120.283,120.080,120.095,3394830000
CHFJPY,20210629,0100,120.094,120.129,120.032,120.091,3320190000
CHFJPY,20210629,0200,120.087,120.092,120.027,120.088,2231220000
CHFJPY,20210629,0300,120.088,120.104,120.010,120.058,1944470000
CHFJPY,20210629,0400,120.059,120.168,120.056,120.148,1564220000
CHFJPY,20210629,0500,120.147,120.227,120.126,120.209,1484850000
CHFJPY,20210629,0600,120.209,120.342,120.178,120.293,3717650000
CHFJPY,20210629,0700,120.295,120.315,120.191,120.274,7058140000
CHFJPY,20210629,0800,120.275,120.321,120.069,120.069,6998930000
CHFJPY,20210629,0900,120.070,120.211,120.070,120.127,5465260000
CHFJPY,20210629,1000,120.126,120.156,120.012,120.081,4644020000
CHFJPY,20210629,1100,120.082,120.092,119.917,119.947,6134770000
CHFJPY,20210629,1200,119.946,120.024,119.902,119.943,9956280000
CHFJPY,20210629,1300,119.943,120.006,119.858,119.995,7988880000
CHFJPY,20210629,1400,119.995,120.049,119.805,120.000,8866040000
CHFJPY,20210629,1500,119.998,120.150,119.961,120.143,4970700000
CHFJPY,20210629,1600,120.141,120.141,120.017,120.025,2437630000
CHFJPY,20210629,1700,120.023,120.048,119.964,119.976,1296310000
CHFJPY,20210629,1800,119.977,120.035,119.961,119.976,1411210000
CHFJPY,20210629,1900,119.975,120.050,119.953,120.042,1350060000
CHFJPY,20210629,2000,120.042,120.078,119.969,119.971,1179330000
CHFJPY,20210629,2100,119.905,120.045,119.855,120.012,1503310000
CHFJPY,20210629,2200,120.012,120.029,119.969,119.991,1395940000
CHFJPY,20210629,2300,119.989,120.029,119.987,120.015,838170000
CHFJPY,20210630,0000,120.014,120.081,119.974,120.020,3315800000
CHFJPY,20210630,0100,120.022,120.033,119.914,119.981,3514290000
CHFJPY,20210630,0200,119.980,120.011,119.935,119.972,1838050000
CHFJPY,20210630,0300,119.971,119.973,119.896,119.924,1991950000
CHFJPY,20210630,0400,119.923,119.936,119.898,119.919,1975780000
CHFJPY,20210630,0500,119.918,119.928,119.818,119.845,1833810000
CHFJPY,20210630,0600,119.845,120.003,119.813,119.991,3690520000
CHFJPY,20210630,0700,119.990,119.996,119.789,119.898,6665240000
CHFJPY,20210630,0800,119.899,119.913,119.658,119.692,6669960000
CHFJPY,20210630,0900,119.692,119.823,119.691,119.818,5799140000
CHFJPY,20210630,1000,119.818,119.821,119.686,119.714,5331650000
CHFJPY,20210630,1100,119.716,119.773,119.627,119.760,4696630000
CHFJPY,20210630,1200,119.759,119.789,119.640,119.721,8816790000
CHFJPY,20210630,1300,119.722,119.825,119.682,119.804,10076680000
CHFJPY,20210630,1400,119.804,120.086,119.699,120.071,12650850000
CHFJPY,20210630,1500,120.068,120.108,119.954,119.995,9093540000
CHFJPY,20210630,1600,119.995,120.051,119.955,120.028,3723860000
CHFJPY,20210630,1700,120.029,120.047,119.988,120.012,2634840000
CHFJPY,20210630,1800,120.012,120.023,119.943,119.952,2338960000
CHFJPY,20210630,1900,119.951,120.067,119.945,120.048,2402970000
CHFJPY,20210630,2000,120.046,120.123,120.041,120.070,1689270000
CHFJPY,20210630,2100,120.071,120.103,119.975,120.044,1560490000
CHFJPY,20210630,2200,120.041,120.097,120.041,120.074,1464170000
CHFJPY,20210630,2300,120.073,120.128,120.070,120.119,981940000
CHFJPY,20210701,0000,120.119,120.127,119.965,119.989,3474650000
CHFJPY,20210701,0100,119.987,119.999,119.928,119.966,2706330000
CHFJPY,20210701,0200,119.964,119.975,119.914,119.975,1269880000
CHFJPY,20210701,0300,119.974,120.018,119.965,120.016,1269760000
CHFJPY,20210701,0400,120.016,120.032,119.978,120.000,1134810000
CHFJPY,20210701,0500,120.001,120.035,119.956,120.010,2373400000
CHFJPY,20210701,0600,120.011,120.234,119.996,120.189,6736370000
CHFJPY,20210701,0700,120.187,120.283,120.103,120.119,9524880000
CHFJPY,20210701,0800,120.120,120.221,120.096,120.215,8486340000
CHFJPY,20210701,0900,120.215,120.471,120.143,120.462,7271620000
CHFJPY,20210701,1000,120.459,120.606,120.413,120.482,8357180000
CHFJPY,20210701,1100,120.482,120.525,120.371,120.504,7813560000
CHFJPY,20210701,1200,120.505,120.555,120.410,120.525,7607980000
CHFJPY,20210701,1300,120.524,120.602,120.478,120.534,9339320000
CHFJPY,20210701,1400,120.534,120.681,120.463,120.641,13251880000
CHFJPY,20210701,1500,120.639,120.668,120.531,120.560,8985480000
CHFJPY,20210701,1600,120.561,120.574,120.469,120.507,3612060000
CHFJPY,20210701,1700,120.506,120.581,120.505,120.552,2521530000
CHFJPY,20210701,1800,120.551,120.567,120.475,120.477,3007800000
CHFJPY,20210701,1900,120.477,120.500,120.449,120.483,1885650000
CHFJPY,20210701,2000,120.484,120.522,120.473,120.476,1264910000
CHFJPY,20210701,2100,120.446,120.505,120.422,120.471,1630040000
CHFJPY,20210701,2200,120.468,120.517,120.457,120.460,1616470000
CHFJPY,20210701,2300,120.461,120.492,120.449,120.489,855600000
CHFJPY,20210702,0000,120.488,120.581,120.451,120.572,3180390000
CHFJPY,20210702,0100,120.572,120.582,120.475,120.476,4090540000
CHFJPY,20210702,0200,120.476,120.521,120.434,120.438,2634930000
CHFJPY,20210702,0300,120.439,120.479,120.425,120.464,1652020000
CHFJPY,20210702,0400,120.463,120.478,120.440,120.470,1296860000
CHFJPY,20210702,0500,120.470,120.523,120.470,120.498,1299920000
CHFJPY,20210702,0600,120.497,120.527,120.454,120.506,4489780000
CHFJPY,20210702,0700,120.506,120.508,120.303,120.312,7201940000
CHFJPY,20210702,0800,120.313,120.370,120.251,120.360,7590380000
CHFJPY,20210702,0900,120.356,120.381,120.245,120.289,5434890000
CHFJPY,20210702,1000,120.289,120.480,120.283,120.437,5889230000
CHFJPY,20210702,1100,120.437,120.513,120.359,120.406,6279250000
CHFJPY,20210702,1200,120.406,120.655,120.309,120.523,15954490000
CHFJPY,20210702,1300,120.526,120.562,120.262,120.391,15236600000
CHFJPY,20210702,1400,120.391,120.539,120.348,120.521,12013750000
CHFJPY,20210702,1500,120.522,120.648,120.506,120.627,6877910000
CHFJPY,20210702,1600,120.628,120.672,120.514,120.549,3620620000
CHFJPY,20210702,1700,120.547,120.658,120.517,120.594,4150990000
CHFJPY,20210702,1800,120.594,120.661,120.567,120.619,3656680000
CHFJPY,20210702,1900,120.617,120.648,120.558,120.576,1542830000
CHFJPY,20210702,2000,120.576,120.616,120.507,120.514,1211190000
CHFJPY,20210704,2100,120.332,120.488,120.196,120.407,114260000
CHFJPY,20210704,2200,120.418,120.601,120.367,120.595,1203580000
CHFJPY,20210704,2300,120.592,120.614,120.555,120.562,4399220000
CHFJPY,20210705,0000,120.564,120.599,120.491,120.525,3500530000
CHFJPY,20210705,0100,120.528,120.558,120.480,120.481,2585150000
CHFJPY,20210705,0200,120.479,120.492,120.418,120.426,1364550000
CHFJPY,20210705,0300,120.424,120.482,120.424,120.454,1495810000
CHFJPY,20210705,0400,120.455,120.506,120.453,120.504,1099430000
CHFJPY,20210705,0500,120.502,120.528,120.485,120.488,972120000
CHFJPY,20210705,0600,120.488,120.501,120.326,120.339,4165430000
CHFJPY,20210705,0700,120.340,120.402,120.260,120.341,5933030000
CHFJPY,20210705,0800,120.341,120.342,120.268,120.319,4640980000
CHFJPY,20210705,0900,120.318,120.383,120.294,120.327,5347510000
CHFJPY,20210705,1000,120.329,120.379,120.272,120.357,3333210000
CHFJPY,20210705,1100,120.357,120.375,120.279,120.308,3610170000
CHFJPY,20210705,1200,120.307,120.390,120.273,120.358,3852230000
CHFJPY,20210705,1300,120.359,120.364,120.298,120.325,3712330000
CHFJPY,20210705,1400,120.323,120.344,120.238,120.324,3946460000
CHFJPY,20210705,1500,120.325,120.354,120.246,120.293,3129010000
CHFJPY,20210705,1600,120.293,120.316,120.239,120.280,1554980000
CHFJPY,20210705,1700,120.280,120.331,120.243,120.279,18633100000
CHFJPY,20210705,1800,120.278,120.294,120.247,120.261,6576690000
CHFJPY,20210705,1900,120.260,120.348,120.233,120.280,10023930000
CHFJPY,20210705,2000,120.281,120.323,120.200,120.241,6125570000
CHFJPY,20210705,2100,120.123,120.322,120.123,120.241,227180000
CHFJPY,20210705,2200,120.253,120.337,120.198,120.303,1103660000
CHFJPY,20210705,2300,120.300,120.317,120.254,120.255,1200260000
CHFJPY,20210706,0000,120.253,120.276,120.180,120.233,3532690000
CHFJPY,20210706,0100,120.233,120.248,120.147,120.192,2547260000
CHFJPY,20210706,0200,120.191,120.357,120.182,120.354,2035730000
CHFJPY,20210706,0300,120.353,120.422,120.353,120.371,1887090000
CHFJPY,20210706,0400,120.371,120.373,120.314,120.341,1950300000
CHFJPY,20210706,0500,120.339,120.391,120.308,120.391,1696580000
CHFJPY,20210706,0600,120.389,120.495,120.376,120.455,5101370000
CHFJPY,20210706,0700,120.455,120.481,120.217,120.226,6953450000
CHFJPY,20210706,0800,120.226,120.232,119.963,119.973,9750700000
CHFJPY,20210706,0900,119.971,120.029,119.864,119.951,7259500000
CHFJPY,20210706,1000,119.949,120.045,119.923,119.939,5163470000
CHFJPY,20210706,1100,119.939,120.003,119.844,119.876,6046770000
CHFJPY,20210706,1200,119.876,119.930,119.827,119.865,8054860000
CHFJPY,20210706,1300,119.864,119.967,119.781,119.922,12652790000
CHFJPY,20210706,1400,119.922,119.942,119.580,119.690,14892850000
CHFJPY,20210706,1500,119.691,119.758,119.596,119.705,9734050000
CHFJPY,20210706,1600,119.700,119.700,119.566,119.614,5219160000
CHFJPY,20210706,1700,119.613,119.716,119.592,119.704,3004110000
CHFJPY,20210706,1800,119.703,119.729,119.601,119.601,2404640000
CHFJPY,20210706,1900,119.602,119.700,119.602,119.649,1911160000
CHFJPY,20210706,2000,119.649,119.677,119.623,119.623,1374570000
CHFJPY,20210706,2100,119.551,119.637,119.502,119.513,628130000
CHFJPY,20210706,2200,119.581,119.663,119.581,119.649,1010460000
CHFJPY,20210706,2300,119.647,119.674,119.557,119.596,2687580000
CHFJPY,20210707,0000,119.596,119.596,119.421,119.430,6256250000
CHFJPY,20210707,0100,119.429,119.507,119.388,119.491,4281730000
CHFJPY,20210707,0200,119.491,119.630,119.490,119.615,2195200000
CHFJPY,20210707,0300,119.615,119.718,119.588,119.710,1989860000
CHFJPY,20210707,0400,119.712,119.767,119.567,119.645,2440490000
CHFJPY,20210707,0500,119.646,119.786,119.617,119.766,2392160000
CHFJPY,20210707,0600,119.767,119.885,119.725,119.853,5965490000
CHFJPY,20210707,0700,119.852,119.893,119.729,119.845,8655200000
CHFJPY,20210707,0800,119.847,119.989,119.841,119.951,7501700000
CHFJPY,20210707,0900,119.947,120.025,119.894,119.999,6172140000
CHFJPY,20210707,1000,120.000,120.035,119.869,119.880,5924260000
CHFJPY,20210707,1100,119.880,119.912,119.786,119.837,5738480000
CHFJPY,20210707,1200,119.837,119.898,119.610,119.674,10075200000
CHFJPY,20210707,1300,119.675,119.804,119.638,119.710,11247690000
CHFJPY,20210707,1400,119.713,119.735,119.480,119.572,12724260000
CHFJPY,20210707,1500,119.571,119.625,119.483,119.552,6837670000
CHFJPY,20210707,1600,119.551,119.599,119.509,119.567,3405710000
CHFJPY,20210707,1700,119.564,119.627,119.561,119.573,2360310000
CHFJPY,20210707,1800,119.573,119.655,119.527,119.574,8073680000
CHFJPY,20210707,1900,119.573,119.589,119.476,119.510,3233130000
CHFJPY,20210707,2000,119.510,119.521,119.469,119.475,1758670000
CHFJPY,20210707,2100,119.616,119.618,119.366,119.416,1541040000
CHFJPY,20210707,2200,119.457,119.572,119.438,119.524,1153390000
CHFJPY,20210707,2300,119.527,119.534,119.495,119.507,964900000
CHFJPY,20210708,0000,119.506,119.534,119.375,119.383,3137320000
CHFJPY,20210708,0100,119.383,119.425,119.295,119.319,4009470000
CHFJPY,20210708,0200,119.316,119.456,119.258,119.455,3450650000
CHFJPY,20210708,0300,119.455,119.516,119.434,119.459,1919840000
CHFJPY,20210708,0400,119.458,119.463,119.411,119.440,1703730000
CHFJPY,20210708,0500,119.443,119.445,119.204,119.271,4690820000
CHFJPY,20210708,0600,119.272,119.324,119.082,119.110,8726370000
CHFJPY,20210708,0700,119.113,119.330,118.992,119.309,16409250000
CHFJPY,20210708,0800,119.309,119.722,119.280,119.698,14295990000
CHFJPY,20210708,0900,119.700,119.909,119.699,119.781,8930010000
CHFJPY,20210708,1000,119.775,119.855,119.623,119.709,9608840000
CHFJPY,20210708,1100,119.708,119.806,119.605,119.658,9221770000
CHFJPY,20210708,1200,119.655,119.877,119.616,119.710,12487100000
CHFJPY,20210708,1300,119.708,119.889,119.687,119.813,13585820000
CHFJPY,20210708,1400,119.813,119.929,119.699,119.885,15205480000
CHFJPY,20210708,1500,119.884,120.047,119.864,119.963,10960610000
CHFJPY,20210708,1600,119.962,119.982,119.918,119.933,3232940000
CHFJPY,20210708,1700,119.935,119.944,119.869,119.904,2816310000
CHFJPY,20210708,1800,119.905,119.908,119.838,119.895,3000360000
CHFJPY,20210708,1900,119.893,119.984,119.893,119.984,2918340000
CHFJPY,20210708,2000,119.981,120.002,119.934,119.941,1743220000
CHFJPY,20210708,2100,119.768,119.972,119.765,119.908,644200000
CHFJPY,20210708,2200,119.908,120.026,119.908,119.975,808120000
CHFJPY,20210708,2300,119.974,120.056,119.974,120.021,1720870000
CHFJPY,20210709,0000,120.022,120.088,119.999,120.034,5125970000
CHFJPY,20210709,0100,120.036,120.070,119.905,119.944,3874200000
CHFJPY,20210709,0200,119.945,120.058,119.922,120.027,2690840000
CHFJPY,20210709,0300,120.026,120.087,120.003,120.067,2904450000
CHFJPY,20210709,0400,120.067,120.143,120.040,120.106,3019920000
CHFJPY,20210709,0500,120.109,120.214,120.068,120.111,3317960000
CHFJPY,20210709,0600,120.109,120.165,119.977,120.124,7168550000
CHFJPY,20210709,0700,120.123,120.270,120.019,120.223,9775790000
CHFJPY,20210709,0800,120.222,120.311,120.162,120.236,8544370000
CHFJPY,20210709,0900,120.237,120.328,120.189,120.311,7873970000
CHFJPY,20210709,1000,120.311,120.326,120.175,120.272,7266180000
CHFJPY,20210709,1100,120.274,120.337,120.158,120.215,7647370000
CHFJPY,20210709,1200,120.215,120.302,120.173,120.249,7997460000
CHFJPY,20210709,1300,120.251,120.356,120.144,120.311,7898600000
CHFJPY,20210709,1400,120.313,120.428,120.295,120.384,10056430000
CHFJPY,20210709,1500,120.382,120.429,120.311,120.387,6229990000
CHFJPY,20210709,1600,120.388,120.481,120.388,120.457,2589010000
CHFJPY,20210709,1700,120.458,120.469,120.415,120.446,1723060000
CHFJPY,20210709,1800,120.447,120.531,120.440,120.504,1679970000
CHFJPY,20210709,1900,120.503,120.541,120.482,120.522,1446750000
CHFJPY,20210709,2000,120.518,120.539,120.446,120.448,909390000
CHFJPY,20210711,2100,120.289,120.414,120.256,120.367,204810000
CHFJPY,20210711,2200,120.366,120.560,120.363,120.512,2459810000
CHFJPY,20210711,2300,120.512,120.593,120.463,120.572,1501450000
CHFJPY,20210712,0000,120.569,120.603,120.472,120.473,3943660000
CHFJPY,20210712,0100,120.476,120.479,120.392,120.424,5476090000
CHFJPY,20210712,0200,120.424,120.498,120.422,120.479,2294860000
CHFJPY,20210712,0300,120.482,120.503,120.409,120.418,1299550000
CHFJPY,20210712,0400,120.418,120.486,120.371,120.465,1195900000
CHFJPY,20210712,0500,120.468,120.496,120.440,120.461,1229510000
CHFJPY,20210712,0600,120.466,120.471,120.355,120.401,3094760000
CHFJPY,20210712,0700,120.402,120.535,120.378,120.425,7346040000
CHFJPY,20210712,0800,120.425,120.476,120.353,120.378,5396710000
CHFJPY,20210712,0900,120.377,120.413,120.212,120.223,4898390000
CHFJPY,20210712,1000,120.222,120.270,120.175,120.233,4527460000
CHFJPY,20210712,1100,120.233,120.337,120.196,120.215,4678780000
CHFJPY,20210712,1200,120.215,120.431,120.196,120.428,6638270000
CHFJPY,20210712,1300,120.429,120.631,120.375,120.569,7896600000
CHFJPY,20210712,1400,120.567,120.635,120.497,120.541,7396750000
CHFJPY,20210712,1500,120.544,120.562,120.460,120.543,4948810000
CHFJPY,20210712,1600,120.544,120.591,120.528,120.567,2192220000
CHFJPY,20210712,1700,120.566,120.572,120.468,120.502,2177350000
CHFJPY,20210712,1800,120.503,120.564,120.490,120.513,2122220000
CHFJPY,20210712,1900,120.516,120.578,120.516,120.573,1738160000
CHFJPY,20210712,2000,120.572,120.590,120.542,120.559,1144910000
CHFJPY,20210712,2100,120.558,120.594,120.524,120.558,655530000
CHFJPY,20210712,2200,120.557,120.591,120.542,120.561,805860000
CHFJPY,20210712,2300,120.561,120.587,120.544,120.562,1762390000
CHFJPY,20210713,0000,120.562,120.696,120.534,120.689,3081380000
CHFJPY,20210713,0100,120.688,120.688,120.629,120.647,2333710000
CHFJPY,20210713,0200,120.646,120.721,120.638,120.686,2429060000
CHFJPY,20210713,0300,120.685,120.726,120.661,120.689,1361420000
CHFJPY,20210713,0400,120.690,120.704,120.670,120.700,1493140000
CHFJPY,20210713,0500,120.698,120.710,120.581,120.609,1738770000
CHFJPY,20210713,0600,120.608,120.678,120.566,120.568,3727850000
CHFJPY,20210713,0700,120.569,120.640,120.476,120.519,6542590000
CHFJPY,20210713,0800,120.518,120.575,120.430,120.524,5086450000
CHFJPY,20210713,0900,120.524,120.532,120.293,120.350,5376980000
CHFJPY,20210713,1000,120.350,120.387,120.304,120.369,4236390000
CHFJPY,20210713,1100,120.368,120.384,120.178,120.211,4560980000
CHFJPY,20210713,1200,120.211,120.308,120.033,120.170,15294090000
CHFJPY,20210713,1300,120.174,120.488,120.113,120.425,15868120000
CHFJPY,20210713,1400,120.424,120.469,120.330,120.404,11291220000
CHFJPY,20210713,1500,120.402,120.430,120.303,120.409,5108770000
CHFJPY,20210713,1600,120.408,120.458,120.381,120.393,2433140000
CHFJPY,20210713,1700,120.393,120.476,120.367,120.446,4148570000
CHFJPY,20210713,1800,120.446,120.482,120.362,120.368,3231630000
CHFJPY,20210713,1900,120.370,120.416,120.346,120.363,2520860000
CHFJPY,20210713,2000,120.356,120.438,120.356,120.390,1288400000
CHFJPY,20210713,2100,120.361,120.511,120.189,120.416,2320060000
CHFJPY,20210713,2200,120.413,120.430,120.336,120.393,649520000
CHFJPY,20210713,2300,120.390,120.410,120.328,120.349,3450530000
CHFJPY,20210714,0000,120.347,120.456,120.327,120.381,3613860000
CHFJPY,20210714,0100,120.382,120.387,120.269,120.329,3520200000
CHFJPY,20210714,0200,120.328,120.338,120.285,120.331,2673030000
CHFJPY,20210714,0300,120.329,120.351,120.312,120.339,1796600000
CHFJPY,20210714,0400,120.339,120.339,120.277,120.318,1704840000
CHFJPY,20210714,0500,120.318,120.377,120.314,120.364,2309430000
CHFJPY,20210714,0600,120.365,120.396,120.267,120.284,4030330000
CHFJPY,20210714,0700,120.284,120.412,120.258,120.289,6497420000
CHFJPY,20210714,0800,120.289,120.421,120.208,120.225,6342260000
CHFJPY,20210714,0900,120.230,120.232,120.112,120.220,4058150000
CHFJPY,20210714,1000,120.220,120.226,120.102,120.195,3725760000
CHFJPY,20210714,1100,120.192,120.287,120.166,120.251,4262620000
CHFJPY,20210714,1200,120.251,120.330,120.155,120.181,13151790000
CHFJPY,20210714,1300,120.182,120.199,120.042,120.101,10774510000
CHFJPY,20210714,1400,120.102,120.195,120.032,120.170,13171710000
CHFJPY,20210714,1500,120.168,120.224,120.119,120.190,5920750000
CHFJPY,20210714,1600,120.190,120.272,120.186,120.258,3486400000
CHFJPY,20210714,1700,120.261,120.272,120.186,120.211,2390200000
CHFJPY,20210714,1800,120.211,120.271,120.206,120.261,2048520000
CHFJPY,20210714,1900,120.258,120.307,120.242,120.251,1671630000
CHFJPY,20210714,2000,120.251,120.273,120.210,120.210,1067830000
CHFJPY,20210714,2100,119.953,120.185,119.829,120.140,2148600000
CHFJPY,20210714,2200,120.146,120.268,120.139,120.261,1076640000
CHFJPY,20210714,2300,120.261,120.282,120.226,120.238,1776160000
CHFJPY,20210715,0000,120.238,120.271,120.065,120.174,4389340000
CHFJPY,20210715,0100,120.173,120.180,120.066,120.115,4059480000
CHFJPY,20210715,0200,120.115,120.171,120.020,120.052,3270300000
CHFJPY,20210715,0300,120.052,120.141,120.045,120.115,1520850000
CHFJPY,20210715,0400,120.116,120.154,120.101,120.154,1335340000
CHFJPY,20210715,0500,120.153,120.208,120.131,120.192,2332440000
CHFJPY,20210715,0600,120.194,120.194,120.114,120.155,4592010000
CHFJPY,20210715,0700,120.155,120.161,119.998,120.032,7025660000
CHFJPY,20210715,0800,120.032,120.355,120.005,120.302,6870440000
CHFJPY,20210715,0900,120.302,120.347,120.249,120.340,4524150000
CHFJPY,20210715,1000,120.341,120.443,120.131,120.134,8627480000
CHFJPY,20210715,1100,120.135,120.168,119.958,119.959,7285680000
CHFJPY,20210715,1200,119.959,120.043,119.894,119.908,7829980000
CHFJPY,20210715,1300,119.907,119.953,119.754,119.812,11057430000
CHFJPY,20210715,1400,119.813,119.911,119.773,119.871,10928920000
CHFJPY,20210715,1500,119.866,119.897,119.768,119.780,6871270000
CHFJPY,20210715,1600,119.782,119.797,119.733,119.745,3731270000
CHFJPY,20210715,1700,119.746,119.751,119.574,119.599,3883420000
CHFJPY,20210715,1800,119.597,119.637,119.552,119.613,4242190000
CHFJPY,20210715,1900,119.613,119.639,119.584,119.635,3230320000
CHFJPY,20210715,2000,119.636,119.676,119.608,119.640,1498090000
CHFJPY,20210715,2100,119.620,119.681,119.499,119.588,367450000
CHFJPY,20210715,2200,119.593,119.710,119.580,119.651,1588790000
CHFJPY,20210715,2300,119.656,119.671,119.573,119.592,1755450000
CHFJPY,20210716,0000,119.589,119.697,119.574,119.681,3952240000
CHFJPY,20210716,0100,119.680,119.745,119.651,119.687,3397010000
CHFJPY,20210716,0200,119.684,119.814,119.680,119.694,2628270000
CHFJPY,20210716,0300,119.696,119.775,119.680,119.706,2531740000
CHFJPY,20210716,0400,119.706,119.785,119.697,119.759,2178650000
CHFJPY,20210716,0500,119.760,119.770,119.718,119.767,1552220000
CHFJPY,20210716,0600,119.767,119.786,119.671,119.726,4847270000
CHFJPY,20210716,0700,119.730,119.856,119.684,119.746,9095230000
CHFJPY,20210716,0800,119.744,119.780,119.663,119.754,8513940000
CHFJPY,20210716,0900,119.752,119.872,119.698,119.869,6521630000
CHFJPY,20210716,1000,119.869,119.890,119.776,119.806,7414650000
CHFJPY,20210716,1100,119.806,119.892,119.746,119.774,7071710000
CHFJPY,20210716,1200,119.776,119.940,119.766,119.911,9925630000
CHFJPY,20210716,1300,119.911,120.037,119.795,119.898,10758100000
CHFJPY,20210716,1400,119.898,119.911,119.747,119.772,11541100000
CHFJPY,20210716,1500,119.773,119.822,119.728,119.789,4461660000
CHFJPY,20210716,1600,119.790,119.815,119.731,119.770,2279700000
CHFJPY,20210716,1700,119.769,119.779,119.691,119.729,1986160000
CHFJPY,20210716,1800,119.726,119.782,119.674,119.683,2078730000
CHFJPY,20210716,1900,119.683,119.700,119.650,119.663,1783440000
CHFJPY,20210716,2000,119.664,119.724,119.626,119.665,1211900000
CHFJPY,20210718,2100,119.538,119.674,119.515,119.535,156340000
CHFJPY,20210718,2200,119.590,119.695,119.573,119.651,1277680000
CHFJPY,20210718,2300,119.650,119.650,119.577,119.609,2793960000
CHFJPY,20210719,0000,119.607,119.658,119.481,119.496,4588580000
CHFJPY,20210719,0100,119.498,119.554,119.477,119.549,2737910000
CHFJPY,20210719,0200,119.548,119.580,119.532,119.571,2087050000
CHFJPY,20210719,0300,119.570,119.618,119.542,119.612,1146150000
CHFJPY,20210719,0400,119.612,119.620,119.550,119.580,1271570000
CHFJPY,20210719,0500,119.579,119.605,119.547,119.559,1328310000
CHFJPY,20210719,0600,119.560,119.588,119.519,119.524,3103440000
CHFJPY,20210719,0700,119.526,119.535,119.273,119.315,9967540000
CHFJPY,20210719,0800,119.316,119.318,119.031,119.101,9347130000
CHFJPY,20210719,0900,119.100,119.238,119.002,119.208,5756210000
CHFJPY,20210719,1000,119.205,119.296,119.099,119.217,7876140000
CHFJPY,20210719,1100,119.216,119.241,119.008,119.069,8923140000
CHFJPY,20210719,1200,119.068,119.134,118.929,119.123,10701400000
CHFJPY,20210719,1300,119.122,119.193,118.984,119.114,13518720000
CHFJPY,20210719,1400,119.116,119.228,119.011,119.117,14218710000
CHFJPY,20210719,1500,119.115,119.324,119.115,119.257,9042770000
CHFJPY,20210719,1600,119.257,119.266,119.150,119.177,5030560000
CHFJPY,20210719,1700,119.178,119.239,119.150,119.198,3637090000
CHFJPY,20210719,1800,119.197,119.270,119.180,119.199,3521190000
CHFJPY,20210719,1900,119.200,119.274,119.195,119.249,2928650000
CHFJPY,20210719,2000,119.248,119.272,119.199,119.200,1478620000
CHFJPY,20210719,2100,119.147,119.234,118.979,119.166,385270000
CHFJPY,20210719,2200,119.203,119.263,119.183,119.209,1259310000
CHFJPY,20210719,2300,119.202,119.263,119.197,119.221,2099420000
CHFJPY,20210720,0000,119.221,119.271,119.201,119.224,5425420000
CHFJPY,20210720,0100,119.224,119.288,119.189,119.256,6115950000
CHFJPY,20210720,0200,119.254,119.345,119.251,119.272,5499400000
CHFJPY,20210720,0300,119.271,119.325,119.155,119.227,6930750000
CHFJPY,20210720,0400,119.227,119.253,119.136,119.177,5448610000
CHFJPY,20210720,0500,119.176,119.181,119.062,119.113,4782650000
CHFJPY,20210720,0600,119.117,119.245,119.100,119.243,6766810000
CHFJPY,20210720,0700,119.244,119.405,119.192,119.351,12932270000
CHFJPY,20210720,0800,119.351,119.479,119.283,119.369,9379320000
CHFJPY,20210720,0900,119.369,119.430,119.212,119.258,11009650000
CHFJPY,20210720,1000,119.259,119.260,118.971,119.022,11003600000
CHFJPY,20210720,1100,119.022,119.206,118.966,119.184,11115070000
CHFJPY,20210720,1200,119.184,119.191,118.763,118.948,12032160000
CHFJPY,20210720,1300,118.946,118.952,118.652,118.869,18441590000
CHFJPY,20210720,1400,118.867,119.163,118.840,119.158,15735970000
CHFJPY,20210720,1500,119.156,119.250,119.060,119.236,10693190000
CHFJPY,20210720,1600,119.232,119.270,119.173,119.225,6676210000
CHFJPY,20210720,1700,119.224,119.235,119.158,119.184,4156130000
CHFJPY,20210720,1800,119.184,119.266,119.184,119.230,3381910000
CHFJPY,20210720,1900,119.230,119.291,119.217,119.219,3411120000
CHFJPY,20210720,2000,119.221,119.266,119.205,119.205,1310300000
CHFJPY,20210720,2100,119.083,119.253,118.873,119.132,2347530000
CHFJPY,20210720,2200,119.134,119.285,119.134,119.278,916360000
CHFJPY,20210720,2300,119.278,119.333,119.274,119.315,1929960000
CHFJPY,20210721,0000,119.315,119.359,119.257,119.343,5345080000
CHFJPY,20210721,0100,119.343,119.350,119.262,119.315,5146160000
CHFJPY,20210721,0200,119.315,119.316,119.175,119.248,4852530000
CHFJPY,20210721,0300,119.248,119.321,119.236,119.297,2742220000
CHFJPY,20210721,0400,119.296,119.302,119.265,119.272,1820540000
CHFJPY,20210721,0500,119.275,119.322,119.260,119.271,2284050000
CHFJPY,20210721,0600,119.271,119.301,119.091,119.242,7479190000
CHFJPY,20210721,0700,119.240,119.429,119.097,119.394,13666110000
CHFJPY,20210721,0800,119.395,119.567,119.300,119.542,11207010000
CHFJPY,20210721,0900,119.544,119.559,119.366,119.388,10079410000
CHFJPY,20210721,1000,119.388,119.516,119.373,119.475,6730540000
CHFJPY,20210721,1100,119.473,119.501,119.401,119.439,7826170000
CHFJPY,20210721,1200,119.437,119.598,119.429,119.531,9135610000
CHFJPY,20210721,1300,119.529,119.917,119.528,119.858,12288430000
CHFJPY,20210721,1400,119.857,120.116,119.832,120.068,13191170000
CHFJPY,20210721,1500,120.070,120.146,120.038,120.085,8846380000
CHFJPY,20210721,1600,120.086,120.138,120.016,120.115,4011800000
CHFJPY,20210721,1700,120.115,120.176,120.113,120.142,4096570000
CHFJPY,20210721,1800,120.143,120.223,120.143,120.222,3104860000
CHFJPY,20210721,1900,120.222,120.268,120.193,120.204,4509690000
CHFJPY,20210721,2000,120.203,120.221,120.157,120.157,1490880000
CHFJPY,20210721,2100,120.158,120.204,120.032,120.155,879530000
CHFJPY,20210721,2200,120.161,120.204,120.124,120.175,618730000
CHFJPY,20210721,2300,120.172,120.193,120.126,120.128,1085490000
CHFJPY,20210722,0000,120.129,120.158,120.029,120.031,1925490000
CHFJPY,20210722,0100,120.030,120.046,119.940,120.033,2557220000
CHFJPY,20210722,0200,120.034,120.064,120.003,120.019,1559110000
CHFJPY,20210722,0300,120.021,120.067,120.017,120.045,959980000
CHFJPY,20210722,0400,120.046,120.079,120.044,120.061,800560000
CHFJPY,20210722,0500,120.061,120.072,120.022,120.046,956910000
CHFJPY,20210722,0600,120.046,120.109,120.016,120.045,4834420000
CHFJPY,20210722,0700,120.046,120.253,120.046,120.125,8314390000
CHFJPY,20210722,0800,120.126,120.181,120.031,120.126,7249850000
CHFJPY,20210722,0900,120.125,120.150,120.076,120.116,5303470000
CHFJPY,20210722,1000,120.114,120.198,120.060,120.091,5241530000
CHFJPY,20210722,1100,120.090,120.199,120.003,120.068,9681660000
CHFJPY,20210722,1200,120.069,120.069,119.819,119.956,15559610000
CHFJPY,20210722,1300,119.954,120.279,119.929,120.196,14538280000
CHFJPY,20210722,1400,120.199,120.219,119.893,119.915,11516320000
CHFJPY,20210722,1500,119.915,119.934,119.687,119.721,6270360000
CHFJPY,20210722,1600,119.723,119.739,119.655,119.732,4001870000
CHFJPY,20210722,1700,119.732,119.810,119.720,119.808,3012920000
CHFJPY,20210722,1800,119.809,119.903,119.798,119.846,2478610000
CHFJPY,20210722,1900,119.848,119.866,119.815,119.821,2197840000
CHFJPY,20210722,2000,119.816,119.876,119.783,119.785,1328390000
CHFJPY,20210722,2100,119.729,119.821,119.627,119.704,1356550000
CHFJPY,20210722,2200,119.707,119.854,119.706,119.840,829430000
CHFJPY,20210722,2300,119.841,119.846,119.787,119.824,793920000
CHFJPY,20210723,0000,119.823,119.876,119.795,119.859,1244800000
CHFJPY,20210723,0100,119.856,119.888,119.827,119.831,1051320000
CHFJPY,20210723,0200,119.831,119.901,119.827,119.871,1578560000
CHFJPY,20210723,0300,119.871,119.905,119.848,119.857,2325120000
CHFJPY,20210723,0400,119.855,119.857,119.829,119.854,1302320000
CHFJPY,20210723,0500,119.854,119.866,119.800,119.803,1043520000
CHFJPY,20210723,0600,119.802,119.891,119.801,119.880,3555910000
CHFJPY,20210723,0700,119.880,120.032,119.840,120.015,8687190000
CHFJPY,20210723,0800,120.014,120.155,119.977,120.024,8248490000
CHFJPY,20210723,0900,120.025,120.076,119.914,119.951,5266500000
CHFJPY,20210723,1000,119.952,119.965,119.857,119.907,5059860000
CHFJPY,20210723,1100,119.906,119.971,119.876,119.952,6517240000
CHFJPY,20210723,1200,119.954,120.102,119.954,120.090,6636700000
CHFJPY,20210723,1300,120.091,120.104,119.913,119.936,8125030000
CHFJPY,20210723,1400,119.936,120.104,119.881,120.080,8471490000
CHFJPY,20210723,1500,120.075,120.125,119.959,119.960,4728030000
CHFJPY,20210723,1600,119.960,120.095,119.960,120.080,3017520000
CHFJPY,20210723,1700,120.081,120.145,120.079,120.106,1807160000
CHFJPY,20210723,1800,120.103,120.140,120.078,120.136,1659800000
CHFJPY,20210723,1900,120.135,120.202,120.125,120.190,1428080000
CHFJPY,20210723,2000,120.190,120.229,120.162,120.162,1304660000
CHFJPY,20210725,2100,119.936,120.145,119.892,119.998,197920000
CHFJPY,20210725,2200,120.132,120.227,119.998,120.205,688460000
CHFJPY,20210725,2300,120.205,120.230,120.161,120.207,1591460000
CHFJPY,20210726,0000,120.204,120.215,120.047,120.052,4093940000
CHFJPY,20210726,0100,120.051,120.066,119.970,120.059,3951370000
CHFJPY,20210726,0200,120.059,120.092,120.016,120.059,2451340000
CHFJPY,20210726,0300,120.062,120.099,120.013,120.065,1469630000
CHFJPY,20210726,0400,120.068,120.122,120.068,120.097,1227630000
CHFJPY,20210726,0500,120.096,120.106,120.046,120.087,1943200000
CHFJPY,20210726,0600,120.085,120.101,119.959,119.969,6256670000
CHFJPY,20210726,0700,119.971,120.159,119.967,120.043,10032840000
CHFJPY,20210726,0800,120.043,120.048,119.854,120.027,7722380000
CHFJPY,20210726,0900,120.028,120.223,119.998,120.199,6940470000
CHFJPY,20210726,1000,120.200,120.222,120.100,120.134,4452790000
CHFJPY,20210726,1100,120.132,120.186,120.063,120.127,5014590000
CHFJPY,20210726,1200,120.127,120.149,120.050,120.054,6480910000
CHFJPY,20210726,1300,120.054,120.362,119.985,120.302,9315390000
CHFJPY,20210726,1400,120.301,120.404,120.212,120.374,10479600000
CHFJPY,20210726,1500,120.371,120.457,120.348,120.451,6550210000
CHFJPY,20210726,1600,120.451,120.509,120.434,120.509,2086710000
CHFJPY,20210726,1700,120.510,120.599,120.506,120.545,2198720000
CHFJPY,20210726,1800,120.543,120.566,120.481,120.484,1755630000
CHFJPY,20210726,1900,120.485,120.545,120.485,120.534,1651730000
CHFJPY,20210726,2000,120.534,120.573,120.506,120.507,1065320000
CHFJPY,20210726,2100,120.418,120.517,120.412,120.461,492570000
CHFJPY,20210726,2200,120.495,120.518,120.475,120.500,831990000
CHFJPY,20210726,2300,120.500,120.523,120.470,120.471,962650000
CHFJPY,20210727,0000,120.471,120.549,120.427,120.431,3243090000
CHFJPY,20210727,0100,120.432,120.454,120.377,120.414,3417280000
CHFJPY,20210727,0200,120.414,120.416,120.309,120.358,2406640000
CHFJPY,20210727,0300,120.357,120.359,120.278,120.332,2136840000
CHFJPY,20210727,0400,120.330,120.340,120.270,120.317,1866470000
CHFJPY,20210727,0500,120.317,120.330,120.266,120.283,2062210000
CHFJPY,20210727,0600,120.284,120.292,120.168,120.183,4852800000
CHFJPY,20210727,0700,120.182,120.204,119.927,120.036,12867840000
CHFJPY,20210727,0800,120.037,120.073,119.910,120.003,8223370000
CHFJPY,20210727,0900,120.004,120.053,119.880,119.925,6245630000
CHFJPY,20210727,1000,119.925,120.081,119.884,120.067,4397460000
CHFJPY,20210727,1100,120.066,120.249,120.054,120.209,4879140000
CHFJPY,20210727,1200,120.210,120.336,120.206,120.257,8441710000
CHFJPY,20210727,1300,120.263,120.284,120.040,120.139,10905950000
CHFJPY,20210727,1400,120.139,120.165,120.051,120.103,10072710000
CHFJPY,20210727,1500,120.105,120.194,119.965,119.995,8147360000
CHFJPY,20210727,1600,119.997,120.032,119.916,120.032,3867930000
CHFJPY,20210727,1700,120.032,120.076,120.004,120.019,2706260000
CHFJPY,20210727,1800,120.018,120.079,120.002,120.013,2163090000
CHFJPY,20210727,1900,120.016,120.046,119.994,120.005,1775730000
CHFJPY,20210727,2000,120.003,120.063,119.984,120.016,1574540000
CHFJPY,20210727,2100,119.972,120.041,119.923,119.985,189080000
CHFJPY,20210727,2200,119.990,120.057,119.977,120.049,1451640000
CHFJPY,20210727,2300,120.047,120.090,120.033,120.072,941880000
CHFJPY,20210728,0000,120.073,120.136,120.028,120.042,3749870000
CHFJPY,20210728,0100,120.044,120.129,120.043,120.101,3211800000
CHFJPY,20210728,0200,120.101,120.102,119.994,120.060,2948940000
CHFJPY,20210728,0300,120.060,120.105,120.017,120.034,1933740000
CHFJPY,20210728,0400,120.035,120.047,119.942,119.968,1925130000
CHFJPY,20210728,0500,119.970,120.048,119.926,120.041,2000140000
CHFJPY,20210728,0600,120.041,120.046,119.948,119.949,3766380000
CHFJPY,20210728,0700,119.952,120.175,119.945,120.160,5787010000
CHFJPY,20210728,0800,120.161,120.358,120.129,120.345,6908170000
CHFJPY,20210728,0900,120.346,120.382,120.206,120.229,4549000000
CHFJPY,20210728,1000,120.229,120.293,120.193,120.231,4718060000
CHFJPY,20210728,1100,120.231,120.368,120.212,120.363,6700740000
CHFJPY,20210728,1200,120.364,120.371,120.180,120.258,6494180000
CHFJPY,20210728,1300,120.256,120.326,120.171,120.249,8596030000
CHFJPY,20210728,1400,120.249,120.472,120.242,120.422,8167320000
CHFJPY,20210728,1500,120.423,120.548,120.402,120.497,5736490000
CHFJPY,20210728,1600,120.500,120.534,120.447,120.528,2722980000
CHFJPY,20210728,1700,120.529,120.599,120.527,120.568,2342850000
CHFJPY,20210728,1800,120.568,120.749,120.400,120.715,18556150000
CHFJPY,20210728,1900,120.713,120.764,120.664,120.703,6635720000
CHFJPY,20210728,2000,120.702,120.775,120.685,120.750,1950680000
CHFJPY,20210728,2100,120.751,120.768,120.698,120.768,358300000
CHFJPY,20210728,2200,120.768,120.809,120.751,120.782,1000920000
CHFJPY,20210728,2300,120.779,120.794,120.744,120.780,1114250000
CHFJPY,20210729,0000,120.780,120.780,120.605,120.618,3512880000
CHFJPY,20210729,0100,120.615,120.673,120.549,120.661,4052690000
CHFJPY,20210729,0200,120.663,120.777,120.615,120.758,2703180000
CHFJPY,20210729,0300,120.756,120.803,120.714,120.743,2103890000
CHFJPY,20210729,0400,120.743,120.805,120.712,120.764,1895180000
CHFJPY,20210729,0500,120.767,120.781,120.673,120.725,2604100000
CHFJPY,20210729,0600,120.728,120.824,120.712,120.766,5917250000
CHFJPY,20210729,0700,120.765,120.955,120.757,120.925,8429290000
CHFJPY,20210729,0800,120.928,120.940,120.795,120.915,6761280000
CHFJPY,20210729,0900,120.915,120.923,120.850,120.889,5045280000
CHFJPY,20210729,1000,120.889,120.927,120.842,120.876,4578760000
CHFJPY,20210729,1100,120.877,120.892,120.805,120.880,4879290000
CHFJPY,20210729,1200,120.881,120.909,120.754,120.904,9112090000
CHFJPY,20210729,1300,120.906,121.041,120.895,120.996,10060200000
CHFJPY,20210729,1400,121.005,121.033,120.862,120.991,8469950000
CHFJPY,20210729,1500,120.993,121.017,120.838,120.867,6413460000
CHFJPY,20210729,1600,120.868,120.916,120.794,120.834,2293040000
CHFJPY,20210729,1700,120.835,120.888,120.813,120.868,2695020000
CHFJPY,20210729,1800,120.868,120.903,120.859,120.879,1623250000
CHFJPY,20210729,1900,120.881,120.881,120.793,120.807,1841970000
CHFJPY,20210729,2000,120.807,120.822,120.767,120.772,1714910000
CHFJPY,20210729,2100,120.769,120.830,120.716,120.800,1147970000
CHFJPY,20210729,2200,120.799,120.848,120.799,120.840,795310000
CHFJPY,20210729,2300,120.846,120.851,120.779,120.784,1033290000
CHFJPY,20210730,0000,120.784,120.879,120.721,120.873,6209860000
CHFJPY,20210730,0100,120.872,120.910,120.756,120.778,4164680000
CHFJPY,20210730,0200,120.778,120.803,120.742,120.790,2084030000
CHFJPY,20210730,0300,120.791,120.819,120.730,120.740,1944290000
CHFJPY,20210730,0400,120.741,120.767,120.716,120.757,1233060000
CHFJPY,20210730,0500,120.758,120.762,120.697,120.735,2616150000
CHFJPY,20210730,0600,120.735,120.881,120.720,120.865,5676890000
CHFJPY,20210730,0700,120.866,120.987,120.856,120.909,6237070000
CHFJPY,20210730,0800,120.912,121.009,120.834,120.995,4494430000
CHFJPY,20210730,0900,120.995,121.168,120.968,121.056,4587320000
CHFJPY,20210730,1000,121.056,121.097,120.924,121.087,4943700000
CHFJPY,20210730,1100,121.088,121.140,120.971,121.007,6026440000
CHFJPY,20210730,1200,121.006,121.118,120.997,121.111,6510000000
CHFJPY,20210730,1300,121.110,121.149,121.029,121.071,7784760000
CHFJPY,20210730,1400,121.070,121.122,120.917,121.092,13074600000
CHFJPY,20210730,1500,121.093,121.162,121.053,121.089,6670770000
CHFJPY,20210730,1600,121.089,121.165,121.041,121.130,3066930000
CHFJPY,20210730,1700,121.128,121.189,121.099,121.171,2090450000
CHFJPY,20210730,1800,121.171,121.187,121.086,121.087,2435630000
CHFJPY,20210730,1900,121.088,121.131,121.088,121.105,2025280000
CHFJPY,20210730,2000,121.108,121.181,121.093,121.109,2501440000
CHFJPY,20210801,2100,120.908,121.099,120.824,121.006,798550000
CHFJPY,20210801,2200,121.034,121.167,121.033,121.114,1545380000
CHFJPY,20210801,2300,121.118,121.158,121.076,121.095,1182670000
CHFJPY,20210802,0000,121.093,121.094,120.972,121.005,3785330000
CHFJPY,20210802,0100,121.006,121.081,120.983,121.051,2690440000
CHFJPY,20210802,0200,121.050,121.128,121.013,121.120,2515550000
CHFJPY,20210802,0300,121.118,121.138,121.086,121.092,1038760000
CHFJPY,20210802,0400,121.089,121.129,121.087,121.101,961400000
CHFJPY,20210802,0500,121.101,121.102,121.010,121.077,1969350000
CHFJPY,20210802,0600,121.077,121.127,120.989,121.096,5335450000
CHFJPY,20210802,0700,121.099,121.205,121.064,121.094,6022900000
CHFJPY,20210802,0800,121.094,121.139,121.043,121.088,4561690000
CHFJPY,20210802,0900,121.089,121.177,121.063,121.084,3806230000
CHFJPY,20210802,1000,121.085,121.085,121.001,121.047,4235220000
CHFJPY,20210802,1100,121.046,121.051,120.924,120.974,4406620000
CHFJPY,20210802,1200,120.974,120.975,120.799,120.813,6536890000
CHFJPY,20210802,1300,120.812,121.006,120.810,120.963,6555580000
CHFJPY,20210802,1400,120.963,120.970,120.753,120.831,11342640000
CHFJPY,20210802,1500,120.831,120.851,120.657,120.678,6134280000
CHFJPY,20210802,1600,120.678,120.696,120.591,120.691,4459200000
CHFJPY,20210802,1700,120.691,120.696,120.641,120.652,1878600000
CHFJPY,20210802,1800,120.655,120.719,120.653,120.716,1567300000
CHFJPY,20210802,1900,120.715,120.771,120.701,120.757,1708260000
CHFJPY,20210802,2000,120.762,120.813,120.737,120.738,1106390000
CHFJPY,20210802,2100,120.650,120.768,120.614,120.704,1583010000
CHFJPY,20210802,2200,120.707,120.788,120.685,120.762,551890000
CHFJPY,20210802,2300,120.760,120.770,120.693,120.696,3081900000
CHFJPY,20210803,0000,120.698,120.729,120.650,120.714,4361850000
CHFJPY,20210803,0100,120.715,120.721,120.666,120.690,3023220000
CHFJPY,20210803,0200,120.688,120.694,120.606,120.612,3120590000
CHFJPY,20210803,0300,120.608,120.696,120.608,120.670,2856490000
CHFJPY,20210803,0400,120.671,120.672,120.571,120.642,3674280000
CHFJPY,20210803,0500,120.642,120.659,120.552,120.553,2385760000
CHFJPY,20210803,0600,120.551,120.585,120.484,120.508,4386330000
CHFJPY,20210803,0700,120.509,120.730,120.493,120.698,7295230000
CHFJPY,20210803,0800,120.699,120.736,120.637,120.681,5379670000
CHFJPY,20210803,0900,120.679,120.826,120.649,120.794,4072160000
CHFJPY,20210803,1000,120.793,120.957,120.777,120.936,5003200000
CHFJPY,20210803,1100,120.935,121.008,120.900,120.923,4151400000
CHFJPY,20210803,1200,120.923,120.923,120.735,120.768,8229740000
CHFJPY,20210803,1300,120.770,120.778,120.415,120.474,10306650000
CHFJPY,20210803,1400,120.471,120.586,120.429,120.493,9252090000
CHFJPY,20210803,1500,120.494,120.607,120.477,120.576,5218750000
CHFJPY,20210803,1600,120.574,120.667,120.568,120.642,2059760000
CHFJPY,20210803,1700,120.642,120.663,120.584,120.650,1495930000
CHFJPY,20210803,1800,120.650,120.702,120.650,120.666,1416200000
CHFJPY,20210803,1900,120.665,120.685,120.611,120.626,1032260000
CHFJPY,20210803,2000,120.623,120.631,120.564,120.569,1123450000
CHFJPY,20210803,2100,120.547,120.626,120.519,120.593,1370450000
CHFJPY,20210803,2200,120.593,120.614,120.573,120.604,598420000
CHFJPY,20210803,2300,120.608,120.611,120.569,120.579,767880000
CHFJPY,20210804,0000,120.577,120.592,120.491,120.561,2295880000
CHFJPY,20210804,0100,120.562,120.639,120.502,120.633,2556750000
CHFJPY,20210804,0200,120.634,120.717,120.622,120.670,3635600000
CHFJPY,20210804,0300,120.671,120.703,120.662,120.690,1624240000
CHFJPY,20210804,0400,120.690,120.699,120.647,120.699,1063010000
CHFJPY,20210804,0500,120.699,120.700,120.633,120.674,1392180000
CHFJPY,20210804,0600,120.674,120.772,120.665,120.717,3348830000
CHFJPY,20210804,0700,120.717,120.751,120.625,120.689,4823760000
CHFJPY,20210804,0800,120.688,120.708,120.531,120.558,5858490000
CHFJPY,20210804,0900,120.562,120.713,120.550,120.673,4374320000
CHFJPY,20210804,1000,120.675,120.709,120.589,120.598,3582430000
CHFJPY,20210804,1100,120.599,120.618,120.521,120.546,4706500000
CHFJPY,20210804,1200,120.543,120.581,120.386,120.510,10445060000
CHFJPY,20210804,1300,120.509,120.645,120.486,120.578,6736790000
CHFJPY,20210804,1400,120.567,120.949,120.559,120.849,20049660000
CHFJPY,20210804,1500,120.850,120.865,120.724,120.786,9567780000
CHFJPY,20210804,1600,120.786,120.855,120.750,120.838,3429030000
CHFJPY,20210804,1700,120.838,120.843,120.779,120.815,2664570000
CHFJPY,20210804,1800,120.813,120.823,120.756,120.775,2460590000
CHFJPY,20210804,1900,120.778,120.787,120.747,120.784,1844520000
CHFJPY,20210804,2000,120.781,120.785,120.736,120.761,1117150000
CHFJPY,20210804,2100,120.708,120.766,120.594,120.707,541280000
CHFJPY,20210804,2200,120.707,120.807,120.704,120.771,597960000
CHFJPY,20210804,2300,120.773,120.816,120.763,120.811,765860000
CHFJPY,20210805,0000,120.813,120.899,120.794,120.890,3725890000
CHFJPY,20210805,0100,120.891,120.928,120.857,120.890,2745190000
CHFJPY,20210805,0200,120.889,120.897,120.834,120.871,1960130000
CHFJPY,20210805,0300,120.870,120.886,120.851,120.852,1502290000
CHFJPY,20210805,0400,120.853,120.915,120.846,120.877,1245980000
CHFJPY,20210805,0500,120.875,120.890,120.852,120.869,1255160000
CHFJPY,20210805,0600,120.867,120.905,120.827,120.885,4423380000
CHFJPY,20210805,0700,120.885,121.045,120.826,121.008,8106500000
CHFJPY,20210805,0800,121.010,121.045,120.902,120.905,6874640000
CHFJPY,20210805,0900,120.906,120.988,120.818,120.840,5145980000
CHFJPY,20210805,1000,120.841,120.895,120.731,120.775,5596500000
CHFJPY,20210805,1100,120.776,120.883,120.732,120.876,7593230000
CHFJPY,20210805,1200,120.873,120.930,120.778,120.828,7635330000
CHFJPY,20210805,1300,120.828,121.015,120.826,120.965,8790830000
CHFJPY,20210805,1400,120.967,121.110,120.946,121.000,9401620000
CHFJPY,20210805,1500,120.994,121.079,120.939,121.007,4393750000
CHFJPY,20210805,1600,121.007,121.038,120.987,121.035,2039580000
CHFJPY,20210805,1700,121.033,121.100,121.026,121.077,1679600000
CHFJPY,20210805,1800,121.082,121.126,121.065,121.106,1573600000
CHFJPY,20210805,1900,121.104,121.108,121.042,121.083,2196600000
CHFJPY,20210805,2000,121.080,121.102,121.037,121.037,1173290000
CHFJPY,20210805,2100,120.958,121.056,120.909,120.940,938180000
CHFJPY,20210805,2200,120.959,121.091,120.945,121.066,1281650000
CHFJPY,20210805,2300,121.070,121.072,121.043,121.046,563190000
CHFJPY,20210806,0000,121.046,121.111,121.037,121.083,3204450000
CHFJPY,20210806,0100,121.086,121.094,121.038,121.074,2042850000
CHFJPY,20210806,0200,121.076,121.079,121.010,121.017,1365170000
CHFJPY,20210806,0300,121.023,121.032,120.982,121.012,1003640000
CHFJPY,20210806,0400,121.013,121.013,120.947,120.958,975090000
CHFJPY,20210806,0500,120.957,120.991,120.905,120.974,1502850000
CHFJPY,20210806,0600,120.970,121.028,120.934,120.984,3292030000
CHFJPY,20210806,0700,120.985,120.995,120.913,120.940,6057350000
CHFJPY,20210806,0800,120.940,120.985,120.851,120.904,4317150000
CHFJPY,20210806,0900,120.902,120.976,120.872,120.915,3390630000
CHFJPY,20210806,1000,120.910,120.957,120.870,120.898,4167920000
CHFJPY,20210806,1100,120.897,120.932,120.843,120.857,3226380000
CHFJPY,20210806,1200,120.859,121.048,120.828,120.930,16240480000
CHFJPY,20210806,1300,120.929,120.992,120.834,120.859,13832110000
CHFJPY,20210806,1400,120.864,120.893,120.561,120.621,10124070000
CHFJPY,20210806,1500,120.624,120.662,120.540,120.569,6993860000
CHFJPY,20210806,1600,120.567,120.590,120.425,120.445,2375600000
CHFJPY,20210806,1700,120.445,120.534,120.439,120.522,1493430000
CHFJPY,20210806,1800,120.522,120.554,120.430,120.434,1705120000
CHFJPY,20210806,1900,120.436,120.483,120.435,120.457,1298390000
CHFJPY,20210806,2000,120.455,120.480,120.419,120.426,1351380000
CHFJPY,20210808,2100,120.358,120.489,120.281,120.454,182120000
CHFJPY,20210808,2200,120.429,120.525,120.328,120.373,3625250000
CHFJPY,20210808,2300,120.372,120.415,120.329,120.400,3454430000
CHFJPY,20210809,0000,120.399,120.434,120.368,120.403,3127770000
CHFJPY,20210809,0100,120.400,120.441,120.384,120.416,2905810000
CHFJPY,20210809,0200,120.417,120.476,120.417,120.446,1157320000
CHFJPY,20210809,0300,120.444,120.451,120.421,120.432,889350000
CHFJPY,20210809,0400,120.433,120.474,120.427,120.460,718050000
CHFJPY,20210809,0500,120.461,120.466,120.421,120.421,1119940000
CHFJPY,20210809,0600,120.425,120.440,120.307,120.347,3773040000
CHFJPY,20210809,0700,120.348,120.391,120.284,120.290,5977610000
CHFJPY,20210809,0800,120.290,120.329,120.195,120.196,5526200000
CHFJPY,20210809,0900,120.195,120.210,120.127,120.192,4970560000
CHFJPY,20210809,1000,120.191,120.209,120.083,120.126,3603150000
CHFJPY,20210809,1100,120.126,120.189,120.076,120.089,4564140000
CHFJPY,20210809,1200,120.091,120.170,120.057,120.110,4880880000
CHFJPY,20210809,1300,120.111,120.133,119.979,119.996,7187990000
CHFJPY,20210809,1400,119.996,120.013,119.870,119.938,7596550000
CHFJPY,20210809,1500,119.933,120.000,119.923,119.955,5051620000
CHFJPY,20210809,1600,119.955,119.961,119.882,119.888,2113270000
CHFJPY,20210809,1700,119.888,119.897,119.845,119.869,1604870000
CHFJPY,20210809,1800,119.871,119.886,119.850,119.860,1668980000
CHFJPY,20210809,1900,119.860,119.872,119.818,119.860,1679300000
CHFJPY,20210809,2000,119.862,119.892,119.803,119.803,1406260000
CHFJPY,20210809,2100,119.827,119.870,119.735,119.844,2334350000
CHFJPY,20210809,2200,119.844,119.870,119.765,119.793,710530000
CHFJPY,20210809,2300,119.796,119.822,119.770,119.789,808080000
CHFJPY,20210810,0000,119.790,119.941,119.775,119.894,3210130000
CHFJPY,20210810,0100,119.890,119.920,119.852,119.870,2085450000
CHFJPY,20210810,0200,119.870,119.953,119.859,119.948,1517790000
CHFJPY,20210810,0300,119.946,119.981,119.936,119.959,1529540000
CHFJPY,20210810,0400,119.959,119.960,119.893,119.902,1286650000
CHFJPY,20210810,0500,119.904,119.948,119.901,119.937,1473390000
CHFJPY,20210810,0600,119.940,119.999,119.890,119.953,3619080000
CHFJPY,20210810,0700,119.954,120.029,119.825,119.878,5801260000
CHFJPY,20210810,0800,119.880,120.033,119.859,119.959,4786800000
CHFJPY,20210810,0900,119.957,119.967,119.875,119.921,4769640000
CHFJPY,20210810,1000,119.923,119.925,119.834,119.846,4072690000
CHFJPY,20210810,1100,119.846,119.864,119.721,119.758,4124420000
CHFJPY,20210810,1200,119.757,119.789,119.643,119.682,5713500000
CHFJPY,20210810,1300,119.679,119.845,119.679,119.818,7378890000
CHFJPY,20210810,1400,119.817,119.884,119.761,119.842,7915460000
CHFJPY,20210810,1500,119.835,119.854,119.790,119.804,4182280000
CHFJPY,20210810,1600,119.804,119.833,119.764,119.778,1891630000
CHFJPY,20210810,1700,119.778,119.807,119.753,119.798,1581060000
CHFJPY,20210810,1800,119.798,119.825,119.792,119.811,1316060000
CHFJPY,20210810,1900,119.813,119.827,119.783,119.796,784260000
CHFJPY,20210810,2000,119.795,119.824,119.781,119.781,869410000
CHFJPY,20210810,2100,119.749,119.828,119.675,119.713,1868140000
CHFJPY,20210810,2200,119.713,119.819,119.710,119.799,1098230000
CHFJPY,20210810,2300,119.799,119.825,119.787,119.818,828060000
CHFJPY,20210811,0000,119.817,119.900,119.808,119.875,2116670000
CHFJPY,20210811,0100,119.872,119.940,119.858,119.920,1429630000
CHFJPY,20210811,0200,119.922,119.986,119.904,119.984,1232430000
CHFJPY,20210811,0300,119.984,119.997,119.885,119.907,1284010000
CHFJPY,20210811,0400,119.906,119.967,119.905,119.931,750040000
CHFJPY,20210811,0500,119.929,119.943,119.900,119.943,1085440000
CHFJPY,20210811,0600,119.944,119.944,119.864,119.878,3293230000
CHFJPY,20210811,0700,119.879,119.948,119.833,119.917,4570580000
CHFJPY,20210811,0800,119.917,119.975,119.887,119.941,3896230000
CHFJPY,20210811,0900,119.942,119.955,119.873,119.938,2781880000
CHFJPY,20210811,1000,119.938,119.956,119.885,119.901,3212570000
CHFJPY,20210811,1100,119.900,119.924,119.850,119.883,2736860000
CHFJPY,20210811,1200,119.884,119.971,119.706,119.890,13159300000
CHFJPY,20210811,1300,119.891,119.953,119.792,119.891,11615170000
CHFJPY,20210811,1400,119.891,119.938,119.818,119.883,6939810000
CHFJPY,20210811,1500,119.881,119.924,119.840,119.862,3715280000
CHFJPY,20210811,1600,119.859,119.894,119.828,119.877,1822750000
CHFJPY,20210811,1700,119.879,119.885,119.737,119.838,4691710000
CHFJPY,20210811,1800,119.838,119.838,119.779,119.807,1833110000
CHFJPY,20210811,1900,119.813,119.825,119.751,119.785,1828120000
CHFJPY,20210811,2000,119.785,119.807,119.723,119.726,1049550000
CHFJPY,20210811,2100,119.718,119.789,119.655,119.761,1473080000
CHFJPY,20210811,2200,119.779,119.833,119.754,119.792,416770000
CHFJPY,20210811,2300,119.793,119.801,119.745,119.754,1052160000
CHFJPY,20210812,0000,119.754,119.770,119.702,119.710,1787080000
CHFJPY,20210812,0100,119.709,119.729,119.680,119.718,1664210000
CHFJPY,20210812,0200,119.717,119.781,119.706,119.766,1705970000
CHFJPY,20210812,0300,119.764,119.789,119.739,119.772,1025870000
CHFJPY,20210812,0400,119.771,119.811,119.769,119.792,1148100000
CHFJPY,20210812,0500,119.801,119.837,119.790,119.792,944450000
CHFJPY,20210812,0600,119.790,119.820,119.750,119.757,3395460000
CHFJPY,20210812,0700,119.757,119.810,119.730,119.781,4383540000
CHFJPY,20210812,0800,119.778,119.783,119.697,119.752,4418080000
CHFJPY,20210812,0900,119.750,119.813,119.750,119.774,2740070000
CHFJPY,20210812,1000,119.775,119.784,119.680,119.752,2687550000
CHFJPY,20210812,1100,119.752,119.773,119.701,119.753,2450040000
CHFJPY,20210812,1200,119.754,119.782,119.700,119.754,5738480000
CHFJPY,20210812,1300,119.750,119.765,119.636,119.682,6154860000
CHFJPY,20210812,1400,119.689,119.689,119.475,119.488,4828800000
CHFJPY,20210812,1500,119.491,119.569,119.465,119.558,3510500000
CHFJPY,20210812,1600,119.558,119.611,119.548,119.571,1707640000
CHFJPY,20210812,1700,119.569,119.604,119.537,119.547,2157350000
CHFJPY,20210812,1800,119.547,119.572,119.513,119.550,1606000000
CHFJPY,20210812,1900,119.554,119.586,119.531,119.550,1450550000
CHFJPY,20210812,2000,119.547,119.606,119.538,119.538,826650000
CHFJPY,20210812,2100,119.482,119.570,119.423,119.546,2610220000
CHFJPY,20210812,2200,119.544,119.581,119.535,119.564,596440000
CHFJPY,20210812,2300,119.567,119.593,119.554,119.587,476530000
CHFJPY,20210813,0000,119.587,119.624,119.572,119.591,1798160000
CHFJPY,20210813,0100,119.591,119.630,119.564,119.627,1593240000
CHFJPY,20210813,0200,119.625,119.630,119.584,119.600,1090030000
CHFJPY,20210813,0300,119.602,119.610,119.576,119.586,656630000
CHFJPY,20210813,0400,119.588,119.607,119.575,119.599,686140000
CHFJPY,20210813,0500,119.601,119.602,119.566,119.570,770730000
CHFJPY,20210813,0600,119.570,119.572,119.475,119.486,2605880000
CHFJPY,20210813,0700,119.486,119.522,119.371,119.471,4532540000
CHFJPY,20210813,0800,119.474,119.534,119.458,119.525,3028970000
CHFJPY,20210813,0900,119.524,119.642,119.506,119.623,2572900000
CHFJPY,20210813,1000,119.621,119.627,119.574,119.606,1797230000
CHFJPY,20210813,1100,119.604,119.723,119.594,119.698,3390730000
CHFJPY,20210813,1200,119.697,119.816,119.685,119.779,4184380000
CHFJPY,20210813,1300,119.778,119.846,119.744,119.790,5215400000
CHFJPY,20210813,1400,119.790,119.942,119.734,119.906,10083000000
CHFJPY,20210813,1500,119.907,119.909,119.765,119.791,4627550000
CHFJPY,20210813,1600,119.793,119.833,119.754,119.762,2405580000
CHFJPY,20210813,1700,119.762,119.780,119.719,119.751,2174400000
CHFJPY,20210813,1800,119.747,119.749,119.692,119.729,1831970000
CHFJPY,20210813,1900,119.725,119.744,119.689,119.700,1763100000
CHFJPY,20210813,2000,119.699,119.744,119.685,119.710,1329260000
CHFJPY,20210815,2100,119.525,119.610,119.492,119.610,104360000
CHFJPY,20210815,2200,119.610,119.860,119.586,119.770,2070250000
CHFJPY,20210815,2300,119.772,119.774,119.718,119.745,1815420000
CHFJPY,20210816,0000,119.745,119.749,119.540,119.615,5382540000
CHFJPY,20210816,0100,119.612,119.644,119.557,119.587,2736680000
CHFJPY,20210816,0200,119.586,119.587,119.473,119.503,2976980000
CHFJPY,20210816,0300,119.501,119.501,119.374,119.394,1629800000
CHFJPY,20210816,0400,119.395,119.494,119.395,119.485,1327230000
CHFJPY,20210816,0500,119.487,119.499,119.424,119.439,1175870000
CHFJPY,20210816,0600,119.439,119.470,119.338,119.358,3682610000
CHFJPY,20210816,0700,119.361,119.532,119.324,119.529,6030850000
CHFJPY,20210816,0800,119.528,119.775,119.527,119.743,5547870000
CHFJPY,20210816,0900,119.743,119.771,119.616,119.623,4072470000
CHFJPY,20210816,1000,119.621,119.668,119.576,119.664,4593170000
CHFJPY,20210816,1100,119.664,119.687,119.624,119.629,4753500000
CHFJPY,20210816,1200,119.625,119.738,119.623,119.680,7108080000
CHFJPY,20210816,1300,119.677,119.773,119.628,119.671,9007450000
CHFJPY,20210816,1400,119.670,119.788,119.643,119.779,8950850000
CHFJPY,20210816,1500,119.783,119.811,119.670,119.751,4353230000
CHFJPY,20210816,1600,119.752,119.780,119.708,119.713,1724840000
CHFJPY,20210816,1700,119.712,119.745,119.704,119.723,980580000
CHFJPY,20210816,1800,119.721,119.772,119.696,119.729,1053000000
CHFJPY,20210816,1900,119.730,119.763,119.722,119.734,1167500000
CHFJPY,20210816,2000,119.735,119.748,119.695,119.695,873600000
CHFJPY,20210816,2100,119.742,119.755,119.608,119.699,1291170000
CHFJPY,20210816,2200,119.700,119.750,119.681,119.748,373090000
CHFJPY,20210816,2300,119.749,119.795,119.726,119.760,1213660000
CHFJPY,20210817,0000,119.760,119.769,119.621,119.640,2307540000
CHFJPY,20210817,0100,119.643,119.672,119.582,119.645,2058950000
CHFJPY,20210817,0200,119.645,119.728,119.624,119.654,2384300000
CHFJPY,20210817,0300,119.655,119.694,119.634,119.654,2285830000
CHFJPY,20210817,0400,119.655,119.698,119.655,119.689,1151990000
CHFJPY,20210817,0500,119.689,119.714,119.634,119.711,1485860000
CHFJPY,20210817,0600,119.714,119.790,119.667,119.757,5876990000
CHFJPY,20210817,0700,119.757,120.052,119.688,120.040,8894080000
CHFJPY,20210817,0800,120.039,120.120,119.990,120.021,6829590000
CHFJPY,20210817,0900,120.023,120.032,119.929,119.941,4702150000
CHFJPY,20210817,1000,119.941,119.987,119.835,119.918,3985310000
CHFJPY,20210817,1100,119.918,120.012,119.877,119.999,4762430000
CHFJPY,20210817,1200,119.998,120.063,119.865,120.061,10396480000
CHFJPY,20210817,1300,120.059,120.105,119.950,119.994,9476490000
CHFJPY,20210817,1400,119.994,120.016,119.829,119.856,7750120000
CHFJPY,20210817,1500,119.852,119.927,119.809,119.843,5015460000
CHFJPY,20210817,1600,119.844,119.873,119.746,119.757,2215510000
CHFJPY,20210817,1700,119.756,119.830,119.750,119.804,2194210000
CHFJPY,20210817,1800,119.802,119.831,119.748,119.761,1989790000
CHFJPY,20210817,1900,119.761,119.815,119.743,119.804,1477130000
CHFJPY,20210817,2000,119.801,119.803,119.746,119.746,995290000
CHFJPY,20210817,2100,119.543,119.752,119.511,119.752,920480000
CHFJPY,20210817,2200,119.752,119.806,119.727,119.742,773370000
CHFJPY,20210817,2300,119.745,119.791,119.711,119.714,995190000
CHFJPY,20210818,0000,119.712,119.788,119.689,119.709,2853460000
CHFJPY,20210818,0100,119.709,119.811,119.680,119.779,2555810000
CHFJPY,20210818,0200,119.780,119.887,119.730,119.882,2672200000
CHFJPY,20210818,0300,119.883,119.962,119.865,119.933,1760650000
CHFJPY,20210818,0400,119.933,119.970,119.886,119.897,1464380000
CHFJPY,20210818,0500,119.895,119.937,119.864,119.882,1211660000
CHFJPY,20210818,0600,119.888,119.938,119.872,119.892,3324910000
CHFJPY,20210818,0700,119.892,120.052,119.879,119.996,5078700000
CHFJPY,20210818,0800,119.999,120.054,119.899,120.031,4540810000
CHFJPY,20210818,0900,120.029,120.082,119.982,119.989,3654950000
CHFJPY,20210818,1000,119.987,120.008,119.862,119.864,3252820000
CHFJPY,20210818,1100,119.863,119.975,119.798,119.940,4355020000
CHFJPY,20210818,1200,119.939,119.987,119.910,119.982,5698590000
CHFJPY,20210818,1300,119.983,119.995,119.827,119.864,6376690000
CHFJPY,20210818,1400,119.865,119.866,119.680,119.738,6698440000
CHFJPY,20210818,1500,119.736,119.750,119.539,119.734,5486110000
CHFJPY,20210818,1600,119.735,119.792,119.732,119.785,2424110000
CHFJPY,20210818,1700,119.788,119.890,119.780,119.850,2538940000
CHFJPY,20210818,1800,119.849,120.018,119.828,119.880,10206900000
CHFJPY,20210818,1900,119.881,119.881,119.782,119.793,3669930000
CHFJPY,20210818,2000,119.792,119.800,119.652,119.653,1695450000
CHFJPY,20210818,2100,119.653,119.817,119.570,119.704,2398830000
CHFJPY,20210818,2200,119.704,119.784,119.704,119.754,897340000
CHFJPY,20210818,2300,119.757,119.766,119.700,119.700,1146600000
CHFJPY,20210819,0000,119.700,119.736,119.619,119.703,3885120000
CHFJPY,20210819,0100,119.705,119.803,119.662,119.762,3430680000
CHFJPY,20210819,0200,119.759,119.803,119.705,119.756,3338260000
CHFJPY,20210819,0300,119.753,119.773,119.692,119.760,2640790000
CHFJPY,20210819,0400,119.761,119.778,119.723,119.776,1472380000
CHFJPY,20210819,0500,119.774,119.850,119.724,119.773,3040380000
CHFJPY,20210819,0600,119.769,119.817,119.712,119.780,7795000000
CHFJPY,20210819,0700,119.780,119.847,119.681,119.778,10929950000
CHFJPY,20210819,0800,119.778,119.785,119.565,119.633,8791730000
CHFJPY,20210819,0900,119.632,119.769,119.498,119.739,8431510000
CHFJPY,20210819,1000,119.736,119.805,119.511,119.525,5274990000
CHFJPY,20210819,1100,119.522,119.586,119.459,119.513,5172060000
CHFJPY,20210819,1200,119.512,119.680,119.483,119.604,7270730000
CHFJPY,20210819,1300,119.604,119.700,119.550,119.648,8973600000
CHFJPY,20210819,1400,119.651,119.676,119.468,119.510,11124550000
CHFJPY,20210819,1500,119.509,119.634,119.457,119.626,5797670000
CHFJPY,20210819,1600,119.626,119.673,119.596,119.659,2278020000
CHFJPY,20210819,1700,119.658,119.659,119.568,119.570,1974150000
CHFJPY,20210819,1800,119.570,119.588,119.484,119.506,2563910000
CHFJPY,20210819,1900,119.506,119.554,119.446,119.456,1937450000
CHFJPY,20210819,2000,119.456,119.493,119.448,119.454,1910690000
CHFJPY,20210819,2100,119.306,119.479,119.280,119.368,428620000
CHFJPY,20210819,2200,119.420,119.469,119.420,119.444,666680000
CHFJPY,20210819,2300,119.443,119.462,119.420,119.442,1101550000
CHFJPY,20210820,0000,119.444,119.679,119.444,119.646,3103170000
CHFJPY,20210820,0100,119.645,119.657,119.459,119.515,4233790000
CHFJPY,20210820,0200,119.515,119.591,119.505,119.544,2474090000
CHFJPY,20210820,0300,119.543,119.806,119.537,119.740,2251150000
CHFJPY,20210820,0400,119.744,119.758,119.688,119.736,1336660000
CHFJPY,20210820,0500,119.736,119.752,119.623,119.731,2772120000
CHFJPY,20210820,0600,119.728,119.738,119.564,119.669,5171580000
CHFJPY,20210820,0700,119.662,119.678,119.556,119.604,8425030000
CHFJPY,20210820,0800,119.604,119.683,119.416,119.486,6091450000
CHFJPY,20210820,0900,119.484,119.521,119.388,119.505,4155000000
CHFJPY,20210820,1000,119.505,119.632,119.446,119.579,3208190000
CHFJPY,20210820,1100,119.577,119.626,119.470,119.486,4296390000
CHFJPY,20210820,1200,119.487,119.563,119.462,119.530,4853880000
CHFJPY,20210820,1300,119.528,119.813,119.519,119.725,9683070000
CHFJPY,20210820,1400,119.725,119.749,119.592,119.597,7508310000
CHFJPY,20210820,1500,119.599,119.650,119.562,119.607,3939260000
CHFJPY,20210820,1600,119.606,119.783,119.597,119.775,2179210000
CHFJPY,20210820,1700,119.776,119.782,119.659,119.676,1302670000
CHFJPY,20210820,1800,119.677,119.703,119.639,119.660,1077060000
CHFJPY,20210820,1900,119.658,119.754,119.655,119.740,1104910000
CHFJPY,20210820,2000,119.739,119.758,119.643,119.643,1333260000
CHFJPY,20210822,2100,119.631,119.670,119.554,119.651,141420000
CHFJPY,20210822,2200,119.704,119.758,119.644,119.689,2439260000
CHFJPY,20210822,2300,119.693,119.747,119.687,119.742,922680000
CHFJPY,20210823,0000,119.743,119.857,119.737,119.771,3757630000
CHFJPY,20210823,0100,119.771,119.935,119.752,119.930,3071410000
CHFJPY,20210823,0200,119.930,119.934,119.879,119.893,2045620000
CHFJPY,20210823,0300,119.894,119.949,119.875,119.912,2046910000
CHFJPY,20210823,0400,119.912,119.922,119.859,119.877,1141580000
CHFJPY,20210823,0500,119.876,119.938,119.858,119.930,1639240000
CHFJPY,20210823,0600,119.928,119.973,119.889,119.960,3635960000
CHFJPY,20210823,0700,119.961,120.222,119.937,120.168,7275860000
CHFJPY,20210823,0800,120.166,120.264,120.107,120.259,5508430000
CHFJPY,20210823,0900,120.259,120.307,120.023,120.027,4893690000
CHFJPY,20210823,1000,120.026,120.111,119.935,120.109,3242070000
CHFJPY,20210823,1100,120.105,120.156,120.046,120.088,3194310000
CHFJPY,20210823,1200,120.089,120.117,119.947,120.088,5252830000
CHFJPY,20210823,1300,120.089,120.165,119.963,120.075,9731590000
CHFJPY,20210823,1400,120.074,120.241,120.053,120.162,8117050000
CHFJPY,20210823,1500,120.161,120.210,120.117,120.135,4169820000
CHFJPY,20210823,1600,120.136,120.230,120.128,120.208,1650530000
CHFJPY,20210823,1700,120.207,120.254,120.185,120.222,1166480000
CHFJPY,20210823,1800,120.222,120.236,120.198,120.198,1140180000
CHFJPY,20210823,1900,120.198,120.225,120.174,120.189,1316440000
CHFJPY,20210823,2000,120.186,120.225,120.173,120.195,1499370000
CHFJPY,20210823,2100,120.195,120.195,120.013,120.148,2122630000
CHFJPY,20210823,2200,120.167,120.257,120.164,120.244,738270000
CHFJPY,20210823,2300,120.249,120.249,120.192,120.203,663940000
CHFJPY,20210824,0000,120.204,120.230,120.171,120.211,2156580000
CHFJPY,20210824,0100,120.209,120.224,120.164,120.169,1785280000
CHFJPY,20210824,0200,120.168,120.192,120.125,120.187,1317460000
CHFJPY,20210824,0300,120.185,120.200,120.164,120.192,669930000
CHFJPY,20210824,0400,120.192,120.226,120.172,120.207,777070000
CHFJPY,20210824,0500,120.212,120.341,120.206,120.253,2109460000
CHFJPY,20210824,0600,120.250,120.336,120.233,120.281,3673500000
CHFJPY,20210824,0700,120.280,120.343,120.215,120.280,5678430000
CHFJPY,20210824,0800,120.280,120.316,120.186,120.234,4737530000
CHFJPY,20210824,0900,120.233,120.314,120.158,120.173,3939170000
CHFJPY,20210824,1000,120.176,120.245,120.097,120.118,3312650000
CHFJPY,20210824,1100,120.115,120.245,120.091,120.201,3287420000
CHFJPY,20210824,1200,120.200,120.236,120.124,120.175,6024910000
CHFJPY,20210824,1300,120.174,120.228,120.069,120.120,9563050000
CHFJPY,20210824,1400,120.120,120.310,120.051,120.285,8457990000
CHFJPY,20210824,1500,120.284,120.306,120.104,120.126,4692480000
CHFJPY,20210824,1600,120.127,120.176,120.111,120.165,2057940000
CHFJPY,20210824,1700,120.164,120.167,120.014,120.032,1922770000
CHFJPY,20210824,1800,120.032,120.175,120.032,120.171,1804800000
CHFJPY,20210824,1900,120.170,120.174,120.099,120.118,1313830000
CHFJPY,20210824,2000,120.119,120.165,120.113,120.113,934250000
CHFJPY,20210824,2100,120.074,120.162,120.055,120.117,3285160000
CHFJPY,20210824,2200,120.097,120.185,120.097,120.145,715020000
CHFJPY,20210824,2300,120.150,120.174,120.128,120.151,757030000
CHFJPY,20210825,0000,120.149,120.205,120.038,120.065,2950330000
CHFJPY,20210825,0100,120.069,120.090,120.038,120.045,1947040000
CHFJPY,20210825,0200,120.045,120.056,119.990,120.006,1993910000
CHFJPY,20210825,0300,120.006,120.040,119.982,120.016,1470150000
CHFJPY,20210825,0400,120.018,120.032,119.983,120.001,1204010000
CHFJPY,20210825,0500,120.000,120.032,119.993,120.012,1267170000
CHFJPY,20210825,0600,120.014,120.054,119.948,120.003,3213880000
CHFJPY,20210825,0700,119.999,120.154,119.977,120.055,4768960000
CHFJPY,20210825,0800,120.059,120.309,120.029,120.196,5721870000
CHFJPY,20210825,0900,120.197,120.250,120.173,120.203,3317500000
CHFJPY,20210825,1000,120.202,120.265,120.157,120.203,3231080000
CHFJPY,20210825,1100,120.205,120.253,120.112,120.158,3723070000
CHFJPY,20210825,1200,120.156,120.224,120.078,120.200,7122960000
CHFJPY,20210825,1300,120.193,120.357,120.171,120.331,9216190000
CHFJPY,20210825,1400,120.330,120.450,120.312,120.353,9157780000
CHFJPY,20210825,1500,120.359,120.451,120.288,120.420,5496210000
CHFJPY,20210825,1600,120.418,120.483,120.412,120.438,2018340000
CHFJPY,20210825,1700,120.435,120.468,120.397,120.421,2146610000
CHFJPY,20210825,1800,120.419,120.490,120.364,120.369,2586030000
CHFJPY,20210825,1900,120.369,120.411,120.334,120.382,1606350000
CHFJPY,20210825,2000,120.378,120.391,120.294,120.294,837700000
CHFJPY,20210825,2100,120.310,120.436,120.242,120.332,2849950000
CHFJPY,20210825,2200,120.385,120.423,120.341,120.367,851110000
CHFJPY,20210825,2300,120.370,120.396,120.344,120.358,602490000
CHFJPY,20210826,0000,120.358,120.421,120.354,120.379,2231520000
CHFJPY,20210826,0100,120.379,120.414,120.326,120.357,2397620000
CHFJPY,20210826,0200,120.357,120.357,120.259,120.282,1802220000
CHFJPY,20210826,0300,120.282,120.291,120.187,120.199,1709640000
CHFJPY,20210826,0400,120.199,120.239,120.185,120.239,1037540000
CHFJPY,20210826,0500,120.243,120.312,120.216,120.279,1152010000
CHFJPY,20210826,0600,120.279,120.295,120.171,120.175,3916130000
CHFJPY,20210826,0700,120.174,120.350,120.127,120.282,7581350000
CHFJPY,20210826,0800,120.280,120.296,120.063,120.106,5533940000
CHFJPY,20210826,0900,120.105,120.240,120.080,120.209,3678860000
CHFJPY,20210826,1000,120.207,120.292,120.181,120.231,2933790000
CHFJPY,20210826,1100,120.225,120.229,120.078,120.103,3978120000
CHFJPY,20210826,1200,120.103,120.153,120.018,120.038,8496810000
CHFJPY,20210826,1300,120.038,120.087,119.860,119.927,10873200000
CHFJPY,20210826,1400,119.926,120.062,119.817,119.842,11247360000
CHFJPY,20210826,1500,119.841,120.004,119.797,119.994,6294220000
CHFJPY,20210826,1600,119.995,119.998,119.880,119.883,2527090000
CHFJPY,20210826,1700,119.883,119.888,119.795,119.860,3398020000
CHFJPY,20210826,1800,119.860,119.860,119.797,119.832,1869550000
CHFJPY,20210826,1900,119.834,119.856,119.813,119.840,1728770000
CHFJPY,20210826,2000,119.839,119.923,119.832,119.898,1501640000
CHFJPY,20210826,2100,119.899,119.908,119.703,119.869,1848610000
CHFJPY,20210826,2200,119.877,119.924,119.877,119.891,1043960000
CHFJPY,20210826,2300,119.895,119.923,119.870,119.870,665560000
CHFJPY,20210827,0000,119.872,119.891,119.767,119.858,3198180000
CHFJPY,20210827,0100,119.858,119.901,119.791,119.860,2855700000
CHFJPY,20210827,0200,119.859,119.943,119.854,119.926,1786270000
CHFJPY,20210827,0300,119.920,119.945,119.874,119.931,1285940000
CHFJPY,20210827,0400,119.931,119.992,119.902,119.960,2079880000
CHFJPY,20210827,0500,119.960,120.017,119.951,119.988,1598590000
CHFJPY,20210827,0600,119.987,120.081,119.967,120.034,2936440000
CHFJPY,20210827,0700,120.034,120.134,120.011,120.082,4203840000
CHFJPY,20210827,0800,120.081,120.090,119.889,119.890,4100090000
CHFJPY,20210827,0900,119.889,120.019,119.879,120.018,2728720000
CHFJPY,20210827,1000,120.015,120.081,119.972,120.012,2839510000
CHFJPY,20210827,1100,120.009,120.088,119.970,120.027,3352800000
CHFJPY,20210827,1200,120.026,120.064,119.872,119.882,5311590000
CHFJPY,20210827,1300,119.882,120.233,119.827,120.184,12588030000
CHFJPY,20210827,1400,120.184,120.400,120.072,120.388,19350490000
CHFJPY,20210827,1500,120.386,120.513,120.361,120.417,7110700000
CHFJPY,20210827,1600,120.419,120.577,120.407,120.562,3713700000
CHFJPY,20210827,1700,120.559,120.562,120.474,120.500,2159420000
CHFJPY,20210827,1800,120.498,120.509,120.469,120.496,1658050000
CHFJPY,20210827,1900,120.492,120.516,120.468,120.513,1711780000
CHFJPY,20210827,2000,120.512,120.574,120.500,120.514,1415400000
CHFJPY,20210829,2100,120.386,120.440,120.320,120.389,48140000
CHFJPY,20210829,2200,120.497,120.543,120.473,120.538,924880000
CHFJPY,20210829,2300,120.539,120.559,120.499,120.529,1540840000
CHFJPY,20210830,0000,120.529,120.545,120.430,120.487,2316390000
CHFJPY,20210830,0100,120.483,120.543,120.467,120.543,1918820000
CHFJPY,20210830,0200,120.542,120.600,120.508,120.571,1609620000
CHFJPY,20210830,0300,120.576,120.576,120.487,120.488,1169530000
CHFJPY,20210830,0400,120.487,120.508,120.444,120.458,1016080000
CHFJPY,20210830,0500,120.458,120.488,120.402,120.406,1396190000
CHFJPY,20210830,0600,120.407,120.448,120.320,120.387,2520630000
CHFJPY,20210830,0700,120.389,120.439,120.162,120.196,3609780000
CHFJPY,20210830,0800,120.198,120.198,119.942,119.949,3905230000
CHFJPY,20210830,0900,119.949,120.091,119.931,120.067,2170540000
CHFJPY,20210830,1000,120.067,120.092,120.004,120.064,2025640000
CHFJPY,20210830,1100,120.062,120.153,119.994,120.088,2325850000
CHFJPY,20210830,1200,120.087,120.110,119.988,120.014,3446100000
CHFJPY,20210830,1300,120.012,120.097,119.874,119.912,5613630000
CHFJPY,20210830,1400,119.912,119.994,119.686,119.961,7408350000
CHFJPY,20210830,1500,119.959,120.013,119.818,119.828,3665100000
CHFJPY,20210830,1600,119.824,119.917,119.812,119.902,1458040000
CHFJPY,20210830,1700,119.904,119.915,119.862,119.894,1019720000
CHFJPY,20210830,1800,119.893,119.915,119.864,119.874,1126570000
CHFJPY,20210830,1900,119.874,119.898,119.823,119.843,1297070000
CHFJPY,20210830,2000,119.844,119.899,119.808,119.841,1138940000
CHFJPY,20210830,2100,119.812,119.832,119.719,119.776,325410000
CHFJPY,20210830,2200,119.808,119.918,119.808,119.886,932830000
CHFJPY,20210830,2300,119.886,119.899,119.854,119.858,710250000
CHFJPY,20210831,0000,119.861,119.896,119.823,119.850,2921950000
CHFJPY,20210831,0100,119.849,119.890,119.805,119.863,2360550000
CHFJPY,20210831,0200,119.864,119.901,119.849,119.901,1706020000
CHFJPY,20210831,0300,119.899,120.024,119.884,120.005,1880180000
CHFJPY,20210831,0400,120.006,120.073,119.998,120.050,1693520000
CHFJPY,20210831,0500,120.052,120.067,119.997,120.054,2337310000
CHFJPY,20210831,0600,120.054,120.103,119.980,120.004,3370890000
CHFJPY,20210831,0700,120.003,120.052,119.891,119.963,4679390000
CHFJPY,20210831,0800,119.964,120.206,119.957,120.202,4503070000
CHFJPY,20210831,0900,120.203,120.328,120.198,120.266,4326290000
CHFJPY,20210831,1000,120.264,120.386,120.234,120.299,4223590000
CHFJPY,20210831,1100,120.300,120.389,120.292,120.327,4573950000
CHFJPY,20210831,1200,120.329,120.414,120.183,120.260,7330650000
CHFJPY,20210831,1300,120.260,120.361,120.199,120.210,10229880000
CHFJPY,20210831,1400,120.209,120.318,119.851,119.913,12662790000
CHFJPY,20210831,1500,119.912,120.139,119.899,120.114,10743970000
CHFJPY,20210831,1600,120.114,120.165,120.054,120.062,3145260000
CHFJPY,20210831,1700,120.062,120.152,120.033,120.141,2319520000
CHFJPY,20210831,1800,120.142,120.230,120.131,120.222,2325330000
CHFJPY,20210831,1900,120.225,120.225,120.099,120.139,2734650000
CHFJPY,20210831,2000,120.136,120.197,120.111,120.152,1574110000
CHFJPY,20210831,2100,120.162,120.206,120.136,120.152,170610000
CHFJPY,20210831,2200,120.152,120.195,120.151,120.168,810390000
CHFJPY,20210831,2300,120.171,120.233,120.155,120.225,794170000
CHFJPY,20210901,0000,120.225,120.250,120.183,120.219,4126830000
CHFJPY,20210901,0100,120.221,120.248,120.134,120.166,3799100000
CHFJPY,20210901,0200,120.172,120.195,120.097,120.118,2233520000
CHFJPY,20210901,0300,120.118,120.118,120.016,120.016,1738130000
CHFJPY,20210901,0400,120.016,120.040,119.989,120.034,1190340000
CHFJPY,20210901,0500,120.035,120.041,119.971,120.021,1953970000
CHFJPY,20210901,0600,120.024,120.061,119.948,120.016,4719360000
CHFJPY,20210901,0700,120.013,120.354,120.003,120.291,6903340000
CHFJPY,20210901,0800,120.290,120.309,120.221,120.296,4332370000
CHFJPY,20210901,0900,120.296,120.332,120.157,120.310,3829640000
CHFJPY,20210901,1000,120.312,120.383,120.304,120.331,2811900000
CHFJPY,20210901,1100,120.332,120.378,120.265,120.309,3747810000
CHFJPY,20210901,1200,120.308,120.319,120.127,120.240,9926640000
CHFJPY,20210901,1300,120.241,120.245,120.062,120.157,8944880000
CHFJPY,20210901,1400,120.156,120.408,120.145,120.330,10504630000
CHFJPY,20210901,1500,120.328,120.376,120.225,120.303,4878770000
CHFJPY,20210901,1600,120.302,120.358,120.273,120.302,2294090000
CHFJPY,20210901,1700,120.301,120.343,120.206,120.212,1451160000
CHFJPY,20210901,1800,120.208,120.240,120.111,120.119,1668560000
CHFJPY,20210901,1900,120.122,120.205,120.122,120.142,1975000000
CHFJPY,20210901,2000,120.144,120.199,120.125,120.125,1279250000
CHFJPY,20210901,2100,120.135,120.170,120.054,120.151,2529360000
CHFJPY,20210901,2200,120.149,120.186,120.115,120.173,603480000
CHFJPY,20210901,2300,120.174,120.241,120.161,120.231,646010000
CHFJPY,20210902,0000,120.234,120.278,120.113,120.165,4198500000
CHFJPY,20210902,0100,120.163,120.175,120.083,120.107,2027150000
CHFJPY,20210902,0200,120.108,120.131,120.093,120.117,982510000
CHFJPY,20210902,0300,120.118,120.151,120.111,120.148,1049200000
CHFJPY,20210902,0400,120.149,120.156,120.127,120.147,706630000
CHFJPY,20210902,0500,120.142,120.154,120.105,120.142,1202260000
CHFJPY,20210902,0600,120.144,120.288,120.139,120.284,2847040000
CHFJPY,20210902,0700,120.283,120.291,120.129,120.197,4727470000
CHFJPY,20210902,0800,120.198,120.232,120.139,120.141,4239500000
CHFJPY,20210902,0900,120.142,120.161,120.039,120.061,4100170000
CHFJPY,20210902,1000,120.057,120.134,120.013,120.111,2370050000
CHFJPY,20210902,1100,120.112,120.247,119.997,120.204,3429840000
CHFJPY,20210902,1200,120.204,120.237,120.019,120.094,4983130000
CHFJPY,20210902,1300,120.094,120.155,120.022,120.127,6073100000
CHFJPY,20210902,1400,120.128,120.289,120.076,120.274,7572040000
CHFJPY,20210902,1500,120.272,120.311,120.077,120.089,4046910000
CHFJPY,20210902,1600,120.090,120.175,120.089,120.161,2025220000
CHFJPY,20210902,1700,120.161,120.234,120.160,120.221,2193800000
CHFJPY,20210902,1800,120.220,120.229,120.166,120.216,1443750000
CHFJPY,20210902,1900,120.218,120.261,120.211,120.232,1667830000
CHFJPY,20210902,2000,120.230,120.237,120.183,120.198,782040000
CHFJPY,20210902,2100,120.196,120.197,120.024,120.130,4228180000
CHFJPY,20210902,2200,120.184,120.241,120.164,120.236,421380000
CHFJPY,20210902,2300,120.239,120.252,120.209,120.215,558140000
CHFJPY,20210903,0000,120.215,120.277,120.188,120.215,2988810000
CHFJPY,20210903,0100,120.214,120.271,120.197,120.265,2857200000
CHFJPY,20210903,0200,120.266,120.381,120.181,120.381,3058780000
CHFJPY,20210903,0300,120.385,120.389,120.311,120.330,3804410000
CHFJPY,20210903,0400,120.330,120.356,120.306,120.321,1698360000
CHFJPY,20210903,0500,120.322,120.361,120.318,120.327,1862800000
CHFJPY,20210903,0600,120.333,120.368,120.296,120.350,2250020000
CHFJPY,20210903,0700,120.350,120.391,120.261,120.349,5226240000
CHFJPY,20210903,0800,120.348,120.410,120.280,120.296,3014740000
CHFJPY,20210903,0900,120.296,120.296,120.167,120.184,4066350000
CHFJPY,20210903,1000,120.186,120.235,120.133,120.133,2912760000
CHFJPY,20210903,1100,120.133,120.183,120.105,120.171,2736070000
CHFJPY,20210903,1200,120.172,120.319,120.016,120.204,15230070000
CHFJPY,20210903,1300,120.207,120.417,119.971,120.080,14078860000
CHFJPY,20210903,1400,120.082,120.146,119.938,120.051,10622470000
CHFJPY,20210903,1500,120.051,120.143,119.989,119.994,5081760000
CHFJPY,20210903,1600,119.989,120.018,119.952,120.017,1543740000
CHFJPY,20210903,1700,120.016,120.136,120.011,120.096,1647850000
CHFJPY,20210903,1800,120.093,120.103,120.020,120.041,1146860000
CHFJPY,20210903,1900,120.037,120.047,120.000,120.004,1159880000
CHFJPY,20210903,2000,120.004,120.029,119.968,119.981,1428670000
CHFJPY,20210905,2100,119.956,120.014,119.955,119.968,372440000
CHFJPY,20210905,2200,120.113,120.119,120.008,120.075,549740000
CHFJPY,20210905,2300,120.072,120.123,120.055,120.119,1128870000
CHFJPY,20210906,0000,120.118,120.130,120.030,120.090,2535560000
CHFJPY,20210906,0100,120.091,120.114,120.075,120.093,1477370000
CHFJPY,20210906,0200,120.091,120.100,120.009,120.032,1175380000
CHFJPY,20210906,0300,120.031,120.050,119.984,120.038,1196900000
CHFJPY,20210906,0400,120.042,120.071,120.012,120.028,1234100000
CHFJPY,20210906,0500,120.027,120.033,119.988,120.002,1033420000
CHFJPY,20210906,0600,120.002,120.058,119.981,119.984,1690420000
CHFJPY,20210906,0700,119.985,120.050,119.946,119.988,3282770000
CHFJPY,20210906,0800,119.988,120.079,119.967,120.010,3087530000
CHFJPY,20210906,0900,120.012,120.035,119.925,119.971,3517380000
CHFJPY,20210906,1000,119.969,120.002,119.905,119.911,2702750000
CHFJPY,20210906,1100,119.910,119.959,119.890,119.920,2301840000
CHFJPY,20210906,1200,119.920,119.923,119.834,119.847,2528680000
CHFJPY,20210906,1300,119.844,119.935,119.814,119.893,3342240000
CHFJPY,20210906,1400,119.893,119.914,119.830,119.909,3051730000
CHFJPY,20210906,1500,119.907,119.960,119.854,119.950,1610870000
CHFJPY,20210906,1600,119.950,120.044,119.950,120.042,831290000
CHFJPY,20210906,1700,120.042,120.054,120.019,120.028,1888780000
CHFJPY,20210906,1800,120.028,120.047,120.005,120.029,929130000
CHFJPY,20210906,1900,120.029,120.045,119.980,119.987,3338390000
CHFJPY,20210906,2000,119.975,120.023,119.924,119.970,7552790000
CHFJPY,20210906,2100,119.981,119.990,119.772,119.894,3196270000
CHFJPY,20210906,2200,119.929,120.009,119.929,119.983,849850000
CHFJPY,20210906,2300,119.984,120.029,119.984,120.027,848360000
CHFJPY,20210907,0000,120.028,120.098,119.992,120.094,3028030000
CHFJPY,20210907,0100,120.094,120.149,120.076,120.115,2247740000
CHFJPY,20210907,0200,120.113,120.170,120.018,120.100,2306990000
CHFJPY,20210907,0300,120.098,120.160,120.085,120.122,1861820000
CHFJPY,20210907,0400,120.125,120.156,120.093,120.097,2271930000
CHFJPY,20210907,0500,120.098,120.109,120.037,120.071,2033200000
CHFJPY,20210907,0600,120.067,120.224,120.038,120.214,4572060000
CHFJPY,20210907,0700,120.213,120.355,120.203,120.280,7426790000
CHFJPY,20210907,0800,120.280,120.290,120.148,120.235,7140830000
CHFJPY,20210907,0900,120.234,120.301,120.210,120.246,5821310000
CHFJPY,20210907,1000,120.246,120.322,120.224,120.303,5158040000
CHFJPY,20210907,1100,120.302,120.323,120.160,120.236,4776510000
CHFJPY,20210907,1200,120.235,120.287,120.207,120.230,5357610000
CHFJPY,20210907,1300,120.230,120.270,120.166,120.206,8097050000
CHFJPY,20210907,1400,120.203,120.211,119.984,120.004,10349750000
CHFJPY,20210907,1500,120.008,120.045,119.958,120.015,5054700000
CHFJPY,20210907,1600,120.014,120.015,119.943,119.958,2565460000
CHFJPY,20210907,1700,119.958,119.974,119.903,119.953,2129690000
CHFJPY,20210907,1800,119.952,119.985,119.936,119.963,2061560000
CHFJPY,20210907,1900,119.962,119.979,119.900,119.900,1888170000
CHFJPY,20210907,2000,119.900,119.944,119.872,119.872,2191140000
CHFJPY,20210907,2100,119.829,119.925,119.829,119.907,863040000
CHFJPY,20210907,2200,119.907,119.958,119.904,119.957,1186940000
CHFJPY,20210907,2300,119.960,119.962,119.935,119.951,801740000
CHFJPY,20210908,0000,119.944,119.987,119.908,119.961,2339980000
CHFJPY,20210908,0100,119.961,120.006,119.939,119.989,1773780000
CHFJPY,20210908,0200,119.991,119.998,119.937,119.957,1162750000
CHFJPY,20210908,0300,119.957,119.969,119.926,119.951,1118580000
CHFJPY,20210908,0400,119.952,119.964,119.927,119.958,1096290000
CHFJPY,20210908,0500,119.957,120.006,119.926,119.993,1757410000
CHFJPY,20210908,0600,119.988,120.009,119.942,119.963,4122360000
CHFJPY,20210908,0700,119.963,120.023,119.877,119.928,8303320000
CHFJPY,20210908,0800,119.929,119.978,119.695,119.746,8299690000
CHFJPY,20210908,0900,119.747,119.833,119.597,119.701,5564900000
CHFJPY,20210908,1000,119.702,119.734,119.652,119.685,4443100000
CHFJPY,20210908,1100,119.683,119.806,119.677,119.718,4817750000
CHFJPY,20210908,1200,119.717,119.737,119.604,119.644,6528040000
CHFJPY,20210908,1300,119.644,119.715,119.584,119.705,8343780000
CHFJPY,20210908,1400,119.705,119.752,119.503,119.610,10534770000
CHFJPY,20210908,1500,119.609,119.700,119.607,119.659,5096200000
CHFJPY,20210908,1600,119.661,119.696,119.587,119.597,2563890000
CHFJPY,20210908,1700,119.597,119.637,119.552,119.636,2709700000
CHFJPY,20210908,1800,119.636,119.676,119.597,119.619,2084390000
CHFJPY,20210908,1900,119.617,119.634,119.555,119.570,1264830000
CHFJPY,20210908,2000,119.569,119.615,119.551,119.551,1484120000
CHFJPY,20210908,2100,119.556,119.585,119.520,119.563,1449490000
CHFJPY,20210908,2200,119.563,119.606,119.559,119.580,645880000
CHFJPY,20210908,2300,119.580,119.606,119.550,119.552,778990000
CHFJPY,20210909,0000,119.552,119.576,119.492,119.556,2332060000
CHFJPY,20210909,0100,119.556,119.576,119.515,119.563,2040870000
CHFJPY,20210909,0200,119.564,119.656,119.520,119.654,2271420000
CHFJPY,20210909,0300,119.651,119.727,119.639,119.680,1433990000
CHFJPY,20210909,0400,119.680,119.687,119.610,119.639,1233270000
CHFJPY,20210909,0500,119.640,119.684,119.605,119.645,1573340000
CHFJPY,20210909,0600,119.647,119.738,119.587,119.592,3833910000
CHFJPY,20210909,0700,119.591,119.600,119.491,119.510,7336530000
CHFJPY,20210909,0800,119.511,119.660,119.483,119.558,5309680000
CHFJPY,20210909,0900,119.559,119.572,119.492,119.571,5115310000
CHFJPY,20210909,1000,119.571,119.572,119.513,119.533,3126920000
CHFJPY,20210909,1100,119.534,119.774,119.501,119.751,6972580000
CHFJPY,20210909,1200,119.753,119.838,119.558,119.629,11681470000
CHFJPY,20210909,1300,119.630,119.703,119.498,119.557,11368100000
CHFJPY,20210909,1400,119.557,119.606,119.433,119.566,9507770000
CHFJPY,20210909,1500,119.561,119.670,119.511,119.639,5776910000
CHFJPY,20210909,1600,119.638,119.727,119.627,119.663,2459050000
CHFJPY,20210909,1700,119.665,119.667,119.572,119.616,3422390000
CHFJPY,20210909,1800,119.618,119.645,119.586,119.637,2122220000
CHFJPY,20210909,1900,119.637,119.699,119.631,119.683,1853780000
CHFJPY,20210909,2000,119.684,119.731,119.647,119.652,1315410000
CHFJPY,20210909,2100,119.642,119.738,119.577,119.624,3497270000
CHFJPY,20210909,2200,119.668,119.779,119.668,119.772,3991330000
CHFJPY,20210909,2300,119.777,119.780,119.741,119.756,969970000
CHFJPY,20210910,0000,119.753,119.779,119.672,119.685,3552430000
CHFJPY,20210910,0100,119.685,119.731,119.665,119.722,2363830000
CHFJPY,20210910,0200,119.723,119.801,119.710,119.786,2272250000
CHFJPY,20210910,0300,119.785,119.859,119.766,119.852,1677750000
CHFJPY,20210910,0400,119.852,119.867,119.818,119.852,1519820000
CHFJPY,20210910,0500,119.853,119.912,119.843,119.910,1707820000
CHFJPY,20210910,0600,119.906,119.922,119.872,119.916,3151610000
CHFJPY,20210910,0700,119.912,120.054,119.890,120.021,5265850000
CHFJPY,20210910,0800,120.020,120.065,119.979,120.056,4915520000
CHFJPY,20210910,0900,120.055,120.093,119.900,119.987,4309610000
CHFJPY,20210910,1000,119.993,120.004,119.724,119.802,4063680000
CHFJPY,20210910,1100,119.802,119.869,119.769,119.781,3784830000
CHFJPY,20210910,1200,119.781,119.832,119.742,119.761,5305780000
CHFJPY,20210910,1300,119.761,119.773,119.669,119.743,7347400000
CHFJPY,20210910,1400,119.742,119.856,119.719,119.745,8327530000
CHFJPY,20210910,1500,119.746,119.778,119.684,119.739,5833060000
CHFJPY,20210910,1600,119.738,119.810,119.697,119.750,2359800000
CHFJPY,20210910,1700,119.747,119.768,119.691,119.768,1389890000
CHFJPY,20210910,1800,119.767,119.787,119.715,119.732,1411220000
CHFJPY,20210910,1900,119.728,119.730,119.632,119.641,2081770000
CHFJPY,20210910,2000,119.642,119.700,119.626,119.661,1608200000
CHFJPY,20210912,2100,119.504,119.660,119.386,119.556,11776120000
CHFJPY,20210912,2200,119.565,119.703,119.565,119.665,1569320000
CHFJPY,20210912,2300,119.664,119.699,119.649,119.697,1059620000
CHFJPY,20210913,0000,119.698,119.721,119.639,119.670,2894650000
CHFJPY,20210913,0100,119.671,119.674,119.622,119.622,1778340000
CHFJPY,20210913,0200,119.622,119.677,119.592,119.674,1554180000
CHFJPY,20210913,0300,119.674,119.704,119.643,119.692,1364850000
CHFJPY,20210913,0400,119.692,119.709,119.621,119.638,1483030000
CHFJPY,20210913,0500,119.639,119.710,119.589,119.699,2144640000
CHFJPY,20210913,0600,119.696,119.735,119.620,119.620,4149650000
CHFJPY,20210913,0700,119.621,119.646,119.510,119.628,5212230000
CHFJPY,20210913,0800,119.627,119.639,119.495,119.515,4052360000
CHFJPY,20210913,0900,119.515,119.571,119.399,119.403,3152930000
CHFJPY,20210913,1000,119.403,119.470,119.193,119.208,5284930000
CHFJPY,20210913,1100,119.210,119.233,119.133,119.185,3945430000
CHFJPY,20210913,1200,119.186,119.297,119.169,119.274,4984130000
CHFJPY,20210913,1300,119.272,119.389,119.272,119.355,6526620000
CHFJPY,20210913,1400,119.357,119.410,119.251,119.349,8102660000
CHFJPY,20210913,1500,119.348,119.406,119.300,119.334,4291610000
CHFJPY,20210913,1600,119.334,119.345,119.304,119.327,1436430000
CHFJPY,20210913,1700,119.327,119.338,119.240,119.250,1644740000
CHFJPY,20210913,1800,119.250,119.255,119.184,119.197,1476350000
CHFJPY,20210913,1900,119.195,119.261,119.178,119.235,1593200000
CHFJPY,20210913,2000,119.235,119.277,119.233,119.234,905670000
CHFJPY,20210913,2100,119.153,119.261,119.108,119.203,341840000
CHFJPY,20210913,2200,119.258,119.304,119.247,119.282,2737930000
CHFJPY,20210913,2300,119.278,119.299,119.242,119.256,632610000
CHFJPY,20210914,0000,119.254,119.275,119.205,119.265,3381480000
CHFJPY,20210914,0100,119.261,119.343,119.257,119.332,2268620000
CHFJPY,20210914,0200,119.334,119.421,119.328,119.417,1572360000
CHFJPY,20210914,0300,119.416,119.430,119.360,119.385,1745290000
CHFJPY,20210914,0400,119.385,119.414,119.372,119.374,976140000
CHFJPY,20210914,0500,119.375,119.424,119.370,119.413,1231750000
CHFJPY,20210914,0600,119.412,119.483,119.347,119.447,3032770000
CHFJPY,20210914,0700,119.447,119.519,119.317,119.409,5315940000
CHFJPY,20210914,0800,119.409,119.411,119.298,119.368,3982450000
CHFJPY,20210914,0900,119.369,119.388,119.325,119.363,3579620000
CHFJPY,20210914,1000,119.364,119.421,119.340,119.416,3147230000
CHFJPY,20210914,1100,119.419,119.487,119.390,119.462,3460770000
CHFJPY,20210914,1200,119.462,119.648,119.428,119.574,10879030000
CHFJPY,20210914,1300,119.575,119.633,119.305,119.342,9805740000
CHFJPY,20210914,1400,119.342,119.371,119.180,119.261,9956340000
CHFJPY,20210914,1500,119.261,119.299,119.221,119.275,5394740000
CHFJPY,20210914,1600,119.275,119.388,119.275,119.299,2708510000
CHFJPY,20210914,1700,119.298,119.338,119.264,119.326,2455700000
CHFJPY,20210914,1800,119.324,119.346,119.220,119.238,2350680000
CHFJPY,20210914,1900,119.239,119.239,119.148,119.206,1876750000
CHFJPY,20210914,2000,119.206,119.238,119.096,119.096,1238060000
CHFJPY,20210914,2100,119.151,119.232,119.132,119.232,819820000
CHFJPY,20210914,2200,119.210,119.269,119.201,119.249,835060000
CHFJPY,20210914,2300,119.250,119.252,119.221,119.232,448290000
CHFJPY,20210915,0000,119.232,119.260,119.076,119.079,3713300000
CHFJPY,20210915,0100,119.079,119.198,119.062,119.158,2800910000
CHFJPY,20210915,0200,119.157,119.238,119.121,119.182,2087920000
CHFJPY,20210915,0300,119.182,119.227,119.169,119.206,1252740000
CHFJPY,20210915,0400,119.206,119.239,119.084,119.117,1541200000
CHFJPY,20210915,0500,119.118,119.157,119.054,119.091,1893830000
CHFJPY,20210915,0600,119.092,119.146,119.021,119.111,4298150000
CHFJPY,20210915,0700,119.111,119.174,119.052,119.057,4571340000
CHFJPY,20210915,0800,119.060,119.149,118.980,119.105,5049540000
CHFJPY,20210915,0900,119.104,119.224,119.069,119.186,5147390000
CHFJPY,20210915,1000,119.187,119.236,119.145,119.184,5241020000
CHFJPY,20210915,1100,119.183,119.211,119.042,119.069,4876880000
CHFJPY,20210915,1200,119.072,119.150,118.992,119.046,8510250000
CHFJPY,20210915,1300,119.045,119.082,118.947,119.058,9852560000
CHFJPY,20210915,1400,119.058,119.091,118.819,118.906,8935000000
CHFJPY,20210915,1500,118.906,118.993,118.874,118.962,5353800000
CHFJPY,20210915,1600,118.961,118.968,118.876,118.884,1998570000
CHFJPY,20210915,1700,118.883,118.946,118.877,118.918,1244580000
CHFJPY,20210915,1800,118.916,118.937,118.881,118.912,1287130000
CHFJPY,20210915,1900,118.914,118.962,118.900,118.908,1115280000
CHFJPY,20210915,2000,118.914,118.925,118.879,118.879,799170000
CHFJPY,20210915,2100,118.873,118.911,118.774,118.795,340370000
CHFJPY,20210915,2200,118.843,118.915,118.834,118.908,671370000
CHFJPY,20210915,2300,118.909,118.925,118.862,118.923,868600000
CHFJPY,20210916,0000,118.924,118.965,118.875,118.907,2688770000
CHFJPY,20210916,0100,118.906,118.907,118.781,118.797,2183890000
CHFJPY,20210916,0200,118.799,118.865,118.748,118.839,1897250000
CHFJPY,20210916,0300,118.841,118.864,118.789,118.797,1143630000
CHFJPY,20210916,0400,118.798,118.809,118.739,118.759,999990000
CHFJPY,20210916,0500,118.759,118.773,118.623,118.628,2439670000
CHFJPY,20210916,0600,118.627,118.729,118.616,118.621,4248600000
CHFJPY,20210916,0700,118.627,118.701,118.541,118.586,6372540000
CHFJPY,20210916,0800,118.586,118.628,118.388,118.404,5930990000
CHFJPY,20210916,0900,118.402,118.526,118.343,118.422,5125290000
CHFJPY,20210916,1000,118.422,118.452,118.245,118.274,4670560000
CHFJPY,20210916,1100,118.274,118.352,118.228,118.281,4270220000
CHFJPY,20210916,1200,118.279,118.412,118.130,118.397,10772930000
CHFJPY,20210916,1300,118.398,118.511,118.334,118.375,10865900000
CHFJPY,20210916,1400,118.376,118.601,118.324,118.512,8429350000
CHFJPY,20210916,1500,118.513,118.598,118.445,118.552,4031770000
CHFJPY,20210916,1600,118.552,118.560,118.483,118.497,1370680000
CHFJPY,20210916,1700,118.496,118.498,118.362,118.396,1220900000
CHFJPY,20210916,1800,118.399,118.402,118.332,118.334,1111240000
CHFJPY,20210916,1900,118.334,118.462,118.331,118.363,2692890000
CHFJPY,20210916,2000,118.360,118.397,118.214,118.214,1835350000
CHFJPY,20210916,2100,118.236,118.372,118.220,118.278,564380000
CHFJPY,20210916,2200,118.275,118.298,118.259,118.273,809530000
CHFJPY,20210916,2300,118.272,118.301,118.266,118.281,735940000
CHFJPY,20210917,0000,118.279,118.368,118.258,118.350,2855490000
CHFJPY,20210917,0100,118.351,118.429,118.294,118.420,2757410000
CHFJPY,20210917,0200,118.420,118.489,118.409,118.472,1880930000
CHFJPY,20210917,0300,118.475,118.540,118.465,118.505,1380030000
CHFJPY,20210917,0400,118.505,118.556,118.486,118.515,1033040000
CHFJPY,20210917,0500,118.515,118.569,118.515,118.561,1491570000
CHFJPY,20210917,0600,118.559,118.592,118.467,118.543,3153150000
CHFJPY,20210917,0700,118.539,118.669,118.500,118.668,5766860000
CHFJPY,20210917,0800,118.669,118.690,118.563,118.596,5803280000
CHFJPY,20210917,0900,118.597,118.670,118.569,118.618,6296210000
CHFJPY,20210917,1000,118.618,118.664,118.553,118.587,4394590000
CHFJPY,20210917,1100,118.590,118.600,118.467,118.599,5177130000
CHFJPY,20210917,1200,118.600,118.620,118.489,118.517,6390720000
CHFJPY,20210917,1300,118.520,118.572,118.319,118.380,9741750000
CHFJPY,20210917,1400,118.378,118.384,118.042,118.111,12705970000
CHFJPY,20210917,1500,118.110,118.119,117.978,118.108,6672440000
CHFJPY,20210917,1600,118.108,118.137,117.967,117.970,2497140000
CHFJPY,20210917,1700,117.971,118.019,117.902,117.905,1842600000
CHFJPY,20210917,1800,117.904,117.970,117.889,117.894,1593740000
CHFJPY,20210917,1900,117.897,117.966,117.868,117.936,2507370000
CHFJPY,20210917,2000,117.936,117.978,117.909,117.916,1180590000
CHFJPY,20210919,2100,117.851,117.940,117.723,117.903,128120000
CHFJPY,20210919,2200,117.961,117.969,117.910,117.947,835590000
CHFJPY,20210919,2300,117.947,117.994,117.940,117.985,814210000
CHFJPY,20210920,0000,117.987,118.013,117.971,118.001,1187570000
CHFJPY,20210920,0100,117.996,118.001,117.890,117.890,1317700000
CHFJPY,20210920,0200,117.891,117.893,117.764,117.823,2238370000
CHFJPY,20210920,0300,117.823,117.923,117.817,117.880,1649380000
CHFJPY,20210920,0400,117.880,117.911,117.862,117.900,962600000
CHFJPY,20210920,0500,117.900,117.952,117.883,117.909,1164950000
CHFJPY,20210920,0600,117.909,117.919,117.750,117.805,4132250000
CHFJPY,20210920,0700,117.804,117.838,117.611,117.767,7887780000
CHFJPY,20210920,0800,117.769,117.798,117.650,117.738,6675310000
CHFJPY,20210920,0900,117.737,117.750,117.533,117.681,6405340000
CHFJPY,20210920,1000,117.679,117.851,117.639,117.645,5705970000
CHFJPY,20210920,1100,117.645,117.775,117.631,117.762,5871560000
CHFJPY,20210920,1200,117.760,117.934,117.745,117.912,8427400000
CHFJPY,20210920,1300,117.913,117.979,117.828,117.945,8721530000
CHFJPY,20210920,1400,117.944,118.064,117.890,117.985,9401260000
CHFJPY,20210920,1500,117.985,118.076,117.896,117.987,5312390000
CHFJPY,20210920,1600,117.990,118.017,117.899,117.907,3757470000
CHFJPY,20210920,1700,117.905,117.913,117.858,117.878,3081300000
CHFJPY,20210920,1800,117.878,117.891,117.820,117.867,2409830000
CHFJPY,20210920,1900,117.868,117.940,117.831,117.894,2203980000
CHFJPY,20210920,2000,117.896,117.929,117.868,117.869,1398870000
CHFJPY,20210920,2100,117.842,117.942,117.785,117.787,2421150000
CHFJPY,20210920,2200,117.872,117.924,117.856,117.886,811060000
CHFJPY,20210920,2300,117.887,117.974,117.853,117.956,1518960000
CHFJPY,20210921,0000,117.952,118.098,117.915,118.078,2995110000
CHFJPY,20210921,0100,118.078,118.137,118.025,118.121,3242420000
CHFJPY,20210921,0200,118.120,118.176,118.104,118.127,1727220000
CHFJPY,20210921,0300,118.128,118.189,118.082,118.159,1634250000
CHFJPY,20210921,0400,118.160,118.191,118.083,118.112,1168970000
CHFJPY,20210921,0500,118.111,118.142,118.090,118.107,1717180000
CHFJPY,20210921,0600,118.106,118.210,118.074,118.146,5011280000
CHFJPY,20210921,0700,118.144,118.336,118.125,118.329,7748980000
CHFJPY,20210921,0800,118.328,118.407,118.275,118.343,6173820000
CHFJPY,20210921,0900,118.342,118.488,118.312,118.422,4523160000
CHFJPY,20210921,1000,118.421,118.455,118.353,118.438,3458270000
CHFJPY,20210921,1100,118.439,118.453,118.286,118.405,5139080000
CHFJPY,20210921,1200,118.403,118.453,118.295,118.326,10699300000
CHFJPY,20210921,1300,118.326,118.400,118.255,118.331,10400150000
CHFJPY,20210921,1400,118.327,118.395,118.173,118.335,10691770000
CHFJPY,20210921,1500,118.333,118.386,118.242,118.378,5179700000
CHFJPY,20210921,1600,118.378,118.392,118.278,118.317,2892600000
CHFJPY,20210921,1700,118.317,118.321,118.185,118.266,2487480000
CHFJPY,20210921,1800,118.266,118.309,118.239,118.271,2671170000
CHFJPY,20210921,1900,118.274,118.291,118.246,118.253,2018540000
CHFJPY,20210921,2000,118.253,118.254,118.207,118.222,1015160000
CHFJPY,20210921,2100,118.207,118.289,118.000,118.157,1817780000
CHFJPY,20210921,2200,118.202,118.308,118.202,118.263,832870000
CHFJPY,20210921,2300,118.263,118.264,118.157,118.191,1701190000
CHFJPY,20210922,0000,118.191,118.286,118.167,118.205,4417600000
CHFJPY,20210922,0100,118.207,118.459,118.155,118.370,7519760000
CHFJPY,20210922,0200,118.369,118.452,118.345,118.423,3211030000
CHFJPY,20210922,0300,118.424,118.433,118.366,118.387,2216060000
CHFJPY,20210922,0400,118.385,118.454,118.357,118.433,1614500000
CHFJPY,20210922,0500,118.433,118.483,118.407,118.424,2322080000
CHFJPY,20210922,0600,118.423,118.573,118.423,118.561,4739680000
CHFJPY,20210922,0700,118.561,118.627,118.473,118.585,8476350000
CHFJPY,20210922,0800,118.582,118.736,118.515,118.732,5904940000
CHFJPY,20210922,0900,118.731,118.802,118.677,118.688,4727650000
CHFJPY,20210922,1000,118.689,118.833,118.680,118.775,3844260000
CHFJPY,20210922,1100,118.774,118.831,118.723,118.756,3790050000
CHFJPY,20210922,1200,118.755,118.857,118.684,118.823,6421580000
CHFJPY,20210922,1300,118.824,118.859,118.706,118.710,6614620000
CHFJPY,20210922,1400,118.715,118.858,118.702,118.823,8267650000
CHFJPY,20210922,1500,118.822,118.845,118.760,118.830,5552990000
CHFJPY,20210922,1600,118.829,118.858,118.734,118.738,3190490000
CHFJPY,20210922,1700,118.737,118.743,118.601,118.610,2821460000
CHFJPY,20210922,1800,118.617,118.862,118.507,118.542,25261520000
CHFJPY,20210922,1900,118.543,118.717,118.509,118.559,11819930000
CHFJPY,20210922,2000,118.559,118.575,118.490,118.505,1504040000
CHFJPY,20210922,2100,118.418,118.536,118.289,118.415,215990000
CHFJPY,20210922,2200,118.469,118.571,118.463,118.548,1868180000
CHFJPY,20210922,2300,118.548,118.567,118.528,118.539,871600000
CHFJPY,20210923,0000,118.538,118.565,118.473,118.512,2122610000
CHFJPY,20210923,0100,118.513,118.572,118.465,118.563,1488990000
CHFJPY,20210923,0200,118.563,118.572,118.515,118.521,1569150000
CHFJPY,20210923,0300,118.523,118.586,118.522,118.547,1404420000
CHFJPY,20210923,0400,118.548,118.577,118.509,118.567,940950000
CHFJPY,20210923,0500,118.566,118.638,118.551,118.613,1256640000
CHFJPY,20210923,0600,118.616,118.845,118.606,118.830,5476230000
CHFJPY,20210923,0700,118.829,119.011,118.745,118.778,9942650000
CHFJPY,20210923,0800,118.779,119.092,118.772,119.000,7779700000
CHFJPY,20210923,0900,119.001,119.089,118.834,118.845,7605620000
CHFJPY,20210923,1000,118.846,118.876,118.671,118.797,9920110000
CHFJPY,20210923,1100,118.797,118.953,118.759,118.933,8436210000
CHFJPY,20210923,1200,118.935,119.200,118.917,119.180,9636570000
CHFJPY,20210923,1300,119.181,119.353,119.145,119.303,10960630000
CHFJPY,20210923,1400,119.304,119.448,119.239,119.403,9435030000
CHFJPY,20210923,1500,119.398,119.432,119.168,119.196,7921040000
CHFJPY,20210923,1600,119.198,119.307,119.142,119.299,2678380000
CHFJPY,20210923,1700,119.298,119.394,119.272,119.392,2200850000
CHFJPY,20210923,1800,119.392,119.392,119.323,119.361,2715720000
CHFJPY,20210923,1900,119.359,119.375,119.276,119.294,2794020000
CHFJPY,20210923,2000,119.295,119.332,119.244,119.328,1795750000
CHFJPY,20210923,2100,119.290,119.317,119.108,119.153,549410000
CHFJPY,20210923,2200,119.271,119.324,119.266,119.291,1097940000
CHFJPY,20210923,2300,119.290,119.312,119.277,119.302,845460000
CHFJPY,20210924,0000,119.302,119.448,119.293,119.418,4090460000
CHFJPY,20210924,0100,119.420,119.420,119.301,119.304,2683950000
CHFJPY,20210924,0200,119.307,119.396,119.305,119.394,1408530000
CHFJPY,20210924,0300,119.394,119.452,119.378,119.389,1653320000
CHFJPY,20210924,0400,119.390,119.404,119.348,119.377,1264590000
CHFJPY,20210924,0500,119.378,119.441,119.349,119.414,1665940000
CHFJPY,20210924,0600,119.412,119.500,119.362,119.485,4267710000
CHFJPY,20210924,0700,119.484,119.610,119.453,119.513,8332150000
CHFJPY,20210924,0800,119.515,119.526,119.338,119.490,6564990000
CHFJPY,20210924,0900,119.491,119.653,119.477,119.612,4558550000
CHFJPY,20210924,1000,119.614,119.696,119.547,119.689,3961150000
CHFJPY,20210924,1100,119.689,119.736,119.537,119.554,5744050000
CHFJPY,20210924,1200,119.558,119.590,119.474,119.489,6251250000
CHFJPY,20210924,1300,119.490,119.693,119.468,119.667,8350440000
CHFJPY,20210924,1400,119.669,119.713,119.571,119.708,8323350000
CHFJPY,20210924,1500,119.706,119.734,119.615,119.724,5172110000
CHFJPY,20210924,1600,119.724,119.783,119.722,119.742,3955120000
CHFJPY,20210924,1700,119.742,119.767,119.721,119.754,2859300000
CHFJPY,20210924,1800,119.755,119.761,119.698,119.753,2635050000
CHFJPY,20210924,1900,119.752,119.758,119.701,119.702,1706250000
CHFJPY,20210924,2000,119.699,119.845,119.684,119.741,1555610000
CHFJPY,20210926,2100,119.562,119.675,119.482,119.637,207260000
CHFJPY,20210926,2200,119.676,119.820,119.645,119.770,840670000
CHFJPY,20210926,2300,119.767,119.797,119.733,119.792,1068000000
CHFJPY,20210927,0000,119.791,119.798,119.649,119.692,3824230000
CHFJPY,20210927,0100,119.693,119.703,119.592,119.617,2458890000
CHFJPY,20210927,0200,119.618,119.650,119.514,119.517,2040120000
CHFJPY,20210927,0300,119.515,119.544,119.452,119.472,1651030000
CHFJPY,20210927,0400,119.473,119.491,119.435,119.438,874300000
CHFJPY,20210927,0500,119.435,119.460,119.379,119.400,1443410000
CHFJPY,20210927,0600,119.402,119.462,119.362,119.402,4831060000
CHFJPY,20210927,0700,119.403,119.459,119.285,119.285,6174000000
CHFJPY,20210927,0800,119.289,119.475,119.230,119.463,8266160000
CHFJPY,20210927,0900,119.462,119.659,119.459,119.633,6111090000
CHFJPY,20210927,1000,119.635,119.807,119.597,119.714,4596690000
CHFJPY,20210927,1100,119.714,119.753,119.572,119.608,6126700000
CHFJPY,20210927,1200,119.611,119.637,119.514,119.614,13128860000
CHFJPY,20210927,1300,119.614,119.650,119.504,119.637,10997780000
CHFJPY,20210927,1400,119.635,119.862,119.623,119.859,9440850000
CHFJPY,20210927,1500,119.859,119.929,119.845,119.868,6708320000
CHFJPY,20210927,1600,119.864,119.933,119.844,119.887,2570360000
CHFJPY,20210927,1700,119.883,119.935,119.863,119.920,2494130000
CHFJPY,20210927,1800,119.919,119.943,119.865,119.887,1985070000
CHFJPY,20210927,1900,119.885,119.913,119.856,119.909,2134700000
CHFJPY,20210927,2000,119.909,119.946,119.822,119.846,1004720000
CHFJPY,20210927,2100,119.845,119.867,119.794,119.797,2798370000
CHFJPY,20210927,2200,119.831,119.908,119.831,119.873,702350000
CHFJPY,20210927,2300,119.875,119.893,119.845,119.862,539240000
CHFJPY,20210928,0000,119.862,119.910,119.767,119.840,2541130000
CHFJPY,20210928,0100,119.840,119.933,119.794,119.909,2204360000
CHFJPY,20210928,0200,119.907,120.021,119.901,120.019,2042160000
CHFJPY,20210928,0300,120.017,120.025,119.969,119.987,1822180000
CHFJPY,20210928,0400,119.984,120.011,119.949,119.991,1239360000
CHFJPY,20210928,0500,119.991,120.028,119.978,120.012,2096580000
CHFJPY,20210928,0600,120.012,120.057,119.835,119.875,6932740000
CHFJPY,20210928,0700,119.876,119.935,119.756,119.842,10698850000
CHFJPY,20210928,0800,119.840,119.974,119.780,119.935,7609330000
CHFJPY,20210928,0900,119.935,120.055,119.876,119.933,6869430000
CHFJPY,20210928,1000,119.933,120.068,119.887,120.064,7478310000
CHFJPY,20210928,1100,120.062,120.183,120.025,120.168,8361070000
CHFJPY,20210928,1200,120.168,120.204,120.046,120.143,11750110000
CHFJPY,20210928,1300,120.144,120.152,119.970,120.052,11468350000
CHFJPY,20210928,1400,120.053,120.154,119.909,120.007,17480410000
CHFJPY,20210928,1500,120.005,120.032,119.896,119.927,9435980000
CHFJPY,20210928,1600,119.927,120.010,119.901,119.939,4596440000
CHFJPY,20210928,1700,119.940,119.974,119.884,119.946,4235980000
CHFJPY,20210928,1800,119.945,120.008,119.914,119.980,2925460000
CHFJPY,20210928,1900,119.980,120.022,119.938,119.956,3416940000
CHFJPY,20210928,2000,119.958,120.030,119.946,119.961,1975200000
CHFJPY,20210928,2100,119.902,120.012,119.861,119.977,1340570000
CHFJPY,20210928,2200,119.999,120.042,119.988,120.030,620600000
CHFJPY,20210928,2300,120.033,120.073,120.006,120.021,934330000
CHFJPY,20210929,0000,120.020,120.098,119.996,120.074,3685300000
CHFJPY,20210929,0100,120.078,120.137,119.966,120.068,3573720000
CHFJPY,20210929,0200,120.069,120.158,119.885,119.885,3017320000
CHFJPY,20210929,0300,119.882,119.909,119.796,119.878,2389680000
CHFJPY,20210929,0400,119.876,119.976,119.866,119.969,2093750000
CHFJPY,20210929,0500,119.970,119.991,119.896,119.951,4013190000
CHFJPY,20210929,0600,119.951,119.981,119.879,119.889,8015060000
CHFJPY,20210929,0700,119.890,119.928,119.701,119.705,12177340000
CHFJPY,20210929,0800,119.705,119.809,119.665,119.762,9102840000
CHFJPY,20210929,0900,119.764,119.870,119.742,119.777,6732600000
CHFJPY,20210929,1000,119.778,119.923,119.770,119.894,5869350000
CHFJPY,20210929,1100,119.893,119.924,119.813,119.855,8879360000
CHFJPY,20210929,1200,119.853,120.001,119.853,119.940,11145100000
CHFJPY,20210929,1300,119.940,119.982,119.800,119.903,11471940000
CHFJPY,20210929,1400,119.902,119.998,119.806,119.904,13847960000
CHFJPY,20210929,1500,119.905,119.914,119.770,119.781,7093220000
CHFJPY,20210929,1600,119.780,119.810,119.704,119.724,3683690000
CHFJPY,20210929,1700,119.724,119.833,119.716,119.754,4659000000
CHFJPY,20210929,1800,119.757,119.843,119.732,119.839,3818490000
CHFJPY,20210929,1900,119.841,119.844,119.738,119.742,2310630000
CHFJPY,20210929,2000,119.740,119.826,119.729,119.768,1553770000
CHFJPY,20210929,2100,119.737,119.761,119.616,119.669,751040000
CHFJPY,20210929,2200,119.775,119.798,119.754,119.789,808940000
CHFJPY,20210929,2300,119.788,119.839,119.779,119.799,1119150000
CHFJPY,20210930,0000,119.795,119.864,119.757,119.808,3629940000
CHFJPY,20210930,0100,119.807,119.848,119.726,119.784,3445120000
CHFJPY,20210930,0200,119.784,119.862,119.765,119.830,2087310000
CHFJPY,20210930,0300,119.831,119.877,119.813,119.874,1128680000
CHFJPY,20210930,0400,119.875,119.940,119.875,119.916,1622620000
CHFJPY,20210930,0500,119.915,119.945,119.752,119.774,2605620000
CHFJPY,20210930,0600,119.774,119.893,119.766,119.893,5676470000
CHFJPY,20210930,0700,119.893,119.912,119.776,119.808,9193830000
CHFJPY,20210930,0800,119.808,119.882,119.709,119.794,7092650000
CHFJPY,20210930,0900,119.794,119.812,119.662,119.716,5031580000
CHFJPY,20210930,1000,119.714,119.720,119.534,119.631,6699020000
CHFJPY,20210930,1100,119.633,119.716,119.604,119.706,6550260000
CHFJPY,20210930,1200,119.707,119.826,119.670,119.816,10464470000
CHFJPY,20210930,1300,119.812,119.843,119.498,119.521,13234190000
CHFJPY,20210930,1400,119.521,119.790,119.476,119.571,16827970000
CHFJPY,20210930,1500,119.576,119.624,119.348,119.395,14405300000
CHFJPY,20210930,1600,119.395,119.404,119.275,119.290,5603230000
CHFJPY,20210930,1700,119.290,119.378,119.176,119.272,4799860000
CHFJPY,20210930,1800,119.272,119.457,119.271,119.456,3951850000
CHFJPY,20210930,1900,119.458,119.458,119.382,119.426,4180220000
CHFJPY,20210930,2000,119.428,119.443,119.341,119.391,2047540000
CHFJPY,20210930,2100,119.352,119.448,119.187,119.352,1023460000
CHFJPY,20210930,2200,119.408,119.525,119.401,119.486,1753390000
CHFJPY,20210930,2300,119.489,119.536,119.475,119.512,1388540000
CHFJPY,20211001,0000,119.511,119.540,119.351,119.378,4777090000
CHFJPY,20211001,0100,119.379,119.455,119.315,119.443,5275730000
CHFJPY,20211001,0200,119.444,119.486,119.374,119.386,3051480000
CHFJPY,20211001,0300,119.387,119.426,119.273,119.285,2900980000
CHFJPY,20211001,0400,119.288,119.353,119.252,119.334,2336920000
CHFJPY,20211001,0500,119.335,119.339,119.263,119.289,2315670000
CHFJPY,20211001,0600,119.287,119.453,119.267,119.451,9009170000
CHFJPY,20211001,0700,119.452,119.485,119.301,119.389,9941880000
CHFJPY,20211001,0800,119.386,119.406,119.217,119.222,8331850000
CHFJPY,20211001,0900,119.220,119.297,119.096,119.104,7305430000
CHFJPY,20211001,1000,119.106,119.204,119.021,119.199,7043560000
CHFJPY,20211001,1100,119.204,119.510,119.186,119.465,9466670000
CHFJPY,20211001,1200,119.466,119.591,119.454,119.541,12050360000
CHFJPY,20211001,1300,119.543,119.624,119.397,119.419,13220250000
CHFJPY,20211001,1400,119.417,119.524,119.234,119.315,17513380000
CHFJPY,20211001,1500,119.315,119.454,119.309,119.342,9833180000
CHFJPY,20211001,1600,119.343,119.396,119.302,119.370,4437660000
CHFJPY,20211001,1700,119.371,119.407,119.328,119.403,2180550000
CHFJPY,20211001,1800,119.403,119.431,119.363,119.384,2915020000
CHFJPY,20211001,1900,119.384,119.425,119.314,119.346,2234720000
CHFJPY,20211001,2000,119.344,119.384,119.288,119.288,1344360000
CHFJPY,20211003,2100,119.111,119.281,119.009,119.227,389930000
CHFJPY,20211003,2200,119.309,119.402,119.290,119.367,1755270000
CHFJPY,20211003,2300,119.373,119.378,119.330,119.337,1051360000
CHFJPY,20211004,0000,119.339,119.395,119.245,119.287,4358380000
CHFJPY,20211004,0100,119.288,119.353,119.245,119.276,4132410000
CHFJPY,20211004,0200,119.276,119.383,119.263,119.340,3151780000
CHFJPY,20211004,0300,119.340,119.375,119.278,119.312,2390210000
CHFJPY,20211004,0400,119.311,119.326,119.272,119.283,2075320000
CHFJPY,20211004,0500,119.281,119.358,119.279,119.341,2033220000
CHFJPY,20211004,0600,119.339,119.402,119.272,119.357,6025230000
CHFJPY,20211004,0700,119.360,119.531,119.297,119.511,10689090000
CHFJPY,20211004,0800,119.512,119.714,119.502,119.694,7893590000
CHFJPY,20211004,0900,119.695,119.793,119.684,119.734,6277750000
CHFJPY,20211004,1000,119.728,119.920,119.716,119.905,5275620000
CHFJPY,20211004,1100,119.903,119.990,119.886,119.949,6326070000
CHFJPY,20211004,1200,119.950,120.096,119.942,120.069,8562060000
CHFJPY,20211004,1300,120.067,120.266,120.062,120.198,9110230000
CHFJPY,20211004,1400,120.194,120.221,119.941,120.026,14796520000
CHFJPY,20211004,1500,120.026,120.072,119.872,119.953,8647130000
CHFJPY,20211004,1600,119.953,119.970,119.892,119.912,3839340000
CHFJPY,20211004,1700,119.911,119.962,119.888,119.899,2513670000
CHFJPY,20211004,1800,119.900,119.951,119.868,119.948,3295690000
CHFJPY,20211004,1900,119.946,120.008,119.939,120.002,3322940000
CHFJPY,20211004,2000,120.003,120.024,119.886,119.894,1208090000
CHFJPY,20211004,2100,119.783,119.974,119.780,119.932,2082040000
CHFJPY,20211004,2200,119.932,120.055,119.932,120.014,1113400000
CHFJPY,20211004,2300,120.015,120.016,119.944,119.953,1403260000
CHFJPY,20211005,0000,119.951,119.976,119.807,119.857,4858560000
CHFJPY,20211005,0100,119.856,120.030,119.846,119.977,4487930000
CHFJPY,20211005,0200,119.976,120.061,119.972,120.024,2991600000
CHFJPY,20211005,0300,120.024,120.041,119.956,120.003,2599280000
CHFJPY,20211005,0400,120.001,120.020,119.975,119.984,2085970000
CHFJPY,20211005,0500,119.984,120.001,119.936,119.981,2669860000
CHFJPY,20211005,0600,119.982,120.060,119.934,119.999,6448220000
CHFJPY,20211005,0700,119.998,120.044,119.882,119.906,11190700000
CHFJPY,20211005,0800,119.912,120.055,119.878,119.983,7843480000
CHFJPY,20211005,0900,119.982,120.036,119.862,119.971,4559250000
CHFJPY,20211005,1000,119.968,120.024,119.914,119.947,4462140000
CHFJPY,20211005,1100,119.947,120.108,119.919,120.004,5346480000
CHFJPY,20211005,1200,120.004,120.027,119.928,119.953,7290990000
CHFJPY,20211005,1300,119.955,120.104,119.923,120.072,11097000000
CHFJPY,20211005,1400,120.072,120.188,120.004,120.126,11586390000
CHFJPY,20211005,1500,120.129,120.262,120.099,120.141,7797140000
CHFJPY,20211005,1600,120.142,120.186,120.104,120.137,3436140000
CHFJPY,20211005,1700,120.138,120.151,120.081,120.108,2116020000
CHFJPY,20211005,1800,120.107,120.152,120.096,120.152,1989430000
CHFJPY,20211005,1900,120.150,120.161,120.069,120.075,1777540000
CHFJPY,20211005,2000,120.076,120.128,120.032,120.065,1156130000
CHFJPY,20211005,2100,120.069,120.078,119.951,120.039,1909670000
CHFJPY,20211005,2200,120.039,120.126,120.006,120.103,866610000
CHFJPY,20211005,2300,120.102,120.108,120.064,120.072,975830000
CHFJPY,20211006,0000,120.071,120.187,120.068,120.175,3453980000
CHFJPY,20211006,0100,120.175,120.198,120.074,120.135,3574140000
CHFJPY,20211006,0200,120.134,120.190,120.091,120.173,2568890000
CHFJPY,20211006,0300,120.174,120.201,120.151,120.182,2738170000
CHFJPY,20211006,0400,120.182,120.224,120.177,120.209,2437020000
CHFJPY,20211006,0500,120.209,120.242,120.182,120.184,2263570000
CHFJPY,20211006,0600,120.180,120.248,120.115,120.162,6961170000
CHFJPY,20211006,0700,120.157,120.192,119.986,120.005,12040080000
CHFJPY,20211006,0800,120.005,120.022,119.879,119.953,11506910000
CHFJPY,20211006,0900,119.952,119.974,119.864,119.877,9656500000
CHFJPY,20211006,1000,119.877,119.905,119.747,119.859,9226710000
CHFJPY,20211006,1100,119.860,119.970,119.810,119.829,8539380000
CHFJPY,20211006,1200,119.829,119.932,119.785,119.894,12929990000
CHFJPY,20211006,1300,119.896,120.030,119.858,119.892,10938150000
CHFJPY,20211006,1400,119.892,119.942,119.786,119.878,14073160000
CHFJPY,20211006,1500,119.878,119.971,119.821,119.964,8037020000
CHFJPY,20211006,1600,119.963,120.064,119.959,119.993,3090010000
CHFJPY,20211006,1700,119.993,120.100,119.966,120.096,3516020000
CHFJPY,20211006,1800,120.097,120.161,120.063,120.088,3342760000
CHFJPY,20211006,1900,120.087,120.146,120.078,120.123,2704220000
CHFJPY,20211006,2000,120.123,120.161,120.081,120.091,1310820000
CHFJPY,20211006,2100,120.090,120.149,119.959,120.036,2230650000
CHFJPY,20211006,2200,120.040,120.137,120.040,120.109,1286270000
CHFJPY,20211006,2300,120.109,120.110,120.050,120.068,1692010000
CHFJPY,20211007,0000,120.065,120.127,120.000,120.026,4498320000
CHFJPY,20211007,0100,120.027,120.132,119.992,120.120,2808320000
CHFJPY,20211007,0200,120.119,120.176,120.108,120.127,1559580000
CHFJPY,20211007,0300,120.128,120.137,120.102,120.116,1480650000
CHFJPY,20211007,0400,120.115,120.144,120.088,120.119,1058420000
CHFJPY,20211007,0500,120.119,120.148,120.068,120.076,2073370000
CHFJPY,20211007,0600,120.082,120.238,120.079,120.165,6021600000
CHFJPY,20211007,0700,120.162,120.203,120.017,120.063,8911330000
CHFJPY,20211007,0800,120.064,120.226,120.022,120.170,6252580000
CHFJPY,20211007,0900,120.170,120.254,120.139,120.242,6150370000
CHFJPY,20211007,1000,120.244,120.314,120.230,120.305,3715170000
CHFJPY,20211007,1100,120.303,120.313,120.199,120.231,5947340000
CHFJPY,20211007,1200,120.233,120.243,120.138,120.188,7651660000
CHFJPY,20211007,1300,120.190,120.336,120.179,120.253,11474320000
CHFJPY,20211007,1400,120.254,120.378,120.245,120.284,8912270000
CHFJPY,20211007,1500,120.287,120.297,120.128,120.140,5101050000
CHFJPY,20211007,1600,120.142,120.239,120.111,120.226,3152930000
CHFJPY,20211007,1700,120.228,120.281,120.213,120.223,2732270000
CHFJPY,20211007,1800,120.223,120.233,120.134,120.135,2160560000
CHFJPY,20211007,1900,120.132,120.153,120.103,120.136,2295480000
CHFJPY,20211007,2000,120.137,120.185,120.124,120.124,1427440000
CHFJPY,20211007,2100,120.145,120.188,120.097,120.097,765170000
CHFJPY,20211007,2200,120.122,120.210,120.122,120.200,700850000
CHFJPY,20211007,2300,120.201,120.260,120.188,120.243,975440000
CHFJPY,20211008,0000,120.244,120.320,120.201,120.257,3195160000
CHFJPY,20211008,0100,120.255,120.402,120.253,120.373,3789200000
CHFJPY,20211008,0200,120.372,120.397,120.349,120.354,2201730000
CHFJPY,20211008,0300,120.355,120.368,120.314,120.322,1803140000
CHFJPY,20211008,0400,120.324,120.383,120.324,120.357,1562470000
CHFJPY,20211008,0500,120.356,120.381,120.319,120.321,2296100000
CHFJPY,20211008,0600,120.320,120.405,120.300,120.310,4791720000
CHFJPY,20211008,0700,120.309,120.438,120.295,120.398,8662020000
CHFJPY,20211008,0800,120.398,120.422,120.297,120.345,5274770000
CHFJPY,20211008,0900,120.346,120.457,120.238,120.440,5942090000
CHFJPY,20211008,1000,120.440,120.452,120.338,120.356,3997580000
CHFJPY,20211008,1100,120.356,120.384,120.267,120.301,5732750000
CHFJPY,20211008,1200,120.300,120.554,120.300,120.427,19719750000
CHFJPY,20211008,1300,120.428,120.566,120.396,120.516,16635880000
CHFJPY,20211008,1400,120.519,120.907,120.502,120.882,12930330000
CHFJPY,20211008,1500,120.883,120.973,120.851,120.961,8371340000
CHFJPY,20211008,1600,120.960,120.969,120.899,120.956,4226650000
CHFJPY,20211008,1700,120.957,121.028,120.953,120.994,2913060000
CHFJPY,20211008,1800,120.994,121.092,120.987,121.076,4460890000
CHFJPY,20211008,1900,121.075,121.100,120.999,121.036,1984670000
CHFJPY,20211008,2000,121.035,121.080,120.987,120.987,1857390000
CHFJPY,20211010,2100,120.834,120.969,120.831,120.964,762060000
CHFJPY,20211010,2200,121.000,121.104,121.000,121.054,1530230000
CHFJPY,20211010,2300,121.055,121.065,120.959,120.991,1591460000
CHFJPY,20211011,0000,120.990,121.088,120.977,121.074,4506330000
CHFJPY,20211011,0100,121.075,121.184,121.061,121.131,3670530000
CHFJPY,20211011,0200,121.130,121.218,121.106,121.197,2317710000
CHFJPY,20211011,0300,121.197,121.375,121.187,121.370,3013850000
CHFJPY,20211011,0400,121.367,121.387,121.293,121.382,2275380000
CHFJPY,20211011,0500,121.383,121.469,121.357,121.465,2535060000
CHFJPY,20211011,0600,121.464,121.617,121.439,121.597,5685340000
CHFJPY,20211011,0700,121.597,121.785,121.553,121.723,9006330000
CHFJPY,20211011,0800,121.721,121.937,121.721,121.857,7023860000
CHFJPY,20211011,0900,121.857,121.857,121.687,121.710,6093950000
CHFJPY,20211011,1000,121.710,121.885,121.699,121.853,4525390000
CHFJPY,20211011,1100,121.852,121.904,121.811,121.879,5302650000
CHFJPY,20211011,1200,121.878,122.172,121.830,122.070,8739100000
CHFJPY,20211011,1300,122.069,122.306,122.005,122.233,10244830000
CHFJPY,20211011,1400,122.234,122.333,122.234,122.265,6681710000
CHFJPY,20211011,1500,122.265,122.326,122.202,122.317,5173960000
CHFJPY,20211011,1600,122.316,122.339,122.251,122.276,3354720000
CHFJPY,20211011,1700,122.274,122.276,122.151,122.168,3372070000
CHFJPY,20211011,1800,122.173,122.216,122.147,122.212,2486210000
CHFJPY,20211011,1900,122.211,122.226,122.144,122.159,2105760000
CHFJPY,20211011,2000,122.160,122.201,122.102,122.123,1449570000
CHFJPY,20211011,2100,122.091,122.142,121.888,122.097,1051030000
CHFJPY,20211011,2200,122.114,122.225,122.098,122.196,1023890000
CHFJPY,20211011,2300,122.194,122.232,122.162,122.228,1327190000
CHFJPY,20211012,0000,122.227,122.318,122.194,122.278,5196870000
CHFJPY,20211012,0100,122.279,122.316,122.156,122.166,4657240000
CHFJPY,20211012,0200,122.170,122.212,122.106,122.113,2970180000
CHFJPY,20211012,0300,122.113,122.145,122.055,122.119,2418680000
CHFJPY,20211012,0400,122.121,122.159,122.093,122.142,1592950000
CHFJPY,20211012,0500,122.143,122.161,122.089,122.161,2152730000
CHFJPY,20211012,0600,122.167,122.174,122.013,122.093,8213410000
CHFJPY,20211012,0700,122.095,122.204,122.014,122.122,11179360000
CHFJPY,20211012,0800,122.126,122.233,122.114,122.187,6876290000
CHFJPY,20211012,0900,122.190,122.310,122.126,122.145,6187540000
CHFJPY,20211012,1000,122.145,122.210,122.055,122.095,5859340000
CHFJPY,20211012,1100,122.095,122.185,122.050,122.168,6291130000
CHFJPY,20211012,1200,122.167,122.313,122.065,122.177,12050770000
CHFJPY,20211012,1300,122.179,122.275,122.074,122.097,15029260000
CHFJPY,20211012,1400,122.095,122.327,122.045,122.273,12759500000
CHFJPY,20211012,1500,122.274,122.282,122.126,122.203,6562120000
CHFJPY,20211012,1600,122.203,122.218,122.026,122.028,3503320000
CHFJPY,20211012,1700,122.026,122.090,122.012,122.054,2546920000
CHFJPY,20211012,1800,122.053,122.142,122.041,122.096,2875210000
CHFJPY,20211012,1900,122.098,122.109,122.027,122.054,1764180000
CHFJPY,20211012,2000,122.055,122.111,122.020,122.020,1365260000
CHFJPY,20211012,2100,122.034,122.067,121.909,122.031,549480000
CHFJPY,20211012,2200,122.034,122.063,122.010,122.015,1161450000
CHFJPY,20211012,2300,122.018,122.026,121.975,121.990,1313730000
CHFJPY,20211013,0000,121.990,122.065,121.955,121.971,5408120000
CHFJPY,20211013,0100,121.971,122.046,121.940,122.015,3411080000
CHFJPY,20211013,0200,122.014,122.114,122.008,122.038,2766600000
CHFJPY,20211013,0300,122.039,122.114,122.016,122.073,1793230000
CHFJPY,20211013,0400,122.072,122.099,122.058,122.090,1150970000
CHFJPY,20211013,0500,122.089,122.117,122.023,122.096,1889090000
CHFJPY,20211013,0600,122.089,122.165,122.042,122.152,5051320000
CHFJPY,20211013,0700,122.152,122.277,122.148,122.206,7781610000
CHFJPY,20211013,0800,122.206,122.335,122.196,122.288,8156660000
CHFJPY,20211013,0900,122.286,122.410,122.268,122.391,6217060000
CHFJPY,20211013,1000,122.392,122.458,122.388,122.425,5835910000
CHFJPY,20211013,1100,122.426,122.477,122.418,122.437,5350690000
CHFJPY,20211013,1200,122.435,122.493,122.280,122.327,14189050000
CHFJPY,20211013,1300,122.327,122.409,122.302,122.336,16971890000
CHFJPY,20211013,1400,122.334,122.413,122.247,122.360,13100610000
CHFJPY,20211013,1500,122.362,122.601,122.360,122.548,8420500000
CHFJPY,20211013,1600,122.548,122.631,122.502,122.610,4106980000
CHFJPY,20211013,1700,122.611,122.712,122.539,122.643,3914860000
CHFJPY,20211013,1800,122.643,122.718,122.629,122.658,3900970000
CHFJPY,20211013,1900,122.659,122.664,122.589,122.607,2780150000
CHFJPY,20211013,2000,122.609,122.651,122.483,122.483,2378330000
CHFJPY,20211013,2100,122.465,122.565,122.464,122.527,2182270000
CHFJPY,20211013,2200,122.538,122.615,122.538,122.574,939370000
CHFJPY,20211013,2300,122.574,122.612,122.569,122.602,859660000
CHFJPY,20211014,0000,122.602,122.777,122.593,122.761,2829340000
CHFJPY,20211014,0100,122.760,122.846,122.757,122.813,2650400000
CHFJPY,20211014,0200,122.810,122.885,122.789,122.875,1842320000
CHFJPY,20211014,0300,122.874,122.974,122.873,122.966,1690780000
CHFJPY,20211014,0400,122.966,122.995,122.950,122.959,1337120000
CHFJPY,20211014,0500,122.960,123.026,122.935,122.944,2176740000
CHFJPY,20211014,0600,122.946,123.221,122.946,123.061,7427600000
CHFJPY,20211014,0700,123.061,123.237,123.061,123.131,9142790000
CHFJPY,20211014,0800,123.131,123.291,123.105,123.233,7453660000
CHFJPY,20211014,0900,123.229,123.280,123.116,123.136,5670370000
CHFJPY,20211014,1000,123.137,123.286,123.056,123.272,5985960000
CHFJPY,20211014,1100,123.272,123.286,123.166,123.191,5232640000
CHFJPY,20211014,1200,123.188,123.251,123.100,123.239,10022980000
CHFJPY,20211014,1300,123.239,123.240,123.126,123.140,10205590000
CHFJPY,20211014,1400,123.141,123.170,123.086,123.124,7208080000
CHFJPY,20211014,1500,123.123,123.134,122.969,123.027,5482310000
CHFJPY,20211014,1600,123.028,123.042,122.974,123.012,3625410000
CHFJPY,20211014,1700,123.010,123.083,123.008,123.080,2290820000
CHFJPY,20211014,1800,123.080,123.110,123.046,123.079,1848190000
CHFJPY,20211014,1900,123.077,123.101,123.027,123.038,2259330000
CHFJPY,20211014,2000,123.039,123.086,123.036,123.039,1181960000
CHFJPY,20211014,2100,123.029,123.084,122.980,123.045,1705570000
CHFJPY,20211014,2200,123.020,123.140,123.020,123.134,1460670000
CHFJPY,20211014,2300,123.136,123.189,123.092,123.134,2337750000
CHFJPY,20211015,0000,123.133,123.231,123.127,123.197,4314820000
CHFJPY,20211015,0100,123.199,123.299,123.157,123.294,2669170000
CHFJPY,20211015,0200,123.295,123.391,123.256,123.371,2455940000
CHFJPY,20211015,0300,123.370,123.441,123.368,123.433,1472250000
CHFJPY,20211015,0400,123.434,123.487,123.427,123.480,1463300000
CHFJPY,20211015,0500,123.479,123.677,123.458,123.658,3753590000
CHFJPY,20211015,0600,123.662,123.670,123.472,123.583,6435060000
CHFJPY,20211015,0700,123.583,123.685,123.546,123.582,9721950000
CHFJPY,20211015,0800,123.583,123.813,123.567,123.804,7362170000
CHFJPY,20211015,0900,123.802,123.876,123.739,123.853,6629880000
CHFJPY,20211015,1000,123.857,123.876,123.683,123.793,4758200000
CHFJPY,20211015,1100,123.794,123.827,123.619,123.676,4626310000
CHFJPY,20211015,1200,123.676,123.678,123.412,123.575,11427070000
CHFJPY,20211015,1300,123.577,123.770,123.570,123.655,11593550000
CHFJPY,20211015,1400,123.655,123.682,123.473,123.573,14484000000
CHFJPY,20211015,1500,123.576,123.713,123.570,123.685,7870460000
CHFJPY,20211015,1600,123.685,123.703,123.584,123.671,3386900000
CHFJPY,20211015,1700,123.672,123.763,123.661,123.725,1845630000
CHFJPY,20211015,1800,123.726,123.809,123.666,123.807,2977350000
CHFJPY,20211015,1900,123.808,123.827,123.768,123.789,2838130000
CHFJPY,20211015,2000,123.792,123.841,123.697,123.728,1485300000
CHFJPY,20211017,2100,123.604,123.636,123.355,123.390,805680000
CHFJPY,20211017,2200,123.667,123.870,123.645,123.846,3402180000
CHFJPY,20211017,2300,123.850,123.850,123.752,123.782,2803510000
CHFJPY,20211018,0000,123.783,123.785,123.589,123.596,4902270000
CHFJPY,20211018,0100,123.595,123.596,123.420,123.496,4928490000
CHFJPY,20211018,0200,123.495,123.546,123.404,123.533,3075120000
CHFJPY,20211018,0300,123.535,123.747,123.513,123.691,3856030000
CHFJPY,20211018,0400,123.691,123.693,123.575,123.598,2392580000
CHFJPY,20211018,0500,123.597,123.621,123.526,123.561,2607710000
CHFJPY,20211018,0600,123.561,123.563,123.368,123.496,5293570000
CHFJPY,20211018,0700,123.496,123.648,123.440,123.494,10732990000
CHFJPY,20211018,0800,123.494,123.566,123.397,123.449,7749600000
CHFJPY,20211018,0900,123.449,123.530,123.433,123.452,6894620000
CHFJPY,20211018,1000,123.450,123.585,123.392,123.520,7017780000
CHFJPY,20211018,1100,123.526,123.741,123.513,123.723,7041590000
CHFJPY,20211018,1200,123.722,123.819,123.616,123.665,16509470000
CHFJPY,20211018,1300,123.666,123.708,123.549,123.570,13928530000
CHFJPY,20211018,1400,123.569,123.697,123.554,123.655,9972870000
CHFJPY,20211018,1500,123.655,123.731,123.581,123.718,5982690000
CHFJPY,20211018,1600,123.718,123.871,123.715,123.820,2417270000
CHFJPY,20211018,1700,123.819,123.819,123.732,123.747,1939930000
CHFJPY,20211018,1800,123.747,123.773,123.724,123.765,1634750000
CHFJPY,20211018,1900,123.764,123.845,123.742,123.836,1918870000
CHFJPY,20211018,2000,123.833,123.840,123.711,123.711,1191700000
CHFJPY,20211018,2100,123.681,123.755,123.667,123.699,2336460000
CHFJPY,20211018,2200,123.698,123.751,123.683,123.709,552380000
CHFJPY,20211018,2300,123.710,123.749,123.700,123.739,1043060000
CHFJPY,20211019,0000,123.738,123.854,123.625,123.673,3902220000
CHFJPY,20211019,0100,123.670,123.849,123.645,123.843,4503610000
CHFJPY,20211019,0200,123.844,123.857,123.769,123.829,2499200000
CHFJPY,20211019,0300,123.827,123.898,123.811,123.856,2171570000
CHFJPY,20211019,0400,123.855,123.973,123.838,123.948,1992830000
CHFJPY,20211019,0500,123.947,123.981,123.919,123.946,2458120000
CHFJPY,20211019,0600,123.934,123.974,123.819,123.821,7892460000
CHFJPY,20211019,0700,123.820,123.898,123.748,123.871,11988780000
CHFJPY,20211019,0800,123.873,124.028,123.796,123.936,8830110000
CHFJPY,20211019,0900,123.937,124.232,123.911,124.191,6945520000
CHFJPY,20211019,1000,124.190,124.226,124.150,124.217,5855520000
CHFJPY,20211019,1100,124.213,124.254,124.180,124.231,5007890000
CHFJPY,20211019,1200,124.233,124.292,124.192,124.213,8345160000
CHFJPY,20211019,1300,124.213,124.252,124.092,124.183,9774520000
CHFJPY,20211019,1400,124.182,124.227,123.991,124.036,9907420000
CHFJPY,20211019,1500,124.037,124.043,123.809,123.827,5500860000
CHFJPY,20211019,1600,123.826,123.858,123.788,123.848,2241910000
CHFJPY,20211019,1700,123.849,123.873,123.819,123.868,1806310000
CHFJPY,20211019,1800,123.867,123.924,123.858,123.873,1865950000
CHFJPY,20211019,1900,123.874,123.899,123.830,123.887,1697310000
CHFJPY,20211019,2000,123.885,123.957,123.854,123.855,1433440000
CHFJPY,20211019,2100,123.833,123.892,123.775,123.853,1717570000
CHFJPY,20211019,2200,123.853,123.952,123.853,123.944,902360000
CHFJPY,20211019,2300,123.944,124.117,123.940,124.078,2293000000
CHFJPY,20211020,0000,124.080,124.153,123.988,124.024,6004680000
CHFJPY,20211020,0100,124.024,124.042,123.870,123.875,5623040000
CHFJPY,20211020,0200,123.869,123.952,123.861,123.881,3382720000
CHFJPY,20211020,0300,123.880,123.932,123.861,123.923,2001090000
CHFJPY,20211020,0400,123.922,124.008,123.854,123.981,2697850000
CHFJPY,20211020,0500,123.982,124.020,123.903,123.925,2382890000
CHFJPY,20211020,0600,123.926,123.977,123.846,123.861,6791310000
CHFJPY,20211020,0700,123.861,123.861,123.631,123.638,10734930000
CHFJPY,20211020,0800,123.639,123.763,123.637,123.735,6311540000
CHFJPY,20211020,0900,123.733,123.872,123.733,123.870,5433180000
CHFJPY,20211020,1000,123.875,123.997,123.853,123.992,5033900000
CHFJPY,20211020,1100,123.990,123.996,123.754,123.774,4689960000
CHFJPY,20211020,1200,123.775,123.879,123.617,123.854,10826070000
CHFJPY,20211020,1300,123.857,124.125,123.806,124.103,11933260000
CHFJPY,20211020,1400,124.102,124.288,124.047,124.271,9540170000
CHFJPY,20211020,1500,124.270,124.310,124.150,124.196,6225000000
CHFJPY,20211020,1600,124.196,124.226,124.142,124.148,3427240000
CHFJPY,20211020,1700,124.148,124.288,124.148,124.272,4499940000
CHFJPY,20211020,1800,124.272,124.312,124.242,124.254,2175080000
CHFJPY,20211020,1900,124.256,124.343,124.256,124.336,2416750000
CHFJPY,20211020,2000,124.339,124.425,124.331,124.368,1337630000
CHFJPY,20211020,2100,124.240,124.339,124.034,124.217,1876890000
CHFJPY,20211020,2200,124.320,124.541,124.315,124.500,933000000
CHFJPY,20211020,2300,124.499,124.506,124.430,124.475,931360000
CHFJPY,20211021,0000,124.474,124.492,124.316,124.357,3557170000
CHFJPY,20211021,0100,124.359,124.451,124.348,124.422,2988800000
CHFJPY,20211021,0200,124.425,124.447,124.386,124.404,2142190000
CHFJPY,20211021,0300,124.403,124.425,124.301,124.329,1719340000
CHFJPY,20211021,0400,124.328,124.333,124.043,124.142,8694340000
CHFJPY,20211021,0500,124.139,124.163,123.976,124.051,4605860000
CHFJPY,20211021,0600,124.050,124.197,123.936,123.967,7380500000
CHFJPY,20211021,0700,123.966,124.035,123.896,123.995,8762770000
CHFJPY,20211021,0800,123.995,124.025,123.881,123.972,7736220000
CHFJPY,20211021,0900,123.972,124.154,123.970,124.100,5059150000
CHFJPY,20211021,1000,124.104,124.113,124.029,124.080,5215080000
CHFJPY,20211021,1100,124.080,124.355,124.049,124.338,6737810000
CHFJPY,20211021,1200,124.338,124.338,124.074,124.147,12776120000
CHFJPY,20211021,1300,124.146,124.155,123.910,123.994,14137610000
CHFJPY,20211021,1400,123.997,124.124,123.992,124.094,12600790000
CHFJPY,20211021,1500,124.091,124.109,123.920,123.978,6908090000
CHFJPY,20211021,1600,123.978,124.022,123.818,123.819,3783280000
CHFJPY,20211021,1700,123.820,123.890,123.789,123.875,2833930000
CHFJPY,20211021,1800,123.877,124.036,123.871,124.033,2858880000
CHFJPY,20211021,1900,124.034,124.181,124.032,124.147,2591220000
CHFJPY,20211021,2000,124.144,124.171,124.102,124.106,1543230000
CHFJPY,20211021,2100,124.081,124.155,124.032,124.098,1862640000
CHFJPY,20211021,2200,124.101,124.153,124.076,124.109,907320000
CHFJPY,20211021,2300,124.108,124.142,123.954,123.990,1510610000
CHFJPY,20211022,0000,123.989,124.258,123.977,124.245,5614400000
CHFJPY,20211022,0100,124.244,124.380,124.216,124.357,5475290000
CHFJPY,20211022,0200,124.358,124.366,124.223,124.273,2847150000
CHFJPY,20211022,0300,124.271,124.320,124.246,124.273,2033280000
CHFJPY,20211022,0400,124.273,124.301,124.196,124.224,1641530000
CHFJPY,20211022,0500,124.224,124.257,124.138,124.187,2211080000
CHFJPY,20211022,0600,124.183,124.254,124.116,124.231,5586870000
CHFJPY,20211022,0700,124.231,124.361,124.148,124.187,9259990000
CHFJPY,20211022,0800,124.184,124.318,124.184,124.235,6449210000
CHFJPY,20211022,0900,124.234,124.247,124.143,124.201,5713550000
CHFJPY,20211022,1000,124.201,124.227,124.063,124.143,4965700000
CHFJPY,20211022,1100,124.143,124.182,124.105,124.128,5280050000
CHFJPY,20211022,1200,124.127,124.182,124.078,124.124,9585400000
CHFJPY,20211022,1300,124.123,124.309,124.074,124.244,10297870000
CHFJPY,20211022,1400,124.245,124.272,124.001,124.006,10198970000
CHFJPY,20211022,1500,124.005,124.173,123.829,123.886,17975560000
CHFJPY,20211022,1600,123.886,123.921,123.734,123.773,7639760000
CHFJPY,20211022,1700,123.774,123.835,123.721,123.778,4692300000
CHFJPY,20211022,1800,123.775,123.849,123.756,123.802,3006170000
CHFJPY,20211022,1900,123.800,123.846,123.767,123.845,2250710000
CHFJPY,20211022,2000,123.843,123.882,123.802,123.841,1459020000
CHFJPY,20211024,2100,123.734,123.913,123.682,123.835,950080000
CHFJPY,20211024,2200,123.827,123.940,123.796,123.937,1835500000
CHFJPY,20211024,2300,123.937,124.002,123.890,123.993,2124040000
CHFJPY,20211025,0000,123.994,124.136,123.937,124.086,5772550000
CHFJPY,20211025,0100,124.085,124.183,123.934,123.952,5417540000
CHFJPY,20211025,0200,123.954,124.175,123.928,124.154,3797510000
CHFJPY,20211025,0300,124.154,124.198,124.143,124.166,3364790000
CHFJPY,20211025,0400,124.161,124.195,124.121,124.182,2170700000
CHFJPY,20211025,0500,124.181,124.181,124.036,124.065,2385860000
CHFJPY,20211025,0600,124.065,124.104,123.917,124.003,6527770000
CHFJPY,20211025,0700,124.002,124.077,123.821,123.965,8598920000
CHFJPY,20211025,0800,123.968,124.020,123.753,123.796,8485040000
CHFJPY,20211025,0900,123.795,123.837,123.542,123.603,8630530000
CHFJPY,20211025,1000,123.603,123.741,123.572,123.699,5169190000
CHFJPY,20211025,1100,123.700,123.765,123.605,123.703,5674630000
CHFJPY,20211025,1200,123.703,123.793,123.629,123.787,10788500000
CHFJPY,20211025,1300,123.787,123.869,123.677,123.772,12409310000
CHFJPY,20211025,1400,123.773,123.804,123.532,123.577,11267160000
CHFJPY,20211025,1500,123.580,123.720,123.561,123.680,5761910000
CHFJPY,20211025,1600,123.681,123.706,123.619,123.625,2639210000
CHFJPY,20211025,1700,123.626,123.704,123.625,123.654,1454660000
CHFJPY,20211025,1800,123.657,123.663,123.612,123.653,1850400000
CHFJPY,20211025,1900,123.655,123.656,123.591,123.621,1460480000
CHFJPY,20211025,2000,123.622,123.639,123.575,123.586,850580000
CHFJPY,20211025,2100,123.577,123.667,123.473,123.598,660860000
CHFJPY,20211025,2200,123.629,123.640,123.596,123.623,586200000
CHFJPY,20211025,2300,123.620,123.673,123.591,123.657,699460000
CHFJPY,20211026,0000,123.658,123.671,123.575,123.654,3944450000
CHFJPY,20211026,0100,123.655,123.719,123.617,123.641,3281710000
CHFJPY,20211026,0200,123.643,123.730,123.621,123.724,2152160000
CHFJPY,20211026,0300,123.725,123.740,123.679,123.721,1841810000
CHFJPY,20211026,0400,123.719,123.767,123.673,123.752,1576310000
CHFJPY,20211026,0500,123.752,123.781,123.723,123.766,1562970000
CHFJPY,20211026,0600,123.765,123.783,123.712,123.747,4176050000
CHFJPY,20211026,0700,123.747,123.876,123.613,123.636,10014630000
CHFJPY,20211026,0800,123.636,123.740,123.567,123.718,8022100000
CHFJPY,20211026,0900,123.716,123.895,123.708,123.878,5679010000
CHFJPY,20211026,1000,123.878,124.078,123.841,124.032,5547160000
CHFJPY,20211026,1100,124.034,124.048,123.901,123.929,5628600000
CHFJPY,20211026,1200,123.930,124.167,123.930,124.118,10096900000
CHFJPY,20211026,1300,124.116,124.160,123.979,124.082,9661510000
CHFJPY,20211026,1400,124.084,124.214,124.080,124.132,10134270000
CHFJPY,20211026,1500,124.135,124.157,124.045,124.074,6821710000
CHFJPY,20211026,1600,124.073,124.114,124.005,124.034,3043620000
CHFJPY,20211026,1700,124.033,124.112,124.009,124.097,2524050000
CHFJPY,20211026,1800,124.098,124.133,124.075,124.108,1319710000
CHFJPY,20211026,1900,124.111,124.123,124.074,124.076,1217220000
CHFJPY,20211026,2000,124.077,124.131,124.070,124.077,942750000
CHFJPY,20211026,2100,123.937,124.044,123.874,123.999,491540000
CHFJPY,20211026,2200,124.049,124.139,124.035,124.096,1472490000
CHFJPY,20211026,2300,124.096,124.153,124.090,124.136,1271360000
CHFJPY,20211027,0000,124.137,124.186,124.059,124.109,5680770000
CHFJPY,20211027,0100,124.109,124.157,124.011,124.018,3894430000
CHFJPY,20211027,0200,124.016,124.062,123.955,123.958,2571940000
CHFJPY,20211027,0300,123.958,124.033,123.942,123.977,1737520000
CHFJPY,20211027,0400,123.973,124.026,123.923,124.023,1431340000
CHFJPY,20211027,0500,124.024,124.055,124.010,124.029,1776430000
CHFJPY,20211027,0600,124.027,124.214,124.009,124.170,3884680000
CHFJPY,20211027,0700,124.169,124.181,123.823,123.899,11132080000
CHFJPY,20211027,0800,123.899,123.934,123.758,123.825,11277370000
CHFJPY,20211027,0900,123.825,123.836,123.627,123.710,10460460000
CHFJPY,20211027,1000,123.709,123.868,123.573,123.671,8826590000
CHFJPY,20211027,1100,123.672,123.811,123.643,123.653,8058080000
CHFJPY,20211027,1200,123.652,123.944,123.646,123.888,11571470000
CHFJPY,20211027,1300,123.888,123.913,123.692,123.742,12834190000
CHFJPY,20211027,1400,123.742,124.025,123.742,123.937,22109110000
CHFJPY,20211027,1500,123.939,124.063,123.832,123.872,13568840000
CHFJPY,20211027,1600,123.873,123.908,123.791,123.904,4246030000
CHFJPY,20211027,1700,123.906,124.066,123.892,124.063,3670700000
CHFJPY,20211027,1800,124.062,124.117,124.013,124.019,2480260000
CHFJPY,20211027,1900,124.016,124.033,123.891,123.965,3646740000
CHFJPY,20211027,2000,123.967,124.011,123.909,123.909,1793310000
CHFJPY,20211027,2100,123.946,123.985,123.764,123.887,676910000
CHFJPY,20211027,2200,123.929,123.996,123.919,123.938,983650000
CHFJPY,20211027,2300,123.936,123.951,123.859,123.902,1285690000
CHFJPY,20211028,0000,123.903,123.947,123.852,123.865,4557570000
CHFJPY,20211028,0100,123.865,123.882,123.807,123.830,4151950000
CHFJPY,20211028,0200,123.827,123.842,123.743,123.762,4500690000
CHFJPY,20211028,0300,123.762,123.778,123.665,123.704,2254050000
CHFJPY,20211028,0400,123.703,123.710,123.578,123.645,2333500000
CHFJPY,20211028,0500,123.644,123.644,123.556,123.590,2027100000
CHFJPY,20211028,0600,123.588,123.735,123.529,123.724,7049810000
CHFJPY,20211028,0700,123.727,123.957,123.707,123.846,11454190000
CHFJPY,20211028,0800,123.846,123.893,123.574,123.712,10570120000
CHFJPY,20211028,0900,123.714,123.781,123.661,123.748,8565080000
CHFJPY,20211028,1000,123.748,123.852,123.643,123.658,6328680000
CHFJPY,20211028,1100,123.658,123.745,123.515,123.652,9737230000
CHFJPY,20211028,1200,123.652,124.021,123.520,123.993,19309140000
CHFJPY,20211028,1300,123.995,124.076,123.762,124.029,21065200000
CHFJPY,20211028,1400,124.028,124.208,123.973,124.094,19719280000
CHFJPY,20211028,1500,124.094,124.283,124.079,124.271,13417710000
CHFJPY,20211028,1600,124.271,124.359,124.255,124.353,5714840000
CHFJPY,20211028,1700,124.350,124.465,124.349,124.447,4201290000
CHFJPY,20211028,1800,124.448,124.477,124.401,124.423,2504130000
CHFJPY,20211028,1900,124.422,124.527,124.413,124.510,3200490000
CHFJPY,20211028,2000,124.512,124.539,124.484,124.499,2078780000
CHFJPY,20211028,2100,124.500,124.571,124.495,124.536,491730000
CHFJPY,20211028,2200,124.519,124.575,124.508,124.557,1784010000
CHFJPY,20211028,2300,124.556,124.615,124.543,124.607,1016980000
CHFJPY,20211029,0000,124.608,124.759,124.571,124.596,5204510000
CHFJPY,20211029,0100,124.598,124.616,124.447,124.559,4933460000
CHFJPY,20211029,0200,124.560,124.629,124.513,124.627,2754490000
CHFJPY,20211029,0300,124.628,124.698,124.586,124.601,3205360000
CHFJPY,20211029,0400,124.603,124.670,124.545,124.550,2364860000
CHFJPY,20211029,0500,124.551,124.609,124.493,124.589,4023300000
CHFJPY,20211029,0600,124.587,124.598,124.470,124.560,6625860000
CHFJPY,20211029,0700,124.558,124.762,124.553,124.717,10853190000
CHFJPY,20211029,0800,124.719,124.756,124.633,124.701,8643580000
CHFJPY,20211029,0900,124.705,124.844,124.705,124.795,7910810000
CHFJPY,20211029,1000,124.794,124.890,124.746,124.852,6301840000
CHFJPY,20211029,1100,124.852,124.973,124.788,124.967,6376570000
CHFJPY,20211029,1200,124.962,125.031,124.749,124.873,14475200000
CHFJPY,20211029,1300,124.873,124.990,124.794,124.867,13215510000
CHFJPY,20211029,1400,124.871,124.871,124.622,124.758,19200500000
CHFJPY,20211029,1500,124.755,124.813,124.265,124.391,14913300000
CHFJPY,20211029,1600,124.388,124.487,124.337,124.436,5821430000
CHFJPY,20211029,1700,124.434,124.508,124.390,124.466,3607980000
CHFJPY,20211029,1800,124.466,124.492,124.415,124.440,3423630000
CHFJPY,20211029,1900,124.436,124.480,124.357,124.460,3646670000
CHFJPY,20211029,2000,124.459,124.581,124.447,124.498,2402030000
CHFJPY,20211031,2100,124.282,124.487,124.282,124.437,304330000
CHFJPY,20211031,2200,124.602,124.661,124.520,124.648,2606600000
CHFJPY,20211031,2300,124.649,124.702,124.589,124.682,1685430000
CHFJPY,20211101,0000,124.685,124.711,124.478,124.497,4734430000
CHFJPY,20211101,0100,124.495,124.641,124.486,124.629,3467580000
CHFJPY,20211101,0200,124.627,124.627,124.497,124.549,2563790000
CHFJPY,20211101,0300,124.550,124.619,124.550,124.568,2672180000
CHFJPY,20211101,0400,124.570,124.656,124.561,124.622,2637260000
CHFJPY,20211101,0500,124.622,124.752,124.622,124.713,2438840000
CHFJPY,20211101,0600,124.713,124.792,124.620,124.723,4697180000
CHFJPY,20211101,0700,124.727,124.862,124.682,124.846,6752000000
CHFJPY,20211101,0800,124.849,125.016,124.636,124.666,9048210000
CHFJPY,20211101,0900,124.665,124.827,124.657,124.814,7208750000
CHFJPY,20211101,1000,124.815,124.934,124.739,124.894,5619070000
CHFJPY,20211101,1100,124.896,125.123,124.891,125.093,6259970000
CHFJPY,20211101,1200,125.092,125.151,124.990,125.096,10313960000
CHFJPY,20211101,1300,125.095,125.257,125.059,125.187,9891800000
CHFJPY,20211101,1400,125.188,125.354,125.120,125.334,10764310000
CHFJPY,20211101,1500,125.335,125.475,125.302,125.415,7391840000
CHFJPY,20211101,1600,125.413,125.424,125.177,125.324,5073250000
CHFJPY,20211101,1700,125.325,125.359,125.263,125.270,2263370000
CHFJPY,20211101,1800,125.270,125.377,125.237,125.373,3483040000
CHFJPY,20211101,1900,125.372,125.414,125.322,125.410,2789950000
CHFJPY,20211101,2000,125.413,125.430,125.311,125.314,1853770000
CHFJPY,20211101,2100,125.347,125.414,125.175,125.354,1309480000
CHFJPY,20211101,2200,125.357,125.473,125.330,125.423,1096740000
CHFJPY,20211101,2300,125.424,125.507,125.404,125.456,1674960000
CHFJPY,20211102,0000,125.455,125.471,125.300,125.350,4245480000
CHFJPY,20211102,0100,125.356,125.378,125.127,125.136,3591780000
CHFJPY,20211102,0200,125.137,125.187,125.100,125.139,2161350000
CHFJPY,20211102,0300,125.139,125.221,125.106,125.217,3038700000
CHFJPY,20211102,0400,125.218,125.235,124.946,124.980,4527990000
CHFJPY,20211102,0500,124.980,125.107,124.980,125.033,4878630000
CHFJPY,20211102,0600,125.035,125.039,124.938,124.979,3837340000
CHFJPY,20211102,0700,124.981,125.027,124.856,124.883,6450580000
CHFJPY,20211102,0800,124.884,124.908,124.498,124.501,9284730000
CHFJPY,20211102,0900,124.501,124.599,124.396,124.496,7643420000
CHFJPY,20211102,1000,124.494,124.531,124.356,124.529,5204290000
CHFJPY,20211102,1100,124.528,124.600,124.481,124.587,5959870000
CHFJPY,20211102,1200,124.587,124.659,124.511,124.629,9168650000
CHFJPY,20211102,1300,124.628,124.666,124.514,124.547,8700730000
CHFJPY,20211102,1400,124.547,124.582,124.455,124.505,10065730000
CHFJPY,20211102,1500,124.506,124.508,124.328,124.414,10731710000
CHFJPY,20211102,1600,124.414,124.588,124.403,124.498,6719480000
CHFJPY,20211102,1700,124.496,124.619,124.496,124.583,2383720000
CHFJPY,20211102,1800,124.581,124.679,124.516,124.634,2469580000
CHFJPY,20211102,1900,124.634,124.675,124.550,124.649,1553800000
CHFJPY,20211102,2000,124.645,124.650,124.561,124.572,1257860000
CHFJPY,20211102,2100,124.576,124.576,124.458,124.532,1313680000
CHFJPY,20211102,2200,124.524,124.617,124.524,124.581,2373990000
CHFJPY,20211102,2300,124.578,124.628,124.564,124.567,966090000
CHFJPY,20211103,0000,124.565,124.573,124.478,124.493,1625690000
CHFJPY,20211103,0100,124.494,124.622,124.467,124.578,1833220000
CHFJPY,20211103,0200,124.581,124.587,124.542,124.573,1385690000
CHFJPY,20211103,0300,124.572,124.572,124.473,124.544,1693480000
CHFJPY,20211103,0400,124.545,124.574,124.518,124.571,1040720000
CHFJPY,20211103,0500,124.572,124.610,124.549,124.603,1110730000
CHFJPY,20211103,0600,124.606,124.614,124.526,124.557,1314010000
CHFJPY,20211103,0700,124.552,124.655,124.551,124.614,3914140000
CHFJPY,20211103,0800,124.615,124.812,124.586,124.783,7350690000
CHFJPY,20211103,0900,124.785,124.991,124.732,124.965,5101210000
CHFJPY,20211103,1000,124.964,125.033,124.866,125.002,6035740000
CHFJPY,20211103,1100,125.005,125.005,124.822,124.826,4538690000
CHFJPY,20211103,1200,124.827,124.898,124.720,124.862,12038400000
CHFJPY,20211103,1300,124.862,124.881,124.744,124.831,10785080000
CHFJPY,20211103,1400,124.834,125.143,124.794,125.042,13569610000
CHFJPY,20211103,1500,125.041,125.097,124.880,125.050,8375410000
CHFJPY,20211103,1600,125.052,125.073,124.871,124.909,5567050000
CHFJPY,20211103,1700,124.909,124.935,124.757,124.813,3038620000
CHFJPY,20211103,1800,124.813,125.109,124.784,125.105,20614540000
CHFJPY,20211103,1900,125.104,125.125,124.979,125.054,8655760000
CHFJPY,20211103,2000,125.054,125.087,124.973,124.983,2186640000
CHFJPY,20211103,2100,124.984,124.989,124.871,124.942,2732610000
CHFJPY,20211103,2200,124.940,125.069,124.940,125.030,1378620000
CHFJPY,20211103,2300,125.027,125.161,125.027,125.156,1931600000
CHFJPY,20211104,0000,125.156,125.198,125.133,125.174,3707270000
CHFJPY,20211104,0100,125.175,125.219,125.121,125.208,4045330000
CHFJPY,20211104,0200,125.207,125.226,125.148,125.180,2493900000
CHFJPY,20211104,0300,125.180,125.198,125.159,125.161,2117110000
CHFJPY,20211104,0400,125.160,125.216,125.148,125.166,1791360000
CHFJPY,20211104,0500,125.167,125.170,125.062,125.105,2937390000
CHFJPY,20211104,0600,125.104,125.131,125.013,125.045,3925190000
CHFJPY,20211104,0700,125.045,125.123,124.969,124.973,5171020000
CHFJPY,20211104,0800,124.973,125.025,124.726,124.893,11900860000
CHFJPY,20211104,0900,124.893,125.005,124.874,124.949,7154850000
CHFJPY,20211104,1000,124.945,124.947,124.652,124.673,7264800000
CHFJPY,20211104,1100,124.672,124.721,124.538,124.588,8517980000
CHFJPY,20211104,1200,124.585,124.861,124.523,124.783,17323480000
CHFJPY,20211104,1300,124.782,124.876,124.555,124.573,13143040000
CHFJPY,20211104,1400,124.575,124.608,124.269,124.360,15013560000
CHFJPY,20211104,1500,124.363,124.518,124.288,124.481,14180780000
CHFJPY,20211104,1600,124.480,124.636,124.471,124.552,8326750000
CHFJPY,20211104,1700,124.550,124.627,124.543,124.563,3044110000
CHFJPY,20211104,1800,124.564,124.645,124.536,124.605,2658440000
CHFJPY,20211104,1900,124.604,124.644,124.586,124.628,3231390000
CHFJPY,20211104,2000,124.629,124.685,124.618,124.618,1390490000
CHFJPY,20211104,2100,124.518,124.574,124.503,124.574,288800000
CHFJPY,20211104,2200,124.605,124.753,124.603,124.714,1054360000
CHFJPY,20211104,2300,124.713,124.738,124.689,124.720,1577860000
CHFJPY,20211105,0000,124.719,124.721,124.577,124.608,4402510000
CHFJPY,20211105,0100,124.612,124.623,124.458,124.527,5102660000
CHFJPY,20211105,0200,124.528,124.586,124.472,124.487,4559830000
CHFJPY,20211105,0300,124.487,124.541,124.441,124.517,2511470000
CHFJPY,20211105,0400,124.516,124.577,124.463,124.574,1724410000
CHFJPY,20211105,0500,124.573,124.596,124.514,124.518,1940880000
CHFJPY,20211105,0600,124.517,124.579,124.484,124.517,2889070000
CHFJPY,20211105,0700,124.516,124.622,124.512,124.527,4293170000
CHFJPY,20211105,0800,124.526,124.662,124.482,124.541,8834730000
CHFJPY,20211105,0900,124.539,124.550,124.375,124.391,7637570000
CHFJPY,20211105,1000,124.393,124.406,124.188,124.260,6700060000
CHFJPY,20211105,1100,124.261,124.283,124.116,124.181,7244960000
CHFJPY,20211105,1200,124.181,124.387,124.124,124.221,17789570000
CHFJPY,20211105,1300,124.219,124.225,123.941,124.095,18993030000
CHFJPY,20211105,1400,124.093,124.190,123.981,124.105,11248010000
CHFJPY,20211105,1500,124.103,124.289,124.057,124.204,13130610000
CHFJPY,20211105,1600,124.206,124.345,124.201,124.320,7760330000
CHFJPY,20211105,1700,124.320,124.361,124.250,124.306,3683010000
CHFJPY,20211105,1800,124.302,124.319,124.216,124.250,2423200000
CHFJPY,20211105,1900,124.250,124.350,124.239,124.265,3298550000
CHFJPY,20211105,2000,124.261,124.318,124.249,124.266,1715280000
CHFJPY,20211107,2200,124.082,124.320,124.052,124.300,795020000
CHFJPY,20211107,2300,124.300,124.447,124.298,124.415,2769870000
CHFJPY,20211108,0000,124.416,124.513,124.367,124.481,4006610000
CHFJPY,20211108,0100,124.481,124.517,124.332,124.351,4939720000
CHFJPY,20211108,0200,124.351,124.357,124.295,124.354,2953140000
CHFJPY,20211108,0300,124.352,124.446,124.342,124.412,2065570000
CHFJPY,20211108,0400,124.411,124.419,124.351,124.364,1622990000
CHFJPY,20211108,0500,124.364,124.379,124.323,124.323,2407200000
CHFJPY,20211108,0600,124.324,124.433,124.324,124.326,3911260000
CHFJPY,20211108,0700,124.325,124.359,124.158,124.218,6283300000
CHFJPY,20211108,0800,124.218,124.259,124.054,124.161,9968010000
CHFJPY,20211108,0900,124.162,124.209,123.928,123.939,8125660000
CHFJPY,20211108,1000,123.940,124.011,123.922,123.928,6051390000
CHFJPY,20211108,1100,123.926,124.012,123.896,123.998,5334910000
CHFJPY,20211108,1200,123.998,124.028,123.892,123.899,6442120000
CHFJPY,20211108,1300,123.895,124.011,123.822,123.824,7956090000
CHFJPY,20211108,1400,123.822,123.848,123.590,123.645,13814120000
CHFJPY,20211108,1500,123.645,123.943,123.617,123.912,11088750000
CHFJPY,20211108,1600,123.913,123.952,123.845,123.898,6304690000
CHFJPY,20211108,1700,123.897,123.997,123.884,123.933,2433970000
CHFJPY,20211108,1800,123.933,123.989,123.927,123.949,2595190000
CHFJPY,20211108,1900,123.950,123.995,123.948,123.976,1561020000
CHFJPY,20211108,2000,123.976,124.017,123.928,123.931,2950140000
CHFJPY,20211108,2100,123.930,123.968,123.913,123.913,1245800000
CHFJPY,20211108,2200,123.937,123.965,123.882,123.948,792480000
CHFJPY,20211108,2300,123.934,124.014,123.907,123.981,2137380000
CHFJPY,20211109,0000,123.981,123.986,123.832,123.870,4013870000
CHFJPY,20211109,0100,123.869,123.901,123.801,123.823,4276420000
CHFJPY,20211109,0200,123.823,123.823,123.660,123.671,4500950000
CHFJPY,20211109,0300,123.672,123.752,123.630,123.669,5579300000
CHFJPY,20211109,0400,123.669,123.744,123.655,123.682,3193010000
CHFJPY,20211109,0500,123.683,123.702,123.610,123.637,3632380000
CHFJPY,20211109,0600,123.636,123.750,123.633,123.734,2999070000
CHFJPY,20211109,0700,123.729,123.763,123.566,123.637,7639160000
CHFJPY,20211109,0800,123.637,123.739,123.600,123.656,8921840000
CHFJPY,20211109,0900,123.654,123.657,123.532,123.615,7749770000
CHFJPY,20211109,1000,123.616,123.667,123.569,123.604,5898220000
CHFJPY,20211109,1100,123.604,123.675,123.413,123.470,7153000000
CHFJPY,20211109,1200,123.470,123.577,123.415,123.561,8218810000
CHFJPY,20211109,1300,123.562,123.615,123.471,123.604,11108830000
CHFJPY,20211109,1400,123.603,123.732,123.551,123.580,16521030000
CHFJPY,20211109,1500,123.581,123.701,123.502,123.656,16624690000
CHFJPY,20211109,1600,123.659,123.783,123.564,123.755,9278400000
CHFJPY,20211109,1700,123.754,123.883,123.750,123.839,4434320000
CHFJPY,20211109,1800,123.839,123.934,123.820,123.889,3920820000
CHFJPY,20211109,1900,123.888,123.984,123.885,123.926,2730320000
CHFJPY,20211109,2000,123.924,123.952,123.862,123.890,3824490000
CHFJPY,20211109,2100,123.892,123.939,123.853,123.853,1446840000
CHFJPY,20211109,2200,123.801,123.887,123.778,123.874,584450000
CHFJPY,20211109,2300,123.875,123.953,123.849,123.934,1575060000
CHFJPY,20211110,0000,123.933,123.970,123.777,123.818,4158320000
CHFJPY,20211110,0100,123.817,123.890,123.770,123.867,3752630000
CHFJPY,20211110,0200,123.869,123.879,123.752,123.773,3237400000
CHFJPY,20211110,0300,123.771,123.810,123.710,123.753,2405670000
CHFJPY,20211110,0400,123.753,123.757,123.688,123.726,2110110000
CHFJPY,20211110,0500,123.727,123.727,123.639,123.645,2339930000
CHFJPY,20211110,0600,123.644,123.781,123.620,123.759,2272130000
CHFJPY,20211110,0700,123.760,123.885,123.727,123.875,8244920000
CHFJPY,20211110,0800,123.872,123.994,123.853,123.946,9511260000
CHFJPY,20211110,0900,123.945,124.146,123.929,124.085,9905800000
CHFJPY,20211110,1000,124.083,124.147,124.014,124.020,6335730000
CHFJPY,20211110,1100,124.021,124.021,123.819,123.865,6512220000
CHFJPY,20211110,1200,123.865,124.040,123.806,124.018,6823860000
CHFJPY,20211110,1300,124.017,124.283,123.872,124.253,19259370000
CHFJPY,20211110,1400,124.253,124.491,124.202,124.457,20490890000
CHFJPY,20211110,1500,124.454,124.480,124.159,124.292,19065790000
CHFJPY,20211110,1600,124.289,124.408,124.227,124.280,11514390000
CHFJPY,20211110,1700,124.279,124.366,124.209,124.259,6271640000
CHFJPY,20211110,1800,124.259,124.273,124.002,124.051,13737490000
CHFJPY,20211110,1900,124.050,124.085,123.969,123.996,6257750000
CHFJPY,20211110,2000,123.994,124.060,123.944,123.981,5074900000
CHFJPY,20211110,2100,123.983,124.126,123.982,124.029,2170650000
CHFJPY,20211110,2200,124.031,124.068,123.957,124.007,2156310000
CHFJPY,20211110,2300,124.002,124.081,123.984,124.074,1653470000
CHFJPY,20211111,0000,124.074,124.154,124.031,124.088,5144030000
CHFJPY,20211111,0100,124.087,124.227,124.077,124.185,4419160000
CHFJPY,20211111,0200,124.184,124.230,124.145,124.154,3308000000
CHFJPY,20211111,0300,124.154,124.177,124.092,124.119,2900840000
CHFJPY,20211111,0400,124.119,124.120,124.008,124.073,1930000000
CHFJPY,20211111,0500,124.076,124.097,123.981,124.009,1769480000
CHFJPY,20211111,0600,124.011,124.096,123.977,124.023,2896740000
CHFJPY,20211111,0700,124.021,124.109,123.952,124.026,5197130000
CHFJPY,20211111,0800,124.025,124.176,123.904,124.083,8647740000
CHFJPY,20211111,0900,124.080,124.087,123.835,123.868,7944470000
CHFJPY,20211111,1000,123.871,123.949,123.849,123.876,6286200000
CHFJPY,20211111,1100,123.873,123.887,123.756,123.782,6351330000
CHFJPY,20211111,1200,123.782,123.782,123.657,123.708,7917570000
CHFJPY,20211111,1300,123.705,123.705,123.412,123.510,8009350000
CHFJPY,20211111,1400,123.510,123.653,123.478,123.612,9327010000
CHFJPY,20211111,1500,123.617,123.858,123.577,123.805,9286690000
CHFJPY,20211111,1600,123.806,123.921,123.774,123.887,5487020000
CHFJPY,20211111,1700,123.888,123.905,123.785,123.854,2977290000
CHFJPY,20211111,1800,123.853,123.854,123.776,123.778,2047240000
CHFJPY,20211111,1900,123.778,123.790,123.718,123.742,1934720000
CHFJPY,20211111,2000,123.743,123.779,123.720,123.771,1492620000
CHFJPY,20211111,2100,123.767,123.858,123.762,123.802,1303680000
CHFJPY,20211111,2200,123.797,123.849,123.693,123.735,298980000
CHFJPY,20211111,2300,123.756,123.805,123.743,123.778,2567250000
CHFJPY,20211112,0000,123.777,123.954,123.771,123.884,4474960000
CHFJPY,20211112,0100,123.894,123.906,123.808,123.850,3499670000
CHFJPY,20211112,0200,123.848,123.851,123.770,123.840,2099300000
CHFJPY,20211112,0300,123.840,123.867,123.792,123.834,1738190000
CHFJPY,20211112,0400,123.833,123.909,123.815,123.892,1710740000
CHFJPY,20211112,0500,123.893,123.899,123.788,123.856,2637960000
CHFJPY,20211112,0600,123.855,123.884,123.810,123.862,2111700000
CHFJPY,20211112,0700,123.862,123.898,123.749,123.777,5523030000
CHFJPY,20211112,0800,123.780,123.814,123.654,123.681,9242000000
CHFJPY,20211112,0900,123.678,123.774,123.610,123.642,8661020000
CHFJPY,20211112,1000,123.644,123.652,123.550,123.610,5273510000
CHFJPY,20211112,1100,123.609,123.632,123.549,123.578,4416820000
CHFJPY,20211112,1200,123.576,123.576,123.444,123.452,6738350000
CHFJPY,20211112,1300,123.453,123.508,123.426,123.489,8649530000
CHFJPY,20211112,1400,123.491,123.537,123.383,123.458,11429280000
CHFJPY,20211112,1500,123.454,123.643,123.384,123.628,17686030000
CHFJPY,20211112,1600,123.626,123.747,123.614,123.641,9887460000
CHFJPY,20211112,1700,123.642,123.712,123.636,123.698,3724340000
CHFJPY,20211112,1800,123.701,123.705,123.600,123.616,2860180000
CHFJPY,20211112,1900,123.617,123.755,123.613,123.746,3404460000
CHFJPY,20211112,2000,123.745,123.747,123.655,123.685,2858990000
CHFJPY,20211112,2100,123.683,123.705,123.607,123.607,1363970000
CHFJPY,20211114,2200,123.644,123.676,123.567,123.647,293290000
CHFJPY,20211114,2300,123.642,123.797,123.636,123.726,1990390000
CHFJPY,20211115,0000,123.726,123.803,123.678,123.803,3139950000
CHFJPY,20211115,0100,123.802,123.817,123.692,123.792,3337600000
CHFJPY,20211115,0200,123.793,123.896,123.787,123.873,3368660000
CHFJPY,20211115,0300,123.869,123.897,123.830,123.837,1362260000
CHFJPY,20211115,0400,123.839,123.865,123.799,123.821,1106350000
CHFJPY,20211115,0500,123.824,123.830,123.732,123.771,1242070000
CHFJPY,20211115,0600,123.773,123.913,123.763,123.907,1870110000
CHFJPY,20211115,0700,123.906,123.945,123.811,123.843,4221410000
CHFJPY,20211115,0800,123.846,123.880,123.703,123.789,8932570000
CHFJPY,20211115,0900,123.790,123.790,123.649,123.683,6622790000
CHFJPY,20211115,1000,123.684,123.809,123.664,123.769,7089350000
CHFJPY,20211115,1100,123.768,123.787,123.625,123.725,6698890000
CHFJPY,20211115,1200,123.725,123.781,123.672,123.713,4765420000
CHFJPY,20211115,1300,123.714,123.755,123.677,123.731,7642320000
CHFJPY,20211115,1400,123.732,123.860,123.717,123.797,11404340000
CHFJPY,20211115,1500,123.797,123.882,123.535,123.583,13058120000
CHFJPY,20211115,1600,123.584,123.704,123.561,123.627,7512390000
CHFJPY,20211115,1700,123.627,123.631,123.364,123.511,7178170000
CHFJPY,20211115,1800,123.511,123.525,123.452,123.475,3198440000
CHFJPY,20211115,1900,123.476,123.531,123.363,123.372,2630320000
CHFJPY,20211115,2000,123.370,123.424,123.323,123.354,5039970000
CHFJPY,20211115,2100,123.353,123.424,123.305,123.305,1566970000
CHFJPY,20211115,2200,123.314,123.402,123.298,123.312,920910000
CHFJPY,20211115,2300,123.321,123.391,123.310,123.332,1691710000
CHFJPY,20211116,0000,123.332,123.499,123.328,123.470,4070180000
CHFJPY,20211116,0100,123.468,123.607,123.461,123.596,4074440000
CHFJPY,20211116,0200,123.599,123.640,123.550,123.567,3845250000
CHFJPY,20211116,0300,123.567,123.601,123.547,123.572,1990480000
CHFJPY,20211116,0400,123.573,123.592,123.478,123.521,2108370000
CHFJPY,20211116,0500,123.519,123.521,123.393,123.426,1743820000
CHFJPY,20211116,0600,123.428,123.481,123.409,123.469,1959920000
CHFJPY,20211116,0700,123.474,123.524,123.378,123.450,7082850000
CHFJPY,20211116,0800,123.450,123.491,123.295,123.322,8484680000
CHFJPY,20211116,0900,123.322,123.322,123.030,123.146,7857940000
CHFJPY,20211116,1000,123.146,123.176,123.007,123.078,5814700000
CHFJPY,20211116,1100,123.079,123.185,123.066,123.144,6685930000
CHFJPY,20211116,1200,123.141,123.360,123.138,123.352,6259210000
CHFJPY,20211116,1300,123.352,123.503,123.289,123.419,15096010000
CHFJPY,20211116,1400,123.418,123.449,123.252,123.420,17056650000
CHFJPY,20211116,1500,123.421,123.467,123.280,123.389,13191940000
CHFJPY,20211116,1600,123.386,123.426,123.254,123.258,9298600000
CHFJPY,20211116,1700,123.262,123.269,123.135,123.140,4480310000
CHFJPY,20211116,1800,123.141,123.243,123.136,123.217,4356200000
CHFJPY,20211116,1900,123.217,123.288,123.162,123.185,3744170000
CHFJPY,20211116,2000,123.189,123.396,123.165,123.368,4809850000
CHFJPY,20211116,2100,123.370,123.432,123.329,123.407,2311690000
CHFJPY,20211116,2200,123.348,123.457,123.337,123.435,1228980000
CHFJPY,20211116,2300,123.432,123.515,123.398,123.495,3292070000
CHFJPY,20211117,0000,123.496,123.507,123.397,123.428,3892580000
CHFJPY,20211117,0100,123.427,123.438,123.324,123.400,3462700000
CHFJPY,20211117,0200,123.400,123.414,123.319,123.361,2841570000
CHFJPY,20211117,0300,123.360,123.393,123.140,123.263,5848770000
CHFJPY,20211117,0400,123.264,123.315,123.234,123.262,3226920000
CHFJPY,20211117,0500,123.263,123.327,123.214,123.257,2630420000
CHFJPY,20211117,0600,123.258,123.339,123.164,123.328,2956780000
CHFJPY,20211117,0700,123.327,123.423,123.268,123.358,6876710000
CHFJPY,20211117,0800,123.358,123.462,123.297,123.341,9372850000
CHFJPY,20211117,0900,123.341,123.366,123.176,123.264,8293450000
CHFJPY,20211117,1000,123.264,123.364,123.188,123.336,6044890000
CHFJPY,20211117,1100,123.336,123.372,123.254,123.320,6849410000
CHFJPY,20211117,1200,123.320,123.324,123.196,123.305,7799870000
CHFJPY,20211117,1300,123.304,123.304,123.101,123.111,9560220000
CHFJPY,20211117,1400,123.113,123.311,123.095,123.184,11274370000
CHFJPY,20211117,1500,123.184,123.218,123.021,123.194,12444070000
CHFJPY,20211117,1600,123.192,123.233,123.054,123.105,8797070000
CHFJPY,20211117,1700,123.104,123.128,122.838,122.872,7522550000
CHFJPY,20211117,1800,122.872,122.919,122.802,122.829,7794850000
CHFJPY,20211117,1900,122.831,122.916,122.794,122.913,3165430000
CHFJPY,20211117,2000,122.911,122.996,122.891,122.964,2586100000
CHFJPY,20211117,2100,122.963,123.007,122.887,122.888,1484200000
CHFJPY,20211117,2200,122.839,122.973,122.723,122.964,1490880000
CHFJPY,20211117,2300,122.969,123.010,122.917,122.961,3128460000
CHFJPY,20211118,0000,122.963,123.022,122.918,123.013,3615330000
CHFJPY,20211118,0100,123.012,123.012,122.819,122.869,3369060000
CHFJPY,20211118,0200,122.870,123.009,122.803,122.951,5348270000
CHFJPY,20211118,0300,122.952,122.998,122.882,122.981,2684630000
CHFJPY,20211118,0400,122.977,122.997,122.895,122.903,2193740000
CHFJPY,20211118,0500,122.904,123.060,122.901,122.951,4235950000
CHFJPY,20211118,0600,122.950,123.008,122.899,122.901,3129060000
CHFJPY,20211118,0700,122.902,123.034,122.840,122.925,6805710000
CHFJPY,20211118,0800,122.925,123.120,122.851,123.110,9969500000
CHFJPY,20211118,0900,123.111,123.151,122.990,123.146,8147920000
CHFJPY,20211118,1000,123.146,123.221,123.088,123.191,5541590000
CHFJPY,20211118,1100,123.193,123.218,123.094,123.218,8220640000
CHFJPY,20211118,1200,123.221,123.310,123.170,123.272,6845680000
CHFJPY,20211118,1300,123.274,123.375,123.215,123.309,13112650000
CHFJPY,20211118,1400,123.309,123.468,123.281,123.431,12532230000
CHFJPY,20211118,1500,123.429,123.460,123.297,123.385,15729440000
CHFJPY,20211118,1600,123.384,123.406,123.294,123.338,8906940000
CHFJPY,20211118,1700,123.338,123.446,123.335,123.423,5210940000
CHFJPY,20211118,1800,123.420,123.456,123.388,123.404,2212730000
CHFJPY,20211118,1900,123.405,123.440,123.399,123.440,1679320000
CHFJPY,20211118,2000,123.439,123.464,123.399,123.441,2189760000
CHFJPY,20211118,2100,123.441,123.469,123.399,123.399,1123250000
CHFJPY,20211118,2200,123.369,123.430,123.315,123.399,1490320000
CHFJPY,20211118,2300,123.398,123.476,123.398,123.437,1306320000
CHFJPY,20211119,0000,123.434,123.496,123.401,123.426,3565640000
CHFJPY,20211119,0100,123.423,123.437,123.335,123.344,3744730000
CHFJPY,20211119,0200,123.345,123.381,123.330,123.371,2125820000
CHFJPY,20211119,0300,123.374,123.448,123.374,123.417,1948010000
CHFJPY,20211119,0400,123.417,123.448,123.407,123.431,1842430000
CHFJPY,20211119,0500,123.431,123.463,123.416,123.434,1912950000
CHFJPY,20211119,0600,123.433,123.452,123.394,123.427,1738020000
CHFJPY,20211119,0700,123.430,123.503,123.335,123.372,5858690000
CHFJPY,20211119,0800,123.370,123.415,123.276,123.328,9645560000
CHFJPY,20211119,0900,123.327,123.403,122.926,123.146,20136520000
CHFJPY,20211119,1000,123.141,123.186,122.878,122.994,18666270000
CHFJPY,20211119,1100,122.993,123.017,122.825,122.840,12325660000
CHFJPY,20211119,1200,122.843,122.848,122.453,122.545,16070640000
CHFJPY,20211119,1300,122.543,122.840,122.426,122.804,14770780000
CHFJPY,20211119,1400,122.808,123.131,122.750,122.927,18672340000
CHFJPY,20211119,1500,122.930,123.027,122.800,122.875,16475610000
CHFJPY,20211119,1600,122.878,122.960,122.785,122.858,8329650000
CHFJPY,20211119,1700,122.860,122.878,122.759,122.783,8353940000
CHFJPY,20211119,1800,122.785,122.821,122.629,122.659,4850990000
CHFJPY,20211119,1900,122.660,122.747,122.644,122.701,3238750000
CHFJPY,20211119,2000,122.696,122.798,122.696,122.763,3350550000
CHFJPY,20211119,2100,122.764,122.791,122.714,122.752,2032440000
CHFJPY,20211121,2200,122.511,122.773,122.511,122.712,11740720000
CHFJPY,20211121,2300,122.712,122.818,122.651,122.816,2168470000
CHFJPY,20211122,0000,122.816,122.852,122.750,122.777,3731070000
CHFJPY,20211122,0100,122.784,122.918,122.720,122.780,4444320000
CHFJPY,20211122,0200,122.780,122.858,122.735,122.785,3125040000
CHFJPY,20211122,0300,122.787,122.854,122.751,122.819,2397420000
CHFJPY,20211122,0400,122.820,122.898,122.817,122.891,2089610000
CHFJPY,20211122,0500,122.891,122.892,122.784,122.839,1095220000
CHFJPY,20211122,0600,122.837,122.857,122.729,122.766,2787100000
CHFJPY,20211122,0700,122.769,122.915,122.737,122.878,6130140000
CHFJPY,20211122,0800,122.878,122.992,122.807,122.889,11811970000
CHFJPY,20211122,0900,122.886,123.028,122.871,122.958,8000480000
CHFJPY,20211122,1000,122.955,123.014,122.901,122.972,7644520000
CHFJPY,20211122,1100,122.973,123.067,122.883,123.041,9517950000
CHFJPY,20211122,1200,123.046,123.081,122.978,123.062,7843990000
CHFJPY,20211122,1300,123.061,123.129,123.030,123.122,9934440000
CHFJPY,20211122,1400,123.125,123.383,123.080,123.237,21061720000
CHFJPY,20211122,1500,123.238,123.314,123.137,123.152,15592500000
CHFJPY,20211122,1600,123.152,123.424,123.137,123.321,9296650000
CHFJPY,20211122,1700,123.321,123.326,123.196,123.226,4096330000
CHFJPY,20211122,1800,123.220,123.311,123.207,123.268,3409850000
CHFJPY,20211122,1900,123.268,123.268,123.149,123.162,2773400000
CHFJPY,20211122,2000,123.163,123.190,123.084,123.091,4120990000
CHFJPY,20211122,2100,123.090,123.114,123.070,123.070,1201910000
CHFJPY,20211122,2200,123.287,123.288,123.000,123.030,3009660000
CHFJPY,20211122,2300,123.031,123.127,123.031,123.069,1210810000
CHFJPY,20211123,0000,123.076,123.119,123.071,123.105,2147950000
CHFJPY,20211123,0100,123.105,123.164,123.089,123.158,2041890000
CHFJPY,20211123,0200,123.156,123.374,123.153,123.366,5180080000
CHFJPY,20211123,0300,123.367,123.420,123.358,123.381,3054510000
CHFJPY,20211123,0400,123.380,123.429,123.370,123.425,1917100000
CHFJPY,20211123,0500,123.428,123.433,123.351,123.373,2361600000
CHFJPY,20211123,0600,123.371,123.479,123.345,123.476,2813410000
CHFJPY,20211123,0700,123.476,123.503,123.044,123.211,14910230000
CHFJPY,20211123,0800,123.212,123.228,123.004,123.147,21646340000
CHFJPY,20211123,0900,123.143,123.203,123.049,123.125,14752410000
CHFJPY,20211123,1000,123.125,123.406,123.118,123.266,8624650000
CHFJPY,20211123,1100,123.268,123.327,123.165,123.215,10085980000
CHFJPY,20211123,1200,123.217,123.290,123.167,123.246,11483840000
CHFJPY,20211123,1300,123.245,123.301,123.131,123.193,12634440000
CHFJPY,20211123,1400,123.193,123.317,123.082,123.312,12822540000
CHFJPY,20211123,1500,123.311,123.426,123.221,123.308,14052740000
CHFJPY,20211123,1600,123.307,123.321,123.205,123.285,10849840000
CHFJPY,20211123,1700,123.285,123.335,123.219,123.245,4421730000
CHFJPY,20211123,1800,123.245,123.269,123.155,123.236,3699820000
CHFJPY,20211123,1900,123.236,123.289,123.204,123.286,2353100000
CHFJPY,20211123,2000,123.285,123.397,123.252,123.389,2779960000
CHFJPY,20211123,2100,123.389,123.389,123.310,123.336,2266610000
CHFJPY,20211123,2200,123.381,123.381,123.153,123.253,742520000
CHFJPY,20211123,2300,123.226,123.402,123.226,123.343,1804780000
CHFJPY,20211124,0000,123.340,123.402,123.256,123.331,3685960000
CHFJPY,20211124,0100,123.329,123.359,123.238,123.285,4347500000
CHFJPY,20211124,0200,123.285,123.287,123.132,123.151,4010910000
CHFJPY,20211124,0300,123.151,123.186,123.109,123.178,3082800000
CHFJPY,20211124,0400,123.178,123.179,123.066,123.146,3923820000
CHFJPY,20211124,0500,123.145,123.177,123.069,123.095,3379080000
CHFJPY,20211124,0600,123.094,123.169,123.086,123.168,4061090000
CHFJPY,20211124,0700,123.168,123.173,123.051,123.102,7230040000
CHFJPY,20211124,0800,123.104,123.128,122.983,123.043,12398040000
CHFJPY,20211124,0900,123.043,123.163,122.765,122.875,11249930000
CHFJPY,20211124,1000,122.881,123.002,122.836,122.894,10523150000
CHFJPY,20211124,1100,122.895,122.932,122.804,122.852,7750010000
CHFJPY,20211124,1200,122.849,122.975,122.841,122.924,8843420000
CHFJPY,20211124,1300,122.921,123.167,122.871,123.100,17542680000
CHFJPY,20211124,1400,123.107,123.231,123.072,123.131,20486020000
CHFJPY,20211124,1500,123.131,123.340,123.119,123.303,16272470000
CHFJPY,20211124,1600,123.299,123.341,123.247,123.298,10073640000
CHFJPY,20211124,1700,123.299,123.457,123.267,123.443,4903850000
CHFJPY,20211124,1800,123.442,123.608,123.427,123.557,3333000000
CHFJPY,20211124,1900,123.562,123.621,123.519,123.597,4412520000
CHFJPY,20211124,2000,123.593,123.605,123.526,123.530,2498570000
CHFJPY,20211124,2100,123.532,123.601,123.514,123.534,1316210000
CHFJPY,20211124,2200,123.411,123.560,123.384,123.559,295690000
CHFJPY,20211124,2300,123.514,123.586,123.490,123.543,1579530000
CHFJPY,20211125,0000,123.546,123.622,123.475,123.502,3626700000
CHFJPY,20211125,0100,123.502,123.573,123.484,123.540,2919440000
CHFJPY,20211125,0200,123.540,123.570,123.528,123.546,1458610000
CHFJPY,20211125,0300,123.546,123.561,123.540,123.553,1531290000
CHFJPY,20211125,0400,123.552,123.562,123.530,123.553,1277350000
CHFJPY,20211125,0500,123.554,123.575,123.529,123.562,1196120000
CHFJPY,20211125,0600,123.561,123.611,123.560,123.608,1091310000
CHFJPY,20211125,0700,123.606,123.705,123.596,123.634,3050030000
CHFJPY,20211125,0800,123.636,123.672,123.533,123.603,6063940000
CHFJPY,20211125,0900,123.604,123.620,123.529,123.559,4886000000
CHFJPY,20211125,1000,123.558,123.620,123.533,123.575,4025550000
CHFJPY,20211125,1100,123.574,123.575,123.424,123.435,4841520000
CHFJPY,20211125,1200,123.433,123.515,123.381,123.459,4600640000
CHFJPY,20211125,1300,123.460,123.534,123.408,123.503,4813700000
CHFJPY,20211125,1400,123.500,123.509,123.292,123.313,3656760000
CHFJPY,20211125,1500,123.312,123.335,123.256,123.276,4175850000
CHFJPY,20211125,1600,123.277,123.306,123.237,123.284,2432810000
CHFJPY,20211125,1700,123.283,123.310,123.223,123.269,1827790000
CHFJPY,20211125,1800,123.273,123.280,123.232,123.266,6878230000
CHFJPY,20211125,1900,123.260,123.284,123.239,123.272,4879500000
CHFJPY,20211125,2000,123.270,123.274,123.232,123.254,9756850000
CHFJPY,20211125,2100,123.248,123.277,123.175,123.197,7357770000
CHFJPY,20211125,2200,123.114,123.359,123.103,123.188,585040000
CHFJPY,20211125,2300,123.193,123.269,122.981,123.023,3212030000
CHFJPY,20211126,0000,123.022,123.059,122.748,123.036,11238130000
CHFJPY,20211126,0100,123.037,123.110,122.933,122.980,8253740000
CHFJPY,20211126,0200,122.982,123.028,122.840,122.891,7812730000
CHFJPY,20211126,0300,122.885,122.922,122.791,122.880,5807020000
CHFJPY,20211126,0400,122.881,123.029,122.828,122.980,5012240000
CHFJPY,20211126,0500,122.979,123.081,122.940,123.019,4667900000
CHFJPY,20211126,0600,123.019,123.085,122.940,123.059,7028220000
CHFJPY,20211126,0700,123.057,123.074,122.783,122.799,16632580000
CHFJPY,20211126,0800,122.804,123.222,122.596,123.143,26495080000
CHFJPY,20211126,0900,123.142,123.276,122.908,122.993,22680810000
CHFJPY,20211126,1000,122.996,123.239,122.992,123.163,17481540000
CHFJPY,20211126,1100,123.164,123.275,123.002,123.033,13049550000
CHFJPY,20211126,1200,123.031,123.192,123.006,123.192,12460680000
CHFJPY,20211126,1300,123.193,123.349,123.007,123.024,15537890000
CHFJPY,20211126,1400,123.020,123.039,122.679,122.746,17896340000
CHFJPY,20211126,1500,122.752,122.779,122.547,122.669,19353010000
CHFJPY,20211126,1600,122.670,122.902,122.644,122.839,13407200000
CHFJPY,20211126,1700,122.845,122.872,122.534,122.548,6173230000
CHFJPY,20211126,1800,122.551,122.769,122.503,122.649,10176070000
CHFJPY,20211126,1900,122.625,122.774,122.526,122.746,4707860000
CHFJPY,20211126,2000,122.733,122.792,122.496,122.542,1478170000
CHFJPY,20211126,2100,122.761,122.761,122.386,122.511,55970000
CHFJPY,20211128,2200,122.603,122.901,122.504,122.880,2930950000
CHFJPY,20211128,2300,122.880,123.097,122.631,123.014,7103030000
CHFJPY,20211129,0000,123.012,123.150,122.840,122.852,10527200000
CHFJPY,20211129,0100,122.852,122.926,122.661,122.755,8620580000
CHFJPY,20211129,0200,122.763,122.799,122.600,122.614,6311760000
CHFJPY,20211129,0300,122.614,122.836,122.610,122.813,7199000000
CHFJPY,20211129,0400,122.818,122.866,122.644,122.663,4750560000
CHFJPY,20211129,0500,122.661,122.691,122.379,122.429,7824690000
CHFJPY,20211129,0600,122.428,122.436,122.125,122.313,9790580000
CHFJPY,20211129,0700,122.314,122.524,122.284,122.502,13247350000
CHFJPY,20211129,0800,122.497,122.598,122.345,122.457,14777900000
CHFJPY,20211129,0900,122.458,122.754,122.430,122.544,12182140000
CHFJPY,20211129,1000,122.543,122.734,122.471,122.498,8879640000
CHFJPY,20211129,1100,122.498,122.864,122.498,122.796,7226350000
CHFJPY,20211129,1200,122.797,122.939,122.740,122.785,8017000000
CHFJPY,20211129,1300,122.786,122.937,122.760,122.846,12038030000
CHFJPY,20211129,1400,122.844,123.079,122.776,123.069,14141580000
CHFJPY,20211129,1500,123.069,123.085,122.770,122.802,13004090000
CHFJPY,20211129,1600,122.805,123.034,122.793,122.975,6916830000
CHFJPY,20211129,1700,122.975,123.083,122.948,123.045,4195680000
CHFJPY,20211129,1800,123.044,123.081,123.005,123.071,3557470000
CHFJPY,20211129,1900,123.074,123.109,122.951,122.952,3306270000
CHFJPY,20211129,2000,122.956,123.097,122.954,123.046,3841350000
CHFJPY,20211129,2100,123.046,123.094,122.992,122.994,1963700000
CHFJPY,20211129,2200,122.895,123.114,122.839,123.111,1736160000
CHFJPY,20211129,2300,123.110,123.346,123.100,123.296,3376980000
CHFJPY,20211130,0000,123.295,123.360,123.193,123.236,6069100000
CHFJPY,20211130,0100,123.236,123.281,123.179,123.232,3999640000
CHFJPY,20211130,0200,123.233,123.312,123.148,123.308,3808430000
CHFJPY,20211130,0300,123.311,123.317,123.189,123.202,3649560000
CHFJPY,20211130,0400,123.201,123.229,123.080,123.091,3423920000
CHFJPY,20211130,0500,123.091,123.096,122.688,122.753,13438400000
CHFJPY,20211130,0600,122.755,122.911,122.678,122.909,12399490000
CHFJPY,20211130,0700,122.913,122.967,122.760,122.924,14860380000
CHFJPY,20211130,0800,122.927,122.986,122.650,122.691,18130650000
CHFJPY,20211130,0900,122.690,122.934,122.655,122.899,17355320000
CHFJPY,20211130,1000,122.900,122.988,122.858,122.920,12707630000
CHFJPY,20211130,1100,122.916,123.096,122.841,123.064,11955820000
CHFJPY,20211130,1200,123.064,123.105,122.899,122.941,11136710000
CHFJPY,20211130,1300,122.941,122.985,122.868,122.902,13163350000
CHFJPY,20211130,1400,122.907,123.071,122.793,122.924,14769990000
CHFJPY,20211130,1500,122.920,123.122,122.579,122.744,31084330000
CHFJPY,20211130,1600,122.744,123.131,122.633,122.811,25573260000
CHFJPY,20211130,1700,122.810,122.948,122.708,122.897,11492230000
CHFJPY,20211130,1800,122.897,123.008,122.839,122.934,9208270000
CHFJPY,20211130,1900,122.933,123.131,122.927,123.126,7249070000
CHFJPY,20211130,2000,123.127,123.147,123.054,123.115,5717940000
CHFJPY,20211130,2100,123.111,123.207,123.090,123.160,1942800000
CHFJPY,20211130,2200,122.976,123.169,122.888,123.136,787540000
CHFJPY,20211130,2300,123.136,123.270,123.136,123.206,4547310000
CHFJPY,20211201,0000,123.206,123.220,123.048,123.117,7361570000
CHFJPY,20211201,0100,123.114,123.255,123.095,123.175,8607850000
CHFJPY,20211201,0200,123.174,123.175,123.055,123.150,5246370000
CHFJPY,20211201,0300,123.149,123.236,123.129,123.200,4708370000
CHFJPY,20211201,0400,123.201,123.323,123.154,123.323,2771530000
CHFJPY,20211201,0500,123.325,123.339,123.223,123.271,3146410000
CHFJPY,20211201,0600,123.274,123.444,123.263,123.379,4244650000
CHFJPY,20211201,0700,123.379,123.442,123.261,123.391,11986700000
CHFJPY,20211201,0800,123.390,123.536,123.216,123.299,17146750000
CHFJPY,20211201,0900,123.299,123.500,123.241,123.405,11372140000
CHFJPY,20211201,1000,123.407,123.478,123.273,123.305,7911300000
CHFJPY,20211201,1100,123.306,123.351,123.161,123.182,6924550000
CHFJPY,20211201,1200,123.182,123.201,122.983,123.017,8874050000
CHFJPY,20211201,1300,123.017,123.076,122.910,123.069,11907740000
CHFJPY,20211201,1400,123.067,123.154,122.986,123.014,13124300000
CHFJPY,20211201,1500,123.026,123.111,122.789,122.840,17937360000
CHFJPY,20211201,1600,122.846,122.893,122.655,122.688,12815290000
CHFJPY,20211201,1700,122.689,122.716,122.626,122.662,6816920000
CHFJPY,20211201,1800,122.665,122.749,122.591,122.749,7535360000
CHFJPY,20211201,1900,122.750,122.750,122.536,122.543,7399620000
CHFJPY,20211201,2000,122.540,122.603,122.505,122.507,6930940000
CHFJPY,20211201,2100,122.505,122.567,122.473,122.491,2181150000
CHFJPY,20211201,2200,122.482,122.523,122.364,122.481,434820000
CHFJPY,20211201,2300,122.412,122.637,122.412,122.603,3306030000
CHFJPY,20211202,0000,122.603,122.773,122.542,122.749,5469430000
CHFJPY,20211202,0100,122.749,122.938,122.680,122.927,6184610000
CHFJPY,20211202,0200,122.930,123.060,122.843,122.989,5552230000
CHFJPY,20211202,0300,122.988,122.990,122.889,122.934,3150550000
CHFJPY,20211202,0400,122.934,122.958,122.792,122.851,3737660000
CHFJPY,20211202,0500,122.852,122.860,122.754,122.780,2643600000
CHFJPY,20211202,0600,122.779,122.918,122.762,122.911,4630240000
CHFJPY,20211202,0700,122.911,123.000,122.859,122.867,8581760000
CHFJPY,20211202,0800,122.865,122.948,122.786,122.901,12800370000
CHFJPY,20211202,0900,122.899,123.002,122.828,122.906,10022110000
CHFJPY,20211202,1000,122.904,123.005,122.779,122.944,12100250000
CHFJPY,20211202,1100,122.945,122.966,122.822,122.853,8909430000
CHFJPY,20211202,1200,122.851,122.877,122.739,122.801,12105640000
CHFJPY,20211202,1300,122.801,122.883,122.725,122.799,12711780000
CHFJPY,20211202,1400,122.798,122.954,122.714,122.930,18003100000
CHFJPY,20211202,1500,122.932,122.932,122.722,122.866,17754020000
CHFJPY,20211202,1600,122.864,122.944,122.808,122.866,13270030000
CHFJPY,20211202,1700,122.865,122.961,122.846,122.936,7697760000
CHFJPY,20211202,1800,122.938,122.944,122.863,122.936,5998530000
CHFJPY,20211202,1900,122.935,122.990,122.882,122.883,3906380000
CHFJPY,20211202,2000,122.881,122.911,122.841,122.903,3020320000
CHFJPY,20211202,2100,122.905,122.985,122.883,122.943,1840920000
CHFJPY,20211202,2200,122.943,123.049,122.926,123.019,940090000
CHFJPY,20211202,2300,123.018,123.030,122.843,122.860,3257020000
CHFJPY,20211203,0000,122.861,122.957,122.798,122.944,4316220000
CHFJPY,20211203,0100,122.945,122.994,122.820,122.895,6114500000
CHFJPY,20211203,0200,122.895,122.958,122.876,122.924,3764720000
CHFJPY,20211203,0300,122.925,122.969,122.880,122.934,2951100000
CHFJPY,20211203,0400,122.933,123.006,122.905,122.963,2907710000
CHFJPY,20211203,0500,122.963,123.027,122.928,122.972,3157200000
CHFJPY,20211203,0600,122.974,123.026,122.942,122.967,2828460000
CHFJPY,20211203,0700,122.969,123.074,122.919,123.056,6882350000
CHFJPY,20211203,0800,123.056,123.209,123.021,123.067,9260690000
CHFJPY,20211203,0900,123.068,123.116,122.970,123.081,6514070000
CHFJPY,20211203,1000,123.081,123.228,123.031,123.161,8054350000
CHFJPY,20211203,1100,123.161,123.274,123.102,123.235,7145830000
CHFJPY,20211203,1200,123.235,123.360,123.178,123.208,7203460000
CHFJPY,20211203,1300,123.207,123.372,123.062,123.359,19418010000
CHFJPY,20211203,1400,123.359,123.518,123.210,123.250,21751500000
CHFJPY,20211203,1500,123.250,123.299,122.925,123.039,21846910000
CHFJPY,20211203,1600,123.039,123.092,122.859,122.867,18475850000
CHFJPY,20211203,1700,122.869,122.946,122.848,122.889,7731670000
CHFJPY,20211203,1800,122.887,122.941,122.772,122.815,7738040000
CHFJPY,20211203,1900,122.815,122.855,122.720,122.720,7347220000
CHFJPY,20211203,2000,122.723,122.862,122.717,122.843,6794140000
CHFJPY,20211203,2100,122.843,122.930,122.813,122.853,2651800000
CHFJPY,20211205,2200,122.930,123.009,122.690,122.766,568840000
CHFJPY,20211205,2300,122.775,123.076,122.775,123.056,4408190000
CHFJPY,20211206,0000,123.056,123.056,122.815,122.886,5091400000
CHFJPY,20211206,0100,122.884,122.897,122.816,122.843,3418490000
CHFJPY,20211206,0200,122.838,122.863,122.731,122.736,3047440000
CHFJPY,20211206,0300,122.739,122.785,122.708,122.772,2278910000
CHFJPY,20211206,0400,122.771,122.791,122.730,122.739,1682080000
CHFJPY,20211206,0500,122.738,122.803,122.728,122.760,3128820000
CHFJPY,20211206,0600,122.760,122.783,122.686,122.756,3460120000
CHFJPY,20211206,0700,122.755,122.832,122.703,122.749,6796530000
CHFJPY,20211206,0800,122.749,122.902,122.745,122.746,8583690000
CHFJPY,20211206,0900,122.744,122.891,122.717,122.751,10784700000
CHFJPY,20211206,1000,122.751,122.889,122.728,122.833,7344450000
CHFJPY,20211206,1100,122.832,122.882,122.710,122.716,6516590000
CHFJPY,20211206,1200,122.727,122.765,122.630,122.655,6052260000
CHFJPY,20211206,1300,122.655,122.810,122.591,122.732,8600350000
CHFJPY,20211206,1400,122.731,122.764,122.549,122.602,14439640000
CHFJPY,20211206,1500,122.601,122.632,122.471,122.529,12961270000
CHFJPY,20211206,1600,122.524,122.632,122.383,122.404,7952140000
CHFJPY,20211206,1700,122.401,122.501,122.387,122.469,3825630000
CHFJPY,20211206,1800,122.471,122.606,122.462,122.605,2944860000
CHFJPY,20211206,1900,122.606,122.622,122.525,122.551,3145380000
CHFJPY,20211206,2000,122.551,122.622,122.518,122.619,3672810000
CHFJPY,20211206,2100,122.618,122.641,122.575,122.575,1401960000
CHFJPY,20211206,2200,122.469,122.592,122.469,122.505,2189680000
CHFJPY,20211206,2300,122.498,122.633,122.498,122.580,1887280000
CHFJPY,20211207,0000,122.581,122.641,122.528,122.624,3124000000
CHFJPY,20211207,0100,122.619,122.767,122.616,122.733,5476930000
CHFJPY,20211207,0200,122.734,122.822,122.711,122.802,3034100000
CHFJPY,20211207,0300,122.801,122.875,122.784,122.859,3102210000
CHFJPY,20211207,0400,122.860,122.964,122.860,122.919,2648680000
CHFJPY,20211207,0500,122.919,122.967,122.906,122.953,2388220000
CHFJPY,20211207,0600,122.950,123.016,122.905,122.929,3463630000
CHFJPY,20211207,0700,122.930,123.031,122.865,122.939,6786330000
CHFJPY,20211207,0800,122.938,123.101,122.914,123.002,9086230000
CHFJPY,20211207,0900,123.002,123.111,122.867,123.063,8573920000
CHFJPY,20211207,1000,123.063,123.096,122.875,122.931,6354970000
CHFJPY,20211207,1100,122.930,122.964,122.707,122.762,6440070000
CHFJPY,20211207,1200,122.758,122.758,122.542,122.627,6990660000
CHFJPY,20211207,1300,122.626,122.806,122.519,122.768,10140860000
CHFJPY,20211207,1400,122.763,122.832,122.663,122.805,9868260000
CHFJPY,20211207,1500,122.803,122.842,122.566,122.700,10956820000
CHFJPY,20211207,1600,122.699,122.723,122.558,122.636,6695570000
CHFJPY,20211207,1700,122.633,122.751,122.601,122.749,2637080000
CHFJPY,20211207,1800,122.750,122.760,122.638,122.752,2913750000
CHFJPY,20211207,1900,122.749,122.863,122.729,122.861,2421970000
CHFJPY,20211207,2000,122.854,122.890,122.687,122.723,3313740000
CHFJPY,20211207,2100,122.722,122.819,122.716,122.741,1500870000
CHFJPY,20211207,2200,122.532,122.744,122.502,122.690,384410000
CHFJPY,20211207,2300,122.691,122.800,122.690,122.784,1713980000
CHFJPY,20211208,0000,122.783,122.857,122.672,122.830,4992190000
CHFJPY,20211208,0100,122.824,122.841,122.722,122.807,5299820000
CHFJPY,20211208,0200,122.804,122.928,122.744,122.893,4265000000
CHFJPY,20211208,0300,122.892,122.895,122.816,122.864,3662830000
CHFJPY,20211208,0400,122.863,122.918,122.860,122.898,1858450000
CHFJPY,20211208,0500,122.898,122.907,122.858,122.894,2182620000
CHFJPY,20211208,0600,122.893,122.919,122.823,122.827,2692020000
CHFJPY,20211208,0700,122.832,122.863,122.702,122.708,5430230000
CHFJPY,20211208,0800,122.706,122.938,122.695,122.775,10430840000
CHFJPY,20211208,0900,122.773,122.868,122.746,122.811,7331200000
CHFJPY,20211208,1000,122.812,122.884,122.733,122.816,9028250000
CHFJPY,20211208,1100,122.822,123.030,122.726,122.988,13560250000
CHFJPY,20211208,1200,122.991,123.226,122.908,123.137,14189330000
CHFJPY,20211208,1300,123.137,123.448,123.105,123.420,12733510000
CHFJPY,20211208,1400,123.420,123.455,123.236,123.251,11689910000
CHFJPY,20211208,1500,123.251,123.472,123.201,123.449,13524820000
CHFJPY,20211208,1600,123.448,123.527,123.404,123.485,7139760000
CHFJPY,20211208,1700,123.484,123.539,123.436,123.446,3900150000
CHFJPY,20211208,1800,123.446,123.482,123.361,123.473,3905680000
CHFJPY,20211208,1900,123.472,123.559,123.462,123.558,2550300000
CHFJPY,20211208,2000,123.559,123.576,123.530,123.547,2722290000
CHFJPY,20211208,2100,123.548,123.569,123.445,123.445,1793180000
CHFJPY,20211208,2200,123.360,123.532,123.345,123.409,278300000
CHFJPY,20211208,2300,123.408,123.565,123.384,123.529,1413880000
CHFJPY,20211209,0000,123.530,123.655,123.530,123.558,2912880000
CHFJPY,20211209,0100,123.558,123.608,123.434,123.436,2944230000
CHFJPY,20211209,0200,123.436,123.507,123.434,123.445,2174740000
CHFJPY,20211209,0300,123.445,123.490,123.416,123.435,2121930000
CHFJPY,20211209,0400,123.433,123.490,123.397,123.421,2348250000
CHFJPY,20211209,0500,123.421,123.440,123.346,123.369,2338320000
CHFJPY,20211209,0600,123.369,123.435,123.340,123.412,1843390000
CHFJPY,20211209,0700,123.412,123.414,123.204,123.229,7689660000
CHFJPY,20211209,0800,123.231,123.289,123.129,123.202,8408810000
CHFJPY,20211209,0900,123.203,123.292,123.151,123.192,6677440000
CHFJPY,20211209,1000,123.191,123.193,123.080,123.093,6902390000
CHFJPY,20211209,1100,123.093,123.143,122.945,123.038,7085730000
CHFJPY,20211209,1200,123.038,123.086,122.748,122.760,6676600000
CHFJPY,20211209,1300,122.759,122.868,122.699,122.713,11288910000
CHFJPY,20211209,1400,122.714,122.936,122.663,122.700,9902630000
CHFJPY,20211209,1500,122.701,122.725,122.483,122.565,11556800000
CHFJPY,20211209,1600,122.565,122.608,122.491,122.605,7246840000
CHFJPY,20211209,1700,122.602,122.774,122.595,122.745,3848400000
CHFJPY,20211209,1800,122.745,122.831,122.738,122.766,5438500000
CHFJPY,20211209,1900,122.766,122.828,122.710,122.723,3518340000
CHFJPY,20211209,2000,122.722,122.822,122.701,122.822,3489480000
CHFJPY,20211209,2100,122.824,122.825,122.728,122.783,1294670000
CHFJPY,20211209,2200,122.678,122.810,122.568,122.687,1667060000
CHFJPY,20211209,2300,122.744,122.817,122.717,122.789,1719610000
CHFJPY,20211210,0000,122.788,122.836,122.741,122.756,5260670000
CHFJPY,20211210,0100,122.759,122.798,122.673,122.786,4441490000
CHFJPY,20211210,0200,122.787,122.885,122.780,122.859,3599980000
CHFJPY,20211210,0300,122.860,122.914,122.815,122.877,2958080000
CHFJPY,20211210,0400,122.876,122.905,122.820,122.837,2552960000
CHFJPY,20211210,0500,122.842,122.851,122.756,122.762,2414620000
CHFJPY,20211210,0600,122.763,122.876,122.762,122.819,4922980000
CHFJPY,20211210,0700,122.821,122.865,122.740,122.865,7214800000
CHFJPY,20211210,0800,122.864,123.092,122.840,123.048,11113840000
CHFJPY,20211210,0900,123.047,123.065,122.947,123.042,6878510000
CHFJPY,20211210,1000,123.043,123.049,122.945,123.001,4777190000
CHFJPY,20211210,1100,123.000,123.039,122.965,122.998,4980000000
CHFJPY,20211210,1200,122.998,123.092,122.992,123.022,5120910000
CHFJPY,20211210,1300,123.021,123.114,122.759,122.942,14250370000
CHFJPY,20211210,1400,122.945,123.001,122.762,122.891,13245260000
CHFJPY,20211210,1500,122.888,123.067,122.821,123.028,11817280000
CHFJPY,20211210,1600,123.027,123.148,122.981,123.125,8575700000
CHFJPY,20211210,1700,123.130,123.162,123.045,123.142,3603160000
CHFJPY,20211210,1800,123.143,123.197,123.123,123.161,2620430000
CHFJPY,20211210,1900,123.161,123.209,123.144,123.153,1897690000
CHFJPY,20211210,2000,123.152,123.184,123.145,123.175,2035920000
CHFJPY,20211210,2100,123.174,123.189,123.083,123.100,1100120000
CHFJPY,20211212,2200,122.820,123.230,122.811,123.225,4001200000
CHFJPY,20211212,2300,123.225,123.282,123.153,123.196,2047940000
CHFJPY,20211213,0000,123.199,123.218,123.158,123.174,2940170000
CHFJPY,20211213,0100,123.175,123.235,123.142,123.173,2111790000
CHFJPY,20211213,0200,123.177,123.207,123.142,123.173,2031780000
CHFJPY,20211213,0300,123.174,123.191,123.134,123.178,1568490000
CHFJPY,20211213,0400,123.180,123.194,123.101,123.119,1888370000
CHFJPY,20211213,0500,123.119,123.144,123.064,123.090,1646210000
CHFJPY,20211213,0600,123.086,123.135,123.062,123.076,2456680000
CHFJPY,20211213,0700,123.081,123.116,123.032,123.056,3650340000
CHFJPY,20211213,0800,123.054,123.077,122.933,122.967,5824420000
CHFJPY,20211213,0900,122.965,122.984,122.799,122.936,5461410000
CHFJPY,20211213,1000,122.935,123.025,122.930,122.988,4825180000
CHFJPY,20211213,1100,122.987,123.042,122.923,122.929,5236250000
CHFJPY,20211213,1200,122.928,123.041,122.903,123.003,5496040000
CHFJPY,20211213,1300,123.001,123.184,123.001,123.121,7780280000
CHFJPY,20211213,1400,123.122,123.203,123.035,123.072,11408100000
CHFJPY,20211213,1500,123.072,123.124,122.980,123.011,11963570000
CHFJPY,20211213,1600,123.012,123.129,122.982,123.111,8190660000
CHFJPY,20211213,1700,123.111,123.188,123.096,123.099,3575800000
CHFJPY,20211213,1800,123.102,123.126,123.083,123.103,1925590000
CHFJPY,20211213,1900,123.102,123.128,123.065,123.112,1779740000
CHFJPY,20211213,2000,123.111,123.137,123.076,123.115,2445160000
CHFJPY,20211213,2100,123.114,123.141,123.090,123.096,1758320000
CHFJPY,20211213,2200,122.955,123.066,122.950,123.043,540000000
CHFJPY,20211213,2300,123.049,123.136,123.032,123.121,1930740000
CHFJPY,20211214,0000,123.121,123.128,123.022,123.096,3417390000
CHFJPY,20211214,0100,123.094,123.120,123.033,123.108,3140650000
CHFJPY,20211214,0200,123.108,123.126,123.041,123.093,1699350000
CHFJPY,20211214,0300,123.094,123.104,122.945,123.013,3224560000
CHFJPY,20211214,0400,123.015,123.051,122.983,123.030,2286040000
CHFJPY,20211214,0500,123.032,123.051,123.003,123.034,2383150000
CHFJPY,20211214,0600,123.030,123.111,123.009,123.077,2293840000
CHFJPY,20211214,0700,123.074,123.155,123.046,123.135,3902200000
CHFJPY,20211214,0800,123.140,123.426,123.118,123.419,6744810000
CHFJPY,20211214,0900,123.420,123.446,123.276,123.391,8009300000
CHFJPY,20211214,1000,123.392,123.552,123.372,123.502,6668300000
CHFJPY,20211214,1100,123.504,123.555,123.466,123.474,6047740000
CHFJPY,20211214,1200,123.475,123.547,123.406,123.431,7541030000
CHFJPY,20211214,1300,123.433,123.502,123.310,123.485,9686330000
CHFJPY,20211214,1400,123.485,123.529,123.362,123.381,12149190000
CHFJPY,20211214,1500,123.382,123.469,123.037,123.069,9513810000
CHFJPY,20211214,1600,123.071,123.094,122.975,123.005,7568560000
CHFJPY,20211214,1700,123.005,123.170,122.998,123.152,4182270000
CHFJPY,20211214,1800,123.151,123.199,123.107,123.117,1990720000
CHFJPY,20211214,1900,123.116,123.142,123.040,123.060,2465490000
CHFJPY,20211214,2000,123.057,123.098,123.021,123.032,2068850000
CHFJPY,20211214,2100,123.032,123.078,123.027,123.064,1540350000
CHFJPY,20211214,2200,122.963,123.064,122.963,123.040,1353710000
CHFJPY,20211214,2300,123.040,123.070,123.024,123.063,1280020000
CHFJPY,20211215,0000,123.060,123.184,123.051,123.144,2936980000
CHFJPY,20211215,0100,123.146,123.157,123.075,123.124,3045910000
CHFJPY,20211215,0200,123.122,123.137,123.042,123.084,2050530000
CHFJPY,20211215,0300,123.083,123.094,123.027,123.085,1266010000
CHFJPY,20211215,0400,123.082,123.101,123.051,123.086,1306780000
CHFJPY,20211215,0500,123.085,123.117,123.060,123.080,2158990000
CHFJPY,20211215,0600,123.081,123.131,123.035,123.081,1699970000
CHFJPY,20211215,0700,123.077,123.093,122.952,122.961,4741680000
CHFJPY,20211215,0800,122.962,123.057,122.950,122.996,5610070000
CHFJPY,20211215,0900,122.996,123.100,122.971,123.058,5029750000
CHFJPY,20211215,1000,123.057,123.088,122.985,123.071,4819940000
CHFJPY,20211215,1100,123.072,123.136,123.060,123.118,4595530000
CHFJPY,20211215,1200,123.117,123.131,123.054,123.131,5203320000
CHFJPY,20211215,1300,123.131,123.167,123.049,123.127,9693690000
CHFJPY,20211215,1400,123.127,123.143,122.824,122.855,14306450000
CHFJPY,20211215,1500,122.855,122.949,122.827,122.891,10270860000
CHFJPY,20211215,1600,122.892,122.967,122.863,122.942,7188120000
CHFJPY,20211215,1700,122.941,122.951,122.872,122.917,3048400000
CHFJPY,20211215,1800,122.917,122.980,122.827,122.865,3599070000
CHFJPY,20211215,1900,122.871,123.221,122.871,123.154,23418370000
CHFJPY,20211215,2000,123.151,123.353,123.145,123.332,10576340000
CHFJPY,20211215,2100,123.335,123.381,123.308,123.320,2247170000
CHFJPY,20211215,2200,123.133,123.406,123.133,123.281,19977170000
CHFJPY,20211215,2300,123.278,123.508,123.274,123.453,3020290000
CHFJPY,20211216,0000,123.453,123.488,123.367,123.378,4108140000
CHFJPY,20211216,0100,123.372,123.404,123.271,123.349,4518750000
CHFJPY,20211216,0200,123.348,123.526,123.346,123.525,4083340000
CHFJPY,20211216,0300,123.522,123.522,123.452,123.458,2718670000
CHFJPY,20211216,0400,123.459,123.488,123.262,123.288,3616790000
CHFJPY,20211216,0500,123.287,123.404,123.251,123.377,2560960000
CHFJPY,20211216,0600,123.378,123.512,123.368,123.502,2116480000
CHFJPY,20211216,0700,123.503,123.652,123.480,123.602,5390900000
CHFJPY,20211216,0800,123.601,123.759,123.517,123.678,9568360000
CHFJPY,20211216,0900,123.676,123.742,123.521,123.526,7476610000
CHFJPY,20211216,1000,123.524,123.560,123.339,123.378,5885790000
CHFJPY,20211216,1100,123.378,123.440,123.344,123.402,5201750000
CHFJPY,20211216,1200,123.403,123.726,123.309,123.688,12713280000
CHFJPY,20211216,1300,123.689,123.965,123.681,123.962,13769760000
CHFJPY,20211216,1400,123.964,123.967,123.353,123.377,19661970000
CHFJPY,20211216,1500,123.377,123.456,123.231,123.388,14643460000
CHFJPY,20211216,1600,123.391,123.425,123.239,123.337,7696580000
CHFJPY,20211216,1700,123.335,123.428,123.256,123.428,3815580000
CHFJPY,20211216,1800,123.425,123.534,123.387,123.523,3706090000
CHFJPY,20211216,1900,123.524,123.600,123.512,123.562,4443420000
CHFJPY,20211216,2000,123.562,123.658,123.494,123.643,5073780000
CHFJPY,20211216,2100,123.646,123.695,123.615,123.615,1854900000
CHFJPY,20211216,2200,123.625,123.710,123.435,123.592,2241550000
CHFJPY,20211216,2300,123.593,123.695,123.578,123.673,3935500000
CHFJPY,20211217,0000,123.677,123.811,123.640,123.756,3596680000
CHFJPY,20211217,0100,123.756,123.789,123.568,123.625,4907340000
CHFJPY,20211217,0200,123.627,123.674,123.512,123.531,3566630000
CHFJPY,20211217,0300,123.530,123.606,123.444,123.511,3758220000
CHFJPY,20211217,0400,123.510,123.641,123.464,123.633,3802120000
CHFJPY,20211217,0500,123.635,123.710,123.585,123.699,4233990000
CHFJPY,20211217,0600,123.700,123.730,123.547,123.565,3810490000
CHFJPY,20211217,0700,123.566,123.645,123.545,123.588,6239830000
CHFJPY,20211217,0800,123.588,123.720,123.519,123.704,10100510000
CHFJPY,20211217,0900,123.706,123.794,123.654,123.724,10505620000
CHFJPY,20211217,1000,123.724,123.739,123.521,123.544,7738300000
CHFJPY,20211217,1100,123.544,123.566,123.351,123.382,5526510000
CHFJPY,20211217,1200,123.382,123.395,123.222,123.261,8167930000
CHFJPY,20211217,1300,123.260,123.270,123.053,123.079,10427330000
CHFJPY,20211217,1400,123.078,123.162,123.020,123.137,12375800000
CHFJPY,20211217,1500,123.136,123.267,123.001,123.204,14125200000
CHFJPY,20211217,1600,123.204,123.215,123.016,123.069,9352190000
CHFJPY,20211217,1700,123.068,123.098,122.963,123.027,4633650000
CHFJPY,20211217,1800,123.029,123.094,122.998,123.021,3755590000
CHFJPY,20211217,1900,123.024,123.112,122.988,123.072,3490400000
CHFJPY,20211217,2000,123.069,123.132,123.022,123.027,4494150000
CHFJPY,20211217,2100,123.025,123.071,122.971,122.991,1739600000
CHFJPY,20211219,2200,122.815,122.991,122.785,122.958,345360000
CHFJPY,20211219,2300,122.960,122.988,122.888,122.931,4536670000
CHFJPY,20211220,0000,122.930,123.019,122.891,122.990,6600900000
CHFJPY,20211220,0100,122.990,123.007,122.822,122.841,4679420000
CHFJPY,20211220,0200,122.843,122.979,122.785,122.977,4913000000
CHFJPY,20211220,0300,122.979,122.985,122.852,122.873,2839270000
CHFJPY,20211220,0400,122.873,122.909,122.849,122.890,3484790000
CHFJPY,20211220,0500,122.891,122.912,122.827,122.870,3994860000
CHFJPY,20211220,0600,122.872,122.906,122.808,122.817,4212990000
CHFJPY,20211220,0700,122.816,122.825,122.661,122.793,8290220000
CHFJPY,20211220,0800,122.793,122.889,122.725,122.860,11485310000
CHFJPY,20211220,0900,122.860,122.939,122.705,122.825,9832480000
CHFJPY,20211220,1000,122.823,123.014,122.808,122.972,9812940000
CHFJPY,20211220,1100,122.976,123.098,122.919,123.067,5353090000
CHFJPY,20211220,1200,123.066,123.110,122.906,122.940,6489680000
CHFJPY,20211220,1300,122.941,123.222,122.922,123.124,9968690000
CHFJPY,20211220,1400,123.127,123.218,123.028,123.210,12324070000
CHFJPY,20211220,1500,123.211,123.360,123.095,123.126,11596300000
CHFJPY,20211220,1600,123.124,123.314,123.081,123.301,7979510000
CHFJPY,20211220,1700,123.301,123.366,123.208,123.215,3683060000
CHFJPY,20211220,1800,123.215,123.297,123.183,123.272,2905720000
CHFJPY,20211220,1900,123.271,123.333,123.258,123.263,3728930000
CHFJPY,20211220,2000,123.260,123.376,123.259,123.369,4541880000
CHFJPY,20211220,2100,123.368,123.378,123.277,123.277,1532550000
CHFJPY,20211220,2200,123.203,123.376,123.099,123.241,1462330000
CHFJPY,20211220,2300,123.226,123.323,123.202,123.301,1574300000
CHFJPY,20211221,0000,123.302,123.329,123.266,123.275,3555110000
CHFJPY,20211221,0100,123.273,123.369,123.216,123.328,5109600000
CHFJPY,20211221,0200,123.326,123.381,123.309,123.333,2778670000
CHFJPY,20211221,0300,123.332,123.359,123.302,123.322,1964180000
CHFJPY,20211221,0400,123.321,123.338,123.287,123.329,1553530000
CHFJPY,20211221,0500,123.330,123.369,123.306,123.335,1869950000
CHFJPY,20211221,0600,123.336,123.398,123.336,123.366,2111480000
CHFJPY,20211221,0700,123.369,123.536,123.358,123.400,5592610000
CHFJPY,20211221,0800,123.398,123.557,123.361,123.511,10099000000
CHFJPY,20211221,0900,123.508,123.572,123.407,123.418,8069150000
CHFJPY,20211221,1000,123.417,123.502,123.395,123.396,7280170000
CHFJPY,20211221,1100,123.395,123.397,123.229,123.270,6285850000
CHFJPY,20211221,1200,123.268,123.348,123.232,123.317,5911430000
CHFJPY,20211221,1300,123.319,123.369,123.244,123.286,7169460000
CHFJPY,20211221,1400,123.284,123.342,123.199,123.233,8870600000
CHFJPY,20211221,1500,123.234,123.369,123.186,123.315,10611390000
CHFJPY,20211221,1600,123.313,123.481,123.302,123.480,7426180000
CHFJPY,20211221,1700,123.475,123.477,123.384,123.453,3792190000
CHFJPY,20211221,1800,123.449,123.494,123.390,123.486,4496310000
CHFJPY,20211221,1900,123.486,123.529,123.475,123.510,2930320000
CHFJPY,20211221,2000,123.507,123.537,123.459,123.495,2710830000
CHFJPY,20211221,2100,123.495,123.546,123.492,123.522,1247260000
CHFJPY,20211221,2200,123.404,123.511,123.237,123.359,773570000
CHFJPY,20211221,2300,123.381,123.501,123.374,123.483,1955230000
CHFJPY,20211222,0000,123.488,123.628,123.470,123.570,3941060000
CHFJPY,20211222,0100,123.569,123.607,123.513,123.528,2934530000
CHFJPY,20211222,0200,123.528,123.529,123.415,123.467,3412830000
CHFJPY,20211222,0300,123.466,123.518,123.456,123.488,2510910000
CHFJPY,20211222,0400,123.488,123.507,123.440,123.501,1749040000
CHFJPY,20211222,0500,123.501,123.529,123.390,123.463,2900780000
CHFJPY,20211222,0600,123.464,123.516,123.409,123.450,2530070000
CHFJPY,20211222,0700,123.444,123.506,123.380,123.409,4097830000
CHFJPY,20211222,0800,123.407,123.606,123.404,123.583,8722280000
CHFJPY,20211222,0900,123.584,123.682,123.557,123.625,5199210000
CHFJPY,20211222,1000,123.626,123.802,123.599,123.738,6029520000
CHFJPY,20211222,1100,123.740,123.832,123.738,123.750,5907170000
CHFJPY,20211222,1200,123.753,123.843,123.736,123.837,6193820000
CHFJPY,20211222,1300,123.836,123.852,123.717,123.829,8631140000
CHFJPY,20211222,1400,123.828,123.928,123.794,123.854,9770130000
CHFJPY,20211222,1500,123.861,124.139,123.853,124.111,10628340000
CHFJPY,20211222,1600,124.114,124.180,124.070,124.130,8730340000
CHFJPY,20211222,1700,124.127,124.195,124.115,124.151,3034760000
CHFJPY,20211222,1800,124.151,124.166,124.091,124.110,2898360000
CHFJPY,20211222,1900,124.109,124.135,124.077,124.135,2313740000
CHFJPY,20211222,2000,124.135,124.159,124.096,124.114,2983070000
CHFJPY,20211222,2100,124.116,124.155,124.040,124.040,1627920000
CHFJPY,20211222,2200,123.805,124.064,123.780,123.953,701590000
CHFJPY,20211222,2300,123.961,124.129,123.947,124.110,2328210000
CHFJPY,20211223,0000,124.110,124.255,124.095,124.207,4251440000
CHFJPY,20211223,0100,124.208,124.215,124.153,124.160,2897380000
CHFJPY,20211223,0200,124.160,124.174,124.118,124.135,2099870000
CHFJPY,20211223,0300,124.135,124.135,124.101,124.122,1223720000
CHFJPY,20211223,0400,124.121,124.191,124.121,124.189,1113130000
CHFJPY,20211223,0500,124.187,124.231,124.187,124.214,1008400000
CHFJPY,20211223,0600,124.215,124.276,124.197,124.234,1818020000
CHFJPY,20211223,0700,124.233,124.274,124.193,124.219,3807800000
CHFJPY,20211223,0800,124.220,124.254,124.093,124.122,6556770000
CHFJPY,20211223,0900,124.122,124.203,123.949,124.196,5281540000
CHFJPY,20211223,1000,124.196,124.353,124.146,124.307,5114770000
CHFJPY,20211223,1100,124.306,124.329,124.148,124.192,5427130000
CHFJPY,20211223,1200,124.191,124.244,124.153,124.182,6807190000
CHFJPY,20211223,1300,124.183,124.267,124.083,124.170,7131490000
CHFJPY,20211223,1400,124.168,124.452,124.058,124.426,9746950000
CHFJPY,20211223,1500,124.428,124.582,124.318,124.323,10828810000
CHFJPY,20211223,1600,124.323,124.560,124.305,124.535,5729520000
CHFJPY,20211223,1700,124.535,124.681,124.525,124.673,2644650000
CHFJPY,20211223,1800,124.676,124.697,124.637,124.649,1932320000
CHFJPY,20211223,1900,124.650,124.681,124.619,124.652,1391510000
CHFJPY,20211223,2000,124.652,124.660,124.584,124.609,1393940000
CHFJPY,20211223,2100,124.607,124.642,124.528,124.529,1208440000
CHFJPY,20211223,2200,124.324,124.517,124.324,124.471,186810000
CHFJPY,20211223,2300,124.472,124.560,124.427,124.501,2395590000
CHFJPY,20211224,0000,124.502,124.746,124.467,124.597,3207390000
CHFJPY,20211224,0100,124.597,124.670,124.572,124.600,19985970000
CHFJPY,20211224,0200,124.600,124.615,124.549,124.597,5771170000
CHFJPY,20211224,0300,124.597,124.635,124.543,124.550,6296740000
CHFJPY,20211224,0400,124.550,124.657,124.495,124.563,9453210000
CHFJPY,20211224,0500,124.561,124.746,124.547,124.688,2527630000
CHFJPY,20211224,0600,124.685,124.712,124.608,124.698,5321700000
CHFJPY,20211224,0700,124.698,124.710,124.610,124.688,5604260000
CHFJPY,20211224,0800,124.687,124.728,124.505,124.565,7457050000
CHFJPY,20211224,0900,124.565,124.730,124.559,124.687,5567280000
CHFJPY,20211224,1000,124.687,124.729,124.609,124.648,6742000000
CHFJPY,20211224,1100,124.647,124.668,124.561,124.648,5073820000
CHFJPY,20211224,1200,124.650,124.670,124.463,124.538,4865160000
CHFJPY,20211224,1300,124.537,124.560,124.345,124.432,9854410000
CHFJPY,20211224,1400,124.432,124.462,124.359,124.396,6109430000
CHFJPY,20211224,1500,124.396,124.490,124.352,124.383,11511810000
CHFJPY,20211224,1600,124.384,124.429,124.293,124.354,5599200000
CHFJPY,20211224,1700,124.355,124.389,124.263,124.327,5872310000
CHFJPY,20211224,1800,124.326,124.427,124.318,124.395,6038200000
CHFJPY,20211224,1900,124.394,124.521,124.233,124.291,1494050000
CHFJPY,20211224,2000,124.286,124.303,124.103,124.206,665380000
CHFJPY,20211224,2100,124.240,124.286,124.224,124.265,21000000
CHFJPY,20211226,2200,124.101,124.159,124.095,124.157,24000000
CHFJPY,20211226,2300,124.374,124.562,124.372,124.413,2912800000
CHFJPY,20211227,0000,124.414,124.488,124.346,124.475,3597670000
CHFJPY,20211227,0100,124.473,124.489,124.411,124.441,2659940000
CHFJPY,20211227,0200,124.451,124.462,124.387,124.404,2305910000
CHFJPY,20211227,0300,124.403,124.464,124.385,124.456,1241540000
CHFJPY,20211227,0400,124.456,124.487,124.439,124.457,1416230000
CHFJPY,20211227,0500,124.460,124.460,124.405,124.426,2046500000
CHFJPY,20211227,0600,124.427,124.487,124.410,124.443,2066660000
CHFJPY,20211227,0700,124.444,124.597,124.443,124.576,3068660000
CHFJPY,20211227,0800,124.578,124.744,124.563,124.649,6363350000
CHFJPY,20211227,0900,124.648,124.791,124.582,124.681,5223010000
CHFJPY,20211227,1000,124.682,124.866,124.647,124.865,3850560000
CHFJPY,20211227,1100,124.865,124.869,124.757,124.758,3170830000
CHFJPY,20211227,1200,124.758,124.884,124.686,124.876,4446600000
CHFJPY,20211227,1300,124.876,124.896,124.800,124.820,5146770000
CHFJPY,20211227,1400,124.820,125.033,124.768,125.015,5576790000
CHFJPY,20211227,1500,125.015,125.186,124.997,125.159,6377010000
CHFJPY,20211227,1600,125.157,125.221,125.086,125.155,4015180000
CHFJPY,20211227,1700,125.155,125.214,125.153,125.181,1992940000
CHFJPY,20211227,1800,125.180,125.228,125.136,125.185,1495990000
CHFJPY,20211227,1900,125.186,125.243,125.168,125.207,1259480000
CHFJPY,20211227,2000,125.207,125.236,125.177,125.223,1183700000
CHFJPY,20211227,2100,125.224,125.233,125.159,125.160,1203930000
CHFJPY,20211227,2200,125.117,125.191,124.968,124.990,1942840000
CHFJPY,20211227,2300,125.022,125.233,125.004,125.146,1403800000
CHFJPY,20211228,0000,125.145,125.326,125.106,125.295,4446190000
CHFJPY,20211228,0100,125.294,125.302,125.137,125.162,3693610000
CHFJPY,20211228,0200,125.162,125.220,125.153,125.181,2911040000
CHFJPY,20211228,0300,125.179,125.238,125.179,125.233,2070680000
CHFJPY,20211228,0400,125.233,125.234,125.161,125.203,1674680000
CHFJPY,20211228,0500,125.203,125.216,125.133,125.202,1573910000
CHFJPY,20211228,0600,125.201,125.232,125.182,125.212,1661230000
CHFJPY,20211228,0700,125.215,125.244,125.086,125.089,2886310000
CHFJPY,20211228,0800,125.090,125.243,125.072,125.175,5056220000
CHFJPY,20211228,0900,125.172,125.254,125.151,125.248,3936570000
CHFJPY,20211228,1000,125.248,125.331,125.235,125.327,3633570000
CHFJPY,20211228,1100,125.325,125.369,125.268,125.347,2842390000
CHFJPY,20211228,1200,125.348,125.373,125.281,125.337,3359540000
CHFJPY,20211228,1300,125.339,125.391,125.154,125.154,5074440000
CHFJPY,20211228,1400,125.155,125.215,125.001,125.079,8075620000
CHFJPY,20211228,1500,125.086,125.119,124.926,124.951,7176270000
CHFJPY,20211228,1600,124.949,125.196,124.920,125.163,4081100000
CHFJPY,20211228,1700,125.163,125.219,125.114,125.145,2595080000
CHFJPY,20211228,1800,125.143,125.143,125.080,125.121,2820730000
CHFJPY,20211228,1900,125.122,125.140,125.071,125.130,2258120000
CHFJPY,20211228,2000,125.128,125.172,125.101,125.172,2428480000
CHFJPY,20211228,2100,125.174,125.188,125.128,125.128,849280000
CHFJPY,20211228,2200,125.072,125.114,125.033,125.055,2742120000
CHFJPY,20211228,2300,125.091,125.181,125.083,125.153,2174030000
CHFJPY,20211229,0000,125.154,125.222,125.144,125.216,1892000000
CHFJPY,20211229,0100,125.218,125.225,125.080,125.125,2221970000
CHFJPY,20211229,0200,125.134,125.225,125.083,125.220,1761430000
CHFJPY,20211229,0300,125.218,125.250,125.187,125.213,1610150000
CHFJPY,20211229,0400,125.218,125.218,125.171,125.197,1018010000
CHFJPY,20211229,0500,125.197,125.246,125.180,125.217,1490620000
CHFJPY,20211229,0600,125.217,125.274,125.212,125.215,1270680000
CHFJPY,20211229,0700,125.214,125.276,125.197,125.255,2151370000
CHFJPY,20211229,0800,125.254,125.309,125.134,125.156,3996470000
CHFJPY,20211229,0900,125.157,125.168,125.045,125.117,3937250000
CHFJPY,20211229,1000,125.115,125.192,125.006,125.134,3201410000
CHFJPY,20211229,1100,125.133,125.277,125.073,125.143,2887300000
CHFJPY,20211229,1200,125.146,125.189,125.062,125.123,3690920000
CHFJPY,20211229,1300,125.125,125.396,125.122,125.373,5555410000
CHFJPY,20211229,1400,125.372,125.526,125.279,125.514,6460710000
CHFJPY,20211229,1500,125.522,125.873,125.464,125.838,9136130000
CHFJPY,20211229,1600,125.838,125.863,125.654,125.680,4694930000
CHFJPY,20211229,1700,125.680,125.709,125.625,125.639,2343720000
CHFJPY,20211229,1800,125.638,125.683,125.566,125.648,3085940000
CHFJPY,20211229,1900,125.649,125.724,125.637,125.716,1944980000
CHFJPY,20211229,2000,125.711,125.752,125.684,125.718,2591100000
CHFJPY,20211229,2100,125.717,125.782,125.642,125.642,1353520000
CHFJPY,20211229,2200,125.629,125.759,125.624,125.669,568020000
CHFJPY,20211229,2300,125.669,125.774,125.660,125.769,1083250000
CHFJPY,20211230,0000,125.769,125.792,125.714,125.777,2124330000
CHFJPY,20211230,0100,125.776,125.779,125.698,125.706,2488120000
CHFJPY,20211230,0200,125.705,125.718,125.662,125.683,1568060000
CHFJPY,20211230,0300,125.682,125.697,125.638,125.678,1688960000
CHFJPY,20211230,0400,125.677,125.677,125.610,125.626,1308240000
CHFJPY,20211230,0500,125.629,125.649,125.586,125.640,1368980000
CHFJPY,20211230,0600,125.639,125.716,125.556,125.602,2326010000
CHFJPY,20211230,0700,125.602,125.666,125.517,125.537,2883680000
CHFJPY,20211230,0800,125.536,125.614,125.442,125.451,3987560000
CHFJPY,20211230,0900,125.449,125.504,125.427,125.465,4344930000
CHFJPY,20211230,1000,125.466,125.629,125.447,125.627,4471550000
CHFJPY,20211230,1100,125.624,125.832,125.599,125.804,4077740000
CHFJPY,20211230,1200,125.803,125.912,125.704,125.900,5414730000
CHFJPY,20211230,1300,125.901,125.970,125.658,125.708,6828780000
CHFJPY,20211230,1400,125.708,125.995,125.612,125.959,7411080000
CHFJPY,20211230,1500,125.959,126.050,125.808,126.006,7768210000
CHFJPY,20211230,1600,126.003,126.046,125.873,125.920,3946180000
CHFJPY,20211230,1700,125.919,125.971,125.886,125.970,1829370000
CHFJPY,20211230,1800,125.970,125.970,125.805,125.820,1203720000
CHFJPY,20211230,1900,125.819,125.929,125.806,125.907,1303680000
CHFJPY,20211230,2000,125.907,125.917,125.844,125.867,1774250000
CHFJPY,20211230,2100,125.868,125.924,125.859,125.880,991710000
CHFJPY,20211230,2200,125.826,125.954,125.765,125.935,293390000
CHFJPY,20211230,2300,125.934,125.934,125.869,125.894,1245060000
CHFJPY,20211231,0000,125.894,125.895,125.890,125.894,26370000
