<TICKER>,<DTYYYYMMDD>,<TIME>,<OPEN>,<HIGH>,<LOW>,<CLOSE>,<VOL>
AUDJPY,20211231,2100,83.647,83.675,83.643,83.643,38110000
AUDJPY,20220102,2200,83.461,83.673,83.442,83.622,884890000
AUDJPY,20220102,2300,83.620,83.771,83.620,83.683,2383010000
AUDJPY,20220103,0000,83.684,83.802,83.654,83.753,4206230000
AUDJPY,20220103,0100,83.753,83.861,83.562,83.595,4888600000
AUDJPY,20220103,0200,83.594,83.642,83.495,83.599,4010130000
AUDJPY,20220103,0300,83.599,83.628,83.451,83.556,4107430000
AUDJPY,20220103,0400,83.556,83.615,83.539,83.560,1741360000
AUDJPY,20220103,0500,83.560,83.603,83.540,83.547,2350770000
AUDJPY,20220103,0600,83.548,83.651,83.542,83.650,3718840000
AUDJPY,20220103,0700,83.652,83.665,83.609,83.663,3312550000
AUDJPY,20220103,0800,83.662,83.744,83.640,83.686,6385340000
AUDJPY,20220103,0900,83.685,83.691,83.515,83.562,5048210000
AUDJPY,20220103,1000,83.562,83.591,83.427,83.428,5283620000
AUDJPY,20220103,1100,83.431,83.459,83.322,83.400,4683470000
AUDJPY,20220103,1200,83.400,83.417,83.330,83.353,4737650000
AUDJPY,20220103,1300,83.354,83.365,83.135,83.165,7788040000
AUDJPY,20220103,1400,83.163,83.164,82.943,82.976,11347860000
AUDJPY,20220103,1500,82.980,83.042,82.845,82.856,10138610000
AUDJPY,20220103,1600,82.856,82.947,82.847,82.917,6561170000
AUDJPY,20220103,1700,82.918,83.019,82.888,82.986,3693900000
AUDJPY,20220103,1800,82.985,83.031,82.969,82.993,1899210000
AUDJPY,20220103,1900,82.993,82.993,82.891,82.932,2966580000
AUDJPY,20220103,2000,82.931,82.954,82.825,82.898,3302730000
AUDJPY,20220103,2100,82.897,82.963,82.866,82.866,1643950000
AUDJPY,20220103,2200,82.882,82.970,82.851,82.884,2266620000
AUDJPY,20220103,2300,82.884,83.016,82.857,82.986,2929010000
AUDJPY,20220104,0000,82.986,83.075,82.944,83.056,4513120000
AUDJPY,20220104,0100,83.055,83.165,83.029,83.098,6485860000
AUDJPY,20220104,0200,83.098,83.244,83.041,83.214,4624850000
AUDJPY,20220104,0300,83.214,83.414,83.177,83.340,5682350000
AUDJPY,20220104,0400,83.340,83.515,83.340,83.493,4343310000
AUDJPY,20220104,0500,83.495,83.542,83.440,83.488,4055280000
AUDJPY,20220104,0600,83.487,83.496,83.410,83.474,3765210000
AUDJPY,20220104,0700,83.474,83.497,83.333,83.423,6372530000
AUDJPY,20220104,0800,83.423,83.544,83.417,83.502,7537960000
AUDJPY,20220104,0900,83.502,83.607,83.496,83.531,6030710000
AUDJPY,20220104,1000,83.531,83.602,83.493,83.516,4912500000
AUDJPY,20220104,1100,83.516,83.654,83.508,83.606,8434810000
AUDJPY,20220104,1200,83.605,83.681,83.551,83.601,9176080000
AUDJPY,20220104,1300,83.602,83.811,83.601,83.800,9614780000
AUDJPY,20220104,1400,83.801,83.948,83.765,83.871,10621300000
AUDJPY,20220104,1500,83.871,84.174,83.816,84.156,12378740000
AUDJPY,20220104,1600,84.156,84.156,83.906,84.101,9577270000
AUDJPY,20220104,1700,84.100,84.171,84.064,84.111,4270250000
AUDJPY,20220104,1800,84.107,84.130,84.004,84.004,3893110000
AUDJPY,20220104,1900,84.004,84.115,83.989,84.088,3999250000
AUDJPY,20220104,2000,84.089,84.122,84.038,84.046,4114410000
AUDJPY,20220104,2100,84.048,84.113,84.031,84.035,1773270000
AUDJPY,20220104,2200,84.057,84.103,83.945,84.053,3825320000
AUDJPY,20220104,2300,84.053,84.157,84.048,84.091,4306010000
AUDJPY,20220105,0000,84.093,84.150,84.034,84.102,4786470000
AUDJPY,20220105,0100,84.102,84.134,83.823,83.918,6764170000
AUDJPY,20220105,0200,83.918,83.985,83.862,83.888,5709630000
AUDJPY,20220105,0300,83.888,83.945,83.760,83.931,4510850000
AUDJPY,20220105,0400,83.931,83.933,83.859,83.926,3770520000
AUDJPY,20220105,0500,83.927,83.951,83.787,83.817,4219680000
AUDJPY,20220105,0600,83.819,83.912,83.789,83.877,3617240000
AUDJPY,20220105,0700,83.878,83.969,83.837,83.944,5604700000
AUDJPY,20220105,0800,83.943,84.030,83.866,83.906,7648080000
AUDJPY,20220105,0900,83.905,84.003,83.883,83.962,5503180000
AUDJPY,20220105,1000,83.963,83.978,83.883,83.924,5470280000
AUDJPY,20220105,1100,83.924,83.976,83.876,83.946,6086290000
AUDJPY,20220105,1200,83.946,83.979,83.918,83.955,7189520000
AUDJPY,20220105,1300,83.955,84.137,83.944,84.041,11921310000
AUDJPY,20220105,1400,84.041,84.117,83.931,84.070,9112280000
AUDJPY,20220105,1500,84.069,84.217,84.045,84.175,10885180000
AUDJPY,20220105,1600,84.178,84.198,84.085,84.155,5852540000
AUDJPY,20220105,1700,84.156,84.291,84.151,84.232,4004140000
AUDJPY,20220105,1800,84.232,84.287,84.167,84.229,4605970000
AUDJPY,20220105,1900,84.226,84.296,83.857,83.902,18043420000
AUDJPY,20220105,2000,83.901,83.908,83.817,83.839,9082250000
AUDJPY,20220105,2100,83.841,83.863,83.777,83.838,1607340000
AUDJPY,20220105,2200,83.815,83.866,83.780,83.836,5535310000
AUDJPY,20220105,2300,83.836,83.866,83.748,83.850,2347030000
AUDJPY,20220106,0000,83.849,83.884,83.694,83.761,4810970000
AUDJPY,20220106,0100,83.764,83.766,83.567,83.633,6329270000
AUDJPY,20220106,0200,83.637,83.638,83.435,83.551,4748880000
AUDJPY,20220106,0300,83.551,83.561,83.305,83.317,4708900000
AUDJPY,20220106,0400,83.318,83.330,83.123,83.163,4980050000
AUDJPY,20220106,0500,83.162,83.206,83.059,83.119,4654260000
AUDJPY,20220106,0600,83.118,83.119,82.977,82.992,4226390000
AUDJPY,20220106,0700,82.991,83.059,82.897,82.918,7895660000
AUDJPY,20220106,0800,82.919,83.004,82.683,82.801,11528940000
AUDJPY,20220106,0900,82.802,82.865,82.739,82.831,7500690000
AUDJPY,20220106,1000,82.831,83.175,82.811,83.111,7984170000
AUDJPY,20220106,1100,83.116,83.119,82.964,83.007,7435270000
AUDJPY,20220106,1200,83.006,83.122,82.974,83.035,7121370000
AUDJPY,20220106,1300,83.035,83.072,82.874,82.898,10174130000
AUDJPY,20220106,1400,82.897,83.162,82.872,82.888,11621970000
AUDJPY,20220106,1500,82.888,83.007,82.726,82.851,16334140000
AUDJPY,20220106,1600,82.854,82.990,82.800,82.977,10823380000
AUDJPY,20220106,1700,82.978,83.072,82.934,82.992,6060350000
AUDJPY,20220106,1800,82.989,83.021,82.911,83.009,4790990000
AUDJPY,20220106,1900,83.009,83.079,82.969,83.065,6623890000
AUDJPY,20220106,2000,83.065,83.104,82.961,83.025,5368300000
AUDJPY,20220106,2100,83.028,83.043,82.908,82.933,1533780000
AUDJPY,20220106,2200,82.925,82.983,82.888,82.945,1461260000
AUDJPY,20220106,2300,82.948,83.037,82.946,82.986,2490450000
AUDJPY,20220107,0000,82.984,83.201,82.982,83.139,4119280000
AUDJPY,20220107,0100,83.137,83.220,83.088,83.132,5338060000
AUDJPY,20220107,0200,83.132,83.132,82.987,83.070,4459130000
AUDJPY,20220107,0300,83.070,83.133,83.008,83.031,2956780000
AUDJPY,20220107,0400,83.034,83.035,82.932,82.996,1789840000
AUDJPY,20220107,0500,82.997,83.041,82.953,83.034,2860690000
AUDJPY,20220107,0600,83.034,83.049,82.914,82.966,2804420000
AUDJPY,20220107,0700,82.964,82.993,82.828,82.897,4899320000
AUDJPY,20220107,0800,82.901,82.920,82.748,82.801,8145210000
AUDJPY,20220107,0900,82.801,82.895,82.761,82.889,6446750000
AUDJPY,20220107,1000,82.889,82.941,82.864,82.912,3850550000
AUDJPY,20220107,1100,82.913,82.913,82.832,82.858,3428840000
AUDJPY,20220107,1200,82.858,82.875,82.788,82.834,4604080000
AUDJPY,20220107,1300,82.834,82.998,82.627,82.707,17682210000
AUDJPY,20220107,1400,82.707,82.990,82.685,82.922,15709820000
AUDJPY,20220107,1500,82.922,82.962,82.729,82.843,12074530000
AUDJPY,20220107,1600,82.844,83.068,82.810,83.066,8037570000
AUDJPY,20220107,1700,83.069,83.080,82.954,82.993,4096300000
AUDJPY,20220107,1800,82.992,83.040,82.975,83.022,2879490000
AUDJPY,20220107,1900,83.021,83.064,82.997,83.021,2978190000
AUDJPY,20220107,2000,83.022,83.037,82.984,82.987,3434510000
AUDJPY,20220107,2100,82.986,83.021,82.937,82.943,1710150000
AUDJPY,20220109,2200,82.933,83.005,82.857,82.987,2078040000
AUDJPY,20220109,2300,82.988,83.057,82.918,82.994,3464610000
AUDJPY,20220110,0000,82.993,83.123,82.980,83.046,2589220000
AUDJPY,20220110,0100,83.045,83.192,83.004,83.167,5058300000
AUDJPY,20220110,0200,83.166,83.288,83.166,83.253,3858270000
AUDJPY,20220110,0300,83.252,83.295,83.217,83.258,3852900000
AUDJPY,20220110,0400,83.258,83.355,83.254,83.285,3279810000
AUDJPY,20220110,0500,83.285,83.327,83.248,83.285,2139590000
AUDJPY,20220110,0600,83.285,83.316,83.239,83.296,2859450000
AUDJPY,20220110,0700,83.296,83.361,83.263,83.330,6106770000
AUDJPY,20220110,0800,83.330,83.339,83.016,83.132,11362870000
AUDJPY,20220110,0900,83.136,83.255,83.130,83.154,7096240000
AUDJPY,20220110,1000,83.156,83.252,83.140,83.180,7071570000
AUDJPY,20220110,1100,83.180,83.194,82.908,82.917,7657040000
AUDJPY,20220110,1200,82.917,82.941,82.691,82.695,8919970000
AUDJPY,20220110,1300,82.694,82.844,82.634,82.750,9602290000
AUDJPY,20220110,1400,82.750,82.785,82.495,82.564,15128560000
AUDJPY,20220110,1500,82.564,82.605,82.354,82.432,12952110000
AUDJPY,20220110,1600,82.432,82.591,82.330,82.562,9084700000
AUDJPY,20220110,1700,82.563,82.590,82.430,82.470,5991570000
AUDJPY,20220110,1800,82.471,82.653,82.463,82.610,4994290000
AUDJPY,20220110,1900,82.609,82.642,82.489,82.609,4204770000
AUDJPY,20220110,2000,82.612,82.715,82.564,82.712,6584820000
AUDJPY,20220110,2100,82.713,82.715,82.571,82.576,1818090000
AUDJPY,20220110,2200,82.589,82.681,82.576,82.624,1479850000
AUDJPY,20220110,2300,82.630,82.790,82.622,82.765,2357060000
AUDJPY,20220111,0000,82.770,82.906,82.678,82.868,5629890000
AUDJPY,20220111,0100,82.868,82.888,82.740,82.780,7444870000
AUDJPY,20220111,0200,82.781,82.928,82.742,82.897,5262380000
AUDJPY,20220111,0300,82.899,83.028,82.895,82.948,3887460000
AUDJPY,20220111,0400,82.946,82.949,82.807,82.819,3583420000
AUDJPY,20220111,0500,82.818,82.906,82.795,82.883,3441660000
AUDJPY,20220111,0600,82.885,82.908,82.575,82.649,3961200000
AUDJPY,20220111,0700,82.649,82.871,82.620,82.858,8321550000
AUDJPY,20220111,0800,82.859,82.920,82.778,82.828,10789740000
AUDJPY,20220111,0900,82.828,82.959,82.813,82.889,8464850000
AUDJPY,20220111,1000,82.889,82.930,82.824,82.895,5653900000
AUDJPY,20220111,1100,82.895,82.899,82.771,82.839,5461190000
AUDJPY,20220111,1200,82.839,82.902,82.774,82.823,5239680000
AUDJPY,20220111,1300,82.823,82.927,82.793,82.833,8408120000
AUDJPY,20220111,1400,82.833,82.895,82.693,82.775,13670780000
AUDJPY,20220111,1500,82.778,82.953,82.768,82.897,16710710000
AUDJPY,20220111,1600,82.899,83.070,82.896,83.034,11393190000
AUDJPY,20220111,1700,83.036,83.139,83.015,83.095,4749320000
AUDJPY,20220111,1800,83.097,83.211,83.044,83.211,4085370000
AUDJPY,20220111,1900,83.211,83.219,83.136,83.143,3901120000
AUDJPY,20220111,2000,83.143,83.169,83.102,83.130,3375750000
AUDJPY,20220111,2100,83.131,83.151,83.101,83.116,2198010000
AUDJPY,20220111,2200,83.115,83.174,83.101,83.127,4066480000
AUDJPY,20220111,2300,83.143,83.205,83.125,83.153,1995080000
AUDJPY,20220112,0000,83.151,83.220,83.123,83.141,3811980000
AUDJPY,20220112,0100,83.143,83.182,83.030,83.114,5369680000
AUDJPY,20220112,0200,83.118,83.243,83.100,83.208,4783240000
AUDJPY,20220112,0300,83.208,83.290,83.187,83.288,3826640000
AUDJPY,20220112,0400,83.286,83.300,83.252,83.271,2236510000
AUDJPY,20220112,0500,83.270,83.274,83.203,83.255,3142350000
AUDJPY,20220112,0600,83.257,83.308,83.204,83.204,2946200000
AUDJPY,20220112,0700,83.202,83.233,83.104,83.142,6149640000
AUDJPY,20220112,0800,83.142,83.226,83.077,83.109,9760760000
AUDJPY,20220112,0900,83.107,83.205,83.077,83.191,6723010000
AUDJPY,20220112,1000,83.191,83.251,83.150,83.237,5416440000
AUDJPY,20220112,1100,83.238,83.255,83.200,83.202,5074890000
AUDJPY,20220112,1200,83.202,83.277,83.172,83.256,5666160000
AUDJPY,20220112,1300,83.259,83.537,83.208,83.516,15663340000
AUDJPY,20220112,1400,83.517,83.676,83.463,83.597,14762740000
AUDJPY,20220112,1500,83.597,83.670,83.455,83.479,13710080000
AUDJPY,20220112,1600,83.482,83.553,83.384,83.508,8769680000
AUDJPY,20220112,1700,83.508,83.509,83.356,83.410,4961550000
AUDJPY,20220112,1800,83.410,83.472,83.382,83.420,5137320000
AUDJPY,20220112,1900,83.419,83.491,83.360,83.407,5720530000
AUDJPY,20220112,2000,83.408,83.490,83.391,83.490,4561660000
AUDJPY,20220112,2100,83.492,83.531,83.453,83.494,2430480000
AUDJPY,20220112,2200,83.481,83.531,83.475,83.518,2985390000
AUDJPY,20220112,2300,83.518,83.549,83.484,83.500,2496220000
AUDJPY,20220113,0000,83.500,83.532,83.438,83.486,5962210000
AUDJPY,20220113,0100,83.486,83.514,83.346,83.362,7286030000
AUDJPY,20220113,0200,83.361,83.546,83.345,83.534,4914070000
AUDJPY,20220113,0300,83.533,83.533,83.392,83.477,4389950000
AUDJPY,20220113,0400,83.475,83.552,83.468,83.515,2744690000
AUDJPY,20220113,0500,83.514,83.542,83.397,83.414,3337320000
AUDJPY,20220113,0600,83.414,83.523,83.414,83.499,4064470000
AUDJPY,20220113,0700,83.498,83.612,83.454,83.530,7207240000
AUDJPY,20220113,0800,83.531,83.681,83.524,83.634,8910080000
AUDJPY,20220113,0900,83.634,83.744,83.608,83.723,6190470000
AUDJPY,20220113,1000,83.725,83.743,83.664,83.675,4919060000
AUDJPY,20220113,1100,83.676,83.680,83.585,83.593,4523590000
AUDJPY,20220113,1200,83.592,83.611,83.387,83.398,7259840000
AUDJPY,20220113,1300,83.397,83.529,83.328,83.495,10468270000
AUDJPY,20220113,1400,83.496,83.553,83.454,83.535,11129910000
AUDJPY,20220113,1500,83.533,83.547,83.149,83.289,16644740000
AUDJPY,20220113,1600,83.289,83.331,83.210,83.252,9383300000
AUDJPY,20220113,1700,83.253,83.255,83.037,83.142,9009580000
AUDJPY,20220113,1800,83.145,83.218,83.109,83.208,6725480000
AUDJPY,20220113,1900,83.208,83.256,83.127,83.160,5698900000
AUDJPY,20220113,2000,83.160,83.161,82.999,83.051,6799030000
AUDJPY,20220113,2100,83.055,83.141,83.037,83.134,2214890000
AUDJPY,20220113,2200,83.122,83.144,83.074,83.114,1342450000
AUDJPY,20220113,2300,83.114,83.165,83.066,83.088,3101570000
AUDJPY,20220114,0000,83.088,83.102,82.879,82.891,8263100000
AUDJPY,20220114,0100,82.890,82.961,82.695,82.734,11535430000
AUDJPY,20220114,0200,82.734,82.815,82.643,82.806,8424270000
AUDJPY,20220114,0300,82.806,82.806,82.628,82.728,6143130000
AUDJPY,20220114,0400,82.728,82.889,82.728,82.827,4708580000
AUDJPY,20220114,0500,82.827,82.877,82.729,82.867,5214980000
AUDJPY,20220114,0600,82.867,82.937,82.837,82.876,4969650000
AUDJPY,20220114,0700,82.877,82.925,82.762,82.859,6874020000
AUDJPY,20220114,0800,82.860,82.990,82.804,82.854,10095990000
AUDJPY,20220114,0900,82.856,82.885,82.788,82.832,8712850000
AUDJPY,20220114,1000,82.830,82.871,82.770,82.770,5546180000
AUDJPY,20220114,1100,82.770,82.871,82.697,82.698,6224070000
AUDJPY,20220114,1200,82.698,82.734,82.404,82.408,8953950000
AUDJPY,20220114,1300,82.408,82.424,82.094,82.198,14221460000
AUDJPY,20220114,1400,82.197,82.494,82.150,82.459,15906500000
AUDJPY,20220114,1500,82.458,82.513,82.245,82.296,19667880000
AUDJPY,20220114,1600,82.296,82.328,82.167,82.272,11114910000
AUDJPY,20220114,1700,82.272,82.332,82.188,82.193,8027740000
AUDJPY,20220114,1800,82.191,82.236,82.089,82.207,5821820000
AUDJPY,20220114,1900,82.203,82.278,82.188,82.272,6368550000
AUDJPY,20220114,2000,82.269,82.410,82.248,82.400,4923170000
AUDJPY,20220114,2100,82.401,82.458,82.339,82.349,2892540000
AUDJPY,20220116,2200,82.358,82.452,82.309,82.407,2059280000
AUDJPY,20220116,2300,82.413,82.504,82.360,82.482,3876620000
AUDJPY,20220117,0000,82.483,82.516,82.377,82.400,5752960000
AUDJPY,20220117,0100,82.401,82.496,82.346,82.382,7132110000
AUDJPY,20220117,0200,82.390,82.525,82.362,82.499,5696490000
AUDJPY,20220117,0300,82.500,82.562,82.458,82.512,3482820000
AUDJPY,20220117,0400,82.512,82.547,82.441,82.445,2499600000
AUDJPY,20220117,0500,82.446,82.517,82.432,82.476,3378390000
AUDJPY,20220117,0600,82.478,82.520,82.435,82.472,4005680000
AUDJPY,20220117,0700,82.471,82.587,82.434,82.563,5973540000
AUDJPY,20220117,0800,82.563,82.600,82.450,82.566,9153410000
AUDJPY,20220117,0900,82.564,82.649,82.544,82.620,7048450000
AUDJPY,20220117,1000,82.620,82.702,82.598,82.651,4579460000
AUDJPY,20220117,1100,82.652,82.762,82.629,82.655,5404580000
AUDJPY,20220117,1200,82.654,82.706,82.594,82.601,5895930000
AUDJPY,20220117,1300,82.602,82.648,82.551,82.613,6047870000
AUDJPY,20220117,1400,82.614,82.698,82.558,82.664,5930880000
AUDJPY,20220117,1500,82.665,82.705,82.597,82.647,7375560000
AUDJPY,20220117,1600,82.647,82.660,82.584,82.607,4611370000
AUDJPY,20220117,1700,82.607,82.694,82.594,82.690,2607960000
AUDJPY,20220117,1800,82.689,82.702,82.650,82.655,1209530000
AUDJPY,20220117,1900,82.654,82.658,82.614,82.621,857260000
AUDJPY,20220117,2000,82.621,82.652,82.618,82.633,805200000
AUDJPY,20220117,2100,82.632,82.645,82.601,82.601,524330000
AUDJPY,20220117,2200,82.631,82.660,82.572,82.604,3649510000
AUDJPY,20220117,2300,82.604,82.635,82.563,82.622,1519800000
AUDJPY,20220118,0000,82.621,82.700,82.561,82.678,4804920000
AUDJPY,20220118,0100,82.678,82.759,82.630,82.708,5494520000
AUDJPY,20220118,0200,82.708,82.879,82.659,82.871,6987240000
AUDJPY,20220118,0300,82.872,82.961,82.590,82.623,12569520000
AUDJPY,20220118,0400,82.622,82.645,82.482,82.632,8885480000
AUDJPY,20220118,0500,82.630,82.640,82.497,82.568,7157410000
AUDJPY,20220118,0600,82.568,82.758,82.567,82.731,7196830000
AUDJPY,20220118,0700,82.731,82.763,82.627,82.735,10263610000
AUDJPY,20220118,0800,82.735,82.743,82.410,82.526,16395010000
AUDJPY,20220118,0900,82.526,82.542,82.318,82.428,10713650000
AUDJPY,20220118,1000,82.428,82.482,82.381,82.449,8409830000
AUDJPY,20220118,1100,82.449,82.493,82.406,82.417,6772050000
AUDJPY,20220118,1200,82.420,82.431,82.320,82.387,7738510000
AUDJPY,20220118,1300,82.387,82.406,82.283,82.387,12313630000
AUDJPY,20220118,1400,82.389,82.414,82.207,82.285,15475150000
AUDJPY,20220118,1500,82.285,82.465,82.216,82.338,14981550000
AUDJPY,20220118,1600,82.337,82.420,82.246,82.365,9521260000
AUDJPY,20220118,1700,82.366,82.374,82.182,82.208,7140630000
AUDJPY,20220118,1800,82.207,82.304,82.160,82.289,5057490000
AUDJPY,20220118,1900,82.288,82.391,82.247,82.364,5866950000
AUDJPY,20220118,2000,82.364,82.380,82.254,82.308,5465070000
AUDJPY,20220118,2100,82.312,82.352,82.282,82.323,2555340000
AUDJPY,20220118,2200,82.306,82.353,82.286,82.319,1041260000
AUDJPY,20220118,2300,82.319,82.386,82.306,82.332,2346550000
AUDJPY,20220119,0000,82.333,82.429,82.297,82.406,6746180000
AUDJPY,20220119,0100,82.406,82.537,82.384,82.397,7962350000
AUDJPY,20220119,0200,82.400,82.499,82.384,82.415,7796590000
AUDJPY,20220119,0300,82.415,82.424,82.203,82.304,7573330000
AUDJPY,20220119,0400,82.305,82.373,82.170,82.189,6838230000
AUDJPY,20220119,0500,82.189,82.213,82.078,82.149,7412780000
AUDJPY,20220119,0600,82.151,82.234,82.108,82.192,6370490000
AUDJPY,20220119,0700,82.190,82.234,82.133,82.157,9877940000
AUDJPY,20220119,0800,82.155,82.340,82.137,82.290,10135290000
AUDJPY,20220119,0900,82.288,82.480,82.237,82.478,8641270000
AUDJPY,20220119,1000,82.477,82.605,82.459,82.590,6436900000
AUDJPY,20220119,1100,82.587,82.604,82.488,82.571,7548180000
AUDJPY,20220119,1200,82.572,82.582,82.497,82.576,6359110000
AUDJPY,20220119,1300,82.575,82.735,82.567,82.721,11527470000
AUDJPY,20220119,1400,82.722,82.794,82.675,82.708,13234730000
AUDJPY,20220119,1500,82.709,82.713,82.518,82.568,12453880000
AUDJPY,20220119,1600,82.569,82.623,82.478,82.559,9529900000
AUDJPY,20220119,1700,82.558,82.654,82.538,82.646,7012940000
AUDJPY,20220119,1800,82.645,82.651,82.571,82.597,6938780000
AUDJPY,20220119,1900,82.596,82.610,82.499,82.532,6860750000
AUDJPY,20220119,2000,82.531,82.584,82.442,82.474,4795900000
AUDJPY,20220119,2100,82.475,82.491,82.406,82.427,2678530000
AUDJPY,20220119,2200,82.413,82.459,82.403,82.454,7923050000
AUDJPY,20220119,2300,82.453,82.574,82.435,82.511,3214640000
AUDJPY,20220120,0000,82.510,82.735,82.491,82.692,6690660000
AUDJPY,20220120,0100,82.692,82.776,82.605,82.654,12027270000
AUDJPY,20220120,0200,82.657,82.734,82.611,82.706,7816570000
AUDJPY,20220120,0300,82.706,82.833,82.637,82.765,6832730000
AUDJPY,20220120,0400,82.765,82.825,82.740,82.789,5152650000
AUDJPY,20220120,0500,82.791,82.845,82.645,82.700,6618310000
AUDJPY,20220120,0600,82.699,82.795,82.697,82.743,4189920000
AUDJPY,20220120,0700,82.743,82.866,82.726,82.748,8394720000
AUDJPY,20220120,0800,82.748,82.816,82.646,82.686,10827690000
AUDJPY,20220120,0900,82.686,82.709,82.547,82.639,10201040000
AUDJPY,20220120,1000,82.638,82.750,82.637,82.665,6285550000
AUDJPY,20220120,1100,82.664,82.787,82.664,82.746,6774740000
AUDJPY,20220120,1200,82.748,82.755,82.678,82.702,7114990000
AUDJPY,20220120,1300,82.700,82.842,82.683,82.778,10995670000
AUDJPY,20220120,1400,82.778,82.922,82.729,82.900,12814080000
AUDJPY,20220120,1500,82.900,82.970,82.791,82.894,12262010000
AUDJPY,20220120,1600,82.897,82.951,82.817,82.877,8929720000
AUDJPY,20220120,1700,82.877,82.963,82.836,82.844,4565750000
AUDJPY,20220120,1800,82.843,82.848,82.756,82.775,4428690000
AUDJPY,20220120,1900,82.777,82.835,82.634,82.684,6470400000
AUDJPY,20220120,2000,82.683,82.703,82.424,82.467,8539590000
AUDJPY,20220120,2100,82.470,82.519,82.422,82.424,3899360000
AUDJPY,20220120,2200,82.418,82.517,82.406,82.441,1903840000
AUDJPY,20220120,2300,82.441,82.473,82.110,82.258,5383510000
AUDJPY,20220121,0000,82.261,82.272,81.850,81.885,10111910000
AUDJPY,20220121,0100,81.884,81.954,81.688,81.933,15844360000
AUDJPY,20220121,0200,81.930,82.062,81.779,81.825,12624180000
AUDJPY,20220121,0300,81.825,81.858,81.648,81.800,9596730000
AUDJPY,20220121,0400,81.800,81.851,81.720,81.799,7439880000
AUDJPY,20220121,0500,81.800,81.941,81.762,81.917,7417090000
AUDJPY,20220121,0600,81.918,81.951,81.813,81.873,7553860000
AUDJPY,20220121,0700,81.872,81.964,81.798,81.948,10352970000
AUDJPY,20220121,0800,81.948,82.042,81.842,81.997,12692080000
AUDJPY,20220121,0900,81.997,81.999,81.822,81.927,9365040000
AUDJPY,20220121,1000,81.926,82.074,81.874,82.064,6785080000
AUDJPY,20220121,1100,82.064,82.066,81.859,81.899,9053780000
AUDJPY,20220121,1200,81.902,81.920,81.705,81.821,9365100000
AUDJPY,20220121,1300,81.819,82.028,81.812,81.978,11035470000
AUDJPY,20220121,1400,81.978,82.039,81.791,81.841,17874650000
AUDJPY,20220121,1500,81.841,81.919,81.629,81.830,22379620000
AUDJPY,20220121,1600,81.832,82.012,81.769,81.885,14169970000
AUDJPY,20220121,1700,81.884,81.891,81.678,81.705,11413400000
AUDJPY,20220121,1800,81.706,81.782,81.667,81.726,9806730000
AUDJPY,20220121,1900,81.727,81.759,81.554,81.566,8962290000
AUDJPY,20220121,2000,81.566,81.639,81.493,81.547,10115210000
AUDJPY,20220121,2100,81.548,81.599,81.517,81.531,3189260000
AUDJPY,20220123,2200,81.507,81.582,81.500,81.547,2111880000
AUDJPY,20220123,2300,81.547,81.788,81.544,81.780,5218460000
AUDJPY,20220124,0000,81.782,81.782,81.660,81.735,9165670000
AUDJPY,20220124,0100,81.735,81.827,81.685,81.797,7569630000
AUDJPY,20220124,0200,81.797,81.825,81.707,81.735,6836090000
AUDJPY,20220124,0300,81.735,81.778,81.708,81.753,5769000000
AUDJPY,20220124,0400,81.754,81.814,81.748,81.769,4130240000
AUDJPY,20220124,0500,81.771,81.803,81.498,81.536,6470710000
AUDJPY,20220124,0600,81.537,81.569,81.434,81.474,7743540000
AUDJPY,20220124,0700,81.474,81.493,81.347,81.473,9614700000
AUDJPY,20220124,0800,81.472,81.541,81.230,81.236,17146200000
AUDJPY,20220124,0900,81.236,81.347,81.164,81.280,15048510000
AUDJPY,20220124,1000,81.278,81.286,80.995,81.149,15120600000
AUDJPY,20220124,1100,81.148,81.255,81.081,81.175,13059940000
AUDJPY,20220124,1200,81.174,81.189,81.040,81.061,11508710000
AUDJPY,20220124,1300,81.061,81.089,80.837,80.853,14325020000
AUDJPY,20220124,1400,80.851,81.038,80.786,80.868,23590760000
AUDJPY,20220124,1500,80.867,81.138,80.701,80.993,28227540000
AUDJPY,20220124,1600,80.993,81.003,80.739,80.837,19799780000
AUDJPY,20220124,1700,80.837,80.926,80.693,80.879,14771240000
AUDJPY,20220124,1800,80.879,81.050,80.847,81.045,14448320000
AUDJPY,20220124,1900,81.045,81.135,80.954,81.107,17423100000
AUDJPY,20220124,2000,81.107,81.456,81.105,81.390,15205860000
AUDJPY,20220124,2100,81.390,81.468,81.342,81.415,3570150000
AUDJPY,20220124,2200,81.415,81.435,81.282,81.414,1075340000
AUDJPY,20220124,2300,81.414,81.588,81.410,81.562,5806050000
AUDJPY,20220125,0000,81.562,81.779,81.431,81.598,12765620000
AUDJPY,20220125,0100,81.598,81.603,81.347,81.425,16013250000
AUDJPY,20220125,0200,81.423,81.435,81.239,81.322,10227530000
AUDJPY,20220125,0300,81.321,81.321,81.168,81.277,9031890000
AUDJPY,20220125,0400,81.276,81.277,81.051,81.106,8091800000
AUDJPY,20220125,0500,81.106,81.308,81.058,81.294,8998960000
AUDJPY,20220125,0600,81.295,81.383,81.197,81.313,7851070000
AUDJPY,20220125,0700,81.314,81.359,81.153,81.339,13273490000
AUDJPY,20220125,0800,81.338,81.464,81.220,81.334,18241600000
AUDJPY,20220125,0900,81.333,81.600,81.299,81.545,17002270000
AUDJPY,20220125,1000,81.546,81.584,81.377,81.428,11045990000
AUDJPY,20220125,1100,81.425,81.521,81.207,81.261,13636020000
AUDJPY,20220125,1200,81.262,81.317,81.177,81.261,12063710000
AUDJPY,20220125,1300,81.261,81.355,81.181,81.226,13038100000
AUDJPY,20220125,1400,81.224,81.392,81.119,81.169,24170960000
AUDJPY,20220125,1500,81.169,81.558,81.041,81.361,29971010000
AUDJPY,20220125,1600,81.359,81.391,81.224,81.280,16169300000
AUDJPY,20220125,1700,81.279,81.355,81.256,81.335,11357390000
AUDJPY,20220125,1800,81.335,81.554,81.296,81.551,10054900000
AUDJPY,20220125,1900,81.553,81.672,81.492,81.670,7531250000
AUDJPY,20220125,2000,81.671,81.674,81.484,81.501,12186980000
AUDJPY,20220125,2100,81.502,81.529,81.359,81.361,3976250000
AUDJPY,20220125,2200,81.415,81.469,81.325,81.404,4195700000
AUDJPY,20220125,2300,81.395,81.580,81.393,81.528,4138910000
AUDJPY,20220126,0000,81.526,81.535,81.409,81.430,9066000000
AUDJPY,20220126,0100,81.431,81.529,81.354,81.528,9203090000
AUDJPY,20220126,0200,81.528,81.601,81.449,81.465,5928910000
AUDJPY,20220126,0300,81.464,81.538,81.460,81.506,4694050000
AUDJPY,20220126,0400,81.507,81.581,81.472,81.574,4499590000
AUDJPY,20220126,0500,81.574,81.574,81.488,81.563,5582820000
AUDJPY,20220126,0600,81.560,81.592,81.519,81.538,5474690000
AUDJPY,20220126,0700,81.539,81.572,81.496,81.542,8107490000
AUDJPY,20220126,0800,81.543,81.809,81.525,81.708,11756430000
AUDJPY,20220126,0900,81.708,81.824,81.681,81.817,11610370000
AUDJPY,20220126,1000,81.817,81.944,81.764,81.916,8563460000
AUDJPY,20220126,1100,81.917,81.945,81.821,81.938,8050500000
AUDJPY,20220126,1200,81.936,81.944,81.859,81.900,8893140000
AUDJPY,20220126,1300,81.900,81.990,81.900,81.944,10524890000
AUDJPY,20220126,1400,81.945,81.968,81.820,81.960,16671180000
AUDJPY,20220126,1500,81.961,81.987,81.756,81.850,19986460000
AUDJPY,20220126,1600,81.848,81.951,81.790,81.937,13110990000
AUDJPY,20220126,1700,81.937,82.009,81.917,81.985,5995720000
AUDJPY,20220126,1800,81.986,81.987,81.773,81.841,6840640000
AUDJPY,20220126,1900,81.836,82.150,81.503,81.609,40543130000
AUDJPY,20220126,2000,81.611,81.620,81.218,81.501,40312450000
AUDJPY,20220126,2100,81.500,81.607,81.488,81.561,5262900000
AUDJPY,20220126,2200,81.553,81.636,81.513,81.622,4496930000
AUDJPY,20220126,2300,81.621,81.700,81.577,81.695,4368010000
AUDJPY,20220127,0000,81.694,81.700,81.377,81.392,12205400000
AUDJPY,20220127,0100,81.392,81.417,81.077,81.159,18225880000
AUDJPY,20220127,0200,81.158,81.210,80.975,81.091,15805590000
AUDJPY,20220127,0300,81.091,81.238,81.064,81.181,11834040000
AUDJPY,20220127,0400,81.181,81.224,81.118,81.179,8825830000
AUDJPY,20220127,0500,81.179,81.209,81.011,81.107,9819570000
AUDJPY,20220127,0600,81.102,81.185,81.006,81.038,12404990000
AUDJPY,20220127,0700,81.038,81.193,81.025,81.123,16515360000
AUDJPY,20220127,0800,81.121,81.512,81.064,81.477,18454900000
AUDJPY,20220127,0900,81.477,81.589,81.438,81.563,14703910000
AUDJPY,20220127,1000,81.563,81.705,81.480,81.492,13529250000
AUDJPY,20220127,1100,81.493,81.580,81.424,81.505,14805950000
AUDJPY,20220127,1200,81.505,81.666,81.498,81.590,13047570000
AUDJPY,20220127,1300,81.590,81.736,81.479,81.674,19827210000
AUDJPY,20220127,1400,81.671,81.758,81.577,81.670,23211850000
AUDJPY,20220127,1500,81.671,81.708,81.292,81.382,25858260000
AUDJPY,20220127,1600,81.383,81.456,81.289,81.346,16694880000
AUDJPY,20220127,1700,81.347,81.358,81.110,81.159,12827600000
AUDJPY,20220127,1800,81.156,81.165,80.951,81.038,14996770000
AUDJPY,20220127,1900,81.036,81.115,80.913,81.003,12744190000
AUDJPY,20220127,2000,81.004,81.147,80.977,81.074,12158950000
AUDJPY,20220127,2100,81.076,81.160,81.053,81.119,3602080000
AUDJPY,20220127,2200,81.102,81.147,81.035,81.088,5221330000
AUDJPY,20220127,2300,81.089,81.232,81.089,81.149,4564150000
AUDJPY,20220128,0000,81.149,81.249,81.088,81.224,10230260000
AUDJPY,20220128,0100,81.223,81.301,81.209,81.288,13579710000
AUDJPY,20220128,0200,81.289,81.331,81.223,81.324,8216620000
AUDJPY,20220128,0300,81.325,81.337,81.163,81.194,7642630000
AUDJPY,20220128,0400,81.194,81.229,81.097,81.108,7282680000
AUDJPY,20220128,0500,81.105,81.287,81.045,81.234,10926760000
AUDJPY,20220128,0600,81.235,81.272,81.152,81.226,9300410000
AUDJPY,20220128,0700,81.225,81.235,81.111,81.162,14864310000
AUDJPY,20220128,0800,81.160,81.183,80.886,80.943,21167830000
AUDJPY,20220128,0900,80.942,81.007,80.846,80.940,13822660000
AUDJPY,20220128,1000,80.938,80.954,80.617,80.700,13804550000
AUDJPY,20220128,1100,80.699,80.718,80.542,80.715,14676470000
AUDJPY,20220128,1200,80.715,80.790,80.576,80.626,14422780000
AUDJPY,20220128,1300,80.629,80.749,80.512,80.728,26940290000
AUDJPY,20220128,1400,80.727,80.779,80.498,80.579,30061760000
AUDJPY,20220128,1500,80.579,80.703,80.494,80.589,26933320000
AUDJPY,20220128,1600,80.591,80.693,80.487,80.615,21914290000
AUDJPY,20220128,1700,80.617,80.674,80.514,80.519,10329610000
AUDJPY,20220128,1800,80.520,80.623,80.516,80.561,11577860000
AUDJPY,20220128,1900,80.561,80.590,80.365,80.446,10016039997
AUDJPY,20220128,2000,80.446,80.636,80.445,80.630,8948970000
AUDJPY,20220128,2100,80.632,80.641,80.526,80.526,3140300000
AUDJPY,20220130,2200,80.568,80.696,80.545,80.670,5706440000
AUDJPY,20220130,2300,80.673,80.692,80.546,80.639,5352780000
AUDJPY,20220131,0000,80.640,80.799,80.565,80.736,9693060000
AUDJPY,20220131,0100,80.735,80.947,80.733,80.920,7686170000
AUDJPY,20220131,0200,80.920,81.087,80.882,81.081,6488050000
AUDJPY,20220131,0300,81.081,81.104,80.911,80.961,6105090000
AUDJPY,20220131,0400,80.962,80.967,80.885,80.955,4403560000
AUDJPY,20220131,0500,80.956,81.061,80.928,81.041,4304310000
AUDJPY,20220131,0600,81.043,81.235,81.029,81.191,5915380000
AUDJPY,20220131,0700,81.189,81.314,81.136,81.305,9471630000
AUDJPY,20220131,0800,81.305,81.438,81.223,81.390,14514960000
AUDJPY,20220131,0900,81.390,81.461,81.353,81.403,11804530000
AUDJPY,20220131,1000,81.403,81.463,81.349,81.416,10254830000
AUDJPY,20220131,1100,81.414,81.455,81.361,81.405,9745570000
AUDJPY,20220131,1200,81.405,81.426,81.220,81.413,12172460000
AUDJPY,20220131,1300,81.414,81.537,81.308,81.462,15591870000
AUDJPY,20220131,1400,81.463,81.623,81.441,81.551,16123490000
AUDJPY,20220131,1500,81.551,81.604,81.125,81.234,17880380000
AUDJPY,20220131,1600,81.237,81.404,81.086,81.402,16163570000
AUDJPY,20220131,1700,81.399,81.438,81.272,81.304,8396010000
AUDJPY,20220131,1800,81.304,81.329,81.243,81.283,6548770000
AUDJPY,20220131,1900,81.282,81.343,81.247,81.343,6336260000
AUDJPY,20220131,2000,81.345,81.387,81.262,81.354,9145800000
AUDJPY,20220131,2100,81.353,81.404,81.294,81.294,3330840000
AUDJPY,20220131,2200,81.294,81.389,81.281,81.327,1770510000
AUDJPY,20220131,2300,81.329,81.402,81.313,81.367,4001610000
AUDJPY,20220201,0000,81.367,81.404,81.325,81.379,6457280000
AUDJPY,20220201,0100,81.377,81.445,81.223,81.261,6184340000
AUDJPY,20220201,0200,81.259,81.405,81.249,81.374,4969930000
AUDJPY,20220201,0300,81.376,81.376,80.901,80.923,11336330000
AUDJPY,20220201,0400,80.922,81.212,80.919,81.201,7273530000
AUDJPY,20220201,0500,81.201,81.287,81.164,81.256,5037930000
AUDJPY,20220201,0600,81.256,81.282,81.146,81.235,4753600000
AUDJPY,20220201,0700,81.236,81.414,81.224,81.412,10387100000
AUDJPY,20220201,0800,81.412,81.565,81.362,81.399,12282780000
AUDJPY,20220201,0900,81.399,81.444,81.167,81.206,14572570000
AUDJPY,20220201,1000,81.207,81.317,81.197,81.296,8006570000
AUDJPY,20220201,1100,81.296,81.420,81.295,81.366,11557540000
AUDJPY,20220201,1200,81.365,81.465,81.335,81.375,10672700000
AUDJPY,20220201,1300,81.377,81.481,81.348,81.464,12610000000
AUDJPY,20220201,1400,81.464,81.539,81.356,81.394,19604060000
AUDJPY,20220201,1500,81.401,81.648,81.290,81.626,29529080000
AUDJPY,20220201,1600,81.624,81.682,81.529,81.600,16689280000
AUDJPY,20220201,1700,81.599,81.628,81.489,81.559,7533910000
AUDJPY,20220201,1800,81.561,81.607,81.529,81.565,6078650000
AUDJPY,20220201,1900,81.565,81.637,81.554,81.616,5830220000
AUDJPY,20220201,2000,81.613,81.761,81.610,81.746,6998700000
AUDJPY,20220201,2100,81.744,81.785,81.716,81.717,3989310000
AUDJPY,20220201,2200,81.715,81.840,81.683,81.760,2376770000
AUDJPY,20220201,2300,81.761,81.899,81.755,81.845,3498420000
AUDJPY,20220202,0000,81.844,81.966,81.821,81.879,5413990000
AUDJPY,20220202,0100,81.879,81.938,81.780,81.831,6875100000
AUDJPY,20220202,0200,81.831,81.988,81.803,81.856,5339920000
AUDJPY,20220202,0300,81.856,81.886,81.773,81.832,3471840000
AUDJPY,20220202,0400,81.830,81.892,81.823,81.862,2844780000
AUDJPY,20220202,0500,81.862,81.911,81.826,81.862,3093030000
AUDJPY,20220202,0600,81.863,81.899,81.793,81.842,4006950000
AUDJPY,20220202,0700,81.841,81.862,81.743,81.817,8267470000
AUDJPY,20220202,0800,81.817,81.860,81.578,81.605,13306590000
AUDJPY,20220202,0900,81.605,81.737,81.590,81.701,10267730000
AUDJPY,20220202,1000,81.703,81.828,81.656,81.819,11226430000
AUDJPY,20220202,1100,81.820,81.823,81.727,81.734,9450380000
AUDJPY,20220202,1200,81.736,81.786,81.694,81.761,8832120000
AUDJPY,20220202,1300,81.761,81.815,81.648,81.649,13233530000
AUDJPY,20220202,1400,81.646,81.709,81.404,81.439,20253890000
AUDJPY,20220202,1500,81.439,81.550,81.381,81.476,19450960000
AUDJPY,20220202,1600,81.477,81.526,81.407,81.494,14142340000
AUDJPY,20220202,1700,81.493,81.598,81.470,81.597,6225150000
AUDJPY,20220202,1800,81.595,81.667,81.575,81.659,5707820000
AUDJPY,20220202,1900,81.658,81.734,81.627,81.721,6011090000
AUDJPY,20220202,2000,81.721,81.780,81.702,81.712,6616030000
AUDJPY,20220202,2100,81.711,81.721,81.590,81.660,4152500000
AUDJPY,20220202,2200,81.651,81.678,81.598,81.644,2346170000
AUDJPY,20220202,2300,81.643,81.654,81.418,81.445,4211070000
AUDJPY,20220203,0000,81.445,81.512,81.409,81.476,9294300000
AUDJPY,20220203,0100,81.476,81.516,81.397,81.463,7350310000
AUDJPY,20220203,0200,81.461,81.559,81.382,81.498,4858490000
AUDJPY,20220203,0300,81.502,81.584,81.485,81.560,4295480000
AUDJPY,20220203,0400,81.560,81.592,81.497,81.506,5493320000
AUDJPY,20220203,0500,81.507,81.617,81.504,81.594,4865190000
AUDJPY,20220203,0600,81.594,81.604,81.537,81.549,4662930000
AUDJPY,20220203,0700,81.548,81.706,81.541,81.696,6890630000
AUDJPY,20220203,0800,81.696,81.742,81.625,81.720,12612080000
AUDJPY,20220203,0900,81.720,81.791,81.643,81.648,10155160000
AUDJPY,20220203,1000,81.647,81.719,81.616,81.646,7447990000
AUDJPY,20220203,1100,81.645,81.716,81.619,81.694,7514030000
AUDJPY,20220203,1200,81.694,81.851,81.634,81.834,19200810000
AUDJPY,20220203,1300,81.833,81.960,81.771,81.927,26034550000
AUDJPY,20220203,1400,81.925,82.282,81.913,81.965,30783800000
AUDJPY,20220203,1500,81.959,82.161,81.953,82.130,25761160000
AUDJPY,20220203,1600,82.135,82.191,82.035,82.037,17041450000
AUDJPY,20220203,1700,82.037,82.059,81.923,82.012,10325640000
AUDJPY,20220203,1800,82.013,82.074,81.946,82.059,8111930000
AUDJPY,20220203,1900,82.058,82.095,81.927,81.981,7033010000
AUDJPY,20220203,2000,81.980,82.038,81.904,81.946,8058640000
AUDJPY,20220203,2100,81.947,82.108,81.946,82.052,4343570000
AUDJPY,20220203,2200,82.052,82.105,81.998,82.084,2256440000
AUDJPY,20220203,2300,82.084,82.160,82.072,82.104,3228840000
AUDJPY,20220204,0000,82.105,82.219,82.068,82.124,7675790000
AUDJPY,20220204,0100,82.125,82.145,81.880,81.937,9100020000
AUDJPY,20220204,0200,81.937,82.081,81.908,82.052,6411130000
AUDJPY,20220204,0300,82.052,82.144,82.044,82.095,4403770000
AUDJPY,20220204,0400,82.095,82.165,82.051,82.128,4174070000
AUDJPY,20220204,0500,82.128,82.158,82.074,82.081,4939650000
AUDJPY,20220204,0600,82.083,82.084,81.907,81.971,6202450000
AUDJPY,20220204,0700,81.973,81.993,81.819,81.897,12771580000
AUDJPY,20220204,0800,81.897,81.916,81.772,81.827,16807890000
AUDJPY,20220204,0900,81.827,81.832,81.725,81.734,13754070000
AUDJPY,20220204,1000,81.735,81.748,81.520,81.565,12844720000
AUDJPY,20220204,1100,81.565,81.575,81.365,81.437,14992950000
AUDJPY,20220204,1200,81.443,81.535,81.394,81.487,10545660000
AUDJPY,20220204,1300,81.489,81.515,81.347,81.393,26502370000
AUDJPY,20220204,1400,81.393,81.560,81.320,81.503,29914920000
AUDJPY,20220204,1500,81.502,81.542,81.314,81.362,25477590000
AUDJPY,20220204,1600,81.365,81.500,81.295,81.420,14097730000
AUDJPY,20220204,1700,81.421,81.489,81.389,81.454,7463040000
AUDJPY,20220204,1800,81.455,81.569,81.436,81.565,6450710000
AUDJPY,20220204,1900,81.566,81.576,81.516,81.547,6802530000
AUDJPY,20220204,2000,81.546,81.584,81.486,81.490,6262230000
AUDJPY,20220204,2100,81.491,81.529,81.477,81.499,2122520000
AUDJPY,20220206,2200,81.548,81.670,81.542,81.627,5634180000
AUDJPY,20220206,2300,81.627,81.685,81.544,81.573,4664090000
AUDJPY,20220207,0000,81.575,81.588,81.411,81.525,7216760000
AUDJPY,20220207,0100,81.525,81.674,81.484,81.604,11246260000
AUDJPY,20220207,0200,81.604,81.653,81.512,81.550,8777070000
AUDJPY,20220207,0300,81.550,81.617,81.455,81.583,4721210000
AUDJPY,20220207,0400,81.582,81.737,81.568,81.727,4474180000
AUDJPY,20220207,0500,81.728,81.758,81.687,81.711,5121570000
AUDJPY,20220207,0600,81.711,81.774,81.674,81.754,4526960000
AUDJPY,20220207,0700,81.753,81.893,81.718,81.877,9182980000
AUDJPY,20220207,0800,81.878,81.881,81.652,81.726,17013990000
AUDJPY,20220207,0900,81.725,81.760,81.540,81.621,13009240000
AUDJPY,20220207,1000,81.621,81.651,81.502,81.540,9060500000
AUDJPY,20220207,1100,81.540,81.610,81.503,81.582,9939300000
AUDJPY,20220207,1200,81.584,81.726,81.584,81.708,10149200000
AUDJPY,20220207,1300,81.705,81.844,81.695,81.825,13232850000
AUDJPY,20220207,1400,81.825,81.954,81.726,81.944,19563170000
AUDJPY,20220207,1500,81.945,81.952,81.801,81.882,15545850000
AUDJPY,20220207,1600,81.885,81.914,81.775,81.848,12864000000
AUDJPY,20220207,1700,81.847,81.874,81.807,81.853,7768910000
AUDJPY,20220207,1800,81.853,81.918,81.838,81.913,4124740000
AUDJPY,20220207,1900,81.913,82.050,81.895,82.027,4611870000
AUDJPY,20220207,2000,82.027,82.038,81.914,81.961,5702200000
AUDJPY,20220207,2100,81.962,82.017,81.959,81.992,1970240000
AUDJPY,20220207,2200,81.990,82.010,81.957,81.966,3042290000
AUDJPY,20220207,2300,81.964,82.009,81.939,82.006,2549100000
AUDJPY,20220208,0000,82.006,82.245,81.980,82.236,7168090000
AUDJPY,20220208,0100,82.235,82.288,82.162,82.283,8615150000
AUDJPY,20220208,0200,82.283,82.303,82.204,82.277,7061950000
AUDJPY,20220208,0300,82.276,82.333,82.237,82.281,4892460000
AUDJPY,20220208,0400,82.280,82.330,82.140,82.173,5426040000
AUDJPY,20220208,0500,82.171,82.183,82.040,82.125,7085059999
AUDJPY,20220208,0600,82.124,82.268,82.116,82.247,5880210000
AUDJPY,20220208,0700,82.247,82.296,82.134,82.183,11786890000
AUDJPY,20220208,0800,82.184,82.303,82.161,82.226,16363820000
AUDJPY,20220208,0900,82.226,82.371,82.187,82.324,11018850000
AUDJPY,20220208,1000,82.324,82.324,82.083,82.108,10119050000
AUDJPY,20220208,1100,82.108,82.159,82.044,82.130,11244990000
AUDJPY,20220208,1200,82.129,82.129,82.051,82.102,9114490000
AUDJPY,20220208,1300,82.101,82.254,82.079,82.235,10647530000
AUDJPY,20220208,1400,82.235,82.358,82.230,82.292,15235510000
AUDJPY,20220208,1500,82.292,82.450,82.234,82.379,15443730000
AUDJPY,20220208,1600,82.383,82.472,82.346,82.460,8701350000
AUDJPY,20220208,1700,82.461,82.488,82.408,82.458,3444970000
AUDJPY,20220208,1800,82.458,82.496,82.390,82.491,3663360000
AUDJPY,20220208,1900,82.492,82.510,82.409,82.438,4189090000
AUDJPY,20220208,2000,82.438,82.557,82.408,82.550,5165990000
AUDJPY,20220208,2100,82.553,82.575,82.520,82.549,2101240000
AUDJPY,20220208,2200,82.541,82.576,82.526,82.548,5733980000
AUDJPY,20220208,2300,82.564,82.655,82.544,82.550,3362230000
AUDJPY,20220209,0000,82.548,82.618,82.469,82.526,6585870000
AUDJPY,20220209,0100,82.524,82.629,82.460,82.610,7502180000
AUDJPY,20220209,0200,82.610,82.615,82.528,82.552,6294910000
AUDJPY,20220209,0300,82.552,82.680,82.537,82.637,4626960000
AUDJPY,20220209,0400,82.637,82.761,82.611,82.751,4745140000
AUDJPY,20220209,0500,82.751,82.752,82.659,82.665,3562160000
AUDJPY,20220209,0600,82.662,82.702,82.620,82.673,4211360000
AUDJPY,20220209,0700,82.672,82.684,82.487,82.565,8403030000
AUDJPY,20220209,0800,82.563,82.724,82.526,82.673,11885190000
AUDJPY,20220209,0900,82.673,82.722,82.621,82.634,8391270000
AUDJPY,20220209,1000,82.634,82.863,82.629,82.830,8101330000
AUDJPY,20220209,1100,82.829,82.904,82.808,82.864,7309430000
AUDJPY,20220209,1200,82.864,82.936,82.820,82.848,7736160000
AUDJPY,20220209,1300,82.847,82.932,82.837,82.889,11638480000
AUDJPY,20220209,1400,82.890,83.021,82.854,82.939,13416970000
AUDJPY,20220209,1500,82.939,83.053,82.901,82.918,11001040000
AUDJPY,20220209,1600,82.919,82.952,82.872,82.911,6584080000
AUDJPY,20220209,1700,82.911,82.981,82.885,82.928,7202000000
AUDJPY,20220209,1800,82.929,82.958,82.869,82.949,4987350000
AUDJPY,20220209,1900,82.948,82.985,82.945,82.976,2763490000
AUDJPY,20220209,2000,82.976,82.989,82.928,82.973,4311380000
AUDJPY,20220209,2100,82.971,82.993,82.893,82.893,1817870000
AUDJPY,20220209,2200,82.893,82.952,82.867,82.937,9108870000
AUDJPY,20220209,2300,82.938,82.986,82.907,82.965,3432060000
AUDJPY,20220210,0000,82.964,83.011,82.863,82.903,6483100000
AUDJPY,20220210,0100,82.903,82.911,82.775,82.782,7095810000
AUDJPY,20220210,0200,82.781,82.837,82.728,82.786,5517230000
AUDJPY,20220210,0300,82.788,82.835,82.729,82.829,4209400000
AUDJPY,20220210,0400,82.826,82.984,82.824,82.955,5471520000
AUDJPY,20220210,0500,82.956,82.974,82.884,82.925,3915430000
AUDJPY,20220210,0600,82.926,82.974,82.909,82.966,3891460000
AUDJPY,20220210,0700,82.966,83.073,82.949,83.068,6169570000
AUDJPY,20220210,0800,83.069,83.172,83.018,83.026,11081440000
AUDJPY,20220210,0900,83.027,83.323,83.016,83.229,13167360000
AUDJPY,20220210,1000,83.229,83.364,83.216,83.350,8515910000
AUDJPY,20220210,1100,83.351,83.407,83.326,83.361,5794720000
AUDJPY,20220210,1200,83.361,83.416,83.320,83.326,6373790000
AUDJPY,20220210,1300,83.328,83.344,83.013,83.224,25717420000
AUDJPY,20220210,1400,83.222,83.576,83.117,83.515,28373200000
AUDJPY,20220210,1500,83.519,83.924,83.502,83.912,25338550000
AUDJPY,20220210,1600,83.912,83.959,83.810,83.937,19759270000
AUDJPY,20220210,1700,83.937,83.988,83.603,83.708,18315680000
AUDJPY,20220210,1800,83.708,83.755,83.314,83.396,21058920000
AUDJPY,20220210,1900,83.394,83.398,83.088,83.102,13041520000
AUDJPY,20220210,2000,83.101,83.285,82.991,83.129,16423330000
AUDJPY,20220210,2100,83.130,83.152,83.053,83.113,5040490000
AUDJPY,20220210,2200,83.113,83.177,83.061,83.131,7309220000
AUDJPY,20220210,2300,83.135,83.185,83.035,83.109,4504220000
AUDJPY,20220211,0000,83.110,83.111,82.826,82.897,7426270000
AUDJPY,20220211,0100,82.897,82.984,82.779,82.927,9467400000
AUDJPY,20220211,0200,82.927,82.967,82.859,82.959,8199880000
AUDJPY,20220211,0300,82.959,82.962,82.874,82.916,4919810000
AUDJPY,20220211,0400,82.916,82.933,82.595,82.659,7703880000
AUDJPY,20220211,0500,82.659,82.707,82.600,82.633,5679720000
AUDJPY,20220211,0600,82.632,82.672,82.518,82.584,5955970000
AUDJPY,20220211,0700,82.583,82.715,82.541,82.645,10705070000
AUDJPY,20220211,0800,82.646,82.843,82.541,82.758,19841930000
AUDJPY,20220211,0900,82.757,82.820,82.668,82.690,12852850000
AUDJPY,20220211,1000,82.691,82.792,82.613,82.791,8017550000
AUDJPY,20220211,1100,82.790,82.811,82.700,82.796,7166280000
AUDJPY,20220211,1200,82.797,83.013,82.791,82.944,11448380000
AUDJPY,20220211,1300,82.943,83.076,82.925,82.999,13904690000
AUDJPY,20220211,1400,82.999,83.232,82.937,83.096,21907970000
AUDJPY,20220211,1500,83.095,83.226,83.030,83.159,21596570000
AUDJPY,20220211,1600,83.162,83.220,83.091,83.201,14616040000
AUDJPY,20220211,1700,83.201,83.241,83.146,83.200,9024820000
AUDJPY,20220211,1800,83.200,83.252,82.298,82.448,23363740000
AUDJPY,20220211,1900,82.446,82.548,81.976,82.114,37751330000
AUDJPY,20220211,2000,82.112,82.344,82.106,82.218,24394150000
AUDJPY,20220211,2100,82.217,82.412,82.213,82.371,7454520000
AUDJPY,20220213,2200,82.181,82.340,82.181,82.324,2295400000
AUDJPY,20220213,2300,82.324,82.644,82.288,82.576,7315880000
AUDJPY,20220214,0000,82.576,82.597,82.265,82.345,10276260000
AUDJPY,20220214,0100,82.345,82.490,82.136,82.187,12999600000
AUDJPY,20220214,0200,82.187,82.302,82.157,82.217,8801160000
AUDJPY,20220214,0300,82.217,82.310,82.187,82.211,7472930000
AUDJPY,20220214,0400,82.207,82.261,82.179,82.211,6374260000
AUDJPY,20220214,0500,82.211,82.262,82.185,82.230,5107620000
AUDJPY,20220214,0600,82.232,82.241,82.105,82.187,6489890000
AUDJPY,20220214,0700,82.185,82.313,82.026,82.197,13573830000
AUDJPY,20220214,0800,82.196,82.196,81.547,81.619,29388910000
AUDJPY,20220214,0900,81.617,81.854,81.587,81.638,19145709999
AUDJPY,20220214,1000,81.638,81.846,81.575,81.757,13696660000
AUDJPY,20220214,1100,81.756,81.778,81.670,81.738,10954290000
AUDJPY,20220214,1200,81.739,82.350,81.662,82.245,23271860000
AUDJPY,20220214,1300,82.247,82.319,82.111,82.168,27774430000
AUDJPY,20220214,1400,82.168,82.371,82.126,82.340,22723030000
AUDJPY,20220214,1500,82.339,82.379,82.179,82.283,25336250000
AUDJPY,20220214,1600,82.284,82.482,82.210,82.481,19138570000
AUDJPY,20220214,1700,82.480,82.581,82.410,82.545,9097960000
AUDJPY,20220214,1800,82.543,82.583,82.162,82.165,14027120000
AUDJPY,20220214,1900,82.167,82.389,82.052,82.355,25914150000
AUDJPY,20220214,2000,82.356,82.402,82.264,82.339,17252820000
AUDJPY,20220214,2100,82.341,82.366,82.305,82.319,3453000000
AUDJPY,20220214,2200,82.319,82.364,82.311,82.316,2758040000
AUDJPY,20220214,2300,82.316,82.406,82.292,82.401,2791080000
AUDJPY,20220215,0000,82.400,82.471,82.257,82.277,7361700000
AUDJPY,20220215,0100,82.279,82.324,82.132,82.251,9607080000
AUDJPY,20220215,0200,82.252,82.403,82.246,82.398,5882920000
AUDJPY,20220215,0300,82.398,82.404,82.230,82.251,6153280000
AUDJPY,20220215,0400,82.254,82.286,82.199,82.231,4073580000
AUDJPY,20220215,0500,82.231,82.233,81.908,81.930,9966740000
AUDJPY,20220215,0600,81.929,82.026,81.889,82.012,5872590000
AUDJPY,20220215,0700,82.013,82.125,81.972,82.046,9680850000
AUDJPY,20220215,0800,82.045,82.727,82.017,82.704,25982140000
AUDJPY,20220215,0900,82.704,82.716,82.491,82.581,13004910000
AUDJPY,20220215,1000,82.581,82.652,82.343,82.535,14461080000
AUDJPY,20220215,1100,82.535,82.602,82.497,82.548,9837580000
AUDJPY,20220215,1200,82.547,82.571,82.460,82.540,11778130000
AUDJPY,20220215,1300,82.539,82.642,82.493,82.630,13839870000
AUDJPY,20220215,1400,82.630,82.727,82.390,82.401,18767650000
AUDJPY,20220215,1500,82.402,82.702,82.401,82.640,15698120000
AUDJPY,20220215,1600,82.644,82.720,82.580,82.681,9763940000
AUDJPY,20220215,1700,82.681,82.702,82.558,82.650,6600060000
AUDJPY,20220215,1800,82.652,82.702,82.616,82.682,3630690000
AUDJPY,20220215,1900,82.684,82.716,82.625,82.700,4667960000
AUDJPY,20220215,2000,82.699,82.712,82.569,82.687,7368050000
AUDJPY,20220215,2100,82.686,82.701,82.639,82.662,2645900000
AUDJPY,20220215,2200,82.657,82.691,82.646,82.689,1852310000
AUDJPY,20220215,2300,82.688,82.726,82.646,82.661,2718970000
AUDJPY,20220216,0000,82.658,82.775,82.650,82.697,4800890000
AUDJPY,20220216,0100,82.696,82.764,82.626,82.708,6996360000
AUDJPY,20220216,0200,82.705,82.861,82.703,82.749,6270750000
AUDJPY,20220216,0300,82.751,82.797,82.702,82.746,3683590000
AUDJPY,20220216,0400,82.746,82.777,82.703,82.757,2708680000
AUDJPY,20220216,0500,82.757,82.831,82.754,82.810,3046010000
AUDJPY,20220216,0600,82.808,82.918,82.792,82.912,4223940000
AUDJPY,20220216,0700,82.912,83.003,82.884,82.967,7693230000
AUDJPY,20220216,0800,82.968,83.132,82.907,83.099,14910830000
AUDJPY,20220216,0900,83.099,83.160,82.940,82.961,13653490000
AUDJPY,20220216,1000,82.964,82.998,82.897,82.966,10272060000
AUDJPY,20220216,1100,82.965,83.030,82.919,83.024,7719240000
AUDJPY,20220216,1200,83.024,83.088,82.882,82.965,8983430000
AUDJPY,20220216,1300,82.965,83.028,82.692,82.722,13590870000
AUDJPY,20220216,1400,82.724,82.839,82.627,82.751,20301760000
AUDJPY,20220216,1500,82.752,82.851,82.701,82.765,18949330000
AUDJPY,20220216,1600,82.768,82.910,82.740,82.889,11511770000
AUDJPY,20220216,1700,82.889,82.952,82.803,82.912,6916260000
AUDJPY,20220216,1800,82.911,83.026,82.904,82.957,7061600000
AUDJPY,20220216,1900,82.958,83.169,82.835,83.119,18617830000
AUDJPY,20220216,2000,83.117,83.174,83.075,83.110,9275820000
AUDJPY,20220216,2100,83.110,83.112,83.047,83.056,3172140000
AUDJPY,20220216,2200,83.058,83.091,83.038,83.075,1276660000
AUDJPY,20220216,2300,83.075,83.197,82.973,82.994,4578720000
AUDJPY,20220217,0000,82.993,83.239,82.985,83.071,9085729999
AUDJPY,20220217,0100,83.069,83.230,83.056,83.211,8219480000
AUDJPY,20220217,0200,83.209,83.338,83.208,83.234,5445230000
AUDJPY,20220217,0300,83.234,83.291,82.429,82.429,10078320000
AUDJPY,20220217,0400,82.431,82.935,82.336,82.644,25109620001
AUDJPY,20220217,0500,82.643,82.878,82.628,82.814,13479160000
AUDJPY,20220217,0600,82.812,83.087,82.705,82.859,13312689999
AUDJPY,20220217,0700,82.858,83.078,82.854,83.078,11929150000
AUDJPY,20220217,0800,83.078,83.208,82.592,82.785,28244230000
AUDJPY,20220217,0900,82.785,82.844,82.610,82.809,18691170000
AUDJPY,20220217,1000,82.809,82.972,82.777,82.927,10232090000
AUDJPY,20220217,1100,82.927,82.974,82.811,82.892,7461450000
AUDJPY,20220217,1200,82.892,82.999,82.877,82.956,8675830000
AUDJPY,20220217,1300,82.957,83.052,82.642,82.738,19303520000
AUDJPY,20220217,1400,82.738,83.075,82.688,82.718,25246750000
AUDJPY,20220217,1500,82.718,82.917,82.649,82.759,19312790000
AUDJPY,20220217,1600,82.759,82.823,82.717,82.761,11813450000
AUDJPY,20220217,1700,82.761,82.863,82.731,82.800,7611520000
AUDJPY,20220217,1800,82.798,82.835,82.768,82.829,6375370000
AUDJPY,20220217,1900,82.829,82.847,82.619,82.631,6726910000
AUDJPY,20220217,2000,82.632,82.682,82.541,82.627,8153250000
AUDJPY,20220217,2100,82.625,82.646,82.579,82.579,3140530000
AUDJPY,20220217,2200,82.579,82.651,82.579,82.586,3797210000
AUDJPY,20220217,2300,82.588,82.619,82.478,82.550,4590610000
AUDJPY,20220218,0000,82.548,82.589,82.420,82.481,8808060000
AUDJPY,20220218,0100,82.482,82.962,82.482,82.830,16036830000
AUDJPY,20220218,0200,82.831,82.938,82.813,82.900,9863740000
AUDJPY,20220218,0300,82.900,82.973,82.846,82.935,7953930000
AUDJPY,20220218,0400,82.935,83.033,82.928,82.984,5652330000
AUDJPY,20220218,0500,82.984,83.009,82.891,82.979,5141470000
AUDJPY,20220218,0600,82.978,83.068,82.887,83.043,5096140000
AUDJPY,20220218,0700,83.043,83.079,82.965,83.060,9598930000
AUDJPY,20220218,0800,83.058,83.325,83.048,83.158,15126580000
AUDJPY,20220218,0900,83.156,83.179,83.009,83.080,11693020000
AUDJPY,20220218,1000,83.080,83.100,82.969,82.973,10238140000
AUDJPY,20220218,1100,82.973,83.030,82.929,82.977,7495310000
AUDJPY,20220218,1200,82.976,83.094,82.952,83.054,7878510000
AUDJPY,20220218,1300,83.054,83.070,82.829,82.929,18138560000
AUDJPY,20220218,1400,82.930,82.953,82.702,82.873,20324470000
AUDJPY,20220218,1500,82.873,82.885,82.620,82.645,20471450000
AUDJPY,20220218,1600,82.644,82.669,82.466,82.549,17470320000
AUDJPY,20220218,1700,82.548,82.643,82.435,82.488,12386760000
AUDJPY,20220218,1800,82.489,82.616,82.470,82.588,6866570000
AUDJPY,20220218,1900,82.589,82.726,82.573,82.682,7618530000
AUDJPY,20220218,2000,82.682,82.720,82.559,82.618,12854990000
AUDJPY,20220218,2100,82.619,82.668,82.461,82.473,2990840000
AUDJPY,20220220,2200,82.470,82.584,82.454,82.468,2123570000
AUDJPY,20220220,2300,82.467,82.479,82.342,82.447,6193290000
AUDJPY,20220221,0000,82.451,82.760,82.362,82.712,9144430000
AUDJPY,20220221,0100,82.710,82.857,82.638,82.778,16385160000
AUDJPY,20220221,0200,82.778,82.845,82.714,82.843,7872140000
AUDJPY,20220221,0300,82.844,82.883,82.757,82.840,6631660000
AUDJPY,20220221,0400,82.839,82.953,82.805,82.942,5461330000
AUDJPY,20220221,0500,82.941,83.037,82.876,82.927,7510170000
AUDJPY,20220221,0600,82.927,83.010,82.906,82.981,4657140000
AUDJPY,20220221,0700,82.982,83.051,82.919,82.926,8235250000
AUDJPY,20220221,0800,82.925,82.992,82.728,82.918,15647490000
AUDJPY,20220221,0900,82.920,82.937,82.823,82.876,12287640000
AUDJPY,20220221,1000,82.874,82.876,82.703,82.757,8268390000
AUDJPY,20220221,1100,82.757,82.799,82.582,82.683,10759530000
AUDJPY,20220221,1200,82.683,82.782,82.610,82.714,12593860000
AUDJPY,20220221,1300,82.713,82.840,82.597,82.756,14236680000
AUDJPY,20220221,1400,82.754,82.927,82.688,82.784,16731310000
AUDJPY,20220221,1500,82.781,82.876,82.761,82.853,13326440000
AUDJPY,20220221,1600,82.851,82.864,82.768,82.788,7061870000
AUDJPY,20220221,1700,82.786,82.856,82.735,82.735,4961390000
AUDJPY,20220221,1800,82.737,82.771,82.569,82.599,3523290000
AUDJPY,20220221,1900,82.601,82.623,82.477,82.570,4364370000
AUDJPY,20220221,2000,82.570,82.577,82.467,82.572,1470340000
AUDJPY,20220221,2100,82.572,82.636,82.463,82.471,3651970000
AUDJPY,20220221,2200,82.476,82.492,82.397,82.412,2487030000
AUDJPY,20220221,2300,82.412,82.414,82.121,82.334,9316370000
AUDJPY,20220222,0000,82.335,82.633,82.246,82.574,12179710000
AUDJPY,20220222,0100,82.573,82.608,82.366,82.496,17511820000
AUDJPY,20220222,0200,82.492,82.605,82.413,82.535,11173080000
AUDJPY,20220222,0300,82.536,82.542,82.318,82.389,8647730000
AUDJPY,20220222,0400,82.390,82.603,82.390,82.577,8179580000
AUDJPY,20220222,0500,82.579,82.734,82.551,82.667,9769270000
AUDJPY,20220222,0600,82.667,82.720,82.528,82.570,9614410000
AUDJPY,20220222,0700,82.569,82.654,82.450,82.550,16725150000
AUDJPY,20220222,0800,82.548,82.828,82.524,82.767,22597570000
AUDJPY,20220222,0900,82.767,82.859,82.712,82.726,15575740000
AUDJPY,20220222,1000,82.729,83.160,82.726,83.035,17820900000
AUDJPY,20220222,1100,83.036,83.151,82.978,83.114,15381560000
AUDJPY,20220222,1200,83.115,83.175,82.985,82.999,16726960000
AUDJPY,20220222,1300,82.998,83.099,82.924,83.064,15042130000
AUDJPY,20220222,1400,83.061,83.139,83.012,83.081,14786980000
AUDJPY,20220222,1500,83.082,83.167,83.003,83.114,19795480000
AUDJPY,20220222,1600,83.114,83.182,83.021,83.057,13632770000
AUDJPY,20220222,1700,83.056,83.084,82.946,82.955,8403480000
AUDJPY,20220222,1800,82.955,82.965,82.799,82.852,7961030000
AUDJPY,20220222,1900,82.852,83.143,82.803,83.082,17314010000
AUDJPY,20220222,2000,83.085,83.187,82.967,83.013,13177590000
AUDJPY,20220222,2100,83.012,83.097,83.011,83.044,2827340000
AUDJPY,20220222,2200,83.046,83.091,83.044,83.050,759460000
AUDJPY,20220222,2300,83.051,83.202,83.051,83.176,2809620000
AUDJPY,20220223,0000,83.176,83.236,83.042,83.125,5547790000
AUDJPY,20220223,0100,83.126,83.242,83.047,83.219,10442250000
AUDJPY,20220223,0200,83.220,83.304,83.090,83.151,7315250000
AUDJPY,20220223,0300,83.151,83.164,83.046,83.123,4863610000
AUDJPY,20220223,0400,83.123,83.224,83.069,83.206,4099390000
AUDJPY,20220223,0500,83.208,83.258,83.124,83.195,5148290000
AUDJPY,20220223,0600,83.196,83.258,83.165,83.228,4658950000
AUDJPY,20220223,0700,83.228,83.355,83.150,83.355,10789670000
AUDJPY,20220223,0800,83.355,83.549,83.300,83.540,14232780000
AUDJPY,20220223,0900,83.541,83.662,83.525,83.596,10509950000
AUDJPY,20220223,1000,83.595,83.604,83.515,83.578,10353660000
AUDJPY,20220223,1100,83.576,83.625,83.509,83.528,8363510000
AUDJPY,20220223,1200,83.529,83.657,83.524,83.647,8025400000
AUDJPY,20220223,1300,83.648,83.773,83.637,83.761,10087600000
AUDJPY,20220223,1400,83.762,83.833,83.643,83.650,14763350000
AUDJPY,20220223,1500,83.649,83.655,83.296,83.325,18624180000
AUDJPY,20220223,1600,83.325,83.423,83.224,83.390,11932940000
AUDJPY,20220223,1700,83.391,83.502,83.355,83.363,7929150000
AUDJPY,20220223,1800,83.363,83.367,83.172,83.207,7294310000
AUDJPY,20220223,1900,83.207,83.266,83.105,83.180,8567310000
AUDJPY,20220223,2000,83.177,83.228,83.109,83.130,8656570000
AUDJPY,20220223,2100,83.131,83.197,83.126,83.163,2555730000
AUDJPY,20220223,2200,83.164,83.182,83.102,83.106,2464040000
AUDJPY,20220223,2300,83.105,83.145,82.976,83.043,4558210000
AUDJPY,20220224,0000,83.040,83.079,82.753,82.769,12936790000
AUDJPY,20220224,0100,82.770,83.075,82.748,83.024,20198690000
AUDJPY,20220224,0200,83.023,83.044,82.636,82.778,19384200000
AUDJPY,20220224,0300,82.776,82.863,82.324,82.410,32542530000
AUDJPY,20220224,0400,82.411,82.646,82.088,82.528,25959650000
AUDJPY,20220224,0500,82.528,82.577,82.296,82.412,23262710000
AUDJPY,20220224,0600,82.412,82.539,82.195,82.242,18513180000
AUDJPY,20220224,0700,82.239,82.354,82.094,82.271,27555510000
AUDJPY,20220224,0800,82.274,82.515,82.221,82.405,30859490000
AUDJPY,20220224,0900,82.405,82.515,82.311,82.311,26475920000
AUDJPY,20220224,1000,82.311,82.409,82.230,82.266,24313990000
AUDJPY,20220224,1100,82.266,82.349,82.092,82.328,24590960000
AUDJPY,20220224,1200,82.331,82.339,82.187,82.235,23086470000
AUDJPY,20220224,1300,82.235,82.343,82.174,82.177,24159530000
AUDJPY,20220224,1400,82.178,82.401,82.094,82.257,28716230000
AUDJPY,20220224,1500,82.257,82.390,82.012,82.028,26016910000
AUDJPY,20220224,1600,82.024,82.364,82.018,82.342,21445910000
AUDJPY,20220224,1700,82.339,82.404,82.202,82.351,14413930000
AUDJPY,20220224,1800,82.350,82.580,82.311,82.513,16388540000
AUDJPY,20220224,1900,82.514,82.908,82.445,82.803,23520560000
AUDJPY,20220224,2000,82.799,83.008,82.764,82.922,16441920000
AUDJPY,20220224,2100,82.923,82.945,82.714,82.716,5615450000
AUDJPY,20220224,2200,82.705,82.827,82.696,82.713,2810220000
AUDJPY,20220224,2300,82.713,82.821,82.703,82.732,6447180000
AUDJPY,20220225,0000,82.731,82.965,82.440,82.645,14122280000
AUDJPY,20220225,0100,82.644,82.832,82.573,82.799,22610450000
AUDJPY,20220225,0200,82.802,82.802,82.646,82.698,13511010000
AUDJPY,20220225,0300,82.697,82.802,82.649,82.801,12398160000
AUDJPY,20220225,0400,82.799,82.929,82.757,82.926,12141120000
AUDJPY,20220225,0500,82.924,82.977,82.850,82.909,11617120000
AUDJPY,20220225,0600,82.913,83.007,82.863,82.959,10061030000
AUDJPY,20220225,0700,82.959,83.144,82.920,83.086,18456790000
AUDJPY,20220225,0800,83.086,83.086,82.813,82.905,29415070000
AUDJPY,20220225,0900,82.906,83.073,82.836,83.023,18157860000
AUDJPY,20220225,1000,83.023,83.089,82.960,83.084,14353590000
AUDJPY,20220225,1100,83.085,83.163,82.965,83.147,17676870000
AUDJPY,20220225,1200,83.148,83.446,83.132,83.374,20741750000
AUDJPY,20220225,1300,83.375,83.549,83.347,83.543,24028170000
AUDJPY,20220225,1400,83.540,83.585,83.381,83.396,24490830000
AUDJPY,20220225,1500,83.395,83.558,83.313,83.492,21390100000
AUDJPY,20220225,1600,83.494,83.614,83.389,83.446,14694240000
AUDJPY,20220225,1700,83.447,83.469,83.418,83.454,7699810000
AUDJPY,20220225,1800,83.455,83.572,83.428,83.491,6478600000
AUDJPY,20220225,1900,83.492,83.605,83.454,83.603,6925570000
AUDJPY,20220225,2000,83.602,83.603,83.512,83.543,9366370000
AUDJPY,20220225,2100,83.541,83.607,83.467,83.490,4355520000
AUDJPY,20220227,2200,82.458,83.176,82.458,82.947,6834270000
AUDJPY,20220227,2300,82.947,83.181,82.793,83.054,16377940000
AUDJPY,20220228,0000,83.052,83.110,82.923,83.012,15869960000
AUDJPY,20220228,0100,83.011,83.156,82.883,82.955,26488220000
AUDJPY,20220228,0200,82.956,82.993,82.756,82.844,18089960000
AUDJPY,20220228,0300,82.843,82.951,82.788,82.888,11725000000
AUDJPY,20220228,0400,82.888,83.010,82.888,82.982,9903820000
AUDJPY,20220228,0500,82.982,83.026,82.905,82.986,9186010000
AUDJPY,20220228,0600,82.986,83.109,82.973,83.032,9505280000
AUDJPY,20220228,0700,83.033,83.256,83.017,83.194,21025730000
AUDJPY,20220228,0800,83.193,83.246,83.101,83.172,22313680000
AUDJPY,20220228,0900,83.172,83.255,83.136,83.196,16072820000
AUDJPY,20220228,1000,83.197,83.439,83.196,83.434,14541510000
AUDJPY,20220228,1100,83.434,83.447,83.307,83.363,13305880000
AUDJPY,20220228,1200,83.363,83.476,83.347,83.417,12152800000
AUDJPY,20220228,1300,83.414,83.442,83.336,83.397,15285940000
AUDJPY,20220228,1400,83.397,83.485,83.366,83.444,16467110000
AUDJPY,20220228,1500,83.445,83.622,83.363,83.574,21498860000
AUDJPY,20220228,1600,83.574,83.704,83.461,83.583,16705280000
AUDJPY,20220228,1700,83.584,83.590,83.400,83.475,9384810000
AUDJPY,20220228,1800,83.473,83.506,83.371,83.425,7117300000
AUDJPY,20220228,1900,83.424,83.468,83.255,83.428,9463970000
AUDJPY,20220228,2000,83.427,83.518,83.373,83.467,12323550000
AUDJPY,20220228,2100,83.467,83.518,83.432,83.478,2996760000
AUDJPY,20220228,2200,83.474,83.520,83.471,83.490,1255290000
AUDJPY,20220228,2300,83.496,83.627,83.477,83.535,4558730000
AUDJPY,20220301,0000,83.537,83.637,83.470,83.603,8640920000
AUDJPY,20220301,0100,83.604,83.713,83.581,83.632,7781700000
AUDJPY,20220301,0200,83.631,83.702,83.605,83.668,5872790000
AUDJPY,20220301,0300,83.667,83.668,83.442,83.505,5789520000
AUDJPY,20220301,0400,83.505,83.605,83.494,83.590,4250340000
AUDJPY,20220301,0500,83.590,83.621,83.517,83.578,4793620000
AUDJPY,20220301,0600,83.577,83.736,83.567,83.734,4625380000
AUDJPY,20220301,0700,83.736,83.859,83.698,83.793,11350090000
AUDJPY,20220301,0800,83.793,83.807,83.632,83.718,15855270000
AUDJPY,20220301,0900,83.717,83.753,83.433,83.486,16310470000
AUDJPY,20220301,1000,83.485,83.559,83.391,83.533,16670800000
AUDJPY,20220301,1100,83.531,83.590,83.424,83.500,18055190000
AUDJPY,20220301,1200,83.501,83.555,83.392,83.421,14929500000
AUDJPY,20220301,1300,83.419,83.617,83.369,83.571,19187810000
AUDJPY,20220301,1400,83.571,83.596,83.459,83.527,19282080000
AUDJPY,20220301,1500,83.527,83.581,83.293,83.350,25041610000
AUDJPY,20220301,1600,83.350,83.413,83.232,83.252,19224000000
AUDJPY,20220301,1700,83.250,83.338,83.198,83.283,13603850000
AUDJPY,20220301,1800,83.281,83.311,83.138,83.211,12464460001
AUDJPY,20220301,1900,83.212,83.322,83.099,83.233,11528110000
AUDJPY,20220301,2000,83.234,83.383,83.165,83.275,13902930000
AUDJPY,20220301,2100,83.274,83.401,83.259,83.296,4099970000
AUDJPY,20220301,2200,83.276,83.363,83.276,83.311,1342030000
AUDJPY,20220301,2300,83.311,83.399,83.256,83.383,4029630000
AUDJPY,20220302,0000,83.385,83.554,83.318,83.524,8209000000
AUDJPY,20220302,0600,83.632,83.672,83.508,83.520,9066260000
AUDJPY,20220302,0700,83.519,83.578,83.406,83.519,17048160000
AUDJPY,20220302,0800,83.523,83.675,83.441,83.496,22005340000
AUDJPY,20220302,0900,83.495,83.686,83.435,83.607,19606990000
AUDJPY,20220302,1000,83.606,83.700,83.580,83.698,17322010000
AUDJPY,20220302,1100,83.697,83.758,83.657,83.726,14672460000
AUDJPY,20220302,1800,84.194,84.439,84.192,84.386,8208080000
AUDJPY,20220302,1900,84.386,84.426,84.308,84.329,8115410000
AUDJPY,20220302,2200,84.257,84.292,84.231,84.249,2258140000
AUDJPY,20220303,0000,84.243,84.308,84.215,84.242,7514400000
AUDJPY,20220303,0100,84.241,84.268,84.173,84.219,9420900000
AUDJPY,20220303,0200,84.222,84.341,84.120,84.318,7893430000
AUDJPY,20220303,0300,84.319,84.325,84.235,84.290,4525900000
AUDJPY,20220303,0400,84.290,84.484,84.289,84.440,4532440000
AUDJPY,20220303,0500,84.441,84.507,84.428,84.491,4569370000
AUDJPY,20220303,0600,84.491,84.735,84.486,84.695,6895190000
AUDJPY,20220303,0700,84.695,84.734,84.586,84.678,9492320000
AUDJPY,20220303,0800,84.679,84.692,84.392,84.592,15402510000
AUDJPY,20220303,0900,84.592,84.617,84.418,84.518,12744450000
AUDJPY,20220303,1000,84.518,84.598,84.489,84.536,9715640000
AUDJPY,20220303,1100,84.536,84.568,84.459,84.508,9752120000
AUDJPY,20220303,1200,84.508,84.652,84.481,84.588,11471370000
AUDJPY,20220303,1300,84.587,84.701,84.582,84.669,17608980000
AUDJPY,20220303,1400,84.669,84.933,84.626,84.864,20463750000
AUDJPY,20220303,1500,84.864,84.903,84.613,84.639,20171290000
AUDJPY,20220303,1600,84.641,84.687,84.406,84.604,16700540000
AUDJPY,20220303,1700,84.604,84.797,84.514,84.570,16418490000
AUDJPY,20220303,1800,84.568,84.666,84.512,84.629,10074070000
AUDJPY,20220303,1900,84.629,84.647,84.491,84.558,8438260000
AUDJPY,20220303,2000,84.559,84.588,84.467,84.561,11654500000
AUDJPY,20220303,2100,84.563,84.617,84.552,84.595,5181250000
AUDJPY,20220303,2200,84.593,84.611,84.570,84.586,1900670000
AUDJPY,20220303,2300,84.586,84.739,84.579,84.712,3268300000
AUDJPY,20220304,0000,84.715,84.746,84.156,84.319,22392530000
AUDJPY,20220304,0100,84.318,84.716,84.240,84.615,26613270000
AUDJPY,20220304,0200,84.617,84.709,84.531,84.568,16490570000
AUDJPY,20220304,0300,84.568,84.655,84.537,84.623,10372010000
AUDJPY,20220304,0400,84.622,84.946,84.616,84.935,8501030000
AUDJPY,20220304,0500,84.938,85.006,84.853,84.907,7557420000
AUDJPY,20220304,0600,84.906,84.966,84.808,84.842,7843010000
AUDJPY,20220304,0700,84.843,84.953,84.827,84.906,11206350000
AUDJPY,20220304,0800,84.905,85.142,84.854,85.056,16633900000
AUDJPY,20220304,0900,85.056,85.079,84.832,84.838,15991590000
AUDJPY,20220304,1000,84.838,85.024,84.816,84.909,12623840000
AUDJPY,20220304,1100,84.908,84.963,84.814,84.952,11477260000
AUDJPY,20220304,1200,84.953,84.975,84.737,84.750,11038800000
AUDJPY,20220304,1300,84.751,84.939,84.493,84.711,20972960000
AUDJPY,20220304,1400,84.711,84.750,84.330,84.496,18641070000
AUDJPY,20220304,1500,84.496,84.554,84.347,84.378,20066240000
AUDJPY,20220304,1600,84.379,84.420,84.258,84.401,14365180000
AUDJPY,20220304,1700,84.401,84.684,84.376,84.622,12712980000
AUDJPY,20220304,1800,84.622,84.730,84.622,84.656,10033660000
AUDJPY,20220304,1900,84.659,84.706,84.559,84.579,12262330000
AUDJPY,20220304,2000,84.580,84.699,84.531,84.658,15219910000
AUDJPY,20220304,2100,84.658,84.718,84.617,84.715,4009050000
AUDJPY,20220306,2200,84.743,84.761,84.650,84.699,1051500000
AUDJPY,20220306,2300,84.701,84.999,84.472,84.992,14646150000
AUDJPY,20220307,0000,84.992,85.073,84.892,85.051,12211730000
AUDJPY,20220307,0100,85.049,85.508,85.021,85.330,25798180000
AUDJPY,20220307,0200,85.331,85.348,85.092,85.168,18574710000
AUDJPY,20220307,0300,85.169,85.208,85.034,85.153,11400050000
AUDJPY,20220307,0400,85.153,85.247,85.138,85.238,7693220000
AUDJPY,20220307,0500,85.237,85.342,85.172,85.231,12132530000
AUDJPY,20220307,0600,85.230,85.398,85.161,85.389,10532240000
AUDJPY,20220307,0700,85.390,85.465,85.198,85.216,16379250000
AUDJPY,20220307,0800,85.216,85.351,85.064,85.167,26693120000
AUDJPY,20220307,0900,85.167,85.272,85.068,85.190,21952750000
AUDJPY,20220307,1000,85.191,85.235,85.095,85.177,13639110000
AUDJPY,20220307,1100,85.179,85.287,85.137,85.258,13120330000
AUDJPY,20220307,1200,85.258,85.402,85.047,85.206,25148020000
AUDJPY,20220307,1300,85.211,85.233,85.010,85.018,26064620000
AUDJPY,20220307,1400,85.020,85.065,84.750,84.765,26931050000
AUDJPY,20220307,1500,84.764,84.859,84.551,84.559,22511050000
AUDJPY,20220307,1600,84.565,84.707,84.475,84.495,18313580000
AUDJPY,20220307,1700,84.495,84.564,84.345,84.441,14716080000
AUDJPY,20220307,1800,84.442,84.541,84.407,84.497,14088330000
AUDJPY,20220307,1900,84.498,84.547,84.438,84.460,11054530000
AUDJPY,20220307,2000,84.461,84.500,84.326,84.347,11712010000
AUDJPY,20220307,2100,84.350,84.393,84.309,84.323,3539880000
AUDJPY,20220307,2200,84.316,84.372,84.267,84.351,3488040000
AUDJPY,20220307,2300,84.353,84.574,84.279,84.549,5461540000
AUDJPY,20220308,0000,84.549,84.633,84.488,84.622,8613420000
AUDJPY,20220308,0100,84.622,84.836,84.621,84.731,14324140000
AUDJPY,20220308,0200,84.731,84.821,84.443,84.479,12495510000
AUDJPY,20220308,0300,84.479,84.614,84.413,84.588,10802600000
AUDJPY,20220308,0400,84.589,84.607,84.384,84.396,7061500000
AUDJPY,20220308,0500,84.396,84.396,84.023,84.117,13897890000
AUDJPY,20220308,0600,84.123,84.226,84.024,84.056,14262880000
AUDJPY,20220308,0700,84.056,84.188,83.906,83.996,17689420000
AUDJPY,20220308,0800,83.999,84.221,83.944,84.050,26567500000
AUDJPY,20220308,0900,84.051,84.304,84.041,84.292,15040810000
AUDJPY,20220308,1000,84.293,84.362,84.224,84.331,13145200000
AUDJPY,20220308,1100,84.331,84.430,84.319,84.371,12285450000
AUDJPY,20220308,1200,84.371,84.478,84.203,84.219,16712540000
AUDJPY,20220308,1300,84.220,84.369,84.153,84.257,19975310000
AUDJPY,20220308,1400,84.256,84.327,84.107,84.184,21362380000
AUDJPY,20220308,1500,84.183,84.227,83.926,83.983,22416860000
AUDJPY,20220308,1600,83.984,84.067,83.809,83.976,17018500000
AUDJPY,20220308,1700,83.978,84.213,83.966,84.142,24426730000
AUDJPY,20220308,1800,84.142,84.275,84.085,84.124,20002810000
AUDJPY,20220308,1900,84.121,84.213,84.038,84.209,18493080000
AUDJPY,20220308,2000,84.209,84.244,84.051,84.068,13316350000
AUDJPY,20220308,2100,84.067,84.116,84.029,84.029,4149150000
AUDJPY,20220308,2200,84.029,84.145,83.997,84.032,1974580000
AUDJPY,20220308,2300,84.035,84.181,84.034,84.102,5249300000
AUDJPY,20220309,0000,84.103,84.341,84.103,84.318,8024990000
AUDJPY,20220309,0100,84.315,84.411,84.292,84.327,11555780000
AUDJPY,20220309,0200,84.325,84.367,84.186,84.270,9424140000
AUDJPY,20220309,0300,84.274,84.311,84.153,84.234,8451990000
AUDJPY,20220309,0400,84.235,84.395,84.235,84.368,7416690000
AUDJPY,20220309,0500,84.367,84.367,84.188,84.238,7854350000
AUDJPY,20220309,0600,84.239,84.402,84.239,84.319,8996930000
AUDJPY,20220309,0700,84.318,84.575,84.253,84.538,14451010000
AUDJPY,20220309,0800,84.541,84.706,84.464,84.658,18727930000
AUDJPY,20220309,0900,84.657,84.853,84.657,84.852,15479150000
AUDJPY,20220309,1000,84.852,84.981,84.802,84.913,13362270000
AUDJPY,20220309,1100,84.913,84.961,84.832,84.907,14235830000
AUDJPY,20220309,1200,84.907,84.941,84.861,84.912,10373220000
AUDJPY,20220309,1300,84.912,84.975,84.807,84.826,13628980000
AUDJPY,20220309,1400,84.825,84.910,84.622,84.819,26743920000
AUDJPY,20220309,1500,84.819,84.878,84.733,84.760,16947460000
AUDJPY,20220309,1600,84.762,84.867,84.694,84.852,14570170000
AUDJPY,20220309,1700,84.852,84.861,84.694,84.765,10399970000
AUDJPY,20220309,1800,84.764,84.847,84.742,84.788,9305400000
AUDJPY,20220309,1900,84.789,84.813,84.722,84.786,5884450000
AUDJPY,20220309,2000,84.781,84.904,84.775,84.833,8031320000
AUDJPY,20220309,2100,84.834,84.852,84.758,84.758,3407670000
AUDJPY,20220309,2200,84.764,84.838,84.752,84.781,7570980000
AUDJPY,20220309,2300,84.776,84.821,84.732,84.804,5299380000
AUDJPY,20220310,0000,84.804,84.834,84.698,84.705,7068230000
AUDJPY,20220310,0100,84.707,84.759,84.573,84.655,9745230000
AUDJPY,20220310,0200,84.656,84.916,84.635,84.902,5634580000
AUDJPY,20220310,0300,84.903,85.090,84.885,85.066,8004840000
AUDJPY,20220310,0400,85.066,85.073,84.969,85.030,6490540000
AUDJPY,20220310,0500,85.030,85.038,84.872,84.991,5676600000
AUDJPY,20220310,0600,84.994,85.130,84.946,85.086,6207370000
AUDJPY,20220310,0700,85.086,85.176,85.028,85.143,10204420000
AUDJPY,20220310,0800,85.145,85.157,84.892,84.976,18843090000
AUDJPY,20220310,0900,84.978,85.158,84.977,85.064,23005520000
AUDJPY,20220310,1000,85.063,85.118,85.012,85.082,14055280000
AUDJPY,20220310,1100,85.079,85.083,84.952,84.994,10258920000
AUDJPY,20220310,1200,84.995,85.155,84.965,85.018,16516240000
AUDJPY,20220310,1300,85.017,85.300,84.991,85.282,23395410000
AUDJPY,20220310,1400,85.281,85.360,85.195,85.331,23052760000
AUDJPY,20220310,1500,85.333,85.487,85.285,85.360,17860640000
AUDJPY,20220310,1600,85.360,85.461,85.257,85.423,10646980000
AUDJPY,20220310,1700,85.422,85.493,85.375,85.437,7040130000
AUDJPY,20220310,1800,85.436,85.472,85.370,85.463,6587140000
AUDJPY,20220310,1900,85.463,85.534,85.437,85.506,7208550000
AUDJPY,20220310,2000,85.509,85.509,85.422,85.433,7043620000
AUDJPY,20220310,2100,85.434,85.488,85.384,85.397,2245460000
AUDJPY,20220310,2200,85.400,85.459,85.314,85.405,1055970000
AUDJPY,20220310,2300,85.398,85.604,85.398,85.572,4601680000
AUDJPY,20220311,0000,85.572,85.586,85.450,85.494,6643880000
AUDJPY,20220311,0100,85.496,85.520,85.283,85.357,10029870000
AUDJPY,20220311,0200,85.357,85.372,85.262,85.301,7595850000
AUDJPY,20220311,0300,85.300,85.546,85.300,85.527,6757080000
AUDJPY,20220311,0400,85.527,85.562,85.476,85.498,6572760000
AUDJPY,20220311,0500,85.500,85.660,85.463,85.627,8473120000
AUDJPY,20220311,0600,85.627,85.790,85.603,85.768,8179220000
AUDJPY,20220311,0700,85.768,85.890,85.694,85.737,13153010000
AUDJPY,20220311,0800,85.736,85.772,85.637,85.693,17028060000
AUDJPY,20220311,0900,85.693,85.762,85.519,85.537,13398850000
AUDJPY,20220311,1000,85.538,85.557,85.435,85.449,11344410000
AUDJPY,20220311,1100,85.447,85.663,85.422,85.636,22583180000
AUDJPY,20220311,1200,85.635,85.724,85.495,85.533,17220240000
AUDJPY,20220311,1300,85.533,85.675,85.480,85.647,17338510000
AUDJPY,20220311,1400,85.649,85.666,85.555,85.591,15684810000
AUDJPY,20220311,1500,85.590,85.695,85.534,85.637,19037890000
AUDJPY,20220311,1600,85.640,85.673,85.541,85.561,17578160000
AUDJPY,20220311,1700,85.561,85.621,85.527,85.574,10267340000
AUDJPY,20220311,1800,85.573,85.706,85.557,85.629,7653660000
AUDJPY,20220311,1900,85.625,85.730,85.597,85.618,8860550000
AUDJPY,20220311,2000,85.618,85.618,85.406,85.415,6785340000
AUDJPY,20220311,2100,85.416,85.561,85.416,85.494,2974010000
AUDJPY,20220313,2100,85.523,85.550,85.427,85.540,488190000
AUDJPY,20220313,2200,85.540,85.681,85.512,85.669,3104510000
AUDJPY,20220313,2300,85.670,85.816,85.635,85.755,5393110000
AUDJPY,20220314,0000,85.752,85.762,85.490,85.522,11840450000
AUDJPY,20220314,0100,85.523,85.627,85.439,85.589,12489840000
AUDJPY,20220314,0200,85.590,85.624,85.414,85.460,10145250000
AUDJPY,20220314,0300,85.461,85.521,85.418,85.449,7197500000
AUDJPY,20220314,0400,85.448,85.467,85.340,85.389,5917060000
AUDJPY,20220314,0500,85.390,85.473,85.373,85.378,6877040000
AUDJPY,20220314,0600,85.378,85.387,85.229,85.262,8575440000
AUDJPY,20220314,0700,85.260,85.337,85.239,85.281,12876290000
AUDJPY,20220314,0800,85.281,85.449,85.245,85.367,16234530000
AUDJPY,20220314,0900,85.369,85.600,85.369,85.558,14614670000
AUDJPY,20220314,1000,85.558,85.602,85.435,85.504,13187240000
AUDJPY,20220314,1100,85.504,85.552,85.270,85.290,13493810000
AUDJPY,20220314,1200,85.290,85.534,85.290,85.432,13166760000
AUDJPY,20220314,1300,85.431,85.501,85.288,85.342,17275550000
AUDJPY,20220314,1400,85.344,85.540,85.305,85.525,15210590000
AUDJPY,20220314,1500,85.527,85.539,85.277,85.308,13014790000
AUDJPY,20220314,1600,85.308,85.420,85.083,85.132,10971600000
AUDJPY,20220314,1700,85.132,85.167,84.931,84.943,8940660000
AUDJPY,20220314,1800,84.942,85.045,84.903,84.949,7507610000
AUDJPY,20220314,1900,84.951,85.128,84.936,85.045,8530820000
AUDJPY,20220314,2000,85.046,85.082,84.927,84.943,4851380000
AUDJPY,20220314,2100,84.943,85.033,84.902,85.009,1156580000
AUDJPY,20220314,2200,85.008,85.222,84.947,85.190,3429750000
AUDJPY,20220314,2300,85.189,85.197,85.088,85.100,3311970000
AUDJPY,20220315,0000,85.100,85.190,84.973,84.990,9675210000
AUDJPY,20220315,0100,84.992,85.100,84.760,84.856,13790490000
AUDJPY,20220315,0200,84.855,85.078,84.838,84.904,12127600000
AUDJPY,20220315,0300,84.902,85.077,84.892,85.050,7820500000
AUDJPY,20220315,0400,85.050,85.095,84.933,85.045,5920870000
AUDJPY,20220315,0500,85.045,85.057,84.913,84.986,7410300000
AUDJPY,20220315,0600,84.985,85.044,84.852,84.873,8231220000
AUDJPY,20220315,0700,84.872,84.895,84.590,84.855,21900710000
AUDJPY,20220315,0800,84.857,84.926,84.672,84.713,21423180000
AUDJPY,20220315,0900,84.713,84.823,84.702,84.798,13916550000
AUDJPY,20220315,1000,84.799,84.986,84.752,84.957,11112450000
AUDJPY,20220315,1100,84.956,85.076,84.912,84.953,10544870000
AUDJPY,20220315,1200,84.950,85.080,84.890,85.059,14460190000
AUDJPY,20220315,1300,85.059,85.152,85.011,85.138,15852790000
AUDJPY,20220315,1400,85.137,85.362,85.115,85.238,15056830000
AUDJPY,20220315,1500,85.237,85.298,84.984,85.045,14843760000
AUDJPY,20220315,1600,85.045,85.124,84.984,85.027,12840610000
AUDJPY,20220315,1700,85.028,85.109,85.021,85.046,6800540000
AUDJPY,20220315,1800,85.045,85.071,84.919,85.059,7498270000
AUDJPY,20220315,1900,85.058,85.174,85.043,85.161,7273050000
AUDJPY,20220315,2000,85.159,85.171,85.084,85.101,2331370000
AUDJPY,20220315,2100,85.099,85.129,85.024,85.125,1496820000
AUDJPY,20220315,2200,85.125,85.188,85.092,85.106,2016100000
AUDJPY,20220315,2300,85.105,85.135,85.036,85.065,3317850000
AUDJPY,20220316,0000,85.063,85.157,85.017,85.032,7980509999
AUDJPY,20220316,0100,85.033,85.182,85.028,85.158,11627400000
AUDJPY,20220316,0200,85.159,85.253,85.120,85.141,7401550000
AUDJPY,20220316,0300,85.141,85.179,85.089,85.118,5492300000
AUDJPY,20220316,0400,85.119,85.206,85.094,85.197,3309650000
AUDJPY,20220316,0500,85.197,85.442,85.166,85.401,8552080000
AUDJPY,20220316,0600,85.401,85.548,85.384,85.501,9043730000
AUDJPY,20220316,0700,85.502,85.539,85.425,85.448,11333460000
AUDJPY,20220316,0800,85.447,85.611,85.420,85.538,16135840000
AUDJPY,20220316,0900,85.537,85.597,85.497,85.548,10382590000
AUDJPY,20220316,1000,85.548,85.687,85.517,85.683,11462620000
AUDJPY,20220316,1100,85.683,85.753,85.650,85.734,9027090000
AUDJPY,20220316,1200,85.734,85.822,85.695,85.812,11462490000
AUDJPY,20220316,1300,85.811,85.963,85.734,85.948,11528110000
AUDJPY,20220316,1400,85.947,86.063,85.726,85.869,24400530000
AUDJPY,20220316,1500,85.869,85.967,85.790,85.917,15093330000
AUDJPY,20220316,1600,85.918,86.013,85.887,85.999,10494890000
AUDJPY,20220316,1700,85.997,86.023,85.934,85.940,8715580000
AUDJPY,20220316,1800,85.935,86.252,85.803,86.182,34544920000
AUDJPY,20220316,1900,86.179,86.576,86.095,86.546,18263940000
AUDJPY,20220316,2000,86.547,86.612,86.404,86.566,7199870000
AUDJPY,20220316,2100,86.566,86.566,86.477,86.542,2997260000
AUDJPY,20220316,2200,86.536,86.734,86.517,86.612,5103230000
AUDJPY,20220316,2300,86.613,86.705,86.569,86.636,5087530000
AUDJPY,20220317,0000,86.636,87.066,86.631,86.996,15428000000
AUDJPY,20220317,0100,86.997,87.041,86.485,86.609,19232600000
AUDJPY,20220317,0200,86.610,86.920,86.598,86.858,12735460000
AUDJPY,20220317,0300,86.857,86.859,86.658,86.793,11760150000
AUDJPY,20220317,0400,86.793,86.921,86.771,86.902,7110830000
AUDJPY,20220317,0500,86.900,86.923,86.749,86.878,8589430000
AUDJPY,20220317,0600,86.878,86.915,86.751,86.827,11458380000
AUDJPY,20220317,0700,86.827,86.940,86.744,86.912,11583140000
AUDJPY,20220317,0800,86.910,87.040,86.886,86.922,13051790000
AUDJPY,20220317,0900,86.923,87.005,86.875,86.976,11434790001
AUDJPY,20220317,1000,86.975,87.043,86.761,87.034,13659120000
AUDJPY,20220317,1100,87.035,87.132,86.982,87.056,7066180000
AUDJPY,20220317,1200,87.048,87.252,87.006,87.239,14999320000
AUDJPY,20220317,1300,87.239,87.301,87.118,87.252,12733060000
AUDJPY,20220317,1400,87.252,87.308,87.151,87.272,13318660000
AUDJPY,20220317,1500,87.270,87.521,87.242,87.500,13190560000
AUDJPY,20220317,1600,87.499,87.590,87.429,87.516,9791880000
AUDJPY,20220317,1700,87.515,87.580,87.470,87.571,6797650000
AUDJPY,20220317,1800,87.571,87.571,87.424,87.472,5412930000
AUDJPY,20220317,1900,87.471,87.570,87.433,87.544,5830090000
AUDJPY,20220317,2000,87.544,87.573,87.452,87.463,2714890000
AUDJPY,20220317,2100,87.449,87.496,87.417,87.480,492590000
AUDJPY,20220317,2200,87.475,87.546,87.428,87.438,3552430000
AUDJPY,20220317,2300,87.432,87.492,87.383,87.455,4657270000
AUDJPY,20220318,0000,87.455,87.691,87.446,87.587,11327520000
AUDJPY,20220318,0100,87.586,87.703,87.586,87.636,8054100000
AUDJPY,20220318,0200,87.636,87.642,87.525,87.565,6757950000
AUDJPY,20220318,0300,87.565,87.624,87.518,87.617,5515970000
AUDJPY,20220318,0400,87.617,87.684,87.604,87.647,4036800000
AUDJPY,20220318,0500,87.647,87.855,87.621,87.805,5839240000
AUDJPY,20220318,0600,87.805,88.057,87.804,88.006,8642090000
AUDJPY,20220318,0700,88.006,88.055,87.816,87.950,12085700000
AUDJPY,20220318,0800,87.951,87.979,87.596,87.753,12025960000
AUDJPY,20220318,0900,87.752,87.804,87.700,87.718,8696090000
AUDJPY,20220318,1000,87.719,87.918,87.695,87.840,9631090000
AUDJPY,20220318,1100,87.839,87.908,87.797,87.838,7735330000
AUDJPY,20220318,1200,87.838,87.982,87.788,87.901,10671580000
AUDJPY,20220318,1300,87.902,88.055,87.839,87.967,17492070000
AUDJPY,20220318,1400,87.970,88.314,87.950,88.219,12335240000
AUDJPY,20220318,1500,88.218,88.365,88.184,88.225,14513930000
AUDJPY,20220318,1600,88.225,88.306,88.162,88.289,9785470000
AUDJPY,20220318,1700,88.290,88.375,88.244,88.348,5267820000
AUDJPY,20220318,1800,88.348,88.355,88.197,88.251,4861420000
AUDJPY,20220318,1900,88.250,88.324,88.232,88.290,5944780000
AUDJPY,20220318,2000,88.290,88.348,88.273,88.287,2931890000
AUDJPY,20220320,2100,88.165,88.285,88.158,88.177,388170000
AUDJPY,20220320,2200,88.168,88.395,88.157,88.340,4828870000
AUDJPY,20220320,2300,88.342,88.400,88.301,88.371,3673070000
AUDJPY,20220321,0000,88.370,88.408,88.308,88.387,6094240000
AUDJPY,20220321,0100,88.387,88.495,88.380,88.404,6438910000
AUDJPY,20220321,0200,88.403,88.403,88.189,88.278,5872860000
AUDJPY,20220321,0300,88.278,88.284,88.155,88.201,4172530000
AUDJPY,20220321,0400,88.201,88.310,88.165,88.279,3219790000
AUDJPY,20220321,0500,88.279,88.289,88.203,88.256,4472150000
AUDJPY,20220321,0600,88.256,88.296,88.184,88.233,5121120000
AUDJPY,20220321,0700,88.233,88.294,88.046,88.164,9172650000
AUDJPY,20220321,0800,88.164,88.246,88.098,88.143,10496610000
AUDJPY,20220321,0900,88.144,88.176,87.973,88.033,8627390000
AUDJPY,20220321,1000,88.034,88.039,87.920,87.988,7307680000
AUDJPY,20220321,1100,87.989,88.044,87.832,88.018,9116520000
AUDJPY,20220321,1200,88.020,88.282,88.020,88.270,8521950000
AUDJPY,20220321,1300,88.269,88.431,88.217,88.270,11841500000
AUDJPY,20220321,1400,88.270,88.391,88.226,88.322,13917100000
AUDJPY,20220321,1500,88.322,88.379,88.255,88.372,12332760000
AUDJPY,20220321,1600,88.374,88.406,88.246,88.289,16747300000
AUDJPY,20220321,1700,88.290,88.335,88.169,88.283,13585480000
AUDJPY,20220321,1800,88.282,88.377,88.217,88.300,9144030000
AUDJPY,20220321,1900,88.298,88.402,88.277,88.401,7039810000
AUDJPY,20220321,2000,88.398,88.417,88.357,88.400,2228850000
AUDJPY,20220321,2100,88.382,88.396,88.286,88.340,1131310000
AUDJPY,20220321,2200,88.334,88.435,88.324,88.398,1707080000
AUDJPY,20220321,2300,88.398,88.503,88.397,88.443,2759310000
AUDJPY,20220322,0000,88.443,88.622,88.422,88.565,11359270000
AUDJPY,20220322,0100,88.566,88.604,88.398,88.398,12179180000
AUDJPY,20220322,0200,88.399,88.579,88.399,88.568,6865360000
AUDJPY,20220322,0300,88.569,88.747,88.520,88.725,5764180000
AUDJPY,20220322,0400,88.726,89.065,88.722,88.972,10394700000
AUDJPY,20220322,0500,88.971,88.999,88.831,88.934,9076500000
AUDJPY,20220322,0600,88.934,89.026,88.869,88.903,8205270000
AUDJPY,20220322,0700,88.904,89.030,88.903,88.997,8229910000
AUDJPY,20220322,0800,88.996,89.298,88.972,89.215,12590820000
AUDJPY,20220322,0900,89.215,89.657,89.199,89.616,11062170000
AUDJPY,20220322,1000,89.616,89.891,89.551,89.769,11542470000
AUDJPY,20220322,1100,89.768,89.820,89.536,89.716,10347810000
AUDJPY,20220322,1200,89.721,89.919,89.586,89.669,12897790000
AUDJPY,20220322,1300,89.669,89.847,89.669,89.831,15254790000
AUDJPY,20220322,1400,89.832,89.902,89.788,89.845,12698520000
AUDJPY,20220322,1500,89.848,89.867,89.657,89.734,13126540000
AUDJPY,20220322,1600,89.736,89.782,89.583,89.776,8776760000
AUDJPY,20220322,1700,89.773,90.011,89.746,90.007,6040750000
AUDJPY,20220322,1800,90.006,90.061,89.963,90.043,5775340000
AUDJPY,20220322,1900,90.041,90.188,90.020,90.178,6262770000
AUDJPY,20220322,2000,90.177,90.263,90.165,90.184,2386780000
AUDJPY,20220322,2100,90.175,90.217,90.115,90.186,3143600000
AUDJPY,20220322,2200,90.187,90.652,90.184,90.568,4673900000
AUDJPY,20220322,2300,90.567,90.595,90.412,90.544,6686630000
AUDJPY,20220323,0000,90.542,90.559,90.240,90.282,12406920000
AUDJPY,20220323,0100,90.281,90.427,90.082,90.403,12439050000
AUDJPY,20220323,0200,90.403,90.507,90.341,90.408,10699250000
AUDJPY,20220323,0300,90.407,90.416,90.263,90.291,8298060000
AUDJPY,20220323,0400,90.292,90.428,90.270,90.298,6365310000
AUDJPY,20220323,0500,90.298,90.345,90.239,90.318,5861020000
AUDJPY,20220323,0600,90.326,90.400,90.262,90.379,6316020000
AUDJPY,20220323,0700,90.379,90.386,90.168,90.305,9125090000
AUDJPY,20220323,0800,90.307,90.344,90.131,90.178,11841430000
AUDJPY,20220323,0900,90.177,90.522,90.177,90.465,10262400000
AUDJPY,20220323,1000,90.465,90.535,90.378,90.420,7823770000
AUDJPY,20220323,1100,90.422,90.443,90.210,90.315,8990190000
AUDJPY,20220323,1200,90.316,90.323,90.019,90.112,11851200000
AUDJPY,20220323,1300,90.110,90.155,89.932,90.060,13629220000
AUDJPY,20220323,1400,90.059,90.565,90.023,90.501,13484660000
AUDJPY,20220323,1500,90.498,90.777,90.477,90.742,11876160000
AUDJPY,20220323,1600,90.742,90.771,90.650,90.771,8247820000
AUDJPY,20220323,1700,90.770,90.785,90.663,90.766,7639250000
AUDJPY,20220323,1800,90.766,90.922,90.719,90.916,6434900000
AUDJPY,20220323,1900,90.918,90.934,90.774,90.828,6387790000
AUDJPY,20220323,2000,90.828,90.898,90.804,90.837,3850880000
AUDJPY,20220323,2100,90.829,90.829,90.781,90.813,546230000
AUDJPY,20220323,2200,90.812,90.822,90.588,90.663,3202810000
AUDJPY,20220323,2300,90.663,90.849,90.642,90.824,4460430000
AUDJPY,20220324,0000,90.824,90.901,90.636,90.654,12162730000
AUDJPY,20220324,0100,90.654,90.921,90.555,90.839,12953120000
AUDJPY,20220324,0200,90.839,90.895,90.769,90.786,7240040000
AUDJPY,20220324,0300,90.784,90.802,90.652,90.662,5655790000
AUDJPY,20220324,0400,90.663,90.755,90.524,90.571,6299830000
AUDJPY,20220324,0500,90.573,90.903,90.571,90.880,8731230000
AUDJPY,20220324,0600,90.880,90.951,90.804,90.886,9309050000
AUDJPY,20220324,0700,90.887,91.037,90.887,90.947,11548980000
AUDJPY,20220324,0800,90.947,91.005,90.800,90.842,13652210000
AUDJPY,20220324,0900,90.843,91.016,90.834,90.998,10581690000
AUDJPY,20220324,1000,91.000,91.159,90.933,91.138,9076200000
AUDJPY,20220324,1100,91.136,91.251,90.910,91.114,11528390002
AUDJPY,20220324,1200,91.113,91.182,91.024,91.154,12250280000
AUDJPY,20220324,1300,91.153,91.491,91.092,91.418,15189930000
AUDJPY,20220324,1400,91.416,91.763,91.319,91.740,13876000000
AUDJPY,20220324,1500,91.742,91.767,91.491,91.615,16127340000
AUDJPY,20220324,1600,91.617,91.786,91.565,91.748,12085210000
AUDJPY,20220324,1700,91.747,91.813,91.659,91.788,8571570000
AUDJPY,20220324,1800,91.787,91.903,91.787,91.820,7700450000
AUDJPY,20220324,1900,91.821,91.940,91.792,91.914,5827160000
AUDJPY,20220324,2000,91.914,91.965,91.867,91.908,3258510000
AUDJPY,20220324,2100,91.907,91.910,91.845,91.910,1284700000
AUDJPY,20220324,2200,91.910,92.011,91.891,91.970,3882880000
AUDJPY,20220324,2300,91.971,91.984,91.873,91.887,3920840000
AUDJPY,20220325,0000,91.887,91.891,91.529,91.575,14910330000
AUDJPY,20220325,0100,91.575,91.755,91.415,91.733,18887950000
AUDJPY,20220325,0200,91.732,91.734,91.516,91.517,10172680000
AUDJPY,20220325,0300,91.518,91.592,91.356,91.443,9852560000
AUDJPY,20220325,0400,91.446,91.478,91.112,91.405,11842380000
AUDJPY,20220325,0500,91.404,91.597,91.284,91.584,9112650000
AUDJPY,20220325,0600,91.582,91.887,91.580,91.651,9468240000
AUDJPY,20220325,0700,91.652,91.673,91.295,91.418,10478160000
AUDJPY,20220325,0800,91.417,91.481,91.058,91.186,13917180000
AUDJPY,20220325,0900,91.188,91.345,91.144,91.311,10341630000
AUDJPY,20220325,1000,91.312,91.513,91.285,91.449,7373590000
AUDJPY,20220325,1100,91.450,91.503,91.277,91.406,7419060000
AUDJPY,20220325,1200,91.406,91.560,91.373,91.521,7499100000
AUDJPY,20220325,1300,91.523,91.893,91.507,91.727,16844780000
AUDJPY,20220325,1400,91.731,91.825,91.619,91.716,16394360000
AUDJPY,20220325,1500,91.716,91.763,91.442,91.494,20142360000
AUDJPY,20220325,1600,91.492,91.735,91.469,91.735,13848920000
AUDJPY,20220325,1700,91.736,91.772,91.631,91.766,11395080000
AUDJPY,20220325,1800,91.766,91.880,91.735,91.859,7742990000
AUDJPY,20220325,1900,91.861,91.913,91.747,91.912,9674120000
AUDJPY,20220325,2000,91.913,91.934,91.679,91.679,5040530000
AUDJPY,20220327,2100,91.510,91.749,91.503,91.642,942660000
AUDJPY,20220327,2200,91.634,91.914,91.630,91.895,4045810000
AUDJPY,20220327,2300,91.898,91.985,91.838,91.912,4707890000
AUDJPY,20220328,0000,91.911,91.944,91.697,91.739,11585990000
AUDJPY,20220328,0100,91.737,92.354,91.698,92.338,20947490000
AUDJPY,20220328,0200,92.338,92.513,92.168,92.412,15478190000
AUDJPY,20220328,0300,92.411,92.643,92.353,92.615,9332320000
AUDJPY,20220328,0400,92.615,92.712,92.532,92.563,9150730000
AUDJPY,20220328,0500,92.561,92.700,92.535,92.636,8453220000
AUDJPY,20220328,0600,92.635,92.709,92.405,92.702,13697240000
AUDJPY,20220328,0700,92.696,93.349,92.656,93.276,21555290000
AUDJPY,20220328,0800,93.276,94.312,93.207,93.879,26593690000
AUDJPY,20220328,0900,93.879,93.898,93.305,93.510,21216380000
AUDJPY,20220328,1000,93.511,93.573,92.883,93.436,23022520000
AUDJPY,20220328,1100,93.435,93.436,93.125,93.168,19673540000
AUDJPY,20220328,1200,93.167,93.258,92.670,92.814,24295540000
AUDJPY,20220328,1300,92.814,92.814,92.467,92.561,25857060000
AUDJPY,20220328,1400,92.559,92.559,92.161,92.373,25141770000
AUDJPY,20220328,1500,92.373,92.466,92.170,92.257,17202230000
AUDJPY,20220328,1600,92.257,92.493,92.188,92.468,13663330000
AUDJPY,20220328,1700,92.467,92.487,92.345,92.472,12429920000
AUDJPY,20220328,1800,92.472,92.733,92.453,92.661,12573990000
AUDJPY,20220328,1900,92.659,92.803,92.571,92.798,11446000000
AUDJPY,20220328,2000,92.799,92.850,92.689,92.727,3308460000
AUDJPY,20220328,2100,92.716,92.811,92.602,92.777,1216670000
AUDJPY,20220328,2200,92.777,93.118,92.692,93.048,4102990000
AUDJPY,20220328,2300,93.049,93.051,92.621,92.658,10202690000
AUDJPY,20220329,0000,92.659,92.938,92.300,92.788,24404950000
AUDJPY,20220329,0100,92.788,92.837,92.432,92.672,19530120000
AUDJPY,20220329,0200,92.672,92.755,92.328,92.392,12685440000
AUDJPY,20220329,0300,92.393,92.453,92.109,92.162,13833130000
AUDJPY,20220329,0400,92.161,92.379,92.158,92.296,10152340000
AUDJPY,20220329,0500,92.297,92.709,92.269,92.657,11588710000
AUDJPY,20220329,0600,92.659,92.879,92.474,92.789,14597990000
AUDJPY,20220329,0700,92.788,93.007,92.606,92.683,17753040000
AUDJPY,20220329,0800,92.681,92.739,92.478,92.565,15457230000
AUDJPY,20220329,0900,92.563,92.874,92.526,92.804,17407890000
AUDJPY,20220329,1000,92.804,92.810,92.544,92.580,13108980000
AUDJPY,20220329,1100,92.581,92.938,92.579,92.740,20148270000
AUDJPY,20220329,1200,92.740,92.806,91.467,91.925,30918340000
AUDJPY,20220329,1300,91.923,92.077,91.480,91.565,24319080000
AUDJPY,20220329,1400,91.564,92.147,91.444,92.072,26602220000
AUDJPY,20220329,1500,92.072,92.202,91.889,92.009,16464780000
AUDJPY,20220329,1600,92.009,92.039,91.804,91.857,12534660000
AUDJPY,20220329,1700,91.834,92.017,91.826,91.999,8958150000
AUDJPY,20220329,1800,91.998,92.360,91.972,92.360,7830350000
AUDJPY,20220329,1900,92.358,92.415,92.264,92.319,7954710000
AUDJPY,20220329,2000,92.319,92.347,92.201,92.221,2656330000
AUDJPY,20220329,2100,92.184,92.279,92.184,92.277,644830000
AUDJPY,20220329,2200,92.275,92.541,92.252,92.476,4062180000
AUDJPY,20220329,2300,92.477,92.644,92.387,92.519,7021150000
AUDJPY,20220330,0000,92.516,92.516,91.936,91.986,16477230000
AUDJPY,20220330,0100,91.987,92.011,91.562,91.891,17982390000
AUDJPY,20220330,0200,91.892,91.897,91.462,91.563,13769530000
AUDJPY,20220330,0300,91.564,91.602,91.133,91.455,20679670000
AUDJPY,20220330,0400,91.457,91.733,91.381,91.721,12662690000
AUDJPY,20220330,0500,91.722,91.866,91.666,91.862,11973570000
AUDJPY,20220330,0600,91.864,91.942,91.602,91.820,17647570000
AUDJPY,20220330,0700,91.821,91.829,91.313,91.577,21168490000
AUDJPY,20220330,0800,91.580,91.582,91.312,91.372,18992540000
AUDJPY,20220330,0900,91.373,91.614,91.263,91.553,13608890000
AUDJPY,20220330,1000,91.554,91.743,91.404,91.725,15459990000
AUDJPY,20220330,1100,91.727,91.792,91.442,91.513,12268670000
AUDJPY,20220330,1200,91.513,91.645,91.368,91.609,15530100000
AUDJPY,20220330,1300,91.611,91.958,91.468,91.678,20891760000
AUDJPY,20220330,1400,91.678,91.875,91.526,91.821,20785960000
AUDJPY,20220330,1500,91.820,91.842,91.485,91.551,16019370000
AUDJPY,20220330,1600,91.550,91.641,91.510,91.619,8001010000
AUDJPY,20220330,1700,91.617,91.630,91.547,91.589,8609230000
AUDJPY,20220330,1800,91.588,91.596,91.392,91.397,9845950000
AUDJPY,20220330,1900,91.400,91.515,91.395,91.478,11273740000
AUDJPY,20220330,2000,91.478,91.533,91.396,91.396,2602480000
AUDJPY,20220330,2100,91.461,91.549,91.461,91.540,3939230000
AUDJPY,20220330,2200,91.540,91.637,91.497,91.520,4082930000
AUDJPY,20220330,2300,91.521,91.691,91.501,91.530,6162810000
AUDJPY,20220331,0000,91.532,92.094,91.440,91.847,21499320000
AUDJPY,20220331,0100,91.847,91.949,91.574,91.676,16373170000
AUDJPY,20220331,0200,91.675,91.684,91.564,91.652,12395490000
AUDJPY,20220331,0300,91.658,91.690,91.435,91.574,11702770000
AUDJPY,20220331,0400,91.574,91.600,91.409,91.439,11120660000
AUDJPY,20220331,0500,91.440,91.502,91.343,91.356,10422260000
AUDJPY,20220331,0600,91.353,91.360,90.887,90.907,19412580000
AUDJPY,20220331,0700,90.906,91.036,90.759,91.034,19651700000
AUDJPY,20220331,0800,91.034,91.374,91.018,91.343,20671360000
AUDJPY,20220331,0900,91.341,91.355,91.174,91.294,16890910000
AUDJPY,20220331,1000,91.294,91.382,91.114,91.117,14904810000
AUDJPY,20220331,1100,91.115,91.275,90.985,91.011,16668720000
AUDJPY,20220331,1200,91.011,91.260,90.952,91.127,16078590000
AUDJPY,20220331,1300,91.126,91.315,91.064,91.116,22064040000
AUDJPY,20220331,1400,91.118,91.271,91.027,91.134,24740450000
AUDJPY,20220331,1500,91.134,91.196,90.997,91.033,17076290000
AUDJPY,20220331,1600,91.034,91.144,91.034,91.119,9177560000
AUDJPY,20220331,1700,91.119,91.199,91.104,91.132,8016550000
AUDJPY,20220331,1800,91.132,91.137,90.952,91.051,8055410000
AUDJPY,20220331,1900,91.049,91.173,91.036,91.081,11469750000
AUDJPY,20220331,2000,91.077,91.179,90.983,90.996,4287040000
AUDJPY,20220331,2100,90.941,91.119,90.941,91.066,857000000
AUDJPY,20220331,2200,91.064,91.290,91.059,91.176,5274870000
AUDJPY,20220331,2300,91.179,91.306,91.177,91.205,3878970000
AUDJPY,20220401,0000,91.201,91.479,91.167,91.370,11251210000
AUDJPY,20220401,0100,91.369,91.614,91.327,91.546,10243920000
AUDJPY,20220401,0200,91.546,91.729,91.517,91.688,9666990000
AUDJPY,20220401,0300,91.685,91.838,91.627,91.806,10166990000
AUDJPY,20220401,0400,91.805,91.807,91.584,91.670,11706050000
AUDJPY,20220401,0500,91.671,91.737,91.453,91.494,8811950000
AUDJPY,20220401,0600,91.493,91.578,91.363,91.570,14673220000
AUDJPY,20220401,0700,91.569,91.902,91.544,91.898,22118130000
AUDJPY,20220401,0800,91.896,92.124,91.877,92.088,16871760000
AUDJPY,20220401,0900,92.088,92.091,91.911,92.055,15791290000
AUDJPY,20220401,1000,92.055,92.088,91.904,91.974,10909760000
AUDJPY,20220401,1100,91.976,92.089,91.927,92.073,11266710000
AUDJPY,20220401,1200,92.075,92.320,92.055,92.270,21350500000
AUDJPY,20220401,1300,92.272,92.324,92.095,92.239,21275850000
AUDJPY,20220401,1400,92.244,92.287,91.924,92.008,18029720000
AUDJPY,20220401,1500,92.007,92.139,91.814,91.869,15081820000
AUDJPY,20220401,1600,91.868,91.910,91.741,91.769,9529600000
AUDJPY,20220401,1700,91.769,91.854,91.641,91.811,9416180000
AUDJPY,20220401,1800,91.810,91.976,91.804,91.911,9031760000
AUDJPY,20220401,1900,91.909,91.962,91.789,91.950,7952930000
AUDJPY,20220401,2000,91.949,91.949,91.770,91.835,3362810000
AUDJPY,20220403,2100,91.828,91.883,91.767,91.792,593630000
AUDJPY,20220403,2200,91.794,91.965,91.791,91.856,6156610000
AUDJPY,20220403,2300,91.856,91.885,91.764,91.797,3911750000
AUDJPY,20220404,0000,91.795,91.806,91.568,91.713,13596330000
AUDJPY,20220404,0100,91.714,91.979,91.703,91.977,10881960000
AUDJPY,20220404,0200,91.978,92.151,91.970,92.131,7777390000
AUDJPY,20220404,0300,92.135,92.256,92.046,92.221,6083570000
AUDJPY,20220404,0400,92.222,92.251,92.050,92.064,9030620000
AUDJPY,20220404,0500,92.067,92.192,91.993,92.178,7782320000
AUDJPY,20220404,0600,92.178,92.260,92.121,92.184,13161770000
AUDJPY,20220404,0700,92.185,92.253,92.004,92.245,14130760000
AUDJPY,20220404,0800,92.246,92.246,92.066,92.146,13688240000
AUDJPY,20220404,0900,92.141,92.176,92.050,92.124,11937150000
AUDJPY,20220404,1000,92.123,92.237,92.102,92.181,10242980000
AUDJPY,20220404,1100,92.182,92.218,92.117,92.173,9448200000
AUDJPY,20220404,1200,92.173,92.224,92.138,92.177,10831470000
AUDJPY,20220404,1300,92.178,92.316,92.157,92.306,13810020000
AUDJPY,20220404,1400,92.306,92.611,92.301,92.578,20050780000
AUDJPY,20220404,1500,92.576,92.736,92.538,92.635,11492620000
AUDJPY,20220404,1600,92.633,92.658,92.533,92.547,6428720000
AUDJPY,20220404,1700,92.546,92.609,92.510,92.593,5314850000
AUDJPY,20220404,1800,92.592,92.705,92.562,92.698,6229740000
AUDJPY,20220404,1900,92.698,92.744,92.578,92.607,5635770000
AUDJPY,20220404,2000,92.607,92.644,92.575,92.599,3508200000
AUDJPY,20220404,2100,92.599,92.651,92.582,92.609,2572540000
AUDJPY,20220404,2200,92.608,92.653,92.564,92.571,2567150000
AUDJPY,20220404,2300,92.570,92.679,92.567,92.626,3723250000
AUDJPY,20220405,0000,92.625,92.699,92.264,92.437,16405880000
AUDJPY,20220405,0100,92.436,92.467,92.304,92.381,10326020000
AUDJPY,20220405,0200,92.383,92.442,92.361,92.405,5517500000
AUDJPY,20220405,0300,92.406,92.419,92.351,92.362,4603130000
AUDJPY,20220405,0400,92.360,93.205,92.340,93.117,14510420000
AUDJPY,20220405,0500,93.117,93.291,93.050,93.263,9870370000
AUDJPY,20220405,0600,93.265,93.480,93.219,93.446,12200070000
AUDJPY,20220405,0700,93.446,93.858,93.443,93.782,19041750000
AUDJPY,20220405,0800,93.783,93.897,93.582,93.817,12159230000
AUDJPY,20220405,0900,93.818,93.820,93.679,93.770,10309050000
AUDJPY,20220405,1000,93.768,93.807,93.613,93.718,11181790000
AUDJPY,20220405,1100,93.717,93.898,93.694,93.847,10526990000
AUDJPY,20220405,1200,93.846,93.859,93.668,93.791,12076480000
AUDJPY,20220405,1300,93.793,94.016,93.739,93.996,13733080000
AUDJPY,20220405,1400,93.997,94.166,93.818,93.997,26876710000
AUDJPY,20220405,1500,93.998,94.032,93.700,93.791,15175170000
AUDJPY,20220405,1600,93.791,93.832,93.686,93.810,11163810000
AUDJPY,20220405,1700,93.810,93.946,93.807,93.906,8687490000
AUDJPY,20220405,1800,93.906,93.940,93.785,93.865,8283800000
AUDJPY,20220405,1900,93.864,93.869,93.609,93.672,11291210000
AUDJPY,20220405,2000,93.674,93.708,93.621,93.653,3322040000
AUDJPY,20220405,2100,93.647,93.688,93.549,93.650,1725200000
AUDJPY,20220405,2200,93.658,93.775,93.658,93.732,6895580000
AUDJPY,20220405,2300,93.733,93.864,93.697,93.795,4554780000
AUDJPY,20220406,0000,93.795,93.994,93.771,93.844,12520090000
AUDJPY,20220406,0100,93.845,93.995,93.721,93.732,15339400000
AUDJPY,20220406,0200,93.732,93.955,93.619,93.752,13648100000
AUDJPY,20220406,0300,93.753,93.780,93.655,93.714,10543450000
AUDJPY,20220406,0400,93.713,93.877,93.709,93.849,7607290000
AUDJPY,20220406,0500,93.849,93.946,93.819,93.833,10609930000
AUDJPY,20220406,0600,93.833,93.990,93.811,93.965,15908990000
AUDJPY,20220406,0700,93.962,94.133,93.876,93.880,19336310000
AUDJPY,20220406,0800,93.881,93.941,93.807,93.849,15114160000
AUDJPY,20220406,0900,93.848,93.949,93.788,93.925,11813340000
AUDJPY,20220406,1000,93.924,93.966,93.791,93.847,11574960000
AUDJPY,20220406,1100,93.847,93.850,93.703,93.784,10037400000
AUDJPY,20220406,1200,93.785,93.842,93.632,93.672,14395600000
AUDJPY,20220406,1300,93.673,93.823,93.611,93.615,16284420000
AUDJPY,20220406,1400,93.616,93.655,93.209,93.260,17534860000
AUDJPY,20220406,1500,93.262,93.354,93.226,93.308,13506820000
AUDJPY,20220406,1600,93.309,93.341,93.116,93.201,7320250000
AUDJPY,20220406,1700,93.200,93.212,93.096,93.159,6260820000
AUDJPY,20220406,1800,93.159,93.388,92.721,92.944,29454650000
AUDJPY,20220406,1900,92.944,93.032,92.911,92.953,11530230000
AUDJPY,20220406,2000,92.955,92.989,92.906,92.914,3168390000
AUDJPY,20220406,2100,92.911,93.006,92.887,92.945,7176970000
AUDJPY,20220406,2200,92.943,93.180,92.938,93.067,4929910000
AUDJPY,20220406,2300,93.072,93.135,92.815,92.848,6261290000
AUDJPY,20220407,0000,92.847,92.909,92.628,92.780,14846190000
AUDJPY,20220407,0100,92.779,92.888,92.627,92.660,13150780000
AUDJPY,20220407,0200,92.660,92.703,92.517,92.620,10028200000
AUDJPY,20220407,0300,92.621,92.633,92.522,92.532,7649600000
AUDJPY,20220407,0400,92.531,92.531,92.408,92.499,7906500000
AUDJPY,20220407,0500,92.498,92.600,92.424,92.524,9443760000
AUDJPY,20220407,0600,92.524,92.697,92.492,92.672,13450240000
AUDJPY,20220407,0700,92.671,92.771,92.586,92.644,16487780000
AUDJPY,20220407,0800,92.645,92.649,92.410,92.514,12921240000
AUDJPY,20220407,0900,92.514,92.576,92.472,92.553,9791600000
AUDJPY,20220407,1000,92.552,92.640,92.504,92.595,7050770000
AUDJPY,20220407,1100,92.596,92.765,92.585,92.764,15749020000
AUDJPY,20220407,1200,92.762,92.870,92.660,92.724,12653900000
AUDJPY,20220407,1300,92.727,92.837,92.590,92.752,17613520000
AUDJPY,20220407,1400,92.752,92.806,92.609,92.622,21681900000
AUDJPY,20220407,1500,92.622,92.669,92.453,92.490,14368580000
AUDJPY,20220407,1600,92.491,92.572,92.483,92.561,8068430000
AUDJPY,20220407,1700,92.561,92.706,92.558,92.700,7278700000
AUDJPY,20220407,1800,92.702,92.788,92.686,92.772,6918590000
AUDJPY,20220407,1900,92.770,92.808,92.675,92.683,5956190000
AUDJPY,20220407,2000,92.682,92.750,92.645,92.668,2178260000
AUDJPY,20220407,2100,92.638,92.760,92.630,92.726,1203300000
AUDJPY,20220407,2200,92.728,92.894,92.699,92.836,3797160000
AUDJPY,20220407,2300,92.838,92.896,92.787,92.797,4515090000
AUDJPY,20220408,0000,92.799,92.894,92.527,92.581,18079370000
AUDJPY,20220408,0100,92.582,92.644,92.462,92.634,12965910000
AUDJPY,20220408,0200,92.634,92.742,92.532,92.705,8243010000
AUDJPY,20220408,0300,92.704,92.715,92.623,92.675,8737790000
AUDJPY,20220408,0400,92.676,92.744,92.616,92.705,5630390000
AUDJPY,20220408,0500,92.704,92.887,92.667,92.752,9682830000
AUDJPY,20220408,0600,92.753,92.820,92.672,92.805,12624020000
AUDJPY,20220408,0700,92.807,92.831,92.517,92.550,14106730000
AUDJPY,20220408,0800,92.548,92.662,92.509,92.620,11860830000
AUDJPY,20220408,0900,92.619,92.627,92.517,92.535,8951590000
AUDJPY,20220408,1000,92.535,92.695,92.522,92.671,7139180000
AUDJPY,20220408,1100,92.670,92.741,92.604,92.634,8953180000
AUDJPY,20220408,1200,92.632,92.791,92.629,92.677,11699410000
AUDJPY,20220408,1300,92.677,92.712,92.481,92.530,18264030000
AUDJPY,20220408,1400,92.529,92.721,92.508,92.679,18569080000
AUDJPY,20220408,1500,92.676,92.752,92.602,92.723,13673530000
AUDJPY,20220408,1600,92.722,92.810,92.688,92.794,7337950000
AUDJPY,20220408,1700,92.794,92.799,92.704,92.769,6485280000
AUDJPY,20220408,1800,92.767,92.787,92.706,92.775,10998930000
AUDJPY,20220408,1900,92.774,92.785,92.701,92.732,7805280000
AUDJPY,20220408,2000,92.731,92.753,92.671,92.694,2705290000
AUDJPY,20220410,2100,92.487,92.689,92.460,92.681,689320000
AUDJPY,20220410,2200,92.678,92.823,92.654,92.781,3332210000
AUDJPY,20220410,2300,92.781,92.797,92.604,92.619,4865400000
AUDJPY,20220411,0000,92.617,92.754,92.517,92.687,11201500000
AUDJPY,20220411,0100,92.686,92.921,92.653,92.663,15511240000
AUDJPY,20220411,0200,92.664,92.847,92.654,92.831,17392850000
AUDJPY,20220411,0300,92.830,92.972,92.825,92.851,10347830000
AUDJPY,20220411,0400,92.852,93.030,92.852,93.027,9528510000
AUDJPY,20220411,0500,93.026,93.154,92.968,93.079,12461170000
AUDJPY,20220411,0600,93.080,93.214,93.013,93.154,17672400000
AUDJPY,20220411,0700,93.156,93.186,93.006,93.144,17672960000
AUDJPY,20220411,0800,93.144,93.221,93.054,93.154,15890620000
AUDJPY,20220411,0900,93.153,93.438,93.145,93.417,12555940000
AUDJPY,20220411,1000,93.419,93.499,93.379,93.460,13490910000
AUDJPY,20220411,1100,93.460,93.616,93.374,93.582,12876550000
AUDJPY,20220411,1200,93.581,93.601,93.346,93.389,16953280000
AUDJPY,20220411,1300,93.392,93.443,93.102,93.195,17971000000
AUDJPY,20220411,1400,93.193,93.303,93.135,93.248,19553020000
AUDJPY,20220411,1500,93.248,93.262,93.135,93.157,12381970000
AUDJPY,20220411,1600,93.156,93.167,93.079,93.101,6855880000
AUDJPY,20220411,1700,93.100,93.213,93.098,93.144,7862330000
AUDJPY,20220411,1800,93.143,93.222,93.093,93.196,6676090000
AUDJPY,20220411,1900,93.197,93.219,92.983,93.015,6694280000
AUDJPY,20220411,2000,93.012,93.045,92.948,92.969,3802320000
AUDJPY,20220411,2100,92.952,93.058,92.915,93.026,7178100000
AUDJPY,20220411,2200,93.020,93.125,92.991,93.125,3718220000
AUDJPY,20220411,2300,93.125,93.137,92.984,93.040,5311880000
AUDJPY,20220412,0000,93.037,93.131,92.832,92.950,15327910000
AUDJPY,20220412,0100,92.950,93.002,92.834,92.955,12513470000
AUDJPY,20220412,0200,92.956,93.159,92.924,93.091,9826450000
AUDJPY,20220412,0300,93.095,93.160,93.092,93.108,7826650000
AUDJPY,20220412,0400,93.107,93.107,92.951,93.091,10158120000
AUDJPY,20220412,0500,93.091,93.359,93.059,93.271,12443230000
AUDJPY,20220412,0600,93.272,93.465,93.162,93.395,16209330000
AUDJPY,20220412,0700,93.395,93.407,93.194,93.315,16966250000
AUDJPY,20220412,0800,93.314,93.454,93.286,93.343,13460600000
AUDJPY,20220412,0900,93.344,93.392,93.277,93.358,8926260000
AUDJPY,20220412,1000,93.357,93.436,93.351,93.380,8139970000
AUDJPY,20220412,1100,93.381,93.420,93.303,93.409,9245910000
AUDJPY,20220412,1200,93.409,93.590,93.258,93.434,26198190000
AUDJPY,20220412,1300,93.435,93.602,93.357,93.567,26834420000
AUDJPY,20220412,1400,93.568,93.762,93.535,93.657,19126050000
AUDJPY,20220412,1500,93.661,93.801,93.644,93.706,14232920000
AUDJPY,20220412,1600,93.707,93.713,93.519,93.626,15320120000
AUDJPY,20220412,1700,93.625,93.661,93.514,93.542,11979490000
AUDJPY,20220412,1800,93.542,93.554,93.420,93.464,10517900000
AUDJPY,20220412,1900,93.462,93.479,93.353,93.445,8137740000
AUDJPY,20220412,2000,93.446,93.465,93.406,93.427,2740250000
AUDJPY,20220412,2100,93.405,93.470,93.350,93.436,2120630000
AUDJPY,20220412,2200,93.422,93.534,93.420,93.504,2308160000
AUDJPY,20220412,2300,93.504,93.586,93.470,93.485,3613960000
AUDJPY,20220413,0000,93.484,93.563,93.431,93.497,12743150000
AUDJPY,20220413,0100,93.497,93.748,93.490,93.734,12548260000
AUDJPY,20220413,0200,93.733,93.860,93.700,93.815,12789670000
AUDJPY,20220413,0300,93.815,93.821,93.608,93.686,8485980000
AUDJPY,20220413,0400,93.686,93.688,93.472,93.552,9332180000
AUDJPY,20220413,0500,93.552,93.640,93.510,93.605,11026730000
AUDJPY,20220413,0600,93.605,93.861,93.523,93.709,25206920000
AUDJPY,20220413,0700,93.713,93.857,93.670,93.794,23806020000
AUDJPY,20220413,0800,93.793,93.848,93.589,93.612,15937780000
AUDJPY,20220413,0900,93.613,93.725,93.534,93.588,11584170000
AUDJPY,20220413,1000,93.586,93.613,93.498,93.529,11300060000
AUDJPY,20220413,1100,93.530,93.553,93.238,93.305,16805970000
AUDJPY,20220413,1200,93.304,93.332,93.217,93.262,20344640000
AUDJPY,20220413,1300,93.261,93.298,93.013,93.220,25311200000
AUDJPY,20220413,1400,93.221,93.275,93.147,93.175,23794930000
AUDJPY,20220413,1500,93.179,93.333,93.155,93.251,15135370000
AUDJPY,20220413,1600,93.249,93.475,93.168,93.441,13693490000
AUDJPY,20220413,1700,93.441,93.459,93.402,93.437,10186470000
AUDJPY,20220413,1800,93.436,93.529,93.429,93.517,7810770000
AUDJPY,20220413,1900,93.516,93.621,93.484,93.574,7150700000
AUDJPY,20220413,2000,93.575,93.680,93.535,93.558,2786510000
AUDJPY,20220413,2100,93.557,93.692,93.552,93.670,9922390000
AUDJPY,20220413,2200,93.668,93.682,93.556,93.565,5752490000
AUDJPY,20220413,2300,93.564,93.575,93.384,93.394,6553880000
AUDJPY,20220414,0000,93.396,93.666,93.342,93.562,16385770000
AUDJPY,20220414,0100,93.563,93.645,93.312,93.415,14817990000
AUDJPY,20220414,0200,93.414,93.552,93.380,93.491,9833850000
AUDJPY,20220414,0300,93.490,93.534,93.366,93.398,9504260000
AUDJPY,20220414,0400,93.396,93.470,93.335,93.429,8764350000
AUDJPY,20220414,0500,93.430,93.537,93.390,93.513,8698550000
AUDJPY,20220414,0600,93.512,93.598,93.421,93.428,11445480000
AUDJPY,20220414,0700,93.428,93.472,93.121,93.306,17174490000
AUDJPY,20220414,0800,93.305,93.416,93.258,93.402,12824430000
AUDJPY,20220414,0900,93.402,93.433,93.329,93.399,9227800000
AUDJPY,20220414,1000,93.400,93.422,93.187,93.187,9324540000
AUDJPY,20220414,1100,93.186,93.307,93.143,93.241,12397210000
AUDJPY,20220414,1200,93.242,93.376,93.224,93.318,20197950000
AUDJPY,20220414,1300,93.319,93.437,93.239,93.394,26303810000
AUDJPY,20220414,1400,93.394,93.465,93.249,93.318,24041400000
AUDJPY,20220414,1500,93.318,93.376,93.157,93.226,20896110000
AUDJPY,20220414,1600,93.226,93.364,93.214,93.340,11578370000
AUDJPY,20220414,1700,93.341,93.506,93.307,93.483,6723530000
AUDJPY,20220414,1800,93.483,93.504,93.401,93.423,4271070000
AUDJPY,20220414,1900,93.425,93.472,93.373,93.380,5152970000
AUDJPY,20220414,2000,93.380,93.427,93.315,93.334,2760060000
AUDJPY,20220414,2100,93.326,93.377,93.321,93.354,523300000
AUDJPY,20220414,2200,93.351,93.422,93.302,93.388,3120640000
AUDJPY,20220414,2300,93.389,93.487,93.361,93.461,7075450000
AUDJPY,20220415,0000,93.461,93.570,93.379,93.522,8652590000
AUDJPY,20220415,0100,93.523,93.656,93.487,93.584,9630760000
AUDJPY,20220415,0200,93.586,93.632,93.496,93.615,5116300000
AUDJPY,20220415,0300,93.616,93.617,93.514,93.521,6063200000
AUDJPY,20220415,0400,93.521,93.589,93.513,93.561,6123730000
AUDJPY,20220415,0500,93.557,93.594,93.522,93.555,8085620000
AUDJPY,20220415,0600,93.555,93.783,93.549,93.690,12932190000
AUDJPY,20220415,0700,93.689,93.710,93.576,93.617,8097100000
AUDJPY,20220415,0800,93.616,93.763,93.588,93.726,14261740000
AUDJPY,20220415,0900,93.727,93.739,93.652,93.690,19304700000
AUDJPY,20220415,1000,93.690,93.718,93.620,93.620,12440550000
AUDJPY,20220415,1100,93.620,93.670,93.567,93.641,11435280000
AUDJPY,20220415,1200,93.644,93.726,93.634,93.639,20115990000
AUDJPY,20220415,1300,93.640,93.696,93.580,93.611,11988920000
AUDJPY,20220415,1400,93.609,93.642,93.571,93.583,7424050000
AUDJPY,20220415,1500,93.582,93.610,93.394,93.394,7310330000
AUDJPY,20220415,1600,93.394,93.459,93.379,93.427,13060070000
AUDJPY,20220415,1700,93.428,93.464,93.399,93.446,20725660000
AUDJPY,20220415,1800,93.443,93.457,93.396,93.406,18899860000
AUDJPY,20220415,1900,93.406,93.452,93.361,93.419,18203660000
AUDJPY,20220415,2000,93.419,93.485,93.352,93.374,3845600000
AUDJPY,20220417,2100,93.416,93.464,93.331,93.452,485720000
AUDJPY,20220417,2200,93.449,93.723,93.437,93.677,6384920000
AUDJPY,20220417,2300,93.677,93.697,93.580,93.647,6393180000
AUDJPY,20220418,0000,93.646,93.717,93.475,93.475,14081500000
AUDJPY,20220418,0100,93.475,93.507,93.264,93.379,16931220000
AUDJPY,20220418,0200,93.380,93.513,93.293,93.331,8786310000
AUDJPY,20220418,0300,93.330,93.343,93.191,93.198,8145270000
AUDJPY,20220418,0400,93.198,93.252,93.102,93.133,7861070000
AUDJPY,20220418,0500,93.133,93.168,93.076,93.149,7786650000
AUDJPY,20220418,0600,93.148,93.239,93.109,93.211,6809240000
AUDJPY,20220418,0700,93.210,93.297,93.109,93.296,7733950000
AUDJPY,20220418,0800,93.297,93.347,93.219,93.248,8158690000
AUDJPY,20220418,0900,93.249,93.310,93.227,93.265,6746380000
AUDJPY,20220418,1000,93.266,93.303,93.221,93.303,6440130000
AUDJPY,20220418,1100,93.305,93.319,93.224,93.233,5620240000
AUDJPY,20220418,1200,93.234,93.300,93.180,93.264,11627790000
AUDJPY,20220418,1300,93.264,93.335,93.221,93.268,14686400000
AUDJPY,20220418,1400,93.266,93.319,93.142,93.170,12912700000
AUDJPY,20220418,1500,93.170,93.303,93.167,93.211,10045330000
AUDJPY,20220418,1600,93.211,93.343,93.211,93.334,8105890000
AUDJPY,20220418,1700,93.333,93.396,93.255,93.375,6548620000
AUDJPY,20220418,1800,93.376,93.390,93.291,93.316,7362990000
AUDJPY,20220418,1900,93.318,93.322,93.210,93.277,6174090000
AUDJPY,20220418,2000,93.278,93.373,93.270,93.288,2994270000
AUDJPY,20220418,2100,93.270,93.439,93.253,93.426,1042050000
AUDJPY,20220418,2200,93.428,93.532,93.386,93.532,3909310000
AUDJPY,20220418,2300,93.533,93.550,93.456,93.538,5523750000
AUDJPY,20220419,0000,93.538,93.710,93.438,93.630,15616010000
AUDJPY,20220419,0100,93.630,93.834,93.592,93.824,17105930000
AUDJPY,20220419,0200,93.827,94.000,93.792,93.993,14663400000
AUDJPY,20220419,0300,93.993,94.265,93.955,94.222,15783970000
AUDJPY,20220419,0400,94.221,94.513,94.183,94.484,14572920000
AUDJPY,20220419,0500,94.483,94.591,94.384,94.472,14008800000
AUDJPY,20220419,0600,94.470,94.671,94.439,94.616,16561390000
AUDJPY,20220419,0700,94.615,94.701,94.277,94.581,26239580000
AUDJPY,20220419,0800,94.583,94.952,94.565,94.809,18659290000
AUDJPY,20220419,0900,94.810,94.819,94.576,94.629,15643700000
AUDJPY,20220419,1000,94.628,94.663,94.457,94.537,12317469999
AUDJPY,20220419,1100,94.537,94.557,94.295,94.405,11573170000
AUDJPY,20220419,1200,94.405,94.553,94.354,94.543,18058760001
AUDJPY,20220419,1300,94.544,94.979,94.537,94.974,23589720000
AUDJPY,20220419,1400,94.974,95.014,94.836,94.960,22233960000
AUDJPY,20220419,1500,94.961,95.007,94.635,94.756,17903380000
AUDJPY,20220419,1600,94.756,94.992,94.732,94.983,9284170000
AUDJPY,20220419,1700,94.984,95.017,94.946,95.002,7226420000
AUDJPY,20220419,1800,95.002,95.004,94.861,94.931,9168140000
AUDJPY,20220419,1900,94.931,95.135,94.922,95.108,9276890000
AUDJPY,20220419,2000,95.107,95.119,95.034,95.046,4382700000
AUDJPY,20220419,2100,95.047,95.155,95.017,95.099,1207500000
AUDJPY,20220419,2200,95.099,95.658,95.087,95.523,11684610000
AUDJPY,20220419,2300,95.523,95.648,95.350,95.616,10334620000
AUDJPY,20220420,0000,95.617,95.741,95.463,95.637,19527520000
AUDJPY,20220420,0100,95.637,95.707,95.178,95.532,30069530000
AUDJPY,20220420,0200,95.533,95.612,95.240,95.421,23951220000
AUDJPY,20220420,0300,95.421,95.421,94.909,95.141,26730750000
AUDJPY,20220420,0400,95.143,95.466,95.122,95.440,17753860000
AUDJPY,20220420,0500,95.441,95.602,95.368,95.557,16346370000
AUDJPY,20220420,0600,95.555,95.577,95.313,95.429,15606660000
AUDJPY,20220420,0700,95.429,95.503,95.255,95.415,23395559999
AUDJPY,20220420,0800,95.414,95.519,95.322,95.438,15273530000
AUDJPY,20220420,0900,95.438,95.486,95.042,95.217,17992990000
AUDJPY,20220420,1000,95.217,95.238,94.991,95.065,17721230000
AUDJPY,20220420,1100,95.066,95.170,94.927,95.029,13204650000
AUDJPY,20220420,1200,95.026,95.204,94.963,95.057,15837320000
AUDJPY,20220420,1300,95.057,95.164,94.975,94.983,20571410001
AUDJPY,20220420,1400,94.983,95.247,94.752,95.189,22760660000
AUDJPY,20220420,1500,95.190,95.295,95.110,95.202,13618930000
AUDJPY,20220420,1600,95.202,95.258,95.079,95.215,8651680000
AUDJPY,20220420,1700,95.218,95.258,95.088,95.178,11492230000
AUDJPY,20220420,1800,95.179,95.205,95.050,95.066,9155120000
AUDJPY,20220420,1900,95.066,95.194,95.065,95.140,8124350000
AUDJPY,20220420,2000,95.143,95.283,95.138,95.230,5308050000
AUDJPY,20220420,2100,95.250,95.359,95.189,95.349,2962560000
AUDJPY,20220420,2200,95.349,95.499,95.199,95.239,8625900000
AUDJPY,20220420,2300,95.241,95.401,95.182,95.265,7294570000
AUDJPY,20220421,0000,95.267,95.519,95.197,95.244,19951390000
AUDJPY,20220421,0100,95.246,95.557,95.222,95.430,18148010000
AUDJPY,20220421,0200,95.429,95.584,95.379,95.575,11973390000
AUDJPY,20220421,0300,95.574,95.579,95.262,95.291,13207910000
AUDJPY,20220421,0400,95.291,95.483,95.250,95.442,9165550000
AUDJPY,20220421,0500,95.442,95.495,95.311,95.395,13864560000
AUDJPY,20220421,0600,95.395,95.436,95.165,95.297,20536810000
AUDJPY,20220421,0700,95.300,95.481,95.117,95.460,21921059999
AUDJPY,20220421,0800,95.459,95.529,95.339,95.384,15517990000
AUDJPY,20220421,0900,95.384,95.453,95.280,95.309,9168800000
AUDJPY,20220421,1000,95.308,95.348,95.144,95.336,9946200000
AUDJPY,20220421,1100,95.336,95.346,95.200,95.227,13844760000
AUDJPY,20220421,1200,95.226,95.338,95.194,95.210,14105960000
AUDJPY,20220421,1300,95.211,95.391,95.190,95.275,18743840000
AUDJPY,20220421,1400,95.274,95.319,95.047,95.065,15371980000
AUDJPY,20220421,1500,95.067,95.073,94.788,94.853,15295890000
AUDJPY,20220421,1600,94.853,94.891,94.712,94.765,8729160000
AUDJPY,20220421,1700,94.764,94.768,94.424,94.455,17168510000
AUDJPY,20220421,1800,94.458,94.580,94.404,94.521,11694910000
AUDJPY,20220421,1900,94.518,94.636,94.467,94.595,12001180000
AUDJPY,20220421,2000,94.596,94.631,94.544,94.598,5133060000
AUDJPY,20220421,2100,94.598,94.687,94.576,94.664,1578600000
AUDJPY,20220421,2200,94.664,94.732,94.568,94.592,6422880000
AUDJPY,20220421,2300,94.590,94.639,94.464,94.528,9115720000
AUDJPY,20220422,0000,94.529,94.698,94.519,94.637,19253360000
AUDJPY,20220422,0100,94.636,94.706,94.554,94.670,17655950000
AUDJPY,20220422,0200,94.670,94.675,94.509,94.620,12431560000
AUDJPY,20220422,0300,94.619,94.627,94.202,94.364,16329910000
AUDJPY,20220422,0400,94.364,94.399,94.063,94.111,15135900000
AUDJPY,20220422,0500,94.109,94.109,93.810,93.833,19285590000
AUDJPY,20220422,0600,93.833,93.950,93.520,93.521,23860860000
AUDJPY,20220422,0700,93.519,93.695,93.503,93.667,21315840000
AUDJPY,20220422,0800,93.665,93.796,93.613,93.670,18708100000
AUDJPY,20220422,0900,93.670,93.924,93.663,93.788,14216570000
AUDJPY,20220422,1000,93.789,93.865,93.651,93.835,13425320000
AUDJPY,20220422,1100,93.835,93.879,93.695,93.701,9758990000
AUDJPY,20220422,1200,93.701,93.851,93.677,93.800,13154700000
AUDJPY,20220422,1300,93.799,93.803,93.325,93.406,20224250000
AUDJPY,20220422,1400,93.407,93.411,93.041,93.133,24724890000
AUDJPY,20220422,1500,93.129,93.604,93.110,93.443,27904430000
AUDJPY,20220422,1600,93.443,93.532,93.324,93.328,11522960000
AUDJPY,20220422,1700,93.330,93.364,92.989,93.066,10301950000
AUDJPY,20220422,1800,93.064,93.179,93.010,93.054,9360480000
AUDJPY,20220422,1900,93.057,93.191,93.034,93.052,10539700000
AUDJPY,20220422,2000,93.054,93.121,93.006,93.008,4911830000
AUDJPY,20220424,2100,93.044,93.181,92.978,93.181,357650000
AUDJPY,20220424,2200,93.169,93.293,93.069,93.226,6337490000
AUDJPY,20220424,2300,93.231,93.247,93.006,93.006,7197330000
AUDJPY,20220425,0000,93.006,93.047,92.818,92.873,20049340000
AUDJPY,20220425,0100,92.873,92.887,92.211,92.412,24954470000
AUDJPY,20220425,0200,92.410,92.441,92.118,92.185,20827940001
AUDJPY,20220425,0300,92.185,92.379,92.185,92.234,10798950000
AUDJPY,20220425,0400,92.233,92.277,92.050,92.100,11881520000
AUDJPY,20220425,0500,92.100,92.243,91.970,92.027,13184380000
AUDJPY,20220425,0600,92.027,92.144,91.568,91.592,26478670000
AUDJPY,20220425,0700,91.592,92.078,91.588,92.054,25477190000
AUDJPY,20220425,0800,92.050,92.415,91.824,91.886,21805990000
AUDJPY,20220425,0900,91.885,91.949,91.618,91.778,14770560000
AUDJPY,20220425,1000,91.778,91.872,91.505,91.654,15073490000
AUDJPY,20220425,1100,91.654,92.172,91.614,92.040,23633940001
AUDJPY,20220425,1200,92.038,92.057,91.744,91.844,24743460000
AUDJPY,20220425,1300,91.845,91.877,91.162,91.196,25212690000
AUDJPY,20220425,1400,91.195,91.583,91.111,91.351,26808430000
AUDJPY,20220425,1500,91.350,91.476,91.172,91.252,25503640000
AUDJPY,20220425,1600,91.253,91.608,91.219,91.482,19156680000
AUDJPY,20220425,1700,91.479,91.687,91.430,91.602,14351330000
AUDJPY,20220425,1800,91.602,91.814,91.519,91.746,14957190000
AUDJPY,20220425,1900,91.748,91.952,91.642,91.855,15370530000
AUDJPY,20220425,2000,91.855,92.010,91.835,91.945,3508450000
AUDJPY,20220425,2100,91.929,92.096,91.915,92.035,6972920000
AUDJPY,20220425,2200,92.035,92.096,91.806,91.923,7492030000
AUDJPY,20220425,2300,91.922,91.947,91.694,91.699,8221600000
AUDJPY,20220426,0000,91.703,91.757,91.436,91.714,23897630000
AUDJPY,20220426,0100,91.714,91.766,91.525,91.652,23472849999
AUDJPY,20220426,0200,91.652,92.135,91.549,92.128,17094740000
AUDJPY,20220426,0300,92.127,92.455,92.091,92.381,21523250000
AUDJPY,20220426,0400,92.381,92.577,92.361,92.544,11108070000
AUDJPY,20220426,0500,92.544,92.584,92.317,92.382,14476000000
AUDJPY,20220426,0600,92.382,92.414,91.996,92.023,20958590000
AUDJPY,20220426,0700,92.024,92.107,91.714,91.874,26352880001
AUDJPY,20220426,0800,91.874,92.149,91.857,92.079,18719420000
AUDJPY,20220426,0900,92.081,92.209,91.976,92.180,14249880000
AUDJPY,20220426,1000,92.181,92.216,92.026,92.094,14720460000
AUDJPY,20220426,1100,92.096,92.103,91.779,91.848,15581780000
AUDJPY,20220426,1200,91.848,91.897,91.419,91.443,21722310000
AUDJPY,20220426,1300,91.444,91.520,91.200,91.266,26520550000
AUDJPY,20220426,1400,91.271,91.332,90.947,90.975,25047190000
AUDJPY,20220426,1500,90.976,91.253,90.901,90.979,16894100000
AUDJPY,20220426,1600,90.979,91.304,90.979,91.276,11642890000
AUDJPY,20220426,1700,91.279,91.283,91.065,91.201,8959450000
AUDJPY,20220426,1800,91.201,91.300,91.148,91.154,11622420000
AUDJPY,20220426,1900,91.154,91.175,90.941,90.949,11471450000
AUDJPY,20220426,2000,90.949,91.009,90.578,90.579,10823910000
AUDJPY,20220426,2100,90.572,90.642,90.539,90.560,1429330000
AUDJPY,20220426,2200,90.551,90.709,90.439,90.630,9335200000
AUDJPY,20220426,2300,90.630,90.935,90.630,90.887,8796830000
AUDJPY,20220427,0000,90.887,91.071,90.791,90.982,20155920000
AUDJPY,20220427,0100,90.982,91.466,90.954,91.272,21144640000
AUDJPY,20220427,0200,91.270,91.517,91.008,91.517,17533660000
AUDJPY,20220427,0300,91.517,91.646,91.388,91.485,15817920001
AUDJPY,20220427,0400,91.486,91.701,91.414,91.691,11214090000
AUDJPY,20220427,0500,91.691,91.751,91.587,91.682,12224830000
AUDJPY,20220427,0600,91.680,91.982,91.640,91.725,20099010000
AUDJPY,20220427,0700,91.725,91.759,91.180,91.654,25133910000
AUDJPY,20220427,0800,91.656,91.662,91.307,91.477,18459030000
AUDJPY,20220427,0900,91.476,91.577,91.394,91.484,14800570000
AUDJPY,20220427,1000,91.484,91.548,91.351,91.548,13164450000
AUDJPY,20220427,1100,91.548,91.581,91.382,91.397,16777530000
AUDJPY,20220427,1200,91.397,91.447,91.162,91.240,18123220000
AUDJPY,20220427,1300,91.239,91.596,91.168,91.436,20637400000
AUDJPY,20220427,1400,91.436,91.495,91.021,91.168,24708690000
AUDJPY,20220427,1500,91.171,91.579,91.148,91.502,20336190000
AUDJPY,20220427,1600,91.504,91.777,91.454,91.609,11911830000
AUDJPY,20220427,1700,91.609,91.682,91.508,91.609,15830040000
AUDJPY,20220427,1800,91.608,91.608,91.370,91.380,13836720000
AUDJPY,20220427,1900,91.377,91.404,91.312,91.379,15024030000
AUDJPY,20220427,2000,91.380,91.534,91.378,91.480,4150150000
AUDJPY,20220427,2100,91.450,91.578,91.445,91.534,2830490000
AUDJPY,20220427,2200,91.534,91.592,91.386,91.569,4882560000
AUDJPY,20220427,2300,91.572,91.582,91.465,91.473,5684560000
AUDJPY,20220428,0000,91.474,91.703,91.332,91.689,15920010000
AUDJPY,20220428,0100,91.688,91.794,91.466,91.672,18890660000
AUDJPY,20220428,0200,91.673,91.710,91.491,91.615,10778010000
AUDJPY,20220428,0300,91.616,92.241,91.585,92.003,27658410000
AUDJPY,20220428,0400,92.004,92.225,91.899,92.157,17255470000
AUDJPY,20220428,0500,92.156,92.328,91.883,92.245,22174150000
AUDJPY,20220428,0600,92.244,92.971,92.210,92.899,22785760000
AUDJPY,20220428,0700,92.900,93.485,92.707,93.411,31824670000
AUDJPY,20220428,0800,93.414,93.522,93.260,93.407,21488690000
AUDJPY,20220428,0900,93.408,93.505,92.785,92.893,22583290000
AUDJPY,20220428,1000,92.895,92.937,92.353,92.465,18613830000
AUDJPY,20220428,1100,92.465,92.821,92.452,92.721,14570710000
AUDJPY,20220428,1200,92.720,92.754,92.366,92.561,23417950000
AUDJPY,20220428,1300,92.558,92.716,92.433,92.704,20415550000
AUDJPY,20220428,1400,92.704,92.784,92.521,92.707,26749070000
AUDJPY,20220428,1500,92.706,92.877,92.581,92.666,20956740000
AUDJPY,20220428,1600,92.665,93.031,92.551,93.007,12743230000
AUDJPY,20220428,1700,93.008,93.177,93.000,93.059,13998260000
AUDJPY,20220428,1800,93.061,93.072,92.825,92.865,9183920000
AUDJPY,20220428,1900,92.862,93.001,92.827,92.962,16079720000
AUDJPY,20220428,2000,92.962,92.983,92.824,92.824,9430130000
AUDJPY,20220428,2100,92.810,92.928,92.728,92.915,1755750000
AUDJPY,20220428,2200,92.912,92.967,92.855,92.966,3548700000
AUDJPY,20220428,2300,92.970,92.986,92.868,92.979,4884560000
AUDJPY,20220429,0000,92.982,93.265,92.941,93.034,13078850000
AUDJPY,20220429,0100,93.034,93.173,92.999,93.118,15054560000
AUDJPY,20220429,0200,93.116,93.195,92.941,93.047,11959580000
AUDJPY,20220429,0300,93.049,93.208,93.013,93.126,10761900000
AUDJPY,20220429,0400,93.126,93.277,93.094,93.265,7619500000
AUDJPY,20220429,0500,93.263,93.467,93.185,93.196,14703120000
AUDJPY,20220429,0600,93.194,93.307,93.026,93.032,19023850000
AUDJPY,20220429,0700,93.033,93.169,92.915,93.094,23804730001
AUDJPY,20220429,0800,93.095,93.130,92.849,92.975,20459010000
AUDJPY,20220429,0900,92.976,93.413,92.974,93.310,18375570000
AUDJPY,20220429,1000,93.311,93.404,93.174,93.271,16814600000
AUDJPY,20220429,1100,93.271,93.285,93.098,93.152,19521400000
AUDJPY,20220429,1200,93.149,93.309,93.140,93.246,23946830000
AUDJPY,20220429,1300,93.248,93.300,93.067,93.115,25891180000
AUDJPY,20220429,1400,93.115,93.207,91.948,92.226,28790550000
AUDJPY,20220429,1500,92.226,92.288,91.873,92.195,21405650000
AUDJPY,20220429,1600,92.194,92.206,91.796,91.862,11492210000
AUDJPY,20220429,1700,91.862,92.029,91.767,91.923,11120680000
AUDJPY,20220429,1800,91.923,91.928,91.624,91.666,11238670000
AUDJPY,20220429,1900,91.666,91.759,91.588,91.671,17264480000
AUDJPY,20220429,2000,91.671,91.754,91.612,91.612,5252590000
AUDJPY,20220501,2100,91.736,91.817,91.648,91.778,639460000
AUDJPY,20220501,2200,91.777,92.142,91.747,92.004,10757490000
AUDJPY,20220501,2300,92.008,92.034,91.787,91.820,10496990000
AUDJPY,20220502,0000,91.819,91.956,91.677,91.850,20336080000
AUDJPY,20220502,0100,91.850,91.962,91.645,91.707,13831210000
AUDJPY,20220502,0200,91.705,91.709,91.524,91.671,12991090000
AUDJPY,20220502,0300,91.671,91.878,91.671,91.872,13507740000
AUDJPY,20220502,0400,91.871,91.888,91.719,91.767,9810400000
AUDJPY,20220502,0500,91.765,91.886,91.692,91.847,12996780000
AUDJPY,20220502,0600,91.846,92.027,91.838,91.988,18013290000
AUDJPY,20220502,0700,91.986,91.988,91.625,91.689,16736170000
AUDJPY,20220502,0800,91.687,91.850,91.583,91.784,20249600000
AUDJPY,20220502,0900,91.784,91.961,91.753,91.858,15988150000
AUDJPY,20220502,1000,91.856,91.984,91.836,91.886,9649780000
AUDJPY,20220502,1100,91.887,91.938,91.761,91.786,10107030000
AUDJPY,20220502,1200,91.786,91.822,91.563,91.684,15495060000
AUDJPY,20220502,1300,91.684,91.935,91.610,91.878,20675680000
AUDJPY,20220502,1400,91.876,91.955,91.660,91.794,23866740000
AUDJPY,20220502,1500,91.793,91.902,91.628,91.899,14861490000
AUDJPY,20220502,1600,91.898,91.965,91.613,91.642,10380920000
AUDJPY,20220502,1700,91.642,91.753,91.551,91.627,10309630000
AUDJPY,20220502,1800,91.624,91.675,91.497,91.566,10016380000
AUDJPY,20220502,1900,91.567,91.838,91.560,91.835,13495150000
AUDJPY,20220502,2000,91.832,91.834,91.714,91.728,3606340000
AUDJPY,20220502,2100,91.728,91.823,91.664,91.818,1421150000
AUDJPY,20220502,2200,91.818,91.831,91.697,91.755,3587740000
AUDJPY,20220502,2300,91.755,91.825,91.702,91.739,3741520000
AUDJPY,20220503,0000,91.739,92.184,91.738,92.142,12981370000
AUDJPY,20220503,0100,92.142,92.209,91.986,92.154,10443940000
AUDJPY,20220503,0200,92.155,92.328,92.117,92.263,8908020000
AUDJPY,20220503,0300,92.264,92.265,92.114,92.181,6939960000
AUDJPY,20220503,0400,92.181,92.937,92.090,92.400,15054020000
AUDJPY,20220503,0500,92.401,92.644,92.196,92.554,15024330001
AUDJPY,20220503,0600,92.554,92.741,92.376,92.473,15959180000
AUDJPY,20220503,0700,92.474,92.632,92.274,92.598,20981350000
AUDJPY,20220503,0800,92.599,92.675,92.199,92.372,13649490000
AUDJPY,20220503,0900,92.371,92.445,92.240,92.415,13111350000
AUDJPY,20220503,1000,92.416,92.432,92.081,92.130,11102360000
AUDJPY,20220503,1100,92.130,92.497,92.129,92.455,11682710000
AUDJPY,20220503,1200,92.453,92.570,92.328,92.432,17331540000
AUDJPY,20220503,1300,92.434,92.450,92.216,92.307,20066790000
AUDJPY,20220503,1400,92.307,92.522,92.191,92.220,18314620000
AUDJPY,20220503,1500,92.217,92.367,92.179,92.354,11671890000
AUDJPY,20220503,1600,92.354,92.379,92.240,92.301,10255100000
AUDJPY,20220503,1700,92.302,92.422,92.291,92.339,7741920000
AUDJPY,20220503,1800,92.340,92.393,92.169,92.360,9445930000
AUDJPY,20220503,1900,92.362,92.368,92.225,92.341,10121420000
AUDJPY,20220503,2000,92.341,92.377,92.317,92.332,3580760000
AUDJPY,20220503,2100,92.327,92.357,92.259,92.336,616590000
AUDJPY,20220503,2200,92.336,92.423,92.297,92.414,3939070000
AUDJPY,20220503,2300,92.414,92.455,92.365,92.397,3323660000
AUDJPY,20220504,0000,92.397,92.463,92.261,92.398,7676570000
AUDJPY,20220504,0100,92.398,92.569,92.320,92.468,8662620000
AUDJPY,20220504,0200,92.469,92.599,92.445,92.551,6968540000
AUDJPY,20220504,0300,92.550,92.620,92.486,92.547,5919740000
AUDJPY,20220504,0400,92.546,92.590,92.486,92.496,5184700000
AUDJPY,20220504,0500,92.495,92.546,92.385,92.521,7038590000
AUDJPY,20220504,0600,92.521,92.705,92.465,92.596,10794690000
AUDJPY,20220504,0700,92.596,92.613,92.380,92.481,15329590000
AUDJPY,20220504,0800,92.480,92.606,92.444,92.582,9923280000
AUDJPY,20220504,0900,92.581,92.601,92.507,92.556,8410410000
AUDJPY,20220504,1000,92.555,92.734,92.540,92.648,7963420000
AUDJPY,20220504,1100,92.648,92.723,92.607,92.715,7979280000
AUDJPY,20220504,1200,92.714,92.792,92.569,92.781,12037210000
AUDJPY,20220504,1300,92.783,92.855,92.718,92.735,16683870000
AUDJPY,20220504,1400,92.740,92.785,92.565,92.739,15041120000
AUDJPY,20220504,1500,92.743,92.910,92.701,92.871,12956450000
AUDJPY,20220504,1600,92.872,92.978,92.842,92.965,8146510000
AUDJPY,20220504,1700,92.965,93.044,92.903,92.922,8356230000
AUDJPY,20220504,1800,92.922,93.666,92.891,93.120,46343940000
AUDJPY,20220504,1900,93.123,93.829,93.026,93.713,34529610000
AUDJPY,20220504,2000,93.713,93.825,93.624,93.670,10445930000
AUDJPY,20220504,2100,93.664,93.736,93.633,93.714,1935970000
AUDJPY,20220504,2200,93.714,94.024,93.655,93.786,8766420000
AUDJPY,20220504,2300,93.785,93.815,93.624,93.711,8014260000
AUDJPY,20220505,0000,93.712,93.748,93.458,93.465,15686660000
AUDJPY,20220505,0100,93.466,93.568,93.332,93.422,19502070000
AUDJPY,20220505,0200,93.422,93.599,93.403,93.459,13420329999
AUDJPY,20220505,0300,93.460,93.622,93.460,93.514,11483620000
AUDJPY,20220505,0400,93.514,93.589,93.467,93.516,11008130000
AUDJPY,20220505,0500,93.516,93.658,93.495,93.654,12072230000
AUDJPY,20220505,0600,93.654,93.785,93.506,93.527,19384000000
AUDJPY,20220505,0700,93.526,93.714,93.430,93.714,22560040000
AUDJPY,20220505,0800,93.716,93.716,93.474,93.614,17887640000
AUDJPY,20220505,0900,93.614,93.679,93.527,93.576,12353740000
AUDJPY,20220505,1000,93.577,93.654,93.504,93.590,12797860000
AUDJPY,20220505,1100,93.587,93.649,93.435,93.492,24580470000
AUDJPY,20220505,1200,93.492,93.538,93.169,93.331,20920990000
AUDJPY,20220505,1300,93.330,93.461,93.196,93.297,27425440000
AUDJPY,20220505,1400,93.297,93.302,92.672,92.952,28098490000
AUDJPY,20220505,1500,92.949,92.949,92.471,92.471,25960330000
AUDJPY,20220505,1600,92.471,92.640,92.341,92.440,18834360000
AUDJPY,20220505,1700,92.440,92.702,92.434,92.498,17358150000
AUDJPY,20220505,1800,92.498,92.560,92.382,92.477,15599360000
AUDJPY,20220505,1900,92.477,92.511,92.295,92.491,21923040000
AUDJPY,20220505,2000,92.490,92.615,92.483,92.547,6585050000
AUDJPY,20220505,2100,92.527,92.618,92.384,92.610,793310000
AUDJPY,20220505,2200,92.610,92.720,92.544,92.685,5470960000
AUDJPY,20220505,2300,92.685,92.819,92.610,92.778,8526500000
AUDJPY,20220506,0000,92.778,92.994,92.653,92.945,16552820000
AUDJPY,20220506,0100,92.945,92.952,92.613,92.801,26580650000
AUDJPY,20220506,0200,92.799,92.915,92.769,92.811,14938340000
AUDJPY,20220506,0300,92.812,92.929,92.723,92.884,10638910000
AUDJPY,20220506,0400,92.882,92.940,92.720,92.829,9544710000
AUDJPY,20220506,0500,92.828,92.856,92.671,92.714,12617840000
AUDJPY,20220506,0600,92.714,92.735,92.275,92.304,17412590000
AUDJPY,20220506,0700,92.304,92.467,92.147,92.333,23256460000
AUDJPY,20220506,0800,92.334,92.819,92.221,92.461,24070850000
AUDJPY,20220506,0900,92.460,92.662,92.362,92.583,15777570000
AUDJPY,20220506,1000,92.583,92.603,92.444,92.481,13905340000
AUDJPY,20220506,1100,92.481,92.555,92.378,92.484,12696040000
AUDJPY,20220506,1200,92.483,92.936,92.433,92.476,26644300000
AUDJPY,20220506,1300,92.476,92.587,91.991,92.131,35667550000
AUDJPY,20220506,1400,92.132,92.689,92.089,92.606,36980130000
AUDJPY,20220506,1500,92.608,92.700,92.426,92.436,25981180000
AUDJPY,20220506,1600,92.433,92.662,92.409,92.631,22924140000
AUDJPY,20220506,1700,92.631,92.667,92.392,92.403,17390040000
AUDJPY,20220506,1800,92.403,92.461,92.329,92.373,20737010000
AUDJPY,20220506,1900,92.377,92.517,92.258,92.458,19510200000
AUDJPY,20220506,2000,92.459,92.461,92.288,92.299,4560970000
AUDJPY,20220508,2100,92.224,92.328,92.144,92.314,861050000
AUDJPY,20220508,2200,92.310,92.335,92.118,92.123,9769020000
AUDJPY,20220508,2300,92.123,92.198,92.077,92.096,9572160000
AUDJPY,20220509,0000,92.096,92.145,91.731,91.765,22014560000
AUDJPY,20220509,0100,91.765,91.924,91.613,91.882,19301690000
AUDJPY,20220509,0200,91.882,91.975,91.725,91.854,13578050000
AUDJPY,20220509,0300,91.854,92.023,91.739,91.836,12264580000
AUDJPY,20220509,0400,91.836,91.859,91.690,91.805,9612980000
AUDJPY,20220509,0500,91.805,91.885,91.677,91.702,13466640000
AUDJPY,20220509,0600,91.703,91.966,91.694,91.954,15596700000
AUDJPY,20220509,0700,91.953,92.070,91.819,91.964,21751220000
AUDJPY,20220509,0800,91.964,91.990,91.696,91.846,16808210000
AUDJPY,20220509,0900,91.845,91.955,91.789,91.843,15143460000
AUDJPY,20220509,1000,91.845,91.898,91.777,91.849,15334640000
AUDJPY,20220509,1100,91.848,91.878,91.557,91.759,15787140000
AUDJPY,20220509,1200,91.758,91.866,91.643,91.778,21385930000
AUDJPY,20220509,1300,91.782,91.805,91.560,91.581,26905430000
AUDJPY,20220509,1400,91.585,91.591,91.050,91.115,25367540000
AUDJPY,20220509,1500,91.114,91.189,90.689,91.131,21651660000
AUDJPY,20220509,1600,91.130,91.441,90.964,91.090,17346540000
AUDJPY,20220509,1700,91.088,91.124,90.700,90.809,13928650000
AUDJPY,20220509,1800,90.808,90.850,90.575,90.660,12972360000
AUDJPY,20220509,1900,90.664,90.792,90.459,90.532,17731620000
AUDJPY,20220509,2000,90.532,90.603,90.477,90.536,5535520000
AUDJPY,20220509,2100,90.516,90.663,90.515,90.560,1769540000
AUDJPY,20220509,2200,90.559,90.737,90.555,90.673,8315180000
AUDJPY,20220509,2300,90.672,90.801,90.618,90.658,8759640000
AUDJPY,20220510,0000,90.658,90.683,89.894,89.998,27230670000
AUDJPY,20220510,0100,89.999,90.338,89.745,90.292,27821480000
AUDJPY,20220510,0200,90.292,90.828,90.292,90.789,21701180000
AUDJPY,20220510,0300,90.790,90.844,90.490,90.779,16025720000
AUDJPY,20220510,0400,90.780,90.951,90.690,90.911,12902340000
AUDJPY,20220510,0500,90.911,91.155,90.838,90.898,17156500000
AUDJPY,20220510,0600,90.901,91.017,90.806,90.863,19207540000
AUDJPY,20220510,0700,90.863,90.924,90.427,90.512,26463910000
AUDJPY,20220510,0800,90.512,90.641,90.431,90.605,17319100000
AUDJPY,20220510,0900,90.606,90.814,90.552,90.588,14610430000
AUDJPY,20220510,1000,90.590,90.684,90.367,90.509,12712020000
AUDJPY,20220510,1100,90.507,90.571,90.263,90.478,13513190000
AUDJPY,20220510,1200,90.477,90.671,90.409,90.516,18888410000
AUDJPY,20220510,1300,90.515,90.798,90.490,90.664,24734490000
AUDJPY,20220510,1400,90.664,90.808,90.264,90.353,29542240000
AUDJPY,20220510,1500,90.353,90.456,90.064,90.174,30441350000
AUDJPY,20220510,1600,90.174,90.325,90.037,90.165,21491280000
AUDJPY,20220510,1700,90.167,90.659,90.092,90.658,21511860000
AUDJPY,20220510,1800,90.661,90.687,90.470,90.493,17381520000
AUDJPY,20220510,1900,90.498,90.662,90.379,90.473,21741380000
AUDJPY,20220510,2000,90.474,90.528,90.432,90.470,4671910000
AUDJPY,20220510,2100,90.464,90.534,90.441,90.485,1164540000
AUDJPY,20220510,2200,90.485,90.510,90.344,90.423,4902170000
AUDJPY,20220510,2300,90.423,90.436,90.336,90.378,4617210000
AUDJPY,20220511,0000,90.377,90.541,90.324,90.483,14835890000
AUDJPY,20220511,0100,90.482,90.698,90.427,90.638,14007930000
AUDJPY,20220511,0200,90.640,90.766,90.526,90.642,10888630000
AUDJPY,20220511,0300,90.642,90.764,90.600,90.754,9179420000
AUDJPY,20220511,0400,90.754,90.782,90.673,90.749,9400000000
AUDJPY,20220511,0500,90.751,90.771,90.631,90.665,11507550000
AUDJPY,20220511,0600,90.667,90.838,90.649,90.788,14057560000
AUDJPY,20220511,0700,90.788,90.804,90.513,90.701,18711800000
AUDJPY,20220511,0800,90.702,91.011,90.656,90.953,15661150000
AUDJPY,20220511,0900,90.954,91.024,90.823,90.979,13463820000
AUDJPY,20220511,1000,90.979,91.004,90.842,90.962,12014110000
AUDJPY,20220511,1100,90.963,91.083,90.917,91.057,12902870000
AUDJPY,20220511,1200,91.057,91.120,90.596,90.643,29763670000
AUDJPY,20220511,1300,90.642,91.765,90.635,91.701,39453080000
AUDJPY,20220511,1400,91.699,91.719,91.051,91.086,32787170000
AUDJPY,20220511,1500,91.089,91.296,90.984,91.055,25874430000
AUDJPY,20220511,1600,91.053,91.073,90.332,90.376,21108880000
AUDJPY,20220511,1700,90.376,90.388,89.777,89.864,20910020000
AUDJPY,20220511,1800,89.863,90.429,89.852,90.149,22774290000
AUDJPY,20220511,1900,90.150,90.281,89.989,90.086,19572710000
AUDJPY,20220511,2000,90.086,90.242,90.067,90.129,4804580000
AUDJPY,20220511,2100,90.029,90.197,90.025,90.188,794560000
AUDJPY,20220511,2200,90.187,90.251,90.031,90.165,5665210000
AUDJPY,20220511,2300,90.165,90.201,89.925,89.934,8774720000
AUDJPY,20220512,0000,89.934,90.097,89.545,90.018,26290910000
AUDJPY,20220512,0100,90.016,90.306,89.914,90.176,20798680000
AUDJPY,20220512,0200,90.175,90.224,89.567,89.803,16411340000
AUDJPY,20220512,0300,89.805,89.907,89.653,89.875,13951320000
AUDJPY,20220512,0400,89.875,89.906,89.404,89.422,13333500000
AUDJPY,20220512,0500,89.423,89.557,89.111,89.178,19935370000
AUDJPY,20220512,0600,89.177,89.390,89.042,89.159,23153410002
AUDJPY,20220512,0700,89.162,89.174,88.497,88.793,34168790000
AUDJPY,20220512,0800,88.793,88.823,88.336,88.340,27841110000
AUDJPY,20220512,0900,88.338,88.538,88.217,88.459,21619030000
AUDJPY,20220512,1000,88.462,88.666,88.381,88.519,16512630000
AUDJPY,20220512,1100,88.523,88.580,88.041,88.116,21353850000
AUDJPY,20220512,1200,88.114,88.390,87.959,88.054,24701450000
AUDJPY,20220512,1300,88.053,88.207,87.307,87.735,30439140000
AUDJPY,20220512,1400,87.733,88.205,87.440,88.086,34241580000
AUDJPY,20220512,1500,88.087,88.358,87.720,87.751,25120290000
AUDJPY,20220512,1600,87.751,88.299,87.689,88.073,22096150000
AUDJPY,20220512,1700,88.103,88.110,87.664,87.789,18291610000
AUDJPY,20220512,1800,87.788,87.895,87.475,87.481,17360220000
AUDJPY,20220512,1900,87.481,88.088,87.481,88.078,22761930000
AUDJPY,20220512,2000,88.083,88.084,87.911,87.911,4894790000
AUDJPY,20220512,2100,87.904,88.033,87.896,88.019,1671700000
AUDJPY,20220512,2200,88.018,88.245,87.997,88.144,6041820000
AUDJPY,20220512,2300,88.146,88.389,88.124,88.329,7503970000
AUDJPY,20220513,0000,88.329,88.667,88.174,88.584,17718630000
AUDJPY,20220513,0100,88.583,89.094,88.546,88.622,20175700000
AUDJPY,20220513,0200,88.622,88.907,88.597,88.636,13595460000
AUDJPY,20220513,0300,88.635,89.001,88.576,88.839,14445050000
AUDJPY,20220513,0400,88.836,88.864,88.651,88.794,9890830000
AUDJPY,20220513,0500,88.794,88.925,88.750,88.891,10869260000
AUDJPY,20220513,0600,88.888,88.902,88.456,88.579,21112800000
AUDJPY,20220513,0700,88.580,89.006,88.370,88.850,26223990000
AUDJPY,20220513,0800,88.849,88.963,88.626,88.723,16092920000
AUDJPY,20220513,0900,88.722,88.771,88.451,88.507,15467920000
AUDJPY,20220513,1000,88.506,88.860,88.501,88.825,11478180000
AUDJPY,20220513,1100,88.825,88.972,88.780,88.955,11224240000
AUDJPY,20220513,1200,88.957,88.990,88.716,88.844,15411250000
AUDJPY,20220513,1300,88.845,89.156,88.747,89.091,22469560000
AUDJPY,20220513,1400,89.090,89.603,88.990,89.389,24094850000
AUDJPY,20220513,1500,89.391,89.510,89.315,89.415,14012670000
AUDJPY,20220513,1600,89.417,89.676,89.382,89.579,8871380000
AUDJPY,20220513,1700,89.580,89.689,89.393,89.434,10918430000
AUDJPY,20220513,1800,89.433,89.561,89.244,89.537,11457530000
AUDJPY,20220513,1900,89.537,89.627,89.491,89.604,10030320000
AUDJPY,20220513,2000,89.606,89.718,89.574,89.621,3888900000
AUDJPY,20220515,2100,89.427,89.662,89.390,89.653,456210000
AUDJPY,20220515,2200,89.652,89.886,89.651,89.845,8391380000
AUDJPY,20220515,2300,89.845,90.000,89.736,89.904,6536990000
AUDJPY,20220516,0000,89.904,90.057,89.803,89.961,11257110000
AUDJPY,20220516,0100,89.961,90.121,89.340,89.411,16997780000
AUDJPY,20220516,0200,89.411,89.411,88.686,89.009,18531550000
AUDJPY,20220516,0300,89.009,89.059,88.461,88.698,12792780000
AUDJPY,20220516,0400,88.698,88.927,88.689,88.879,6701120000
AUDJPY,20220516,0500,88.881,89.017,88.717,88.859,9175510000
AUDJPY,20220516,0600,88.857,88.940,88.730,88.765,13512520000
AUDJPY,20220516,0700,88.765,89.355,88.749,89.238,18740860000
AUDJPY,20220516,0800,89.238,89.535,89.214,89.488,14193360000
AUDJPY,20220516,0900,89.488,89.543,89.222,89.224,10480160000
AUDJPY,20220516,1000,89.225,89.545,89.225,89.501,9552160000
AUDJPY,20220516,1100,89.500,89.644,89.474,89.624,9713060000
AUDJPY,20220516,1200,89.624,89.744,89.513,89.623,14959430000
AUDJPY,20220516,1300,89.622,89.695,89.310,89.439,20868910000
AUDJPY,20220516,1400,89.437,89.738,89.327,89.510,23350190000
AUDJPY,20220516,1500,89.507,89.668,89.301,89.668,15676630000
AUDJPY,20220516,1600,89.669,89.705,89.520,89.599,12453580000
AUDJPY,20220516,1700,89.598,89.923,89.589,89.913,10292070000
AUDJPY,20220516,1800,89.913,90.175,89.863,90.078,10928510000
AUDJPY,20220516,1900,90.078,90.134,89.891,90.007,11814060000
AUDJPY,20220516,2000,90.008,90.012,89.906,89.966,2839760000
AUDJPY,20220516,2100,89.978,89.998,89.938,89.971,408330000
AUDJPY,20220516,2200,89.977,90.003,89.889,89.979,5392250000
AUDJPY,20220516,2300,89.987,90.034,89.789,89.913,5091110000
AUDJPY,20220517,0000,89.912,90.308,89.877,90.164,14279160000
AUDJPY,20220517,0100,90.163,90.630,90.058,90.617,16171140000
AUDJPY,20220517,0200,90.618,90.698,90.324,90.407,11534540000
AUDJPY,20220517,0300,90.409,90.654,90.335,90.474,9908580000
AUDJPY,20220517,0400,90.478,90.650,90.454,90.619,7892790000
AUDJPY,20220517,0500,90.619,90.703,90.497,90.627,8825690000
AUDJPY,20220517,0600,90.627,90.790,90.468,90.687,13843670000
AUDJPY,20220517,0700,90.687,90.779,90.625,90.705,18107790000
AUDJPY,20220517,0800,90.704,91.066,90.704,91.002,14108090000
AUDJPY,20220517,0900,91.001,91.028,90.856,90.925,11217430000
AUDJPY,20220517,1000,90.926,91.051,90.884,91.012,12170590000
AUDJPY,20220517,1100,91.012,91.033,90.894,90.924,12570440000
AUDJPY,20220517,1200,90.924,91.166,90.799,91.153,15914090000
AUDJPY,20220517,1300,91.152,91.166,90.892,90.986,17295620000
AUDJPY,20220517,1400,90.986,91.067,90.347,90.553,19883030000
AUDJPY,20220517,1500,90.552,90.794,90.511,90.679,11287560000
AUDJPY,20220517,1600,90.682,90.797,90.545,90.765,9778110000
AUDJPY,20220517,1700,90.765,90.860,90.748,90.758,7096200000
AUDJPY,20220517,1800,90.759,90.860,90.416,90.757,28337060000
AUDJPY,20220517,1900,90.758,90.882,90.724,90.835,12284920000
AUDJPY,20220517,2000,90.835,90.938,90.799,90.903,3441710000
AUDJPY,20220517,2100,90.903,90.943,90.862,90.926,14474150000
AUDJPY,20220517,2200,90.927,91.046,90.916,90.989,3861910000
AUDJPY,20220517,2300,90.991,91.091,90.958,90.985,3116500000
AUDJPY,20220518,0000,90.983,91.168,90.888,90.917,11783100000
AUDJPY,20220518,0100,90.917,91.019,90.452,90.667,15221780000
AUDJPY,20220518,0200,90.672,90.679,90.511,90.610,10274260000
AUDJPY,20220518,0300,90.610,90.624,90.296,90.416,10333280000
AUDJPY,20220518,0400,90.416,90.481,90.207,90.437,8569330000
AUDJPY,20220518,0500,90.439,90.868,90.439,90.837,10195500000
AUDJPY,20220518,0600,90.837,90.856,90.576,90.637,14926820000
AUDJPY,20220518,0700,90.639,90.721,90.469,90.649,16050520000
AUDJPY,20220518,0800,90.650,90.753,90.376,90.525,11925740000
AUDJPY,20220518,0900,90.525,90.721,90.507,90.719,8610200000
AUDJPY,20220518,1000,90.721,90.751,90.626,90.633,7782340000
AUDJPY,20220518,1100,90.634,90.678,90.534,90.559,9232850000
AUDJPY,20220518,1200,90.559,90.693,90.437,90.455,12772870000
AUDJPY,20220518,1300,90.455,90.492,89.969,89.985,19344050000
AUDJPY,20220518,1400,89.988,90.129,89.779,90.078,19610070000
AUDJPY,20220518,1500,90.078,90.082,89.569,89.701,16354560000
AUDJPY,20220518,1600,89.702,89.876,89.617,89.860,13053280000
AUDJPY,20220518,1700,89.859,89.859,89.253,89.312,12190490000
AUDJPY,20220518,1800,89.312,89.528,89.218,89.223,12698260000
AUDJPY,20220518,1900,89.223,89.384,89.156,89.275,12567180000
AUDJPY,20220518,2000,89.274,89.294,89.087,89.152,4627960000
AUDJPY,20220518,2100,89.142,89.277,89.090,89.264,11172250000
AUDJPY,20220518,2200,89.261,89.611,89.261,89.467,8321440000
AUDJPY,20220518,2300,89.467,89.541,88.992,89.012,10196000000
AUDJPY,20220519,0000,89.013,89.577,89.004,89.404,19343770000
AUDJPY,20220519,0100,89.404,89.645,89.301,89.454,16801400000
AUDJPY,20220519,0200,89.454,90.066,89.447,90.015,12227380000
AUDJPY,20220519,0300,90.015,90.367,90.014,90.273,15510710000
AUDJPY,20220519,0400,90.273,90.529,90.254,90.318,11089670000
AUDJPY,20220519,0500,90.318,90.401,89.943,89.976,14043230000
AUDJPY,20220519,0600,89.975,90.032,89.594,89.732,16577890000
AUDJPY,20220519,0700,89.733,89.736,89.199,89.660,24033060000
AUDJPY,20220519,0800,89.660,89.662,89.189,89.278,21306850000
AUDJPY,20220519,0900,89.278,89.408,89.185,89.244,16478240000
AUDJPY,20220519,1000,89.246,89.563,89.227,89.514,14468700000
AUDJPY,20220519,1100,89.511,89.581,89.286,89.548,15073710000
AUDJPY,20220519,1200,89.548,89.600,89.072,89.187,19839860000
AUDJPY,20220519,1300,89.185,89.773,89.153,89.620,29107650000
AUDJPY,20220519,1400,89.618,90.017,89.500,89.821,34976270000
AUDJPY,20220519,1500,89.819,90.256,89.765,90.058,23998730000
AUDJPY,20220519,1600,90.059,90.244,89.889,90.078,17989550000
AUDJPY,20220519,1700,90.079,90.277,89.903,90.242,20141230000
AUDJPY,20220519,1800,90.241,90.292,90.037,90.204,20422050000
AUDJPY,20220519,1900,90.205,90.272,89.990,90.111,16379810000
AUDJPY,20220519,2000,90.112,90.117,90.022,90.051,4713670000
AUDJPY,20220519,2100,90.042,90.128,90.022,90.055,730000000
AUDJPY,20220519,2200,90.055,90.091,89.946,90.001,4129930000
AUDJPY,20220519,2300,89.999,90.168,89.956,90.026,7167850000
AUDJPY,20220520,0000,90.029,90.090,89.657,89.784,14511860000
AUDJPY,20220520,0100,89.784,90.240,89.706,90.035,16973610000
AUDJPY,20220520,0200,90.036,90.056,89.688,89.810,12439680000
AUDJPY,20220520,0300,89.810,89.820,89.387,89.429,11008150000
AUDJPY,20220520,0400,89.429,89.784,89.365,89.784,11171980000
AUDJPY,20220520,0500,89.784,90.041,89.731,89.921,15132990000
AUDJPY,20220520,0600,89.923,90.109,89.899,90.033,15856610000
AUDJPY,20220520,0700,90.034,90.493,89.986,90.329,18606710000
AUDJPY,20220520,0800,90.330,90.606,90.140,90.540,14308630000
AUDJPY,20220520,0900,90.541,90.693,90.436,90.504,12055900000
AUDJPY,20220520,1000,90.502,90.593,90.444,90.449,11022500000
AUDJPY,20220520,1100,90.449,90.456,90.197,90.385,11254210000
AUDJPY,20220520,1200,90.385,90.454,90.084,90.133,16039650000
AUDJPY,20220520,1300,90.131,90.525,90.123,90.496,22702080000
AUDJPY,20220520,1400,90.495,90.533,89.936,89.959,22612420000
AUDJPY,20220520,1500,89.959,89.987,89.770,89.904,17609450000
AUDJPY,20220520,1600,89.902,89.919,89.518,89.622,15826070000
AUDJPY,20220520,1700,89.623,89.861,89.460,89.783,15276150000
AUDJPY,20220520,1800,89.784,89.799,89.531,89.697,13559870000
AUDJPY,20220520,1900,89.696,90.069,89.644,89.995,13743880000
AUDJPY,20220520,2000,89.998,90.163,89.921,89.995,4772970000
AUDJPY,20220522,2100,90.075,90.150,89.920,90.125,1921000000
AUDJPY,20220522,2200,90.102,90.428,90.090,90.377,4859420000
AUDJPY,20220522,2300,90.378,90.442,90.229,90.307,6686230000
AUDJPY,20220523,0000,90.304,90.744,90.168,90.531,11971710000
AUDJPY,20220523,0100,90.531,90.624,90.169,90.222,15738550000
AUDJPY,20220523,0200,90.224,90.311,90.062,90.289,13213380000
AUDJPY,20220523,0300,90.289,90.396,90.103,90.293,9075510000
AUDJPY,20220523,0400,90.293,90.361,90.213,90.333,6931390000
AUDJPY,20220523,0500,90.333,91.041,90.281,90.836,12947060000
AUDJPY,20220523,0600,90.836,91.016,90.730,90.868,16769340000
AUDJPY,20220523,0700,90.868,90.902,90.560,90.617,17746220000
AUDJPY,20220523,0800,90.616,90.769,90.431,90.606,18725250000
AUDJPY,20220523,0900,90.606,90.796,90.561,90.672,13626540000
AUDJPY,20220523,1000,90.672,90.864,90.555,90.864,10555100000
AUDJPY,20220523,1100,90.866,90.876,90.659,90.769,11062330000
AUDJPY,20220523,1200,90.770,90.873,90.689,90.798,12994200000
AUDJPY,20220523,1300,90.799,90.829,90.517,90.656,18144790000
AUDJPY,20220523,1400,90.657,90.859,90.465,90.643,22874480000
AUDJPY,20220523,1500,90.641,90.866,90.615,90.732,15006730000
AUDJPY,20220523,1600,90.735,90.876,90.699,90.795,9985790000
AUDJPY,20220523,1700,90.796,90.801,90.565,90.772,8695810000
AUDJPY,20220523,1800,90.775,90.985,90.729,90.904,8070900000
AUDJPY,20220523,1900,90.904,90.923,90.740,90.856,8273950000
AUDJPY,20220523,2000,90.855,90.940,90.854,90.876,2706210000
AUDJPY,20220523,2100,90.882,90.909,90.783,90.886,7831620000
AUDJPY,20220523,2200,90.872,90.889,90.674,90.696,6831020000
AUDJPY,20220523,2300,90.692,90.703,90.513,90.574,5933460000
AUDJPY,20220524,0000,90.572,90.579,90.314,90.425,12329470000
AUDJPY,20220524,0100,90.425,90.713,90.331,90.563,14204970000
AUDJPY,20220524,0200,90.567,90.582,90.285,90.424,8278450000
AUDJPY,20220524,0300,90.424,90.593,90.307,90.567,6905810000
AUDJPY,20220524,0400,90.572,90.576,90.345,90.377,6536980000
AUDJPY,20220524,0500,90.377,90.485,90.279,90.392,10499540000
AUDJPY,20220524,0600,90.388,90.450,90.259,90.356,14953260000
AUDJPY,20220524,0700,90.358,90.526,90.239,90.399,20020530000
AUDJPY,20220524,0800,90.396,90.472,89.948,90.022,14657850000
AUDJPY,20220524,0900,90.022,90.143,89.899,90.077,12208970000
AUDJPY,20220524,1000,90.076,90.275,90.029,90.240,8884050000
AUDJPY,20220524,1100,90.240,90.323,90.050,90.116,10033250000
AUDJPY,20220524,1200,90.116,90.186,89.975,90.042,10970910000
AUDJPY,20220524,1300,90.043,90.120,89.595,89.756,21098240000
AUDJPY,20220524,1400,89.757,89.769,89.239,89.456,29941240000
AUDJPY,20220524,1500,89.460,89.705,89.315,89.602,19101480000
AUDJPY,20220524,1600,89.601,89.891,89.583,89.716,14990150000
AUDJPY,20220524,1700,89.712,89.958,89.580,89.921,11458190000
AUDJPY,20220524,1800,89.922,90.004,89.753,89.823,12451210000
AUDJPY,20220524,1900,89.823,90.241,89.813,90.179,13960760000
AUDJPY,20220524,2000,90.180,90.194,90.093,90.093,2931570000
AUDJPY,20220524,2100,90.053,90.181,90.053,90.124,5226420000
AUDJPY,20220524,2200,90.121,90.303,90.118,90.193,4347420000
AUDJPY,20220524,2300,90.196,90.260,89.992,89.998,6139310000
AUDJPY,20220525,0000,89.996,90.130,89.951,90.003,14181140000
AUDJPY,20220525,0100,90.002,90.053,89.848,89.901,15339640000
AUDJPY,20220525,0200,89.902,90.203,89.900,90.178,15416000000
AUDJPY,20220525,0300,90.175,90.501,90.148,90.410,10357850000
AUDJPY,20220525,0400,90.410,90.465,90.286,90.298,6865740000
AUDJPY,20220525,0500,90.298,90.376,90.181,90.272,7762810000
AUDJPY,20220525,0600,90.272,90.391,90.076,90.364,14618540000
AUDJPY,20220525,0700,90.365,90.513,90.128,90.176,19802420000
AUDJPY,20220525,0800,90.176,90.226,89.854,89.961,14553120000
AUDJPY,20220525,0900,89.961,90.013,89.812,89.973,11312400000
AUDJPY,20220525,1000,89.970,90.066,89.766,89.791,9284840000
AUDJPY,20220525,1100,89.791,89.862,89.415,89.533,13706570000
AUDJPY,20220525,1200,89.533,89.598,89.304,89.574,15942640000
AUDJPY,20220525,1300,89.574,89.907,89.505,89.771,20875980000
AUDJPY,20220525,1400,89.770,90.215,89.743,90.064,22159180000
AUDJPY,20220525,1500,90.065,90.077,89.818,89.947,13153150000
AUDJPY,20220525,1600,89.949,90.030,89.870,89.963,10109580000
AUDJPY,20220525,1700,89.966,90.076,89.883,90.059,10057700000
AUDJPY,20220525,1800,90.058,90.319,89.822,90.279,24160310000
AUDJPY,20220525,1900,90.278,90.382,90.180,90.247,10429380000
AUDJPY,20220525,2000,90.247,90.254,90.163,90.191,5053230000
AUDJPY,20220525,2100,90.167,90.203,90.122,90.179,1393640000
AUDJPY,20220525,2200,90.179,90.317,90.176,90.253,4425530000
AUDJPY,20220525,2300,90.256,90.317,90.131,90.142,5233600000
AUDJPY,20220526,0000,90.142,90.593,90.135,90.561,14212250000
AUDJPY,20220526,0100,90.561,90.655,90.040,90.080,13071390000
AUDJPY,20220526,0200,90.079,90.429,90.071,90.274,9960450000
AUDJPY,20220526,0300,90.274,90.372,90.201,90.350,9149720000
AUDJPY,20220526,0400,90.351,90.372,89.999,90.042,7121450000
AUDJPY,20220526,0500,90.042,90.109,89.883,89.917,9126460000
AUDJPY,20220526,0600,89.917,90.069,89.891,89.974,11085510000
AUDJPY,20220526,0700,89.972,90.005,89.697,89.864,21113710000
AUDJPY,20220526,0800,89.864,89.910,89.717,89.729,11701270000
AUDJPY,20220526,0900,89.728,89.951,89.645,89.947,9917680000
AUDJPY,20220526,1000,89.946,90.013,89.682,89.833,10263460000
AUDJPY,20220526,1100,89.836,90.170,89.819,90.029,13111750000
AUDJPY,20220526,1200,90.029,90.107,89.836,89.963,15173890000
AUDJPY,20220526,1300,89.963,90.222,89.839,90.100,18478450000
AUDJPY,20220526,1400,90.099,90.301,90.036,90.078,18454390000
AUDJPY,20220526,1500,90.083,90.230,89.983,90.035,11555830000
AUDJPY,20220526,1600,90.037,90.265,90.037,90.242,8548830000
AUDJPY,20220526,1700,90.241,90.275,90.151,90.238,7939280000
AUDJPY,20220526,1800,90.238,90.255,90.174,90.193,6592700000
AUDJPY,20220526,1900,90.192,90.213,90.026,90.159,8356070000
AUDJPY,20220526,2000,90.159,90.214,90.127,90.194,3247950000
AUDJPY,20220526,2100,90.194,90.211,90.119,90.167,7002310000
AUDJPY,20220526,2200,90.168,90.261,90.153,90.187,2684300000
AUDJPY,20220526,2300,90.189,90.257,90.167,90.218,3788220000
AUDJPY,20220527,0000,90.216,90.404,89.989,90.116,15222000000
AUDJPY,20220527,0100,90.116,90.541,90.078,90.397,19237720000
AUDJPY,20220527,0200,90.398,90.443,90.297,90.394,10051320000
AUDJPY,20220527,0300,90.394,90.608,90.390,90.532,7831970000
AUDJPY,20220527,0400,90.530,90.629,90.512,90.578,5434560000
AUDJPY,20220527,0500,90.579,90.580,90.404,90.498,6352910000
AUDJPY,20220527,0600,90.498,90.572,90.401,90.510,10557360000
AUDJPY,20220527,0700,90.507,90.794,90.471,90.701,15404490000
AUDJPY,20220527,0800,90.702,90.868,90.653,90.731,11611130000
AUDJPY,20220527,0900,90.732,90.807,90.637,90.749,9278370000
AUDJPY,20220527,1000,90.749,90.784,90.662,90.742,6973200000
AUDJPY,20220527,1100,90.741,90.741,90.559,90.653,9713140000
AUDJPY,20220527,1200,90.653,90.806,90.631,90.766,13574210000
AUDJPY,20220527,1300,90.767,91.002,90.692,90.861,15205180000
AUDJPY,20220527,1400,90.864,90.957,90.788,90.902,14566760000
AUDJPY,20220527,1500,90.908,90.985,90.796,90.951,12248450000
AUDJPY,20220527,1600,90.953,90.963,90.791,90.808,5384500000
AUDJPY,20220527,1700,90.812,90.859,90.783,90.859,5199540000
AUDJPY,20220527,1800,90.860,90.948,90.827,90.947,4035820000
AUDJPY,20220527,1900,90.946,91.011,90.874,91.011,4520410000
AUDJPY,20220527,2000,91.009,91.016,90.932,90.970,2087080000
AUDJPY,20220529,2100,90.962,91.014,90.809,90.970,841710000
AUDJPY,20220529,2200,90.970,91.072,90.968,91.005,2461440000
AUDJPY,20220529,2300,91.015,91.222,90.992,91.104,5803430000
AUDJPY,20220530,0000,91.104,91.229,90.970,90.989,10172980000
AUDJPY,20220530,0100,90.989,91.152,90.947,91.118,10214730000
AUDJPY,20220530,0200,91.122,91.287,91.048,91.117,8464900000
AUDJPY,20220530,0300,91.117,91.206,90.992,91.126,7224430000
AUDJPY,20220530,0400,91.126,91.192,91.024,91.168,6814100000
AUDJPY,20220530,0500,91.169,91.281,91.152,91.249,7801170000
AUDJPY,20220530,0600,91.247,91.434,91.233,91.269,10565970000
AUDJPY,20220530,0700,91.270,91.386,91.235,91.361,13181700000
AUDJPY,20220530,0800,91.363,91.526,91.313,91.485,9276720000
AUDJPY,20220530,0900,91.485,91.584,91.477,91.517,7311490000
AUDJPY,20220530,1000,91.518,91.519,91.355,91.476,7783670000
AUDJPY,20220530,1100,91.478,91.573,91.434,91.562,7445040000
AUDJPY,20220530,1200,91.561,91.715,91.550,91.645,11037990000
AUDJPY,20220530,1300,91.642,91.727,91.620,91.726,9705250000
AUDJPY,20220530,1400,91.726,91.847,91.672,91.835,9767340000
AUDJPY,20220530,1500,91.832,91.833,91.716,91.788,7487190000
AUDJPY,20220530,1600,91.788,91.831,91.753,91.796,3375410000
AUDJPY,20220530,1700,91.796,91.829,91.779,91.812,2087820000
AUDJPY,20220530,1800,91.812,91.828,91.799,91.810,1459760000
AUDJPY,20220530,1900,91.808,91.809,91.766,91.806,3178110000
AUDJPY,20220530,2000,91.806,91.847,91.756,91.763,4803050000
AUDJPY,20220530,2100,91.747,91.869,91.699,91.848,849840000
AUDJPY,20220530,2200,91.851,91.862,91.695,91.771,2514820000
AUDJPY,20220530,2300,91.772,92.001,91.772,91.926,4869030000
AUDJPY,20220531,0000,91.927,92.231,91.883,91.968,17881630000
AUDJPY,20220531,0100,91.967,92.080,91.817,92.015,17188040000
AUDJPY,20220531,0200,92.014,92.069,91.876,92.058,9847490000
AUDJPY,20220531,0300,92.058,92.079,91.915,92.062,7069510000
AUDJPY,20220531,0400,92.062,92.062,91.866,92.015,6505090000
AUDJPY,20220531,0500,92.015,92.087,91.891,91.909,8218800000
AUDJPY,20220531,0600,91.907,92.032,91.809,91.909,13087850000
AUDJPY,20220531,0700,91.908,91.947,91.581,91.745,16659630000
AUDJPY,20220531,0800,91.744,91.972,91.737,91.963,13934860000
AUDJPY,20220531,0900,91.963,91.995,91.824,91.904,12241570000
AUDJPY,20220531,1000,91.904,92.030,91.845,91.964,11062590000
AUDJPY,20220531,1100,91.963,92.029,91.909,92.012,11060800000
AUDJPY,20220531,1200,92.011,92.077,91.948,91.988,18094840000
AUDJPY,20220531,1300,91.989,92.419,91.982,92.341,20819190000
AUDJPY,20220531,1400,92.342,92.428,92.191,92.265,25435650000
AUDJPY,20220531,1500,92.264,92.414,92.138,92.358,16713820000
AUDJPY,20220531,1600,92.357,92.445,92.285,92.380,9234260000
AUDJPY,20220531,1700,92.379,92.522,92.263,92.491,8357220000
AUDJPY,20220531,1800,92.491,92.514,92.269,92.313,9413890000
AUDJPY,20220531,1900,92.316,92.460,92.253,92.360,11511700000
AUDJPY,20220531,2000,92.361,92.402,92.278,92.278,4234820000
AUDJPY,20220531,2100,92.269,92.354,92.269,92.331,397630000
AUDJPY,20220531,2200,92.331,92.502,92.284,92.472,2715270000
AUDJPY,20220531,2300,92.473,92.493,92.361,92.465,3680490000
AUDJPY,20220601,0000,92.466,92.739,92.444,92.685,13142430000
AUDJPY,20220601,0100,92.685,92.867,92.585,92.736,14584420000
AUDJPY,20220601,0200,92.737,92.794,92.601,92.692,10725950000
AUDJPY,20220601,0300,92.691,92.752,92.620,92.714,8628490000
AUDJPY,20220601,0400,92.713,92.765,92.421,92.642,9302950000
AUDJPY,20220601,0500,92.644,92.706,92.559,92.625,10015650000
AUDJPY,20220601,0600,92.628,92.815,92.577,92.794,12620400000
AUDJPY,20220601,0700,92.793,93.105,92.766,92.965,16181020000
AUDJPY,20220601,0800,92.965,92.997,92.823,92.980,12966990000
AUDJPY,20220601,0900,92.980,93.101,92.940,93.076,7956470000
AUDJPY,20220601,1000,93.076,93.129,93.007,93.069,7711520000
AUDJPY,20220601,1100,93.068,93.260,93.066,93.224,10680820000
AUDJPY,20220601,1200,93.224,93.455,93.172,93.391,13138000000
AUDJPY,20220601,1300,93.394,93.567,93.282,93.309,16692500000
AUDJPY,20220601,1400,93.315,93.462,93.064,93.402,26888160000
AUDJPY,20220601,1500,93.402,93.412,93.072,93.178,18827510000
AUDJPY,20220601,1600,93.177,93.363,93.096,93.304,12070080000
AUDJPY,20220601,1700,93.303,93.546,93.265,93.496,10729770000
AUDJPY,20220601,1800,93.495,93.615,93.450,93.540,11819980000
AUDJPY,20220601,1900,93.540,93.599,93.403,93.407,9901250000
AUDJPY,20220601,2000,93.407,93.474,93.338,93.343,3465390000
AUDJPY,20220601,2100,93.292,93.405,93.292,93.367,2265930000
AUDJPY,20220601,2200,93.368,93.415,93.302,93.345,2286600000
AUDJPY,20220601,2300,93.345,93.438,93.311,93.314,5387990000
AUDJPY,20220602,0000,93.315,93.362,93.123,93.289,13137510000
AUDJPY,20220602,0100,93.289,93.332,93.182,93.189,10446880000
AUDJPY,20220602,0200,93.189,93.302,93.031,93.195,9010460000
AUDJPY,20220602,0300,93.194,93.319,93.170,93.208,7285870000
AUDJPY,20220602,0400,93.209,93.234,93.112,93.175,4487660000
AUDJPY,20220602,0500,93.174,93.234,92.841,93.051,9003750000
AUDJPY,20220602,0600,93.051,93.269,93.017,93.233,9942450000
AUDJPY,20220602,0700,93.234,93.357,93.193,93.308,11062940000
AUDJPY,20220602,0800,93.309,93.444,93.262,93.415,7032330000
AUDJPY,20220602,0900,93.413,93.464,93.247,93.301,7003660000
AUDJPY,20220602,1000,93.304,93.429,93.256,93.398,6780790000
AUDJPY,20220602,1100,93.395,93.505,93.344,93.477,8612160000
AUDJPY,20220602,1200,93.476,93.703,93.430,93.647,16102330000
AUDJPY,20220602,1300,93.647,93.873,93.531,93.799,20831090000
AUDJPY,20220602,1400,93.790,94.084,93.768,93.921,21878100000
AUDJPY,20220602,1500,93.922,94.221,93.901,94.155,10985470000
AUDJPY,20220602,1600,94.156,94.216,94.128,94.194,6912190000
AUDJPY,20220602,1700,94.194,94.333,94.162,94.310,7500730000
AUDJPY,20220602,1800,94.309,94.373,94.201,94.202,6386070000
AUDJPY,20220602,1900,94.205,94.380,94.200,94.357,5310950000
AUDJPY,20220602,2000,94.355,94.378,94.279,94.279,2719570000
AUDJPY,20220602,2100,94.277,94.346,94.269,94.332,5759610000
AUDJPY,20220602,2200,94.329,94.388,94.316,94.381,2416970000
AUDJPY,20220602,2300,94.379,94.461,94.368,94.399,4126990000
AUDJPY,20220603,0000,94.397,94.573,94.258,94.266,11587910000
AUDJPY,20220603,0100,94.267,94.299,94.106,94.182,10649300000
AUDJPY,20220603,0200,94.182,94.281,94.130,94.204,8261950000
AUDJPY,20220603,0300,94.204,94.266,94.139,94.239,6209860000
AUDJPY,20220603,0400,94.239,94.294,94.170,94.199,6473540000
AUDJPY,20220603,0500,94.199,94.280,94.168,94.216,6158800000
AUDJPY,20220603,0600,94.215,94.302,94.135,94.255,8757570000
AUDJPY,20220603,0700,94.253,94.312,94.176,94.239,10273320000
AUDJPY,20220603,0800,94.241,94.425,94.209,94.368,6660990000
AUDJPY,20220603,0900,94.369,94.374,94.234,94.345,7690290000
AUDJPY,20220603,1000,94.347,94.393,94.270,94.303,7401710000
AUDJPY,20220603,1100,94.304,94.364,94.228,94.230,9062570000
AUDJPY,20220603,1200,94.229,94.503,94.224,94.341,21592280000
AUDJPY,20220603,1300,94.340,94.528,94.323,94.465,21335830000
AUDJPY,20220603,1400,94.466,94.548,94.271,94.479,20791290000
AUDJPY,20220603,1500,94.478,94.478,94.305,94.385,11773520000
AUDJPY,20220603,1600,94.386,94.429,94.273,94.413,8438500000
AUDJPY,20220603,1700,94.414,94.463,94.301,94.345,8660550000
AUDJPY,20220603,1800,94.344,94.397,94.281,94.377,7741010000
AUDJPY,20220603,1900,94.377,94.385,94.262,94.348,7758650000
AUDJPY,20220603,2000,94.349,94.353,94.256,94.275,2582920000
AUDJPY,20220605,2100,94.386,94.409,94.297,94.330,701830000
AUDJPY,20220605,2200,94.337,94.440,94.249,94.324,5534400000
AUDJPY,20220605,2300,94.330,94.406,94.126,94.126,4662470000
AUDJPY,20220606,0000,94.127,94.283,94.058,94.205,10331250000
AUDJPY,20220606,0100,94.204,94.204,93.846,94.037,10984440000
AUDJPY,20220606,0200,94.038,94.123,94.004,94.019,6510500000
AUDJPY,20220606,0300,94.019,94.063,93.840,93.845,5360470000
AUDJPY,20220606,0400,93.847,94.089,93.767,94.085,6446310000
AUDJPY,20220606,0500,94.084,94.204,94.023,94.055,6331510000
AUDJPY,20220606,0600,94.056,94.166,93.951,94.026,9724830000
AUDJPY,20220606,0700,94.026,94.448,93.993,94.390,12931070000
AUDJPY,20220606,0800,94.390,94.544,94.367,94.538,9341650000
AUDJPY,20220606,0900,94.540,94.573,94.302,94.406,6992520000
AUDJPY,20220606,1000,94.406,94.448,94.222,94.270,6334250000
AUDJPY,20220606,1100,94.269,94.425,94.224,94.389,5906110000
AUDJPY,20220606,1200,94.390,94.541,94.385,94.516,8292410000
AUDJPY,20220606,1300,94.515,94.628,94.486,94.605,12207320000
AUDJPY,20220606,1400,94.603,94.844,94.589,94.819,18209290000
AUDJPY,20220606,1500,94.819,94.829,94.600,94.799,15312870000
AUDJPY,20220606,1600,94.798,94.838,94.658,94.824,8215230000
AUDJPY,20220606,1700,94.824,94.993,94.754,94.973,7219450000
AUDJPY,20220606,1800,94.974,94.978,94.824,94.930,7735840000
AUDJPY,20220606,1900,94.929,94.938,94.792,94.876,8372660000
AUDJPY,20220606,2000,94.876,94.894,94.819,94.820,3016160000
AUDJPY,20220606,2100,94.804,94.890,94.788,94.885,433940000
AUDJPY,20220606,2200,94.887,94.963,94.860,94.904,2882420000
AUDJPY,20220606,2300,94.905,95.095,94.879,94.975,7718010000
AUDJPY,20220607,0000,94.979,94.999,94.811,94.935,14009310000
AUDJPY,20220607,0100,94.935,95.192,94.923,95.142,18772750000
AUDJPY,20220607,0200,95.142,95.164,94.938,95.012,10913840000
AUDJPY,20220607,0300,95.013,95.179,94.959,95.148,8792300000
AUDJPY,20220607,0400,95.148,96.135,95.108,95.586,16254450000
AUDJPY,20220607,0500,95.591,95.655,95.258,95.347,17718640000
AUDJPY,20220607,0600,95.345,95.574,95.340,95.485,15070910000
AUDJPY,20220607,0700,95.484,95.564,95.344,95.380,18475620000
AUDJPY,20220607,0800,95.379,95.549,95.340,95.352,12751340000
AUDJPY,20220607,0900,95.352,95.456,95.275,95.358,9229040000
AUDJPY,20220607,1000,95.358,95.476,95.305,95.394,9202840000
AUDJPY,20220607,1100,95.391,95.436,95.199,95.230,11247030000
AUDJPY,20220607,1200,95.230,95.269,95.061,95.106,14553190000
AUDJPY,20220607,1300,95.106,95.394,95.001,95.338,20170250000
AUDJPY,20220607,1400,95.334,95.645,95.242,95.631,20447750000
AUDJPY,20220607,1500,95.630,95.640,95.512,95.566,12915800000
AUDJPY,20220607,1600,95.566,95.737,95.533,95.736,7293950000
AUDJPY,20220607,1700,95.737,95.808,95.626,95.635,6805290000
AUDJPY,20220607,1800,95.633,95.863,95.623,95.845,7060760000
AUDJPY,20220607,1900,95.847,96.017,95.841,95.972,6827610000
AUDJPY,20220607,2000,95.970,95.978,95.840,95.840,2664060000
AUDJPY,20220607,2100,95.818,95.920,95.818,95.905,1300810000
AUDJPY,20220607,2200,95.906,95.951,95.878,95.941,2540180000
AUDJPY,20220607,2300,95.941,96.000,95.884,95.912,5987470000
AUDJPY,20220608,0000,95.909,96.158,95.845,96.125,10661050000
AUDJPY,20220608,0100,96.124,96.202,96.025,96.171,15548780000
AUDJPY,20220608,0200,96.176,96.194,96.031,96.092,9105990000
AUDJPY,20220608,0300,96.088,96.088,95.741,95.809,8265890000
AUDJPY,20220608,0400,95.807,95.910,95.772,95.861,7665770000
AUDJPY,20220608,0500,95.861,95.969,95.810,95.916,8620390000
AUDJPY,20220608,0600,95.917,95.987,95.818,95.979,15425960000
AUDJPY,20220608,0700,95.977,96.175,95.880,96.095,17704550000
AUDJPY,20220608,0800,96.098,96.137,95.992,96.099,15247160000
AUDJPY,20220608,0900,96.099,96.166,95.993,96.114,11232810000
AUDJPY,20220608,1000,96.114,96.462,96.093,96.363,12700820000
AUDJPY,20220608,1100,96.368,96.579,96.274,96.483,13337040000
AUDJPY,20220608,1200,96.484,96.779,96.411,96.721,17210470000
AUDJPY,20220608,1300,96.721,96.878,96.643,96.779,20610180000
AUDJPY,20220608,1400,96.782,96.867,96.324,96.498,22449560000
AUDJPY,20220608,1500,96.499,96.797,96.420,96.772,16273200000
AUDJPY,20220608,1600,96.771,96.847,96.454,96.601,10522450000
AUDJPY,20220608,1700,96.602,96.621,96.314,96.486,10445210000
AUDJPY,20220608,1800,96.488,96.546,96.402,96.507,9633440000
AUDJPY,20220608,1900,96.507,96.629,96.387,96.576,8580950000
AUDJPY,20220608,2000,96.576,96.603,96.464,96.479,3029460000
AUDJPY,20220608,2100,96.473,96.524,96.426,96.517,11347020000
AUDJPY,20220608,2200,96.511,96.659,96.491,96.632,4316440000
AUDJPY,20220608,2300,96.630,96.771,96.580,96.619,5973980000
AUDJPY,20220609,0000,96.618,96.698,96.411,96.415,12677350000
AUDJPY,20220609,0100,96.420,96.454,96.194,96.264,13901100000
AUDJPY,20220609,0200,96.262,96.391,96.206,96.330,10348600000
AUDJPY,20220609,0300,96.330,96.396,96.147,96.169,11540800000
AUDJPY,20220609,0400,96.169,96.379,96.164,96.357,7619040000
AUDJPY,20220609,0500,96.354,96.389,95.869,95.981,12902380000
AUDJPY,20220609,0600,95.982,96.107,95.900,96.075,14426700000
AUDJPY,20220609,0700,96.075,96.121,95.611,95.665,19357420000
AUDJPY,20220609,0800,95.660,96.163,95.565,96.083,15058900000
AUDJPY,20220609,0900,96.083,96.105,95.812,95.859,10192000000
AUDJPY,20220609,1000,95.861,95.925,95.678,95.733,12862080000
AUDJPY,20220609,1100,95.734,96.005,95.653,95.940,20286510000
AUDJPY,20220609,1200,95.941,96.081,95.667,95.754,29576190000
AUDJPY,20220609,1300,95.752,95.855,95.343,95.561,27961470000
AUDJPY,20220609,1400,95.561,95.680,95.293,95.642,25166550000
AUDJPY,20220609,1500,95.644,95.652,95.379,95.452,17829310000
AUDJPY,20220609,1600,95.452,95.533,95.349,95.525,10702740000
AUDJPY,20220609,1700,95.524,95.585,95.309,95.462,9411070000
AUDJPY,20220609,1800,95.461,95.517,95.400,95.407,8502590000
AUDJPY,20220609,1900,95.404,95.412,95.312,95.386,9174080000
AUDJPY,20220609,2000,95.387,95.414,95.294,95.317,3508990000
AUDJPY,20220609,2100,95.300,95.401,95.277,95.385,5714820000
AUDJPY,20220609,2200,95.382,95.445,95.367,95.417,4792170000
AUDJPY,20220609,2300,95.417,95.489,95.372,95.380,4606090000
AUDJPY,20220610,0000,95.381,95.388,94.991,95.130,14501390000
AUDJPY,20220610,0100,95.131,95.319,95.055,95.289,13432050000
AUDJPY,20220610,0200,95.285,95.346,95.068,95.216,10695570000
AUDJPY,20220610,0300,95.216,95.299,95.166,95.225,7452060000
AUDJPY,20220610,0400,95.223,95.287,95.154,95.273,5197230000
AUDJPY,20220610,0500,95.271,95.280,95.017,95.208,13946450000
AUDJPY,20220610,0600,95.208,95.423,95.151,95.282,16133680000
AUDJPY,20220610,0700,95.282,95.406,95.038,95.194,21568490000
AUDJPY,20220610,0800,95.194,95.489,95.177,95.451,14470350000
AUDJPY,20220610,0900,95.450,95.495,95.182,95.278,11944800000
AUDJPY,20220610,1000,95.279,95.357,95.218,95.280,11075870000
AUDJPY,20220610,1100,95.274,95.373,95.221,95.309,9645170000
AUDJPY,20220610,1200,95.310,95.533,94.690,94.730,28923600000
AUDJPY,20220610,1300,94.736,94.963,94.647,94.854,31649340000
AUDJPY,20220610,1400,94.855,94.858,94.321,94.603,27974440000
AUDJPY,20220610,1500,94.604,94.697,94.432,94.643,16644270000
AUDJPY,20220610,1600,94.641,94.676,94.505,94.639,8678120000
AUDJPY,20220610,1700,94.640,94.769,94.572,94.655,8719040000
AUDJPY,20220610,1800,94.655,94.792,94.614,94.771,9820140000
AUDJPY,20220610,1900,94.770,94.908,94.736,94.757,10962370000
AUDJPY,20220610,2000,94.757,94.775,94.595,94.673,3618370000
AUDJPY,20220612,2100,94.494,94.678,94.486,94.673,845870000
AUDJPY,20220612,2200,94.584,94.755,94.437,94.673,7406240000
AUDJPY,20220612,2300,94.668,94.727,94.548,94.613,9347370000
AUDJPY,20220613,0000,94.612,94.702,94.541,94.635,13816240000
AUDJPY,20220613,0100,94.635,94.664,94.390,94.490,19113500000
AUDJPY,20220613,0200,94.494,94.645,94.439,94.602,12682530000
AUDJPY,20220613,0300,94.604,94.795,94.596,94.784,9819440000
AUDJPY,20220613,0400,94.785,94.988,94.716,94.791,13385380000
AUDJPY,20220613,0500,94.793,94.884,94.678,94.812,16824480000
AUDJPY,20220613,0600,94.815,94.818,94.438,94.470,22303530000
AUDJPY,20220613,0700,94.470,94.621,94.192,94.192,23615060000
AUDJPY,20220613,0800,94.192,94.223,93.752,93.845,20959050000
AUDJPY,20220613,0900,93.845,93.902,93.702,93.709,14713230000
AUDJPY,20220613,1000,93.706,93.881,93.679,93.683,12457780000
AUDJPY,20220613,1100,93.683,93.769,93.559,93.626,15542130000
AUDJPY,20220613,1200,93.626,93.719,93.559,93.611,25020750000
AUDJPY,20220613,1300,93.613,93.634,92.990,93.057,24893860000
AUDJPY,20220613,1400,93.058,93.275,92.617,92.715,24916680000
AUDJPY,20220613,1500,92.715,93.199,92.687,93.132,20884960000
AUDJPY,20220613,1600,93.132,93.404,93.060,93.099,15565410000
AUDJPY,20220613,1700,93.097,93.283,93.030,93.202,10508850000
AUDJPY,20220613,1800,93.199,93.205,93.002,93.052,13071530000
AUDJPY,20220613,1900,93.051,93.316,92.950,92.994,29518540000
AUDJPY,20220613,2000,92.995,93.120,92.954,93.024,8891450000
AUDJPY,20220613,2100,93.038,93.101,93.007,93.088,3994160000
AUDJPY,20220613,2200,93.087,93.222,93.082,93.129,5548570000
AUDJPY,20220613,2300,93.134,93.193,93.056,93.167,6765660000
AUDJPY,20220614,0000,93.166,93.201,93.000,93.185,19073580000
AUDJPY,20220614,0100,93.185,93.238,93.000,93.074,21758290000
AUDJPY,20220614,0200,93.073,93.369,93.062,93.233,17805950000
AUDJPY,20220614,0300,93.233,93.698,93.180,93.606,20626130000
AUDJPY,20220614,0400,93.606,93.894,93.425,93.540,15661140000
AUDJPY,20220614,0500,93.541,93.797,93.524,93.778,15808680000
AUDJPY,20220614,0600,93.778,93.821,93.597,93.717,19364920000
AUDJPY,20220614,0700,93.719,93.719,93.362,93.435,21612010000
AUDJPY,20220614,0800,93.434,93.447,92.913,93.024,20773320000
AUDJPY,20220614,0900,93.022,93.170,92.912,92.937,18426260000
AUDJPY,20220614,1000,92.936,92.946,92.471,92.577,18046600000
AUDJPY,20220614,1100,92.578,92.723,92.531,92.581,19413670000
AUDJPY,20220614,1200,92.582,92.976,92.580,92.886,24798320000
AUDJPY,20220614,1300,92.884,92.930,92.424,92.656,28389670000
AUDJPY,20220614,1400,92.654,92.791,92.442,92.675,27978780000
AUDJPY,20220614,1500,92.673,92.973,92.654,92.919,24969940000
AUDJPY,20220614,1600,92.917,92.917,92.595,92.730,17388520000
AUDJPY,20220614,1700,92.730,92.874,92.586,92.706,16559550000
AUDJPY,20220614,1800,92.707,92.802,92.642,92.799,14334640000
AUDJPY,20220614,1900,92.820,92.898,92.712,92.795,18893200000
AUDJPY,20220614,2000,92.797,93.106,92.761,93.036,5774670000
AUDJPY,20220614,2100,93.009,93.208,92.993,93.202,3055940000
AUDJPY,20220614,2200,93.202,93.231,93.061,93.210,8290460000
AUDJPY,20220614,2300,93.214,93.245,93.015,93.166,7126670000
AUDJPY,20220615,0000,93.167,93.205,92.970,93.181,17103630000
AUDJPY,20220615,0100,93.184,93.504,93.138,93.468,18387630000
AUDJPY,20220615,0200,93.468,93.546,93.362,93.427,13295490000
AUDJPY,20220615,0300,93.426,93.445,93.272,93.322,9281540000
AUDJPY,20220615,0400,93.320,93.329,93.101,93.189,9363690000
AUDJPY,20220615,0500,93.190,93.280,92.940,93.011,17323340000
AUDJPY,20220615,0600,93.009,93.130,92.964,93.019,24798030000
AUDJPY,20220615,0700,93.020,93.150,92.944,93.041,26355730000
AUDJPY,20220615,0800,93.039,93.378,93.026,93.269,20746540000
AUDJPY,20220615,0900,93.269,93.298,93.166,93.255,17403670000
AUDJPY,20220615,1000,93.254,93.305,93.197,93.231,17827340000
AUDJPY,20220615,1100,93.232,93.504,93.231,93.417,16534670000
AUDJPY,20220615,1200,93.417,93.471,93.220,93.321,25133420000
AUDJPY,20220615,1300,93.321,93.516,93.271,93.481,22818750000
AUDJPY,20220615,1400,93.482,93.617,93.361,93.389,20006480000
AUDJPY,20220615,1500,93.388,93.503,93.315,93.423,15196380000
AUDJPY,20220615,1600,93.423,93.560,93.402,93.410,8688650000
AUDJPY,20220615,1700,93.412,93.509,93.357,93.420,9028260000
AUDJPY,20220615,1800,93.445,93.895,93.205,93.596,45492280000
AUDJPY,20220615,1900,93.596,93.934,93.576,93.676,29887200000
AUDJPY,20220615,2000,93.675,93.731,93.563,93.688,8440230000
AUDJPY,20220615,2100,93.688,93.783,93.583,93.766,4412660000
AUDJPY,20220615,2200,93.765,94.033,93.743,93.920,6846370000
AUDJPY,20220615,2300,93.921,94.124,93.803,94.067,8100200000
AUDJPY,20220616,0000,94.066,94.342,94.034,94.208,14148140000
AUDJPY,20220616,0100,94.207,94.503,94.205,94.316,19349740000
AUDJPY,20220616,0200,94.316,94.537,94.304,94.453,12593220000
AUDJPY,20220616,0300,94.454,94.457,94.149,94.211,11656610000
AUDJPY,20220616,0400,94.211,94.332,94.133,94.236,9765870000
AUDJPY,20220616,0500,94.235,94.241,93.901,93.919,13574950000
AUDJPY,20220616,0600,93.919,94.074,93.795,93.875,22355820000
AUDJPY,20220616,0700,93.872,93.888,93.337,93.550,29683450000
AUDJPY,20220616,0800,93.550,93.671,93.017,93.062,29182040000
AUDJPY,20220616,0900,93.062,93.071,92.331,92.638,29376530000
AUDJPY,20220616,1000,92.638,92.935,92.551,92.637,23458890000
AUDJPY,20220616,1100,92.640,92.746,92.287,92.330,29137780000
AUDJPY,20220616,1200,92.331,92.729,92.302,92.678,23915890000
AUDJPY,20220616,1300,92.678,92.710,92.436,92.507,25590280000
AUDJPY,20220616,1400,92.511,92.560,92.231,92.248,29440710000
AUDJPY,20220616,1500,92.248,92.489,91.962,92.140,25946890000
AUDJPY,20220616,1600,92.139,92.915,92.103,92.790,25499620000
AUDJPY,20220616,1700,92.793,93.347,92.704,93.179,25018720000
AUDJPY,20220616,1800,93.179,93.384,92.996,93.191,17514730000
AUDJPY,20220616,1900,93.190,93.262,93.042,93.170,21515780000
AUDJPY,20220616,2000,93.169,93.206,93.070,93.089,9008410000
AUDJPY,20220616,2100,93.093,93.233,93.082,93.224,3405070000
AUDJPY,20220616,2200,93.227,93.537,93.212,93.411,11272430000
AUDJPY,20220616,2300,93.411,93.459,93.202,93.220,12708170000
AUDJPY,20220617,0000,93.220,93.552,93.010,93.507,26592680000
AUDJPY,20220617,0100,93.508,93.803,93.430,93.708,24370330000
AUDJPY,20220617,0200,93.708,94.569,92.960,93.907,27066880000
AUDJPY,20220617,0300,93.908,94.259,93.795,94.157,25690820000
AUDJPY,20220617,0400,94.156,94.221,93.865,93.938,19458820000
AUDJPY,20220617,0500,93.939,94.161,93.933,94.034,15011460000
AUDJPY,20220617,0600,94.034,94.065,93.531,93.756,27515760000
AUDJPY,20220617,0700,93.753,94.019,93.566,93.901,31558730000
AUDJPY,20220617,0800,93.900,94.159,93.828,94.059,24402770000
AUDJPY,20220617,0900,94.058,94.391,94.023,94.269,22388950000
AUDJPY,20220617,1000,94.268,94.345,94.129,94.249,19102000000
AUDJPY,20220617,1100,94.249,94.249,93.912,94.007,21067350000
AUDJPY,20220617,1200,94.010,94.073,93.845,93.919,22602380000
AUDJPY,20220617,1300,93.920,93.936,93.616,93.755,26011190000
AUDJPY,20220617,1400,93.756,93.768,93.347,93.418,29602050000
AUDJPY,20220617,1500,93.416,93.654,93.335,93.554,25234640000
AUDJPY,20220617,1600,93.555,93.604,93.413,93.587,14799200000
AUDJPY,20220617,1700,93.585,93.695,93.482,93.555,17805580000
AUDJPY,20220617,1800,93.555,93.683,93.525,93.600,12679880000
AUDJPY,20220617,1900,93.600,93.670,93.525,93.560,12976050000
AUDJPY,20220617,2000,93.562,93.619,93.522,93.536,4890540000
AUDJPY,20220619,2100,93.348,93.574,93.347,93.553,641840000
AUDJPY,20220619,2200,93.553,93.878,93.553,93.859,7946710000
AUDJPY,20220619,2300,93.859,94.170,93.796,94.041,10372020000
AUDJPY,20220620,0000,94.040,94.120,93.813,93.910,15884830000
AUDJPY,20220620,0100,93.911,93.980,93.427,93.468,22273370000
AUDJPY,20220620,0200,93.471,93.733,93.378,93.647,23610100000
AUDJPY,20220620,0300,93.649,93.890,93.638,93.781,17232150000
AUDJPY,20220620,0400,93.781,93.999,93.771,93.910,12422100000
AUDJPY,20220620,0500,93.912,94.074,93.771,94.074,17266120000
AUDJPY,20220620,0600,94.070,94.130,93.896,94.029,18474070000
AUDJPY,20220620,0700,94.029,94.123,93.787,93.991,22921660000
AUDJPY,20220620,0800,93.994,94.176,93.960,94.103,15685090000
AUDJPY,20220620,0900,94.103,94.294,94.081,94.252,14853690000
AUDJPY,20220620,1000,94.253,94.355,94.165,94.255,12183690000
AUDJPY,20220620,1100,94.255,94.355,94.218,94.291,10534380000
AUDJPY,20220620,1200,94.292,94.343,94.138,94.190,8936850000
AUDJPY,20220620,1300,94.189,94.204,94.010,94.090,15483370000
AUDJPY,20220620,1400,94.087,94.196,93.996,94.042,12631420000
AUDJPY,20220620,1500,94.042,94.250,94.042,94.234,7216980000
AUDJPY,20220620,1600,94.234,94.248,94.036,94.053,4484420000
AUDJPY,20220620,1700,94.054,94.054,93.839,93.877,1961850000
AUDJPY,20220620,1800,93.878,93.943,93.800,93.913,1717760000
AUDJPY,20220620,1900,93.913,93.924,93.853,93.854,1275930000
AUDJPY,20220620,2000,93.853,93.948,93.842,93.873,2766120000
AUDJPY,20220620,2100,93.825,93.922,93.825,93.906,5167880000
AUDJPY,20220620,2200,93.907,94.068,93.901,94.065,6630070000
AUDJPY,20220620,2300,94.066,94.216,94.002,94.138,8612490000
AUDJPY,20220621,0000,94.136,94.334,93.782,94.194,18746190000
AUDJPY,20220621,0100,94.195,94.293,93.928,94.146,15724300000
AUDJPY,20220621,0200,94.147,94.269,94.079,94.148,11517240000
AUDJPY,20220621,0300,94.148,94.212,94.070,94.186,9334260000
AUDJPY,20220621,0400,94.186,94.262,94.114,94.139,7171130000
AUDJPY,20220621,0500,94.141,94.200,93.849,93.984,10996150000
AUDJPY,20220621,0600,93.987,94.104,93.885,94.049,15436630000
AUDJPY,20220621,0700,94.049,94.472,94.032,94.368,19734050000
AUDJPY,20220621,0800,94.367,94.503,94.325,94.415,18192780000
AUDJPY,20220621,0900,94.413,94.430,94.335,94.388,10704290000
AUDJPY,20220621,1000,94.389,94.436,94.213,94.422,13738510000
AUDJPY,20220621,1100,94.422,94.598,94.280,94.598,20078110000
AUDJPY,20220621,1200,94.596,94.737,94.545,94.670,20365450000
AUDJPY,20220621,1300,94.670,95.051,94.665,95.027,23012220000
AUDJPY,20220621,1400,95.027,95.163,94.968,95.119,19876710000
AUDJPY,20220621,1500,95.118,95.221,94.966,95.004,15245130000
AUDJPY,20220621,1600,95.002,95.182,94.890,95.176,12991380000
AUDJPY,20220621,1700,95.176,95.273,95.074,95.114,8835890000
AUDJPY,20220621,1800,95.114,95.268,95.062,95.216,10500730000
AUDJPY,20220621,1900,95.216,95.267,95.176,95.229,8503840000
AUDJPY,20220621,2000,95.228,95.318,95.191,95.222,3587760000
AUDJPY,20220621,2100,95.201,95.261,95.201,95.240,1502120000
AUDJPY,20220621,2200,95.238,95.290,95.023,95.169,5418930000
AUDJPY,20220621,2300,95.170,95.170,94.825,94.866,8403060000
AUDJPY,20220622,0000,94.869,94.918,94.676,94.734,15731740000
AUDJPY,20220622,0100,94.739,94.739,94.360,94.505,17639190000
AUDJPY,20220622,0200,94.506,94.563,94.136,94.218,13148190000
AUDJPY,20220622,0300,94.218,94.330,94.119,94.316,12514480000
AUDJPY,20220622,0400,94.316,94.466,94.261,94.341,9897090000
AUDJPY,20220622,0500,94.342,94.348,94.162,94.277,12959810000
AUDJPY,20220622,0600,94.280,94.470,94.240,94.282,18607210000
AUDJPY,20220622,0700,94.281,94.301,93.824,93.948,23757320000
AUDJPY,20220622,0800,93.949,93.992,93.692,93.823,14804530000
AUDJPY,20220622,0900,93.823,93.875,93.587,93.853,13478970000
AUDJPY,20220622,1000,93.854,94.060,93.836,93.879,13394610000
AUDJPY,20220622,1100,93.877,94.060,93.765,93.771,17603230000
AUDJPY,20220622,1200,93.771,93.875,93.645,93.785,22452040000
AUDJPY,20220622,1300,93.787,94.242,93.769,94.135,32167880000
AUDJPY,20220622,1400,94.135,94.407,94.037,94.324,27297590000
AUDJPY,20220622,1500,94.327,94.414,94.162,94.317,18470230000
AUDJPY,20220622,1600,94.318,94.466,94.195,94.445,11757730000
AUDJPY,20220622,1700,94.443,94.562,94.388,94.516,9151070000
AUDJPY,20220622,1800,94.516,94.685,94.422,94.450,9658990000
AUDJPY,20220622,1900,94.448,94.518,94.359,94.413,9040950000
AUDJPY,20220622,2000,94.415,94.450,94.312,94.319,3761620000
AUDJPY,20220622,2100,94.321,94.321,94.084,94.251,7407060000
AUDJPY,20220622,2200,94.243,94.328,94.192,94.304,3538820000
AUDJPY,20220622,2300,94.304,94.331,93.806,93.901,8228150000
AUDJPY,20220623,0000,93.901,94.165,93.842,94.071,17586220000
AUDJPY,20220623,0100,94.074,94.092,93.637,93.681,19784630000
AUDJPY,20220623,0200,93.680,93.756,93.187,93.235,22823410000
AUDJPY,20220623,0300,93.235,93.462,93.201,93.278,16482610000
AUDJPY,20220623,0400,93.283,93.479,93.233,93.360,11375150000
AUDJPY,20220623,0500,93.359,93.541,93.262,93.504,13552890000
AUDJPY,20220623,0600,93.506,93.750,93.474,93.729,17152860000
AUDJPY,20220623,0700,93.730,93.759,92.996,93.103,27712730000
AUDJPY,20220623,0800,93.105,93.378,93.059,93.174,20153260000
AUDJPY,20220623,0900,93.171,93.370,93.125,93.217,16256640000
AUDJPY,20220623,1000,93.215,93.351,93.203,93.337,13591010000
AUDJPY,20220623,1100,93.337,93.558,93.207,93.487,14597560000
AUDJPY,20220623,1200,93.486,93.494,93.118,93.252,24249370000
AUDJPY,20220623,1300,93.253,93.288,92.872,92.992,34506310000
AUDJPY,20220623,1400,92.992,93.100,92.868,92.991,33028700000
AUDJPY,20220623,1500,92.991,93.063,92.829,92.842,24538490000
AUDJPY,20220623,1600,92.843,92.896,92.681,92.730,15594830000
AUDJPY,20220623,1700,92.728,92.891,92.644,92.869,14700330000
AUDJPY,20220623,1800,92.871,93.013,92.796,92.989,9307800000
AUDJPY,20220623,1900,92.989,93.205,92.970,93.139,8626990000
AUDJPY,20220623,2000,93.139,93.148,92.986,93.031,2636390000
AUDJPY,20220623,2100,93.034,93.056,92.881,93.056,1281980000
AUDJPY,20220623,2200,93.053,93.138,93.012,93.127,5323670000
AUDJPY,20220623,2300,93.127,93.213,93.047,93.057,5419140000
AUDJPY,20220624,0000,93.057,93.339,92.939,93.253,18324210000
AUDJPY,20220624,0100,93.253,93.293,92.983,93.052,14838870000
AUDJPY,20220624,0200,93.052,93.143,93.013,93.036,7108070000
AUDJPY,20220624,0300,93.036,93.112,92.800,92.976,9102920000
AUDJPY,20220624,0400,92.976,93.212,92.947,93.186,7956130000
AUDJPY,20220624,0500,93.185,93.211,92.984,93.027,8996800000
AUDJPY,20220624,0600,93.025,93.202,92.969,92.986,14626290000
AUDJPY,20220624,0700,92.987,93.050,92.781,92.842,21179180000
AUDJPY,20220624,0800,92.841,93.193,92.784,93.163,16768940000
AUDJPY,20220624,0900,93.163,93.433,93.103,93.413,12467540000
AUDJPY,20220624,1000,93.412,93.463,93.276,93.325,11301360000
AUDJPY,20220624,1100,93.325,93.405,93.212,93.308,11201740000
AUDJPY,20220624,1200,93.308,93.441,93.230,93.424,17512370000
AUDJPY,20220624,1300,93.424,93.454,93.190,93.209,21280850000
AUDJPY,20220624,1400,93.211,93.931,93.136,93.863,36929300000
AUDJPY,20220624,1500,93.863,94.021,93.777,93.916,20810980000
AUDJPY,20220624,1600,93.917,93.957,93.790,93.907,11634890000
AUDJPY,20220624,1700,93.907,93.922,93.788,93.864,6564100000
AUDJPY,20220624,1800,93.863,93.892,93.773,93.831,7238590000
AUDJPY,20220624,1900,93.830,93.968,93.810,93.965,7244590000
AUDJPY,20220624,2000,93.964,93.974,93.821,93.832,4575610000
AUDJPY,20220626,2100,93.639,93.820,93.639,93.820,559940000
AUDJPY,20220626,2200,93.792,93.951,93.792,93.943,5271490000
AUDJPY,20220626,2300,93.944,94.060,93.761,93.785,9106760000
AUDJPY,20220627,0000,93.784,93.797,92.969,93.059,18469120000
AUDJPY,20220627,0100,93.058,93.283,93.043,93.191,19191250000
AUDJPY,20220627,0200,93.191,93.578,93.108,93.414,19761660000
AUDJPY,20220627,0300,93.415,93.421,93.171,93.292,13245750000
AUDJPY,20220627,0400,93.291,93.363,93.189,93.356,8438890000
AUDJPY,20220627,0500,93.356,93.511,93.300,93.470,12335190000
AUDJPY,20220627,0600,93.470,93.708,93.419,93.694,18938530000
AUDJPY,20220627,0700,93.695,93.776,93.607,93.721,18906820000
AUDJPY,20220627,0800,93.722,93.729,93.609,93.671,12940300000
AUDJPY,20220627,0900,93.671,93.674,93.489,93.586,13068100000
AUDJPY,20220627,1000,93.586,93.806,93.583,93.770,11375550000
AUDJPY,20220627,1100,93.770,93.828,93.640,93.779,13346960000
AUDJPY,20220627,1200,93.779,93.821,93.600,93.744,19663450000
AUDJPY,20220627,1300,93.749,93.908,93.588,93.643,25236520000
AUDJPY,20220627,1400,93.644,93.860,93.624,93.834,25470620000
AUDJPY,20220627,1500,93.837,93.943,93.788,93.895,17658310000
AUDJPY,20220627,1600,93.897,93.899,93.718,93.855,10366310000
AUDJPY,20220627,1700,93.856,93.869,93.706,93.743,12524210000
AUDJPY,20220627,1800,93.744,93.829,93.708,93.738,8480530000
AUDJPY,20220627,1900,93.739,93.815,93.672,93.711,9323770000
AUDJPY,20220627,2000,93.709,93.817,93.708,93.738,3454420000
AUDJPY,20220627,2100,93.762,93.801,93.711,93.767,1459030000
AUDJPY,20220627,2200,93.767,93.788,93.668,93.670,4739210000
AUDJPY,20220627,2300,93.672,93.765,93.635,93.734,6702950000
AUDJPY,20220628,0000,93.730,93.958,93.670,93.820,16766920000
AUDJPY,20220628,0100,93.822,93.946,93.456,93.536,18825630000
AUDJPY,20220628,0200,93.536,93.693,93.536,93.665,14987120000
AUDJPY,20220628,0300,93.666,93.827,93.575,93.760,12693750000
AUDJPY,20220628,0400,93.757,93.800,93.699,93.764,11177090000
AUDJPY,20220628,0500,93.765,93.835,93.705,93.784,12357610000
AUDJPY,20220628,0600,93.792,94.470,93.734,94.307,22502130000
AUDJPY,20220628,0700,94.311,94.518,94.184,94.298,22291460000
AUDJPY,20220628,0800,94.298,94.442,94.284,94.426,15914300000
AUDJPY,20220628,0900,94.426,94.493,94.362,94.405,12905870000
AUDJPY,20220628,1000,94.405,94.620,94.401,94.552,15498740000
AUDJPY,20220628,1100,94.551,94.714,94.327,94.464,16346030000
AUDJPY,20220628,1200,94.464,94.557,94.352,94.511,22808180000
AUDJPY,20220628,1300,94.511,94.633,94.396,94.526,27003650000
AUDJPY,20220628,1400,94.525,94.547,94.167,94.324,28500160000
AUDJPY,20220628,1500,94.322,94.334,94.144,94.192,22357090000
AUDJPY,20220628,1600,94.193,94.299,94.082,94.281,15188870000
AUDJPY,20220628,1700,94.279,94.304,94.147,94.251,14008140000
AUDJPY,20220628,1800,94.250,94.285,94.117,94.220,11711490000
AUDJPY,20220628,1900,94.220,94.221,94.033,94.078,11377030000
AUDJPY,20220628,2000,94.076,94.140,93.977,93.977,3175180000
AUDJPY,20220628,2100,93.995,94.027,93.959,94.001,4647750000
AUDJPY,20220628,2200,94.013,94.074,93.962,94.048,4165770000
AUDJPY,20220628,2300,94.048,94.060,93.905,93.914,10402800000
AUDJPY,20220629,0000,93.916,94.197,93.840,93.861,18907000000
AUDJPY,20220629,0100,93.862,94.137,93.779,94.049,19645350000
AUDJPY,20220629,0200,94.047,94.140,93.974,94.108,15345760000
AUDJPY,20220629,0300,94.107,94.132,93.907,94.042,11348750000
AUDJPY,20220629,0400,94.043,94.090,93.940,93.975,15785460000
AUDJPY,20220629,0500,93.975,94.049,93.759,93.843,16691430000
AUDJPY,20220629,0600,93.844,93.850,93.467,93.554,19852040000
AUDJPY,20220629,0700,93.553,93.796,93.524,93.659,24224130000
AUDJPY,20220629,0800,93.664,93.811,93.604,93.662,18523760000
AUDJPY,20220629,0900,93.661,93.821,93.592,93.698,17350390000
AUDJPY,20220629,1000,93.698,93.980,93.697,93.958,17540560000
AUDJPY,20220629,1100,93.957,94.141,93.929,94.136,13816480000
AUDJPY,20220629,1200,94.135,94.151,93.887,94.042,20812090000
AUDJPY,20220629,1300,94.043,94.219,93.977,94.111,32585970000
AUDJPY,20220629,1400,94.111,94.305,94.029,94.062,29644930000
AUDJPY,20220629,1500,94.066,94.119,93.868,93.990,21677870000
AUDJPY,20220629,1600,93.987,94.045,93.781,93.865,15817790000
AUDJPY,20220629,1700,93.866,94.024,93.830,94.022,10407180000
AUDJPY,20220629,1800,94.025,94.071,93.849,93.857,9195160000
AUDJPY,20220629,1900,93.857,93.961,93.804,93.917,8824120000
AUDJPY,20220629,2000,93.917,94.075,93.872,93.902,6271480000
AUDJPY,20220629,2100,93.895,93.935,93.851,93.920,2400420000
AUDJPY,20220629,2200,93.881,94.012,93.881,93.981,9040170000
AUDJPY,20220629,2300,93.980,93.988,93.867,93.968,11304040000
AUDJPY,20220630,0000,93.965,94.020,93.780,93.855,17481120000
AUDJPY,20220630,0100,93.860,94.045,93.647,93.988,22836790000
AUDJPY,20220630,0200,93.987,94.283,93.949,94.142,15139440000
AUDJPY,20220630,0300,94.142,94.243,94.075,94.130,9580600000
AUDJPY,20220630,0400,94.130,94.186,94.079,94.114,8103810000
AUDJPY,20220630,0500,94.114,94.130,93.721,93.937,14129490000
AUDJPY,20220630,0600,93.934,94.010,93.711,93.801,19397180000
AUDJPY,20220630,0700,93.801,93.852,93.488,93.726,24459090000
AUDJPY,20220630,0800,93.726,94.002,93.678,93.820,17965900000
AUDJPY,20220630,0900,93.820,93.895,93.693,93.840,14505620000
AUDJPY,20220630,1000,93.841,93.842,93.749,93.755,11517640000
AUDJPY,20220630,1100,93.756,93.836,93.638,93.771,15422770000
AUDJPY,20220630,1200,93.769,93.904,93.625,93.835,21437780000
AUDJPY,20220630,1300,93.835,93.987,93.745,93.805,27006610000
AUDJPY,20220630,1400,93.806,93.879,93.400,93.420,31020760000
AUDJPY,20220630,1500,93.421,93.736,93.338,93.711,22306580000
AUDJPY,20220630,1600,93.711,93.830,93.624,93.773,17058590000
AUDJPY,20220630,1700,93.774,93.802,93.613,93.752,14074860000
AUDJPY,20220630,1800,93.753,93.799,93.611,93.636,14146020000
AUDJPY,20220630,1900,93.635,93.710,93.470,93.679,15427780000
AUDJPY,20220630,2000,93.677,93.728,93.627,93.654,5255370000
AUDJPY,20220630,2100,93.651,93.709,93.614,93.696,498740000
AUDJPY,20220630,2200,93.696,93.696,93.597,93.630,7534540000
AUDJPY,20220630,2300,93.630,93.727,93.615,93.669,8554570000
AUDJPY,20220701,0000,93.665,93.785,93.640,93.681,18676770000
AUDJPY,20220701,0100,93.681,93.710,93.371,93.412,18951530000
AUDJPY,20220701,0200,93.411,93.484,92.913,93.044,18315250000
AUDJPY,20220701,0300,93.047,93.072,92.167,92.308,23092870000
AUDJPY,20220701,0400,92.310,92.425,92.031,92.158,19476120000
AUDJPY,20220701,0500,92.158,92.230,91.906,92.163,19837640000
AUDJPY,20220701,0600,92.161,92.264,91.984,92.050,20466960000
AUDJPY,20220701,0700,92.051,92.153,91.857,91.987,23731870000
AUDJPY,20220701,0800,91.987,92.335,91.907,92.268,19605990000
AUDJPY,20220701,0900,92.268,92.414,92.196,92.364,16593570000
AUDJPY,20220701,1000,92.363,92.396,91.910,91.966,15340940000
AUDJPY,20220701,1100,91.968,91.997,91.710,91.764,19380090000
AUDJPY,20220701,1200,91.765,91.809,91.425,91.560,21428870000
AUDJPY,20220701,1300,91.562,91.978,91.525,91.930,25932620000
AUDJPY,20220701,1400,91.930,91.985,91.457,91.488,38718980000
AUDJPY,20220701,1500,91.489,91.863,91.421,91.707,24132500000
AUDJPY,20220701,1600,91.707,91.950,91.663,91.781,17117770000
AUDJPY,20220701,1700,91.781,92.113,91.779,92.083,12572890000
AUDJPY,20220701,1800,92.082,92.358,92.068,92.204,8612740000
AUDJPY,20220701,1900,92.205,92.252,92.067,92.241,8960380000
AUDJPY,20220701,2000,92.243,92.262,92.074,92.080,3129430000
AUDJPY,20220703,2100,92.101,92.165,92.101,92.135,318420000
AUDJPY,20220703,2200,92.127,92.276,92.066,92.217,6313490000
AUDJPY,20220703,2300,92.218,92.297,91.973,91.977,13203260000
AUDJPY,20220704,0000,91.978,92.181,91.946,91.989,18777490000
AUDJPY,20220704,0100,91.989,92.070,91.587,91.964,20755320000
AUDJPY,20220704,0200,91.967,92.017,91.776,91.863,18174470000
AUDJPY,20220704,0300,91.870,92.036,91.854,91.976,10765360000
AUDJPY,20220704,0400,91.976,92.079,91.944,92.079,6440290000
AUDJPY,20220704,0500,92.079,92.472,92.071,92.452,13073800000
AUDJPY,20220704,0600,92.457,92.681,92.411,92.621,13960530000
AUDJPY,20220704,0700,92.623,92.957,92.585,92.932,16798030000
AUDJPY,20220704,0800,92.933,92.950,92.642,92.747,11077870000
AUDJPY,20220704,0900,92.746,93.232,92.737,93.168,11801050000
AUDJPY,20220704,1000,93.168,93.286,93.134,93.216,10066530000
AUDJPY,20220704,1100,93.216,93.245,93.074,93.079,8516000000
AUDJPY,20220704,1200,93.081,93.164,93.028,93.094,7756110000
AUDJPY,20220704,1300,93.095,93.154,92.928,92.969,8358010000
AUDJPY,20220704,1400,92.970,93.080,92.807,93.019,11080980000
AUDJPY,20220704,1500,93.022,93.110,92.874,93.106,9217810000
AUDJPY,20220704,1600,93.106,93.227,93.103,93.186,5424560000
AUDJPY,20220704,1700,93.186,93.186,93.094,93.105,2275500000
AUDJPY,20220704,1800,93.104,93.146,93.083,93.146,2809910000
AUDJPY,20220704,1900,93.146,93.148,93.090,93.115,1562910000
AUDJPY,20220704,2000,93.116,93.205,93.086,93.086,3099340000
AUDJPY,20220704,2100,92.998,93.175,92.861,93.169,7138230000
AUDJPY,20220704,2200,93.169,93.291,93.145,93.199,6979310000
AUDJPY,20220704,2300,93.200,93.511,93.199,93.354,10355970000
AUDJPY,20220705,0000,93.353,93.742,93.295,93.665,15396470000
AUDJPY,20220705,0100,93.663,93.982,93.576,93.931,18159780000
AUDJPY,20220705,0200,93.935,93.935,93.548,93.617,12944200000
AUDJPY,20220705,0300,93.616,93.720,93.543,93.593,12470040000
AUDJPY,20220705,0400,93.591,93.812,93.343,93.525,15146190000
AUDJPY,20220705,0500,93.525,93.707,93.489,93.641,12502190000
AUDJPY,20220705,0600,93.640,93.640,93.312,93.436,14608550000
AUDJPY,20220705,0700,93.436,93.486,92.598,92.765,23091780000
AUDJPY,20220705,0800,92.764,92.785,92.186,92.272,28063630000
AUDJPY,20220705,0900,92.273,92.429,92.013,92.317,20848460000
AUDJPY,20220705,1000,92.313,92.498,92.288,92.435,13287430000
AUDJPY,20220705,1100,92.439,92.456,92.176,92.243,13717690000
AUDJPY,20220705,1200,92.244,92.250,92.017,92.170,27613740000
AUDJPY,20220705,1300,92.168,92.168,91.894,91.903,31185210000
AUDJPY,20220705,1400,91.902,92.266,91.864,92.177,31213640000
AUDJPY,20220705,1500,92.177,92.177,91.736,91.890,23714390000
AUDJPY,20220705,1600,91.891,92.034,91.801,91.816,15848100000
AUDJPY,20220705,1700,91.818,91.999,91.799,91.972,11699160000
AUDJPY,20220705,1800,91.973,92.204,91.926,92.104,11372210000
AUDJPY,20220705,1900,92.104,92.283,92.086,92.280,10154610000
AUDJPY,20220705,2000,92.287,92.467,92.260,92.368,4422500000
AUDJPY,20220705,2100,92.315,92.375,92.260,92.323,7303870000
AUDJPY,20220705,2200,92.320,92.415,92.257,92.272,4119460000
AUDJPY,20220705,2300,92.272,92.282,91.969,92.081,9754910000
AUDJPY,20220706,0000,92.080,92.390,91.965,92.321,18269040000
AUDJPY,20220706,0100,92.320,92.388,91.966,92.096,22363500000
AUDJPY,20220706,0200,92.099,92.234,91.980,92.061,16585990000
AUDJPY,20220706,0300,92.065,92.200,91.935,92.116,14035520000
AUDJPY,20220706,0400,92.116,92.119,91.870,91.912,11841070000
AUDJPY,20220706,0500,91.911,91.918,91.647,91.711,15369460000
AUDJPY,20220706,0600,91.711,92.224,91.527,92.158,21797280000
AUDJPY,20220706,0700,92.159,92.517,92.001,92.227,25926590000
AUDJPY,20220706,0800,92.228,92.303,91.762,91.921,20507930000
AUDJPY,20220706,0900,91.922,92.057,91.786,91.936,18724530000
AUDJPY,20220706,1000,91.938,92.180,91.886,92.088,16328090000
AUDJPY,20220706,1100,92.088,92.118,91.852,92.006,14680770000
AUDJPY,20220706,1200,92.006,92.223,91.895,92.087,26209460000
AUDJPY,20220706,1300,92.088,92.174,91.995,92.011,29915310000
AUDJPY,20220706,1400,92.011,92.433,91.795,91.903,45664320000
AUDJPY,20220706,1500,91.903,92.050,91.798,91.893,23982920000
AUDJPY,20220706,1600,91.893,91.947,91.725,91.944,14064530000
AUDJPY,20220706,1700,91.947,92.166,91.938,92.053,11679200000
AUDJPY,20220706,1800,92.048,92.392,91.998,92.316,29460370000
AUDJPY,20220706,1900,92.316,92.381,92.137,92.200,14518920000
AUDJPY,20220706,2000,92.201,92.226,92.089,92.128,3908820000
AUDJPY,20220706,2100,92.099,92.192,92.075,92.187,1943610000
AUDJPY,20220706,2200,92.185,92.217,92.075,92.213,8580210000
AUDJPY,20220706,2300,92.213,92.331,92.156,92.198,7269330000
AUDJPY,20220707,0000,92.198,92.255,91.896,92.105,15691700000
AUDJPY,20220707,0100,92.105,92.205,91.914,92.174,20694010000
AUDJPY,20220707,0200,92.178,92.519,92.177,92.513,14226050000
AUDJPY,20220707,0300,92.514,92.602,92.436,92.501,11908610000
AUDJPY,20220707,0400,92.501,92.582,92.389,92.512,7470400000
AUDJPY,20220707,0500,92.513,92.774,92.487,92.687,11144210000
AUDJPY,20220707,0600,92.686,92.699,92.476,92.478,16081340000
AUDJPY,20220707,0700,92.477,92.830,92.368,92.801,21756190000
AUDJPY,20220707,0800,92.801,92.994,92.615,92.928,19744500000
AUDJPY,20220707,0900,92.923,93.143,92.752,93.054,20612010000
AUDJPY,20220707,1000,93.054,93.108,92.905,92.909,12308460000
AUDJPY,20220707,1100,92.909,92.957,92.746,92.814,14073180000
AUDJPY,20220707,1200,92.813,92.848,92.620,92.680,20192380000
AUDJPY,20220707,1300,92.679,92.844,92.596,92.750,23193000000
AUDJPY,20220707,1400,92.750,92.965,92.637,92.914,22603070000
AUDJPY,20220707,1500,92.913,92.942,92.740,92.836,14929090000
AUDJPY,20220707,1600,92.836,93.052,92.831,92.995,11480280000
AUDJPY,20220707,1700,92.996,93.054,92.910,93.049,7928350000
AUDJPY,20220707,1800,93.046,93.164,93.037,93.091,6909620000
AUDJPY,20220707,1900,93.092,93.128,93.035,93.046,6854110000
AUDJPY,20220707,2000,93.046,93.051,92.980,92.982,2396380000
AUDJPY,20220707,2100,92.965,93.036,92.947,93.020,571680000
AUDJPY,20220707,2200,93.018,93.087,93.010,93.041,3900240000
AUDJPY,20220707,2300,93.041,93.118,92.957,93.067,6888930000
AUDJPY,20220708,0000,93.070,93.335,93.022,93.262,13945080000
AUDJPY,20220708,0100,93.262,93.268,93.051,93.139,17571090000
AUDJPY,20220708,0200,93.139,93.209,92.499,92.643,18096330000
AUDJPY,20220708,0300,92.643,92.830,92.348,92.585,27911760000
AUDJPY,20220708,0400,92.586,92.673,92.384,92.432,14750720000
AUDJPY,20220708,0500,92.432,92.580,92.329,92.560,16436000000
AUDJPY,20220708,0600,92.561,92.713,92.521,92.711,15736080000
AUDJPY,20220708,0700,92.707,92.727,92.404,92.615,23648150000
AUDJPY,20220708,0800,92.614,92.662,92.423,92.499,18883750000
AUDJPY,20220708,0900,92.499,92.670,92.431,92.621,14242300000
AUDJPY,20220708,1000,92.621,92.927,92.586,92.797,12829390000
AUDJPY,20220708,1100,92.797,92.896,92.700,92.803,12068410000
AUDJPY,20220708,1200,92.802,92.921,92.533,92.893,28955600000
AUDJPY,20220708,1300,92.893,93.402,92.874,93.098,33803680000
AUDJPY,20220708,1400,93.098,93.460,92.946,93.432,28348800000
AUDJPY,20220708,1500,93.432,93.479,93.306,93.391,17807180000
AUDJPY,20220708,1600,93.394,93.400,93.006,93.096,14444140000
AUDJPY,20220708,1700,93.097,93.202,93.015,93.181,10984780000
AUDJPY,20220708,1800,93.182,93.342,93.136,93.284,6713640000
AUDJPY,20220708,1900,93.285,93.316,93.157,93.197,7437280000
AUDJPY,20220708,2000,93.197,93.291,93.189,93.246,2766470000
AUDJPY,20220710,2100,93.156,93.308,93.098,93.280,1752080000
AUDJPY,20220710,2200,93.264,93.289,93.141,93.248,4218890000
AUDJPY,20220710,2300,93.249,93.414,93.222,93.291,7040820000
AUDJPY,20220711,0000,93.300,93.338,93.183,93.311,13195740000
AUDJPY,20220711,0100,93.309,93.689,93.211,93.541,23762730000
AUDJPY,20220711,0200,93.544,93.594,93.421,93.514,15814270000
AUDJPY,20220711,0300,93.513,93.539,93.399,93.511,8341430000
AUDJPY,20220711,0400,93.511,93.567,93.343,93.448,6109300000
AUDJPY,20220711,0500,93.448,93.506,93.320,93.348,8852040000
AUDJPY,20220711,0600,93.349,93.426,93.196,93.263,14575750000
AUDJPY,20220711,0700,93.266,93.323,93.046,93.079,20181010000
AUDJPY,20220711,0800,93.079,93.266,93.018,93.244,13738970000
AUDJPY,20220711,0900,93.242,93.305,92.972,92.979,11600800000
AUDJPY,20220711,1000,92.979,93.114,92.917,93.006,10342780000
AUDJPY,20220711,1100,93.006,93.151,92.844,92.963,12887880000
AUDJPY,20220711,1200,92.964,93.085,92.672,92.754,21210110000
AUDJPY,20220711,1300,92.754,92.856,92.303,92.494,28674330000
AUDJPY,20220711,1400,92.495,92.686,92.309,92.589,26655180000
AUDJPY,20220711,1500,92.589,92.714,92.517,92.660,18696710000
AUDJPY,20220711,1600,92.660,92.681,92.492,92.608,9767800000
AUDJPY,20220711,1700,92.609,92.727,92.604,92.700,6799100000
AUDJPY,20220711,1800,92.699,92.729,92.548,92.556,7000460000
AUDJPY,20220711,1900,92.554,92.588,92.434,92.532,8678440000
AUDJPY,20220711,2000,92.534,92.577,92.497,92.509,4528560000
AUDJPY,20220711,2100,92.487,92.545,92.487,92.521,1057350000
AUDJPY,20220711,2200,92.525,92.570,92.478,92.499,6157010000
AUDJPY,20220711,2300,92.499,92.659,92.468,92.619,5918960000
AUDJPY,20220712,0000,92.619,92.659,92.243,92.365,15044260000
AUDJPY,20220712,0100,92.363,92.386,92.143,92.334,24345620000
AUDJPY,20220712,0200,92.334,92.411,92.212,92.316,21153320000
AUDJPY,20220712,0300,92.316,92.394,92.164,92.392,14245030000
AUDJPY,20220712,0400,92.388,92.402,92.269,92.324,11227830000
AUDJPY,20220712,0500,92.324,92.497,92.237,92.363,14691030000
AUDJPY,20220712,0600,92.362,92.596,92.273,92.447,20444640000
AUDJPY,20220712,0700,92.448,92.484,92.083,92.317,23904580000
AUDJPY,20220712,0800,92.320,92.323,92.089,92.188,16752520000
AUDJPY,20220712,0900,92.187,92.213,92.045,92.099,17891800000
AUDJPY,20220712,1000,92.099,92.253,91.993,92.008,15457120000
AUDJPY,20220712,1100,92.005,92.205,91.955,92.112,19420880000
AUDJPY,20220712,1200,92.112,92.272,92.083,92.197,19176660000
AUDJPY,20220712,1300,92.200,92.353,92.107,92.229,27059530000
AUDJPY,20220712,1400,92.229,92.488,92.102,92.432,29228590000
AUDJPY,20220712,1500,92.433,92.644,92.400,92.543,17504370000
AUDJPY,20220712,1600,92.542,92.633,92.477,92.560,9854400000
AUDJPY,20220712,1700,92.560,92.630,92.501,92.622,8345180000
AUDJPY,20220712,1800,92.621,92.635,92.507,92.525,7756650000
AUDJPY,20220712,1900,92.525,92.536,92.352,92.487,8930200000
AUDJPY,20220712,2000,92.487,92.506,92.412,92.450,4416050000
AUDJPY,20220712,2100,92.459,92.493,92.287,92.430,6070380000
AUDJPY,20220712,2200,92.428,92.490,92.407,92.413,7191140000
AUDJPY,20220712,2300,92.410,92.457,92.233,92.235,7262150000
AUDJPY,20220713,0000,92.234,92.503,92.228,92.398,15924670000
AUDJPY,20220713,0100,92.398,92.746,92.394,92.661,17914040000
AUDJPY,20220713,0200,92.670,92.825,92.603,92.792,14974480000
AUDJPY,20220713,0300,92.791,92.916,92.727,92.845,9919490000
AUDJPY,20220713,0400,92.846,92.869,92.743,92.814,5950630000
AUDJPY,20220713,0500,92.815,92.845,92.618,92.681,11179590000
AUDJPY,20220713,0600,92.678,92.800,92.537,92.766,17206920000
AUDJPY,20220713,0700,92.770,92.895,92.715,92.812,22216540000
AUDJPY,20220713,0800,92.813,93.045,92.787,93.006,15736880000
AUDJPY,20220713,0900,93.006,93.069,92.925,92.945,10358730000
AUDJPY,20220713,1000,92.947,93.127,92.936,93.034,9762500000
AUDJPY,20220713,1100,93.035,93.152,93.032,93.105,10579130000
AUDJPY,20220713,1200,93.106,93.255,92.513,92.822,33682010000
AUDJPY,20220713,1300,92.821,93.053,92.733,92.828,38818210000
AUDJPY,20220713,1400,92.830,93.225,92.587,93.105,41596980000
AUDJPY,20220713,1500,93.107,93.372,93.056,93.159,27351410000
AUDJPY,20220713,1600,93.159,93.261,93.016,93.097,14472890000
AUDJPY,20220713,1700,93.102,93.173,93.026,93.137,13464550000
AUDJPY,20220713,1800,93.140,93.140,92.835,92.957,19090940000
AUDJPY,20220713,1900,92.958,92.967,92.780,92.832,11125310000
AUDJPY,20220713,2000,92.833,92.873,92.773,92.828,4401520000
AUDJPY,20220713,2100,92.774,92.877,92.740,92.847,9630830000
AUDJPY,20220713,2200,92.862,92.868,92.722,92.782,5836790000
AUDJPY,20220713,2300,92.783,92.783,92.597,92.659,9656570000
AUDJPY,20220714,0000,92.658,92.995,92.634,92.922,15711770000
AUDJPY,20220714,0100,92.923,93.226,92.821,93.155,20043630000
AUDJPY,20220714,0200,93.156,93.499,93.156,93.493,17172450000
AUDJPY,20220714,0300,93.497,93.637,93.454,93.557,9649120000
AUDJPY,20220714,0400,93.560,93.644,93.500,93.590,7598400000
AUDJPY,20220714,0500,93.589,93.680,93.398,93.524,10707420000
AUDJPY,20220714,0600,93.526,93.776,93.482,93.695,16065160000
AUDJPY,20220714,0700,93.701,94.251,93.647,94.154,28404500000
AUDJPY,20220714,0800,94.154,94.252,93.693,93.719,22757880000
AUDJPY,20220714,0900,93.722,93.782,93.481,93.733,19915350000
AUDJPY,20220714,1000,93.731,93.731,93.313,93.374,14855800000
AUDJPY,20220714,1100,93.375,93.548,93.198,93.302,20070170000
AUDJPY,20220714,1200,93.303,93.531,93.244,93.333,23157720000
AUDJPY,20220714,1300,93.332,93.332,93.024,93.220,32048190000
AUDJPY,20220714,1400,93.219,93.348,93.131,93.323,30700190000
AUDJPY,20220714,1500,93.323,93.695,93.289,93.657,36171750000
AUDJPY,20220714,1600,93.661,93.688,93.324,93.352,23481390000
AUDJPY,20220714,1700,93.356,93.583,93.259,93.572,19471720000
AUDJPY,20220714,1800,93.571,93.862,93.557,93.817,17726670000
AUDJPY,20220714,1900,93.817,93.853,93.605,93.704,13555520000
AUDJPY,20220714,2000,93.699,93.771,93.682,93.742,4127160000
AUDJPY,20220714,2100,93.714,93.795,93.709,93.758,1596470000
AUDJPY,20220714,2200,93.758,93.914,93.732,93.807,8459950000
AUDJPY,20220714,2300,93.808,93.910,93.794,93.894,6961310000
AUDJPY,20220715,0000,93.893,93.973,93.546,93.612,17346610000
AUDJPY,20220715,0100,93.616,93.856,93.535,93.838,18717120000
AUDJPY,20220715,0200,93.838,94.010,93.698,93.828,14109510000
AUDJPY,20220715,0300,93.828,93.839,93.634,93.709,13458460000
AUDJPY,20220715,0400,93.709,93.798,93.646,93.685,7642470000
AUDJPY,20220715,0500,93.684,93.690,93.473,93.518,10325780000
AUDJPY,20220715,0600,93.517,93.536,93.240,93.250,18572080000
AUDJPY,20220715,0700,93.249,93.580,93.151,93.467,20650550000
AUDJPY,20220715,0800,93.469,93.549,93.296,93.507,15122440000
AUDJPY,20220715,0900,93.509,93.668,93.495,93.599,13966560000
AUDJPY,20220715,1000,93.599,93.811,93.539,93.740,12816330000
AUDJPY,20220715,1100,93.740,93.787,93.618,93.641,11402830000
AUDJPY,20220715,1200,93.643,93.984,93.636,93.931,24627690000
AUDJPY,20220715,1300,93.935,94.109,93.775,93.779,31906210000
AUDJPY,20220715,1400,93.781,94.203,93.781,94.143,32296980000
AUDJPY,20220715,1500,94.143,94.265,94.087,94.108,15993210000
AUDJPY,20220715,1600,94.107,94.121,93.990,94.054,10088400000
AUDJPY,20220715,1700,94.055,94.144,94.034,94.070,8586980000
AUDJPY,20220715,1800,94.069,94.145,94.043,94.084,7863650000
AUDJPY,20220715,1900,94.082,94.133,94.023,94.125,5270400000
AUDJPY,20220715,2000,94.125,94.144,94.033,94.033,3040800000
AUDJPY,20220717,2100,94.003,94.057,93.955,94.054,341600000
AUDJPY,20220717,2200,94.039,94.217,93.976,94.191,5274150000
AUDJPY,20220717,2300,94.191,94.302,94.106,94.219,9081490000
AUDJPY,20220718,0000,94.220,94.234,93.982,94.034,11596700000
AUDJPY,20220718,0100,94.035,94.168,93.980,94.090,15506150000
AUDJPY,20220718,0200,94.089,94.129,94.010,94.091,9624650000
AUDJPY,20220718,0300,94.091,94.302,94.063,94.191,11485990000
AUDJPY,20220718,0400,94.186,94.193,94.018,94.127,8696440000
AUDJPY,20220718,0500,94.130,94.155,94.023,94.040,10803710000
AUDJPY,20220718,0600,94.039,94.211,93.933,94.178,14035020000
AUDJPY,20220718,0700,94.178,94.394,94.112,94.322,20995430000
AUDJPY,20220718,0800,94.321,94.386,94.211,94.359,16622650000
AUDJPY,20220718,0900,94.359,94.528,94.334,94.517,12012450000
AUDJPY,20220718,1000,94.518,94.600,94.365,94.459,10860990000
AUDJPY,20220718,1100,94.461,94.482,94.380,94.416,10728880000
AUDJPY,20220718,1200,94.415,94.482,94.269,94.481,14446810000
AUDJPY,20220718,1300,94.481,94.570,94.356,94.525,23282330000
AUDJPY,20220718,1400,94.524,94.635,94.437,94.507,24136760000
AUDJPY,20220718,1500,94.509,94.537,94.370,94.527,14833290000
AUDJPY,20220718,1600,94.527,94.529,94.338,94.339,8936170000
AUDJPY,20220718,1700,94.339,94.405,94.140,94.159,11179070000
AUDJPY,20220718,1800,94.159,94.193,94.006,94.057,11758800000
AUDJPY,20220718,1900,94.057,94.118,93.974,94.056,13050480000
AUDJPY,20220718,2000,94.055,94.117,94.054,94.093,4410450000
AUDJPY,20220718,2100,94.093,94.118,94.022,94.105,3945190000
AUDJPY,20220718,2200,94.105,94.136,94.055,94.123,9720100000
AUDJPY,20220718,2300,94.122,94.191,94.003,94.146,6742560000
AUDJPY,20220719,0000,94.146,94.206,94.044,94.066,13514620000
AUDJPY,20220719,0100,94.068,94.306,93.996,94.169,14935090000
AUDJPY,20220719,0200,94.174,94.405,94.167,94.324,10842540000
AUDJPY,20220719,0300,94.324,94.464,94.279,94.357,12673560000
AUDJPY,20220719,0400,94.358,94.537,94.306,94.428,9818640000
AUDJPY,20220719,0500,94.428,94.585,94.368,94.514,11099070000
AUDJPY,20220719,0600,94.511,94.571,94.301,94.399,13282360000
AUDJPY,20220719,0700,94.403,94.847,94.383,94.753,24174810000
AUDJPY,20220719,0800,94.753,95.013,94.714,94.929,18723840000
AUDJPY,20220719,0900,94.927,95.011,94.743,94.936,14066950000
AUDJPY,20220719,1000,94.938,94.958,94.803,94.884,14488560000
AUDJPY,20220719,1100,94.884,94.886,94.741,94.825,12213580000
AUDJPY,20220719,1200,94.826,94.898,94.758,94.891,14295780000
AUDJPY,20220719,1300,94.891,94.980,94.830,94.940,21659550000
AUDJPY,20220719,1400,94.940,95.203,94.866,95.188,28347870000
AUDJPY,20220719,1500,95.189,95.223,95.041,95.216,17247670000
AUDJPY,20220719,1600,95.216,95.353,95.115,95.322,10539930000
AUDJPY,20220719,1700,95.321,95.360,95.254,95.338,6766540000
AUDJPY,20220719,1800,95.338,95.359,95.246,95.294,7246840000
AUDJPY,20220719,1900,95.292,95.409,95.272,95.341,9063540000
AUDJPY,20220719,2000,95.341,95.385,95.252,95.252,4431410000
AUDJPY,20220719,2100,95.240,95.326,95.240,95.322,3631150000
AUDJPY,20220719,2200,95.320,95.395,95.310,95.375,9467040000
AUDJPY,20220719,2300,95.375,95.445,95.268,95.284,8314760000
AUDJPY,20220720,0000,95.282,95.578,95.234,95.408,12651940000
AUDJPY,20220720,0100,95.407,95.422,95.086,95.201,12655180000
AUDJPY,20220720,0200,95.202,95.485,95.191,95.485,10441160000
AUDJPY,20220720,0300,95.484,95.575,95.438,95.494,8353660000
AUDJPY,20220720,0400,95.494,95.617,95.460,95.508,8057740000
AUDJPY,20220720,0500,95.508,95.510,95.328,95.435,10722410000
AUDJPY,20220720,0600,95.437,95.567,95.355,95.555,13326060000
AUDJPY,20220720,0700,95.553,95.601,95.359,95.404,19184950000
AUDJPY,20220720,0800,95.402,95.522,95.349,95.479,13564940000
AUDJPY,20220720,0900,95.478,95.665,95.451,95.642,9292820000
AUDJPY,20220720,1000,95.641,95.753,95.320,95.409,16885090000
AUDJPY,20220720,1100,95.410,95.458,95.254,95.330,13557070000
AUDJPY,20220720,1200,95.328,95.475,95.178,95.309,19125590000
AUDJPY,20220720,1300,95.308,95.455,95.099,95.166,24099060000
AUDJPY,20220720,1400,95.166,95.392,95.063,95.347,23584600000
AUDJPY,20220720,1500,95.348,95.353,95.175,95.285,15436880000
AUDJPY,20220720,1600,95.286,95.364,95.113,95.159,10247630000
AUDJPY,20220720,1700,95.158,95.176,95.018,95.048,18487380000
AUDJPY,20220720,1800,95.049,95.216,95.034,95.186,11949640000
AUDJPY,20220720,1900,95.186,95.257,95.156,95.169,8852790000
AUDJPY,20220720,2000,95.169,95.250,95.160,95.182,3235840000
AUDJPY,20220720,2100,95.126,95.249,95.126,95.222,910000000
AUDJPY,20220720,2200,95.216,95.270,95.190,95.210,10643180000
AUDJPY,20220720,2300,95.212,95.334,95.133,95.283,9129170000
AUDJPY,20220721,0000,95.283,95.511,95.257,95.376,15777620000
AUDJPY,20220721,0100,95.376,95.389,95.198,95.319,20594650000
AUDJPY,20220721,0200,95.319,95.407,95.247,95.390,13042110000
AUDJPY,20220721,0300,95.391,95.471,95.145,95.278,17810080000
AUDJPY,20220721,0400,95.281,95.543,95.176,95.528,12784480000
AUDJPY,20220721,0500,95.528,95.566,95.423,95.515,12070750000
AUDJPY,20220721,0600,95.520,95.543,95.348,95.388,17120200000
AUDJPY,20220721,0700,95.389,95.496,95.234,95.272,23687840000
AUDJPY,20220721,0800,95.273,95.309,95.054,95.222,22499640000
AUDJPY,20220721,0900,95.223,95.333,95.185,95.306,17982670000
AUDJPY,20220721,1000,95.307,95.375,95.229,95.244,13522910000
AUDJPY,20220721,1100,95.243,95.332,95.224,95.315,12488800000
AUDJPY,20220721,1200,95.312,95.594,95.273,95.534,32401500000
AUDJPY,20220721,1300,95.534,95.568,95.075,95.366,39719960000
AUDJPY,20220721,1400,95.367,95.418,95.009,95.073,34105280000
AUDJPY,20220721,1500,95.072,95.230,94.993,95.155,23162550000
AUDJPY,20220721,1600,95.155,95.165,95.010,95.126,11790780000
AUDJPY,20220721,1700,95.126,95.126,94.951,95.078,10333859999
AUDJPY,20220721,1800,95.078,95.145,95.010,95.033,9061380000
AUDJPY,20220721,1900,95.032,95.181,94.949,95.163,10602300000
AUDJPY,20220721,2000,95.163,95.267,95.100,95.222,6198360000
AUDJPY,20220721,2100,95.206,95.309,95.162,95.247,2214530000
AUDJPY,20220721,2200,95.247,95.364,95.193,95.196,6293330000
AUDJPY,20220721,2300,95.195,95.208,94.870,94.885,9969900000
AUDJPY,20220722,0000,94.886,95.041,94.848,95.041,15456020000
AUDJPY,20220722,0100,95.041,95.230,94.953,95.157,16119550000
AUDJPY,20220722,0200,95.157,95.222,95.078,95.135,12936550000
AUDJPY,20220722,0300,95.132,95.182,95.066,95.147,9021890000
AUDJPY,20220722,0400,95.148,95.182,95.069,95.108,6394480000
AUDJPY,20220722,0500,95.108,95.239,95.072,95.199,11062890000
AUDJPY,20220722,0600,95.203,95.357,95.189,95.357,14528270000
AUDJPY,20220722,0700,95.354,95.380,94.901,95.028,24220950000
AUDJPY,20220722,0800,95.029,95.293,94.994,95.180,19490740000
AUDJPY,20220722,0900,95.180,95.188,94.997,95.078,18313380000
AUDJPY,20220722,1000,95.079,95.216,95.056,95.121,15214990000
AUDJPY,20220722,1100,95.121,95.134,94.965,95.002,21964890000
AUDJPY,20220722,1200,95.002,95.086,94.831,94.960,22615410000
AUDJPY,20220722,1300,94.959,94.997,94.702,94.711,32681360000
AUDJPY,20220722,1400,94.715,94.753,94.487,94.716,42277220000
AUDJPY,20220722,1500,94.717,94.762,94.516,94.564,23974220000
AUDJPY,20220722,1600,94.564,94.599,94.423,94.476,13325060000
AUDJPY,20220722,1700,94.477,94.478,94.179,94.251,15098170000
AUDJPY,20220722,1800,94.252,94.271,94.098,94.132,18129150000
AUDJPY,20220722,1900,94.131,94.182,94.049,94.094,13857610000
AUDJPY,20220722,2000,94.094,94.237,94.080,94.167,5125600000
AUDJPY,20220724,2100,94.264,94.289,94.168,94.268,619160000
AUDJPY,20220724,2200,94.268,94.316,94.152,94.275,6668480000
AUDJPY,20220724,2300,94.276,94.300,94.098,94.123,9282430000
AUDJPY,20220725,0000,94.124,94.392,93.925,93.986,18183420000
AUDJPY,20220725,0100,93.984,94.139,93.925,93.957,21204800000
AUDJPY,20220725,0200,93.957,94.130,93.889,94.118,17228900000
AUDJPY,20220725,0300,94.115,94.171,94.014,94.112,12219780000
AUDJPY,20220725,0400,94.110,94.142,94.013,94.110,9708650000
AUDJPY,20220725,0500,94.108,94.168,94.033,94.152,11775810000
AUDJPY,20220725,0600,94.154,94.377,94.124,94.364,13712370000
AUDJPY,20220725,0700,94.365,94.450,94.272,94.398,17415350000
AUDJPY,20220725,0800,94.397,94.672,94.365,94.636,16417690000
AUDJPY,20220725,0900,94.636,94.832,94.593,94.778,14379480000
AUDJPY,20220725,1000,94.778,94.907,94.747,94.899,9089930000
AUDJPY,20220725,1100,94.898,95.007,94.867,94.985,11535660000
AUDJPY,20220725,1200,94.984,95.184,94.969,94.969,18163140000
AUDJPY,20220725,1300,94.969,95.088,94.837,95.022,20109610000
AUDJPY,20220725,1400,95.023,95.074,94.817,94.955,29193390001
AUDJPY,20220725,1500,94.955,95.115,94.945,95.068,14657830000
AUDJPY,20220725,1600,95.067,95.139,94.960,95.114,7896240000
AUDJPY,20220725,1700,95.113,95.182,95.085,95.123,5807340000
AUDJPY,20220725,1800,95.123,95.130,95.025,95.068,6680210000
AUDJPY,20220725,1900,95.068,95.141,95.011,95.124,7330420000
AUDJPY,20220725,2000,95.124,95.135,94.998,94.998,3282990000
AUDJPY,20220725,2100,95.023,95.101,95.009,95.059,860200000
AUDJPY,20220725,2200,95.062,95.066,94.896,94.930,2805560000
AUDJPY,20220725,2300,94.929,94.937,94.757,94.804,5591270000
AUDJPY,20220726,0000,94.805,94.961,94.777,94.852,12231900000
AUDJPY,20220726,0100,94.852,95.196,94.809,95.110,15016160000
AUDJPY,20220726,0200,95.111,95.246,94.998,95.192,9939110000
AUDJPY,20220726,0300,95.192,95.215,94.998,95.030,8684490000
AUDJPY,20220726,0400,95.031,95.082,94.934,95.030,6821280000
AUDJPY,20220726,0500,95.030,95.118,94.953,95.101,9691710000
AUDJPY,20220726,0600,95.103,95.201,95.066,95.078,10324020000
AUDJPY,20220726,0700,95.079,95.268,95.053,95.171,13658070000
AUDJPY,20220726,0800,95.172,95.181,94.927,94.990,11384610000
AUDJPY,20220726,0900,94.990,95.038,94.817,94.864,12124500000
AUDJPY,20220726,1000,94.864,94.895,94.624,94.779,15621030000
AUDJPY,20220726,1100,94.779,94.888,94.689,94.709,12109830000
AUDJPY,20220726,1200,94.709,94.806,94.568,94.679,15058390000
AUDJPY,20220726,1300,94.680,94.775,94.570,94.692,23086570000
AUDJPY,20220726,1400,94.685,95.048,94.593,95.041,26146520000
AUDJPY,20220726,1500,95.042,95.052,94.746,94.800,14198630000
AUDJPY,20220726,1600,94.800,94.896,94.765,94.833,8733450000
AUDJPY,20220726,1700,94.832,94.873,94.764,94.787,6855840000
AUDJPY,20220726,1800,94.787,94.881,94.701,94.748,8605120000
AUDJPY,20220726,1900,94.748,94.878,94.729,94.857,9034700000
AUDJPY,20220726,2000,94.857,95.018,94.827,94.903,6298100000
AUDJPY,20220726,2100,94.922,95.041,94.920,94.993,1587500000
AUDJPY,20220726,2200,94.993,95.070,94.967,95.053,4011060000
AUDJPY,20220726,2300,95.053,95.212,95.053,95.124,5521570000
AUDJPY,20220727,0000,95.125,95.298,95.092,95.251,12963120000
AUDJPY,20220727,0100,95.250,95.318,94.773,94.890,17247280000
AUDJPY,20220727,0200,94.891,94.949,94.747,94.836,11264210000
AUDJPY,20220727,0300,94.833,94.907,94.749,94.789,6882720000
AUDJPY,20220727,0400,94.790,95.039,94.772,95.027,6173130000
AUDJPY,20220727,0500,95.026,95.037,94.901,95.006,7711020000
AUDJPY,20220727,0600,95.006,95.055,94.849,94.888,13069020000
AUDJPY,20220727,0700,94.887,95.025,94.882,95.019,15529210000
AUDJPY,20220727,0800,95.014,95.067,94.920,94.947,12009220000
AUDJPY,20220727,0900,94.948,95.042,94.918,94.949,10700960000
AUDJPY,20220727,1000,94.951,94.967,94.846,94.930,9601420000
AUDJPY,20220727,1100,94.929,95.061,94.922,95.014,11087810000
AUDJPY,20220727,1200,95.014,95.076,94.974,95.014,15463360000
AUDJPY,20220727,1300,95.014,95.032,94.870,94.926,19136700000
AUDJPY,20220727,1400,94.926,95.073,94.846,95.041,19399200000
AUDJPY,20220727,1500,95.041,95.074,94.981,95.028,14340320000
AUDJPY,20220727,1600,95.027,95.100,94.975,95.083,8769480000
AUDJPY,20220727,1700,95.082,95.135,95.002,95.046,9927100000
AUDJPY,20220727,1800,95.048,95.526,94.998,95.400,40286300000
AUDJPY,20220727,1900,95.403,95.690,95.345,95.476,23325370000
AUDJPY,20220727,2000,95.476,95.567,95.419,95.465,8110260000
AUDJPY,20220727,2100,95.418,95.503,95.417,95.477,4157450000
AUDJPY,20220727,2200,95.475,95.527,95.409,95.422,3450210000
AUDJPY,20220727,2300,95.422,95.443,95.148,95.186,8419100000
AUDJPY,20220728,0000,95.185,95.320,95.057,95.093,14844950000
AUDJPY,20220728,0100,95.092,95.116,94.508,94.717,27970790000
AUDJPY,20220728,0200,94.715,94.715,94.483,94.610,18141680000
AUDJPY,20220728,0300,94.610,94.680,94.551,94.676,10487290000
AUDJPY,20220728,0400,94.678,94.730,94.613,94.643,11343210000
AUDJPY,20220728,0500,94.642,94.778,94.630,94.688,10294890000
AUDJPY,20220728,0600,94.689,94.932,94.652,94.864,16831530000
AUDJPY,20220728,0700,94.863,94.920,94.777,94.880,19972460000
AUDJPY,20220728,0800,94.883,94.905,94.688,94.751,16332400000
AUDJPY,20220728,0900,94.749,94.803,94.537,94.590,16235500000
AUDJPY,20220728,1000,94.590,94.723,94.558,94.603,17095510000
AUDJPY,20220728,1100,94.604,94.624,94.459,94.576,14705900000
AUDJPY,20220728,1200,94.575,94.583,94.059,94.097,34567360000
AUDJPY,20220728,1300,94.093,94.102,93.746,93.896,42118870000
AUDJPY,20220728,1400,93.894,93.939,93.611,93.729,31789070000
AUDJPY,20220728,1500,93.729,93.803,93.656,93.732,21172690000
AUDJPY,20220728,1600,93.733,93.788,93.606,93.627,10942610000
AUDJPY,20220728,1700,93.625,93.677,93.568,93.658,6722120000
AUDJPY,20220728,1800,93.658,93.695,93.601,93.681,7756700000
AUDJPY,20220728,1900,93.680,93.745,93.633,93.730,7462720000
AUDJPY,20220728,2000,93.730,93.914,93.695,93.800,6277830000
AUDJPY,20220728,2100,93.851,93.893,93.792,93.865,1514360000
AUDJPY,20220728,2200,93.850,94.043,93.848,93.898,6752050000
AUDJPY,20220728,2300,93.900,94.126,93.898,94.038,11185780000
AUDJPY,20220729,0000,94.041,94.261,93.958,94.122,20947570000
AUDJPY,20220729,0100,94.123,94.168,94.037,94.120,15693430000
AUDJPY,20220729,0200,94.124,94.131,93.888,93.995,12355810000
AUDJPY,20220729,0300,93.993,93.999,93.226,93.309,24837520000
AUDJPY,20220729,0400,93.307,93.536,93.273,93.407,13870690000
AUDJPY,20220729,0500,93.409,93.409,93.038,93.196,20672270000
AUDJPY,20220729,0600,93.194,93.260,92.999,93.047,24123610000
AUDJPY,20220729,0700,93.045,93.362,93.037,93.255,22538810000
AUDJPY,20220729,0800,93.253,93.261,92.915,93.038,21228910000
AUDJPY,20220729,0900,93.038,93.230,93.011,93.143,17770170000
AUDJPY,20220729,1000,93.143,93.203,93.070,93.161,14872490000
AUDJPY,20220729,1100,93.161,93.210,93.005,93.027,17079890000
AUDJPY,20220729,1200,93.028,93.290,93.013,93.161,30305690000
AUDJPY,20220729,1300,93.160,93.226,92.866,92.870,30963960000
AUDJPY,20220729,1400,92.869,93.268,92.856,93.234,34127130000
AUDJPY,20220729,1500,93.233,93.286,92.998,93.032,25665400000
AUDJPY,20220729,1600,93.033,93.127,93.002,93.012,11793360000
AUDJPY,20220729,1700,93.011,93.049,92.953,93.036,6857170000
AUDJPY,20220729,1800,93.037,93.279,93.014,93.271,6847780000
AUDJPY,20220729,1900,93.267,93.326,93.105,93.159,9013410000
AUDJPY,20220729,2000,93.158,93.220,93.059,93.101,4190800000
AUDJPY,20220731,2100,92.929,93.054,92.927,93.029,3104400000
AUDJPY,20220731,2200,93.028,93.103,92.940,93.063,7899970000
AUDJPY,20220731,2300,93.062,93.143,92.954,92.963,9172340000
AUDJPY,20220801,0000,92.963,93.016,92.677,92.797,22006220000
AUDJPY,20220801,0100,92.798,92.828,92.284,92.486,28661980000
AUDJPY,20220801,0200,92.485,92.699,92.392,92.626,14176660000
AUDJPY,20220801,0300,92.627,92.707,92.533,92.577,13090920000
AUDJPY,20220801,0400,92.577,92.658,92.491,92.641,11682070000
AUDJPY,20220801,0500,92.640,92.680,92.560,92.601,13677150000
AUDJPY,20220801,0600,92.600,92.686,92.578,92.608,16303580000
AUDJPY,20220801,0700,92.610,93.004,92.591,93.003,17027470000
AUDJPY,20220801,0800,93.000,93.106,92.988,92.991,17346460000
AUDJPY,20220801,0900,92.992,93.033,92.825,92.856,17888800000
AUDJPY,20220801,1000,92.856,93.121,92.812,93.109,18071230000
AUDJPY,20220801,1100,93.110,93.311,93.056,93.208,16138980000
AUDJPY,20220801,1200,93.209,93.245,92.800,92.800,19383090000
AUDJPY,20220801,1300,92.800,92.813,92.456,92.650,29202860000
AUDJPY,20220801,1400,92.649,92.953,92.544,92.828,33853390000
AUDJPY,20220801,1500,92.827,92.858,92.609,92.711,20073240000
AUDJPY,20220801,1600,92.711,92.756,92.634,92.678,12230330000
AUDJPY,20220801,1700,92.677,92.708,92.489,92.609,11971060000
AUDJPY,20220801,1800,92.610,92.666,92.503,92.543,7868560000
AUDJPY,20220801,1900,92.544,92.563,92.418,92.487,9182640000
AUDJPY,20220801,2000,92.490,92.536,92.411,92.420,3359270000
AUDJPY,20220801,2100,92.450,92.513,92.298,92.496,1637920000
AUDJPY,20220801,2200,92.491,92.592,92.420,92.487,8050940000
AUDJPY,20220801,2300,92.487,92.546,92.264,92.296,10781500000
AUDJPY,20220802,0000,92.296,92.398,91.773,91.911,30678580000
AUDJPY,20220802,0100,91.911,91.912,91.491,91.648,26155950000
AUDJPY,20220802,0200,91.648,91.694,91.536,91.665,19936830000
AUDJPY,20220802,0300,91.664,91.886,91.603,91.797,18693140000
AUDJPY,20220802,0400,91.800,91.802,91.061,91.112,19216830000
AUDJPY,20220802,0500,91.112,91.159,90.780,90.898,22878670000
AUDJPY,20220802,0600,90.897,91.178,90.837,90.939,27213610000
AUDJPY,20220802,0700,90.939,90.977,90.572,90.622,29619630000
AUDJPY,20220802,0800,90.622,90.834,90.567,90.568,26588730000
AUDJPY,20220802,0900,90.569,90.666,90.520,90.556,17690420000
AUDJPY,20220802,1000,90.556,90.708,90.552,90.693,13802420000
AUDJPY,20220802,1100,90.693,90.953,90.668,90.841,18143070000
AUDJPY,20220802,1200,90.842,90.904,90.564,90.595,23687840000
AUDJPY,20220802,1300,90.594,91.125,90.577,91.068,37331810000
AUDJPY,20220802,1400,91.067,91.570,90.924,91.552,38218310000
AUDJPY,20220802,1500,91.553,92.046,91.479,91.970,27613950000
AUDJPY,20220802,1600,91.970,92.040,91.831,91.918,21206730000
AUDJPY,20220802,1700,91.920,92.115,91.874,92.102,22025250000
AUDJPY,20220802,1800,92.102,92.160,92.036,92.072,17177680000
AUDJPY,20220802,1900,92.070,92.133,91.889,92.114,13285710000
AUDJPY,20220802,2000,92.114,92.174,92.080,92.131,5650380000
AUDJPY,20220802,2100,92.132,92.156,92.071,92.135,1035050000
AUDJPY,20220802,2200,92.130,92.251,91.873,91.877,10731280000
AUDJPY,20220802,2300,91.878,92.278,91.862,91.872,15576800000
AUDJPY,20220803,0000,91.871,92.264,91.844,92.222,23871140000
AUDJPY,20220803,0100,92.222,92.475,92.087,92.387,24333010000
AUDJPY,20220803,0200,92.387,92.563,92.021,92.148,18841080000
AUDJPY,20220803,0300,92.148,92.207,91.917,91.929,22349380000
AUDJPY,20220803,0400,91.929,92.024,91.717,91.962,20337060000
AUDJPY,20220803,0500,91.962,92.382,91.962,92.349,17790690000
AUDJPY,20220803,0600,92.348,92.470,92.173,92.202,22839070000
AUDJPY,20220803,0700,92.202,92.474,92.066,92.313,28564660000
AUDJPY,20220803,0800,92.312,92.403,92.226,92.305,16180700000
AUDJPY,20220803,0900,92.305,92.367,92.205,92.319,13443960000
AUDJPY,20220803,1000,92.320,92.458,92.297,92.411,16102710000
AUDJPY,20220803,1100,92.411,92.644,92.337,92.644,14141190000
AUDJPY,20220803,1200,92.644,92.767,92.633,92.673,19658170000
AUDJPY,20220803,1300,92.673,92.706,92.543,92.645,21947080000
AUDJPY,20220803,1400,92.652,92.974,92.618,92.896,40763560000
AUDJPY,20220803,1500,92.895,92.995,92.764,92.990,19964910000
AUDJPY,20220803,1600,92.989,93.069,92.772,93.061,12092180000
AUDJPY,20220803,1700,93.060,93.093,92.972,93.012,7896960000
AUDJPY,20220803,1800,93.013,93.193,92.992,93.154,8549010000
AUDJPY,20220803,1900,93.155,93.219,93.071,93.075,10103080000
AUDJPY,20220803,2000,93.073,93.091,92.976,92.976,4320960000
AUDJPY,20220803,2100,92.979,93.056,92.948,92.998,3103850000
AUDJPY,20220803,2200,92.998,93.081,92.980,93.024,4598750000
AUDJPY,20220803,2300,93.024,93.128,92.892,92.906,8462990000
AUDJPY,20220804,0000,92.905,93.057,92.782,92.837,20989210000
AUDJPY,20220804,0100,92.843,93.156,92.776,93.088,20659350000
AUDJPY,20220804,0200,93.089,93.133,92.907,93.048,11757870000
AUDJPY,20220804,0300,93.047,93.115,92.968,93.039,9014210000
AUDJPY,20220804,0400,93.040,93.112,92.999,93.046,10051390000
AUDJPY,20220804,0500,93.048,93.392,93.015,93.302,16683150000
AUDJPY,20220804,0600,93.303,93.487,93.277,93.422,19882150000
AUDJPY,20220804,0700,93.421,93.540,93.360,93.470,16359780000
AUDJPY,20220804,0800,93.470,93.679,93.450,93.633,13369460000
AUDJPY,20220804,0900,93.636,93.680,93.549,93.573,11104870000
AUDJPY,20220804,1000,93.573,93.803,93.565,93.738,11591640000
AUDJPY,20220804,1100,93.735,93.803,93.078,93.187,23555010000
AUDJPY,20220804,1200,93.187,93.246,92.833,92.985,26263020000
AUDJPY,20220804,1300,92.983,93.043,92.785,92.851,28748660000
AUDJPY,20220804,1400,92.851,92.919,92.527,92.660,26885720000
AUDJPY,20220804,1500,92.660,92.864,92.591,92.828,19315890000
AUDJPY,20220804,1600,92.829,92.840,92.682,92.694,15526030000
AUDJPY,20220804,1700,92.695,92.872,92.684,92.844,9671450000
AUDJPY,20220804,1800,92.843,92.912,92.749,92.780,8974670000
AUDJPY,20220804,1900,92.779,92.820,92.584,92.671,10707370000
AUDJPY,20220804,2000,92.672,92.701,92.581,92.581,5079470000
AUDJPY,20220804,2100,92.565,92.676,92.498,92.638,1760780000
AUDJPY,20220804,2200,92.637,92.719,92.509,92.511,9965800000
AUDJPY,20220804,2300,92.512,92.568,92.239,92.296,10038590000
AUDJPY,20220805,0000,92.296,92.546,92.267,92.470,19688940000
AUDJPY,20220805,0100,92.469,92.901,92.460,92.790,20721780000
AUDJPY,20220805,0200,92.790,92.808,92.631,92.781,11051130000
AUDJPY,20220805,0300,92.786,92.820,92.677,92.766,9607110000
AUDJPY,20220805,0400,92.768,92.900,92.766,92.858,8620580000
AUDJPY,20220805,0500,92.860,92.898,92.789,92.871,12840270000
AUDJPY,20220805,0600,92.870,92.938,92.774,92.814,16897160000
AUDJPY,20220805,0700,92.814,92.937,92.804,92.844,15607550000
AUDJPY,20220805,0800,92.843,92.843,92.489,92.506,13989130000
AUDJPY,20220805,0900,92.508,92.540,92.350,92.461,11774650000
AUDJPY,20220805,1000,92.463,92.540,92.374,92.438,9882380000
AUDJPY,20220805,1100,92.439,92.554,92.408,92.538,10766230000
AUDJPY,20220805,1200,92.538,92.934,92.480,92.747,36560210000
AUDJPY,20220805,1300,92.748,93.007,92.630,92.997,39845090000
AUDJPY,20220805,1400,92.997,93.622,92.990,93.569,30105230000
AUDJPY,20220805,1500,93.568,93.589,93.284,93.350,19106060000
AUDJPY,20220805,1600,93.350,93.482,93.318,93.418,13629950000
AUDJPY,20220805,1700,93.417,93.451,93.232,93.356,12464890000
AUDJPY,20220805,1800,93.355,93.360,93.237,93.320,10998330000
AUDJPY,20220805,1900,93.319,93.377,93.254,93.351,8438190000
AUDJPY,20220805,2000,93.350,93.361,93.242,93.262,4347910000
AUDJPY,20220807,2100,93.226,93.346,93.096,93.290,625320000
AUDJPY,20220807,2200,93.296,93.434,93.238,93.310,9992700000
AUDJPY,20220807,2300,93.310,93.325,93.204,93.231,9797260000
AUDJPY,20220808,0000,93.231,93.576,93.213,93.510,21078740000
AUDJPY,20220808,0100,93.508,93.644,93.346,93.602,18805920000
AUDJPY,20220808,0200,93.603,93.848,93.587,93.676,13288700000
AUDJPY,20220808,0300,93.678,93.733,93.562,93.608,11489250000
AUDJPY,20220808,0400,93.607,93.795,93.593,93.793,8673310000
AUDJPY,20220808,0500,93.793,93.880,93.752,93.772,10574410000
AUDJPY,20220808,0600,93.772,93.976,93.757,93.965,15250880000
AUDJPY,20220808,0700,93.964,94.164,93.952,94.080,19451900000
AUDJPY,20220808,0800,94.080,94.109,93.888,94.037,12872560000
AUDJPY,20220808,0900,94.036,94.073,93.939,94.038,11002170000
AUDJPY,20220808,1000,94.038,94.069,93.891,94.046,10374630000
AUDJPY,20220808,1100,94.046,94.059,93.902,94.048,12993390000
AUDJPY,20220808,1200,94.048,94.283,94.023,94.279,16341690000
AUDJPY,20220808,1300,94.280,94.280,93.971,93.980,18640490000
AUDJPY,20220808,1400,93.980,94.427,93.973,94.334,20792510000
AUDJPY,20220808,1500,94.334,94.370,94.055,94.179,10164230000
AUDJPY,20220808,1600,94.180,94.209,94.002,94.047,7219600000
AUDJPY,20220808,1700,94.048,94.162,94.018,94.157,7298670000
AUDJPY,20220808,1800,94.157,94.162,94.059,94.123,9085820000
AUDJPY,20220808,1900,94.123,94.320,94.097,94.316,8559240000
AUDJPY,20220808,2000,94.316,94.331,94.251,94.258,4015320000
AUDJPY,20220808,2100,94.152,94.285,94.152,94.250,1944320000
AUDJPY,20220808,2200,94.254,94.286,94.200,94.281,3788720000
AUDJPY,20220808,2300,94.278,94.359,94.200,94.231,6761260000
AUDJPY,20220809,0000,94.228,94.388,94.060,94.129,12851290000
AUDJPY,20220809,0100,94.134,94.161,93.896,94.008,14761180000
AUDJPY,20220809,0200,94.007,94.179,93.994,94.177,8066430000
AUDJPY,20220809,0300,94.178,94.387,94.178,94.298,7150500000
AUDJPY,20220809,0400,94.298,94.309,94.076,94.154,5480390000
AUDJPY,20220809,0500,94.154,94.193,94.036,94.157,6990090000
AUDJPY,20220809,0600,94.157,94.217,94.064,94.087,12181770000
AUDJPY,20220809,0700,94.085,94.167,93.973,94.131,14344510000
AUDJPY,20220809,0800,94.131,94.222,94.043,94.204,14348740000
AUDJPY,20220809,0900,94.205,94.371,94.198,94.286,10132030000
AUDJPY,20220809,1000,94.278,94.278,94.089,94.129,11471270000
AUDJPY,20220809,1100,94.126,94.170,94.028,94.106,9832430000
AUDJPY,20220809,1200,94.106,94.176,94.069,94.104,13134690000
AUDJPY,20220809,1300,94.102,94.264,94.089,94.165,13845380000
AUDJPY,20220809,1400,94.163,94.268,94.060,94.106,18608090000
AUDJPY,20220809,1500,94.107,94.182,94.034,94.088,9896980000
AUDJPY,20220809,1600,94.088,94.117,93.983,94.023,6425920000
AUDJPY,20220809,1700,94.023,94.079,94.002,94.045,4279920000
AUDJPY,20220809,1800,94.044,94.086,93.957,94.010,5640130000
AUDJPY,20220809,1900,94.005,94.065,94.004,94.037,5542550000
AUDJPY,20220809,2000,94.038,94.123,94.038,94.049,3225200000
AUDJPY,20220809,2100,94.014,94.133,93.927,94.072,3198770000
AUDJPY,20220809,2200,94.071,94.109,94.023,94.038,3871510000
AUDJPY,20220809,2300,94.038,94.075,93.941,94.021,5990970000
AUDJPY,20220810,0000,94.030,94.064,93.878,93.992,12144010000
AUDJPY,20220810,0100,93.991,94.105,93.977,94.003,10034350000
AUDJPY,20220810,0200,94.004,94.074,93.946,93.951,8727460000
AUDJPY,20220810,0300,93.951,93.996,93.895,93.916,7501770000
AUDJPY,20220810,0400,93.916,93.958,93.860,93.911,6005280000
AUDJPY,20220810,0500,93.911,93.979,93.817,93.892,7687110000
AUDJPY,20220810,0600,93.892,94.033,93.821,94.026,9724890000
AUDJPY,20220810,0700,94.025,94.130,93.933,93.994,11363610000
AUDJPY,20220810,0800,93.996,94.161,93.954,94.144,10558710000
AUDJPY,20220810,0900,94.147,94.157,94.025,94.103,8202360000
AUDJPY,20220810,1000,94.102,94.142,94.042,94.097,7822920000
AUDJPY,20220810,1100,94.097,94.177,94.044,94.153,12713170000
AUDJPY,20220810,1200,94.144,94.194,93.468,93.885,37152980000
AUDJPY,20220810,1300,93.885,94.048,93.612,93.641,41480330000
AUDJPY,20220810,1400,93.644,93.865,93.607,93.752,37097040000
AUDJPY,20220810,1500,93.752,94.144,93.740,94.096,21821430000
AUDJPY,20220810,1600,94.096,94.251,94.068,94.106,14311980000
AUDJPY,20220810,1700,94.107,94.186,94.017,94.150,9972830000
AUDJPY,20220810,1800,94.149,94.295,94.129,94.146,16494370000
AUDJPY,20220810,1900,94.146,94.207,94.097,94.113,9260920000
AUDJPY,20220810,2000,94.113,94.160,94.033,94.039,4129530000
AUDJPY,20220810,2100,94.064,94.100,94.013,94.048,3892490000
AUDJPY,20220810,2200,94.046,94.127,93.955,94.105,7411050000
AUDJPY,20220810,2300,94.106,94.171,94.041,94.052,6095190000
AUDJPY,20220811,0000,94.048,94.078,93.951,93.969,11434190000
AUDJPY,20220811,0100,93.968,94.201,93.952,94.128,14224240000
AUDJPY,20220811,0200,94.127,94.225,94.084,94.136,10720310000
AUDJPY,20220811,0300,94.135,94.212,94.117,94.162,8017940000
AUDJPY,20220811,0400,94.162,94.200,94.075,94.080,7672900000
AUDJPY,20220811,0500,94.079,94.207,94.056,94.206,7909210000
AUDJPY,20220811,0600,94.208,94.298,94.065,94.099,16904050000
AUDJPY,20220811,0700,94.100,94.192,93.990,94.015,19917620000
AUDJPY,20220811,0800,94.018,94.201,93.960,94.171,16546150000
AUDJPY,20220811,0900,94.171,94.227,94.074,94.177,12499600000
AUDJPY,20220811,1000,94.177,94.188,94.083,94.145,9978870000
AUDJPY,20220811,1100,94.147,94.195,94.026,94.094,15543860000
AUDJPY,20220811,1200,94.093,94.093,93.849,93.983,31883320000
AUDJPY,20220811,1300,93.984,94.202,93.945,94.186,30765400000
AUDJPY,20220811,1400,94.187,94.505,94.160,94.436,26251120000
AUDJPY,20220811,1500,94.436,94.500,94.357,94.432,20831080000
AUDJPY,20220811,1600,94.433,94.537,94.376,94.507,10233080000
AUDJPY,20220811,1700,94.508,94.599,94.481,94.522,8906570000
AUDJPY,20220811,1800,94.524,94.547,94.415,94.470,8826760000
AUDJPY,20220811,1900,94.467,94.503,94.393,94.503,8568640000
AUDJPY,20220811,2000,94.503,94.564,94.458,94.458,4833660000
AUDJPY,20220811,2100,94.477,94.532,94.436,94.469,4919910000
AUDJPY,20220811,2200,94.466,94.518,94.375,94.415,6107890000
AUDJPY,20220811,2300,94.414,94.545,94.410,94.451,5973040000
AUDJPY,20220812,0000,94.454,94.684,94.434,94.541,20259300000
AUDJPY,20220812,0100,94.540,94.626,94.462,94.553,13207590000
AUDJPY,20220812,0200,94.550,94.796,94.546,94.764,10459650000
AUDJPY,20220812,0300,94.758,94.851,94.675,94.828,8019680000
AUDJPY,20220812,0400,94.826,94.880,94.711,94.842,9912150000
AUDJPY,20220812,0500,94.842,94.871,94.754,94.827,9007600000
AUDJPY,20220812,0600,94.828,94.939,94.802,94.934,12812580000
AUDJPY,20220812,0700,94.934,95.019,94.856,94.969,16769220000
AUDJPY,20220812,0800,94.970,94.979,94.829,94.848,12861110000
AUDJPY,20220812,0900,94.847,94.969,94.762,94.914,10683870000
AUDJPY,20220812,1000,94.915,94.916,94.645,94.754,14855760000
AUDJPY,20220812,1100,94.753,94.919,94.690,94.823,16453170000
AUDJPY,20220812,1200,94.823,94.972,94.767,94.895,22530040000
AUDJPY,20220812,1300,94.897,94.976,94.846,94.936,24060620000
AUDJPY,20220812,1400,94.937,95.000,94.761,94.964,33982690000
AUDJPY,20220812,1500,94.964,94.986,94.873,94.904,15867000000
AUDJPY,20220812,1600,94.903,95.022,94.892,95.001,8963190000
AUDJPY,20220812,1700,95.001,95.085,94.967,95.025,7336710000
AUDJPY,20220812,1800,95.024,95.147,95.024,95.139,4141690000
AUDJPY,20220812,1900,95.140,95.143,95.063,95.099,4290330000
AUDJPY,20220812,2000,95.100,95.126,95.000,95.040,3583650000
AUDJPY,20220814,2100,94.916,95.033,94.856,94.977,547970000
AUDJPY,20220814,2200,94.977,95.083,94.977,95.044,4308280000
AUDJPY,20220814,2300,95.044,95.058,94.839,94.856,6674400000
AUDJPY,20220815,0000,94.858,94.932,94.679,94.717,15911010000
AUDJPY,20220815,0100,94.716,94.943,94.679,94.937,17461470000
AUDJPY,20220815,0200,94.937,94.947,94.550,94.627,16128370000
AUDJPY,20220815,0300,94.626,94.724,94.537,94.631,10639290000
AUDJPY,20220815,0400,94.631,94.650,94.444,94.455,7765460000
AUDJPY,20220815,0500,94.454,94.517,94.262,94.319,10396470000
AUDJPY,20220815,0600,94.316,94.437,94.277,94.352,13973280000
AUDJPY,20220815,0700,94.353,94.403,94.225,94.294,15525490000
AUDJPY,20220815,0800,94.293,94.314,93.910,93.949,16555680000
AUDJPY,20220815,0900,93.948,93.955,93.622,93.852,15738320000
AUDJPY,20220815,1000,93.849,93.922,93.689,93.820,12515810000
AUDJPY,20220815,1100,93.820,93.825,93.566,93.594,11574040000
AUDJPY,20220815,1200,93.594,93.594,93.063,93.138,26831360000
AUDJPY,20220815,1300,93.139,93.325,93.091,93.305,21396430000
AUDJPY,20220815,1400,93.308,93.626,93.274,93.581,18606140000
AUDJPY,20220815,1500,93.581,93.807,93.576,93.792,9779910000
AUDJPY,20220815,1600,93.791,93.814,93.639,93.671,6034040000
AUDJPY,20220815,1700,93.671,93.725,93.612,93.649,4354790000
AUDJPY,20220815,1800,93.648,93.658,93.511,93.569,6058920000
AUDJPY,20220815,1900,93.569,93.658,93.564,93.618,6205650000
AUDJPY,20220815,2000,93.619,93.661,93.582,93.598,4291860000
AUDJPY,20220815,2100,93.598,93.621,93.517,93.584,5575880000
AUDJPY,20220815,2200,93.579,93.596,93.397,93.422,5982790000
AUDJPY,20220815,2300,93.419,93.524,93.373,93.443,9060720000
AUDJPY,20220816,0000,93.442,93.497,93.076,93.298,17548430000
AUDJPY,20220816,0100,93.298,93.747,93.295,93.601,18427860000
AUDJPY,20220816,0200,93.600,93.809,93.557,93.806,10760910000
AUDJPY,20220816,0300,93.806,93.849,93.582,93.636,7688820000
AUDJPY,20220816,0400,93.636,93.851,93.619,93.846,5386990000
AUDJPY,20220816,0500,93.846,93.875,93.659,93.796,8283330000
AUDJPY,20220816,0600,93.794,93.805,93.412,93.445,12271120000
AUDJPY,20220816,0700,93.445,93.780,93.439,93.760,18860320000
AUDJPY,20220816,0800,93.758,93.953,93.707,93.877,17011730000
AUDJPY,20220816,0900,93.880,93.976,93.806,93.830,17464590000
AUDJPY,20220816,1000,93.827,93.954,93.803,93.943,12244550000
AUDJPY,20220816,1100,93.943,94.173,93.924,94.051,13526010000
AUDJPY,20220816,1200,94.051,94.262,94.049,94.242,18140230000
AUDJPY,20220816,1300,94.242,94.473,94.208,94.454,21656590000
AUDJPY,20220816,1400,94.454,94.470,94.109,94.257,21451330000
AUDJPY,20220816,1500,94.257,94.290,94.119,94.205,11500660000
AUDJPY,20220816,1600,94.207,94.247,94.106,94.235,5642700000
AUDJPY,20220816,1700,94.235,94.324,94.211,94.313,4011760000
AUDJPY,20220816,1800,94.313,94.419,94.190,94.252,6084650000
AUDJPY,20220816,1900,94.252,94.268,94.174,94.258,6614010000
AUDJPY,20220816,2000,94.256,94.321,94.213,94.213,3175980000
AUDJPY,20220816,2100,94.211,94.299,94.171,94.268,6624060000
AUDJPY,20220816,2200,94.266,94.329,94.226,94.278,4856030000
AUDJPY,20220816,2300,94.280,94.304,94.234,94.254,4949660000
AUDJPY,20220817,0000,94.256,94.379,94.094,94.111,15474180000
AUDJPY,20220817,0100,94.110,94.240,93.761,93.815,22039420000
AUDJPY,20220817,0200,93.813,93.999,93.784,93.830,15453020000
AUDJPY,20220817,0300,93.830,93.959,93.794,93.909,9834710000
AUDJPY,20220817,0400,93.909,94.093,93.800,94.073,6319720000
AUDJPY,20220817,0500,94.071,94.165,94.018,94.158,9369240000
AUDJPY,20220817,0600,94.157,94.298,94.005,94.122,18217140000
AUDJPY,20220817,0700,94.122,94.195,93.994,94.047,22633440000
AUDJPY,20220817,0800,94.049,94.094,93.921,93.937,16913030000
AUDJPY,20220817,0900,93.938,93.967,93.831,93.936,12246020000
AUDJPY,20220817,1000,93.936,93.970,93.762,93.828,13249380000
AUDJPY,20220817,1100,93.828,93.835,93.656,93.766,17183200000
AUDJPY,20220817,1200,93.767,93.805,93.649,93.652,22760480000
AUDJPY,20220817,1300,93.651,93.769,93.566,93.695,22062060000
AUDJPY,20220817,1400,93.696,93.881,93.597,93.699,20749280000
AUDJPY,20220817,1500,93.699,93.728,93.563,93.617,13895240000
AUDJPY,20220817,1600,93.616,93.834,93.598,93.771,7864350000
AUDJPY,20220817,1700,93.773,93.845,93.743,93.755,6902880000
AUDJPY,20220817,1800,93.750,93.878,93.651,93.764,26598390000
AUDJPY,20220817,1900,93.762,93.803,93.553,93.650,12353890000
AUDJPY,20220817,2000,93.651,93.708,93.627,93.627,3317040000
AUDJPY,20220817,2100,93.627,93.737,93.562,93.668,1175980000
AUDJPY,20220817,2200,93.668,93.740,93.637,93.637,4416990000
AUDJPY,20220817,2300,93.637,93.714,93.513,93.537,7254190000
AUDJPY,20220818,0000,93.537,93.622,93.515,93.569,15116600000
AUDJPY,20220818,0100,93.567,93.745,93.398,93.461,17202910000
AUDJPY,20220818,0200,93.460,93.569,93.405,93.491,8563800000
AUDJPY,20220818,0300,93.494,93.561,93.395,93.471,9028880000
AUDJPY,20220818,0400,93.471,93.572,93.419,93.572,9390700000
AUDJPY,20220818,0500,93.572,93.739,93.550,93.647,13038820000
AUDJPY,20220818,0600,93.647,93.679,93.370,93.454,19331420000
AUDJPY,20220818,0700,93.456,93.679,93.425,93.644,20577400000
AUDJPY,20220818,0800,93.646,93.930,93.597,93.796,16118110000
AUDJPY,20220818,0900,93.798,94.077,93.788,94.052,14473030000
AUDJPY,20220818,1000,94.052,94.184,93.916,93.960,13719110000
AUDJPY,20220818,1100,93.959,93.991,93.806,93.842,18087500000
AUDJPY,20220818,1200,93.842,93.958,93.789,93.856,28425440000
AUDJPY,20220818,1300,93.857,93.901,93.623,93.730,26317910000
AUDJPY,20220818,1400,93.730,93.881,93.660,93.870,22708510000
AUDJPY,20220818,1500,93.871,93.917,93.739,93.741,12893070000
AUDJPY,20220818,1600,93.741,93.782,93.603,93.732,13982910000
AUDJPY,20220818,1700,93.731,94.024,93.727,93.946,19594640000
AUDJPY,20220818,1800,93.946,94.022,93.932,93.998,8793360000
AUDJPY,20220818,1900,93.996,94.104,93.991,94.035,7233440000
AUDJPY,20220818,2000,94.039,94.062,93.937,93.937,3216070000
AUDJPY,20220818,2100,93.934,93.967,93.814,93.940,3238200000
AUDJPY,20220818,2200,93.940,93.985,93.898,93.929,5165020000
AUDJPY,20220818,2300,93.928,93.958,93.827,93.855,5906190000
AUDJPY,20220819,0000,93.855,94.108,93.855,94.039,21017480000
AUDJPY,20220819,0100,94.038,94.098,93.854,93.978,14693780000
AUDJPY,20220819,0200,93.976,94.177,93.904,94.161,11653650000
AUDJPY,20220819,0300,94.163,94.279,94.148,94.243,9372220000
AUDJPY,20220819,0400,94.249,94.285,94.076,94.140,7160030000
AUDJPY,20220819,0500,94.141,94.191,94.052,94.172,13287160000
AUDJPY,20220819,0600,94.171,94.319,94.136,94.309,16997190000
AUDJPY,20220819,0700,94.309,94.445,94.285,94.435,22300650000
AUDJPY,20220819,0800,94.435,94.491,94.155,94.292,20038400000
AUDJPY,20220819,0900,94.294,94.373,94.255,94.296,13025100000
AUDJPY,20220819,1000,94.294,94.328,94.173,94.287,14688660000
AUDJPY,20220819,1100,94.286,94.411,94.232,94.407,20740920000
AUDJPY,20220819,1200,94.405,94.549,94.378,94.489,19432600000
AUDJPY,20220819,1300,94.488,94.519,94.144,94.225,23879310000
AUDJPY,20220819,1400,94.226,94.311,94.163,94.173,22429660000
AUDJPY,20220819,1500,94.172,94.225,94.034,94.112,14800560000
AUDJPY,20220819,1600,94.111,94.152,94.040,94.119,8668100000
AUDJPY,20220819,1700,94.120,94.129,94.030,94.111,7898300000
AUDJPY,20220819,1800,94.110,94.118,93.985,93.999,6637980000
AUDJPY,20220819,1900,93.999,94.078,93.955,94.047,6691710000
AUDJPY,20220819,2000,94.046,94.168,94.031,94.081,5052930000
AUDJPY,20220821,2100,94.001,94.051,93.894,94.043,252480000
AUDJPY,20220821,2200,94.043,94.206,93.994,94.185,7526400000
AUDJPY,20220821,2300,94.185,94.256,94.123,94.229,8751910000
AUDJPY,20220822,0000,94.229,94.427,94.164,94.384,13680700000
AUDJPY,20220822,0100,94.387,94.572,94.371,94.556,16986270000
AUDJPY,20220822,0200,94.556,94.838,94.552,94.825,14665470000
AUDJPY,20220822,0300,94.824,94.832,94.671,94.697,11422930000
AUDJPY,20220822,0400,94.697,94.702,94.586,94.682,9021610000
AUDJPY,20220822,0500,94.682,94.706,94.590,94.607,13852490000
AUDJPY,20220822,0600,94.608,94.646,94.447,94.506,18610300000
AUDJPY,20220822,0700,94.506,94.526,94.221,94.261,18836640000
AUDJPY,20220822,0800,94.261,94.606,94.128,94.601,19242430000
AUDJPY,20220822,0900,94.600,94.646,94.318,94.599,15362890000
AUDJPY,20220822,1000,94.599,94.812,94.530,94.666,13890870000
AUDJPY,20220822,1100,94.666,94.739,94.559,94.641,13316330000
AUDJPY,20220822,1200,94.642,94.747,94.637,94.719,16019510000
AUDJPY,20220822,1300,94.718,94.740,94.442,94.538,20833800000
AUDJPY,20220822,1400,94.539,94.546,94.272,94.289,21822690000
AUDJPY,20220822,1500,94.291,94.540,94.276,94.515,16261560000
AUDJPY,20220822,1600,94.516,94.620,94.479,94.524,9032040000
AUDJPY,20220822,1700,94.523,94.526,94.362,94.373,5499690000
AUDJPY,20220822,1800,94.373,94.492,94.347,94.482,5643710000
AUDJPY,20220822,1900,94.484,94.547,94.465,94.533,4806850000
AUDJPY,20220822,2000,94.534,94.597,94.526,94.526,2692050000
AUDJPY,20220822,2100,94.524,94.586,94.454,94.531,1099030000
AUDJPY,20220822,2200,94.531,94.630,94.523,94.617,5536570000
AUDJPY,20220822,2300,94.619,94.682,94.585,94.623,7021650000
AUDJPY,20220823,0000,94.623,94.817,94.508,94.517,21067610000
AUDJPY,20220823,0100,94.517,94.701,94.477,94.532,18169310000
AUDJPY,20220823,0200,94.534,94.676,94.478,94.669,13624840000
AUDJPY,20220823,0300,94.670,94.715,94.573,94.640,9990750000
AUDJPY,20220823,0400,94.640,94.647,94.544,94.553,7366340000
AUDJPY,20220823,0500,94.554,94.581,94.377,94.420,13143390000
AUDJPY,20220823,0600,94.419,94.443,94.099,94.149,19872730000
AUDJPY,20220823,0700,94.148,94.491,94.130,94.466,23357690000
AUDJPY,20220823,0800,94.467,94.627,94.434,94.454,16484800000
AUDJPY,20220823,0900,94.454,94.533,94.369,94.524,10916700000
AUDJPY,20220823,1000,94.524,94.552,94.410,94.501,10181170000
AUDJPY,20220823,1100,94.499,94.515,94.397,94.454,10969380000
AUDJPY,20220823,1200,94.453,94.537,94.407,94.524,14582870000
AUDJPY,20220823,1300,94.524,94.785,94.475,94.593,29729680000
AUDJPY,20220823,1400,94.595,94.681,94.347,94.627,44447440000
AUDJPY,20220823,1500,94.627,94.702,94.538,94.661,23846860000
AUDJPY,20220823,1600,94.661,94.717,94.574,94.700,10713540000
AUDJPY,20220823,1700,94.699,94.852,94.680,94.698,13238540000
AUDJPY,20220823,1800,94.701,94.760,94.658,94.699,10481820000
AUDJPY,20220823,1900,94.698,94.794,94.652,94.790,8185280000
AUDJPY,20220823,2000,94.791,94.809,94.713,94.721,3188740000
AUDJPY,20220823,2100,94.745,94.766,94.572,94.715,4763960000
AUDJPY,20220823,2200,94.715,94.759,94.658,94.689,3365700000
AUDJPY,20220823,2300,94.688,94.737,94.568,94.637,11842110000
AUDJPY,20220824,0000,94.638,94.742,94.586,94.643,15325900000
AUDJPY,20220824,0100,94.644,94.717,94.360,94.492,18546090000
AUDJPY,20220824,0200,94.491,94.569,94.363,94.415,15492970000
AUDJPY,20220824,0300,94.413,94.478,94.367,94.417,11452300000
AUDJPY,20220824,0400,94.419,94.423,94.193,94.343,14625470000
AUDJPY,20220824,0500,94.344,94.383,94.278,94.337,10013870000
AUDJPY,20220824,0600,94.339,94.434,94.290,94.405,14791420000
AUDJPY,20220824,0700,94.405,94.575,94.356,94.521,18053440000
AUDJPY,20220824,0800,94.524,94.561,94.368,94.457,16337790000
AUDJPY,20220824,0900,94.459,94.484,94.300,94.370,15551470000
AUDJPY,20220824,1000,94.370,94.413,94.259,94.311,12364880000
AUDJPY,20220824,1100,94.309,94.380,94.247,94.299,15697520000
AUDJPY,20220824,1200,94.297,94.368,94.247,94.282,26112490000
AUDJPY,20220824,1300,94.282,94.436,94.269,94.413,23691490000
AUDJPY,20220824,1400,94.413,94.639,94.376,94.526,28505430000
AUDJPY,20220824,1500,94.526,94.683,94.482,94.640,18629810000
AUDJPY,20220824,1600,94.637,94.724,94.584,94.624,10792520000
AUDJPY,20220824,1700,94.623,94.703,94.603,94.659,9692920000
AUDJPY,20220824,1800,94.659,94.680,94.608,94.646,6248150000
AUDJPY,20220824,1900,94.646,94.763,94.634,94.742,6866680000
AUDJPY,20220824,2000,94.743,94.794,94.672,94.672,4102570000
AUDJPY,20220824,2100,94.694,94.727,94.561,94.697,6848090000
AUDJPY,20220824,2200,94.693,94.749,94.612,94.686,3995540000
AUDJPY,20220824,2300,94.686,94.743,94.650,94.667,5305990000
AUDJPY,20220825,0000,94.669,94.831,94.662,94.802,17095200000
AUDJPY,20220825,0100,94.802,94.908,94.699,94.839,20819850000
AUDJPY,20220825,0200,94.840,94.950,94.818,94.911,14988470000
AUDJPY,20220825,0300,94.913,95.054,94.912,95.039,11627850000
AUDJPY,20220825,0400,95.037,95.138,94.963,95.066,13469360000
AUDJPY,20220825,0500,95.066,95.097,94.985,95.049,12541580000
AUDJPY,20220825,0600,95.052,95.310,95.040,95.228,19480820000
AUDJPY,20220825,0700,95.225,95.293,95.165,95.249,21028430000
AUDJPY,20220825,0800,95.249,95.436,95.202,95.334,16508680000
AUDJPY,20220825,0900,95.334,95.340,95.190,95.211,14964280000
AUDJPY,20220825,1000,95.213,95.303,95.120,95.162,11922910000
AUDJPY,20220825,1100,95.163,95.249,95.077,95.099,15417930000
AUDJPY,20220825,1200,95.098,95.266,95.088,95.189,22150600000
AUDJPY,20220825,1300,95.190,95.275,95.101,95.236,20527640000
AUDJPY,20220825,1400,95.239,95.405,95.121,95.240,21929100000
AUDJPY,20220825,1500,95.240,95.256,95.127,95.243,15378670000
AUDJPY,20220825,1600,95.242,95.289,95.140,95.228,9415630000
AUDJPY,20220825,1700,95.226,95.242,95.156,95.198,9379920000
AUDJPY,20220825,1800,95.199,95.243,95.164,95.212,9136500000
AUDJPY,20220825,1900,95.211,95.283,95.185,95.276,5417690000
AUDJPY,20220825,2000,95.277,95.306,95.236,95.238,3606140000
AUDJPY,20220825,2100,95.229,95.263,95.177,95.261,1402200000
AUDJPY,20220825,2200,95.259,95.291,95.135,95.173,2924670000
AUDJPY,20220825,2300,95.173,95.259,95.071,95.071,6793800000
AUDJPY,20220826,0000,95.072,95.158,95.034,95.052,12163280000
AUDJPY,20220826,0100,95.056,95.183,95.029,95.167,13588780000
AUDJPY,20220826,0200,95.158,95.324,95.142,95.273,10623890000
AUDJPY,20220826,0300,95.272,95.299,95.161,95.202,8011080000
AUDJPY,20220826,0400,95.202,95.233,95.127,95.168,9064970000
AUDJPY,20220826,0500,95.168,95.233,95.098,95.224,10263500000
AUDJPY,20220826,0600,95.224,95.373,95.196,95.328,13395480000
AUDJPY,20220826,0700,95.330,95.403,95.264,95.386,15018300000
AUDJPY,20220826,0800,95.386,95.386,95.268,95.345,13480960000
AUDJPY,20220826,0900,95.346,95.550,95.330,95.550,12403080000
AUDJPY,20220826,1000,95.551,95.636,95.516,95.601,10276540000
AUDJPY,20220826,1100,95.601,95.615,95.477,95.570,11134840000
AUDJPY,20220826,1200,95.570,95.616,95.436,95.570,26057390000
AUDJPY,20220826,1300,95.569,95.692,95.532,95.534,34398150000
AUDJPY,20220826,1400,95.524,95.767,95.167,95.265,50701270000
AUDJPY,20220826,1500,95.262,95.291,94.818,94.846,27746230000
AUDJPY,20220826,1600,94.848,94.866,94.731,94.846,20721130000
AUDJPY,20220826,1700,94.846,94.893,94.746,94.794,15195100000
AUDJPY,20220826,1800,94.794,94.815,94.618,94.674,13614780000
AUDJPY,20220826,1900,94.672,94.746,94.630,94.724,17827950000
AUDJPY,20220826,2000,94.723,94.928,94.677,94.893,6786870000
AUDJPY,20220828,2100,94.689,94.781,94.684,94.723,726890000
AUDJPY,20220828,2200,94.728,94.855,94.708,94.770,6489640000
AUDJPY,20220828,2300,94.771,94.875,94.730,94.841,11620330000
AUDJPY,20220829,0000,94.841,95.025,94.835,94.959,23530840000
AUDJPY,20220829,0100,94.959,95.026,94.817,94.971,23205400000
AUDJPY,20220829,0200,94.971,95.213,94.944,95.064,17628810000
AUDJPY,20220829,0300,95.064,95.107,94.982,95.043,14424350000
AUDJPY,20220829,0400,95.043,95.094,94.996,95.033,14308090000
AUDJPY,20220829,0500,95.033,95.192,94.994,95.177,14278190000
AUDJPY,20220829,0600,95.178,95.276,95.094,95.150,18816320000
AUDJPY,20220829,0700,95.152,95.255,95.035,95.084,25741550000
AUDJPY,20220829,0800,95.085,95.122,94.972,95.000,21596610000
AUDJPY,20220829,0900,94.999,95.124,94.984,95.083,16601900000
AUDJPY,20220829,1000,95.082,95.091,94.928,95.073,17744630000
AUDJPY,20220829,1100,95.073,95.304,95.068,95.277,18621200000
AUDJPY,20220829,1200,95.275,95.599,95.218,95.559,22911030000
AUDJPY,20220829,1300,95.559,95.663,95.497,95.635,26115030000
AUDJPY,20220829,1400,95.629,95.875,95.490,95.525,25910550000
AUDJPY,20220829,1500,95.524,95.823,95.498,95.822,16413030000
AUDJPY,20220829,1600,95.820,95.909,95.737,95.877,12017270000
AUDJPY,20220829,1700,95.876,95.920,95.788,95.856,9453550000
AUDJPY,20220829,1800,95.856,95.867,95.754,95.779,12970150000
AUDJPY,20220829,1900,95.778,95.798,95.698,95.725,10217890000
AUDJPY,20220829,2000,95.726,95.746,95.673,95.710,2346300000
AUDJPY,20220829,2100,95.685,95.749,95.602,95.723,906550000
AUDJPY,20220829,2200,95.723,95.803,95.647,95.686,3382080000
AUDJPY,20220829,2300,95.686,95.773,95.650,95.762,5979810000
AUDJPY,20220830,0000,95.762,95.800,95.496,95.580,16368420000
AUDJPY,20220830,0100,95.582,95.768,95.454,95.500,18370020000
AUDJPY,20220830,0200,95.507,95.509,95.320,95.354,14357530000
AUDJPY,20220830,0300,95.354,95.429,95.248,95.428,11946690000
AUDJPY,20220830,0400,95.427,95.447,95.350,95.363,12748380000
AUDJPY,20220830,0500,95.363,95.639,95.309,95.616,13394960000
AUDJPY,20220830,0600,95.618,95.770,95.513,95.705,18768250000
AUDJPY,20220830,0700,95.706,95.939,95.688,95.882,21624110000
AUDJPY,20220830,0800,95.884,96.151,95.853,96.114,21370320000
AUDJPY,20220830,0900,96.115,96.200,96.023,96.123,14674040000
AUDJPY,20220830,1000,96.125,96.141,95.892,95.923,11755570000
AUDJPY,20220830,1100,95.923,95.946,95.788,95.807,15830360000
AUDJPY,20220830,1200,95.807,95.859,95.701,95.701,18323550000
AUDJPY,20220830,1300,95.701,95.838,95.313,95.445,26785270000
AUDJPY,20220830,1400,95.443,95.522,95.272,95.380,37495540000
AUDJPY,20220830,1500,95.380,95.547,95.349,95.385,25250100000
AUDJPY,20220830,1600,95.387,95.419,95.056,95.061,15541060000
AUDJPY,20220830,1700,95.063,95.165,94.973,95.136,12312220000
AUDJPY,20220830,1800,95.137,95.184,94.984,95.048,12027820000
AUDJPY,20220830,1900,95.048,95.233,95.048,95.110,11702660000
AUDJPY,20220830,2000,95.109,95.185,95.069,95.069,3177080000
AUDJPY,20220830,2100,95.086,95.153,95.026,95.093,1171090000
AUDJPY,20220830,2200,95.088,95.193,95.078,95.130,3925630000
AUDJPY,20220830,2300,95.129,95.206,95.079,95.108,6604800000
AUDJPY,20220831,0000,95.108,95.157,94.959,95.101,15788950000
AUDJPY,20220831,0100,95.101,95.131,94.905,95.065,14496730000
AUDJPY,20220831,0200,95.067,95.228,95.002,95.193,11484790000
AUDJPY,20220831,0300,95.193,95.363,95.142,95.339,10356520000
AUDJPY,20220831,0400,95.339,95.379,95.232,95.314,9816270000
AUDJPY,20220831,0500,95.314,95.534,95.274,95.524,13157770000
AUDJPY,20220831,0600,95.522,95.566,95.298,95.330,16244120000
AUDJPY,20220831,0700,95.331,95.441,95.269,95.342,16600560000
AUDJPY,20220831,0800,95.345,95.409,95.219,95.220,18222760000
AUDJPY,20220831,0900,95.220,95.247,95.105,95.112,17781330000
AUDJPY,20220831,1000,95.113,95.200,95.008,95.013,16745380000
AUDJPY,20220831,1100,95.015,95.200,94.966,95.134,17079320000
AUDJPY,20220831,1200,95.135,95.153,94.890,95.093,23390720000
AUDJPY,20220831,1300,95.095,95.310,95.058,95.117,28303530000
AUDJPY,20220831,1400,95.117,95.161,94.910,95.030,37334560000
AUDJPY,20220831,1500,95.031,95.213,94.995,95.195,23807110000
AUDJPY,20220831,1600,95.197,95.214,95.061,95.099,10551860000
AUDJPY,20220831,1700,95.099,95.125,94.987,95.056,7773670000
AUDJPY,20220831,1800,95.055,95.154,94.939,94.974,10113060000
AUDJPY,20220831,1900,94.971,95.128,94.966,95.043,14797760000
AUDJPY,20220831,2000,95.046,95.095,94.968,95.039,5883720000
AUDJPY,20220831,2100,95.041,95.172,94.984,95.156,2025590000
AUDJPY,20220831,2200,95.154,95.219,95.051,95.136,6974000000
AUDJPY,20220831,2300,95.135,95.206,95.086,95.130,12741300000
AUDJPY,20220901,0000,95.129,95.232,94.888,95.055,21984730000
AUDJPY,20220901,0100,95.055,95.099,94.988,95.014,19165839999
AUDJPY,20220901,0200,95.014,95.132,94.989,95.040,11996200000
AUDJPY,20220901,0300,95.041,95.099,94.871,94.919,10921470000
AUDJPY,20220901,0400,94.920,94.989,94.785,94.983,9999630000
AUDJPY,20220901,0500,94.981,95.247,94.924,95.210,13306170000
AUDJPY,20220901,0600,95.209,95.213,94.964,95.139,18069250000
AUDJPY,20220901,0700,95.139,95.202,95.066,95.184,20457810000
AUDJPY,20220901,0800,95.185,95.274,95.037,95.076,21047710000
AUDJPY,20220901,0900,95.077,95.162,94.981,95.052,16312470000
AUDJPY,20220901,1000,95.052,95.063,94.933,94.965,15472430000
AUDJPY,20220901,1100,94.962,95.177,94.876,95.125,17448140000
AUDJPY,20220901,1200,95.126,95.261,95.080,95.240,21764930000
AUDJPY,20220901,1300,95.240,95.258,95.021,95.087,25663280000
AUDJPY,20220901,1400,95.087,95.370,94.930,94.958,42634770000
AUDJPY,20220901,1500,94.961,95.070,94.760,94.836,24702960000
AUDJPY,20220901,1600,94.836,94.970,94.832,94.895,19983360000
AUDJPY,20220901,1700,94.897,95.103,94.869,95.005,13443820000
AUDJPY,20220901,1800,95.008,95.174,94.975,95.090,17127240000
AUDJPY,20220901,1900,95.092,95.205,95.012,95.128,14345770000
AUDJPY,20220901,2000,95.128,95.183,95.083,95.142,3728020000
AUDJPY,20220901,2100,95.119,95.166,95.100,95.123,860570000
AUDJPY,20220901,2200,95.123,95.206,95.119,95.157,3826610000
AUDJPY,20220901,2300,95.156,95.205,95.082,95.186,7196340000
AUDJPY,20220902,0000,95.186,95.204,95.034,95.133,13863690000
AUDJPY,20220902,0100,95.133,95.201,95.063,95.148,15011000000
AUDJPY,20220902,0200,95.155,95.182,95.016,95.126,9668320000
AUDJPY,20220902,0300,95.125,95.182,95.099,95.164,6166220000
AUDJPY,20220902,0400,95.163,95.248,95.116,95.245,8528680000
AUDJPY,20220902,0500,95.245,95.330,95.130,95.268,13120390000
AUDJPY,20220902,0600,95.269,95.309,95.186,95.257,15274920000
AUDJPY,20220902,0700,95.257,95.369,95.199,95.292,14650600000
AUDJPY,20220902,0800,95.295,95.505,95.290,95.495,10849600000
AUDJPY,20220902,0900,95.495,95.608,95.454,95.578,11284920000
AUDJPY,20220902,1000,95.578,95.605,95.458,95.525,11143580000
AUDJPY,20220902,1100,95.525,95.669,95.469,95.652,15179010000
AUDJPY,20220902,1200,95.651,95.938,95.583,95.891,34605150000
AUDJPY,20220902,1300,95.891,95.893,95.572,95.624,37975350000
AUDJPY,20220902,1400,95.627,96.036,95.500,95.893,27495280000
AUDJPY,20220902,1500,95.897,95.907,95.792,95.848,19123410000
AUDJPY,20220902,1600,95.849,95.855,95.366,95.448,24687810000
AUDJPY,20220902,1700,95.447,95.449,95.220,95.310,20926040000
AUDJPY,20220902,1800,95.310,95.534,95.310,95.494,11728350000
AUDJPY,20220902,1900,95.492,95.576,95.314,95.467,11165380000
AUDJPY,20220902,2000,95.467,95.511,95.399,95.441,5007510000
AUDJPY,20220904,2100,94.954,95.129,94.951,95.054,1016600000
AUDJPY,20220904,2200,95.059,95.429,95.059,95.365,8390710000
AUDJPY,20220904,2300,95.365,95.489,95.350,95.402,7165630000
AUDJPY,20220905,0000,95.402,95.522,95.223,95.226,20861000000
AUDJPY,20220905,0100,95.226,95.322,95.073,95.101,20913440000
AUDJPY,20220905,0200,95.101,95.199,95.030,95.190,19629510000
AUDJPY,20220905,0300,95.189,95.362,95.141,95.350,11186300000
AUDJPY,20220905,0400,95.350,95.356,95.232,95.270,8227770000
AUDJPY,20220905,0500,95.267,95.275,95.147,95.191,15097220000
AUDJPY,20220905,0600,95.191,95.385,95.175,95.362,16394490000
AUDJPY,20220905,0700,95.364,95.410,95.181,95.233,21727170000
AUDJPY,20220905,0800,95.233,95.345,95.195,95.250,18122950000
AUDJPY,20220905,0900,95.250,95.412,95.234,95.406,20168380000
AUDJPY,20220905,1000,95.406,95.534,95.401,95.489,15589140000
AUDJPY,20220905,1100,95.489,95.526,95.381,95.417,14467370000
AUDJPY,20220905,1200,95.417,95.590,95.408,95.570,19095350000
AUDJPY,20220905,1300,95.570,95.590,95.488,95.507,12744680000
AUDJPY,20220905,1400,95.507,95.530,95.450,95.511,12139020000
AUDJPY,20220905,1500,95.511,95.570,95.494,95.562,5504880000
AUDJPY,20220905,1600,95.559,95.592,95.508,95.542,3805190000
AUDJPY,20220905,1700,95.545,95.575,95.543,95.558,952680000
AUDJPY,20220905,1800,95.555,95.602,95.554,95.571,1239300000
AUDJPY,20220905,1900,95.570,95.597,95.561,95.568,1449850000
AUDJPY,20220905,2000,95.568,95.575,95.495,95.495,1717490000
AUDJPY,20220905,2100,95.520,95.570,95.502,95.523,2990860000
AUDJPY,20220905,2200,95.525,95.725,95.517,95.649,4973800000
AUDJPY,20220905,2300,95.648,95.718,95.595,95.647,5593350000
AUDJPY,20220906,0000,95.649,95.857,95.551,95.811,16654300000
AUDJPY,20220906,0100,95.812,95.902,95.754,95.871,14104450000
AUDJPY,20220906,0200,95.870,95.900,95.765,95.818,11594010000
AUDJPY,20220906,0300,95.820,95.821,95.551,95.589,9201700000
AUDJPY,20220906,0400,95.590,95.878,95.483,95.832,15400460000
AUDJPY,20220906,0500,95.833,96.006,95.754,95.920,17180920000
AUDJPY,20220906,0600,95.924,95.939,95.763,95.836,19590380000
AUDJPY,20220906,0700,95.836,96.189,95.783,96.113,29673700000
AUDJPY,20220906,0800,96.116,96.127,95.854,95.931,19247990000
AUDJPY,20220906,0900,95.932,96.063,95.830,96.033,14918580000
AUDJPY,20220906,1000,96.033,96.138,96.017,96.093,14971650000
AUDJPY,20220906,1100,96.091,96.236,96.077,96.117,18605430000
AUDJPY,20220906,1200,96.118,96.319,96.071,96.258,21331930000
AUDJPY,20220906,1300,96.257,96.362,96.124,96.235,31103370000
AUDJPY,20220906,1400,96.244,96.415,96.116,96.287,36501770000
AUDJPY,20220906,1500,96.287,96.504,96.227,96.475,23921830000
AUDJPY,20220906,1600,96.475,96.517,96.310,96.345,18455990000
AUDJPY,20220906,1700,96.346,96.352,96.154,96.222,12862420000
AUDJPY,20220906,1800,96.220,96.313,96.173,96.173,11380490000
AUDJPY,20220906,1900,96.173,96.204,96.093,96.145,12398450000
AUDJPY,20220906,2000,96.147,96.197,96.091,96.153,3403210000
AUDJPY,20220906,2100,96.121,96.186,96.064,96.170,5385850000
AUDJPY,20220906,2200,96.161,96.629,96.145,96.477,8265390000
AUDJPY,20220906,2300,96.470,96.470,96.299,96.311,14939720000
AUDJPY,20220907,0000,96.312,96.345,96.036,96.089,26625160000
AUDJPY,20220907,0100,96.091,96.185,95.995,96.144,22810430000
AUDJPY,20220907,0200,96.144,96.483,96.136,96.402,26451760000
AUDJPY,20220907,0300,96.401,96.616,96.293,96.564,24482980000
AUDJPY,20220907,0400,96.564,96.823,96.534,96.688,25504150000
AUDJPY,20220907,0500,96.688,96.789,96.542,96.759,20853600000
AUDJPY,20220907,0600,96.759,96.954,96.673,96.906,22956650000
AUDJPY,20220907,0700,96.907,96.927,96.674,96.862,28501970000
AUDJPY,20220907,0800,96.862,96.919,96.734,96.877,23500240000
AUDJPY,20220907,0900,96.879,97.051,96.847,97.049,19072830000
AUDJPY,20220907,1000,97.048,97.310,97.036,97.252,21548480000
AUDJPY,20220907,1100,97.251,97.349,97.141,97.149,27597990000
AUDJPY,20220907,1200,97.149,97.174,96.993,97.152,26449070000
AUDJPY,20220907,1300,97.152,97.308,97.086,97.213,27927990000
AUDJPY,20220907,1400,97.209,97.229,97.029,97.136,35609510000
AUDJPY,20220907,1500,97.136,97.288,97.072,97.151,19046550000
AUDJPY,20220907,1600,97.150,97.271,97.010,97.244,12869300000
AUDJPY,20220907,1700,97.244,97.348,97.231,97.319,17791250000
AUDJPY,20220907,1800,97.322,97.397,97.279,97.319,10522080000
AUDJPY,20220907,1900,97.318,97.380,97.232,97.261,10173440000
AUDJPY,20220907,2000,97.261,97.353,97.241,97.277,4291050000
AUDJPY,20220907,2100,97.220,97.329,97.220,97.303,2215940000
AUDJPY,20220907,2200,97.303,97.492,97.288,97.436,8378840000
AUDJPY,20220907,2300,97.436,97.490,97.283,97.291,9979200000
AUDJPY,20220908,0000,97.294,97.464,97.240,97.283,19152570000
AUDJPY,20220908,0100,97.282,97.345,97.032,97.086,21574140000
AUDJPY,20220908,0200,97.086,97.297,97.067,97.293,14840350000
AUDJPY,20220908,0300,97.295,97.298,96.720,96.768,21166340000
AUDJPY,20220908,0400,96.769,96.950,96.674,96.950,13967550000
AUDJPY,20220908,0500,96.949,97.112,96.831,96.937,17716910000
AUDJPY,20220908,0600,96.937,97.093,96.789,97.048,19095710000
AUDJPY,20220908,0700,97.048,97.204,96.743,96.832,24816950000
AUDJPY,20220908,0800,96.834,97.007,96.638,96.974,25152370000
AUDJPY,20220908,0900,96.974,97.019,96.767,96.788,15777930000
AUDJPY,20220908,1000,96.788,96.928,96.671,96.874,16008010000
AUDJPY,20220908,1100,96.874,96.949,96.841,96.903,20000780000
AUDJPY,20220908,1200,96.903,97.061,96.821,97.036,38380450000
AUDJPY,20220908,1300,97.036,97.063,96.816,96.864,42624220000
AUDJPY,20220908,1400,96.865,97.059,96.791,97.000,28175720000
AUDJPY,20220908,1500,97.001,97.199,96.954,97.068,19744550000
AUDJPY,20220908,1600,97.069,97.100,96.889,97.055,22406860000
AUDJPY,20220908,1700,97.054,97.299,97.049,97.262,12657650000
AUDJPY,20220908,1800,97.261,97.328,97.151,97.153,10732450000
AUDJPY,20220908,1900,97.152,97.211,97.114,97.201,12873750000
AUDJPY,20220908,2000,97.201,97.287,97.188,97.268,4463640000
AUDJPY,20220908,2100,97.244,97.279,97.198,97.238,7626110000
AUDJPY,20220908,2200,97.239,97.298,97.130,97.280,5029680000
AUDJPY,20220908,2300,97.280,97.357,97.235,97.321,7273290000
AUDJPY,20220909,0000,97.318,97.651,97.291,97.555,19811210000
AUDJPY,20220909,0100,97.555,97.584,97.417,97.542,21630110000
AUDJPY,20220909,0200,97.542,97.906,97.529,97.904,20749890000
AUDJPY,20220909,0300,97.903,97.913,97.588,97.678,24679830000
AUDJPY,20220909,0400,97.677,97.692,97.285,97.577,27195540000
AUDJPY,20220909,0500,97.577,97.648,97.503,97.631,20117630000
AUDJPY,20220909,0600,97.632,97.706,97.528,97.583,23163830000
AUDJPY,20220909,0700,97.583,97.677,97.434,97.668,27947060000
AUDJPY,20220909,0800,97.668,97.704,97.529,97.572,24733070000
AUDJPY,20220909,0900,97.571,97.599,97.430,97.435,20301750000
AUDJPY,20220909,1000,97.436,97.441,97.069,97.135,24440750000
AUDJPY,20220909,1100,97.136,97.428,97.115,97.348,27150700000
AUDJPY,20220909,1200,97.352,97.498,97.235,97.427,30239010000
AUDJPY,20220909,1300,97.426,97.568,97.297,97.492,39696700000
AUDJPY,20220909,1400,97.492,97.577,97.335,97.413,34860590000
AUDJPY,20220909,1500,97.414,97.521,97.367,97.510,19786680000
AUDJPY,20220909,1600,97.509,97.624,97.417,97.622,14723990000
AUDJPY,20220909,1700,97.623,97.628,97.537,97.606,7900430000
AUDJPY,20220909,1800,97.606,97.628,97.542,97.615,9780220000
AUDJPY,20220909,1900,97.615,97.659,97.590,97.656,10143130000
AUDJPY,20220909,2000,97.655,97.664,97.539,97.543,5609110000
AUDJPY,20220911,2100,97.114,97.386,96.941,97.351,1842530000
AUDJPY,20220911,2200,97.339,97.687,97.339,97.684,6674020000
AUDJPY,20220911,2300,97.686,97.721,97.572,97.589,7333670000
AUDJPY,20220912,0000,97.589,97.895,97.542,97.716,15189300000
AUDJPY,20220912,0100,97.716,97.719,97.421,97.579,14565570000
AUDJPY,20220912,0200,97.579,97.629,97.465,97.507,11114530000
AUDJPY,20220912,0300,97.507,97.726,97.484,97.702,13540880000
AUDJPY,20220912,0400,97.700,97.826,97.650,97.771,14233880000
AUDJPY,20220912,0500,97.771,98.037,97.751,98.029,12353560000
AUDJPY,20220912,0600,98.029,98.357,98.016,98.270,21329460000
AUDJPY,20220912,0700,98.272,98.361,98.168,98.201,29648500000
AUDJPY,20220912,0800,98.202,98.336,98.167,98.212,24136590000
AUDJPY,20220912,0900,98.212,98.265,98.040,98.078,23197070000
AUDJPY,20220912,1000,98.076,98.090,97.976,97.995,18475240000
AUDJPY,20220912,1100,97.995,98.056,97.916,98.048,19357820000
AUDJPY,20220912,1200,98.047,98.112,97.890,98.033,26728660000
AUDJPY,20220912,1300,98.033,98.206,98.033,98.187,30026880000
AUDJPY,20220912,1400,98.189,98.209,98.023,98.033,25616280000
AUDJPY,20220912,1500,98.033,98.081,97.961,98.075,16339350000
AUDJPY,20220912,1600,98.075,98.099,98.004,98.046,12081920000
AUDJPY,20220912,1700,98.045,98.199,98.026,98.177,9832130000
AUDJPY,20220912,1800,98.177,98.234,98.085,98.193,10018640000
AUDJPY,20220912,1900,98.195,98.315,98.193,98.303,8294930000
AUDJPY,20220912,2000,98.304,98.389,98.300,98.339,3275380000
AUDJPY,20220912,2100,98.350,98.407,98.331,98.353,7684880000
AUDJPY,20220912,2200,98.351,98.374,98.212,98.330,5372810000
AUDJPY,20220912,2300,98.330,98.367,98.274,98.276,5946200000
AUDJPY,20220913,0000,98.278,98.433,98.101,98.146,19379680000
AUDJPY,20220913,0100,98.148,98.237,97.996,98.001,21743450000
AUDJPY,20220913,0200,98.001,98.054,97.790,97.917,15441290000
AUDJPY,20220913,0300,97.918,97.967,97.838,97.885,13863890000
AUDJPY,20220913,0400,97.884,98.004,97.833,97.966,11163400000
AUDJPY,20220913,0500,97.966,98.038,97.846,97.851,9702650000
AUDJPY,20220913,0600,97.851,97.984,97.712,97.947,19065010000
AUDJPY,20220913,0700,97.949,98.078,97.904,97.991,18675650000
AUDJPY,20220913,0800,97.994,98.182,97.977,98.118,16814530000
AUDJPY,20220913,0900,98.119,98.276,98.069,98.169,14124680000
AUDJPY,20220913,1000,98.167,98.254,98.109,98.221,14875570000
AUDJPY,20220913,1100,98.221,98.232,98.041,98.144,17618980000
AUDJPY,20220913,1200,98.136,98.588,97.759,98.122,41969640000
AUDJPY,20220913,1300,98.121,98.121,97.803,98.045,49727590000
AUDJPY,20220913,1400,98.046,98.046,97.664,97.710,31092610000
AUDJPY,20220913,1500,97.708,97.798,97.537,97.590,24030280000
AUDJPY,20220913,1600,97.593,97.706,97.527,97.553,17716470000
AUDJPY,20220913,1700,97.552,97.626,97.483,97.570,10927720000
AUDJPY,20220913,1800,97.571,97.585,97.236,97.248,12430680000
AUDJPY,20220913,1900,97.248,97.299,97.187,97.261,14302450000
AUDJPY,20220913,2000,97.263,97.345,97.235,97.247,6140630000
AUDJPY,20220913,2100,97.259,97.493,97.218,97.439,3457320000
AUDJPY,20220913,2200,97.419,97.603,97.376,97.552,8796630000
AUDJPY,20220913,2300,97.552,97.552,97.242,97.368,14814080000
AUDJPY,20220914,0000,97.368,97.459,97.141,97.356,26705360000
AUDJPY,20220914,0100,97.357,97.540,97.345,97.424,22130920000
AUDJPY,20220914,0200,97.423,97.488,97.185,97.185,18639570000
AUDJPY,20220914,0300,97.185,97.293,97.102,97.170,14500350000
AUDJPY,20220914,0400,97.173,97.173,96.832,96.904,18458810000
AUDJPY,20220914,0500,96.904,96.944,96.686,96.703,19577560000
AUDJPY,20220914,0600,96.702,96.706,96.406,96.406,25040920000
AUDJPY,20220914,0700,96.405,96.471,96.257,96.400,31236260000
AUDJPY,20220914,0800,96.400,96.569,96.273,96.452,31438320000
AUDJPY,20220914,0900,96.452,96.675,96.345,96.378,25670560000
AUDJPY,20220914,1000,96.378,96.504,96.295,96.347,19102470000
AUDJPY,20220914,1100,96.347,96.374,96.175,96.205,23400710000
AUDJPY,20220914,1200,96.204,96.317,96.086,96.179,33948900000
AUDJPY,20220914,1300,96.177,96.299,96.031,96.263,37936630000
AUDJPY,20220914,1400,96.263,96.364,95.981,96.299,35548920000
AUDJPY,20220914,1500,96.299,96.528,96.234,96.486,23712890000
AUDJPY,20220914,1600,96.486,96.574,96.417,96.521,10130430000
AUDJPY,20220914,1700,96.522,96.635,96.473,96.529,11426340000
AUDJPY,20220914,1800,96.528,96.559,96.425,96.450,11801510000
AUDJPY,20220914,1900,96.448,96.573,96.408,96.566,15726440000
AUDJPY,20220914,2000,96.565,96.610,96.550,96.553,3724150000
AUDJPY,20220914,2100,96.535,96.612,96.365,96.564,1098650000
AUDJPY,20220914,2200,96.564,96.732,96.456,96.665,10575810000
AUDJPY,20220914,2300,96.661,96.669,96.443,96.506,8140500000
AUDJPY,20220915,0000,96.505,96.616,96.459,96.552,11763620000
AUDJPY,20220915,0100,96.555,96.747,96.412,96.704,19044290000
AUDJPY,20220915,0200,96.704,96.997,96.704,96.877,12196410000
AUDJPY,20220915,0300,96.874,96.970,96.822,96.927,11311530000
AUDJPY,20220915,0400,96.924,96.978,96.840,96.965,8216810000
AUDJPY,20220915,0500,96.965,96.982,96.867,96.899,8667340000
AUDJPY,20220915,0600,96.901,97.128,96.834,97.063,14931930000
AUDJPY,20220915,0700,97.064,97.130,96.976,97.056,18276720000
AUDJPY,20220915,0800,97.056,97.090,96.709,96.856,19681040000
AUDJPY,20220915,0900,96.856,96.860,96.519,96.633,17032130000
AUDJPY,20220915,1000,96.633,96.690,96.443,96.533,16436090000
AUDJPY,20220915,1100,96.532,96.618,96.454,96.582,16588920000
AUDJPY,20220915,1200,96.582,96.664,96.485,96.612,29831410000
AUDJPY,20220915,1300,96.610,96.716,96.404,96.627,28014990000
AUDJPY,20220915,1400,96.628,96.709,96.327,96.397,24478410000
AUDJPY,20220915,1500,96.396,96.402,96.159,96.294,20947400000
AUDJPY,20220915,1600,96.293,96.393,96.210,96.393,12378360000
AUDJPY,20220915,1700,96.391,96.489,96.262,96.290,10077240000
AUDJPY,20220915,1800,96.291,96.294,96.142,96.165,8569260000
AUDJPY,20220915,1900,96.164,96.195,96.092,96.149,9557140000
AUDJPY,20220915,2000,96.148,96.176,96.105,96.138,3236730000
AUDJPY,20220915,2100,96.101,96.142,96.078,96.098,6495120000
AUDJPY,20220915,2200,96.094,96.126,95.905,95.915,8532920000
AUDJPY,20220915,2300,95.915,95.956,95.807,95.841,4965130000
AUDJPY,20220916,0000,95.840,95.939,95.770,95.811,13001340000
AUDJPY,20220916,0100,95.811,96.003,95.784,95.937,16424900000
AUDJPY,20220916,0200,95.936,96.271,95.922,96.258,10561980000
AUDJPY,20220916,0300,96.259,96.426,96.092,96.230,9291840000
AUDJPY,20220916,0400,96.229,96.346,96.213,96.286,6153960000
AUDJPY,20220916,0500,96.285,96.286,96.136,96.246,9836520000
AUDJPY,20220916,0600,96.245,96.284,96.131,96.158,17788740000
AUDJPY,20220916,0700,96.160,96.256,95.693,95.769,23202260000
AUDJPY,20220916,0800,95.769,95.795,95.613,95.688,20667660000
AUDJPY,20220916,0900,95.689,95.757,95.655,95.670,19995760000
AUDJPY,20220916,1000,95.670,95.878,95.640,95.852,15976340000
AUDJPY,20220916,1100,95.852,95.852,95.666,95.730,15630260000
AUDJPY,20220916,1200,95.730,95.760,95.555,95.613,22380200000
AUDJPY,20220916,1300,95.611,95.732,95.549,95.647,27272120000
AUDJPY,20220916,1400,95.648,95.961,95.594,95.848,30839340000
AUDJPY,20220916,1500,95.850,95.891,95.647,95.854,21722610000
AUDJPY,20220916,1600,95.854,95.866,95.624,95.752,10534040000
AUDJPY,20220916,1700,95.750,95.817,95.702,95.750,8881480000
AUDJPY,20220916,1800,95.751,95.873,95.717,95.864,7912440000
AUDJPY,20220916,1900,95.867,96.043,95.860,96.023,11887140000
AUDJPY,20220916,2000,96.020,96.117,95.991,96.037,3209340000
AUDJPY,20220918,2100,95.953,96.007,95.924,95.957,178500000
AUDJPY,20220918,2200,95.957,96.166,95.926,96.128,6780200000
AUDJPY,20220918,2300,96.127,96.170,95.984,96.001,11035100000
AUDJPY,20220919,0000,96.001,96.132,96.001,96.101,14646310000
AUDJPY,20220919,0100,96.101,96.163,96.052,96.140,16889290000
AUDJPY,20220919,0200,96.141,96.173,95.904,96.039,16862580000
AUDJPY,20220919,0300,96.038,96.046,95.962,96.010,10769310000
AUDJPY,20220919,0400,96.009,96.119,95.938,96.116,6215920000
AUDJPY,20220919,0500,96.118,96.144,95.895,95.916,11441730000
AUDJPY,20220919,0600,95.914,95.946,95.821,95.868,12849490000
AUDJPY,20220919,0700,95.869,96.009,95.771,95.914,18381370000
AUDJPY,20220919,0800,95.914,95.948,95.765,95.787,12895320000
AUDJPY,20220919,0900,95.789,95.864,95.731,95.787,11628660000
AUDJPY,20220919,1000,95.788,95.940,95.745,95.872,17707780000
AUDJPY,20220919,1100,95.871,95.983,95.869,95.901,19394540000
AUDJPY,20220919,1200,95.901,95.971,95.846,95.880,21649310000
AUDJPY,20220919,1300,95.881,95.928,95.713,95.876,26866880000
AUDJPY,20220919,1400,95.875,96.097,95.818,96.034,26710950000
AUDJPY,20220919,1500,96.034,96.070,95.905,95.938,18212600000
AUDJPY,20220919,1600,95.939,96.175,95.898,96.157,15569590000
AUDJPY,20220919,1700,96.156,96.171,96.081,96.167,11092760000
AUDJPY,20220919,1800,96.171,96.231,96.144,96.151,9237980000
AUDJPY,20220919,1900,96.151,96.349,96.150,96.299,11541200000
AUDJPY,20220919,2000,96.300,96.354,96.292,96.323,4142190000
AUDJPY,20220919,2100,96.308,96.365,96.237,96.339,3599970000
AUDJPY,20220919,2200,96.337,96.442,96.308,96.364,8220380000
AUDJPY,20220919,2300,96.368,96.425,96.305,96.363,13713010001
AUDJPY,20220920,0000,96.362,96.480,96.213,96.230,20441640000
AUDJPY,20220920,0100,96.230,96.242,96.033,96.185,16521580000
AUDJPY,20220920,0200,96.185,96.323,96.091,96.298,12420970000
AUDJPY,20220920,0300,96.299,96.353,96.181,96.347,9345350000
AUDJPY,20220920,0400,96.346,96.378,96.213,96.249,8169960000
AUDJPY,20220920,0500,96.249,96.300,96.175,96.240,7343540000
AUDJPY,20220920,0600,96.239,96.336,96.164,96.296,12333720000
AUDJPY,20220920,0700,96.295,96.538,96.277,96.349,15780280000
AUDJPY,20220920,0800,96.352,96.374,96.165,96.336,13971960000
AUDJPY,20220920,0900,96.336,96.364,96.160,96.192,11857180000
AUDJPY,20220920,1000,96.197,96.337,96.144,96.328,8447480000
AUDJPY,20220920,1100,96.331,96.404,96.229,96.272,10625800000
AUDJPY,20220920,1200,96.271,96.288,96.095,96.182,15033030000
AUDJPY,20220920,1300,96.182,96.308,96.120,96.216,20071350000
AUDJPY,20220920,1400,96.214,96.311,96.115,96.225,19625550000
AUDJPY,20220920,1500,96.226,96.311,96.128,96.251,12495280000
AUDJPY,20220920,1600,96.251,96.270,96.048,96.086,7982540000
AUDJPY,20220920,1700,96.083,96.096,95.885,95.920,11552640000
AUDJPY,20220920,1800,95.919,96.110,95.909,96.094,8347560000
AUDJPY,20220920,1900,96.090,96.197,96.055,96.122,8241660000
AUDJPY,20220920,2000,96.130,96.159,96.081,96.081,2742120000
AUDJPY,20220920,2100,96.081,96.172,96.081,96.118,4945390000
AUDJPY,20220920,2200,96.119,96.178,96.056,96.102,5109680000
AUDJPY,20220920,2300,96.105,96.168,96.060,96.121,7035160000
AUDJPY,20220921,0000,96.121,96.258,96.065,96.156,18912720000
AUDJPY,20220921,0100,96.157,96.193,96.002,96.022,17176730000
AUDJPY,20220921,0200,96.022,96.131,95.986,96.120,10545450000
AUDJPY,20220921,0300,96.120,96.145,95.985,96.041,10401080000
AUDJPY,20220921,0400,96.041,96.081,95.929,96.038,11392700000
AUDJPY,20220921,0500,96.040,96.234,96.019,96.055,13137130000
AUDJPY,20220921,0600,96.058,96.068,95.565,95.629,34549270000
AUDJPY,20220921,0700,95.630,95.933,95.496,95.874,27918850000
AUDJPY,20220921,0800,95.875,95.923,95.765,95.815,14993590000
AUDJPY,20220921,0900,95.815,96.110,95.803,96.053,14133580000
AUDJPY,20220921,1000,96.053,96.087,95.935,96.042,13792500000
AUDJPY,20220921,1100,96.041,96.171,96.032,96.125,19173650000
AUDJPY,20220921,1200,96.124,96.168,95.975,96.045,18673340000
AUDJPY,20220921,1300,96.045,96.093,95.869,95.939,22207100000
AUDJPY,20220921,1400,95.939,95.995,95.824,95.947,24046780000
AUDJPY,20220921,1500,95.944,96.043,95.911,96.001,16709140000
AUDJPY,20220921,1600,96.001,96.126,95.962,96.038,14873660000
AUDJPY,20220921,1700,96.039,96.147,96.014,96.112,13111720000
AUDJPY,20220921,1800,96.071,96.234,95.670,96.100,57860360000
AUDJPY,20220921,1900,96.101,96.163,95.468,95.473,40770480000
AUDJPY,20220921,2000,95.473,95.553,95.431,95.458,13859160000
AUDJPY,20220921,2100,95.466,95.558,95.387,95.554,6088670000
AUDJPY,20220921,2200,95.554,95.683,95.477,95.623,6874990000
AUDJPY,20220921,2300,95.624,95.627,95.343,95.372,8277410000
AUDJPY,20220922,0000,95.372,95.417,95.094,95.161,19143870000
AUDJPY,20220922,0100,95.162,95.265,95.076,95.255,21108100000
AUDJPY,20220922,0200,95.254,95.756,94.737,95.353,21306730000
AUDJPY,20220922,0300,95.355,95.544,95.195,95.455,23581400000
AUDJPY,20220922,0400,95.455,95.638,95.452,95.606,17614160000
AUDJPY,20220922,0500,95.606,95.805,95.547,95.654,13614760000
AUDJPY,20220922,0600,95.654,95.882,95.567,95.829,23728030000
AUDJPY,20220922,0700,95.827,96.362,95.775,96.347,34815030000
AUDJPY,20220922,0800,96.348,96.407,93.810,94.485,52231740000
AUDJPY,20220922,0900,94.487,95.058,94.376,94.916,31571180000
AUDJPY,20220922,1000,94.916,94.916,94.495,94.674,26033730000
AUDJPY,20220922,1100,94.674,94.770,93.926,93.942,38697540000
AUDJPY,20220922,1200,93.941,94.082,93.561,93.726,42677359999
AUDJPY,20220922,1300,93.729,94.078,93.723,93.936,38012270000
AUDJPY,20220922,1400,93.936,94.250,93.686,94.169,33657570000
AUDJPY,20220922,1500,94.169,94.453,94.152,94.327,25163640000
AUDJPY,20220922,1600,94.327,94.643,94.315,94.569,20365630000
AUDJPY,20220922,1700,94.573,94.625,94.444,94.594,15334240000
AUDJPY,20220922,1800,94.594,94.621,94.447,94.572,11017830000
AUDJPY,20220922,1900,94.571,94.708,94.563,94.570,11916580000
AUDJPY,20220922,2000,94.569,94.601,94.528,94.567,5006080000
AUDJPY,20220922,2100,94.573,94.595,94.505,94.519,9064920000
AUDJPY,20220922,2200,94.513,94.711,94.501,94.573,7280800000
AUDJPY,20220922,2300,94.573,94.635,94.513,94.520,8382420000
AUDJPY,20220923,0000,94.520,94.678,94.489,94.515,15182940000
AUDJPY,20220923,0100,94.514,94.551,94.183,94.358,17423240000
AUDJPY,20220923,0200,94.358,94.360,94.041,94.085,12007240000
AUDJPY,20220923,0300,94.085,94.164,94.005,94.114,10909770000
AUDJPY,20220923,0400,94.114,94.133,94.028,94.112,9864230000
AUDJPY,20220923,0500,94.112,94.202,94.045,94.144,10708930000
AUDJPY,20220923,0600,94.145,94.302,94.122,94.142,16976840000
AUDJPY,20220923,0700,94.142,94.194,93.873,93.918,30642020000
AUDJPY,20220923,0800,93.919,94.040,93.838,94.040,27591620000
AUDJPY,20220923,0900,94.041,94.094,93.674,93.844,36580540000
AUDJPY,20220923,1000,93.843,94.088,93.843,93.912,34998230000
AUDJPY,20220923,1100,93.912,93.975,93.632,93.925,33207500000
AUDJPY,20220923,1200,93.923,94.081,93.859,93.976,31485840000
AUDJPY,20220923,1300,93.975,94.138,93.863,93.946,40283020000
AUDJPY,20220923,1400,93.946,93.990,93.603,93.650,39826020000
AUDJPY,20220923,1500,93.650,93.781,93.598,93.669,27252330000
AUDJPY,20220923,1600,93.668,93.698,93.517,93.633,22754410000
AUDJPY,20220923,1700,93.636,93.688,93.534,93.595,24207200000
AUDJPY,20220923,1800,93.597,93.638,93.382,93.385,24653940000
AUDJPY,20220923,1900,93.386,93.647,93.385,93.603,24370150000
AUDJPY,20220923,2000,93.602,93.637,93.511,93.570,7493340000
AUDJPY,20220925,2100,93.594,93.653,93.500,93.536,817630000
AUDJPY,20220925,2200,93.532,93.734,93.344,93.734,10259640000
AUDJPY,20220925,2300,93.734,93.770,93.522,93.731,14882370000
AUDJPY,20220926,0000,93.728,93.851,93.288,93.347,28472170000
AUDJPY,20220926,0100,93.351,93.953,93.331,93.751,40910970000
AUDJPY,20220926,0200,93.755,93.878,93.595,93.856,22394110000
AUDJPY,20220926,0300,93.856,93.859,93.562,93.598,18913620000
AUDJPY,20220926,0400,93.599,93.720,93.539,93.587,20215760000
AUDJPY,20220926,0500,93.584,93.675,93.310,93.411,25176680000
AUDJPY,20220926,0600,93.411,93.561,93.322,93.400,35742650000
AUDJPY,20220926,0700,93.401,93.873,93.398,93.540,39572330000
AUDJPY,20220926,0800,93.538,93.809,93.435,93.799,32298640000
AUDJPY,20220926,0900,93.797,93.821,93.533,93.576,24601760000
AUDJPY,20220926,1000,93.576,93.764,93.576,93.662,26238620000
AUDJPY,20220926,1100,93.662,93.773,93.533,93.580,28461340000
AUDJPY,20220926,1200,93.580,93.748,93.530,93.678,34411150000
AUDJPY,20220926,1300,93.680,94.013,93.577,93.985,36041490000
AUDJPY,20220926,1400,93.986,94.024,93.624,93.697,37708190000
AUDJPY,20220926,1500,93.697,93.795,93.285,93.388,42927950000
AUDJPY,20220926,1600,93.388,93.413,93.146,93.281,26608290000
AUDJPY,20220926,1700,93.280,93.288,93.146,93.187,20030960000
AUDJPY,20220926,1800,93.186,93.420,93.168,93.346,16973730000
AUDJPY,20220926,1900,93.346,93.541,93.346,93.390,17971910000
AUDJPY,20220926,2000,93.390,93.440,93.349,93.434,7581020000
AUDJPY,20220926,2100,93.396,93.402,93.257,93.387,3226750000
AUDJPY,20220926,2200,93.387,93.458,93.352,93.364,13765040000
AUDJPY,20220926,2300,93.365,93.528,93.360,93.486,11907520000
AUDJPY,20220927,0000,93.488,93.801,93.456,93.756,25935310000
AUDJPY,20220927,0100,93.756,93.801,93.619,93.704,29536300000
AUDJPY,20220927,0200,93.704,93.747,93.621,93.674,24783160000
AUDJPY,20220927,0300,93.674,93.695,93.491,93.583,21685780000
AUDJPY,20220927,0400,93.583,93.761,93.579,93.720,17663380000
AUDJPY,20220927,0500,93.719,93.925,93.589,93.875,20691030000
AUDJPY,20220927,0600,93.875,93.958,93.705,93.742,26723620000
AUDJPY,20220927,0700,93.740,93.810,93.636,93.658,30113880000
AUDJPY,20220927,0800,93.657,93.718,93.433,93.668,26721310000
AUDJPY,20220927,0900,93.668,93.693,93.501,93.564,22007260000
AUDJPY,20220927,1000,93.563,93.756,93.502,93.645,23235320000
AUDJPY,20220927,1100,93.645,93.811,93.645,93.722,20092690000
AUDJPY,20220927,1200,93.722,93.764,93.588,93.610,27793780000
AUDJPY,20220927,1300,93.611,93.733,93.509,93.574,38233760000
AUDJPY,20220927,1400,93.576,93.604,93.389,93.512,39987740000
AUDJPY,20220927,1500,93.512,93.584,93.242,93.249,27396900000
AUDJPY,20220927,1600,93.250,93.273,92.906,93.008,21064790000
AUDJPY,20220927,1700,93.007,93.040,92.911,93.027,19261910000
AUDJPY,20220927,1800,93.030,93.157,92.977,93.131,19001730000
AUDJPY,20220927,1900,93.135,93.151,93.023,93.115,18633120000
AUDJPY,20220927,2000,93.115,93.193,93.099,93.153,4761360000
AUDJPY,20220927,2100,93.114,93.153,93.042,93.130,4490650000
AUDJPY,20220927,2200,93.131,93.221,93.068,93.070,4405110000
AUDJPY,20220927,2300,93.071,93.138,93.032,93.106,10992040000
AUDJPY,20220928,0000,93.103,93.213,93.031,93.131,22022170000
AUDJPY,20220928,0100,93.130,93.166,92.568,92.696,29769080000
AUDJPY,20220928,0200,92.695,92.733,92.498,92.522,32221120000
AUDJPY,20220928,0300,92.524,92.736,92.520,92.596,22138930000
AUDJPY,20220928,0400,92.596,92.602,92.316,92.379,20316790000
AUDJPY,20220928,0500,92.379,92.543,92.255,92.330,23199130000
AUDJPY,20220928,0600,92.330,92.616,92.141,92.148,28297720000
AUDJPY,20220928,0700,92.148,92.479,92.124,92.411,33952550000
AUDJPY,20220928,0800,92.412,92.529,92.326,92.437,28959210000
AUDJPY,20220928,0900,92.438,92.450,92.129,92.341,26688330000
AUDJPY,20220928,1000,92.340,93.116,92.319,92.799,50659730000
AUDJPY,20220928,1100,92.799,92.809,92.522,92.687,37042360000
AUDJPY,20220928,1200,92.685,92.972,92.684,92.922,35425300000
AUDJPY,20220928,1300,92.923,93.319,92.861,93.175,40848860000
AUDJPY,20220928,1400,93.178,93.650,93.176,93.623,40920760000
AUDJPY,20220928,1500,93.622,93.884,93.584,93.855,33191990000
AUDJPY,20220928,1600,93.859,94.012,93.803,93.934,23694590000
AUDJPY,20220928,1700,93.935,94.013,93.854,93.925,21281670000
AUDJPY,20220928,1800,93.925,94.027,93.876,93.952,15006770000
AUDJPY,20220928,1900,93.951,94.002,93.881,93.907,12755910000
AUDJPY,20220928,2000,93.908,94.015,93.890,93.980,6793110000
AUDJPY,20220928,2100,93.980,94.000,93.828,93.916,8402830000
AUDJPY,20220928,2200,93.916,93.972,93.869,93.886,7845130000
AUDJPY,20220928,2300,93.887,94.008,93.883,93.898,10984610000
AUDJPY,20220929,0000,93.902,93.957,93.590,93.606,23415080000
AUDJPY,20220929,0100,93.607,93.843,93.531,93.563,24686850000
AUDJPY,20220929,0200,93.563,93.634,93.374,93.449,21468170000
AUDJPY,20220929,0300,93.450,93.666,93.396,93.665,15667860000
AUDJPY,20220929,0400,93.664,93.822,93.608,93.758,14726530000
AUDJPY,20220929,0500,93.760,93.783,93.486,93.504,24544980000
AUDJPY,20220929,0600,93.504,93.609,93.352,93.553,27448610000
AUDJPY,20220929,0700,93.555,93.564,93.118,93.266,38501950000
AUDJPY,20220929,0800,93.265,93.453,93.210,93.399,35625020000
AUDJPY,20220929,0900,93.397,93.720,93.375,93.621,35452370000
AUDJPY,20220929,1000,93.619,93.655,93.461,93.587,32200740000
AUDJPY,20220929,1100,93.586,94.036,93.572,93.852,28257150000
AUDJPY,20220929,1200,93.853,93.872,93.469,93.507,34854210000
AUDJPY,20220929,1300,93.508,93.833,93.502,93.625,37680230000
AUDJPY,20220929,1400,93.624,93.689,93.257,93.600,37740650000
AUDJPY,20220929,1500,93.600,93.828,93.565,93.719,32328110000
AUDJPY,20220929,1600,93.719,93.805,93.585,93.636,20735290000
AUDJPY,20220929,1700,93.636,93.719,93.508,93.532,13736170000
AUDJPY,20220929,1800,93.531,93.584,93.445,93.492,13895180000
AUDJPY,20220929,1900,93.492,93.821,93.492,93.812,17438440000
AUDJPY,20220929,2000,93.811,93.865,93.769,93.842,8231490000
AUDJPY,20220929,2100,93.814,93.899,93.682,93.883,2627630000
AUDJPY,20220929,2200,93.891,94.074,93.860,93.902,9816250000
AUDJPY,20220929,2300,93.904,94.078,93.885,93.985,12085760000
AUDJPY,20220930,0000,93.985,94.212,93.869,94.129,24055150000
AUDJPY,20220930,0100,94.129,94.178,93.892,93.992,24401170000
AUDJPY,20220930,0200,93.990,94.082,93.793,93.973,22106590000
AUDJPY,20220930,0300,93.981,94.023,93.833,93.843,16244470000
AUDJPY,20220930,0400,93.843,93.874,93.696,93.705,15066890000
AUDJPY,20220930,0500,93.703,93.968,93.691,93.914,19703140000
AUDJPY,20220930,0600,93.914,93.967,93.614,93.686,31578390000
AUDJPY,20220930,0700,93.685,93.938,93.663,93.822,34296830000
AUDJPY,20220930,0800,93.824,94.095,93.824,93.959,33816780000
AUDJPY,20220930,0900,93.959,93.977,93.680,93.747,29671220000
AUDJPY,20220930,1000,93.745,93.864,93.434,93.477,27852300000
AUDJPY,20220930,1100,93.479,93.567,93.406,93.482,26855130000
AUDJPY,20220930,1200,93.482,93.722,93.270,93.592,36472700000
AUDJPY,20220930,1300,93.599,93.739,93.473,93.611,43267600000
AUDJPY,20220930,1400,93.612,93.670,92.974,93.032,45140090000
AUDJPY,20220930,1500,93.042,93.291,92.995,93.126,32626500000
AUDJPY,20220930,1600,93.125,93.125,92.897,93.045,19477160000
AUDJPY,20220930,1700,93.045,93.082,92.882,92.899,16340220000
AUDJPY,20220930,1800,92.899,92.972,92.706,92.761,17142280000
AUDJPY,20220930,1900,92.761,92.836,92.517,92.564,20945850000
AUDJPY,20220930,2000,92.564,92.703,92.528,92.551,7525420000
AUDJPY,20221002,2100,92.522,92.671,92.522,92.646,310380000
AUDJPY,20221002,2200,92.647,93.010,92.601,92.886,8885220000
AUDJPY,20221002,2300,92.886,93.108,92.838,92.954,12006560000
AUDJPY,20221003,0000,92.956,93.054,92.776,92.980,18264510000
AUDJPY,20221003,0100,92.982,93.357,92.981,93.317,22552810000
AUDJPY,20221003,0200,93.314,93.314,93.113,93.113,13730270000
AUDJPY,20221003,0300,93.113,93.206,93.073,93.130,13275500000
AUDJPY,20221003,0400,93.131,93.342,92.993,93.154,20077420000
AUDJPY,20221003,0500,93.151,93.507,93.094,93.428,24548890000
AUDJPY,20221003,0600,93.436,93.464,93.211,93.296,27464470000
AUDJPY,20221003,0700,93.296,93.513,93.169,93.511,31146140000
AUDJPY,20221003,0800,93.512,93.594,93.372,93.536,26318010000
AUDJPY,20221003,0900,93.536,93.544,93.379,93.527,21610430000
AUDJPY,20221003,1000,93.527,93.619,93.442,93.602,19796250000
AUDJPY,20221003,1100,93.602,93.622,93.472,93.547,22751750000
AUDJPY,20221003,1200,93.545,93.835,93.488,93.716,26441110000
AUDJPY,20221003,1300,93.716,93.919,93.669,93.794,30858800000
AUDJPY,20221003,1400,93.788,94.096,93.747,93.872,42993920000
AUDJPY,20221003,1500,93.872,94.084,93.820,93.922,23326670000
AUDJPY,20221003,1600,93.922,94.044,93.920,94.042,15225300000
AUDJPY,20221003,1700,94.041,94.120,94.013,94.076,12383210000
AUDJPY,20221003,1800,94.077,94.352,94.063,94.316,12671550000
AUDJPY,20221003,1900,94.315,94.315,94.185,94.242,10267330000
AUDJPY,20221003,2000,94.241,94.288,94.153,94.153,3762170000
AUDJPY,20221003,2100,94.146,94.232,94.119,94.170,2783830000
AUDJPY,20221003,2200,94.169,94.226,93.923,93.985,7359760000
AUDJPY,20221003,2300,93.985,94.177,93.936,93.982,11825180000
AUDJPY,20221004,0000,93.981,94.134,93.892,94.034,21360000000
AUDJPY,20221004,0100,94.034,94.249,93.992,93.993,19238660000
AUDJPY,20221004,0200,93.993,94.218,93.988,94.167,15541800000
AUDJPY,20221004,0300,94.166,94.304,93.442,93.931,21822300000
AUDJPY,20221004,0400,93.930,93.932,93.462,93.734,18234060000
AUDJPY,20221004,0500,93.734,94.058,93.629,94.055,17735790000
AUDJPY,20221004,0600,94.055,94.691,93.959,94.631,28511000000
AUDJPY,20221004,0700,94.633,94.672,94.355,94.375,29481260000
AUDJPY,20221004,0800,94.375,94.389,94.077,94.125,26012730000
AUDJPY,20221004,0900,94.125,94.142,93.831,93.867,23272650000
AUDJPY,20221004,1000,93.866,93.907,93.637,93.665,23686430000
AUDJPY,20221004,1100,93.667,93.692,93.475,93.525,22979370000
AUDJPY,20221004,1200,93.525,93.810,93.474,93.800,27466150000
AUDJPY,20221004,1300,93.801,93.801,93.599,93.666,28020870000
AUDJPY,20221004,1400,93.664,94.182,93.661,93.859,32618150000
AUDJPY,20221004,1500,93.859,93.899,93.623,93.695,22538800000
AUDJPY,20221004,1600,93.695,93.855,93.264,93.312,22957580000
AUDJPY,20221004,1700,93.312,93.378,93.203,93.378,14608550000
AUDJPY,20221004,1800,93.376,93.564,93.256,93.537,8169830000
AUDJPY,20221004,1900,93.540,93.672,93.495,93.672,15620170000
AUDJPY,20221004,2000,93.673,93.740,93.584,93.685,7702960000
AUDJPY,20221004,2100,93.661,93.766,93.607,93.764,1127580000
AUDJPY,20221004,2200,93.767,93.814,93.713,93.781,6385930000
AUDJPY,20221004,2300,93.781,93.793,93.631,93.693,7936980000
AUDJPY,20221005,0000,93.690,93.693,93.355,93.355,24216980000
AUDJPY,20221005,0100,93.353,93.840,93.337,93.687,30432730000
AUDJPY,20221005,0200,93.690,93.746,93.382,93.518,22587360000
AUDJPY,20221005,0300,93.518,93.605,93.451,93.599,18235530000
AUDJPY,20221005,0400,93.600,93.623,93.387,93.484,12861760000
AUDJPY,20221005,0500,93.481,93.595,93.469,93.521,11996670000
AUDJPY,20221005,0600,93.521,94.021,93.520,93.849,18175350000
AUDJPY,20221005,0700,93.850,93.880,93.646,93.663,26644960000
AUDJPY,20221005,0800,93.664,93.713,93.500,93.578,25265000000
AUDJPY,20221005,0900,93.579,93.667,93.408,93.444,22612100000
AUDJPY,20221005,1000,93.445,93.476,93.318,93.410,21758380000
AUDJPY,20221005,1100,93.411,93.445,92.956,93.060,20663260000
AUDJPY,20221005,1200,93.061,93.267,93.003,93.247,26243300000
AUDJPY,20221005,1300,93.249,93.341,93.007,93.261,30854990000
AUDJPY,20221005,1400,93.257,93.325,92.926,93.314,36869820000
AUDJPY,20221005,1500,93.314,93.604,93.215,93.567,17259570000
AUDJPY,20221005,1600,93.566,93.616,93.452,93.556,13016820000
AUDJPY,20221005,1700,93.557,93.803,93.550,93.695,12171380000
AUDJPY,20221005,1800,93.694,93.967,93.675,93.964,13202490000
AUDJPY,20221005,1900,93.963,94.083,93.876,93.957,15633990000
AUDJPY,20221005,2000,93.959,94.022,93.824,93.824,4544470000
AUDJPY,20221005,2100,93.794,93.859,93.766,93.838,1435220000
AUDJPY,20221005,2200,93.838,93.912,93.761,93.844,7710500000
AUDJPY,20221005,2300,93.843,94.078,93.834,94.058,10750370000
AUDJPY,20221006,0000,94.058,94.267,93.961,94.142,20414130000
AUDJPY,20221006,0100,94.142,94.286,94.078,94.262,21204900000
AUDJPY,20221006,0200,94.262,94.521,94.240,94.483,20866990000
AUDJPY,20221006,0300,94.483,94.533,94.338,94.349,17782390000
AUDJPY,20221006,0400,94.354,94.446,94.287,94.442,16008840000
AUDJPY,20221006,0500,94.443,94.456,94.295,94.327,15318530000
AUDJPY,20221006,0600,94.329,94.329,94.029,94.032,21456120000
AUDJPY,20221006,0700,94.030,94.257,94.005,94.024,27687160000
AUDJPY,20221006,0800,94.022,94.081,93.684,93.718,31186990000
AUDJPY,20221006,0900,93.718,93.839,93.530,93.530,26660780000
AUDJPY,20221006,1000,93.534,93.624,93.398,93.409,21964480000
AUDJPY,20221006,1100,93.481,93.628,93.412,93.509,24289330000
AUDJPY,20221006,1200,93.509,93.761,93.445,93.557,28181500000
AUDJPY,20221006,1300,93.557,93.599,93.274,93.365,37661020000
AUDJPY,20221006,1400,93.367,93.367,92.962,93.179,44338080000
AUDJPY,20221006,1500,93.179,93.183,92.910,92.919,30228540000
AUDJPY,20221006,1600,92.917,92.971,92.631,92.941,27094760000
AUDJPY,20221006,1700,92.941,93.117,92.926,93.082,18508370000
AUDJPY,20221006,1800,93.082,93.137,92.873,92.952,15113780000
AUDJPY,20221006,1900,92.952,93.041,92.842,93.020,18769380000
AUDJPY,20221006,2000,93.017,93.072,92.942,92.961,4642840000
AUDJPY,20221006,2100,92.933,93.046,92.793,93.028,3806880000
AUDJPY,20221006,2200,93.032,93.078,92.941,92.944,4110370000
AUDJPY,20221006,2300,92.943,93.036,92.871,93.034,6852510000
AUDJPY,20221007,0000,93.034,93.098,92.884,92.950,21044020000
AUDJPY,20221007,0100,92.949,93.225,92.859,93.216,14534870000
AUDJPY,20221007,0200,93.215,93.227,93.049,93.153,10675130000
AUDJPY,20221007,0300,93.154,93.202,93.006,93.028,10831300000
AUDJPY,20221007,0400,93.029,93.078,92.859,92.860,9519320000
AUDJPY,20221007,0500,92.859,93.045,92.859,93.010,12108230000
AUDJPY,20221007,0600,93.009,93.014,92.627,92.674,22159010000
AUDJPY,20221007,0700,92.673,92.982,92.648,92.811,23382400000
AUDJPY,20221007,0800,92.810,93.001,92.776,92.927,22926410000
AUDJPY,20221007,0900,92.925,93.107,92.920,93.048,16932660000
AUDJPY,20221007,1000,93.048,93.131,92.956,93.072,17483520000
AUDJPY,20221007,1100,93.071,93.128,92.916,92.916,14974420000
AUDJPY,20221007,1200,92.915,93.017,92.437,92.629,37754850000
AUDJPY,20221007,1300,92.630,92.990,92.605,92.790,43026740000
AUDJPY,20221007,1400,92.790,93.061,92.642,92.962,35326040000
AUDJPY,20221007,1500,92.960,92.999,92.727,92.820,23111420000
AUDJPY,20221007,1600,92.818,92.887,92.584,92.707,14068450000
AUDJPY,20221007,1700,92.707,92.801,92.628,92.690,9634560000
AUDJPY,20221007,1800,92.690,92.707,92.521,92.547,12820940000
AUDJPY,20221007,1900,92.547,92.560,92.405,92.490,11965520000
AUDJPY,20221007,2000,92.494,92.588,92.424,92.559,5629530000
AUDJPY,20221009,2100,92.376,92.503,92.376,92.496,43200000
AUDJPY,20221009,2200,92.460,92.474,92.261,92.263,10423890000
AUDJPY,20221009,2300,92.262,92.535,92.222,92.523,13019900000
AUDJPY,20221010,0000,92.524,92.626,92.450,92.600,21881980000
AUDJPY,20221010,0100,92.600,92.766,92.583,92.657,22622620000
AUDJPY,20221010,0200,92.657,92.665,92.438,92.486,16824320000
AUDJPY,20221010,0300,92.486,92.529,92.271,92.317,14130290000
AUDJPY,20221010,0400,92.316,92.406,91.955,92.114,13222840000
AUDJPY,20221010,0500,92.113,92.190,91.924,91.951,15453960000
AUDJPY,20221010,0600,91.951,92.014,91.784,91.843,19546080000
AUDJPY,20221010,0700,91.843,91.943,91.660,91.758,23662760000
AUDJPY,20221010,0800,91.755,91.781,91.506,91.678,26966100000
AUDJPY,20221010,0900,91.677,91.912,91.676,91.900,21878820000
AUDJPY,20221010,1000,91.900,91.968,91.737,91.766,17364460000
AUDJPY,20221010,1100,91.764,91.943,91.722,91.898,17132740000
AUDJPY,20221010,1200,91.897,92.084,91.830,92.060,21721890000
AUDJPY,20221010,1300,92.060,92.085,91.743,91.872,27289160000
AUDJPY,20221010,1400,91.871,91.972,91.563,91.572,32274600000
AUDJPY,20221010,1500,91.572,91.716,91.478,91.695,20630800000
AUDJPY,20221010,1600,91.698,91.757,91.573,91.578,13434480000
AUDJPY,20221010,1700,91.575,91.837,91.505,91.796,18356900000
AUDJPY,20221010,1800,91.797,91.872,91.717,91.725,12502490000
AUDJPY,20221010,1900,91.725,91.878,91.717,91.781,12861370000
AUDJPY,20221010,2000,91.781,91.804,91.721,91.749,2082900000
AUDJPY,20221010,2100,91.751,91.802,91.733,91.738,3225600000
AUDJPY,20221010,2200,91.736,91.788,91.668,91.671,4106270000
AUDJPY,20221010,2300,91.671,91.748,91.641,91.709,7361290000
AUDJPY,20221011,0000,91.710,91.887,91.531,91.781,21557730000
AUDJPY,20221011,0100,91.779,91.840,91.386,91.393,21328100000
AUDJPY,20221011,0200,91.393,91.470,91.224,91.282,12968030000
AUDJPY,20221011,0300,91.283,91.391,91.214,91.258,10416270000
AUDJPY,20221011,0400,91.257,91.308,91.074,91.117,9686380000
AUDJPY,20221011,0500,91.115,91.334,91.095,91.321,13594580000
AUDJPY,20221011,0600,91.317,91.386,91.154,91.179,22006740000
AUDJPY,20221011,0700,91.180,91.430,91.125,91.216,28115350000
AUDJPY,20221011,0800,91.215,91.469,91.211,91.334,21893100000
AUDJPY,20221011,0900,91.335,91.474,91.259,91.319,18382650000
AUDJPY,20221011,1000,91.320,91.353,91.077,91.317,20789150000
AUDJPY,20221011,1100,91.317,91.643,91.303,91.639,22115470000
AUDJPY,20221011,1200,91.639,91.912,91.554,91.739,23774790000
AUDJPY,20221011,1300,91.737,91.753,91.397,91.416,27458650000
AUDJPY,20221011,1400,91.416,91.661,91.288,91.591,32577500000
AUDJPY,20221011,1500,91.589,92.142,91.582,92.106,21896230000
AUDJPY,20221011,1600,92.106,92.326,91.989,92.145,21370820000
AUDJPY,20221011,1700,92.146,92.169,91.996,92.028,14553080000
AUDJPY,20221011,1800,92.028,92.048,91.365,91.371,20333440000
AUDJPY,20221011,1900,91.371,91.562,91.298,91.506,23010910000
AUDJPY,20221011,2000,91.507,91.538,91.408,91.419,4623530000
AUDJPY,20221011,2100,91.452,91.493,91.364,91.440,3568760000
AUDJPY,20221011,2200,91.442,91.539,91.311,91.496,4426890000
AUDJPY,20221011,2300,91.495,91.510,91.306,91.392,9625120000
AUDJPY,20221012,0000,91.395,91.561,91.363,91.530,25384180000
AUDJPY,20221012,0100,91.530,91.566,91.302,91.401,28246410000
AUDJPY,20221012,0200,91.403,91.449,91.289,91.440,20575700000
AUDJPY,20221012,0300,91.442,91.486,91.365,91.445,12800510000
AUDJPY,20221012,0400,91.443,91.720,91.443,91.667,23432820000
AUDJPY,20221012,0500,91.668,91.797,91.511,91.769,19393310000
AUDJPY,20221012,0600,91.771,91.909,91.663,91.820,25519490000
AUDJPY,20221012,0700,91.820,91.845,91.432,91.448,31722610000
AUDJPY,20221012,0800,91.450,91.723,91.438,91.569,22317480000
AUDJPY,20221012,0900,91.569,91.795,91.556,91.752,23716170000
AUDJPY,20221012,1000,91.752,91.823,91.645,91.758,20976480000
AUDJPY,20221012,1100,91.757,91.809,91.654,91.696,24354900000
AUDJPY,20221012,1200,91.695,91.899,91.523,91.793,31759320000
AUDJPY,20221012,1300,91.794,91.944,91.619,91.898,24943080000
AUDJPY,20221012,1400,91.904,92.127,91.846,92.071,28221110000
AUDJPY,20221012,1500,92.071,92.209,92.063,92.120,19199710000
AUDJPY,20221012,1600,92.120,92.151,92.037,92.106,15499140000
AUDJPY,20221012,1700,92.108,92.147,92.020,92.088,10662940000
AUDJPY,20221012,1800,92.083,92.416,92.052,92.175,23054860000
AUDJPY,20221012,1900,92.171,92.231,92.103,92.136,11288430000
AUDJPY,20221012,2000,92.136,92.225,92.123,92.193,2859140000
AUDJPY,20221012,2100,92.193,92.211,92.111,92.178,5240730000
AUDJPY,20221012,2200,92.176,92.211,92.036,92.039,5197110000
AUDJPY,20221012,2300,92.039,92.128,92.005,92.107,5864640000
AUDJPY,20221013,0000,92.105,92.356,92.066,92.266,17461180000
AUDJPY,20221013,0100,92.266,92.347,92.203,92.274,13316390000
AUDJPY,20221013,0200,92.273,92.287,92.080,92.113,11463830000
AUDJPY,20221013,0300,92.112,92.144,92.001,92.084,9125730000
AUDJPY,20221013,0400,92.084,92.160,92.044,92.151,4968080000
AUDJPY,20221013,0500,92.151,92.250,92.110,92.197,6493060000
AUDJPY,20221013,0600,92.197,92.215,92.044,92.061,14847620000
AUDJPY,20221013,0700,92.061,92.192,91.969,92.179,19102880000
AUDJPY,20221013,0800,92.179,92.284,92.066,92.276,14105070000
AUDJPY,20221013,0900,92.272,92.450,92.260,92.372,18391300000
AUDJPY,20221013,1000,92.371,92.411,92.088,92.151,12325630000
AUDJPY,20221013,1100,92.151,92.367,92.142,92.259,27680690000
AUDJPY,20221013,1200,92.258,92.320,90.983,91.379,41802630000
AUDJPY,20221013,1300,91.377,91.612,90.837,91.551,43972740000
AUDJPY,20221013,1400,91.551,91.689,91.337,91.625,36896830000
AUDJPY,20221013,1500,91.628,92.499,91.588,92.450,43389520000
AUDJPY,20221013,1600,92.452,92.551,92.226,92.480,30475740000
AUDJPY,20221013,1700,92.479,92.823,92.475,92.765,28389000000
AUDJPY,20221013,1800,92.766,92.792,92.634,92.770,25851400000
AUDJPY,20221013,1900,92.770,92.795,92.597,92.685,17736840000
AUDJPY,20221013,2000,92.683,92.725,92.650,92.700,3232810000
AUDJPY,20221013,2100,92.581,92.702,92.476,92.675,4960570000
AUDJPY,20221013,2200,92.669,92.777,92.641,92.768,4004560000
AUDJPY,20221013,2300,92.767,92.825,92.722,92.726,7373880000
AUDJPY,20221014,0000,92.726,93.022,92.676,92.896,18445030000
AUDJPY,20221014,0100,92.896,93.274,92.863,93.261,22324760000
AUDJPY,20221014,0200,93.263,93.289,93.163,93.222,17980290000
AUDJPY,20221014,0300,93.223,93.446,93.191,93.304,13224120000
AUDJPY,20221014,0400,93.305,93.353,93.245,93.267,10431980000
AUDJPY,20221014,0500,93.266,93.424,93.230,93.294,14955420000
AUDJPY,20221014,0600,93.295,93.544,93.280,93.411,26809810000
AUDJPY,20221014,0700,93.412,93.448,93.079,93.262,25904940000
AUDJPY,20221014,0800,93.262,93.275,92.930,93.001,20387340000
AUDJPY,20221014,0900,93.003,93.021,92.772,92.869,18789500000
AUDJPY,20221014,1000,92.869,93.179,92.843,93.060,25291210000
AUDJPY,20221014,1100,93.060,93.069,92.701,92.765,19789830000
AUDJPY,20221014,1200,92.765,93.334,92.690,93.263,31359100000
AUDJPY,20221014,1300,93.263,93.347,92.642,92.658,39252320000
AUDJPY,20221014,1400,92.657,92.745,92.382,92.595,47176430000
AUDJPY,20221014,1500,92.593,92.677,92.251,92.329,27089420000
AUDJPY,20221014,1600,92.332,92.511,92.214,92.438,24716040000
AUDJPY,20221014,1700,92.438,92.442,92.214,92.428,15515850000
AUDJPY,20221014,1800,92.426,92.428,92.182,92.221,10229410000
AUDJPY,20221014,1900,92.222,92.261,92.104,92.228,16940980000
AUDJPY,20221014,2000,92.230,92.323,92.169,92.199,5937930000
AUDJPY,20221016,2100,92.200,92.274,92.085,92.101,511600000
AUDJPY,20221016,2200,92.110,92.395,92.110,92.381,6298060000
AUDJPY,20221016,2300,92.382,92.493,92.289,92.476,11718840000
AUDJPY,20221017,0000,92.477,92.532,92.260,92.314,19312400000
AUDJPY,20221017,0100,92.321,92.626,92.276,92.595,15670020000
AUDJPY,20221017,0200,92.597,92.655,92.526,92.627,10254090000
AUDJPY,20221017,0300,92.626,92.682,92.566,92.653,9579410000
AUDJPY,20221017,0400,92.653,92.702,92.545,92.692,10872360000
AUDJPY,20221017,0500,92.689,92.835,92.628,92.814,13819860000
AUDJPY,20221017,0600,92.813,92.863,92.662,92.681,18044660000
AUDJPY,20221017,0700,92.680,92.911,92.651,92.848,31849430000
AUDJPY,20221017,0800,92.849,92.908,92.621,92.825,27488750000
AUDJPY,20221017,0900,92.825,92.907,92.790,92.891,19574080000
AUDJPY,20221017,1000,92.891,93.077,92.850,93.000,20464070000
AUDJPY,20221017,1100,92.999,93.011,92.889,92.975,18430640000
AUDJPY,20221017,1200,92.976,93.418,92.908,93.320,22361210000
AUDJPY,20221017,1300,93.320,93.526,93.280,93.315,21223700000
AUDJPY,20221017,1400,93.315,93.578,93.310,93.424,21425780000
AUDJPY,20221017,1500,93.501,93.861,93.437,93.801,17432860000
AUDJPY,20221017,1600,93.800,93.865,93.674,93.692,12108790000
AUDJPY,20221017,1700,93.691,93.780,93.668,93.697,9418790000
AUDJPY,20221017,1800,93.695,93.739,93.567,93.710,6178830000
AUDJPY,20221017,1900,93.704,93.711,93.561,93.675,8425240000
AUDJPY,20221017,2000,93.676,93.791,93.672,93.732,3284420000
AUDJPY,20221017,2100,93.728,93.784,93.569,93.667,7916820000
AUDJPY,20221017,2200,93.671,93.831,93.668,93.817,6908530000
AUDJPY,20221017,2300,93.817,93.860,93.747,93.806,8962640000
AUDJPY,20221018,0000,93.807,93.986,93.700,93.715,20717380000
AUDJPY,20221018,0100,93.716,93.806,93.597,93.675,16973130000
AUDJPY,20221018,0200,93.675,93.680,93.461,93.569,11649500000
AUDJPY,20221018,0300,93.569,93.944,93.554,93.917,17189520000
AUDJPY,20221018,0400,93.919,94.174,93.909,94.028,20490260000
AUDJPY,20221018,0500,94.031,94.125,93.934,93.942,19235260000
AUDJPY,20221018,0600,93.943,94.046,93.887,93.983,18576390000
AUDJPY,20221018,0700,93.982,94.018,93.694,93.999,24777400000
AUDJPY,20221018,0800,93.997,94.018,93.702,93.733,21786340000
AUDJPY,20221018,0900,93.731,93.789,93.140,93.769,27853000000
AUDJPY,20221018,1000,93.766,93.957,93.719,93.818,16842980000
AUDJPY,20221018,1100,93.815,94.212,93.812,94.185,18059890000
AUDJPY,20221018,1200,94.186,94.196,94.112,94.138,2240780000
AUDJPY,20221018,1500,93.667,93.752,93.536,93.716,15842800000
AUDJPY,20221018,1600,93.716,93.952,93.635,93.870,13181530000
AUDJPY,20221018,1700,93.868,94.071,93.716,94.064,13453030000
AUDJPY,20221018,1800,94.065,94.070,93.821,93.899,10783060000
AUDJPY,20221018,1900,93.899,94.099,93.828,94.098,12836610000
AUDJPY,20221018,2000,94.100,94.209,94.050,94.113,4992950000
AUDJPY,20221018,2100,94.120,94.184,94.074,94.135,2285080000
AUDJPY,20221018,2200,94.127,94.280,94.088,94.227,7494600000
AUDJPY,20221018,2300,94.228,94.346,94.205,94.224,12396140000
AUDJPY,20221019,0000,94.223,94.275,94.098,94.181,16218580000
AUDJPY,20221019,0100,94.181,94.266,94.097,94.209,19034340000
AUDJPY,20221019,0200,94.209,94.331,94.196,94.225,13162290000
AUDJPY,20221019,0300,94.225,94.336,94.215,94.306,11669700000
AUDJPY,20221019,0400,94.306,94.341,94.154,94.213,9901850000
AUDJPY,20221019,0500,94.213,94.266,94.129,94.188,10461430000
AUDJPY,20221019,0600,94.186,94.190,93.994,94.010,19872430000
AUDJPY,20221019,0700,94.014,94.164,93.996,94.150,24290020000
AUDJPY,20221019,0800,94.150,94.166,93.920,94.090,22622720000
AUDJPY,20221019,0900,94.088,94.389,94.060,94.387,16691100000
AUDJPY,20221019,1000,94.386,94.396,94.057,94.058,18510420000
AUDJPY,20221019,1100,94.059,94.171,93.911,94.022,22325230000
AUDJPY,20221019,1200,94.022,94.112,93.892,94.054,20781060000
AUDJPY,20221019,1300,94.055,94.202,93.931,94.013,22885640000
AUDJPY,20221019,1400,94.011,94.322,93.953,94.216,22994230000
AUDJPY,20221019,1500,94.215,94.231,93.869,93.911,16755230000
AUDJPY,20221019,1600,93.922,93.922,93.757,93.805,15533530000
AUDJPY,20221019,1700,93.802,93.878,93.688,93.871,15102950000
AUDJPY,20221019,1800,93.870,94.003,93.844,93.877,8768930000
AUDJPY,20221019,1900,93.880,93.965,93.820,93.963,9204650000
AUDJPY,20221019,2000,93.963,94.021,93.921,93.949,4290040000
AUDJPY,20221019,2100,93.926,93.995,93.819,93.973,2302580000
AUDJPY,20221019,2200,93.973,93.991,93.828,93.851,5357260000
AUDJPY,20221019,2300,93.851,93.876,93.793,93.835,7925510000
AUDJPY,20221020,0000,93.834,94.003,93.711,93.899,17735110000
AUDJPY,20221020,0100,93.897,93.897,93.500,93.541,15864200000
AUDJPY,20221020,0200,93.546,93.624,93.486,93.594,15681680000
AUDJPY,20221020,0300,93.596,93.633,93.370,93.454,14184740000
AUDJPY,20221020,0400,93.451,93.957,93.445,93.766,20904290000
AUDJPY,20221020,0500,93.764,94.009,93.668,93.882,20437250000
AUDJPY,20221020,0600,93.880,93.961,93.760,93.938,17286910000
AUDJPY,20221020,0700,93.938,94.022,93.742,93.984,29307770000
AUDJPY,20221020,0800,93.988,94.107,93.890,94.098,21201450000
AUDJPY,20221020,0900,94.098,94.279,94.072,94.255,17487230000
AUDJPY,20221020,1000,94.253,94.436,94.183,94.420,18644850000
AUDJPY,20221020,1100,94.420,94.597,94.398,94.556,18921880000
AUDJPY,20221020,1200,94.558,94.744,94.296,94.325,31878680000
AUDJPY,20221020,1300,94.324,94.581,94.305,94.525,28041640000
AUDJPY,20221020,1400,94.525,95.154,94.519,95.040,27588220000
AUDJPY,20221020,1500,95.040,95.072,94.870,94.914,16723530000
AUDJPY,20221020,1600,94.913,94.919,94.555,94.636,12815620000
AUDJPY,20221020,1700,94.636,94.636,94.315,94.386,16887490000
AUDJPY,20221020,1800,94.389,94.415,94.204,94.268,16046160000
AUDJPY,20221020,1900,94.271,94.381,94.163,94.297,13860690000
AUDJPY,20221020,2000,94.298,94.338,94.243,94.259,5321580000
AUDJPY,20221020,2100,94.209,94.306,94.137,94.281,4869580000
AUDJPY,20221020,2200,94.281,94.319,94.177,94.211,4755390000
AUDJPY,20221020,2300,94.211,94.231,94.139,94.217,6757560000
AUDJPY,20221021,0000,94.219,94.248,94.092,94.131,16370040000
AUDJPY,20221021,0100,94.133,94.217,94.065,94.134,20097130000
AUDJPY,20221021,0200,94.133,94.326,94.106,94.250,14520450000
AUDJPY,20221021,0300,94.249,94.383,94.159,94.209,12860180000
AUDJPY,20221021,0400,94.208,94.226,94.105,94.209,9554390000
AUDJPY,20221021,0500,94.207,94.207,94.064,94.162,11880640000
AUDJPY,20221021,0600,94.159,94.313,94.058,94.194,17519710000
AUDJPY,20221021,0700,94.196,94.471,94.100,94.356,20070420000
AUDJPY,20221021,0800,94.351,94.409,94.214,94.360,22004100000
AUDJPY,20221021,0900,94.361,94.424,94.231,94.389,20315470000
AUDJPY,20221021,1000,94.386,94.680,94.310,94.638,16340750000
AUDJPY,20221021,1100,94.638,94.746,94.479,94.480,19006500000
AUDJPY,20221021,1200,94.480,94.585,94.317,94.561,30534890000
AUDJPY,20221021,1300,94.559,95.619,94.552,95.598,49404060000
AUDJPY,20221021,1400,95.599,95.741,94.274,94.774,54463249999
AUDJPY,20221021,1500,94.774,94.774,93.071,93.138,64856000000
AUDJPY,20221021,1600,93.138,93.876,93.125,93.661,41034790000
AUDJPY,20221021,1700,93.663,94.382,93.637,94.344,25547430000
AUDJPY,20221021,1800,94.343,94.352,93.769,93.875,29151780000
AUDJPY,20221021,1900,93.863,94.334,93.516,94.334,19676610000
AUDJPY,20221021,2000,94.334,94.354,93.993,94.215,5023310000
AUDJPY,20221023,2100,94.426,94.755,94.320,94.751,1272710000
AUDJPY,20221023,2200,94.745,95.423,94.697,95.073,24875760000
AUDJPY,20221023,2300,95.073,95.199,92.931,94.001,30389750000
AUDJPY,20221024,0000,94.002,94.806,93.884,94.638,37885100000
AUDJPY,20221024,0100,94.641,94.807,94.432,94.714,38581730000
AUDJPY,20221024,0200,94.716,94.728,94.404,94.414,27088310000
AUDJPY,20221024,0300,94.421,94.434,94.184,94.232,17085260000
AUDJPY,20221024,0400,94.230,94.498,94.195,94.498,15937100000
AUDJPY,20221024,0500,94.495,94.513,94.252,94.276,19689120000
AUDJPY,20221024,0600,94.280,94.394,94.160,94.332,26102420000
AUDJPY,20221024,0700,94.333,94.461,94.069,94.147,32879420000
AUDJPY,20221024,0800,94.148,94.177,93.880,94.017,31413130000
AUDJPY,20221024,0900,94.016,94.048,93.730,94.017,21778570000
AUDJPY,20221024,1000,94.015,94.136,93.960,94.067,18819020000
AUDJPY,20221024,1100,94.064,94.238,93.726,93.973,26755310000
AUDJPY,20221024,1200,93.974,93.983,93.682,93.810,30231970000
AUDJPY,20221024,1300,93.811,94.077,93.670,93.946,33496680000
AUDJPY,20221024,1400,93.947,93.956,93.584,93.734,33483380000
AUDJPY,20221024,1500,93.733,93.900,93.663,93.857,23679730000
AUDJPY,20221024,1600,93.857,93.884,93.758,93.837,11393780000
AUDJPY,20221024,1700,93.838,93.838,93.729,93.764,6210000000
AUDJPY,20221024,1800,93.765,93.924,93.739,93.899,7150130000
AUDJPY,20221024,1900,93.897,94.037,93.896,94.036,7920390000
AUDJPY,20221024,2000,94.034,94.112,94.013,94.032,5452940000
AUDJPY,20221024,2100,93.903,94.043,93.810,94.005,4527430000
AUDJPY,20221024,2200,93.976,94.242,93.964,94.194,11455420000
AUDJPY,20221024,2300,94.192,94.259,94.146,94.207,10165090000
AUDJPY,20221025,0000,94.210,94.405,94.005,94.381,25416650000
AUDJPY,20221025,0100,94.380,94.428,94.045,94.203,26834420000
AUDJPY,20221025,0200,94.204,94.215,94.026,94.144,18044940000
AUDJPY,20221025,0300,94.148,94.318,94.082,94.271,15066660000
AUDJPY,20221025,0400,94.271,94.284,94.094,94.154,9296600000
AUDJPY,20221025,0500,94.154,94.221,94.095,94.131,12591820000
AUDJPY,20221025,0600,94.127,94.343,94.118,94.196,13636210000
AUDJPY,20221025,0700,94.196,94.273,94.107,94.225,16958150000
AUDJPY,20221025,0800,94.233,94.328,94.058,94.090,14074540000
AUDJPY,20221025,0900,94.092,94.107,93.865,93.961,12749680000
AUDJPY,20221025,1000,93.961,94.011,93.891,93.974,10601750000
AUDJPY,20221025,1100,93.974,94.161,93.913,94.120,10845670000
AUDJPY,20221025,1200,94.120,94.182,94.032,94.142,14306130000
AUDJPY,20221025,1300,94.142,94.576,94.139,94.481,38357050000
AUDJPY,20221025,1400,94.483,94.603,94.281,94.546,34837180000
AUDJPY,20221025,1500,94.549,94.664,94.506,94.531,21860350000
AUDJPY,20221025,1600,94.533,94.566,94.418,94.456,15028750000
AUDJPY,20221025,1700,94.457,94.578,94.430,94.573,14466180000
AUDJPY,20221025,1800,94.574,94.611,94.489,94.504,9898800000
AUDJPY,20221025,1900,94.502,94.653,94.502,94.645,11977350000
AUDJPY,20221025,2000,94.645,94.648,94.534,94.543,6788300000
AUDJPY,20221025,2100,94.552,94.632,94.329,94.631,3362350000
AUDJPY,20221025,2200,94.630,94.662,94.495,94.501,10227480000
AUDJPY,20221025,2300,94.499,94.505,94.377,94.465,8679880000
AUDJPY,20221026,0000,94.463,94.781,94.393,94.498,20035430000
AUDJPY,20221026,0100,94.496,94.799,94.438,94.679,21708080000
AUDJPY,20221026,0200,94.679,94.872,94.666,94.812,14643300000
AUDJPY,20221026,0300,94.811,94.983,94.776,94.983,14999730000
AUDJPY,20221026,0400,94.981,94.995,94.893,94.913,11197069998
AUDJPY,20221026,0500,94.913,94.998,94.810,94.938,16496460000
AUDJPY,20221026,0600,94.935,95.142,94.886,95.087,20171270000
AUDJPY,20221026,0700,95.087,95.279,94.907,95.170,27538240000
AUDJPY,20221026,0800,95.170,95.439,95.099,95.414,29997630000
AUDJPY,20221026,0900,95.415,95.415,95.180,95.224,20104850000
AUDJPY,20221026,1000,95.222,95.330,95.200,95.271,16791460000
AUDJPY,20221026,1100,95.273,95.323,95.170,95.276,19229970000
AUDJPY,20221026,1200,95.274,95.329,95.069,95.138,25634170000
AUDJPY,20221026,1300,95.138,95.186,94.969,94.978,31035020000
AUDJPY,20221026,1400,94.975,95.199,94.679,95.157,33273580000
AUDJPY,20221026,1500,95.158,95.377,95.142,95.203,22399330000
AUDJPY,20221026,1600,95.203,95.236,94.959,94.986,14290260000
AUDJPY,20221026,1700,94.986,95.015,94.840,94.982,16622060000
AUDJPY,20221026,1800,94.980,95.069,94.939,94.987,13134630000
AUDJPY,20221026,1900,94.990,95.008,94.861,94.971,13976660000
AUDJPY,20221026,2000,94.971,95.120,94.970,95.083,6453600000
AUDJPY,20221026,2100,95.042,95.064,94.947,94.994,1778460000
AUDJPY,20221026,2200,94.988,95.035,94.882,94.922,9151510000
AUDJPY,20221026,2300,94.921,95.020,94.798,94.891,11386920000
AUDJPY,20221027,0000,94.890,94.929,94.678,94.693,20597910000
AUDJPY,20221027,0100,94.693,94.861,94.627,94.781,22132560000
AUDJPY,20221027,0200,94.779,94.936,94.741,94.875,18025270000
AUDJPY,20221027,0300,94.876,95.006,94.854,94.912,13175040000
AUDJPY,20221027,0400,94.911,95.010,94.869,94.926,13437180000
AUDJPY,20221027,0500,94.925,94.936,94.489,94.603,24340800000
AUDJPY,20221027,0600,94.600,94.617,94.393,94.431,21323560000
AUDJPY,20221027,0700,94.431,94.579,94.294,94.302,20746920000
AUDJPY,20221027,0800,94.303,94.475,94.252,94.396,18544720000
AUDJPY,20221027,0900,94.397,94.567,94.364,94.534,16960020000
AUDJPY,20221027,1000,94.536,94.579,94.308,94.345,17220150000
AUDJPY,20221027,1100,94.345,94.622,94.344,94.497,15054930000
AUDJPY,20221027,1200,94.499,94.789,94.352,94.733,29180740000
AUDJPY,20221027,1300,94.736,94.757,94.518,94.576,36279820000
AUDJPY,20221027,1400,94.576,94.803,94.531,94.664,35460850000
AUDJPY,20221027,1500,94.664,94.746,94.512,94.566,25427810000
AUDJPY,20221027,1600,94.568,94.640,94.441,94.557,11341080000
AUDJPY,20221027,1700,94.557,94.730,94.518,94.548,9767340000
AUDJPY,20221027,1800,94.547,94.553,94.451,94.483,6962790000
AUDJPY,20221027,1900,94.483,94.539,94.415,94.481,10763150000
AUDJPY,20221027,2000,94.482,94.502,94.229,94.333,14157540000
AUDJPY,20221027,2100,94.346,94.399,94.131,94.395,2390090000
AUDJPY,20221027,2200,94.395,94.433,94.241,94.360,7800190000
AUDJPY,20221027,2300,94.358,94.415,94.319,94.355,9141020000
AUDJPY,20221028,0000,94.355,94.515,94.307,94.477,16890200000
AUDJPY,20221028,0100,94.477,94.793,94.477,94.780,20017560000
AUDJPY,20221028,0200,94.779,94.905,94.379,94.563,21876830000
AUDJPY,20221028,0300,94.566,94.742,94.505,94.571,20756760000
AUDJPY,20221028,0400,94.571,94.696,94.535,94.627,15021950000
AUDJPY,20221028,0500,94.626,94.630,94.373,94.393,17823950000
AUDJPY,20221028,0600,94.392,94.421,94.219,94.340,24847820000
AUDJPY,20221028,0700,94.341,94.471,94.260,94.394,22857220000
AUDJPY,20221028,0800,94.396,94.695,94.318,94.599,22410450000
AUDJPY,20221028,0900,94.599,94.771,94.561,94.740,16515260000
AUDJPY,20221028,1000,94.741,94.806,94.635,94.674,13724850000
AUDJPY,20221028,1100,94.674,94.707,94.567,94.659,17173220000
AUDJPY,20221028,1200,94.658,94.707,94.422,94.643,26135690000
AUDJPY,20221028,1300,94.644,94.813,94.628,94.709,22035760000
AUDJPY,20221028,1400,94.668,94.733,94.404,94.511,22870660000
AUDJPY,20221028,1500,94.513,94.526,94.316,94.439,16749180000
AUDJPY,20221028,1600,94.439,94.657,94.413,94.637,10709250000
AUDJPY,20221028,1700,94.635,94.659,94.541,94.592,7071320000
AUDJPY,20221028,1800,94.593,94.607,94.534,94.574,4977210000
AUDJPY,20221028,1900,94.572,94.598,94.483,94.575,8093680000
AUDJPY,20221028,2000,94.574,94.585,94.487,94.495,3395730000
AUDJPY,20221030,2100,94.383,94.640,94.383,94.552,390570000
AUDJPY,20221030,2200,94.552,94.623,94.439,94.515,13256600000
AUDJPY,20221030,2300,94.515,94.639,94.483,94.609,9409270000
AUDJPY,20221031,0000,94.607,95.094,94.601,95.040,13130110000
AUDJPY,20221031,0100,95.043,95.117,94.868,95.042,12520820000
AUDJPY,20221031,0200,95.042,95.159,94.912,94.991,10000650000
AUDJPY,20221031,0300,94.989,95.068,94.954,94.995,11878600000
AUDJPY,20221031,0400,94.995,95.073,94.963,94.985,7909010000
AUDJPY,20221031,0500,94.987,94.987,94.804,94.899,12231280000
AUDJPY,20221031,0600,94.899,94.958,94.839,94.881,10067610000
AUDJPY,20221031,0700,94.883,94.988,94.763,94.888,11742640000
AUDJPY,20221031,0800,94.888,94.889,94.705,94.829,16126900000
AUDJPY,20221031,0900,94.832,95.059,94.824,95.032,12609640000
AUDJPY,20221031,1000,95.031,95.130,94.944,95.037,13320610000
AUDJPY,20221031,1100,95.037,95.103,94.924,94.993,15080420000
AUDJPY,20221031,1200,94.996,94.998,94.847,94.864,17135450000
AUDJPY,20221031,1300,94.862,94.951,94.732,94.748,19486460000
AUDJPY,20221031,1400,94.750,94.972,94.738,94.897,18716180000
AUDJPY,20221031,1500,94.899,95.133,94.762,95.029,18444410000
AUDJPY,20221031,1600,95.028,95.121,94.940,94.958,19132580000
AUDJPY,20221031,1700,94.961,95.069,94.908,95.052,13077260000
AUDJPY,20221031,1800,95.052,95.084,94.978,95.006,8556420000
AUDJPY,20221031,1900,95.006,95.110,94.928,95.110,10435490000
AUDJPY,20221031,2000,95.107,95.164,95.080,95.117,4757560000
AUDJPY,20221031,2100,95.100,95.148,94.996,95.118,681370000
AUDJPY,20221031,2200,95.123,95.240,95.077,95.210,5051110000
AUDJPY,20221031,2300,95.208,95.348,95.202,95.333,4793400000
AUDJPY,20221101,0000,95.334,95.352,95.159,95.190,9478500000
AUDJPY,20221101,0100,95.190,95.268,94.981,95.250,16745880000
AUDJPY,20221101,0200,95.253,95.510,95.245,95.489,11179360000
AUDJPY,20221101,0300,95.489,95.558,94.988,95.359,16749810000
AUDJPY,20221101,0400,95.357,95.429,95.267,95.316,9471640000
AUDJPY,20221101,0500,95.316,95.350,95.158,95.166,15129740000
AUDJPY,20221101,0600,95.170,95.330,95.127,95.218,13340060000
AUDJPY,20221101,0700,95.220,95.220,94.705,95.030,18270560000
AUDJPY,20221101,0800,95.034,95.240,94.850,94.850,15698960000
AUDJPY,20221101,0900,94.852,95.057,94.850,94.984,11495860000
AUDJPY,20221101,1000,94.987,95.001,94.813,94.952,18933360000
AUDJPY,20221101,1100,94.953,94.958,94.857,94.890,13052240000
AUDJPY,20221101,1200,94.896,95.074,94.877,94.930,19054900000
AUDJPY,20221101,1300,94.928,95.018,94.781,94.827,20802900000
AUDJPY,20221101,1400,94.829,94.928,94.539,94.591,30506250000
AUDJPY,20221101,1500,94.593,94.841,94.563,94.659,21686400000
AUDJPY,20221101,1600,94.660,94.866,94.501,94.647,21514530000
AUDJPY,20221101,1700,94.648,94.890,94.622,94.854,9285100000
AUDJPY,20221101,1800,94.853,94.909,94.789,94.794,5711120000
AUDJPY,20221101,1900,94.793,94.868,94.772,94.775,7846220000
AUDJPY,20221101,2000,94.774,94.811,94.730,94.766,3557980000
AUDJPY,20221101,2100,94.757,94.818,94.699,94.783,1042640000
AUDJPY,20221101,2200,94.783,94.840,94.713,94.739,9412830000
AUDJPY,20221101,2300,94.736,94.748,94.475,94.617,9538230000
AUDJPY,20221102,0000,94.616,94.640,94.083,94.102,19293950000
AUDJPY,20221102,0100,94.103,94.387,94.074,94.352,20665850000
AUDJPY,20221102,0200,94.351,94.576,94.262,94.574,16386470000
AUDJPY,20221102,0300,94.577,94.699,94.485,94.677,15956970000
AUDJPY,20221102,0400,94.677,94.741,94.625,94.643,12221490000
AUDJPY,20221102,0500,94.644,94.774,94.615,94.740,15076380000
AUDJPY,20221102,0600,94.740,94.753,94.483,94.516,9494370000
AUDJPY,20221102,0700,94.516,94.552,94.323,94.548,11393130000
AUDJPY,20221102,0800,94.548,94.630,94.365,94.559,19571080000
AUDJPY,20221102,0900,94.556,94.608,94.490,94.583,12706380000
AUDJPY,20221102,1000,94.581,94.596,94.308,94.329,13714840000
AUDJPY,20221102,1100,94.329,94.478,94.323,94.449,12588220000
AUDJPY,20221102,1200,94.456,94.545,94.231,94.486,21779290000
AUDJPY,20221102,1300,94.486,94.514,94.219,94.330,21588580000
AUDJPY,20221102,1400,94.328,94.371,94.082,94.143,17517380000
AUDJPY,20221102,1500,94.143,94.334,94.098,94.319,11039340000
AUDJPY,20221102,1600,94.320,94.328,94.196,94.254,8852520000
AUDJPY,20221102,1700,94.255,94.383,94.230,94.265,8089340000
AUDJPY,20221102,1800,94.265,94.681,94.011,94.291,51330010000
AUDJPY,20221102,1900,94.271,94.492,93.897,93.966,34223870000
AUDJPY,20221102,2000,93.961,93.994,93.876,93.876,7607630000
AUDJPY,20221102,2100,93.842,93.971,93.747,93.836,8045110000
AUDJPY,20221102,2200,93.857,94.064,93.793,93.886,8934970000
AUDJPY,20221102,2300,93.884,93.895,93.656,93.729,9015830000
AUDJPY,20221103,0000,93.729,93.729,93.422,93.438,14115290000
AUDJPY,20221103,0100,93.438,93.658,93.438,93.631,20685850000
AUDJPY,20221103,0200,93.629,93.767,93.610,93.708,13579930000
AUDJPY,20221103,0300,93.707,93.774,93.601,93.754,10642630000
AUDJPY,20221103,0400,93.753,93.824,93.738,93.765,8227050000
AUDJPY,20221103,0500,93.765,93.822,93.720,93.750,10579840000
AUDJPY,20221103,0600,93.749,93.752,93.549,93.641,13408730000
AUDJPY,20221103,0700,93.641,93.696,93.320,93.519,20747960000
AUDJPY,20221103,0800,93.520,93.606,93.409,93.503,20223390000
AUDJPY,20221103,0900,93.505,93.579,93.179,93.225,17186370000
AUDJPY,20221103,1000,93.227,93.294,93.150,93.273,17419060000
AUDJPY,20221103,1100,93.289,93.363,93.122,93.217,17259420000
AUDJPY,20221103,1200,93.213,93.309,93.142,93.180,24549820000
AUDJPY,20221103,1300,93.180,93.271,93.007,93.012,25978980000
AUDJPY,20221103,1400,93.012,93.436,92.959,93.412,28849380000
AUDJPY,20221103,1500,93.413,93.416,93.158,93.255,22062380000
AUDJPY,20221103,1600,93.256,93.401,93.213,93.281,16642170000
AUDJPY,20221103,1700,93.282,93.366,93.245,93.308,9418190000
AUDJPY,20221103,1800,93.309,93.374,93.264,93.363,7154660000
AUDJPY,20221103,1900,93.365,93.448,93.290,93.313,8407520000
AUDJPY,20221103,2000,93.315,93.339,93.202,93.203,4027320000
AUDJPY,20221103,2100,93.176,93.276,93.112,93.175,1241140000
AUDJPY,20221103,2200,93.159,93.247,93.122,93.213,5086560000
AUDJPY,20221103,2300,93.217,93.315,93.180,93.304,3506020000
AUDJPY,20221104,0000,93.302,93.399,93.170,93.199,12286160000
AUDJPY,20221104,0100,93.200,93.375,93.090,93.357,14557360000
AUDJPY,20221104,0200,93.355,93.571,93.300,93.516,11375480000
AUDJPY,20221104,0300,93.515,93.810,93.507,93.765,11130760000
AUDJPY,20221104,0400,93.764,93.902,93.706,93.834,11855350000
AUDJPY,20221104,0500,93.831,93.994,93.802,93.802,13525050000
AUDJPY,20221104,0600,93.804,94.030,93.772,93.897,18253430000
AUDJPY,20221104,0700,93.894,93.990,93.634,93.712,20490250000
AUDJPY,20221104,0800,93.710,93.877,93.692,93.789,14955500000
AUDJPY,20221104,0900,93.838,94.014,93.793,93.914,13660630000
AUDJPY,20221104,1000,93.911,94.191,93.891,94.188,11549800000
AUDJPY,20221104,1100,94.188,94.368,94.115,94.180,16275080000
AUDJPY,20221104,1200,94.183,94.873,93.974,94.777,33217830000
AUDJPY,20221104,1300,94.772,94.876,94.555,94.773,44266300000
AUDJPY,20221104,1400,94.775,95.015,94.761,94.866,32196480000
AUDJPY,20221104,1500,94.867,94.903,94.538,94.728,25903120000
AUDJPY,20221104,1600,94.726,94.901,94.657,94.827,24272390000
AUDJPY,20221104,1700,94.829,94.936,94.770,94.815,16683090000
AUDJPY,20221104,1800,94.818,95.079,94.767,95.060,17468130000
AUDJPY,20221104,1900,95.060,95.070,94.941,95.015,15150600000
AUDJPY,20221104,2000,95.013,95.031,94.783,94.847,5205170000
AUDJPY,20221106,2200,94.424,94.468,94.117,94.222,10830880000
AUDJPY,20221106,2300,94.227,94.690,94.227,94.548,9571560000
AUDJPY,20221107,0000,94.548,94.648,94.478,94.529,13108780000
AUDJPY,20221107,0100,94.530,94.580,94.294,94.528,19007230000
AUDJPY,20221107,0200,94.528,94.565,94.368,94.496,15083460000
AUDJPY,20221107,0300,94.497,94.699,94.481,94.655,12516670000
AUDJPY,20221107,0400,94.650,94.669,94.543,94.620,8282790000
AUDJPY,20221107,0500,94.620,94.759,94.570,94.587,11246010000
AUDJPY,20221107,0600,94.590,94.679,94.558,94.613,11119800000
AUDJPY,20221107,0700,94.623,94.668,94.513,94.558,18720480000
AUDJPY,20221107,0800,94.559,94.864,94.526,94.817,21327980000
AUDJPY,20221107,0900,94.814,95.014,94.751,94.812,20456320000
AUDJPY,20221107,1000,94.811,94.864,94.698,94.776,15100790000
AUDJPY,20221107,1100,94.776,94.788,94.689,94.743,12295310000
AUDJPY,20221107,1200,94.744,94.816,94.623,94.683,15580500000
AUDJPY,20221107,1300,94.684,94.789,94.624,94.718,23907130000
AUDJPY,20221107,1400,94.719,94.851,94.627,94.683,20754280000
AUDJPY,20221107,1500,94.715,94.812,94.631,94.796,22356400000
AUDJPY,20221107,1600,94.797,94.843,94.707,94.761,15692100000
AUDJPY,20221107,1700,94.760,94.898,94.733,94.840,11717120000
AUDJPY,20221107,1800,94.841,94.915,94.840,94.913,8465320000
AUDJPY,20221107,1900,94.914,94.964,94.874,94.924,8340100000
AUDJPY,20221107,2000,94.924,95.006,94.896,94.980,9412620000
AUDJPY,20221107,2100,94.981,95.030,94.956,94.990,2087920000
AUDJPY,20221107,2200,94.958,94.962,94.647,94.873,2984970000
AUDJPY,20221107,2300,94.868,94.992,94.864,94.922,5420430000
AUDJPY,20221108,0000,94.922,95.025,94.898,94.997,10404750000
AUDJPY,20221108,0100,94.997,95.026,94.832,94.898,16398910000
AUDJPY,20221108,0200,94.896,94.935,94.718,94.919,12452460000
AUDJPY,20221108,0300,94.922,94.927,94.827,94.901,9171810000
AUDJPY,20221108,0400,94.901,94.914,94.755,94.816,8197460000
AUDJPY,20221108,0500,94.817,94.827,94.616,94.648,12039120000
AUDJPY,20221108,0600,94.650,94.763,94.645,94.753,12271220000
AUDJPY,20221108,0700,94.753,94.824,94.644,94.695,15039900000
AUDJPY,20221108,0800,94.700,94.816,94.647,94.703,16928960000
AUDJPY,20221108,0900,94.701,94.783,94.587,94.746,16507430000
AUDJPY,20221108,1000,94.748,94.843,94.680,94.702,12502900000
AUDJPY,20221108,1100,94.701,94.834,94.699,94.792,10615010000
AUDJPY,20221108,1200,94.793,94.825,94.703,94.805,16081530000
AUDJPY,20221108,1300,94.805,94.825,94.701,94.747,14652130000
AUDJPY,20221108,1400,94.747,94.769,94.501,94.582,18940310000
AUDJPY,20221108,1500,94.577,95.059,94.564,95.038,28547660000
AUDJPY,20221108,1600,95.040,95.198,94.982,95.136,19839640000
AUDJPY,20221108,1700,95.136,95.173,95.010,95.026,11319550000
AUDJPY,20221108,1800,95.025,95.048,94.665,94.682,16178220001
AUDJPY,20221108,1900,94.680,94.729,94.369,94.570,17682790000
AUDJPY,20221108,2000,94.570,94.758,94.565,94.713,15781600000
AUDJPY,20221108,2100,94.710,94.777,94.674,94.749,3059270000
AUDJPY,20221108,2200,94.738,94.738,94.592,94.715,2257530000
AUDJPY,20221108,2300,94.709,94.727,94.497,94.566,10479260000
AUDJPY,20221109,0000,94.565,94.741,94.485,94.660,14667340000
AUDJPY,20221109,0100,94.661,94.699,94.411,94.424,17902730000
AUDJPY,20221109,0200,94.424,94.718,94.379,94.603,15574170000
AUDJPY,20221109,0300,94.599,94.689,94.503,94.633,15036820000
AUDJPY,20221109,0400,94.633,94.645,94.520,94.619,11171710000
AUDJPY,20221109,0500,94.618,94.694,94.555,94.639,12535510000
AUDJPY,20221109,0600,94.639,94.645,94.536,94.538,12227640000
AUDJPY,20221109,0700,94.536,94.783,94.536,94.564,18779910000
AUDJPY,20221109,0800,94.566,94.746,94.550,94.679,21904620000
AUDJPY,20221109,0900,94.679,94.709,94.389,94.442,21028630000
AUDJPY,20221109,1000,94.444,94.465,94.148,94.221,18870380000
AUDJPY,20221109,1100,94.223,94.397,94.191,94.275,12445110000
AUDJPY,20221109,1200,94.274,94.358,94.190,94.339,13922300000
AUDJPY,20221109,1300,94.339,94.602,94.324,94.552,23257720000
AUDJPY,20221109,1400,94.550,94.668,94.418,94.553,23278210000
AUDJPY,20221109,1500,94.552,94.772,94.117,94.192,33942280000
AUDJPY,20221109,1600,94.194,94.310,94.154,94.223,22976060000
AUDJPY,20221109,1700,94.220,94.255,94.061,94.224,11063980000
AUDJPY,20221109,1800,94.225,94.293,94.077,94.164,15305190000
AUDJPY,20221109,1900,94.165,94.252,94.130,94.195,11944740000
AUDJPY,20221109,2000,94.195,94.293,94.122,94.133,12416040000
AUDJPY,20221109,2100,94.134,94.159,94.067,94.125,3770520000
AUDJPY,20221109,2200,94.143,94.172,94.093,94.104,2371090000
AUDJPY,20221109,2300,94.103,94.129,93.981,94.011,6733220000
AUDJPY,20221110,0000,94.010,94.107,94.002,94.050,11407870000
AUDJPY,20221110,0100,94.047,94.171,93.970,93.970,13320050000
AUDJPY,20221110,0200,93.970,93.997,93.772,93.848,15104070000
AUDJPY,20221110,0300,93.848,93.986,93.733,93.753,12072440000
AUDJPY,20221110,0400,93.750,93.832,93.681,93.826,8373970000
AUDJPY,20221110,0500,93.826,93.887,93.753,93.795,12225290000
AUDJPY,20221110,0600,93.797,93.894,93.747,93.829,13308470000
AUDJPY,20221110,0700,93.829,93.841,93.589,93.645,16336590000
AUDJPY,20221110,0800,93.646,93.849,93.609,93.687,18615230000
AUDJPY,20221110,0900,93.687,93.878,93.670,93.764,16270130000
AUDJPY,20221110,1000,93.764,93.811,93.613,93.788,14663650000
AUDJPY,20221110,1100,93.787,93.888,93.646,93.661,14135490000
AUDJPY,20221110,1200,93.664,93.704,93.607,93.641,12734150000
AUDJPY,20221110,1300,93.641,94.343,93.607,93.832,42538900000
AUDJPY,20221110,1400,93.831,93.875,92.933,93.085,51871530000
AUDJPY,20221110,1500,93.086,93.457,93.041,93.377,36161590000
AUDJPY,20221110,1600,93.378,93.464,93.235,93.423,29965440000
AUDJPY,20221110,1700,93.423,93.468,93.188,93.233,17055890000
AUDJPY,20221110,1800,93.233,93.435,93.222,93.368,16673950000
AUDJPY,20221110,1900,93.367,93.503,93.340,93.480,10557990000
AUDJPY,20221110,2000,93.480,93.518,93.288,93.439,13901520000
AUDJPY,20221110,2100,93.441,93.444,92.910,93.249,25104200000
AUDJPY,20221110,2200,93.263,93.632,93.153,93.432,6282340000
AUDJPY,20221110,2300,93.419,93.700,93.370,93.630,14119130000
AUDJPY,20221111,0000,93.632,93.652,93.464,93.519,20663430000
AUDJPY,20221111,0100,93.521,93.878,93.516,93.729,23234110000
AUDJPY,20221111,0200,93.728,93.894,93.693,93.764,19569560000
AUDJPY,20221111,0300,93.763,93.879,93.706,93.809,16185020000
AUDJPY,20221111,0400,93.809,93.908,93.753,93.843,14047390000
AUDJPY,20221111,0500,93.845,94.193,93.726,94.163,23022500000
AUDJPY,20221111,0600,94.162,94.246,93.849,93.960,18889980000
AUDJPY,20221111,0700,93.963,94.019,93.828,93.953,25327370000
AUDJPY,20221111,0800,93.952,93.956,93.751,93.855,21601410000
AUDJPY,20221111,0900,93.855,93.855,93.302,93.328,26232270000
AUDJPY,20221111,1000,93.330,93.363,92.595,93.120,38630710000
AUDJPY,20221111,1100,93.120,93.277,93.008,93.028,28987770000
AUDJPY,20221111,1200,93.026,93.074,92.844,92.952,23918110000
AUDJPY,20221111,1300,92.958,93.147,92.950,93.128,32695200000
AUDJPY,20221111,1400,93.125,93.250,92.929,93.053,33650150000
AUDJPY,20221111,1500,93.051,93.288,92.926,93.144,38161600000
AUDJPY,20221111,1600,93.144,93.205,93.011,93.015,27514950000
AUDJPY,20221111,1700,93.015,93.053,92.919,92.965,18107620000
AUDJPY,20221111,1800,92.964,93.043,92.901,92.978,16897040000
AUDJPY,20221111,1900,92.978,93.035,92.950,92.989,18383470000
AUDJPY,20221111,2000,92.989,93.037,92.851,93.030,21708220000
AUDJPY,20221111,2100,93.029,93.088,92.976,93.051,4222630000
AUDJPY,20221113,2200,93.197,93.696,93.152,93.186,2654500000
AUDJPY,20221113,2300,93.192,93.498,92.935,93.464,16851510000
AUDJPY,20221114,0000,93.460,93.523,93.242,93.244,19183610000
AUDJPY,20221114,0100,93.251,93.319,92.908,93.003,29651710000
AUDJPY,20221114,0200,93.003,93.076,92.910,93.047,13718530000
AUDJPY,20221114,0300,93.045,93.103,92.971,93.086,8810650000
AUDJPY,20221114,0400,93.085,93.147,93.021,93.105,9579210000
AUDJPY,20221114,0500,93.104,93.157,92.983,93.035,11182650000
AUDJPY,20221114,0600,93.043,93.113,92.933,93.091,9892930000
AUDJPY,20221114,0700,93.092,93.405,93.008,93.402,12446260000
AUDJPY,20221114,0800,93.402,93.745,93.328,93.721,22201580000
AUDJPY,20221114,0900,93.723,93.871,93.630,93.770,23231270000
AUDJPY,20221114,1000,93.772,93.823,93.591,93.780,19590840000
AUDJPY,20221114,1100,93.780,93.869,93.735,93.823,15488020000
AUDJPY,20221114,1200,93.823,93.849,93.673,93.813,17748630000
AUDJPY,20221114,1300,93.811,94.024,93.764,94.023,26177700000
AUDJPY,20221114,1400,94.022,94.096,93.912,94.077,24373860000
AUDJPY,20221114,1500,94.077,94.290,94.053,94.195,22027400000
AUDJPY,20221114,1600,94.195,94.226,93.994,94.010,18953670000
AUDJPY,20221114,1700,94.010,94.120,93.922,94.050,8897980000
AUDJPY,20221114,1800,94.058,94.082,93.955,94.021,8093060000
AUDJPY,20221114,1900,94.023,94.039,93.926,94.010,8629240000
AUDJPY,20221114,2000,94.011,94.031,93.559,93.587,9556900000
AUDJPY,20221114,2100,93.589,93.759,93.589,93.702,3843120000
AUDJPY,20221114,2200,93.691,93.841,93.691,93.793,1287610000
AUDJPY,20221114,2300,93.793,93.908,93.743,93.756,7753120000
AUDJPY,20221115,0000,93.752,94.031,93.745,93.905,11136140000
AUDJPY,20221115,0100,93.907,93.994,93.782,93.852,12460110000
AUDJPY,20221115,0200,93.852,94.083,93.806,94.043,12089400000
AUDJPY,20221115,0300,94.043,94.219,94.028,94.090,10987400000
AUDJPY,20221115,0400,94.089,94.155,93.983,94.002,9965600000
AUDJPY,20221115,0500,94.002,94.162,93.934,94.153,9570820000
AUDJPY,20221115,0600,94.154,94.312,94.094,94.239,7122970000
AUDJPY,20221115,0700,94.235,94.381,93.999,94.210,23570080000
AUDJPY,20221115,0800,94.208,94.295,94.090,94.092,21850860000
AUDJPY,20221115,0900,94.090,94.268,93.953,94.257,22373250000
AUDJPY,20221115,1000,94.259,94.293,94.079,94.176,23244710000
AUDJPY,20221115,1100,94.176,94.183,93.860,93.910,15674680000
AUDJPY,20221115,1200,93.908,93.977,93.860,93.962,15945330000
AUDJPY,20221115,1300,93.962,93.998,93.480,93.632,32591740000
AUDJPY,20221115,1400,93.630,93.654,93.478,93.583,38505380000
AUDJPY,20221115,1500,93.583,94.343,93.475,94.312,35448640000
AUDJPY,20221115,1600,94.311,94.494,94.226,94.456,26872760000
AUDJPY,20221115,1700,94.456,94.520,94.393,94.435,20465640000
AUDJPY,20221115,1800,94.437,94.506,93.846,94.022,29439090000
AUDJPY,20221115,1900,94.024,94.226,93.907,94.170,32584900000
AUDJPY,20221115,2000,94.175,94.286,94.058,94.145,26881550000
AUDJPY,20221115,2100,94.143,94.195,94.050,94.050,7392390000
AUDJPY,20221115,2200,94.049,94.166,94.003,94.100,3766050000
AUDJPY,20221115,2300,94.113,94.113,93.823,94.068,12259260000
AUDJPY,20221116,0000,94.068,94.113,93.854,93.938,17124240000
AUDJPY,20221116,0100,93.937,94.305,93.937,94.177,21043700000
AUDJPY,20221116,0200,94.177,94.605,94.163,94.508,18837780000
AUDJPY,20221116,0300,94.508,94.620,94.443,94.542,15526480000
AUDJPY,20221116,0400,94.541,94.550,94.405,94.444,12782140000
AUDJPY,20221116,0500,94.447,94.595,94.387,94.545,16212700000
AUDJPY,20221116,0600,94.546,94.650,94.467,94.531,11263040000
AUDJPY,20221116,0700,94.528,94.632,94.400,94.477,21248960000
AUDJPY,20221116,0800,94.477,94.515,94.359,94.462,19671820000
AUDJPY,20221116,0900,94.464,94.569,94.349,94.522,12922780000
AUDJPY,20221116,1000,94.522,94.602,94.454,94.512,12349340000
AUDJPY,20221116,1100,94.511,94.531,94.388,94.390,14461820000
AUDJPY,20221116,1200,94.390,94.439,94.247,94.350,15652500000
AUDJPY,20221116,1300,94.348,94.616,94.295,94.447,26088200000
AUDJPY,20221116,1400,94.445,94.465,94.093,94.150,32355910000
AUDJPY,20221116,1500,94.150,94.275,94.012,94.100,25871150000
AUDJPY,20221116,1600,94.099,94.151,93.965,93.972,19354730000
AUDJPY,20221116,1700,93.972,94.012,93.814,93.909,15723240000
AUDJPY,20221116,1800,93.913,94.013,93.841,93.894,12286630000
AUDJPY,20221116,1900,93.892,93.955,93.842,93.888,10239170000
AUDJPY,20221116,2000,93.888,93.997,93.833,93.996,10004420000
AUDJPY,20221116,2100,93.996,94.065,93.964,94.045,5702990000
AUDJPY,20221116,2200,93.990,94.062,93.749,93.960,6534920000
AUDJPY,20221116,2300,93.964,94.006,93.872,93.884,5468080000
AUDJPY,20221117,0000,93.885,94.058,93.855,93.943,9576020000
AUDJPY,20221117,0100,93.943,94.041,93.807,93.875,10964600000
AUDJPY,20221117,0200,93.875,93.901,93.691,93.722,12797140000
AUDJPY,20221117,0300,93.722,93.740,93.562,93.664,11977440000
AUDJPY,20221117,0400,93.662,93.722,93.577,93.579,6036300000
AUDJPY,20221117,0500,93.576,93.689,93.547,93.658,9551880000
AUDJPY,20221117,0600,93.657,93.905,93.636,93.900,11276120000
AUDJPY,20221117,0700,93.896,93.994,93.792,93.888,15252920000
AUDJPY,20221117,0800,93.889,93.915,93.617,93.646,21937880000
AUDJPY,20221117,0900,93.646,93.694,93.405,93.477,17799540000
AUDJPY,20221117,1000,93.480,93.538,93.286,93.363,17282920000
AUDJPY,20221117,1100,93.364,93.444,93.303,93.436,19587680000
AUDJPY,20221117,1200,93.436,93.442,93.153,93.317,22831080000
AUDJPY,20221117,1300,93.322,93.356,93.192,93.271,30227960000
AUDJPY,20221117,1400,93.267,93.552,93.255,93.409,28712960000
AUDJPY,20221117,1500,93.410,93.600,93.373,93.497,24106420000
AUDJPY,20221117,1600,93.497,93.629,93.433,93.604,17036640000
AUDJPY,20221117,1700,93.604,93.735,93.558,93.723,10358620000
AUDJPY,20221117,1800,93.721,93.825,93.704,93.803,10245490000
AUDJPY,20221117,1900,93.804,93.879,93.720,93.729,7880570000
AUDJPY,20221117,2000,93.729,93.789,93.624,93.785,9382820000
AUDJPY,20221117,2100,93.783,93.831,93.762,93.762,4332810000
AUDJPY,20221117,2200,93.710,93.802,93.504,93.755,17384640000
AUDJPY,20221117,2300,93.754,93.941,93.753,93.903,9000370000
AUDJPY,20221118,0000,93.903,93.986,93.846,93.973,13398960000
AUDJPY,20221118,0100,93.973,93.976,93.760,93.843,13648950000
AUDJPY,20221118,0200,93.842,93.902,93.776,93.829,15649760000
AUDJPY,20221118,0300,93.828,93.960,93.746,93.818,14771630000
AUDJPY,20221118,0400,93.808,93.836,93.724,93.748,9179310000
AUDJPY,20221118,0500,93.749,93.921,93.749,93.797,12591710000
AUDJPY,20221118,0600,93.797,93.814,93.686,93.782,12173020000
AUDJPY,20221118,0700,93.781,93.888,93.696,93.865,15485070000
AUDJPY,20221118,0800,93.865,94.005,93.776,93.983,21396510000
AUDJPY,20221118,0900,93.983,94.091,93.921,93.939,18235980000
AUDJPY,20221118,1000,93.939,94.042,93.901,93.952,17026210000
AUDJPY,20221118,1100,93.953,93.990,93.829,93.843,14732550000
AUDJPY,20221118,1200,93.842,94.056,93.836,93.970,13352890000
AUDJPY,20221118,1300,93.970,94.076,93.705,93.707,18974710000
AUDJPY,20221118,1400,93.709,93.744,93.341,93.398,20121380000
AUDJPY,20221118,1500,93.397,93.641,93.227,93.604,22829150000
AUDJPY,20221118,1600,93.605,93.613,93.520,93.540,11491270000
AUDJPY,20221118,1700,93.540,93.575,93.427,93.553,8213320000
AUDJPY,20221118,1800,93.551,93.654,93.519,93.626,6786260000
AUDJPY,20221118,1900,93.628,93.709,93.612,93.708,6277940000
AUDJPY,20221118,2000,93.708,93.725,93.595,93.643,6903270000
AUDJPY,20221118,2100,93.644,93.714,93.612,93.623,4974180000
AUDJPY,20221120,2200,93.528,93.651,93.399,93.643,1577780000
AUDJPY,20221120,2300,93.643,93.796,93.608,93.738,9109730000
AUDJPY,20221121,0000,93.738,93.751,93.373,93.457,10291510000
AUDJPY,20221121,0100,93.457,93.536,93.327,93.341,10919100000
AUDJPY,20221121,0200,93.341,93.354,93.183,93.219,10490550000
AUDJPY,20221121,0300,93.219,93.431,93.211,93.429,6617290000
AUDJPY,20221121,0400,93.429,93.447,93.293,93.299,7325530000
AUDJPY,20221121,0500,93.299,93.445,93.247,93.433,11253490000
AUDJPY,20221121,0600,93.434,93.571,93.397,93.495,11020300000
AUDJPY,20221121,0700,93.496,93.547,93.374,93.473,14347830000
AUDJPY,20221121,0800,93.476,93.708,93.476,93.583,20305400000
AUDJPY,20221121,0900,93.583,93.775,93.540,93.753,20902120000
AUDJPY,20221121,1000,93.756,93.835,93.723,93.802,16541350000
AUDJPY,20221121,1100,93.803,93.910,93.798,93.891,12863170000
AUDJPY,20221121,1200,93.891,94.079,93.886,94.000,15119680000
AUDJPY,20221121,1300,93.996,94.031,93.682,93.683,16890910000
AUDJPY,20221121,1400,93.683,93.781,93.516,93.677,26355690000
AUDJPY,20221121,1500,93.677,93.735,93.494,93.557,23382550000
AUDJPY,20221121,1600,93.560,93.607,93.505,93.535,17027420000
AUDJPY,20221121,1700,93.535,93.779,93.522,93.714,12034690000
AUDJPY,20221121,1800,93.713,93.885,93.686,93.810,6593280000
AUDJPY,20221121,1900,93.810,93.857,93.785,93.805,6768360000
AUDJPY,20221121,2000,93.807,93.839,93.728,93.824,8969000000
AUDJPY,20221121,2100,93.821,93.880,93.775,93.810,3777590000
AUDJPY,20221121,2200,93.829,93.920,93.735,93.854,2955780000
AUDJPY,20221121,2300,93.853,93.924,93.786,93.884,4628970000
AUDJPY,20221122,0000,93.884,94.017,93.872,93.911,13651670000
AUDJPY,20221122,0100,93.910,93.943,93.838,93.859,9506730000
AUDJPY,20221122,0200,93.857,93.863,93.713,93.771,7664310000
AUDJPY,20221122,0300,93.770,93.883,93.701,93.771,7205050000
AUDJPY,20221122,0400,93.772,93.858,93.713,93.843,5256140000
AUDJPY,20221122,0500,93.845,93.852,93.730,93.738,8300330000
AUDJPY,20221122,0600,93.739,93.817,93.730,93.784,8096510000
AUDJPY,20221122,0700,93.786,93.922,93.776,93.855,14512620000
AUDJPY,20221122,0800,93.860,93.994,93.794,93.915,21952840000
AUDJPY,20221122,0900,93.914,93.966,93.781,93.835,19323470000
AUDJPY,20221122,1000,93.837,93.947,93.772,93.920,13094270000
AUDJPY,20221122,1100,93.919,93.932,93.745,93.758,16861530000
AUDJPY,20221122,1200,93.759,93.885,93.738,93.838,13526950000
AUDJPY,20221122,1300,93.838,93.920,93.782,93.824,18027260000
AUDJPY,20221122,1400,93.826,93.841,93.563,93.659,20815780000
AUDJPY,20221122,1500,93.660,93.829,93.613,93.798,19350170000
AUDJPY,20221122,1600,93.798,93.855,93.681,93.734,12564140000
AUDJPY,20221122,1700,93.734,93.790,93.709,93.756,5913460000
AUDJPY,20221122,1800,93.756,93.845,93.741,93.831,6178370000
AUDJPY,20221122,1900,93.829,93.831,93.723,93.791,3692340000
AUDJPY,20221122,2000,93.791,93.856,93.784,93.840,4537840000
AUDJPY,20221122,2100,93.841,93.896,93.809,93.868,3188770000
AUDJPY,20221122,2200,93.841,93.850,93.728,93.810,845690000
AUDJPY,20221122,2300,93.808,93.878,93.766,93.855,6348440000
AUDJPY,20221123,0000,93.858,93.880,93.730,93.730,6831000000
AUDJPY,20221123,0100,93.737,93.954,93.732,93.895,14850730000
AUDJPY,20221123,0200,93.895,93.942,93.840,93.931,7785790000
AUDJPY,20221123,0300,93.931,93.944,93.846,93.863,6497720000
AUDJPY,20221123,0400,93.863,93.904,93.837,93.898,2631110000
AUDJPY,20221123,0500,93.897,93.921,93.844,93.859,3772070000
AUDJPY,20221123,0600,93.861,93.998,93.854,93.986,4647000000
AUDJPY,20221123,0700,93.986,94.131,93.959,94.064,13341970000
AUDJPY,20221123,0800,94.064,94.104,93.996,94.004,16333750000
AUDJPY,20221123,0900,94.004,94.089,93.924,94.034,12005720000
AUDJPY,20221123,1000,94.036,94.110,93.916,93.931,12005440000
AUDJPY,20221123,1100,93.934,93.991,93.876,93.990,10657270000
AUDJPY,20221123,1200,93.989,94.037,93.925,93.958,14959780000
AUDJPY,20221123,1300,93.958,93.965,93.827,93.905,23001170000
AUDJPY,20221123,1400,93.908,93.963,93.685,93.734,28114710000
AUDJPY,20221123,1500,93.715,93.952,93.668,93.936,28044940000
AUDJPY,20221123,1600,93.938,93.977,93.683,93.722,21102470000
AUDJPY,20221123,1700,93.718,93.807,93.704,93.743,11085390000
AUDJPY,20221123,1800,93.743,93.865,93.720,93.814,8307430000
AUDJPY,20221123,1900,93.814,93.940,93.747,93.857,23549230000
AUDJPY,20221123,2000,93.858,93.994,93.829,93.994,11898580000
AUDJPY,20221123,2100,93.992,94.012,93.940,93.950,5124340000
AUDJPY,20221123,2200,93.963,93.968,93.858,93.913,999160000
AUDJPY,20221123,2300,93.913,93.974,93.877,93.932,7686220000
AUDJPY,20221124,0000,93.932,94.001,93.766,93.862,10015810000
AUDJPY,20221124,0100,93.860,93.860,93.683,93.715,14123610000
AUDJPY,20221124,0200,93.713,93.822,93.687,93.811,8237730000
AUDJPY,20221124,0300,93.811,93.873,93.682,93.810,5717170000
AUDJPY,20221124,0400,93.815,93.916,93.736,93.872,5014890000
AUDJPY,20221124,0500,93.873,93.880,93.754,93.823,5773940000
AUDJPY,20221124,0600,93.823,93.865,93.754,93.774,8562270000
AUDJPY,20221124,0700,93.778,93.788,93.679,93.751,16445009998
AUDJPY,20221124,0800,93.751,93.816,93.654,93.669,17386810000
AUDJPY,20221124,0900,93.672,93.680,93.409,93.429,13742950000
AUDJPY,20221124,1000,93.430,93.462,93.119,93.205,16578510000
AUDJPY,20221124,1100,93.201,93.386,93.131,93.383,13705350000
AUDJPY,20221124,1200,93.383,93.438,93.206,93.369,11916480000
AUDJPY,20221124,1300,93.369,93.438,93.294,93.428,15671900000
AUDJPY,20221124,1400,93.428,93.591,93.397,93.550,14615740000
AUDJPY,20221124,1500,93.549,93.721,93.520,93.664,14698680000
AUDJPY,20221124,1600,93.666,93.670,93.555,93.661,8760570000
AUDJPY,20221124,1700,93.661,93.686,93.590,93.644,3587410000
AUDJPY,20221124,1800,93.645,93.649,93.599,93.644,744940000
AUDJPY,20221124,1900,93.646,93.699,93.633,93.699,1915700000
AUDJPY,20221124,2000,93.697,93.734,93.642,93.722,2525070000
AUDJPY,20221124,2100,93.724,93.798,93.711,93.711,3001240000
AUDJPY,20221124,2200,93.669,93.746,93.619,93.643,9540630000
AUDJPY,20221124,2300,93.643,93.837,93.628,93.767,4906990000
AUDJPY,20221125,0000,93.767,93.890,93.612,93.845,10875750000
AUDJPY,20221125,0100,93.846,93.915,93.764,93.824,11310820000
AUDJPY,20221125,0200,93.825,93.888,93.755,93.868,9250490000
AUDJPY,20221125,0300,93.868,93.882,93.790,93.868,5700170000
AUDJPY,20221125,0400,93.868,93.872,93.730,93.803,6534860000
AUDJPY,20221125,0500,93.805,93.836,93.704,93.797,7043540000
AUDJPY,20221125,0600,93.796,93.843,93.704,93.832,5806360000
AUDJPY,20221125,0700,93.839,93.863,93.717,93.743,12244960000
AUDJPY,20221125,0800,93.747,93.755,93.615,93.686,14924360000
AUDJPY,20221125,0900,93.686,93.986,93.679,93.888,15831980000
AUDJPY,20221125,1000,93.893,94.042,93.881,94.001,11702640000
AUDJPY,20221125,1100,94.002,94.056,93.954,94.039,10771720000
AUDJPY,20221125,1200,94.043,94.052,93.862,93.903,11144140000
AUDJPY,20221125,1300,93.903,93.963,93.777,93.791,15129260000
AUDJPY,20221125,1400,93.790,93.963,93.775,93.912,14886980000
AUDJPY,20221125,1500,93.913,93.982,93.786,93.949,13263530000
AUDJPY,20221125,1600,93.950,93.979,93.859,93.944,11455360000
AUDJPY,20221125,1700,93.944,93.967,93.795,93.831,4025840000
AUDJPY,20221125,1800,93.832,93.838,93.735,93.743,2520620000
AUDJPY,20221125,1900,93.744,93.815,93.731,93.773,25929440000
AUDJPY,20221125,2000,93.773,93.879,93.739,93.773,3431650000
AUDJPY,20221125,2100,93.772,93.920,93.742,93.835,2886780000
AUDJPY,20221127,2200,93.498,93.699,93.421,93.549,5607900000
AUDJPY,20221127,2300,93.554,93.701,93.501,93.534,9900250000
AUDJPY,20221128,0000,93.534,93.565,93.295,93.370,10369010000
AUDJPY,20221128,0100,93.372,93.381,92.490,92.528,16412820000
AUDJPY,20221128,0200,92.530,92.733,92.457,92.676,14633430000
AUDJPY,20221128,0300,92.676,92.745,92.547,92.695,10515610000
AUDJPY,20221128,0400,92.695,92.845,92.685,92.686,9275360000
AUDJPY,20221128,0500,92.686,92.689,92.386,92.393,10885750000
AUDJPY,20221128,0600,92.393,92.489,92.233,92.322,14255700000
AUDJPY,20221128,0700,92.319,92.450,92.143,92.418,18064730000
AUDJPY,20221128,0800,92.419,92.478,92.259,92.402,21386710000
AUDJPY,20221128,0900,92.401,92.467,92.261,92.288,19298450000
AUDJPY,20221128,1000,92.287,92.438,92.252,92.422,15366760000
AUDJPY,20221128,1100,92.425,92.775,92.411,92.716,15413580000
AUDJPY,20221128,1200,92.718,92.742,92.620,92.647,12706470000
AUDJPY,20221128,1300,92.648,92.754,92.613,92.700,18409320000
AUDJPY,20221128,1400,92.698,92.764,92.522,92.693,20970810000
AUDJPY,20221128,1500,92.692,92.948,92.664,92.845,20317760000
AUDJPY,20221128,1600,92.843,92.856,92.729,92.808,14866200000
AUDJPY,20221128,1700,92.807,92.910,92.718,92.721,14383790000
AUDJPY,20221128,1800,92.719,92.752,92.560,92.610,8033310000
AUDJPY,20221128,1900,92.608,92.626,92.289,92.289,7727780000
AUDJPY,20221128,2000,92.289,92.363,92.268,92.323,7843130000
AUDJPY,20221128,2100,92.323,92.411,92.320,92.357,3444580000
AUDJPY,20221128,2200,92.369,92.446,92.316,92.351,9026630000
AUDJPY,20221128,2300,92.351,92.447,92.270,92.270,6817380000
AUDJPY,20221129,0000,92.269,92.412,92.182,92.271,7879960000
AUDJPY,20221129,0100,92.271,92.621,92.242,92.491,14764340000
AUDJPY,20221129,0200,92.492,92.619,92.442,92.607,12221300000
AUDJPY,20221129,0300,92.609,92.930,92.575,92.911,12934820000
AUDJPY,20221129,0400,92.912,92.982,92.846,92.849,10463940000
AUDJPY,20221129,0500,92.849,92.981,92.844,92.895,8761820000
AUDJPY,20221129,0600,92.894,92.945,92.717,92.834,13460940000
AUDJPY,20221129,0700,92.837,92.947,92.724,92.838,17468260000
AUDJPY,20221129,0800,92.835,93.169,92.742,93.071,17883840000
AUDJPY,20221129,0900,93.073,93.137,92.724,92.789,15267320000
AUDJPY,20221129,1000,92.787,93.070,92.778,92.956,13719660000
AUDJPY,20221129,1100,92.956,93.065,92.902,93.059,13412160000
AUDJPY,20221129,1200,93.058,93.072,92.968,92.996,11943140000
AUDJPY,20221129,1300,92.993,93.128,92.970,93.053,20476880000
AUDJPY,20221129,1400,93.050,93.184,92.983,93.027,23960019999
AUDJPY,20221129,1500,93.027,93.116,92.760,92.808,21213930000
AUDJPY,20221129,1600,92.808,92.841,92.503,92.503,17539430000
AUDJPY,20221129,1700,92.505,92.654,92.483,92.634,11173760000
AUDJPY,20221129,1800,92.635,92.695,92.571,92.676,7413180000
AUDJPY,20221129,1900,92.679,92.750,92.639,92.707,7307760000
AUDJPY,20221129,2000,92.705,92.850,92.666,92.823,7416140000
AUDJPY,20221129,2100,92.824,92.830,92.734,92.734,3468960000
AUDJPY,20221129,2200,92.674,92.741,92.637,92.661,2675990000
AUDJPY,20221129,2300,92.661,92.732,92.561,92.729,7022210000
AUDJPY,20221130,0000,92.735,92.880,92.596,92.751,15286360000
AUDJPY,20221130,0100,92.750,92.786,92.632,92.692,10098030000
AUDJPY,20221130,0200,92.689,92.832,92.614,92.830,7777110000
AUDJPY,20221130,0300,92.830,92.934,92.805,92.912,5689440000
AUDJPY,20221130,0400,92.912,92.912,92.781,92.806,6480810000
AUDJPY,20221130,0500,92.806,92.876,92.734,92.736,10986570000
AUDJPY,20221130,0600,92.737,92.839,92.690,92.830,10903780000
AUDJPY,20221130,0700,92.829,93.093,92.797,93.067,14364060000
AUDJPY,20221130,0800,93.067,93.147,92.989,93.131,16055080000
AUDJPY,20221130,0900,93.131,93.354,93.130,93.305,14830250000
AUDJPY,20221130,1000,93.306,93.511,93.286,93.367,12861630000
AUDJPY,20221130,1100,93.368,93.534,93.366,93.466,10461570000
AUDJPY,20221130,1200,93.467,93.480,93.322,93.372,11995950000
AUDJPY,20221130,1300,93.374,93.633,93.351,93.583,25454800000
AUDJPY,20221130,1400,93.582,93.771,93.527,93.539,24316800000
AUDJPY,20221130,1500,93.541,93.665,93.327,93.426,29183080000
AUDJPY,20221130,1600,93.429,93.601,93.346,93.549,22385910000
AUDJPY,20221130,1700,93.549,93.570,93.401,93.536,15953580000
AUDJPY,20221130,1800,93.533,93.648,93.464,93.568,25905550000
AUDJPY,20221130,1900,93.571,93.847,93.524,93.660,29019570000
AUDJPY,20221130,2000,93.663,93.756,93.560,93.728,20119480000
AUDJPY,20221130,2100,93.728,93.755,93.665,93.703,11184160000
AUDJPY,20221130,2200,93.642,93.804,93.543,93.753,3759470000
AUDJPY,20221130,2300,93.753,93.783,93.326,93.392,14932160000
AUDJPY,20221201,0000,93.393,93.616,93.081,93.102,15793270000
AUDJPY,20221201,0100,93.104,93.138,92.977,93.021,18179120000
AUDJPY,20221201,0200,93.016,93.138,92.887,92.933,13641280000
AUDJPY,20221201,0300,92.933,93.104,92.894,93.059,9915610000
AUDJPY,20221201,0400,93.060,93.149,92.984,93.065,7202070000
AUDJPY,20221201,0500,93.065,93.123,92.857,93.092,13364340000
AUDJPY,20221201,0600,93.090,93.158,93.025,93.036,12206210000
AUDJPY,20221201,0700,93.037,93.072,92.851,92.917,22787150000
AUDJPY,20221201,0800,92.916,92.964,92.759,92.886,24751220000
AUDJPY,20221201,0900,92.892,92.947,92.748,92.789,18496540000
AUDJPY,20221201,1000,92.787,92.939,92.749,92.770,16808600000
AUDJPY,20221201,1100,92.770,92.788,92.621,92.627,14779400000
AUDJPY,20221201,1200,92.628,92.720,92.547,92.647,16608910000
AUDJPY,20221201,1300,92.647,92.834,92.528,92.652,27034110000
AUDJPY,20221201,1400,92.658,92.981,92.651,92.848,30924410000
AUDJPY,20221201,1500,92.853,92.871,92.476,92.559,42043600000
AUDJPY,20221201,1600,92.558,92.611,92.194,92.214,22475520000
AUDJPY,20221201,1700,92.213,92.255,92.061,92.194,17472630000
AUDJPY,20221201,1800,92.194,92.226,92.077,92.134,11576690000
AUDJPY,20221201,1900,92.133,92.242,92.050,92.227,11614270000
AUDJPY,20221201,2000,92.225,92.225,92.065,92.183,12148750000
AUDJPY,20221201,2100,92.183,92.234,92.107,92.151,5471230000
AUDJPY,20221201,2200,92.102,92.176,92.000,92.108,10972100000
AUDJPY,20221201,2300,92.113,92.163,92.022,92.044,11724230000
AUDJPY,20221202,0000,92.042,92.138,91.925,92.098,11775520000
AUDJPY,20221202,0100,92.099,92.110,91.864,91.933,13737490000
AUDJPY,20221202,0200,91.934,92.032,91.869,91.997,9305180000
AUDJPY,20221202,0300,91.999,92.108,91.974,92.107,6172390000
AUDJPY,20221202,0400,92.106,92.134,91.994,92.044,5769430000
AUDJPY,20221202,0500,92.044,92.142,92.016,92.108,5489940000
AUDJPY,20221202,0600,92.110,92.234,92.096,92.166,6822190000
AUDJPY,20221202,0700,92.167,92.173,91.795,91.815,19018670000
AUDJPY,20221202,0800,91.815,91.829,91.256,91.308,24643690000
AUDJPY,20221202,0900,91.309,91.462,91.128,91.404,20837090000
AUDJPY,20221202,1000,91.402,91.500,91.328,91.399,15665250000
AUDJPY,20221202,1100,91.399,91.425,91.288,91.382,12393820000
AUDJPY,20221202,1200,91.382,91.450,91.350,91.439,14595370000
AUDJPY,20221202,1300,91.440,91.824,91.254,91.616,45317880000
AUDJPY,20221202,1400,91.617,91.738,91.569,91.723,36344370000
AUDJPY,20221202,1500,91.719,91.772,91.575,91.754,25898060000
AUDJPY,20221202,1600,91.754,91.870,91.691,91.720,20070120000
AUDJPY,20221202,1700,91.725,91.765,91.490,91.552,14666670000
AUDJPY,20221202,1800,91.552,91.604,91.470,91.532,9856490000
AUDJPY,20221202,1900,91.533,91.563,91.456,91.542,7368670000
AUDJPY,20221202,2000,91.543,91.567,91.359,91.383,10265530000
AUDJPY,20221202,2100,91.384,91.392,91.175,91.192,7795160000
AUDJPY,20221204,2200,91.208,91.365,91.018,91.163,1147760000
AUDJPY,20221204,2300,91.163,91.614,91.136,91.610,12805330000
AUDJPY,20221205,0000,91.609,91.862,91.576,91.725,13557420000
AUDJPY,20221205,0100,91.726,91.833,91.690,91.766,14779980000
AUDJPY,20221205,0200,91.767,91.971,91.719,91.954,8965060000
AUDJPY,20221205,0300,91.951,92.044,91.894,91.966,9291170000
AUDJPY,20221205,0400,91.966,92.011,91.853,91.861,6332440000
AUDJPY,20221205,0500,91.864,92.014,91.841,91.964,8286320000
AUDJPY,20221205,0600,91.961,92.021,91.910,91.929,8917800000
AUDJPY,20221205,0700,91.928,92.046,91.917,91.960,15675850000
AUDJPY,20221205,0800,91.960,92.082,91.752,92.069,19496210000
AUDJPY,20221205,0900,92.070,92.175,91.977,92.163,16411940000
AUDJPY,20221205,1000,92.158,92.182,92.008,92.030,13950760000
AUDJPY,20221205,1100,92.031,92.097,91.988,92.063,12474850000
AUDJPY,20221205,1200,92.064,92.097,91.930,92.026,14074060000
AUDJPY,20221205,1300,92.025,92.192,92.004,92.156,20987360000
AUDJPY,20221205,1400,92.158,92.185,91.964,91.968,25171760000
AUDJPY,20221205,1500,91.968,92.051,91.763,91.981,33618650000
AUDJPY,20221205,1600,91.978,91.985,91.626,91.658,18554540000
AUDJPY,20221205,1700,91.658,91.712,91.571,91.643,11701480000
AUDJPY,20221205,1800,91.642,91.699,91.576,91.614,6735260000
AUDJPY,20221205,1900,91.611,91.621,91.505,91.519,8638080000
AUDJPY,20221205,2000,91.517,91.557,91.418,91.548,12437760000
AUDJPY,20221205,2100,91.548,91.612,91.531,91.572,4252930000
AUDJPY,20221205,2200,91.515,91.649,91.477,91.581,8592830000
AUDJPY,20221205,2300,91.581,91.659,91.538,91.599,8169260000
AUDJPY,20221206,0000,91.599,91.648,91.441,91.619,11244980000
AUDJPY,20221206,0100,91.618,91.803,91.599,91.732,9957140000
AUDJPY,20221206,0200,91.731,92.002,91.721,91.927,13233110000
AUDJPY,20221206,0300,91.926,92.169,91.837,92.047,12463410000
AUDJPY,20221206,0400,92.047,92.238,92.035,92.079,11558140000
AUDJPY,20221206,0500,92.079,92.246,92.041,92.219,12551400000
AUDJPY,20221206,0600,92.218,92.257,92.141,92.242,13386080000
AUDJPY,20221206,0700,92.242,92.334,92.122,92.143,17225320000
AUDJPY,20221206,0800,92.143,92.184,91.740,91.797,23107610000
AUDJPY,20221206,0900,91.797,91.959,91.774,91.840,18140250000
AUDJPY,20221206,1000,91.838,91.926,91.721,91.814,13678170000
AUDJPY,20221206,1100,91.811,91.840,91.661,91.705,12571710000
AUDJPY,20221206,1200,91.705,91.748,91.601,91.715,13452810000
AUDJPY,20221206,1300,91.713,91.799,91.609,91.692,18786530000
AUDJPY,20221206,1400,91.696,91.872,91.675,91.741,22275350000
AUDJPY,20221206,1500,91.740,91.819,91.421,91.572,24599970000
AUDJPY,20221206,1600,91.571,91.700,91.499,91.531,19041770000
AUDJPY,20221206,1700,91.532,91.584,91.449,91.546,8692560000
AUDJPY,20221206,1800,91.545,91.638,91.508,91.634,5863460000
AUDJPY,20221206,1900,91.634,91.660,91.539,91.548,7324190000
AUDJPY,20221206,2000,91.549,91.644,91.548,91.618,5629450000
AUDJPY,20221206,2100,91.618,91.681,91.600,91.647,2879780000
AUDJPY,20221206,2200,91.488,91.655,91.479,91.628,3534410000
AUDJPY,20221206,2300,91.623,91.697,91.579,91.684,6595810000
AUDJPY,20221207,0000,91.683,91.883,91.623,91.805,8743100000
AUDJPY,20221207,0100,91.809,91.935,91.783,91.886,13374390000
AUDJPY,20221207,0200,91.884,91.959,91.789,91.814,10907680000
AUDJPY,20221207,0300,91.814,91.853,91.727,91.803,8637030000
AUDJPY,20221207,0400,91.803,91.964,91.794,91.932,6229560000
AUDJPY,20221207,0500,91.932,92.093,91.919,91.995,9326700000
AUDJPY,20221207,0600,91.997,92.129,91.832,92.024,14116650000
AUDJPY,20221207,0700,92.023,92.097,91.959,92.003,19216700000
AUDJPY,20221207,0800,92.003,92.110,91.794,91.988,20289940000
AUDJPY,20221207,0900,91.988,92.008,91.770,91.851,15758500000
AUDJPY,20221207,1000,91.854,91.913,91.745,91.768,13928710000
AUDJPY,20221207,1100,91.769,91.904,91.765,91.827,12216330000
AUDJPY,20221207,1200,91.825,91.887,91.707,91.820,15685300000
AUDJPY,20221207,1300,91.820,91.881,91.662,91.681,19424880000
AUDJPY,20221207,1400,91.682,91.940,91.666,91.878,21739260000
AUDJPY,20221207,1500,91.878,91.962,91.638,91.944,28042050000
AUDJPY,20221207,1600,91.942,91.967,91.668,91.787,15987280000
AUDJPY,20221207,1700,91.786,91.857,91.726,91.808,12506930000
AUDJPY,20221207,1800,91.807,91.856,91.743,91.762,11064760000
AUDJPY,20221207,1900,91.762,91.813,91.684,91.745,7165140000
AUDJPY,20221207,2000,91.741,91.806,91.692,91.785,10784590000
AUDJPY,20221207,2100,91.783,91.866,91.764,91.824,4469910000
AUDJPY,20221207,2200,91.831,91.863,91.666,91.691,3170960000
AUDJPY,20221207,2300,91.692,91.803,91.655,91.719,5979720000
AUDJPY,20221208,0000,91.719,91.782,91.626,91.664,13905700000
AUDJPY,20221208,0100,91.664,91.842,91.618,91.811,13069750000
AUDJPY,20221208,0200,91.812,91.896,91.757,91.877,9959040000
AUDJPY,20221208,0300,91.877,91.955,91.859,91.904,8602470000
AUDJPY,20221208,0400,91.906,92.087,91.892,91.972,7740580000
AUDJPY,20221208,0500,91.972,92.055,91.930,92.055,7892340000
AUDJPY,20221208,0600,92.055,92.055,91.940,92.006,6842250000
AUDJPY,20221208,0700,92.008,92.104,91.962,92.002,12583810000
AUDJPY,20221208,0800,92.002,92.041,91.926,91.940,17325940000
AUDJPY,20221208,0900,91.940,92.106,91.909,92.010,11283760000
AUDJPY,20221208,1000,92.010,92.142,91.972,92.128,11055140000
AUDJPY,20221208,1100,92.128,92.146,92.005,92.055,9573710000
AUDJPY,20221208,1200,92.053,92.241,92.039,92.177,12645500000
AUDJPY,20221208,1300,92.177,92.433,92.160,92.383,19818520000
AUDJPY,20221208,1400,92.384,92.420,92.218,92.376,24758730000
AUDJPY,20221208,1500,92.378,92.491,92.279,92.319,20565470000
AUDJPY,20221208,1600,92.319,92.370,92.198,92.347,15549270000
AUDJPY,20221208,1700,92.347,92.377,92.214,92.363,7498960000
AUDJPY,20221208,1800,92.362,92.513,92.324,92.488,8481950000
AUDJPY,20221208,1900,92.486,92.558,92.432,92.537,11000240000
AUDJPY,20221208,2000,92.537,92.577,92.506,92.560,8427940000
AUDJPY,20221208,2100,92.559,92.572,92.495,92.495,3311890000
AUDJPY,20221208,2200,92.490,92.551,92.431,92.510,9235210000
AUDJPY,20221208,2300,92.488,92.582,92.477,92.573,4015330000
AUDJPY,20221209,0000,92.570,92.709,92.446,92.473,13657470000
AUDJPY,20221209,0100,92.471,92.576,92.350,92.482,20965710000
AUDJPY,20221209,0200,92.483,92.559,92.258,92.324,15532500000
AUDJPY,20221209,0300,92.323,92.345,92.173,92.293,16809140000
AUDJPY,20221209,0400,92.295,92.382,92.286,92.362,10285040000
AUDJPY,20221209,0500,92.364,92.452,92.256,92.326,9667740000
AUDJPY,20221209,0600,92.325,92.352,92.216,92.275,10540920000
AUDJPY,20221209,0700,92.274,92.352,92.217,92.339,15261650000
AUDJPY,20221209,0800,92.339,92.373,92.048,92.086,14274440000
AUDJPY,20221209,0900,92.087,92.165,92.049,92.064,14351220000
AUDJPY,20221209,1000,92.065,92.152,91.993,92.133,9307460000
AUDJPY,20221209,1100,92.133,92.209,92.107,92.202,12534630000
AUDJPY,20221209,1200,92.202,92.293,92.110,92.169,11622680000
AUDJPY,20221209,1300,92.170,92.333,91.873,92.154,26137440000
AUDJPY,20221209,1400,92.157,92.453,92.110,92.411,22427680000
AUDJPY,20221209,1500,92.414,92.837,92.343,92.806,26429220000
AUDJPY,20221209,1600,92.806,92.899,92.739,92.850,16433030000
AUDJPY,20221209,1700,92.850,92.889,92.779,92.804,7952360000
AUDJPY,20221209,1800,92.803,92.833,92.751,92.832,5689830000
AUDJPY,20221209,1900,92.832,92.861,92.759,92.845,5451450000
AUDJPY,20221209,2000,92.845,92.889,92.822,92.876,7850850000
AUDJPY,20221209,2100,92.876,92.885,92.758,92.770,3693010000
AUDJPY,20221211,2200,92.634,92.869,92.570,92.817,2701920000
AUDJPY,20221211,2300,92.817,92.884,92.672,92.674,9041130000
AUDJPY,20221212,0000,92.676,92.724,92.386,92.511,15332700000
AUDJPY,20221212,0100,92.510,92.665,92.458,92.537,15784680000
AUDJPY,20221212,0200,92.535,92.611,92.504,92.597,11474650000
AUDJPY,20221212,0300,92.596,92.688,92.565,92.679,10725040000
AUDJPY,20221212,0400,92.678,92.851,92.656,92.808,6955330000
AUDJPY,20221212,0500,92.807,92.864,92.750,92.788,9470560000
AUDJPY,20221212,0600,92.788,92.798,92.664,92.668,10022070000
AUDJPY,20221212,0700,92.670,92.745,92.613,92.690,15977890000
AUDJPY,20221212,0800,92.689,92.747,92.590,92.694,17444880000
AUDJPY,20221212,0900,92.694,92.877,92.676,92.817,14979620000
AUDJPY,20221212,1000,92.817,92.855,92.650,92.700,12953440000
AUDJPY,20221212,1100,92.700,92.700,92.601,92.601,12568550000
AUDJPY,20221212,1200,92.602,92.689,92.543,92.686,11905520000
AUDJPY,20221212,1300,92.686,92.758,92.631,92.662,16145680000
AUDJPY,20221212,1400,92.662,92.688,92.569,92.670,22428290000
AUDJPY,20221212,1500,92.673,92.812,92.589,92.635,22444530000
AUDJPY,20221212,1600,92.635,92.684,92.520,92.654,18737690000
AUDJPY,20221212,1700,92.653,92.774,92.628,92.742,10122030000
AUDJPY,20221212,1800,92.742,92.844,92.707,92.826,11642240000
AUDJPY,20221212,1900,92.827,92.908,92.752,92.869,9220510000
AUDJPY,20221212,2000,92.873,92.971,92.869,92.970,6926110000
AUDJPY,20221212,2100,92.968,92.969,92.820,92.840,2825290000
AUDJPY,20221212,2200,92.836,92.888,92.593,92.780,8225590000
AUDJPY,20221212,2300,92.779,92.935,92.779,92.843,4198970000
AUDJPY,20221213,0000,92.844,93.054,92.825,93.023,10131000000
AUDJPY,20221213,0100,93.024,93.099,92.992,93.073,11384470000
AUDJPY,20221213,0200,93.073,93.202,93.063,93.090,8571070000
AUDJPY,20221213,0300,93.091,93.137,92.775,92.870,11448590000
AUDJPY,20221213,0400,92.868,93.005,92.826,93.003,9230190000
AUDJPY,20221213,0500,93.006,93.146,92.998,93.038,10170050000
AUDJPY,20221213,0600,93.035,93.115,92.983,93.093,9802820000
AUDJPY,20221213,0700,93.096,93.205,93.030,93.119,17147160000
AUDJPY,20221213,0800,93.124,93.354,93.114,93.158,18653360000
AUDJPY,20221213,0900,93.159,93.212,93.050,93.144,13869640000
AUDJPY,20221213,1000,93.143,93.179,93.037,93.115,13926220000
AUDJPY,20221213,1100,93.115,93.236,93.082,93.104,11345370000
AUDJPY,20221213,1200,93.104,93.187,93.019,93.156,13435900000
AUDJPY,20221213,1300,93.157,93.194,92.511,92.791,42111070000
AUDJPY,20221213,1400,92.787,93.045,92.649,93.011,44137940000
AUDJPY,20221213,1500,93.011,93.021,92.857,92.970,38269270000
AUDJPY,20221213,1600,92.971,92.979,92.778,92.812,26515230000
AUDJPY,20221213,1700,92.812,92.873,92.682,92.754,21721320000
AUDJPY,20221213,1800,92.751,92.961,92.743,92.892,21215520000
AUDJPY,20221213,1900,92.893,92.935,92.825,92.906,13799240000
AUDJPY,20221213,2000,92.905,92.938,92.817,92.910,12775490000
AUDJPY,20221213,2100,92.911,92.963,92.875,92.888,4364380000
AUDJPY,20221213,2200,92.899,92.939,92.790,92.821,3846580000
AUDJPY,20221213,2300,92.821,92.948,92.751,92.751,9111460000
AUDJPY,20221214,0000,92.751,92.797,92.390,92.479,15960410000
AUDJPY,20221214,0100,92.477,92.670,92.434,92.621,14849580000
AUDJPY,20221214,0200,92.623,92.627,92.435,92.537,8303180000
AUDJPY,20221214,0300,92.535,92.592,92.496,92.546,5423620000
AUDJPY,20221214,0400,92.546,92.665,92.503,92.665,4554820000
AUDJPY,20221214,0500,92.665,92.716,92.621,92.666,5683770000
AUDJPY,20221214,0600,92.665,92.794,92.641,92.733,7790030000
AUDJPY,20221214,0700,92.732,92.861,92.639,92.819,17918460000
AUDJPY,20221214,0800,92.819,92.997,92.760,92.921,20343340000
AUDJPY,20221214,0900,92.922,92.966,92.824,92.870,20824000000
AUDJPY,20221214,1000,92.870,92.876,92.507,92.563,23393190000
AUDJPY,20221214,1100,92.564,92.643,92.493,92.606,15852710000
AUDJPY,20221214,1200,92.608,92.669,92.558,92.666,13533430000
AUDJPY,20221214,1300,92.666,92.786,92.593,92.598,18921270000
AUDJPY,20221214,1400,92.597,92.729,92.545,92.664,23109720000
AUDJPY,20221214,1500,92.664,92.670,92.497,92.577,21103000000
AUDJPY,20221214,1600,92.576,92.625,92.545,92.578,15622720000
AUDJPY,20221214,1700,92.578,92.726,92.544,92.685,10400940000
AUDJPY,20221214,1800,92.685,92.818,92.473,92.637,10086810000
AUDJPY,20221214,1900,92.638,92.840,92.440,92.753,50943880000
AUDJPY,20221214,2000,92.751,92.862,92.699,92.819,34285400000
AUDJPY,20221214,2100,92.817,92.999,92.809,92.958,8644480000
AUDJPY,20221214,2200,92.958,92.966,92.789,92.858,9529470000
AUDJPY,20221214,2300,92.858,92.889,92.783,92.821,6634980000
AUDJPY,20221215,0000,92.821,93.061,92.799,92.945,10824030000
AUDJPY,20221215,0100,92.943,92.956,92.664,92.740,14528020000
AUDJPY,20221215,0200,92.740,92.777,92.662,92.707,9997140000
AUDJPY,20221215,0300,92.702,92.754,92.638,92.681,7492030000
AUDJPY,20221215,0400,92.681,92.706,92.570,92.625,6566780000
AUDJPY,20221215,0500,92.625,92.759,92.585,92.629,9876260000
AUDJPY,20221215,0600,92.629,92.698,92.558,92.589,8443220000
AUDJPY,20221215,0700,92.589,92.692,92.546,92.558,13860530000
AUDJPY,20221215,0800,92.561,92.675,92.506,92.576,22080700000
AUDJPY,20221215,0900,92.578,92.657,92.453,92.498,20680160000
AUDJPY,20221215,1000,92.498,92.555,92.399,92.452,14975800000
AUDJPY,20221215,1100,92.451,92.574,92.347,92.353,17234340000
AUDJPY,20221215,1200,92.353,92.413,92.181,92.384,16738420000
AUDJPY,20221215,1300,92.384,92.524,92.202,92.227,29413550000
AUDJPY,20221215,1400,92.227,92.353,92.184,92.267,34554840000
AUDJPY,20221215,1500,92.269,92.540,92.150,92.511,34381610000
AUDJPY,20221215,1600,92.509,92.511,92.312,92.379,25184290000
AUDJPY,20221215,1700,92.379,92.392,92.206,92.256,19851870000
AUDJPY,20221215,1800,92.253,92.311,92.170,92.306,12541990000
AUDJPY,20221215,1900,92.307,92.341,92.215,92.338,11876500000
AUDJPY,20221215,2000,92.337,92.363,92.244,92.271,7989380000
AUDJPY,20221215,2100,92.270,92.349,92.239,92.290,5317740000
AUDJPY,20221215,2200,92.295,92.359,92.198,92.345,809150000
AUDJPY,20221215,2300,92.340,92.375,92.293,92.368,4110000000
AUDJPY,20221216,0000,92.368,92.398,92.183,92.254,12322350000
AUDJPY,20221216,0100,92.256,92.274,92.027,92.111,13898380000
AUDJPY,20221216,0200,92.111,92.341,92.093,92.329,14537650000
AUDJPY,20221216,0300,92.329,92.351,92.206,92.239,11566710000
AUDJPY,20221216,0400,92.238,92.255,91.960,91.976,9909660000
AUDJPY,20221216,0500,91.976,92.108,91.952,92.066,8923090000
AUDJPY,20221216,0600,92.065,92.175,92.015,92.164,8699390000
AUDJPY,20221216,0700,92.162,92.200,91.841,91.857,17619410000
AUDJPY,20221216,0800,91.856,91.877,91.625,91.630,18458060000
AUDJPY,20221216,0900,91.631,91.749,91.593,91.709,16726130000
AUDJPY,20221216,1000,91.709,91.809,91.612,91.657,17200050000
AUDJPY,20221216,1100,91.657,91.819,91.639,91.782,11615630000
AUDJPY,20221216,1200,91.779,91.823,91.671,91.714,10995660000
AUDJPY,20221216,1300,91.713,91.772,91.626,91.704,17369320000
AUDJPY,20221216,1400,91.704,91.888,91.620,91.701,27063650000
AUDJPY,20221216,1500,91.705,91.727,91.214,91.258,26154630000
AUDJPY,20221216,1600,91.261,91.499,91.256,91.367,19086200000
AUDJPY,20221216,1700,91.364,91.479,91.291,91.297,11504720000
AUDJPY,20221216,1800,91.297,91.400,91.297,91.361,6881540000
AUDJPY,20221216,1900,91.361,91.414,91.268,91.398,5664310000
AUDJPY,20221216,2000,91.397,91.464,91.333,91.411,8461660000
AUDJPY,20221216,2100,91.409,91.458,91.319,91.326,3988670000
AUDJPY,20221218,2200,91.050,91.381,91.050,91.180,1407940000
AUDJPY,20221218,2300,91.186,91.344,91.167,91.325,8302180000
AUDJPY,20221219,0000,91.327,91.341,91.084,91.190,12067780000
AUDJPY,20221219,0100,91.190,91.333,91.154,91.270,11265220000
AUDJPY,20221219,0200,91.269,91.498,91.237,91.485,13304000000
AUDJPY,20221219,0300,91.485,91.520,91.421,91.461,8130900000
AUDJPY,20221219,0400,91.462,91.516,91.351,91.381,7154520000
AUDJPY,20221219,0500,91.382,91.407,91.235,91.337,6783060000
AUDJPY,20221219,0600,91.338,91.363,91.064,91.223,8001120000
AUDJPY,20221219,0700,91.222,91.255,91.132,91.215,15481740000
AUDJPY,20221219,0800,91.215,91.411,91.191,91.311,15381580000
AUDJPY,20221219,0900,91.311,91.518,91.300,91.449,16789380000
AUDJPY,20221219,1000,91.448,91.557,91.395,91.419,14663650000
AUDJPY,20221219,1100,91.423,91.516,91.380,91.394,12471770000
AUDJPY,20221219,1200,91.394,91.613,91.376,91.549,14566270000
AUDJPY,20221219,1300,91.549,91.730,91.532,91.688,16986040000
AUDJPY,20221219,1400,91.688,91.863,91.688,91.803,18563670000
AUDJPY,20221219,1500,91.803,91.846,91.660,91.768,19376490000
AUDJPY,20221219,1600,91.767,91.904,91.720,91.845,16161170000
AUDJPY,20221219,1700,91.844,91.956,91.839,91.898,8256800000
AUDJPY,20221219,1800,91.897,91.906,91.774,91.781,6135100000
AUDJPY,20221219,1900,91.780,91.782,91.679,91.709,6688080000
AUDJPY,20221219,2000,91.710,91.807,91.694,91.734,6493650000
AUDJPY,20221219,2100,91.736,91.757,91.700,91.717,2561420000
AUDJPY,20221219,2200,91.717,91.717,91.576,91.680,3946430000
AUDJPY,20221219,2300,91.677,91.856,91.674,91.843,7096010000
AUDJPY,20221220,0000,91.843,91.997,91.805,91.995,12860420000
AUDJPY,20221220,0100,91.998,92.020,91.860,91.884,14646190000
AUDJPY,20221220,0200,91.887,91.900,91.729,91.826,12923950000
AUDJPY,20221220,0300,91.826,91.962,88.847,88.990,55043090000
AUDJPY,20221220,0400,88.990,89.001,88.513,88.775,34143600000
AUDJPY,20221220,0500,88.778,88.778,88.263,88.342,24248090000
AUDJPY,20221220,0600,88.336,89.087,88.141,88.889,29108990000
AUDJPY,20221220,0700,88.889,88.915,88.013,88.235,32862420000
AUDJPY,20221220,0800,88.237,88.682,88.085,88.539,36955120000
AUDJPY,20221220,0900,88.540,88.581,88.252,88.344,27841050000
AUDJPY,20221220,1000,88.346,88.653,88.329,88.479,22234040000
AUDJPY,20221220,1100,88.482,88.497,88.320,88.477,16784540000
AUDJPY,20221220,1200,88.477,88.645,88.218,88.226,22698810000
AUDJPY,20221220,1300,88.227,88.310,87.911,87.920,21762280000
AUDJPY,20221220,1400,87.922,88.303,87.860,88.231,28266940000
AUDJPY,20221220,1500,88.232,88.254,87.562,87.567,33709410000
AUDJPY,20221220,1600,87.568,87.671,87.268,87.335,27043750000
AUDJPY,20221220,1700,87.336,87.435,87.021,87.367,20670160000
AUDJPY,20221220,1800,87.367,87.678,87.355,87.616,10062610000
AUDJPY,20221220,1900,87.615,87.842,87.587,87.821,7951150000
AUDJPY,20221220,2000,87.820,87.976,87.781,87.872,6686820000
AUDJPY,20221220,2100,87.871,87.990,87.860,87.940,4010650000
AUDJPY,20221220,2200,87.893,88.098,87.753,88.080,2139040000
AUDJPY,20221220,2300,88.080,88.327,88.015,88.208,7242660000
AUDJPY,20221221,0000,88.204,88.251,87.930,87.962,12414080000
AUDJPY,20221221,0100,87.963,88.382,87.933,88.277,18318620000
AUDJPY,20221221,0200,88.277,88.492,88.182,88.237,11485140000
AUDJPY,20221221,0300,88.241,88.265,87.919,88.008,8660380000
AUDJPY,20221221,0400,88.008,88.199,88.002,88.086,6704660000
AUDJPY,20221221,0500,88.085,88.249,88.036,88.174,7919960000
AUDJPY,20221221,0600,88.172,88.178,88.053,88.139,6865720000
AUDJPY,20221221,0700,88.138,88.187,88.018,88.043,17466220000
AUDJPY,20221221,0800,88.043,88.055,87.806,87.825,18847050000
AUDJPY,20221221,0900,87.826,87.920,87.765,87.884,15622070000
AUDJPY,20221221,1000,87.882,88.096,87.849,88.001,13959350000
AUDJPY,20221221,1100,88.000,88.173,87.985,88.096,13605190000
AUDJPY,20221221,1200,88.096,88.298,88.093,88.291,14800530000
AUDJPY,20221221,1300,88.290,88.824,88.282,88.790,21832020000
AUDJPY,20221221,1400,88.789,88.881,88.568,88.626,25144130000
AUDJPY,20221221,1500,88.625,88.726,88.527,88.607,26210190000
AUDJPY,20221221,1600,88.606,88.681,88.494,88.615,16669280000
AUDJPY,20221221,1700,88.615,88.714,88.564,88.649,9080080000
AUDJPY,20221221,1800,88.650,88.661,88.537,88.624,9852500000
AUDJPY,20221221,1900,88.623,88.713,88.589,88.590,8207720000
AUDJPY,20221221,2000,88.588,88.801,88.586,88.793,6930440000
AUDJPY,20221221,2100,88.794,88.870,88.739,88.811,3967980000
AUDJPY,20221221,2200,88.723,88.799,88.696,88.723,4281520000
AUDJPY,20221221,2300,88.723,88.881,88.703,88.860,5910420000
AUDJPY,20221222,0000,88.858,88.886,88.675,88.795,12086020000
AUDJPY,20221222,0100,88.795,88.851,88.661,88.823,11858040000
AUDJPY,20221222,0200,88.823,88.883,88.736,88.828,10559260000
AUDJPY,20221222,0300,88.828,89.013,88.816,89.013,8669780000
AUDJPY,20221222,0400,89.008,89.163,88.974,89.081,6067000000
AUDJPY,20221222,0500,89.079,89.105,88.973,89.051,7622020000
AUDJPY,20221222,0600,89.049,89.172,89.003,89.144,8343920000
AUDJPY,20221222,0700,89.139,89.268,89.113,89.218,10715780000
AUDJPY,20221222,0800,89.218,89.257,89.068,89.121,17558360000
AUDJPY,20221222,0900,89.123,89.128,88.903,88.997,12858910000
AUDJPY,20221222,1000,88.997,89.023,88.850,88.892,10738500000
AUDJPY,20221222,1100,88.893,89.090,88.875,88.932,10980240000
AUDJPY,20221222,1200,88.934,88.956,88.788,88.939,10912700000
AUDJPY,20221222,1300,88.939,88.939,88.664,88.717,21066880000
AUDJPY,20221222,1400,88.717,88.726,88.470,88.591,22525460000
AUDJPY,20221222,1500,88.590,88.615,88.243,88.336,23903640000
AUDJPY,20221222,1600,88.336,88.378,88.246,88.253,13606080000
AUDJPY,20221222,1700,88.253,88.287,88.078,88.191,7744120000
AUDJPY,20221222,1800,88.190,88.207,88.124,88.143,6318640000
AUDJPY,20221222,1900,88.143,88.283,88.068,88.146,10924500000
AUDJPY,20221222,2000,88.148,88.321,88.144,88.270,6606100000
AUDJPY,20221222,2100,88.272,88.290,88.169,88.251,3443340000
AUDJPY,20221222,2200,88.168,88.343,88.149,88.254,7010480000
AUDJPY,20221222,2300,88.254,88.383,88.106,88.350,11087660000
AUDJPY,20221223,0000,88.350,88.426,88.241,88.338,10727280000
AUDJPY,20221223,0100,88.340,88.589,88.297,88.537,13397540000
AUDJPY,20221223,0200,88.538,88.800,88.538,88.716,10878080000
AUDJPY,20221223,0300,88.718,88.788,88.641,88.712,6915060000
AUDJPY,20221223,0400,88.713,88.745,88.569,88.614,6180340000
AUDJPY,20221223,0500,88.615,88.667,88.502,88.631,6898680000
AUDJPY,20221223,0600,88.632,88.793,88.618,88.768,6395040000
AUDJPY,20221223,0700,88.767,88.793,88.667,88.751,10867080000
AUDJPY,20221223,0800,88.750,88.818,88.632,88.692,10169120000
AUDJPY,20221223,0900,88.692,88.826,88.651,88.787,6724040000
AUDJPY,20221223,1000,88.788,88.953,88.776,88.927,6370440000
AUDJPY,20221223,1100,88.929,88.959,88.797,88.806,6893460000
AUDJPY,20221223,1200,88.809,88.864,88.770,88.796,6212380000
AUDJPY,20221223,1300,88.794,88.995,88.669,88.905,18882860000
AUDJPY,20221223,1400,88.904,89.099,88.771,89.018,19025220000
AUDJPY,20221223,1500,88.998,89.087,88.903,88.987,18569690000
AUDJPY,20221223,1600,88.985,89.096,88.920,89.049,9351100000
AUDJPY,20221223,1700,89.048,89.270,89.046,89.204,5505380000
AUDJPY,20221223,1800,89.204,89.232,89.053,89.054,5932000000
AUDJPY,20221223,1900,89.054,89.149,89.041,89.136,4731900000
AUDJPY,20221223,2000,89.136,89.293,89.117,89.285,3432720000
AUDJPY,20221223,2100,89.284,89.290,89.099,89.107,3275600000
AUDJPY,20221225,2300,89.016,89.092,88.994,89.024,382200000
AUDJPY,20221226,0000,89.014,89.117,88.429,88.533,4632430000
AUDJPY,20221226,0100,88.533,88.672,88.533,88.649,4599370000
AUDJPY,20221226,0200,88.649,88.701,88.493,88.631,8223810000
AUDJPY,20221226,0300,88.644,88.836,88.606,88.754,6654560000
AUDJPY,20221226,0400,88.778,89.069,88.754,88.953,6142180000
AUDJPY,20221226,0500,88.953,89.097,88.939,89.035,1625330000
AUDJPY,20221226,0600,89.035,89.134,89.016,89.100,4519190000
AUDJPY,20221226,0700,89.099,89.278,88.874,89.194,881840000
AUDJPY,20221226,0800,89.194,89.249,89.149,89.229,528010000
AUDJPY,20221226,0900,89.229,89.369,89.194,89.341,568750000
AUDJPY,20221226,1000,89.319,89.419,89.310,89.377,252880000
AUDJPY,20221226,1100,89.419,89.419,89.331,89.335,236660000
AUDJPY,20221226,1200,89.336,89.389,89.311,89.359,176580000
AUDJPY,20221226,1300,89.359,89.369,89.289,89.309,324010000
AUDJPY,20221226,1400,89.309,89.426,89.199,89.239,2168560000
AUDJPY,20221226,1500,89.239,89.365,89.179,89.350,1681810000
AUDJPY,20221226,1600,89.350,89.350,89.232,89.296,308840000
AUDJPY,20221226,1700,89.296,89.299,89.183,89.191,893660000
AUDJPY,20221226,1800,89.191,89.303,89.104,89.250,942440000
AUDJPY,20221226,1900,89.248,89.406,89.248,89.322,1376400000
AUDJPY,20221226,2000,89.309,89.318,89.270,89.304,340680000
AUDJPY,20221226,2100,89.304,89.376,89.212,89.221,657080000
AUDJPY,20221226,2200,89.256,89.338,89.242,89.316,903940000
AUDJPY,20221226,2300,89.307,89.714,89.307,89.534,8414580000
AUDJPY,20221227,0000,89.533,89.744,89.436,89.695,9850460000
AUDJPY,20221227,0100,89.695,89.797,89.622,89.705,11617220000
AUDJPY,20221227,0200,89.705,89.748,89.616,89.693,7676660000
AUDJPY,20221227,0300,89.694,89.700,89.456,89.497,5827240000
AUDJPY,20221227,0400,89.495,89.639,89.485,89.623,4353900000
AUDJPY,20221227,0500,89.625,89.782,89.612,89.769,4857620000
AUDJPY,20221227,0600,89.766,89.910,89.713,89.907,8339210000
AUDJPY,20221227,0700,89.905,90.020,89.840,89.843,11279480000
AUDJPY,20221227,0800,89.843,90.131,89.820,90.002,14141660000
AUDJPY,20221227,0900,90.003,90.123,90.001,90.051,10109800000
AUDJPY,20221227,1000,90.051,90.054,89.910,89.930,9153530000
AUDJPY,20221227,1100,89.931,89.961,89.785,89.804,6447800000
AUDJPY,20221227,1200,89.803,89.804,89.650,89.730,8946960000
AUDJPY,20221227,1300,89.735,89.951,89.717,89.873,17040070000
AUDJPY,20221227,1400,89.870,89.993,89.753,89.917,19202790000
AUDJPY,20221227,1500,89.917,90.117,89.851,89.900,20359670000
AUDJPY,20221227,1600,89.901,89.979,89.841,89.954,15972240000
AUDJPY,20221227,1700,89.954,90.052,89.902,89.912,11522040000
AUDJPY,20221227,1800,89.911,89.930,89.857,89.883,7689210000
AUDJPY,20221227,1900,89.883,89.908,89.753,89.872,8277760000
AUDJPY,20221227,2000,89.873,89.914,89.856,89.876,6136840000
AUDJPY,20221227,2100,89.876,89.918,89.800,89.813,2357170000
AUDJPY,20221227,2200,89.810,89.860,89.625,89.801,1208650000
AUDJPY,20221227,2300,89.801,89.853,89.774,89.818,3496780000
AUDJPY,20221228,0000,89.817,90.045,89.812,89.934,8564300000
AUDJPY,20221228,0100,89.936,90.123,89.918,90.017,10624800000
AUDJPY,20221228,0200,90.022,90.414,90.022,90.372,9591740000
AUDJPY,20221228,0300,90.373,90.554,90.324,90.448,8592640000
AUDJPY,20221228,0400,90.446,90.523,90.299,90.299,7426320000
AUDJPY,20221228,0500,90.298,90.539,90.297,90.525,8248720000
AUDJPY,20221228,0600,90.526,90.578,90.400,90.541,7496380000
AUDJPY,20221228,0700,90.541,90.612,90.480,90.609,12524840000
AUDJPY,20221228,0800,90.611,90.783,90.570,90.699,17815220000
AUDJPY,20221228,0900,90.699,90.768,90.576,90.632,13485600000
AUDJPY,20221228,1000,90.631,90.691,90.572,90.684,11866240000
AUDJPY,20221228,1100,90.684,90.894,90.680,90.824,10817900000
AUDJPY,20221228,1200,90.825,90.869,90.651,90.748,14623980000
AUDJPY,20221228,1300,90.749,90.857,90.749,90.822,14554240000
AUDJPY,20221228,1400,90.823,91.054,90.740,91.047,16876140000
AUDJPY,20221228,1500,91.049,91.057,90.628,90.675,22151360000
AUDJPY,20221228,1600,90.673,90.695,90.537,90.646,15862320000
AUDJPY,20221228,1700,90.645,90.686,90.495,90.680,10742220000
AUDJPY,20221228,1800,90.684,90.716,90.527,90.554,8676220000
AUDJPY,20221228,1900,90.555,90.634,90.534,90.622,6871460000
AUDJPY,20221228,2000,90.627,90.646,90.553,90.562,5332580000
AUDJPY,20221228,2100,90.566,90.627,90.546,90.547,2395280000
AUDJPY,20221228,2200,90.546,90.571,90.458,90.484,9855300000
AUDJPY,20221228,2300,90.500,90.591,90.363,90.427,7961580000
AUDJPY,20221229,0000,90.430,90.565,90.395,90.453,9648300000
AUDJPY,20221229,0100,90.451,90.508,90.147,90.178,9270620000
AUDJPY,20221229,0200,90.179,90.191,89.995,90.115,6282020000
AUDJPY,20221229,0300,90.115,90.303,90.085,90.297,6148100000
AUDJPY,20221229,0400,90.305,90.316,90.180,90.207,4254880000
AUDJPY,20221229,0500,90.206,90.300,90.106,90.126,5269340000
AUDJPY,20221229,0600,90.128,90.191,89.985,90.071,6030940000
AUDJPY,20221229,0700,90.071,90.140,89.915,90.002,8179920000
AUDJPY,20221229,0800,90.002,90.024,89.855,89.921,11404120000
AUDJPY,20221229,0900,89.920,89.965,89.873,89.930,10999160000
AUDJPY,20221229,1000,89.929,89.930,89.803,89.885,7826020000
AUDJPY,20221229,1100,89.885,89.896,89.785,89.813,6097460000
AUDJPY,20221229,1200,89.815,89.866,89.767,89.772,6371600000
AUDJPY,20221229,1300,89.772,89.811,89.626,89.691,15137960000
AUDJPY,20221229,1400,89.691,89.962,89.667,89.876,22207160000
AUDJPY,20221229,1500,89.874,90.154,89.826,90.107,18884560000
AUDJPY,20221229,1600,90.107,90.254,90.039,90.245,11428000000
AUDJPY,20221229,1700,90.246,90.321,90.185,90.205,7226340000
AUDJPY,20221229,1800,90.202,90.213,90.109,90.189,6337160000
AUDJPY,20221229,1900,90.187,90.247,90.162,90.182,6818440000
AUDJPY,20221229,2000,90.182,90.224,90.095,90.177,6501700000
AUDJPY,20221229,2100,90.176,90.203,90.123,90.150,3530420000
AUDJPY,20221229,2200,90.036,90.116,89.942,90.007,4040100000
AUDJPY,20221229,2300,90.014,90.131,89.867,89.929,4763660000
AUDJPY,20221230,0000,89.929,89.987,89.525,89.613,8712620000
AUDJPY,20221230,0100,89.614,89.689,89.573,89.614,8272560000
AUDJPY,20221230,0200,89.615,89.860,89.611,89.858,6580580000
AUDJPY,20221230,0300,89.859,89.925,89.803,89.837,4753640000
AUDJPY,20221230,0400,89.835,89.871,89.790,89.858,4188580000
AUDJPY,20221230,0500,89.859,89.907,89.752,89.872,6563840000
AUDJPY,20221230,0600,89.867,89.877,89.753,89.760,6837640000
AUDJPY,20221230,0700,89.761,89.885,89.558,89.616,8978560000
AUDJPY,20221230,0800,89.618,89.666,89.458,89.537,17583600000
AUDJPY,20221230,0900,89.538,89.718,89.448,89.718,14199800000
AUDJPY,20221230,1000,89.720,89.720,89.535,89.615,10545020000
AUDJPY,20221230,1100,89.615,89.676,89.541,89.562,11922960000
AUDJPY,20221230,1200,89.561,89.654,89.511,89.599,10480780000
AUDJPY,20221230,1300,89.598,89.650,89.532,89.615,15510800000
AUDJPY,20221230,1400,89.615,89.625,89.429,89.456,20978560000
AUDJPY,20221230,1500,89.457,89.680,89.317,89.489,26635040000
AUDJPY,20221230,1600,89.491,89.714,89.422,89.689,14425200000
AUDJPY,20221230,1700,89.687,89.735,89.284,89.337,13154240000
AUDJPY,20221230,1800,89.335,89.358,89.013,89.055,15350040000
AUDJPY,20221230,1900,89.055,89.265,89.039,89.179,12704600000
AUDJPY,20221230,2000,89.178,89.375,89.174,89.363,12244380000
AUDJPY,20221230,2100,89.363,89.443,89.275,89.275,5665870000
