<TICKER>,<DTYYYYMMDD>,<TIME>,<OPEN>,<HIGH>,<LOW>,<CLOSE>,<VOL>
XAUUSD,20231229,2100,2062.738,2063.118,2062.648,2062.688,11000
XAUUSD,20240101,2300,2062.598,2066.595,2062.405,2063.615,467980
XAUUSD,20240102,0000,2063.625,2065.778,2062.275,2065.358,961780
XAUUSD,20240102,0100,2065.358,2069.825,2064.785,2066.515,1102790
XAUUSD,20240102,0200,2066.515,2068.345,2063.915,2067.698,639340
XAUUSD,20240102,0300,2067.695,2070.285,2066.445,2069.528,604630
XAUUSD,20240102,0400,2069.528,2070.578,2068.775,2069.505,874390
XAUUSD,20240102,0500,2069.525,2074.745,2069.415,2074.415,526250
XAUUSD,20240102,0600,2074.465,2076.665,2072.865,2074.145,607890
XAUUSD,20240102,0700,2074.065,2076.335,2073.028,2073.048,1658390
XAUUSD,20240102,0800,2073.015,2074.465,2071.745,2073.235,1209750
XAUUSD,20240102,0900,2073.235,2078.825,2073.185,2076.945,1039200
XAUUSD,20240102,1000,2076.965,2077.675,2073.415,2075.925,1342460
XAUUSD,20240102,1100,2075.875,2076.115,2068.205,2069.145,1717230
XAUUSD,20240102,1200,2069.105,2069.405,2064.995,2067.845,1316440
XAUUSD,20240102,1300,2067.815,2070.965,2064.795,2066.158,2858500
XAUUSD,20240102,1400,2066.225,2070.295,2062.095,2070.295,4387280
XAUUSD,20240102,1500,2070.295,2070.595,2055.818,2059.265,2424599
XAUUSD,20240102,1600,2059.305,2067.515,2059.075,2066.005,1549980
XAUUSD,20240102,1700,2066.085,2066.865,2061.755,2062.615,851090
XAUUSD,20240102,1800,2062.645,2064.875,2060.495,2061.115,537910
XAUUSD,20240102,1900,2061.055,2062.065,2060.375,2060.825,876330
XAUUSD,20240102,2000,2060.885,2061.545,2057.915,2058.115,504560
XAUUSD,20240102,2100,2058.225,2059.118,2057.975,2058.605,372830
XAUUSD,20240102,2300,2058.018,2059.955,2058.018,2059.455,296930
XAUUSD,20240103,0000,2059.475,2062.045,2059.094,2060.105,569130
XAUUSD,20240103,0100,2060.115,2062.455,2059.475,2062.405,732760
XAUUSD,20240103,0200,2062.395,2065.085,2061.475,2064.558,875240
XAUUSD,20240103,0300,2064.558,2065.525,2063.265,2065.025,826110
XAUUSD,20240103,0400,2064.965,2065.485,2064.325,2064.775,339860
XAUUSD,20240103,0500,2064.755,2065.835,2063.405,2063.995,504720
XAUUSD,20240103,0600,2063.965,2065.325,2063.365,2064.178,1111530
XAUUSD,20240103,0700,2064.164,2064.175,2060.795,2062.928,957770
XAUUSD,20240103,0800,2062.835,2064.228,2058.805,2059.908,1716790
XAUUSD,20240103,0900,2059.965,2060.485,2054.235,2056.695,1601300
XAUUSD,20240103,1000,2056.695,2057.048,2052.525,2054.805,832240
XAUUSD,20240103,1100,2054.795,2055.565,2046.594,2047.485,949340
XAUUSD,20240103,1200,2047.505,2048.205,2041.685,2045.595,1974360
XAUUSD,20240103,1300,2045.565,2047.895,2038.645,2040.935,1802340
XAUUSD,20240103,1400,2040.945,2042.225,2031.665,2037.755,2430470
XAUUSD,20240103,1500,2037.755,2048.698,2031.785,2032.495,2964530
XAUUSD,20240103,1600,2032.545,2035.945,2031.218,2032.345,1517890
XAUUSD,20240103,1700,2032.405,2033.655,2030.515,2033.255,982660
XAUUSD,20240103,1800,2033.255,2036.215,2032.835,2035.695,784490
XAUUSD,20240103,1900,2035.678,2042.205,2030.535,2036.575,2405200
XAUUSD,20240103,2000,2036.595,2042.175,2036.435,2040.878,2171380
XAUUSD,20240103,2100,2040.955,2041.698,2040.215,2041.195,635420
XAUUSD,20240103,2300,2041.895,2043.835,2041.398,2042.895,513450
XAUUSD,20240104,0000,2042.865,2043.085,2041.495,2042.065,264740
XAUUSD,20240104,0100,2042.075,2043.215,2040.055,2042.165,1202870
XAUUSD,20240104,0200,2042.145,2044.665,2042.145,2044.555,1716180
XAUUSD,20240104,0300,2044.545,2046.808,2043.998,2044.518,843260
XAUUSD,20240104,0400,2044.498,2044.575,2042.355,2043.015,568780
XAUUSD,20240104,0500,2043.005,2044.255,2042.345,2043.695,392640
XAUUSD,20240104,0600,2043.705,2048.585,2043.585,2047.135,896180
XAUUSD,20240104,0700,2047.118,2049.445,2046.498,2047.615,933380
XAUUSD,20240104,0800,2047.615,2048.545,2045.345,2046.715,1345080
XAUUSD,20240104,0900,2046.695,2050.855,2046.215,2047.915,1170970
XAUUSD,20240104,1000,2047.895,2050.765,2046.565,2047.885,755240
XAUUSD,20240104,1100,2047.865,2048.335,2044.828,2045.065,644250
XAUUSD,20240104,1200,2044.995,2046.095,2043.245,2045.835,786790
XAUUSD,20240104,1300,2045.895,2047.098,2038.715,2040.145,1851640
XAUUSD,20240104,1400,2040.165,2042.465,2036.155,2039.265,1381030
XAUUSD,20240104,1500,2039.345,2047.625,2038.995,2045.025,1913780
XAUUSD,20240104,1600,2045.075,2046.675,2044.065,2044.675,1382860
XAUUSD,20240104,1700,2044.725,2044.955,2040.765,2043.175,718910
XAUUSD,20240104,1800,2043.095,2043.925,2041.445,2043.065,517570
XAUUSD,20240104,1900,2043.045,2044.795,2042.395,2044.285,396760
XAUUSD,20240104,2000,2044.265,2044.785,2042.955,2042.995,492080
XAUUSD,20240104,2100,2043.025,2044.228,2042.945,2043.124,339010
XAUUSD,20240104,2300,2043.218,2044.665,2042.725,2044.098,400870
XAUUSD,20240105,0000,2044.128,2044.605,2043.225,2044.265,485550
XAUUSD,20240105,0100,2044.275,2048.155,2043.995,2046.065,879840
XAUUSD,20240105,0200,2046.085,2047.805,2045.605,2046.095,453690
XAUUSD,20240105,0300,2046.095,2046.365,2044.685,2045.235,393450
XAUUSD,20240105,0400,2045.265,2046.255,2044.365,2044.555,663170
XAUUSD,20240105,0500,2044.515,2045.135,2043.055,2044.385,518180
XAUUSD,20240105,0600,2044.345,2045.025,2040.805,2042.358,907660
XAUUSD,20240105,0700,2042.358,2046.925,2041.975,2042.995,1718760
XAUUSD,20240105,0800,2043.005,2044.238,2041.255,2042.385,1029120
XAUUSD,20240105,0900,2042.305,2043.598,2038.295,2038.735,828430
XAUUSD,20240105,1000,2038.765,2040.205,2037.235,2039.955,913850
XAUUSD,20240105,1100,2039.935,2040.285,2037.035,2039.155,488810
XAUUSD,20240105,1200,2039.155,2040.935,2038.355,2040.115,626480
XAUUSD,20240105,1300,2040.135,2041.778,2024.255,2039.905,4478070
XAUUSD,20240105,1400,2039.885,2049.145,2038.655,2046.585,3909580
XAUUSD,20240105,1500,2046.595,2063.838,2046.544,2054.745,5734020
XAUUSD,20240105,1600,2054.815,2056.155,2044.025,2044.948,1724760
XAUUSD,20240105,1700,2044.925,2045.365,2040.335,2041.845,2430330
XAUUSD,20240105,1800,2041.835,2048.445,2040.385,2048.058,1394220
XAUUSD,20240105,1900,2048.085,2050.195,2044.865,2045.635,1245370
XAUUSD,20240105,2000,2045.655,2045.695,2042.785,2043.575,771000
XAUUSD,20240105,2100,2043.645,2046.068,2043.645,2045.355,535540
XAUUSD,20240107,2300,2044.385,2045.565,2042.805,2044.195,579800
XAUUSD,20240108,0000,2044.235,2046.245,2043.695,2045.875,434420
XAUUSD,20240108,0100,2045.855,2046.525,2042.815,2043.715,1192130
XAUUSD,20240108,0200,2043.715,2043.725,2041.165,2041.215,714570
XAUUSD,20240108,0300,2041.165,2041.405,2034.975,2036.015,671330
XAUUSD,20240108,0400,2036.075,2037.555,2035.575,2035.715,552440
XAUUSD,20240108,0500,2035.665,2036.045,2026.925,2030.685,864380
XAUUSD,20240108,0600,2030.685,2033.205,2030.285,2032.905,792040
XAUUSD,20240108,0700,2032.895,2033.135,2028.505,2031.355,1329750
XAUUSD,20240108,0800,2031.305,2031.645,2027.145,2028.205,1297560
XAUUSD,20240108,0900,2028.165,2031.685,2026.465,2028.965,1853500
XAUUSD,20240108,1000,2028.965,2029.435,2026.885,2027.515,665430
XAUUSD,20240108,1100,2027.495,2027.815,2016.604,2019.958,1554600
XAUUSD,20240108,1200,2019.958,2024.845,2018.865,2024.585,1124120
XAUUSD,20240108,1300,2024.605,2025.425,2018.345,2018.895,2228940
XAUUSD,20240108,1400,2018.905,2027.085,2018.385,2026.305,3320720
XAUUSD,20240108,1500,2026.325,2034.675,2025.435,2034.115,2139710
XAUUSD,20240108,1600,2034.105,2036.778,2031.335,2032.085,1264480
XAUUSD,20240108,1700,2032.155,2033.015,2027.015,2027.565,957940
XAUUSD,20240108,1800,2027.535,2028.195,2026.295,2026.495,814920
XAUUSD,20240108,1900,2026.465,2029.485,2026.435,2029.285,1005820
XAUUSD,20240108,2000,2029.265,2029.698,2025.978,2027.048,665650
XAUUSD,20240108,2100,2027.048,2028.628,2026.998,2027.835,441040
XAUUSD,20240108,2300,2028.045,2030.835,2027.798,2030.665,286610
XAUUSD,20240109,0000,2030.665,2034.798,2030.615,2034.208,858760
XAUUSD,20240109,0100,2034.205,2035.478,2031.115,2032.165,1086220
XAUUSD,20240109,0200,2032.145,2035.775,2032.075,2034.065,1234750
XAUUSD,20240109,0300,2034.215,2034.865,2032.935,2033.565,426800
XAUUSD,20240109,0400,2033.505,2034.865,2032.085,2032.795,1048370
XAUUSD,20240109,0500,2032.815,2033.415,2030.245,2032.695,490870
XAUUSD,20240109,0600,2032.665,2035.095,2031.095,2033.115,675800
XAUUSD,20240109,0700,2033.095,2037.145,2032.028,2035.885,1289170
XAUUSD,20240109,0800,2035.955,2038.078,2031.145,2034.145,2848350
XAUUSD,20240109,0900,2034.145,2036.965,2033.025,2035.345,1603370
XAUUSD,20240109,1000,2035.385,2038.428,2034.708,2035.315,882560
XAUUSD,20240109,1100,2035.325,2035.588,2033.558,2034.935,1047860
XAUUSD,20240109,1200,2034.925,2036.265,2033.808,2036.255,804980
XAUUSD,20240109,1300,2036.295,2041.898,2031.535,2038.535,2885620
XAUUSD,20240109,1400,2038.488,2040.015,2033.845,2034.655,2698940
XAUUSD,20240109,1500,2034.575,2035.485,2028.665,2028.735,2640340
XAUUSD,20240109,1600,2028.755,2031.455,2026.015,2031.075,2122560
XAUUSD,20240109,1700,2031.078,2031.945,2027.005,2027.575,861730
XAUUSD,20240109,1800,2027.555,2029.545,2026.688,2029.058,965480
XAUUSD,20240109,1900,2029.065,2029.925,2027.655,2028.735,1905690
XAUUSD,20240109,2000,2028.845,2031.005,2028.205,2028.315,908020
XAUUSD,20240109,2100,2028.335,2030.208,2028.305,2029.885,270790
XAUUSD,20240109,2300,2029.408,2031.125,2028.275,2030.665,471830
XAUUSD,20240110,0000,2030.674,2031.075,2029.615,2030.155,372070
XAUUSD,20240110,0100,2030.175,2032.415,2027.145,2031.705,1005210
XAUUSD,20240110,0200,2031.685,2032.785,2030.255,2031.708,730320
XAUUSD,20240110,0300,2031.678,2031.905,2028.125,2028.845,1068390
XAUUSD,20240110,0400,2028.835,2030.535,2028.385,2029.725,483910
XAUUSD,20240110,0500,2029.785,2030.135,2025.375,2026.575,641840
XAUUSD,20240110,0600,2026.585,2026.915,2023.795,2024.525,810730
XAUUSD,20240110,0700,2024.435,2031.595,2024.235,2030.905,1037400
XAUUSD,20240110,0800,2030.925,2035.845,2030.165,2035.195,1679910
XAUUSD,20240110,0900,2035.165,2036.075,2034.565,2035.635,988820
XAUUSD,20240110,1000,2035.665,2040.135,2034.485,2034.698,1355580
XAUUSD,20240110,1100,2034.715,2035.215,2032.695,2033.925,942930
XAUUSD,20240110,1200,2033.905,2035.555,2031.145,2031.415,932390
XAUUSD,20240110,1300,2031.435,2033.895,2029.908,2030.185,1756790
XAUUSD,20240110,1400,2030.205,2033.475,2026.345,2027.275,1814810
XAUUSD,20240110,1500,2027.185,2029.685,2024.685,2027.795,1925670
XAUUSD,20240110,1600,2027.835,2028.395,2024.635,2026.918,1655540
XAUUSD,20240110,1700,2026.905,2027.628,2022.135,2023.945,1339190
XAUUSD,20240110,1800,2023.935,2024.435,2021.215,2023.605,1483927
XAUUSD,20240110,1900,2023.585,2024.438,2020.395,2023.938,682220
XAUUSD,20240110,2000,2023.875,2024.958,2021.725,2023.495,1868180
XAUUSD,20240110,2100,2023.485,2024.425,2023.285,2024.105,300980
XAUUSD,20240110,2300,2023.995,2027.865,2023.128,2026.695,484940
XAUUSD,20240111,0000,2026.735,2028.325,2026.505,2027.748,1013140
XAUUSD,20240111,0100,2027.748,2030.265,2026.928,2029.635,2107170
XAUUSD,20240111,0200,2029.635,2031.808,2028.765,2029.575,723950
XAUUSD,20240111,0300,2029.595,2030.985,2028.645,2030.835,506740
XAUUSD,20240111,0400,2030.795,2032.185,2030.795,2031.995,318840
XAUUSD,20240111,0500,2032.095,2034.555,2030.965,2032.885,629210
XAUUSD,20240111,0600,2032.895,2035.045,2032.045,2033.945,686370
XAUUSD,20240111,0700,2033.925,2035.655,2033.575,2033.805,1077110
XAUUSD,20240111,0800,2033.795,2033.925,2030.295,2030.718,1388790
XAUUSD,20240111,0900,2030.708,2032.375,2030.125,2031.225,798380
XAUUSD,20240111,1000,2031.345,2032.638,2030.425,2032.005,687280
XAUUSD,20240111,1100,2031.975,2034.305,2031.315,2034.235,904420
XAUUSD,20240111,1200,2034.285,2034.935,2031.598,2032.315,1102880
XAUUSD,20240111,1300,2032.325,2043.864,2024.975,2029.335,4911400
XAUUSD,20240111,1400,2029.365,2034.805,2024.825,2029.598,4880820
XAUUSD,20240111,1500,2029.585,2032.874,2025.085,2028.945,5221590
XAUUSD,20240111,1600,2028.955,2029.505,2013.545,2016.595,3757066
XAUUSD,20240111,1700,2016.675,2018.375,2013.225,2014.275,1764200
XAUUSD,20240111,1800,2014.245,2016.975,2013.765,2016.975,1027100
XAUUSD,20240111,1900,2016.985,2027.265,2016.985,2026.345,2163380
XAUUSD,20240111,2000,2026.355,2028.475,2023.395,2027.395,1104740
XAUUSD,20240111,2100,2027.415,2029.515,2027.093,2028.695,763360
XAUUSD,20240111,2300,2027.708,2035.455,2027.708,2035.125,664440
XAUUSD,20240112,0000,2035.055,2035.265,2030.148,2031.035,752270
XAUUSD,20240112,0100,2031.025,2034.665,2029.975,2033.805,962010
XAUUSD,20240112,0200,2033.865,2035.178,2033.135,2033.855,642990
XAUUSD,20240112,0300,2033.855,2035.575,2033.665,2033.865,497530
XAUUSD,20240112,0400,2033.835,2034.935,2032.698,2034.578,897320
XAUUSD,20240112,0500,2034.578,2037.115,2033.575,2035.975,736650
XAUUSD,20240112,0600,2035.995,2036.705,2034.765,2035.135,890160
XAUUSD,20240112,0700,2035.145,2039.275,2034.125,2037.405,1399460
XAUUSD,20240112,0800,2037.375,2039.765,2036.945,2038.645,1378740
XAUUSD,20240112,0900,2038.605,2039.995,2037.755,2038.055,782830
XAUUSD,20240112,1000,2038.075,2046.015,2037.985,2045.765,899670
XAUUSD,20240112,1100,2045.835,2047.305,2044.008,2045.315,1550220
XAUUSD,20240112,1200,2045.355,2053.625,2045.355,2047.665,2177560
XAUUSD,20240112,1300,2047.765,2056.555,2044.258,2056.045,4814800
XAUUSD,20240112,1400,2056.025,2062.145,2053.215,2055.755,3679080
XAUUSD,20240112,1500,2055.755,2060.005,2050.865,2053.595,3196810
XAUUSD,20240112,1600,2053.615,2055.455,2048.185,2048.235,1669170
XAUUSD,20240112,1700,2048.155,2048.505,2041.325,2043.815,1417500
XAUUSD,20240112,1800,2043.855,2048.585,2042.955,2047.398,967130
XAUUSD,20240112,1900,2047.398,2049.045,2046.125,2047.225,982590
XAUUSD,20240112,2000,2047.275,2047.565,2045.965,2047.358,511640
XAUUSD,20240112,2100,2047.358,2049.138,2046.778,2048.675,786340
XAUUSD,20240114,2300,2048.498,2048.605,2046.235,2047.505,587970
XAUUSD,20240115,0000,2047.525,2048.375,2045.675,2047.775,789630
XAUUSD,20240115,0100,2047.735,2051.335,2047.405,2050.975,957180
XAUUSD,20240115,0200,2051.025,2056.335,2049.775,2056.305,1031920
XAUUSD,20240115,0300,2056.295,2057.985,2055.435,2057.305,717310
XAUUSD,20240115,0400,2057.285,2057.465,2053.404,2054.235,860520
XAUUSD,20240115,0500,2054.215,2055.525,2052.878,2055.025,499400
XAUUSD,20240115,0600,2054.935,2056.915,2053.708,2055.335,1007950
XAUUSD,20240115,0700,2055.375,2055.835,2052.765,2054.175,906360
XAUUSD,20240115,0800,2054.215,2058.505,2053.785,2056.545,748100
XAUUSD,20240115,0900,2056.475,2056.925,2052.855,2054.915,1172950
XAUUSD,20240115,1000,2054.925,2055.045,2051.958,2052.975,698440
XAUUSD,20240115,1100,2052.985,2053.725,2051.465,2053.225,662200
XAUUSD,20240115,1200,2053.255,2053.595,2051.265,2052.655,624240
XAUUSD,20240115,1300,2052.725,2054.175,2052.045,2054.175,787050
XAUUSD,20240115,1400,2054.175,2054.315,2051.565,2052.065,703100
XAUUSD,20240115,1500,2052.025,2053.755,2049.290,2053.125,1554130
XAUUSD,20240115,1600,2053.108,2054.868,2053.078,2053.965,1606980
XAUUSD,20240115,1700,2053.945,2056.218,2053.478,2055.248,1485250
XAUUSD,20240115,1800,2055.275,2055.315,2054.185,2054.278,192190
XAUUSD,20240115,1900,2054.278,2054.755,2053.458,2054.505,116720
XAUUSD,20240115,2300,2053.914,2055.495,2053.228,2053.895,495430
XAUUSD,20240116,0000,2054.025,2054.435,2050.685,2051.345,449120
XAUUSD,20240116,0100,2051.335,2053.238,2049.845,2050.805,1095620
XAUUSD,20240116,0200,2050.785,2051.405,2049.655,2050.475,581710
XAUUSD,20240116,0300,2050.455,2051.515,2048.265,2049.435,629220
XAUUSD,20240116,0400,2049.435,2049.945,2048.858,2049.325,474760
XAUUSD,20240116,0500,2049.345,2049.435,2047.435,2048.405,586100
XAUUSD,20240116,0600,2048.405,2050.495,2047.285,2050.325,628810
XAUUSD,20240116,0700,2050.325,2050.825,2048.005,2049.315,1341300
XAUUSD,20240116,0800,2049.295,2050.035,2042.025,2043.015,1617637
XAUUSD,20240116,0900,2042.995,2043.825,2038.588,2041.145,3795330
XAUUSD,20240116,1000,2041.125,2042.275,2039.165,2040.905,1309860
XAUUSD,20240116,1100,2040.905,2041.078,2038.124,2039.785,1657600
XAUUSD,20240116,1200,2039.775,2039.935,2035.535,2038.365,1309780
XAUUSD,20240116,1300,2038.335,2044.915,2031.275,2037.525,3097090
XAUUSD,20240116,1400,2037.475,2042.445,2036.815,2038.095,2568490
XAUUSD,20240116,1500,2038.065,2041.915,2037.285,2041.035,2804700
XAUUSD,20240116,1600,2041.095,2041.195,2032.425,2033.358,4433550
XAUUSD,20240116,1700,2033.355,2033.715,2024.885,2025.245,2489170
XAUUSD,20240116,1800,2025.225,2028.785,2024.165,2025.025,1530670
XAUUSD,20240116,1900,2025.125,2030.045,2024.865,2029.205,1239350
XAUUSD,20240116,2000,2029.185,2029.705,2027.765,2028.128,1276160
XAUUSD,20240116,2100,2028.128,2028.448,2027.055,2028.155,674370
XAUUSD,20240116,2300,2026.898,2028.275,2025.728,2028.045,463200
XAUUSD,20240117,0000,2028.055,2028.805,2025.515,2028.405,621700
XAUUSD,20240117,0100,2028.344,2030.685,2026.635,2030.145,896150
XAUUSD,20240117,0200,2030.125,2032.815,2026.888,2028.795,1574080
XAUUSD,20240117,0300,2028.835,2029.005,2023.288,2023.955,1596460
XAUUSD,20240117,0400,2023.915,2025.775,2023.185,2025.355,496250
XAUUSD,20240117,0500,2025.335,2025.385,2019.198,2020.565,856190
XAUUSD,20240117,0600,2020.565,2020.675,2017.598,2019.175,1438390
XAUUSD,20240117,0700,2019.165,2026.085,2017.785,2025.705,1561050
XAUUSD,20240117,0800,2025.695,2026.498,2021.145,2021.365,2351000
XAUUSD,20240117,0900,2021.325,2024.165,2018.915,2023.745,1099910
XAUUSD,20240117,1000,2023.725,2028.265,2022.715,2026.015,1871330
XAUUSD,20240117,1100,2026.045,2026.655,2023.595,2023.805,1678680
XAUUSD,20240117,1200,2023.835,2028.898,2023.655,2028.255,1296510
XAUUSD,20240117,1300,2028.325,2028.568,2018.845,2022.315,3297150
XAUUSD,20240117,1400,2022.295,2023.045,2011.355,2012.075,3007060
XAUUSD,20240117,1500,2011.995,2013.995,2006.095,2008.795,3120270
XAUUSD,20240117,1600,2008.805,2011.895,2004.215,2005.365,2035550
XAUUSD,20240117,1700,2005.345,2007.975,2003.335,2006.955,1062290
XAUUSD,20240117,1800,2007.025,2007.145,2001.755,2004.705,1155360
XAUUSD,20240117,1900,2004.705,2006.815,2004.305,2005.455,1590860
XAUUSD,20240117,2000,2005.515,2006.765,2004.675,2006.015,982400
XAUUSD,20240117,2100,2006.045,2006.325,2005.205,2005.945,434570
XAUUSD,20240117,2300,2005.204,2009.805,2004.905,2009.465,704470
XAUUSD,20240118,0000,2009.505,2010.758,2008.175,2010.658,703440
XAUUSD,20240118,0100,2010.678,2012.055,2009.208,2011.535,876050
XAUUSD,20240118,0200,2011.555,2011.805,2007.425,2007.555,660370
XAUUSD,20240118,0300,2007.535,2009.035,2006.345,2007.975,1012710
XAUUSD,20240118,0400,2007.955,2009.125,2007.745,2008.035,483060
XAUUSD,20240118,0500,2008.045,2009.325,2005.705,2009.125,689600
XAUUSD,20240118,0600,2009.105,2012.955,2008.785,2012.635,731270
XAUUSD,20240118,0700,2012.575,2014.045,2010.985,2012.198,1092070
XAUUSD,20240118,0800,2012.218,2012.218,2009.525,2009.595,1161690
XAUUSD,20240118,0900,2009.585,2012.865,2008.075,2010.085,1722550
XAUUSD,20240118,1000,2010.085,2012.125,2009.115,2011.535,785190
XAUUSD,20240118,1100,2011.515,2013.405,2010.695,2012.505,654100
XAUUSD,20240118,1200,2012.525,2017.155,2012.515,2014.885,1828610
XAUUSD,20240118,1300,2014.885,2014.885,2007.175,2009.005,1989900
XAUUSD,20240118,1400,2009.025,2013.555,2008.985,2012.678,1891440
XAUUSD,20240118,1500,2012.665,2015.575,2011.555,2013.525,1348560
XAUUSD,20240118,1600,2013.515,2017.635,2012.985,2014.805,1591000
XAUUSD,20240118,1700,2014.805,2016.315,2013.165,2016.295,716080
XAUUSD,20240118,1800,2016.295,2021.025,2015.425,2020.475,836710
XAUUSD,20240118,1900,2020.445,2020.525,2018.198,2019.725,783600
XAUUSD,20240118,2000,2019.725,2022.565,2019.725,2022.195,463820
XAUUSD,20240118,2100,2022.155,2023.135,2021.835,2022.835,645100
XAUUSD,20240118,2300,2023.785,2024.555,2021.095,2023.675,741910
XAUUSD,20240119,0000,2023.675,2024.185,2022.505,2023.005,610960
XAUUSD,20240119,0100,2022.995,2025.475,2021.915,2023.935,1149670
XAUUSD,20240119,0200,2023.905,2024.985,2022.525,2023.975,837480
XAUUSD,20240119,0300,2023.975,2024.155,2021.895,2022.805,390910
XAUUSD,20240119,0400,2022.815,2022.835,2020.625,2020.995,362780
XAUUSD,20240119,0500,2020.975,2021.805,2020.325,2021.565,537180
XAUUSD,20240119,0600,2021.515,2024.185,2020.765,2023.708,890200
XAUUSD,20240119,0700,2023.685,2029.625,2023.515,2027.945,1643520
XAUUSD,20240119,0800,2027.895,2030.115,2026.105,2029.635,935580
XAUUSD,20240119,0900,2029.625,2030.715,2027.525,2029.615,1301000
XAUUSD,20240119,1000,2029.635,2030.865,2028.815,2030.295,522250
XAUUSD,20240119,1100,2030.395,2031.875,2028.668,2031.555,696900
XAUUSD,20240119,1200,2031.605,2035.055,2031.585,2032.735,938640
XAUUSD,20240119,1300,2032.725,2039.278,2032.525,2035.135,3745050
XAUUSD,20240119,1400,2035.135,2035.615,2026.325,2029.495,2727730
XAUUSD,20240119,1500,2029.825,2032.104,2023.035,2027.645,2079890
XAUUSD,20240119,1600,2027.645,2029.425,2023.175,2024.745,1385840
XAUUSD,20240119,1700,2024.765,2028.985,2024.265,2028.955,1606320
XAUUSD,20240119,1800,2028.968,2029.308,2026.365,2027.785,925810
XAUUSD,20240119,1900,2027.845,2029.365,2027.485,2029.075,637800
XAUUSD,20240119,2000,2029.075,2029.475,2027.655,2028.295,513270
XAUUSD,20240119,2100,2028.225,2029.815,2028.058,2029.375,521440
XAUUSD,20240121,2300,2029.715,2029.715,2026.848,2027.535,456930
XAUUSD,20240122,0000,2027.505,2029.145,2025.385,2028.925,524180
XAUUSD,20240122,0100,2028.945,2032.005,2028.605,2029.035,1144450
XAUUSD,20240122,0200,2029.035,2029.965,2028.265,2029.725,455370
XAUUSD,20240122,0300,2029.705,2029.725,2025.915,2026.895,457320
XAUUSD,20240122,0400,2026.945,2027.065,2024.565,2025.405,486090
XAUUSD,20240122,0500,2025.335,2025.425,2021.765,2023.115,1105780
XAUUSD,20240122,0600,2023.115,2024.405,2019.935,2020.815,1045640
XAUUSD,20240122,0700,2020.805,2024.255,2018.985,2021.695,1516680
XAUUSD,20240122,0800,2021.645,2026.165,2020.335,2022.155,1383630
XAUUSD,20240122,0900,2022.155,2023.855,2020.495,2021.605,553370
XAUUSD,20240122,1000,2021.545,2024.465,2020.995,2022.715,479060
XAUUSD,20240122,1100,2022.715,2026.458,2022.045,2026.078,923450
XAUUSD,20240122,1200,2026.038,2030.028,2025.135,2029.558,1906590
XAUUSD,20240122,1300,2029.555,2029.588,2021.155,2023.035,2975170
XAUUSD,20240122,1400,2023.035,2023.898,2016.448,2022.615,3308830
XAUUSD,20240122,1500,2022.605,2026.438,2020.605,2023.994,1738040
XAUUSD,20240122,1600,2024.005,2024.105,2021.415,2023.535,1380850
XAUUSD,20240122,1700,2023.505,2024.438,2021.238,2021.418,2080800
XAUUSD,20240122,1800,2021.405,2021.825,2019.705,2021.235,756190
XAUUSD,20240122,1900,2021.255,2021.535,2019.055,2020.955,444410
XAUUSD,20240122,2000,2020.955,2020.955,2019.125,2020.745,445500
XAUUSD,20240122,2100,2020.725,2021.728,2020.135,2021.105,288180
XAUUSD,20240122,2300,2021.038,2021.855,2020.385,2020.635,231360
XAUUSD,20240123,0000,2020.695,2023.025,2020.695,2022.665,374560
XAUUSD,20240123,0100,2022.665,2022.815,2019.515,2021.575,901470
XAUUSD,20240123,0200,2021.575,2024.095,2020.648,2022.535,1313630
XAUUSD,20240123,0300,2022.595,2027.855,2021.635,2027.395,1494370
XAUUSD,20240123,0400,2027.325,2027.818,2026.645,2027.508,436600
XAUUSD,20240123,0500,2027.494,2031.615,2027.165,2030.725,843730
XAUUSD,20240123,0600,2030.745,2035.825,2028.998,2035.035,1748730
XAUUSD,20240123,0700,2035.035,2037.808,2027.605,2031.565,2459750
XAUUSD,20240123,0800,2031.635,2031.655,2027.635,2028.875,880300
XAUUSD,20240123,0900,2028.875,2030.405,2027.015,2028.685,1190540
XAUUSD,20240123,1000,2028.655,2028.655,2024.655,2025.015,804080
XAUUSD,20240123,1100,2025.015,2026.085,2022.298,2023.875,911430
XAUUSD,20240123,1200,2023.875,2026.885,2023.155,2025.578,937850
XAUUSD,20240123,1300,2025.578,2030.265,2023.235,2024.885,1471830
XAUUSD,20240123,1400,2024.855,2026.025,2021.325,2022.978,1649520
XAUUSD,20240123,1500,2023.004,2026.655,2022.755,2025.045,2003940
XAUUSD,20240123,1600,2025.085,2027.655,2023.225,2025.635,1085960
XAUUSD,20240123,1700,2025.638,2025.975,2022.565,2024.195,945360
XAUUSD,20240123,1800,2024.215,2025.715,2022.925,2025.225,468310
XAUUSD,20240123,1900,2025.235,2030.558,2024.745,2029.755,1795060
XAUUSD,20240123,2000,2029.765,2030.178,2028.035,2028.575,1089950
XAUUSD,20240123,2100,2028.555,2029.208,2027.785,2029.015,425970
XAUUSD,20240123,2300,2028.278,2029.555,2027.235,2029.255,564780
XAUUSD,20240124,0000,2029.255,2029.255,2026.915,2027.345,543330
XAUUSD,20240124,0100,2027.325,2028.925,2026.355,2027.175,668090
XAUUSD,20240124,0200,2027.195,2027.485,2023.865,2024.105,612910
XAUUSD,20240124,0300,2024.095,2025.625,2023.628,2024.685,639280
XAUUSD,20240124,0400,2024.675,2025.645,2023.975,2024.405,280840
XAUUSD,20240124,0500,2024.395,2025.578,2022.725,2024.378,504880
XAUUSD,20240124,0600,2024.364,2027.855,2023.565,2025.945,620390
XAUUSD,20240124,0700,2025.905,2031.495,2025.685,2029.465,960560
XAUUSD,20240124,0800,2029.485,2032.175,2028.105,2030.795,1366410
XAUUSD,20240124,0900,2030.775,2034.065,2029.795,2030.765,987250
XAUUSD,20240124,1000,2030.735,2032.925,2029.165,2032.665,647850
XAUUSD,20240124,1100,2032.775,2034.185,2030.765,2033.305,679140
XAUUSD,20240124,1200,2033.305,2034.298,2031.518,2032.635,1344440
XAUUSD,20240124,1300,2032.635,2036.575,2031.118,2033.865,4036680
XAUUSD,20240124,1400,2033.865,2034.625,2023.048,2024.615,3112260
XAUUSD,20240124,1500,2024.565,2025.285,2014.815,2015.145,2281680
XAUUSD,20240124,1600,2015.215,2016.135,2011.825,2015.195,1582300
XAUUSD,20240124,1700,2015.215,2019.715,2015.205,2019.175,1181040
XAUUSD,20240124,1800,2019.185,2019.678,2013.345,2014.995,1727040
XAUUSD,20240124,1900,2014.995,2015.235,2011.105,2012.115,1497620
XAUUSD,20240124,2000,2012.115,2013.725,2011.675,2012.195,1413020
XAUUSD,20240124,2100,2012.205,2014.485,2011.955,2014.214,1230100
XAUUSD,20240124,2300,2013.765,2017.565,2013.185,2016.265,996870
XAUUSD,20240125,0000,2016.305,2016.635,2014.785,2015.385,735640
XAUUSD,20240125,0100,2015.375,2017.175,2014.435,2016.278,924910
XAUUSD,20240125,0200,2016.278,2016.915,2014.535,2015.165,611840
XAUUSD,20240125,0300,2015.175,2016.765,2015.015,2015.725,389440
XAUUSD,20240125,0400,2015.725,2016.325,2014.755,2015.665,357290
XAUUSD,20240125,0500,2015.665,2016.475,2014.698,2015.505,656900
XAUUSD,20240125,0600,2015.505,2016.485,2014.325,2015.735,553170
XAUUSD,20240125,0700,2015.665,2018.225,2013.515,2015.648,905280
XAUUSD,20240125,0800,2015.625,2015.858,2012.555,2013.745,953050
XAUUSD,20240125,0900,2013.745,2017.815,2012.715,2017.795,813580
XAUUSD,20240125,1000,2017.795,2019.375,2017.055,2019.105,624460
XAUUSD,20240125,1100,2019.105,2019.445,2016.415,2017.425,589600
XAUUSD,20240125,1200,2017.455,2017.555,2013.255,2013.665,836080
XAUUSD,20240125,1300,2013.665,2022.915,2009.455,2019.275,3607260
XAUUSD,20240125,1400,2019.245,2025.175,2018.245,2023.395,4670700
XAUUSD,20240125,1500,2023.395,2024.635,2016.685,2020.158,2848370
XAUUSD,20240125,1600,2020.145,2021.505,2013.715,2014.455,1511110
XAUUSD,20240125,1700,2014.475,2016.485,2012.415,2014.895,1311900
XAUUSD,20240125,1800,2014.895,2018.478,2013.875,2014.145,2338400
XAUUSD,20240125,1900,2014.024,2018.295,2013.355,2017.648,800090
XAUUSD,20240125,2000,2017.648,2020.225,2016.845,2020.035,679680
XAUUSD,20240125,2100,2020.035,2020.855,2018.855,2020.505,492270
XAUUSD,20240125,2300,2019.854,2021.811,2018.275,2020.565,503890
XAUUSD,20240126,0000,2020.625,2021.698,2019.245,2021.105,475250
XAUUSD,20240126,0100,2021.105,2024.125,2020.945,2021.845,1121120
XAUUSD,20240126,0200,2021.825,2023.835,2021.615,2021.865,529050
XAUUSD,20240126,0300,2021.875,2022.865,2021.285,2021.755,264720
XAUUSD,20240126,0400,2021.705,2022.325,2020.995,2021.115,176480
XAUUSD,20240126,0500,2021.075,2023.395,2020.955,2023.005,778120
XAUUSD,20240126,0600,2022.985,2023.345,2021.485,2021.505,396880
XAUUSD,20240126,0700,2021.495,2022.795,2019.735,2021.285,598270
XAUUSD,20240126,0800,2021.225,2022.035,2020.145,2020.385,1386040
XAUUSD,20240126,0900,2020.415,2022.335,2018.105,2020.665,1256520
XAUUSD,20240126,1000,2020.665,2023.765,2020.665,2023.405,801820
XAUUSD,20240126,1100,2023.385,2024.545,2022.285,2023.295,457210
XAUUSD,20240126,1200,2023.305,2024.355,2020.055,2021.175,876040
XAUUSD,20240126,1300,2021.175,2026.715,2018.645,2024.515,3065580
XAUUSD,20240126,1400,2024.515,2025.995,2018.985,2020.085,2700210
XAUUSD,20240126,1500,2020.085,2020.085,2016.055,2016.908,1592750
XAUUSD,20240126,1600,2016.918,2019.278,2015.845,2018.095,905490
XAUUSD,20240126,1700,2018.055,2018.765,2016.325,2016.565,468390
XAUUSD,20240126,1800,2016.484,2018.098,2015.955,2017.208,841370
XAUUSD,20240126,1900,2017.178,2017.865,2016.045,2016.925,541890
XAUUSD,20240126,2000,2016.955,2019.205,2016.365,2018.465,201610
XAUUSD,20240126,2100,2018.405,2019.055,2017.875,2017.915,391140
XAUUSD,20240128,2300,2024.215,2028.384,2021.185,2021.775,1138630
XAUUSD,20240129,0000,2021.855,2021.985,2019.195,2021.535,437670
XAUUSD,20240129,0100,2021.445,2025.405,2021.015,2023.115,805400
XAUUSD,20240129,0200,2023.185,2025.405,2021.455,2025.355,447220
XAUUSD,20240129,0300,2025.385,2026.265,2024.095,2025.555,665950
XAUUSD,20240129,0400,2025.555,2027.445,2025.375,2026.185,329580
XAUUSD,20240129,0500,2026.205,2026.765,2024.625,2025.435,497000
XAUUSD,20240129,0600,2025.425,2028.935,2024.735,2028.765,1099640
XAUUSD,20240129,0700,2028.745,2033.795,2028.595,2031.275,1484590
XAUUSD,20240129,0800,2031.225,2033.525,2030.875,2031.505,1192230
XAUUSD,20240129,0900,2031.525,2031.865,2027.755,2028.245,807840
XAUUSD,20240129,1000,2028.215,2028.485,2025.445,2027.385,714540
XAUUSD,20240129,1100,2027.395,2028.295,2025.358,2028.085,401320
XAUUSD,20240129,1200,2028.075,2030.215,2028.065,2028.335,554610
XAUUSD,20240129,1300,2028.445,2037.465,2027.635,2036.745,1282360
XAUUSD,20240129,1400,2036.725,2037.125,2021.525,2024.645,1895000
XAUUSD,20240129,1500,2024.595,2026.125,2020.485,2025.365,1568620
XAUUSD,20240129,1600,2025.345,2027.825,2023.975,2027.005,1409290
XAUUSD,20240129,1700,2027.025,2030.995,2026.485,2029.255,939930
XAUUSD,20240129,1800,2029.235,2029.635,2025.045,2025.735,405700
XAUUSD,20240129,1900,2025.735,2027.905,2025.115,2026.865,417000
XAUUSD,20240129,2000,2026.895,2035.145,2026.808,2032.608,3470240
XAUUSD,20240129,2100,2032.485,2033.168,2030.845,2032.955,544200
XAUUSD,20240129,2300,2032.855,2033.248,2029.055,2031.035,313920
XAUUSD,20240130,0000,2031.045,2034.025,2030.835,2033.525,289960
XAUUSD,20240130,0100,2033.515,2033.905,2030.435,2031.025,649610
XAUUSD,20240130,0200,2030.865,2032.415,2029.745,2031.895,403360
XAUUSD,20240130,0300,2031.885,2032.485,2031.375,2032.025,297330
XAUUSD,20240130,0400,2032.025,2032.945,2031.145,2031.705,168450
XAUUSD,20240130,0500,2031.595,2033.265,2031.485,2032.085,324080
XAUUSD,20240130,0600,2032.105,2035.905,2032.015,2034.435,559390
XAUUSD,20240130,0700,2034.425,2040.285,2033.975,2037.815,955010
XAUUSD,20240130,0800,2037.795,2039.328,2036.888,2038.215,1810360
XAUUSD,20240130,0900,2038.265,2038.555,2034.905,2035.555,1020820
XAUUSD,20240130,1000,2035.545,2037.245,2034.965,2035.505,453180
XAUUSD,20240130,1100,2035.445,2036.025,2031.298,2034.275,769970
XAUUSD,20240130,1200,2034.265,2036.265,2033.535,2035.875,544970
XAUUSD,20240130,1300,2035.895,2037.805,2033.145,2037.648,2076310
XAUUSD,20240130,1400,2037.655,2048.448,2037.205,2046.508,5206780
XAUUSD,20240130,1500,2046.435,2048.115,2028.935,2032.465,4911260
XAUUSD,20240130,1600,2032.515,2035.995,2031.628,2035.805,2008650
XAUUSD,20240130,1700,2035.805,2036.055,2032.985,2033.895,1075880
XAUUSD,20240130,1800,2033.895,2033.895,2031.345,2032.665,760500
XAUUSD,20240130,1900,2032.665,2036.918,2032.245,2035.995,865660
XAUUSD,20240130,2000,2035.965,2036.568,2035.185,2035.878,566660
XAUUSD,20240130,2100,2035.835,2036.848,2035.735,2036.495,651530
XAUUSD,20240130,2300,2036.955,2037.175,2035.545,2036.335,225270
XAUUSD,20240131,0000,2036.365,2038.528,2035.685,2035.985,722270
XAUUSD,20240131,0100,2035.945,2037.105,2034.445,2034.565,936470
XAUUSD,20240131,0200,2034.555,2034.785,2032.735,2033.545,520860
XAUUSD,20240131,0300,2033.495,2034.085,2032.925,2033.785,209200
XAUUSD,20240131,0400,2033.765,2034.735,2033.115,2034.475,157650
XAUUSD,20240131,0500,2034.465,2035.095,2033.165,2035.005,263150
XAUUSD,20240131,0600,2035.005,2035.745,2033.478,2034.235,347250
XAUUSD,20240131,0700,2034.215,2038.535,2033.855,2036.535,1356590
XAUUSD,20240131,0800,2036.525,2040.305,2036.055,2038.955,1186270
XAUUSD,20240131,0900,2038.915,2039.675,2037.778,2038.085,1403290
XAUUSD,20240131,1000,2038.145,2038.418,2036.425,2036.855,630640
XAUUSD,20240131,1100,2036.865,2038.795,2036.815,2037.195,1168170
XAUUSD,20240131,1200,2037.235,2039.505,2036.975,2038.358,1065540
XAUUSD,20240131,1300,2038.358,2043.155,2035.955,2041.875,2315260
XAUUSD,20240131,1400,2041.845,2055.165,2040.635,2051.455,3324030
XAUUSD,20240131,1500,2051.445,2055.878,2050.318,2052.185,3337930
XAUUSD,20240131,1600,2052.175,2053.575,2047.365,2049.895,1806540
XAUUSD,20240131,1700,2049.835,2050.975,2049.205,2049.545,636000
XAUUSD,20240131,1800,2049.495,2049.708,2045.665,2046.245,983400
XAUUSD,20240131,1900,2046.245,2050.765,2039.075,2044.605,5672550
XAUUSD,20240131,2000,2044.625,2045.845,2031.000,2034.785,2937112
XAUUSD,20240131,2100,2034.755,2040.045,2033.265,2039.105,1508350
XAUUSD,20240131,2300,2039.625,2041.205,2038.175,2039.825,495070
XAUUSD,20240201,0000,2039.855,2042.575,2039.045,2040.645,818110
XAUUSD,20240201,0100,2040.645,2041.845,2039.908,2041.295,995340
XAUUSD,20240201,0200,2041.255,2049.475,2041.155,2046.895,1072550
XAUUSD,20240201,0300,2046.905,2048.415,2045.448,2046.144,1364250
XAUUSD,20240201,0400,2046.144,2046.505,2044.835,2045.634,1043630
XAUUSD,20240201,0500,2045.605,2046.215,2044.245,2044.455,931410
XAUUSD,20240201,0600,2044.435,2044.865,2042.265,2043.505,502340
XAUUSD,20240201,0700,2043.485,2044.125,2041.055,2042.775,969320
XAUUSD,20240201,0800,2042.745,2042.745,2038.885,2041.875,1614160
XAUUSD,20240201,0900,2041.845,2042.735,2040.205,2041.005,888720
XAUUSD,20240201,1000,2041.025,2041.125,2031.000,2031.785,1162058
XAUUSD,20240201,1100,2031.795,2034.395,2029.905,2033.355,1102971
XAUUSD,20240201,1200,2033.355,2034.425,2030.035,2034.165,1407190
XAUUSD,20240201,1300,2034.135,2042.018,2030.745,2039.975,2712000
XAUUSD,20240201,1400,2039.985,2050.715,2039.925,2045.885,3063150
XAUUSD,20240201,1500,2045.815,2052.905,2038.755,2051.875,2813540
XAUUSD,20240201,1600,2051.875,2065.348,2051.685,2059.245,4733830
XAUUSD,20240201,1700,2059.265,2062.345,2051.158,2054.345,2411250
XAUUSD,20240201,1800,2054.365,2058.615,2052.055,2055.605,1965780
XAUUSD,20240201,1900,2055.598,2058.025,2053.995,2054.608,1527140
XAUUSD,20240201,2000,2054.648,2055.625,2053.385,2055.495,922650
XAUUSD,20240201,2100,2055.405,2055.405,2053.765,2054.545,631380
XAUUSD,20240201,2300,2053.788,2056.145,2053.788,2054.745,252170
XAUUSD,20240202,0000,2054.725,2056.845,2054.455,2054.905,427580
XAUUSD,20240202,0100,2054.935,2055.935,2052.778,2054.638,1867250
XAUUSD,20240202,0200,2054.585,2055.365,2051.775,2053.695,1445810
XAUUSD,20240202,0300,2053.685,2054.854,2053.475,2054.545,455420
XAUUSD,20240202,0400,2054.545,2055.825,2053.938,2054.965,771300
XAUUSD,20240202,0500,2054.945,2056.394,2054.288,2055.384,1811440
XAUUSD,20240202,0600,2055.395,2056.748,2053.998,2055.298,1889200
XAUUSD,20240202,0700,2055.294,2056.855,2054.655,2054.965,1051020
XAUUSD,20240202,0800,2054.955,2056.715,2053.595,2053.945,587370
XAUUSD,20240202,0900,2053.905,2054.885,2052.595,2052.945,821330
XAUUSD,20240202,1000,2052.935,2055.565,2052.845,2054.605,594960
XAUUSD,20240202,1100,2054.605,2056.045,2053.625,2055.948,790910
XAUUSD,20240202,1200,2055.935,2056.265,2053.705,2055.115,794570
XAUUSD,20240202,1300,2055.185,2057.545,2029.535,2031.645,4192130
XAUUSD,20240202,1400,2031.595,2035.955,2027.635,2035.225,4027000
XAUUSD,20240202,1500,2035.185,2035.505,2028.398,2034.915,2949010
XAUUSD,20240202,1600,2034.935,2037.415,2032.988,2036.165,2550820
XAUUSD,20240202,1700,2036.215,2036.935,2033.838,2035.165,1478000
XAUUSD,20240202,1800,2035.095,2038.665,2034.345,2037.295,1056780
XAUUSD,20240202,1900,2037.325,2038.525,2036.345,2038.085,759410
XAUUSD,20240202,2000,2038.125,2038.335,2035.905,2035.945,601740
XAUUSD,20240202,2100,2036.005,2039.735,2036.005,2039.275,526400
XAUUSD,20240204,2300,2040.054,2042.034,2038.854,2039.115,585000
XAUUSD,20240205,0000,2039.155,2039.745,2033.545,2035.575,777960
XAUUSD,20240205,0100,2035.535,2038.135,2034.345,2037.935,822530
XAUUSD,20240205,0200,2037.885,2038.645,2032.835,2033.365,624400
XAUUSD,20240205,0300,2033.355,2034.415,2030.108,2032.195,580600
XAUUSD,20240205,0400,2032.165,2033.285,2031.505,2031.825,241080
XAUUSD,20240205,0500,2031.785,2031.965,2028.884,2029.675,699960
XAUUSD,20240205,0600,2029.685,2031.145,2026.735,2030.765,518080
XAUUSD,20240205,0700,2030.775,2031.415,2026.654,2027.465,740130
XAUUSD,20240205,0800,2027.495,2027.585,2021.385,2023.365,948560
XAUUSD,20240205,0900,2023.355,2024.125,2020.555,2022.595,638700
XAUUSD,20240205,1000,2022.595,2025.175,2022.205,2024.365,609350
XAUUSD,20240205,1100,2024.355,2028.258,2024.025,2027.565,1070870
XAUUSD,20240205,1200,2027.575,2027.995,2022.558,2022.558,956220
XAUUSD,20240205,1300,2022.505,2022.605,2014.855,2015.875,1498930
XAUUSD,20240205,1400,2015.875,2023.558,2014.835,2023.434,2182520
XAUUSD,20240205,1500,2023.495,2023.495,2015.425,2017.675,1988990
XAUUSD,20240205,1600,2017.815,2022.415,2017.665,2022.088,1150590
XAUUSD,20240205,1700,2022.065,2026.295,2021.245,2025.525,1312390
XAUUSD,20240205,1800,2025.545,2026.975,2025.318,2025.835,756800
XAUUSD,20240205,1900,2025.935,2027.465,2025.045,2025.885,1238730
XAUUSD,20240205,2000,2025.835,2026.258,2023.875,2024.895,1083580
XAUUSD,20240205,2100,2024.895,2025.098,2024.015,2025.005,216490
XAUUSD,20240205,2300,2024.288,2025.298,2023.665,2025.005,230130
XAUUSD,20240206,0000,2025.005,2027.555,2024.935,2026.744,332070
XAUUSD,20240206,0100,2026.735,2028.505,2026.305,2027.058,1034200
XAUUSD,20240206,0200,2027.038,2027.228,2024.845,2025.925,591660
XAUUSD,20240206,0300,2025.935,2026.345,2023.395,2023.825,675920
XAUUSD,20240206,0400,2023.845,2026.315,2023.505,2026.245,470180
XAUUSD,20240206,0500,2026.285,2029.715,2025.698,2029.415,637240
XAUUSD,20240206,0600,2029.405,2029.555,2026.095,2026.514,735480
XAUUSD,20240206,0700,2026.514,2028.838,2026.115,2026.245,1123020
XAUUSD,20240206,0800,2026.265,2026.595,2023.285,2023.735,598920
XAUUSD,20240206,0900,2023.705,2025.325,2022.795,2023.428,664180
XAUUSD,20240206,1000,2023.425,2026.215,2023.275,2023.798,705800
XAUUSD,20240206,1100,2023.785,2027.415,2022.845,2026.665,1024210
XAUUSD,20240206,1200,2026.635,2027.828,2024.405,2027.685,852520
XAUUSD,20240206,1300,2027.635,2030.825,2026.175,2029.135,1898300
XAUUSD,20240206,1400,2029.065,2032.935,2026.835,2030.535,1599960
XAUUSD,20240206,1500,2030.525,2038.035,2029.485,2036.205,2243140
XAUUSD,20240206,1600,2036.218,2038.785,2035.078,2036.498,1322180
XAUUSD,20240206,1700,2036.495,2038.295,2032.005,2036.955,1036020
XAUUSD,20240206,1800,2036.878,2038.035,2033.695,2036.495,850980
XAUUSD,20240206,1900,2036.575,2036.805,2034.905,2035.935,847410
XAUUSD,20240206,2000,2035.985,2036.875,2035.105,2035.655,459680
XAUUSD,20240206,2100,2035.635,2036.035,2034.945,2035.365,174120
XAUUSD,20240206,2300,2035.218,2036.078,2034.445,2035.175,244990
XAUUSD,20240207,0000,2035.135,2036.055,2034.325,2034.995,522960
XAUUSD,20240207,0100,2034.995,2035.755,2034.155,2034.955,1587040
XAUUSD,20240207,0200,2034.955,2035.515,2033.975,2034.365,537630
XAUUSD,20240207,0300,2034.335,2035.345,2033.965,2034.305,913150
XAUUSD,20240207,0400,2034.305,2035.365,2034.015,2035.145,303620
XAUUSD,20240207,0500,2035.125,2035.395,2033.158,2033.278,696040
XAUUSD,20240207,0600,2033.278,2034.215,2032.298,2033.395,1270080
XAUUSD,20240207,0700,2033.385,2036.085,2033.155,2035.105,1229230
XAUUSD,20240207,0800,2035.115,2035.205,2031.138,2032.805,562530
XAUUSD,20240207,0900,2032.845,2034.895,2032.315,2034.275,466770
XAUUSD,20240207,1000,2034.255,2034.295,2032.595,2033.115,684280
XAUUSD,20240207,1100,2033.065,2035.705,2032.638,2034.035,438266
XAUUSD,20240207,1200,2034.035,2034.185,2030.505,2033.385,443170
XAUUSD,20240207,1300,2033.475,2036.498,2032.265,2036.008,1219750
XAUUSD,20240207,1400,2036.005,2044.465,2032.575,2042.365,2264810
XAUUSD,20240207,1500,2042.445,2043.145,2035.315,2038.235,3452830
XAUUSD,20240207,1600,2038.215,2040.835,2037.505,2038.325,1684820
XAUUSD,20240207,1700,2038.255,2038.365,2034.000,2035.525,1200610
XAUUSD,20240207,1800,2035.555,2037.195,2034.000,2034.735,1988670
XAUUSD,20240207,1900,2034.735,2035.715,2034.115,2035.495,662930
XAUUSD,20240207,2000,2035.495,2035.755,2034.335,2034.638,1462310
XAUUSD,20240207,2100,2034.635,2035.025,2033.605,2034.805,749290
XAUUSD,20240207,2300,2034.508,2036.495,2034.508,2036.395,401080
XAUUSD,20240208,0000,2036.395,2037.665,2036.265,2037.205,740970
XAUUSD,20240208,0100,2037.255,2038.055,2036.605,2037.144,906690
XAUUSD,20240208,0200,2037.134,2038.635,2035.714,2036.055,1004530
XAUUSD,20240208,0300,2036.125,2036.485,2031.675,2032.745,734220
XAUUSD,20240208,0400,2032.725,2033.975,2031.605,2032.125,257910
XAUUSD,20240208,0500,2032.045,2033.695,2031.014,2033.445,395460
XAUUSD,20240208,0600,2033.455,2034.155,2032.245,2033.205,392700
XAUUSD,20240208,0700,2033.175,2035.045,2031.515,2032.785,640830
XAUUSD,20240208,0800,2032.795,2033.208,2028.835,2030.735,686310
XAUUSD,20240208,0900,2030.725,2035.885,2029.715,2035.225,533230
XAUUSD,20240208,1000,2035.245,2038.355,2034.655,2035.995,1085380
XAUUSD,20240208,1100,2036.025,2036.185,2027.785,2028.945,1064550
XAUUSD,20240208,1200,2028.975,2029.025,2023.555,2024.865,964680
XAUUSD,20240208,1300,2024.945,2026.345,2020.825,2021.005,2087710
XAUUSD,20240208,1400,2021.005,2033.935,2020.095,2028.205,3569500
XAUUSD,20240208,1500,2028.228,2033.125,2027.518,2031.828,2957710
XAUUSD,20240208,1600,2031.795,2032.148,2027.578,2031.835,1254610
XAUUSD,20240208,1700,2031.845,2033.055,2030.245,2031.615,721280
XAUUSD,20240208,1800,2031.595,2035.175,2031.025,2031.995,1978760
XAUUSD,20240208,1900,2032.025,2033.435,2031.315,2032.515,215570
XAUUSD,20240208,2000,2032.515,2033.665,2032.485,2032.885,440120
XAUUSD,20240208,2100,2032.915,2034.468,2032.915,2033.785,270050
XAUUSD,20240208,2300,2033.878,2034.848,2033.718,2034.185,217720
XAUUSD,20240209,0000,2034.205,2034.345,2031.785,2031.975,417990
XAUUSD,20240209,0100,2031.975,2034.935,2031.975,2034.075,621150
XAUUSD,20240209,0200,2034.108,2034.978,2033.875,2034.208,550390
XAUUSD,20240209,0300,2034.214,2034.638,2032.895,2033.465,353250
XAUUSD,20240209,0400,2033.565,2033.685,2032.178,2032.655,337160
XAUUSD,20240209,0500,2032.615,2033.915,2032.038,2032.775,189840
XAUUSD,20240209,0600,2032.805,2034.365,2032.158,2033.735,350070
XAUUSD,20240209,0700,2033.728,2034.825,2032.818,2033.458,971310
XAUUSD,20240209,0800,2033.435,2033.965,2030.425,2032.325,989850
XAUUSD,20240209,0900,2032.325,2033.495,2030.945,2031.485,583440
XAUUSD,20240209,1000,2031.475,2033.035,2030.885,2032.638,593660
XAUUSD,20240209,1100,2032.638,2033.398,2031.345,2031.418,1215280
XAUUSD,20240209,1200,2031.405,2032.038,2028.475,2028.725,897080
XAUUSD,20240209,1300,2028.705,2037.058,2025.475,2026.938,4925420
XAUUSD,20240209,1400,2026.925,2030.484,2022.975,2025.105,4776615
XAUUSD,20240209,1500,2025.085,2027.115,2021.775,2022.308,1310890
XAUUSD,20240209,1600,2022.338,2023.795,2020.195,2021.535,886220
XAUUSD,20240209,1700,2021.455,2024.695,2021.185,2024.555,452020
XAUUSD,20240209,1800,2024.515,2026.245,2022.695,2023.618,534560
XAUUSD,20240209,1900,2023.585,2026.025,2023.265,2024.665,269270
XAUUSD,20240209,2000,2024.645,2026.175,2023.825,2025.035,305970
XAUUSD,20240209,2100,2025.035,2025.505,2023.795,2024.155,470900
XAUUSD,20240211,2300,2023.495,2026.708,2023.194,2025.345,702570
XAUUSD,20240212,0000,2025.375,2025.865,2024.855,2025.065,116720
XAUUSD,20240212,0100,2025.095,2026.505,2023.425,2023.455,415150
XAUUSD,20240212,0200,2023.405,2023.805,2022.155,2022.325,209520
XAUUSD,20240212,0300,2022.305,2022.975,2021.755,2022.815,240810
XAUUSD,20240212,0400,2022.765,2024.095,2022.515,2023.075,122400
XAUUSD,20240212,0500,2023.105,2023.965,2022.865,2023.755,142550
XAUUSD,20240212,0600,2023.715,2024.665,2023.455,2024.158,280540
XAUUSD,20240212,0700,2024.115,2026.338,2022.955,2025.435,1191240
XAUUSD,20240212,0800,2025.435,2027.158,2023.485,2023.605,887270
XAUUSD,20240212,0900,2023.565,2023.775,2020.308,2020.655,537130
XAUUSD,20240212,1000,2020.625,2021.128,2019.915,2020.855,796840
XAUUSD,20240212,1100,2020.885,2022.475,2020.155,2021.565,762010
XAUUSD,20240212,1200,2021.565,2022.268,2020.445,2021.325,605710
XAUUSD,20240212,1300,2021.395,2027.505,2018.465,2018.965,1686470
XAUUSD,20240212,1400,2018.985,2020.295,2013.135,2014.855,1916730
XAUUSD,20240212,1500,2014.875,2016.895,2011.985,2013.045,1077580
XAUUSD,20240212,1600,2013.125,2016.265,2011.795,2015.865,1108040
XAUUSD,20240212,1700,2015.865,2020.105,2015.575,2019.235,1242380
XAUUSD,20240212,1800,2019.235,2021.448,2017.698,2021.395,2032290
XAUUSD,20240212,1900,2021.365,2021.435,2018.535,2019.028,1535220
XAUUSD,20240212,2000,2019.025,2020.408,2018.715,2019.955,1483980
XAUUSD,20240212,2100,2020.035,2020.408,2019.305,2019.885,501810
XAUUSD,20240212,2300,2019.188,2020.095,2018.525,2018.845,175080
XAUUSD,20240213,0000,2018.785,2019.465,2018.235,2019.398,203150
XAUUSD,20240213,0100,2019.334,2021.125,2019.324,2020.235,298520
XAUUSD,20240213,0200,2020.235,2020.255,2018.818,2018.838,181780
XAUUSD,20240213,0300,2018.775,2019.005,2016.785,2018.498,274840
XAUUSD,20240213,0400,2018.475,2019.515,2018.315,2018.895,112920
XAUUSD,20240213,0500,2018.905,2021.565,2018.905,2020.675,184560
XAUUSD,20240213,0600,2020.715,2023.995,2020.635,2023.595,202070
XAUUSD,20240213,0700,2023.585,2025.705,2023.378,2025.125,759010
XAUUSD,20240213,0800,2025.165,2026.195,2024.405,2026.075,824770
XAUUSD,20240213,0900,2026.005,2026.835,2025.095,2026.595,473170
XAUUSD,20240213,1000,2026.615,2027.955,2025.985,2026.458,1067330
XAUUSD,20240213,1100,2026.458,2029.255,2026.015,2027.565,622840
XAUUSD,20240213,1200,2027.565,2028.915,2027.285,2028.175,1081050
XAUUSD,20240213,1300,2028.155,2032.845,2002.925,2004.275,3845730
XAUUSD,20240213,1400,2004.305,2005.845,1992.415,1995.615,3793635
XAUUSD,20240213,1500,1995.645,1995.845,1989.985,1992.145,1951540
XAUUSD,20240213,1600,1992.155,1997.755,1991.774,1994.815,1120240
XAUUSD,20240213,1700,1994.845,1995.935,1992.735,1993.615,659370
XAUUSD,20240213,1800,1993.615,1995.695,1993.055,1993.425,600480
XAUUSD,20240213,1900,1993.425,1993.715,1991.195,1991.705,466020
XAUUSD,20240213,2000,1991.655,1993.585,1991.165,1992.525,279410
XAUUSD,20240213,2100,1992.545,1993.468,1992.095,1992.855,495180
XAUUSD,20240213,2300,1992.398,1993.248,1990.655,1991.435,355890
XAUUSD,20240214,0000,1991.425,1993.155,1990.735,1992.555,316330
XAUUSD,20240214,0100,1992.605,1992.748,1988.735,1992.684,836980
XAUUSD,20240214,0200,1992.675,1993.515,1991.055,1992.125,514280
XAUUSD,20240214,0300,1992.125,1992.975,1991.105,1992.298,231190
XAUUSD,20240214,0400,1992.298,1992.805,1991.925,1992.285,355530
XAUUSD,20240214,0500,1992.265,1993.245,1992.075,1992.858,183540
XAUUSD,20240214,0600,1992.858,1992.858,1990.895,1992.205,231000
XAUUSD,20240214,0700,1992.215,1993.025,1989.295,1989.385,861770
XAUUSD,20240214,0800,1989.385,1990.555,1985.945,1988.355,1311190
XAUUSD,20240214,0900,1988.375,1991.505,1988.298,1991.155,1054820
XAUUSD,20240214,1000,1991.125,1993.315,1990.005,1992.805,510110
XAUUSD,20240214,1100,1992.785,1993.215,1990.575,1992.175,807600
XAUUSD,20240214,1200,1992.175,1993.175,1989.525,1990.175,414330
XAUUSD,20240214,1300,1990.195,1993.128,1988.615,1989.045,1808390
XAUUSD,20240214,1400,1989.005,1992.185,1986.115,1987.315,1410110
XAUUSD,20240214,1500,1987.405,1988.905,1984.088,1987.775,1841760
XAUUSD,20240214,1600,1987.795,1993.545,1987.395,1993.075,1818880
XAUUSD,20240214,1700,1993.055,1995.185,1990.685,1994.265,899650
XAUUSD,20240214,1800,1994.305,1996.025,1991.025,1991.605,560920
XAUUSD,20240214,1900,1991.635,1991.915,1989.705,1991.665,350930
XAUUSD,20240214,2000,1991.665,1991.755,1989.535,1991.025,975110
XAUUSD,20240214,2100,1990.945,1992.785,1990.258,1992.105,559840
XAUUSD,20240214,2300,1991.388,1993.755,1991.388,1993.645,215480
XAUUSD,20240215,0000,1993.685,1994.165,1992.485,1993.585,497460
XAUUSD,20240215,0100,1993.535,1994.195,1992.255,1992.455,368360
XAUUSD,20240215,0200,1992.435,1993.455,1992.005,1992.994,513830
XAUUSD,20240215,0300,1992.994,1993.134,1990.175,1990.735,440360
XAUUSD,20240215,0400,1990.735,1992.075,1990.385,1991.945,136010
XAUUSD,20240215,0500,1991.925,1992.865,1991.675,1991.835,214170
XAUUSD,20240215,0600,1991.835,1993.335,1991.495,1993.155,283730
XAUUSD,20240215,0700,1993.095,1994.615,1992.165,1993.785,552530
XAUUSD,20240215,0800,1993.765,1995.935,1993.465,1995.065,742710
XAUUSD,20240215,0900,1995.068,1996.695,1993.775,1996.305,472720
XAUUSD,20240215,1000,1996.268,1997.915,1995.615,1995.925,388530
XAUUSD,20240215,1100,1995.925,1998.045,1995.705,1997.445,443440
XAUUSD,20240215,1200,1997.425,1999.035,1996.325,1997.915,566280
XAUUSD,20240215,1300,1997.915,2004.065,1995.585,2003.688,3515630
XAUUSD,20240215,1400,2003.718,2008.175,2001.395,2003.645,4137510
XAUUSD,20240215,1500,2003.625,2008.025,1999.715,2000.705,2238630
XAUUSD,20240215,1600,2000.705,2001.405,1998.365,2000.085,988140
XAUUSD,20240215,1700,2000.105,2004.455,2000.005,2003.518,1131240
XAUUSD,20240215,1800,2003.515,2004.825,2002.655,2004.395,784770
XAUUSD,20240215,1900,2004.408,2006.375,2003.548,2005.035,939060
XAUUSD,20240215,2000,2005.035,2005.035,2003.445,2004.315,423790
XAUUSD,20240215,2100,2004.335,2004.625,2003.788,2004.105,216120
XAUUSD,20240215,2300,2003.598,2004.658,2003.295,2003.345,268680
XAUUSD,20240216,0000,2003.445,2003.615,2002.228,2002.428,797070
XAUUSD,20240216,0100,2002.428,2005.555,2002.278,2005.445,1229490
XAUUSD,20240216,0200,2005.435,2005.555,2003.918,2004.425,344370
XAUUSD,20240216,0300,2004.465,2004.745,2003.235,2004.178,244160
XAUUSD,20240216,0400,2004.178,2004.218,2003.158,2003.555,432940
XAUUSD,20240216,0500,2003.535,2004.675,2003.305,2004.385,224260
XAUUSD,20240216,0600,2004.395,2004.695,2002.625,2003.665,323810
XAUUSD,20240216,0700,2003.645,2006.405,2003.315,2005.095,467260
XAUUSD,20240216,0800,2005.035,2005.585,2003.755,2004.875,496830
XAUUSD,20240216,0900,2004.905,2006.345,2004.105,2004.985,842930
XAUUSD,20240216,1000,2004.975,2007.455,2004.625,2007.125,495450
XAUUSD,20240216,1100,2007.075,2007.735,2006.125,2007.235,904190
XAUUSD,20240216,1200,2007.235,2008.045,2006.365,2006.755,549390
XAUUSD,20240216,1300,2006.705,2006.895,1994.985,2001.365,3267660
XAUUSD,20240216,1400,2001.365,2003.265,1995.195,1997.884,2373770
XAUUSD,20240216,1500,1997.925,2010.915,1997.105,2007.768,3092420
XAUUSD,20240216,1600,2007.768,2010.865,2007.115,2009.125,2047300
XAUUSD,20240216,1700,2009.115,2014.298,2008.635,2013.198,1381110
XAUUSD,20240216,1800,2013.195,2015.065,2011.045,2013.775,684190
XAUUSD,20240216,1900,2013.785,2015.095,2011.655,2012.565,307760
XAUUSD,20240216,2000,2012.545,2013.005,2011.185,2011.835,401250
XAUUSD,20240216,2100,2011.855,2013.835,2011.855,2013.055,477300
XAUUSD,20240218,2300,2014.595,2016.245,2009.935,2013.695,1148770
XAUUSD,20240219,0000,2013.644,2019.995,2013.544,2018.715,1397200
XAUUSD,20240219,0100,2018.705,2020.685,2016.295,2019.735,1247360
XAUUSD,20240219,0200,2019.715,2022.785,2018.465,2022.235,688340
XAUUSD,20240219,0300,2022.235,2022.305,2019.205,2019.805,358240
XAUUSD,20240219,0400,2019.765,2019.845,2018.185,2018.985,383040
XAUUSD,20240219,0500,2018.985,2021.395,2018.475,2020.685,407760
XAUUSD,20240219,0600,2020.685,2022.525,2020.385,2021.405,456560
XAUUSD,20240219,0700,2021.355,2022.895,2019.635,2020.825,999910
XAUUSD,20240219,0800,2020.825,2021.145,2018.895,2020.075,1131690
XAUUSD,20240219,0900,2020.095,2020.635,2019.175,2019.985,1186660
XAUUSD,20240219,1000,2019.985,2020.428,2018.115,2018.835,524610
XAUUSD,20240219,1100,2018.875,2019.485,2018.185,2018.285,756120
XAUUSD,20240219,1200,2018.275,2018.985,2015.905,2016.685,627520
XAUUSD,20240219,1300,2016.665,2019.158,2016.385,2016.745,806820
XAUUSD,20240219,1400,2016.775,2017.555,2015.835,2017.165,583620
XAUUSD,20240219,1500,2017.175,2017.425,2014.675,2014.815,862940
XAUUSD,20240219,1600,2014.755,2016.535,2013.185,2016.145,347360
XAUUSD,20240219,1700,2016.165,2018.435,2015.925,2017.195,304230
XAUUSD,20240219,1800,2017.195,2018.315,2016.735,2017.555,261390
XAUUSD,20240219,1900,2017.615,2018.225,2017.585,2017.775,40670
XAUUSD,20240219,2300,2017.498,2017.855,2015.745,2016.085,329940
XAUUSD,20240220,0000,2016.115,2016.675,2014.945,2016.135,256170
XAUUSD,20240220,0100,2016.135,2019.165,2015.135,2016.915,590360
XAUUSD,20240220,0200,2016.875,2018.235,2016.735,2017.545,419680
XAUUSD,20240220,0300,2017.545,2018.655,2016.955,2018.138,345400
XAUUSD,20240220,0400,2018.138,2019.645,2018.028,2019.405,292190
XAUUSD,20240220,0500,2019.465,2019.485,2017.635,2018.405,255270
XAUUSD,20240220,0600,2018.398,2020.795,2017.675,2019.365,329920
XAUUSD,20240220,0700,2019.425,2022.775,2018.825,2021.358,823490
XAUUSD,20240220,0800,2021.315,2022.885,2020.705,2022.735,1614800
XAUUSD,20240220,0900,2022.678,2025.085,2022.435,2023.965,875510
XAUUSD,20240220,1000,2023.985,2027.535,2023.348,2025.995,959660
XAUUSD,20240220,1100,2026.015,2027.228,2025.155,2026.778,1254170
XAUUSD,20240220,1200,2026.725,2027.915,2026.165,2026.565,887370
XAUUSD,20240220,1300,2026.595,2030.695,2025.995,2029.945,2151420
XAUUSD,20240220,1400,2029.965,2030.765,2025.315,2028.058,2062580
XAUUSD,20240220,1500,2028.058,2029.945,2025.735,2027.375,1723450
XAUUSD,20240220,1600,2027.395,2028.235,2025.895,2026.805,512010
XAUUSD,20240220,1700,2026.805,2028.645,2025.535,2028.585,401850
XAUUSD,20240220,1800,2028.628,2028.785,2026.648,2027.058,638900
XAUUSD,20240220,1900,2027.024,2027.565,2024.695,2025.025,431180
XAUUSD,20240220,2000,2025.105,2025.105,2023.465,2024.225,515300
XAUUSD,20240220,2100,2024.315,2024.675,2023.455,2024.095,373520
XAUUSD,20240220,2300,2023.588,2024.885,2023.505,2024.095,319160
XAUUSD,20240221,0000,2024.155,2024.155,2022.835,2023.455,177660
XAUUSD,20240221,0100,2023.465,2026.005,2023.215,2025.275,360090
XAUUSD,20240221,0200,2025.275,2029.105,2025.275,2027.825,436700
XAUUSD,20240221,0300,2027.825,2030.805,2027.695,2030.435,287970
XAUUSD,20240221,0400,2030.435,2031.195,2029.995,2030.765,259530
XAUUSD,20240221,0500,2030.825,2032.195,2029.345,2030.895,380780
XAUUSD,20240221,0600,2030.925,2031.135,2029.078,2029.905,481780
XAUUSD,20240221,0700,2029.885,2030.555,2028.265,2028.705,852330
XAUUSD,20240221,0800,2028.695,2029.165,2026.105,2026.455,704760
XAUUSD,20240221,0900,2026.445,2028.538,2025.845,2027.948,1096460
XAUUSD,20240221,1000,2027.935,2030.075,2027.808,2029.885,817770
XAUUSD,20240221,1100,2029.915,2029.935,2027.295,2028.165,491350
XAUUSD,20240221,1200,2028.185,2029.945,2027.958,2029.355,1069330
XAUUSD,20240221,1300,2029.335,2031.475,2027.575,2028.625,1935380
XAUUSD,20240221,1400,2028.605,2030.205,2026.965,2027.425,2151390
XAUUSD,20240221,1500,2027.425,2030.168,2023.938,2024.025,1817490
XAUUSD,20240221,1600,2024.105,2025.755,2023.135,2023.855,1228450
XAUUSD,20240221,1700,2023.905,2024.445,2021.385,2024.095,610440
XAUUSD,20240221,1800,2024.205,2024.625,2021.358,2021.835,991490
XAUUSD,20240221,1900,2021.884,2026.435,2019.915,2025.915,1954690
XAUUSD,20240221,2000,2025.895,2026.895,2024.045,2024.268,751940
XAUUSD,20240221,2100,2024.265,2026.138,2023.858,2025.895,977600
XAUUSD,20240221,2300,2025.098,2026.558,2025.015,2025.658,292250
XAUUSD,20240222,0000,2025.658,2026.685,2024.975,2026.375,552170
XAUUSD,20240222,0100,2026.395,2028.485,2026.085,2026.955,620710
XAUUSD,20240222,0200,2026.925,2028.295,2026.445,2027.638,379110
XAUUSD,20240222,0300,2027.638,2028.215,2026.035,2026.205,166950
XAUUSD,20240222,0400,2026.245,2028.835,2025.448,2028.745,303890
XAUUSD,20240222,0500,2028.815,2029.915,2028.098,2028.335,532410
XAUUSD,20240222,0600,2028.355,2030.515,2028.275,2029.165,619340
XAUUSD,20240222,0700,2029.245,2031.935,2028.765,2031.345,943120
XAUUSD,20240222,0800,2031.425,2034.708,2031.198,2033.135,1951970
XAUUSD,20240222,0900,2033.155,2033.155,2028.425,2030.195,717710
XAUUSD,20240222,1000,2030.285,2031.145,2029.028,2029.345,802290
XAUUSD,20240222,1100,2029.345,2029.705,2027.155,2028.925,615500
XAUUSD,20240222,1200,2028.905,2029.795,2027.555,2028.175,841070
XAUUSD,20240222,1300,2028.195,2028.485,2022.355,2025.565,3442170
XAUUSD,20240222,1400,2025.525,2026.625,2021.825,2024.728,2967010
XAUUSD,20240222,1500,2024.758,2025.144,2020.088,2023.225,2341060
XAUUSD,20240222,1600,2023.225,2024.158,2019.725,2020.865,1850950
XAUUSD,20240222,1700,2020.885,2024.575,2020.125,2022.855,1344070
XAUUSD,20240222,1800,2022.875,2023.145,2019.555,2022.615,611820
XAUUSD,20240222,1900,2022.615,2023.575,2022.095,2022.965,405180
XAUUSD,20240222,2000,2022.975,2024.598,2022.465,2024.528,613940
XAUUSD,20240222,2100,2024.528,2024.975,2023.865,2024.514,433950
XAUUSD,20240222,2300,2023.618,2025.928,2023.618,2024.615,446000
XAUUSD,20240223,0000,2024.665,2026.075,2022.685,2024.395,377760
XAUUSD,20240223,0100,2024.394,2027.115,2024.214,2026.775,494050
XAUUSD,20240223,0200,2026.775,2027.295,2024.195,2024.255,341530
XAUUSD,20240223,0300,2024.235,2026.245,2023.955,2025.665,345390
XAUUSD,20240223,0400,2025.665,2026.445,2025.618,2025.995,91950
XAUUSD,20240223,0500,2026.035,2026.095,2022.115,2022.335,284190
XAUUSD,20240223,0600,2022.325,2022.575,2018.025,2020.805,460450
XAUUSD,20240223,0700,2020.785,2022.345,2019.505,2021.684,516380
XAUUSD,20240223,0800,2021.684,2022.545,2018.315,2019.455,719270
XAUUSD,20240223,0900,2019.445,2019.805,2015.955,2016.725,864890
XAUUSD,20240223,1000,2016.715,2023.215,2016.545,2022.825,1082890
XAUUSD,20240223,1100,2022.785,2023.895,2022.015,2023.785,908790
XAUUSD,20240223,1200,2023.785,2028.695,2023.005,2027.905,1517110
XAUUSD,20240223,1300,2027.935,2029.125,2024.355,2025.275,2138410
XAUUSD,20240223,1400,2025.275,2028.558,2024.065,2027.445,2448250
XAUUSD,20240223,1500,2027.465,2031.028,2025.605,2030.008,2977180
XAUUSD,20240223,1600,2030.015,2038.455,2030.015,2038.265,2412210
XAUUSD,20240223,1700,2038.335,2039.715,2036.265,2037.805,2374550
XAUUSD,20240223,1800,2037.905,2041.285,2037.405,2040.395,800330
XAUUSD,20240223,1900,2040.385,2040.385,2036.785,2037.245,749840
XAUUSD,20240223,2000,2037.245,2037.425,2035.605,2036.535,456520
XAUUSD,20240223,2100,2036.465,2036.515,2034.955,2035.215,475760
XAUUSD,20240225,2300,2034.295,2034.865,2032.638,2033.935,346210
XAUUSD,20240226,0000,2033.975,2033.975,2029.795,2030.235,1004030
XAUUSD,20240226,0100,2030.255,2033.955,2029.775,2031.185,1157590
XAUUSD,20240226,0200,2031.175,2031.795,2030.535,2030.805,398940
XAUUSD,20240226,0300,2030.805,2032.455,2030.585,2032.455,236220
XAUUSD,20240226,0400,2032.445,2032.825,2032.015,2032.155,309700
XAUUSD,20240226,0500,2032.095,2034.128,2032.065,2032.915,509060
XAUUSD,20240226,0600,2032.895,2033.855,2031.795,2032.595,413130
XAUUSD,20240226,0700,2032.615,2035.235,2032.275,2035.015,612850
XAUUSD,20240226,0800,2034.945,2036.965,2033.555,2033.965,1592540
XAUUSD,20240226,0900,2033.935,2034.345,2032.155,2033.025,618250
XAUUSD,20240226,1000,2033.025,2035.325,2031.595,2032.078,966800
XAUUSD,20240226,1100,2032.058,2032.925,2030.745,2030.815,1027500
XAUUSD,20240226,1200,2030.865,2034.015,2030.645,2032.775,2045300
XAUUSD,20240226,1300,2032.694,2034.328,2031.595,2032.575,1206200
XAUUSD,20240226,1400,2032.565,2032.835,2025.505,2027.405,1454676
XAUUSD,20240226,1500,2027.405,2030.045,2024.975,2029.065,1624290
XAUUSD,20240226,1600,2029.108,2029.365,2026.515,2027.685,840140
XAUUSD,20240226,1700,2027.715,2028.708,2026.475,2028.585,1078210
XAUUSD,20240226,1800,2028.505,2029.948,2028.025,2029.168,2009530
XAUUSD,20240226,1900,2029.178,2030.155,2028.475,2029.665,1342290
XAUUSD,20240226,2000,2029.635,2033.555,2029.635,2032.208,513830
XAUUSD,20240226,2100,2032.198,2032.198,2030.775,2030.885,408700
XAUUSD,20240226,2300,2030.398,2031.555,2030.398,2031.205,181000
XAUUSD,20240227,0000,2031.185,2032.425,2030.908,2031.425,373510
XAUUSD,20240227,0100,2031.445,2033.635,2031.185,2033.428,848270
XAUUSD,20240227,0200,2033.428,2034.435,2032.485,2032.578,435200
XAUUSD,20240227,0300,2032.678,2033.385,2032.198,2033.345,251980
XAUUSD,20240227,0400,2033.415,2034.495,2033.345,2033.675,417570
XAUUSD,20240227,0500,2033.685,2033.935,2032.745,2033.545,372070
XAUUSD,20240227,0600,2033.555,2034.905,2033.174,2033.354,688770
XAUUSD,20240227,0700,2033.315,2036.145,2033.155,2035.295,976940
XAUUSD,20240227,0800,2035.285,2039.375,2034.555,2038.005,907890
XAUUSD,20240227,0900,2038.025,2038.025,2035.275,2036.535,503430
XAUUSD,20240227,1000,2036.555,2036.615,2034.525,2036.365,658290
XAUUSD,20240227,1100,2036.435,2038.635,2035.465,2038.155,1491140
XAUUSD,20240227,1200,2038.175,2038.978,2037.085,2038.215,1171740
XAUUSD,20240227,1300,2038.235,2038.565,2035.135,2035.318,1823520
XAUUSD,20240227,1400,2035.315,2036.425,2033.515,2034.805,2493100
XAUUSD,20240227,1500,2034.805,2036.835,2032.885,2033.685,2064830
XAUUSD,20240227,1600,2033.695,2034.158,2031.715,2033.015,1913400
XAUUSD,20240227,1700,2033.045,2033.045,2029.665,2032.165,493650
XAUUSD,20240227,1800,2032.175,2035.965,2031.885,2032.285,1356390
XAUUSD,20240227,1900,2032.305,2032.385,2029.335,2030.185,451930
XAUUSD,20240227,2000,2030.155,2030.295,2028.725,2030.065,462650
XAUUSD,20240227,2100,2030.065,2030.505,2029.785,2029.964,102600
XAUUSD,20240227,2300,2029.698,2030.755,2029.558,2030.025,494890
XAUUSD,20240228,0000,2030.075,2031.175,2029.075,2030.725,313360
XAUUSD,20240228,0100,2030.725,2033.625,2029.645,2033.365,447140
XAUUSD,20240228,0200,2033.325,2033.535,2030.455,2030.955,625890
XAUUSD,20240228,0300,2030.955,2031.745,2029.755,2030.835,270980
XAUUSD,20240228,0400,2030.855,2031.085,2029.725,2030.118,267880
XAUUSD,20240228,0500,2030.064,2030.955,2029.878,2030.848,409690
XAUUSD,20240228,0600,2030.815,2031.965,2028.525,2029.255,403900
XAUUSD,20240228,0700,2029.205,2029.295,2027.725,2027.985,695330
XAUUSD,20240228,0800,2027.965,2029.165,2026.575,2026.695,1410150
XAUUSD,20240228,0900,2026.655,2027.295,2024.765,2024.825,581990
XAUUSD,20240228,1000,2024.825,2027.535,2024.355,2027.285,699860
XAUUSD,20240228,1100,2027.205,2027.815,2026.665,2027.135,420080
XAUUSD,20240228,1200,2027.108,2030.345,2026.775,2029.475,884140
XAUUSD,20240228,1300,2029.478,2036.095,2028.958,2035.685,3356160
XAUUSD,20240228,1400,2035.705,2037.805,2031.005,2031.695,1756163
XAUUSD,20240228,1500,2031.695,2033.978,2030.345,2031.735,1708230
XAUUSD,20240228,1600,2031.735,2034.015,2031.655,2033.505,959120
XAUUSD,20240228,1700,2033.525,2035.478,2032.195,2033.725,679460
XAUUSD,20240228,1800,2033.805,2034.735,2031.378,2031.465,560560
XAUUSD,20240228,1900,2031.465,2032.285,2030.738,2032.075,406240
XAUUSD,20240228,2000,2032.075,2034.105,2032.035,2033.658,564070
XAUUSD,20240228,2100,2033.645,2035.215,2032.975,2034.085,294700
XAUUSD,20240228,2300,2034.228,2035.274,2033.745,2034.518,257930
XAUUSD,20240229,0000,2034.575,2035.505,2033.855,2034.095,424950
XAUUSD,20240229,0100,2034.095,2036.465,2034.095,2036.395,804640
XAUUSD,20240229,0200,2036.395,2037.015,2035.335,2036.465,572140
XAUUSD,20240229,0300,2036.485,2036.685,2035.135,2036.458,195830
XAUUSD,20240229,0400,2036.448,2036.458,2035.015,2035.048,387330
XAUUSD,20240229,0500,2035.085,2035.885,2034.355,2035.565,314730
XAUUSD,20240229,0600,2035.565,2036.955,2035.405,2036.765,416670
XAUUSD,20240229,0700,2036.695,2037.735,2035.865,2037.205,1075220
XAUUSD,20240229,0800,2037.225,2037.385,2035.455,2037.135,731940
XAUUSD,20240229,0900,2037.255,2037.385,2033.925,2034.485,672420
XAUUSD,20240229,1000,2034.505,2034.725,2030.405,2030.685,1020210
XAUUSD,20240229,1100,2030.655,2031.725,2028.755,2030.235,588620
XAUUSD,20240229,1200,2030.235,2030.525,2028.015,2030.155,1260940
XAUUSD,20240229,1300,2030.165,2048.608,2030.095,2047.535,3808330
XAUUSD,20240229,1400,2047.555,2050.258,2045.805,2047.595,2774730
XAUUSD,20240229,1500,2047.925,2050.605,2046.385,2047.995,2373520
XAUUSD,20240229,1600,2047.995,2048.235,2043.655,2044.835,2264860
XAUUSD,20240229,1700,2044.804,2045.878,2043.138,2045.578,1070850
XAUUSD,20240229,1800,2045.578,2046.658,2044.955,2046.215,929890
XAUUSD,20240229,1900,2046.215,2046.785,2043.858,2044.395,530740
XAUUSD,20240229,2000,2044.335,2045.355,2043.625,2043.935,469590
XAUUSD,20240229,2100,2043.995,2044.145,2042.775,2043.855,179100
XAUUSD,20240229,2300,2043.168,2044.235,2042.935,2044.185,260840
XAUUSD,20240301,0000,2044.165,2044.215,2042.765,2043.594,648560
XAUUSD,20240301,0100,2043.594,2044.615,2042.955,2044.265,415860
XAUUSD,20240301,0200,2044.265,2045.734,2043.995,2045.258,443780
XAUUSD,20240301,0300,2045.284,2046.755,2045.148,2046.445,364640
XAUUSD,20240301,0400,2046.415,2046.455,2045.175,2045.425,175090
XAUUSD,20240301,0500,2045.505,2045.595,2043.315,2044.975,228420
XAUUSD,20240301,0600,2044.995,2047.995,2044.805,2046.618,539650
XAUUSD,20240301,0700,2046.618,2048.745,2045.175,2045.345,879200
XAUUSD,20240301,0800,2045.365,2045.595,2038.915,2039.745,1160180
XAUUSD,20240301,0900,2039.725,2047.478,2039.365,2046.268,1332970
XAUUSD,20240301,1000,2046.265,2055.015,2045.775,2054.735,1819290
XAUUSD,20240301,1100,2054.775,2057.395,2053.765,2055.295,1228130
XAUUSD,20240301,1200,2055.295,2056.965,2052.095,2052.275,870560
XAUUSD,20240301,1300,2052.258,2054.428,2049.975,2051.495,2842020
XAUUSD,20240301,1400,2051.515,2056.525,2045.495,2046.215,1914370
XAUUSD,20240301,1500,2046.275,2070.828,2046.215,2069.078,5692840
XAUUSD,20240301,1600,2069.064,2081.865,2069.064,2081.045,4023370
XAUUSD,20240301,1700,2080.875,2085.605,2079.925,2084.725,2354900
XAUUSD,20240301,1800,2084.715,2088.215,2082.105,2085.595,2374470
XAUUSD,20240301,1900,2085.615,2086.615,2084.598,2085.148,1678960
XAUUSD,20240301,2000,2085.125,2085.198,2082.955,2083.375,863400
XAUUSD,20240301,2100,2083.375,2083.898,2082.345,2082.395,441430
XAUUSD,20240303,2300,2081.835,2086.145,2081.835,2083.445,704450
XAUUSD,20240304,0000,2083.445,2084.305,2082.125,2082.535,485910
XAUUSD,20240304,0100,2082.635,2082.835,2079.308,2080.105,972190
XAUUSD,20240304,0200,2080.098,2083.365,2079.734,2081.398,1177520
XAUUSD,20240304,0300,2081.368,2081.895,2080.215,2081.375,433290
XAUUSD,20240304,0400,2081.375,2081.515,2080.174,2080.715,190930
XAUUSD,20240304,0500,2080.635,2082.205,2080.395,2081.384,315030
XAUUSD,20240304,0600,2081.375,2083.765,2080.948,2083.378,1161970
XAUUSD,20240304,0700,2083.428,2088.195,2083.428,2087.335,991120
XAUUSD,20240304,0800,2087.295,2087.435,2083.375,2083.765,1284730
XAUUSD,20240304,0900,2083.785,2086.065,2083.085,2085.095,804150
XAUUSD,20240304,1000,2085.075,2085.695,2082.545,2083.825,955440
XAUUSD,20240304,1100,2083.865,2084.505,2081.795,2082.025,1009520
XAUUSD,20240304,1200,2082.055,2083.345,2081.755,2082.465,681910
XAUUSD,20240304,1300,2082.465,2093.035,2081.018,2091.475,2721730
XAUUSD,20240304,1400,2091.565,2101.305,2090.375,2100.705,5357230
XAUUSD,20240304,1500,2100.635,2109.285,2097.495,2108.925,2517520
XAUUSD,20240304,1600,2108.915,2119.805,2107.604,2119.178,5737120
XAUUSD,20240304,1700,2119.165,2119.648,2113.848,2116.365,3428600
XAUUSD,20240304,1800,2116.345,2117.935,2113.448,2115.238,2087560
XAUUSD,20240304,1900,2115.215,2117.215,2113.208,2116.205,1127790
XAUUSD,20240304,2000,2116.265,2118.495,2115.238,2116.585,982500
XAUUSD,20240304,2100,2116.555,2117.205,2114.035,2114.295,332120
XAUUSD,20240304,2300,2114.448,2115.745,2113.295,2114.475,245090
XAUUSD,20240305,0000,2114.455,2115.775,2114.028,2115.395,426250
XAUUSD,20240305,0100,2115.345,2116.725,2110.375,2112.494,770610
XAUUSD,20240305,0200,2112.485,2113.245,2111.278,2112.225,564460
XAUUSD,20240305,0300,2112.225,2113.895,2111.145,2112.875,370410
XAUUSD,20240305,0400,2112.875,2115.838,2112.565,2115.815,417200
XAUUSD,20240305,0500,2115.765,2119.645,2115.265,2119.215,933330
XAUUSD,20240305,0600,2119.215,2119.485,2115.084,2117.245,1040750
XAUUSD,20240305,0700,2117.255,2117.695,2113.845,2114.325,1832510
XAUUSD,20240305,0800,2114.435,2123.275,2114.355,2120.575,1825550
XAUUSD,20240305,0900,2120.645,2125.205,2118.925,2124.395,1488540
XAUUSD,20240305,1000,2124.455,2127.235,2123.245,2123.595,1046720
XAUUSD,20240305,1100,2123.605,2127.085,2122.555,2124.385,1528460
XAUUSD,20240305,1200,2124.445,2125.175,2121.105,2124.278,974020
XAUUSD,20240305,1300,2124.295,2141.748,2122.265,2127.645,5100470
XAUUSD,20240305,1400,2127.785,2133.108,2124.165,2128.034,4801620
XAUUSD,20240305,1500,2128.085,2139.388,2123.615,2126.565,4424450
XAUUSD,20240305,1600,2126.555,2128.625,2123.565,2128.225,2132510
XAUUSD,20240305,1700,2128.258,2130.895,2127.425,2130.775,2320830
XAUUSD,20240305,1800,2130.855,2133.475,2129.478,2130.578,2424480
XAUUSD,20240305,1900,2130.628,2134.655,2129.458,2129.488,2686040
XAUUSD,20240305,2000,2129.475,2130.845,2128.395,2129.528,1126750
XAUUSD,20240305,2100,2129.528,2129.958,2126.958,2127.755,405980
XAUUSD,20240305,2300,2127.188,2128.355,2126.798,2127.945,191900
XAUUSD,20240306,0000,2127.945,2127.995,2126.035,2126.805,476820
XAUUSD,20240306,0100,2126.805,2127.918,2124.978,2125.374,784600
XAUUSD,20240306,0200,2125.365,2126.745,2123.765,2126.305,647940
XAUUSD,20240306,0300,2126.305,2126.525,2123.615,2124.695,340660
XAUUSD,20240306,0400,2124.695,2126.228,2124.695,2126.115,232850
XAUUSD,20240306,0500,2126.085,2127.858,2125.115,2125.225,426410
XAUUSD,20240306,0600,2125.265,2127.485,2124.905,2127.225,695640
XAUUSD,20240306,0700,2127.205,2131.445,2127.005,2128.335,856570
XAUUSD,20240306,0800,2128.345,2129.125,2124.255,2124.975,1617860
XAUUSD,20240306,0900,2124.975,2129.715,2124.645,2128.515,1012460
XAUUSD,20240306,1000,2128.528,2128.568,2124.575,2125.535,1310390
XAUUSD,20240306,1100,2125.545,2132.505,2125.505,2132.415,1210540
XAUUSD,20240306,1200,2132.435,2134.958,2130.925,2134.125,1329530
XAUUSD,20240306,1300,2134.105,2139.575,2131.345,2139.305,4299650
XAUUSD,20240306,1400,2139.315,2149.115,2135.555,2144.685,5422410
XAUUSD,20240306,1500,2144.545,2145.448,2131.818,2140.875,4580930
XAUUSD,20240306,1600,2140.885,2149.755,2140.375,2148.078,4657080
XAUUSD,20240306,1700,2148.078,2149.908,2141.835,2144.665,3056120
XAUUSD,20240306,1800,2144.678,2152.085,2143.915,2147.065,3839390
XAUUSD,20240306,1900,2147.065,2147.365,2139.345,2144.295,3829000
XAUUSD,20240306,2000,2144.265,2147.148,2143.095,2146.615,810830
XAUUSD,20240306,2100,2146.555,2149.208,2144.445,2147.975,549980
XAUUSD,20240306,2300,2147.948,2151.135,2146.068,2147.275,588600
XAUUSD,20240307,0000,2147.205,2149.565,2147.205,2148.815,487960
XAUUSD,20240307,0100,2148.855,2148.915,2144.048,2146.108,2025370
XAUUSD,20240307,0200,2146.108,2152.035,2145.574,2150.665,932690
XAUUSD,20240307,0300,2150.625,2152.328,2149.595,2151.665,523320
XAUUSD,20240307,0400,2151.635,2161.435,2151.615,2158.115,2512830
XAUUSD,20240307,0500,2158.125,2158.615,2154.345,2154.405,1860900
XAUUSD,20240307,0600,2154.355,2156.425,2151.435,2155.315,1419240
XAUUSD,20240307,0700,2155.325,2158.185,2152.145,2155.905,1369540
XAUUSD,20240307,0800,2155.915,2159.735,2154.355,2155.225,1848610
XAUUSD,20240307,0900,2155.225,2157.725,2154.208,2157.585,1110160
XAUUSD,20240307,1000,2157.665,2158.845,2156.008,2157.515,1308040
XAUUSD,20240307,1100,2157.605,2157.615,2153.128,2155.965,1026550
XAUUSD,20240307,1200,2155.878,2158.675,2153.825,2158.295,806790
XAUUSD,20240307,1300,2158.295,2164.635,2157.265,2159.435,5079090
XAUUSD,20240307,1400,2159.485,2159.705,2147.825,2153.965,6493760
XAUUSD,20240307,1500,2153.895,2157.585,2151.595,2153.595,3036840
XAUUSD,20240307,1600,2153.605,2158.455,2149.175,2156.095,2469630
XAUUSD,20240307,1700,2156.115,2158.715,2155.185,2158.155,2265580
XAUUSD,20240307,1800,2158.185,2159.155,2155.938,2156.965,1174530
XAUUSD,20240307,1900,2157.045,2160.785,2156.045,2159.905,611630
XAUUSD,20240307,2000,2159.945,2160.395,2157.895,2158.535,541470
XAUUSD,20240307,2100,2158.575,2160.105,2158.275,2159.715,190520
XAUUSD,20240307,2300,2159.098,2162.485,2158.688,2161.865,557730
XAUUSD,20240308,0000,2161.865,2163.475,2159.635,2160.775,591640
XAUUSD,20240308,0100,2160.795,2161.675,2157.605,2157.715,527070
XAUUSD,20240308,0200,2157.705,2158.315,2154.885,2155.255,664410
XAUUSD,20240308,0300,2155.375,2158.645,2153.895,2157.555,316700
XAUUSD,20240308,0400,2157.515,2159.175,2156.258,2157.625,483370
XAUUSD,20240308,0500,2157.665,2158.315,2156.385,2157.675,360160
XAUUSD,20240308,0600,2157.675,2161.925,2156.425,2161.125,507150
XAUUSD,20240308,0700,2161.115,2161.795,2158.928,2161.255,1845750
XAUUSD,20240308,0800,2161.235,2168.615,2161.015,2165.085,2197060
XAUUSD,20240308,0900,2165.125,2170.995,2164.525,2168.978,2580270
XAUUSD,20240308,1000,2168.955,2170.445,2166.458,2168.368,1605280
XAUUSD,20240308,1100,2168.345,2169.528,2166.158,2168.158,1905650
XAUUSD,20240308,1200,2168.165,2169.165,2165.905,2165.905,1734630
XAUUSD,20240308,1300,2165.905,2185.305,2155.778,2171.065,7322480
XAUUSD,20240308,1400,2171.045,2174.625,2163.705,2170.715,6701430
XAUUSD,20240308,1500,2170.715,2177.245,2167.795,2177.115,3969260
XAUUSD,20240308,1600,2177.105,2180.755,2172.135,2180.575,3772850
XAUUSD,20240308,1700,2180.585,2195.085,2180.555,2184.895,5357360
XAUUSD,20240308,1800,2184.785,2184.895,2173.775,2174.265,1667020
XAUUSD,20240308,1900,2174.305,2177.775,2168.215,2176.245,1486520
XAUUSD,20240308,2000,2176.305,2178.048,2175.615,2177.185,713200
XAUUSD,20240308,2100,2177.114,2179.155,2176.755,2178.965,607720
XAUUSD,20240310,2200,2179.015,2181.425,2177.005,2177.005,322150
XAUUSD,20240310,2300,2177.024,2183.735,2177.024,2181.545,649840
XAUUSD,20240311,0000,2181.585,2188.925,2179.305,2186.595,1230560
XAUUSD,20240311,0100,2186.605,2186.685,2178.865,2180.145,1801310
XAUUSD,20240311,0200,2180.185,2180.285,2176.755,2177.355,748900
XAUUSD,20240311,0300,2177.345,2180.265,2176.925,2179.374,621470
XAUUSD,20240311,0400,2179.365,2181.355,2179.365,2180.585,405840
XAUUSD,20240311,0500,2180.615,2181.555,2176.765,2177.905,820070
XAUUSD,20240311,0600,2177.995,2179.915,2177.215,2179.375,1005770
XAUUSD,20240311,0700,2179.385,2182.635,2177.895,2182.215,1154240
XAUUSD,20240311,0800,2182.195,2182.958,2176.625,2177.335,1689510
XAUUSD,20240311,0900,2177.325,2181.445,2175.785,2180.435,1379270
XAUUSD,20240311,1000,2180.415,2180.675,2176.775,2177.575,932610
XAUUSD,20240311,1100,2177.565,2179.435,2176.325,2178.835,1395090
XAUUSD,20240311,1200,2178.835,2180.535,2176.295,2177.035,1836420
XAUUSD,20240311,1300,2177.015,2184.985,2174.695,2181.595,2586770
XAUUSD,20240311,1400,2181.608,2183.145,2175.485,2181.815,4205670
XAUUSD,20240311,1500,2181.805,2185.595,2179.908,2184.215,2678520
XAUUSD,20240311,1600,2184.155,2184.548,2178.455,2180.715,1455900
XAUUSD,20240311,1700,2180.755,2184.035,2178.135,2179.545,891480
XAUUSD,20240311,1800,2179.655,2180.835,2177.045,2180.708,572670
XAUUSD,20240311,1900,2180.705,2184.048,2180.528,2181.275,1645960
XAUUSD,20240311,2000,2181.214,2182.845,2180.965,2182.085,229550
XAUUSD,20240311,2200,2182.008,2184.625,2180.635,2181.195,347970
XAUUSD,20240311,2300,2181.115,2183.645,2181.028,2183.555,532740
XAUUSD,20240312,0000,2183.555,2184.425,2180.165,2180.335,568260
XAUUSD,20240312,0100,2180.345,2183.005,2179.894,2182.615,645840
XAUUSD,20240312,0200,2182.625,2182.725,2178.525,2179.015,874260
XAUUSD,20240312,0300,2178.975,2178.995,2176.695,2177.385,326210
XAUUSD,20240312,0400,2177.345,2179.145,2177.145,2178.085,159360
XAUUSD,20240312,0500,2178.095,2179.075,2174.125,2176.055,355110
XAUUSD,20240312,0600,2176.095,2177.105,2173.485,2175.285,743560
XAUUSD,20240312,0700,2175.265,2177.365,2174.705,2176.925,862350
XAUUSD,20240312,0800,2176.885,2178.455,2175.865,2177.715,522620
XAUUSD,20240312,0900,2177.745,2178.955,2176.295,2176.925,1178730
XAUUSD,20240312,1000,2176.925,2177.555,2175.285,2176.395,924810
XAUUSD,20240312,1100,2176.425,2176.465,2170.515,2171.825,1578880
XAUUSD,20240312,1200,2171.815,2181.868,2160.908,2169.675,6360460
XAUUSD,20240312,1300,2169.655,2169.795,2156.055,2160.295,8284280
XAUUSD,20240312,1400,2160.325,2166.275,2152.545,2161.955,6084150
XAUUSD,20240312,1500,2161.945,2164.845,2157.455,2162.878,1890580
XAUUSD,20240312,1600,2162.878,2166.408,2161.378,2165.655,2266930
XAUUSD,20240312,1700,2165.648,2165.648,2154.695,2155.000,1993358
XAUUSD,20240312,1800,2155.000,2156.495,2152.865,2153.455,812708
XAUUSD,20240312,1900,2153.445,2157.325,2150.455,2157.285,679510
XAUUSD,20240312,2000,2157.275,2158.885,2156.085,2158.045,240810
XAUUSD,20240312,2200,2157.538,2161.335,2155.974,2158.655,620990
XAUUSD,20240312,2300,2158.655,2159.095,2155.665,2156.885,521020
XAUUSD,20240313,0000,2156.905,2160.395,2156.555,2159.215,402870
XAUUSD,20240313,0100,2159.235,2159.475,2157.295,2158.525,617250
XAUUSD,20240313,0200,2158.495,2161.495,2157.335,2160.325,505470
XAUUSD,20240313,0300,2160.345,2160.615,2157.365,2159.045,392370
XAUUSD,20240313,0400,2159.005,2159.595,2157.198,2159.255,250860
XAUUSD,20240313,0500,2159.215,2160.495,2158.548,2159.935,1039870
XAUUSD,20240313,0600,2159.935,2161.408,2158.345,2159.355,615290
XAUUSD,20240313,0700,2159.345,2160.735,2158.415,2159.615,2748440
XAUUSD,20240313,0800,2159.635,2160.995,2157.835,2158.115,1934610
XAUUSD,20240313,0900,2158.105,2160.125,2157.395,2158.465,1118740
XAUUSD,20240313,1000,2158.475,2163.575,2157.985,2163.285,1070310
XAUUSD,20240313,1100,2163.375,2164.065,2161.405,2163.895,1094470
XAUUSD,20240313,1200,2163.935,2166.185,2162.048,2163.408,2289010
XAUUSD,20240313,1300,2163.405,2171.455,2161.345,2165.915,4901720
XAUUSD,20240313,1400,2165.915,2169.705,2163.398,2168.755,8121080
XAUUSD,20240313,1500,2168.745,2174.468,2168.075,2171.635,6193020
XAUUSD,20240313,1600,2171.635,2174.575,2169.455,2173.585,2977900
XAUUSD,20240313,1700,2173.585,2179.745,2173.145,2174.415,2595470
XAUUSD,20240313,1800,2174.435,2176.445,2174.185,2174.765,624600
XAUUSD,20240313,1900,2174.765,2175.435,2171.665,2172.485,604730
XAUUSD,20240313,2000,2172.535,2175.115,2172.275,2174.065,680260
XAUUSD,20240313,2200,2173.568,2175.355,2173.485,2174.505,183130
XAUUSD,20240313,2300,2174.505,2176.085,2174.464,2175.345,412390
XAUUSD,20240314,0000,2175.315,2176.495,2173.895,2176.195,534520
XAUUSD,20240314,0100,2176.255,2176.848,2173.155,2174.675,702170
XAUUSD,20240314,0200,2174.665,2175.385,2172.515,2172.655,405480
XAUUSD,20240314,0300,2172.625,2173.995,2171.065,2172.165,380760
XAUUSD,20240314,0400,2172.175,2172.385,2170.915,2171.635,267510
XAUUSD,20240314,0500,2171.595,2171.845,2168.585,2168.765,657980
XAUUSD,20240314,0600,2168.835,2170.115,2167.325,2168.645,1111590
XAUUSD,20240314,0700,2168.645,2169.005,2167.398,2168.575,1870110
XAUUSD,20240314,0800,2168.545,2169.975,2168.045,2169.465,2076550
XAUUSD,20240314,0900,2169.475,2171.935,2167.825,2169.955,1535100
XAUUSD,20240314,1000,2169.975,2170.785,2167.875,2170.505,529020
XAUUSD,20240314,1100,2170.475,2170.745,2167.065,2168.375,796330
XAUUSD,20240314,1200,2168.385,2170.268,2160.345,2162.675,4057680
XAUUSD,20240314,1300,2162.655,2167.145,2158.465,2162.425,4162820
XAUUSD,20240314,1400,2162.334,2163.715,2157.595,2161.895,2417510
XAUUSD,20240314,1500,2161.855,2162.135,2152.665,2157.095,3970240
XAUUSD,20240314,1600,2157.095,2160.205,2156.575,2158.548,2072790
XAUUSD,20240314,1700,2158.544,2164.905,2157.928,2160.155,1819840
XAUUSD,20240314,1800,2160.155,2162.275,2160.155,2161.365,588390
XAUUSD,20240314,1900,2161.365,2163.368,2160.575,2163.345,693040
XAUUSD,20240314,2000,2163.435,2163.798,2161.608,2161.765,351450
XAUUSD,20240314,2200,2161.338,2162.314,2161.308,2161.308,124350
XAUUSD,20240314,2300,2161.308,2162.035,2160.755,2161.555,193940
XAUUSD,20240315,0000,2161.595,2163.035,2160.485,2162.575,354510
XAUUSD,20240315,0100,2162.575,2165.875,2162.265,2162.605,541520
XAUUSD,20240315,0200,2162.605,2162.885,2161.575,2162.305,359490
XAUUSD,20240315,0300,2162.305,2164.735,2161.725,2164.478,501060
XAUUSD,20240315,0400,2164.478,2165.355,2163.765,2164.365,325200
XAUUSD,20240315,0500,2164.435,2169.165,2163.485,2169.065,704010
XAUUSD,20240315,0600,2169.125,2169.975,2167.105,2168.798,875810
XAUUSD,20240315,0700,2168.798,2169.875,2166.605,2166.925,1026600
XAUUSD,20240315,0800,2166.965,2169.288,2165.205,2168.895,1811530
XAUUSD,20240315,0900,2168.925,2172.615,2167.385,2171.745,1361330
XAUUSD,20240315,1000,2171.768,2172.545,2168.575,2169.185,1165110
XAUUSD,20240315,1100,2169.215,2169.225,2166.095,2166.905,780020
XAUUSD,20240315,1200,2166.895,2167.265,2157.475,2161.705,2139690
XAUUSD,20240315,1300,2161.695,2163.275,2156.435,2160.095,2069590
XAUUSD,20240315,1400,2160.095,2166.615,2159.095,2164.175,3911790
XAUUSD,20240315,1500,2164.155,2164.215,2158.055,2159.925,1307760
XAUUSD,20240315,1600,2159.885,2163.375,2157.815,2158.685,1900530
XAUUSD,20240315,1700,2158.715,2160.495,2155.115,2156.685,904860
XAUUSD,20240315,1800,2156.725,2160.205,2156.455,2159.215,531090
XAUUSD,20240315,1900,2159.215,2159.325,2156.265,2156.795,1122810
XAUUSD,20240315,2000,2157.045,2158.215,2155.325,2155.625,285260
XAUUSD,20240317,2200,2155.395,2155.985,2151.435,2154.815,411560
XAUUSD,20240317,2300,2154.724,2156.768,2153.785,2156.428,947160
XAUUSD,20240318,0000,2156.428,2157.435,2154.895,2156.515,693180
XAUUSD,20240318,0100,2156.505,2156.535,2150.115,2152.175,755410
XAUUSD,20240318,0200,2152.195,2153.395,2146.445,2147.845,656810
XAUUSD,20240318,0300,2147.795,2148.015,2145.985,2146.675,389300
XAUUSD,20240318,0400,2146.655,2148.195,2146.035,2147.255,296050
XAUUSD,20240318,0500,2147.195,2148.235,2145.985,2146.985,512390
XAUUSD,20240318,0600,2147.005,2149.055,2146.665,2148.015,740290
XAUUSD,20240318,0700,2147.975,2152.095,2147.245,2152.045,586560
XAUUSD,20240318,0800,2152.065,2154.385,2150.055,2153.378,1112820
XAUUSD,20240318,0900,2153.378,2155.748,2153.208,2154.775,1293990
XAUUSD,20240318,1000,2154.785,2158.345,2154.585,2158.085,1357020
XAUUSD,20240318,1100,2158.065,2161.195,2158.065,2160.975,1248940
XAUUSD,20240318,1200,2160.995,2163.455,2158.145,2158.985,3145190
XAUUSD,20240318,1300,2158.955,2160.935,2155.465,2156.675,5046700
XAUUSD,20240318,1400,2156.655,2160.685,2156.585,2158.355,2719960
XAUUSD,20240318,1500,2158.375,2161.178,2156.925,2158.228,3333630
XAUUSD,20240318,1600,2158.235,2160.625,2154.465,2159.805,3047420
XAUUSD,20240318,1700,2159.815,2161.048,2158.015,2159.905,1293700
XAUUSD,20240318,1800,2159.825,2160.605,2159.055,2159.275,836060
XAUUSD,20240318,1900,2159.285,2160.885,2159.275,2160.085,1166330
XAUUSD,20240318,2000,2160.085,2160.265,2159.278,2159.995,556050
XAUUSD,20240318,2200,2159.698,2162.465,2159.698,2161.038,305560
XAUUSD,20240318,2300,2160.985,2162.135,2160.355,2162.035,166070
XAUUSD,20240319,0000,2162.085,2162.745,2160.448,2160.545,688690
XAUUSD,20240319,0100,2160.545,2162.105,2158.485,2160.328,698180
XAUUSD,20240319,0200,2160.358,2162.675,2159.878,2160.695,716660
XAUUSD,20240319,0300,2160.655,2162.285,2159.715,2161.445,588200
XAUUSD,20240319,0400,2161.425,2162.055,2159.515,2160.165,420440
XAUUSD,20240319,0500,2160.165,2160.375,2156.955,2157.505,577080
XAUUSD,20240319,0600,2157.495,2157.665,2153.925,2156.628,1422040
XAUUSD,20240319,0700,2156.628,2157.115,2154.065,2155.648,1669140
XAUUSD,20240319,0800,2155.655,2155.825,2147.045,2153.015,1871720
XAUUSD,20240319,0900,2153.055,2154.475,2151.535,2153.065,1355590
XAUUSD,20240319,1000,2153.065,2156.265,2152.335,2154.025,1164200
XAUUSD,20240319,1100,2153.985,2156.625,2153.635,2155.475,1057590
XAUUSD,20240319,1200,2155.475,2158.535,2150.645,2156.865,2247230
XAUUSD,20240319,1300,2156.845,2158.615,2150.265,2151.125,1395580
XAUUSD,20240319,1400,2151.175,2155.315,2148.285,2154.765,1426830
XAUUSD,20240319,1500,2154.758,2155.558,2150.625,2154.205,3233770
XAUUSD,20240319,1600,2154.245,2155.925,2153.038,2154.425,1711880
XAUUSD,20240319,1700,2154.445,2157.255,2154.245,2156.795,1973100
XAUUSD,20240319,1800,2156.845,2157.625,2155.395,2156.715,599310
XAUUSD,20240319,1900,2156.755,2157.865,2156.165,2157.675,465570
XAUUSD,20240319,2000,2157.695,2158.355,2156.995,2156.995,649360
XAUUSD,20240319,2200,2157.298,2159.565,2157.188,2158.578,187210
XAUUSD,20240319,2300,2158.544,2158.585,2156.858,2156.965,403640
XAUUSD,20240320,0000,2156.985,2157.375,2155.125,2157.075,261970
XAUUSD,20240320,0100,2157.105,2159.925,2156.535,2158.605,696640
XAUUSD,20240320,0200,2158.595,2159.625,2157.105,2158.905,340530
XAUUSD,20240320,0300,2158.815,2159.765,2158.325,2159.765,188070
XAUUSD,20240320,0400,2159.845,2160.135,2156.785,2156.785,311310
XAUUSD,20240320,0500,2156.795,2158.215,2156.505,2157.365,295110
XAUUSD,20240320,0600,2157.335,2158.115,2156.365,2156.955,489520
XAUUSD,20240320,0700,2156.925,2159.378,2156.825,2158.125,1335150
XAUUSD,20240320,0800,2158.045,2158.275,2154.375,2156.085,612180
XAUUSD,20240320,0900,2156.085,2156.105,2152.995,2154.615,580920
XAUUSD,20240320,1000,2154.535,2154.835,2152.255,2154.245,950980
XAUUSD,20240320,1100,2154.235,2154.965,2152.215,2153.865,810900
XAUUSD,20240320,1200,2153.885,2155.165,2149.475,2153.105,1347150
XAUUSD,20240320,1300,2153.155,2158.535,2150.385,2157.815,2281080
XAUUSD,20240320,1400,2157.765,2164.755,2155.535,2156.935,2775840
XAUUSD,20240320,1500,2156.904,2158.565,2154.565,2155.735,954910
XAUUSD,20240320,1600,2155.748,2158.605,2155.485,2157.585,1063540
XAUUSD,20240320,1700,2157.605,2159.615,2156.485,2157.165,1129440
XAUUSD,20240320,1800,2156.995,2183.625,2156.915,2181.865,6169940
XAUUSD,20240320,1900,2181.908,2188.735,2178.285,2182.675,4226020
XAUUSD,20240320,2000,2182.785,2187.095,2182.725,2185.855,1337650
XAUUSD,20240320,2200,2186.255,2222.875,2186.185,2200.795,2104380
XAUUSD,20240320,2300,2200.765,2206.265,2196.308,2203.855,1345960
XAUUSD,20240321,0000,2203.875,2203.905,2192.365,2198.865,1823536
XAUUSD,20240321,0100,2198.825,2212.275,2197.865,2204.695,3610860
XAUUSD,20240321,0200,2204.665,2206.275,2202.498,2203.355,977580
XAUUSD,20240321,0300,2203.355,2204.915,2201.608,2202.695,649130
XAUUSD,20240321,0400,2202.775,2204.005,2201.715,2203.185,655350
XAUUSD,20240321,0500,2203.205,2205.115,2201.755,2204.835,446380
XAUUSD,20240321,0600,2204.765,2209.445,2204.245,2207.075,1574860
XAUUSD,20240321,0700,2207.075,2210.095,2206.305,2206.415,1746530
XAUUSD,20240321,0800,2206.415,2206.535,2196.735,2201.455,3028950
XAUUSD,20240321,0900,2201.515,2205.945,2199.795,2205.345,2429240
XAUUSD,20240321,1000,2205.345,2211.685,2205.155,2207.595,1990030
XAUUSD,20240321,1100,2207.605,2208.745,2205.275,2207.375,1212650
XAUUSD,20240321,1200,2207.385,2208.735,2203.135,2207.595,2563590
XAUUSD,20240321,1300,2207.615,2208.035,2191.535,2191.785,3789400
XAUUSD,20240321,1400,2191.785,2191.855,2175.525,2176.555,4804471
XAUUSD,20240321,1500,2176.555,2176.755,2166.264,2174.555,2952880
XAUUSD,20240321,1600,2174.565,2180.255,2172.905,2179.815,1713830
XAUUSD,20240321,1700,2179.815,2183.725,2178.425,2180.775,1939760
XAUUSD,20240321,1800,2180.945,2183.875,2180.415,2182.795,620160
XAUUSD,20240321,1900,2182.785,2183.575,2180.208,2181.348,847760
XAUUSD,20240321,2000,2181.375,2182.375,2180.465,2180.815,316390
XAUUSD,20240321,2200,2181.285,2182.545,2180.865,2181.025,128040
XAUUSD,20240321,2300,2181.025,2181.775,2180.698,2181.735,431010
XAUUSD,20240322,0000,2181.735,2185.965,2180.975,2184.895,561590
XAUUSD,20240322,0100,2184.885,2185.805,2172.555,2173.375,1650600
XAUUSD,20240322,0200,2173.365,2177.025,2171.735,2172.485,1850710
XAUUSD,20240322,0300,2172.455,2176.105,2172.155,2173.675,784390
XAUUSD,20240322,0400,2173.685,2175.305,2173.105,2173.505,384740
XAUUSD,20240322,0500,2173.505,2175.665,2172.935,2174.175,707380
XAUUSD,20240322,0600,2174.175,2176.175,2169.785,2170.015,1942450
XAUUSD,20240322,0700,2169.985,2170.338,2162.475,2168.298,1832030
XAUUSD,20240322,0800,2168.298,2169.175,2164.825,2167.865,952920
XAUUSD,20240322,0900,2167.895,2170.015,2165.585,2166.545,912530
XAUUSD,20240322,1000,2166.575,2168.555,2165.745,2167.115,1188810
XAUUSD,20240322,1100,2167.135,2168.045,2165.075,2165.945,1262060
XAUUSD,20240322,1200,2165.958,2176.108,2165.685,2174.495,5129470
XAUUSD,20240322,1300,2174.485,2180.035,2172.455,2177.908,3572930
XAUUSD,20240322,1400,2177.955,2179.735,2171.115,2173.815,2632700
XAUUSD,20240322,1500,2173.805,2173.805,2165.385,2166.075,2039950
XAUUSD,20240322,1600,2165.995,2167.395,2161.525,2162.595,918820
XAUUSD,20240322,1700,2162.545,2164.835,2157.035,2159.115,1737810
XAUUSD,20240322,1800,2159.004,2164.695,2158.695,2163.025,978220
XAUUSD,20240322,1900,2163.035,2165.085,2161.735,2163.858,516180
XAUUSD,20240322,2000,2163.955,2167.155,2163.465,2165.055,693720
XAUUSD,20240324,2200,2165.475,2167.715,2165.085,2166.315,389420
XAUUSD,20240324,2300,2166.225,2168.795,2165.865,2168.275,850640
XAUUSD,20240325,0000,2168.335,2169.355,2163.965,2165.435,685610
XAUUSD,20240325,0100,2165.465,2176.835,2163.885,2175.095,2008930
XAUUSD,20240325,0200,2175.105,2178.245,2173.685,2175.065,847630
XAUUSD,20240325,0300,2175.045,2175.095,2169.945,2170.495,914460
XAUUSD,20240325,0400,2170.515,2171.565,2169.095,2169.345,422550
XAUUSD,20240325,0500,2169.375,2170.985,2167.615,2169.735,714600
XAUUSD,20240325,0600,2169.755,2170.525,2164.205,2165.385,1376610
XAUUSD,20240325,0700,2165.365,2168.628,2163.455,2165.835,1324270
XAUUSD,20240325,0800,2165.825,2168.905,2163.705,2165.605,1158850
XAUUSD,20240325,0900,2165.625,2168.725,2164.225,2168.335,1027560
XAUUSD,20240325,1000,2168.325,2171.005,2167.555,2168.355,844760
XAUUSD,20240325,1100,2168.305,2171.775,2167.845,2170.405,995220
XAUUSD,20240325,1200,2170.385,2176.935,2170.235,2174.415,1737370
XAUUSD,20240325,1300,2174.405,2181.205,2172.925,2177.025,2046500
XAUUSD,20240325,1400,2177.025,2180.358,2175.245,2177.725,2705170
XAUUSD,20240325,1500,2177.745,2177.745,2174.825,2175.385,1619870
XAUUSD,20240325,1600,2175.355,2177.765,2174.985,2175.705,630250
XAUUSD,20240325,1700,2175.715,2176.555,2174.115,2174.635,1546910
XAUUSD,20240325,1800,2174.525,2174.535,2172.945,2173.145,410730
XAUUSD,20240325,1900,2173.185,2173.625,2170.645,2170.865,510780
XAUUSD,20240325,2000,2170.975,2172.185,2170.615,2171.235,235110
XAUUSD,20240325,2200,2171.195,2173.475,2171.088,2171.775,302960
XAUUSD,20240325,2300,2171.778,2173.205,2171.155,2172.815,543350
XAUUSD,20240326,0000,2172.795,2174.295,2172.198,2173.745,826810
XAUUSD,20240326,0100,2173.765,2174.235,2167.458,2169.298,1825090
XAUUSD,20240326,0200,2169.298,2171.445,2169.105,2170.695,570300
XAUUSD,20240326,0300,2170.655,2172.375,2169.495,2170.225,549770
XAUUSD,20240326,0400,2170.255,2172.615,2170.065,2172.215,370400
XAUUSD,20240326,0500,2172.185,2173.265,2171.275,2172.828,731450
XAUUSD,20240326,0600,2172.805,2173.978,2170.385,2171.335,1732270
XAUUSD,20240326,0700,2171.365,2174.085,2169.525,2172.895,1396250
XAUUSD,20240326,0800,2172.835,2179.145,2171.445,2178.215,1256880
XAUUSD,20240326,0900,2178.215,2195.155,2178.215,2190.825,2243120
XAUUSD,20240326,1000,2190.805,2199.995,2190.675,2197.605,1590070
XAUUSD,20240326,1100,2197.615,2198.975,2194.945,2196.355,2048820
XAUUSD,20240326,1200,2196.385,2197.208,2186.515,2187.825,2571110
XAUUSD,20240326,1300,2187.845,2192.748,2178.275,2182.975,3289050
XAUUSD,20240326,1400,2182.945,2186.225,2179.025,2179.245,4000750
XAUUSD,20240326,1500,2179.198,2181.535,2171.595,2174.215,2617260
XAUUSD,20240326,1600,2174.225,2178.365,2174.155,2176.688,1494630
XAUUSD,20240326,1700,2176.665,2179.095,2175.855,2176.655,1502300
XAUUSD,20240326,1800,2176.655,2178.465,2175.808,2177.545,1238210
XAUUSD,20240326,1900,2177.545,2178.098,2176.425,2177.785,1187240
XAUUSD,20240326,2000,2177.825,2178.955,2174.508,2178.515,541230
XAUUSD,20240326,2200,2178.065,2179.395,2176.898,2178.248,229220
XAUUSD,20240326,2300,2178.258,2179.815,2178.048,2179.358,269820
XAUUSD,20240327,0000,2179.365,2180.085,2176.625,2177.385,238870
XAUUSD,20240327,0100,2177.355,2180.305,2173.275,2174.978,945630
XAUUSD,20240327,0200,2174.955,2177.545,2174.605,2175.838,575850
XAUUSD,20240327,0300,2175.825,2181.615,2175.585,2177.635,766680
XAUUSD,20240327,0400,2177.615,2179.975,2177.255,2178.285,250040
XAUUSD,20240327,0500,2178.265,2178.305,2175.625,2176.945,416200
XAUUSD,20240327,0600,2176.885,2179.935,2176.435,2177.535,882930
XAUUSD,20240327,0700,2177.535,2180.735,2176.905,2180.425,1200910
XAUUSD,20240327,0800,2180.455,2182.585,2176.445,2177.345,784270
XAUUSD,20240327,0900,2177.305,2193.825,2176.495,2189.165,1791220
XAUUSD,20240327,1000,2189.165,2194.385,2188.645,2193.655,1528760
XAUUSD,20240327,1100,2193.635,2197.505,2187.095,2188.335,1801880
XAUUSD,20240327,1200,2188.335,2189.275,2184.278,2185.968,2006430
XAUUSD,20240327,1300,2185.975,2193.365,2183.435,2193.245,3429670
XAUUSD,20240327,1400,2193.255,2195.125,2189.698,2193.395,2006250
XAUUSD,20240327,1500,2193.365,2193.955,2188.295,2190.335,2662700
XAUUSD,20240327,1600,2190.338,2192.675,2189.825,2192.335,1644200
XAUUSD,20240327,1700,2192.315,2194.025,2188.975,2190.275,1211810
XAUUSD,20240327,1800,2190.325,2192.295,2188.925,2192.275,431820
XAUUSD,20240327,1900,2192.305,2194.168,2190.745,2193.255,432260
XAUUSD,20240327,2000,2193.245,2195.065,2192.825,2194.335,471280
XAUUSD,20240327,2200,2193.998,2194.065,2190.065,2192.285,416840
XAUUSD,20240327,2300,2192.278,2192.285,2190.528,2190.545,329530
XAUUSD,20240328,0000,2190.565,2190.738,2187.225,2188.958,968490
XAUUSD,20240328,0100,2188.965,2190.415,2187.378,2189.238,915780
XAUUSD,20240328,0200,2189.238,2195.995,2188.968,2194.668,1598190
XAUUSD,20240328,0300,2194.674,2196.335,2193.954,2194.715,805880
XAUUSD,20240328,0400,2194.675,2196.775,2194.318,2195.565,366070
XAUUSD,20240328,0500,2195.555,2200.545,2194.375,2197.175,532180
XAUUSD,20240328,0600,2197.125,2198.825,2195.115,2198.625,564400
XAUUSD,20240328,0700,2198.635,2198.735,2192.545,2193.665,964600
XAUUSD,20240328,0800,2193.675,2197.308,2190.725,2194.635,1346900
XAUUSD,20240328,0900,2194.645,2197.815,2192.385,2197.764,1030050
XAUUSD,20240328,1000,2197.774,2213.635,2197.055,2212.085,2856400
XAUUSD,20240328,1100,2212.265,2213.225,2207.085,2210.325,2044660
XAUUSD,20240328,1200,2210.295,2216.805,2205.685,2215.605,4159090
XAUUSD,20240328,1300,2215.615,2216.975,2202.094,2206.475,4121170
XAUUSD,20240328,1400,2206.465,2214.885,2204.165,2214.295,3507530
XAUUSD,20240328,1500,2214.205,2216.868,2212.085,2215.768,2772920
XAUUSD,20240328,1600,2215.768,2225.365,2213.295,2220.285,3749290
XAUUSD,20240328,1700,2220.305,2223.145,2216.608,2221.838,1732880
XAUUSD,20240328,1800,2221.845,2222.295,2218.224,2220.375,931170
XAUUSD,20240328,1900,2220.365,2222.128,2217.824,2221.635,1164450
XAUUSD,20240328,2000,2221.625,2236.015,2219.505,2232.698,1562680
XAUUSD,20240331,2200,2238.435,2245.185,2234.845,2236.805,1232710
XAUUSD,20240331,2300,2236.808,2247.265,2235.525,2245.885,1461900
XAUUSD,20240401,0000,2245.935,2256.295,2243.755,2249.955,1421810
XAUUSD,20240401,0100,2249.995,2259.495,2249.995,2255.755,1905160
XAUUSD,20240401,0200,2255.765,2258.095,2254.915,2257.315,811850
XAUUSD,20240401,0300,2257.305,2265.035,2256.515,2264.325,1789960
XAUUSD,20240401,0400,2264.345,2265.585,2258.035,2260.255,900970
XAUUSD,20240401,0500,2260.245,2263.285,2257.845,2261.515,1106960
XAUUSD,20240401,0600,2261.495,2262.725,2258.865,2260.175,1010050
XAUUSD,20240401,0700,2260.175,2262.975,2256.785,2257.358,1098570
XAUUSD,20240401,0800,2257.355,2260.085,2255.658,2257.195,890890
XAUUSD,20240401,0900,2257.205,2258.275,2249.035,2251.685,819540
XAUUSD,20240401,1000,2251.705,2253.355,2245.435,2247.745,1028720
XAUUSD,20240401,1100,2247.765,2250.915,2246.445,2246.745,832520
XAUUSD,20240401,1200,2246.745,2252.545,2243.515,2252.435,2219890
XAUUSD,20240401,1300,2252.455,2257.758,2239.194,2246.345,3365750
XAUUSD,20240401,1400,2246.365,2246.365,2228.395,2235.815,4381400
XAUUSD,20240401,1500,2235.805,2240.525,2233.605,2239.625,2372320
XAUUSD,20240401,1600,2239.605,2243.375,2237.025,2238.015,2041070
XAUUSD,20240401,1700,2238.025,2239.235,2234.635,2239.075,608210
XAUUSD,20240401,1800,2239.095,2241.195,2238.005,2239.228,902720
XAUUSD,20240401,1900,2239.235,2244.648,2238.958,2244.648,1006660
XAUUSD,20240401,2000,2244.648,2252.345,2242.948,2251.585,998380
XAUUSD,20240401,2200,2251.268,2255.745,2248.695,2253.415,411770
XAUUSD,20240401,2300,2253.415,2253.515,2248.508,2248.885,1177410
XAUUSD,20240402,0000,2248.865,2253.468,2247.725,2250.215,1831870
XAUUSD,20240402,0100,2250.188,2250.188,2246.585,2248.875,1056910
XAUUSD,20240402,0200,2248.855,2254.958,2247.695,2254.155,1031650
XAUUSD,20240402,0300,2254.125,2255.165,2251.175,2251.485,691320
XAUUSD,20240402,0400,2251.585,2259.798,2250.295,2256.565,1119040
XAUUSD,20240402,0500,2256.565,2256.978,2252.135,2253.515,1551440
XAUUSD,20240402,0600,2253.525,2256.025,2252.265,2255.585,1108350
XAUUSD,20240402,0700,2255.575,2257.535,2253.085,2256.315,1193620
XAUUSD,20240402,0800,2256.315,2262.725,2256.075,2260.985,1276910
XAUUSD,20240402,0900,2260.985,2266.695,2259.515,2260.635,1865100
XAUUSD,20240402,1000,2260.615,2264.615,2255.168,2262.025,1263680
XAUUSD,20240402,1100,2262.025,2262.025,2255.885,2260.495,1888770
XAUUSD,20240402,1200,2260.555,2261.405,2253.235,2257.435,3311530
XAUUSD,20240402,1300,2257.415,2266.664,2254.408,2265.125,6834010
XAUUSD,20240402,1400,2265.124,2276.858,2257.178,2260.675,7070430
XAUUSD,20240402,1500,2260.675,2261.155,2250.785,2258.528,4549390
XAUUSD,20240402,1600,2258.525,2261.345,2254.035,2260.165,1979700
XAUUSD,20240402,1700,2260.195,2266.515,2259.415,2265.805,1359560
XAUUSD,20240402,1800,2265.835,2272.645,2265.325,2271.365,2417360
XAUUSD,20240402,1900,2271.365,2279.325,2270.965,2277.348,2268170
XAUUSD,20240402,2000,2277.375,2280.945,2275.635,2280.145,574340
XAUUSD,20240402,2200,2280.355,2288.185,2279.558,2281.565,774290
XAUUSD,20240402,2300,2281.685,2283.595,2277.685,2279.845,711890
XAUUSD,20240403,0000,2279.674,2285.765,2279.205,2283.215,853090
XAUUSD,20240403,0100,2283.255,2283.415,2276.564,2282.378,1789090
XAUUSD,20240403,0200,2282.378,2284.475,2281.445,2283.325,609520
XAUUSD,20240403,0300,2283.325,2287.885,2283.105,2284.985,869310
XAUUSD,20240403,0400,2285.025,2286.898,2283.625,2283.655,720440
XAUUSD,20240403,0500,2283.655,2285.905,2280.804,2285.875,667230
XAUUSD,20240403,0600,2285.875,2285.905,2280.875,2281.828,1820700
XAUUSD,20240403,0700,2281.825,2281.868,2270.338,2271.075,3270550
XAUUSD,20240403,0800,2271.065,2275.995,2267.558,2273.105,2384480
XAUUSD,20240403,0900,2273.085,2274.645,2269.565,2271.845,1746200
XAUUSD,20240403,1000,2271.845,2273.225,2269.845,2272.585,1228490
XAUUSD,20240403,1100,2272.615,2274.324,2268.715,2273.598,1276270
XAUUSD,20240403,1200,2273.565,2275.085,2265.405,2274.745,4016690
XAUUSD,20240403,1300,2274.825,2278.775,2271.535,2274.995,6053860
XAUUSD,20240403,1400,2274.995,2285.208,2274.105,2282.605,7501550
XAUUSD,20240403,1500,2282.605,2288.245,2280.538,2286.215,5054630
XAUUSD,20240403,1600,2286.215,2295.075,2280.605,2293.685,5899680
XAUUSD,20240403,1700,2293.685,2295.408,2288.785,2294.858,4210030
XAUUSD,20240403,1800,2294.855,2297.725,2293.755,2296.295,2667800
XAUUSD,20240403,1900,2296.285,2298.745,2294.408,2297.365,2799610
XAUUSD,20240403,2000,2297.485,2301.035,2297.165,2299.755,812520
XAUUSD,20240403,2200,2299.025,2302.555,2298.735,2301.605,602020
XAUUSD,20240403,2300,2301.605,2301.605,2296.245,2297.445,863400
XAUUSD,20240404,0000,2297.515,2302.455,2297.235,2302.175,1332930
XAUUSD,20240404,0100,2302.195,2304.795,2297.435,2300.965,700240
XAUUSD,20240404,0200,2301.035,2302.015,2297.705,2299.495,438280
XAUUSD,20240404,0300,2299.455,2300.475,2297.535,2299.015,440730
XAUUSD,20240404,0400,2299.078,2300.095,2298.195,2298.705,350490
XAUUSD,20240404,0500,2298.705,2300.558,2294.915,2295.165,638040
XAUUSD,20240404,0600,2295.165,2297.275,2294.735,2295.665,775750
XAUUSD,20240404,0700,2295.665,2298.028,2291.755,2292.925,1516860
XAUUSD,20240404,0800,2292.904,2294.385,2290.945,2291.435,1581480
XAUUSD,20240404,0900,2291.428,2294.025,2290.665,2293.145,1096510
XAUUSD,20240404,1000,2293.185,2294.995,2292.478,2294.405,810860
XAUUSD,20240404,1100,2294.425,2295.045,2288.745,2289.205,990350
XAUUSD,20240404,1200,2289.235,2289.875,2282.604,2288.105,3311960
XAUUSD,20240404,1300,2288.115,2291.024,2284.655,2287.435,3405120
XAUUSD,20240404,1400,2287.414,2299.305,2287.035,2295.018,4720700
XAUUSD,20240404,1500,2295.015,2295.428,2290.225,2291.985,1938910
XAUUSD,20240404,1600,2291.914,2293.055,2286.335,2286.708,1741070
XAUUSD,20240404,1700,2286.705,2293.955,2286.255,2293.885,1943520
XAUUSD,20240404,1800,2293.885,2305.425,2292.855,2303.975,2795320
XAUUSD,20240404,1900,2304.005,2304.585,2279.688,2284.775,3310990
XAUUSD,20240404,2000,2284.725,2291.585,2284.725,2290.605,733620
XAUUSD,20240404,2200,2290.128,2293.265,2288.215,2289.565,481600
XAUUSD,20240404,2300,2289.574,2291.028,2288.585,2288.635,594730
XAUUSD,20240405,0000,2288.675,2290.255,2282.715,2283.035,1029610
XAUUSD,20240405,0100,2283.015,2284.045,2267.605,2271.725,2834490
XAUUSD,20240405,0200,2271.635,2274.655,2270.785,2273.665,819450
XAUUSD,20240405,0300,2273.635,2279.305,2273.465,2276.595,745120
XAUUSD,20240405,0400,2276.655,2279.755,2276.485,2277.975,400210
XAUUSD,20240405,0500,2277.905,2282.215,2277.345,2279.705,734970
XAUUSD,20240405,0600,2279.685,2283.075,2276.455,2279.055,1741090
XAUUSD,20240405,0700,2279.035,2290.495,2278.965,2289.075,4076360
XAUUSD,20240405,0800,2289.045,2291.685,2284.768,2288.015,2606390
XAUUSD,20240405,0900,2288.045,2293.515,2286.578,2290.935,1410760
XAUUSD,20240405,1000,2290.905,2295.985,2290.645,2293.838,1062660
XAUUSD,20240405,1100,2293.805,2294.528,2289.698,2291.055,1642510
XAUUSD,20240405,1200,2290.905,2295.855,2280.235,2290.705,6541870
XAUUSD,20240405,1300,2290.738,2303.498,2286.945,2299.645,10588800
XAUUSD,20240405,1400,2299.615,2324.588,2295.795,2317.415,8809490
XAUUSD,20240405,1500,2317.428,2328.278,2315.124,2326.085,5925850
XAUUSD,20240405,1600,2326.085,2329.378,2322.048,2327.075,3582070
XAUUSD,20240405,1700,2327.165,2330.345,2324.385,2326.035,1931030
XAUUSD,20240405,1800,2326.038,2328.235,2323.428,2325.195,1481680
XAUUSD,20240405,1900,2325.175,2325.215,2320.575,2323.115,707350
XAUUSD,20240405,2000,2323.165,2330.025,2322.745,2328.195,920130
XAUUSD,20240407,2200,2323.125,2328.255,2303.705,2307.415,2414700
XAUUSD,20240407,2300,2307.405,2314.135,2305.955,2311.115,2116750
XAUUSD,20240408,0000,2311.195,2311.874,2305.975,2306.085,1875580
XAUUSD,20240408,0100,2306.025,2325.015,2302.755,2324.185,3732670
XAUUSD,20240408,0200,2324.185,2353.835,2321.575,2348.015,4290690
XAUUSD,20240408,0300,2348.015,2349.815,2340.908,2345.425,2402860
XAUUSD,20240408,0400,2345.435,2345.505,2339.845,2342.038,1129400
XAUUSD,20240408,0500,2342.058,2343.518,2331.748,2334.555,2290130
XAUUSD,20240408,0600,2334.675,2341.265,2331.705,2336.058,2788340
XAUUSD,20240408,0700,2336.078,2338.835,2333.645,2337.695,1970160
XAUUSD,20240408,0800,2337.695,2341.415,2333.215,2336.245,4006550
XAUUSD,20240408,0900,2336.245,2337.775,2334.035,2337.338,1980020
XAUUSD,20240408,1000,2337.314,2343.435,2334.978,2339.985,2844520
XAUUSD,20240408,1100,2340.145,2342.335,2336.328,2337.225,3256390
XAUUSD,20240408,1200,2337.235,2337.905,2322.555,2328.905,6586060
XAUUSD,20240408,1300,2328.905,2335.565,2325.475,2327.238,5914880
XAUUSD,20240408,1400,2327.295,2329.155,2318.575,2328.698,5046780
XAUUSD,20240408,1500,2328.715,2331.585,2325.558,2327.795,2090420
XAUUSD,20240408,1600,2327.885,2330.135,2325.925,2328.378,1527070
XAUUSD,20240408,1700,2328.405,2339.068,2327.475,2337.835,3285150
XAUUSD,20240408,1800,2337.845,2341.905,2336.855,2338.835,2486500
XAUUSD,20240408,1900,2338.915,2340.525,2337.015,2338.305,1019340
XAUUSD,20240408,2000,2338.305,2339.285,2337.825,2338.845,365770
XAUUSD,20240408,2200,2338.675,2338.878,2336.795,2338.575,271820
XAUUSD,20240408,2300,2338.598,2340.375,2337.555,2338.685,752910
XAUUSD,20240409,0000,2338.685,2341.558,2338.465,2340.775,655650
XAUUSD,20240409,0100,2340.775,2348.345,2337.725,2339.805,2839260
XAUUSD,20240409,0200,2339.795,2345.665,2338.308,2345.118,1914240
XAUUSD,20240409,0300,2345.118,2346.435,2343.045,2343.855,792250
XAUUSD,20240409,0400,2343.855,2346.095,2342.948,2344.085,688570
XAUUSD,20240409,0500,2344.085,2347.865,2343.835,2344.935,769890
XAUUSD,20240409,0600,2344.948,2346.715,2342.984,2344.398,1981990
XAUUSD,20240409,0700,2344.388,2356.805,2344.255,2353.855,3409930
XAUUSD,20240409,0800,2353.855,2359.098,2351.265,2357.438,2807400
XAUUSD,20240409,0900,2357.525,2365.185,2357.165,2363.125,2254130
XAUUSD,20240409,1000,2363.095,2364.125,2355.728,2356.325,1780480
XAUUSD,20240409,1100,2356.285,2356.518,2349.465,2354.455,2594620
XAUUSD,20240409,1200,2354.455,2357.285,2345.628,2349.335,4999980
XAUUSD,20240409,1300,2349.305,2360.885,2348.015,2355.305,5806280
XAUUSD,20240409,1400,2355.275,2364.135,2345.055,2352.735,6732500
XAUUSD,20240409,1500,2352.785,2353.545,2338.125,2340.225,5707830
XAUUSD,20240409,1600,2340.218,2346.938,2339.975,2344.905,3054060
XAUUSD,20240409,1700,2344.905,2349.618,2341.855,2347.195,3360980
XAUUSD,20240409,1800,2347.195,2349.878,2345.408,2349.485,2333890
XAUUSD,20240409,1900,2349.465,2351.428,2345.135,2351.055,1865110
XAUUSD,20240409,2000,2351.055,2354.405,2350.535,2352.675,1056930
XAUUSD,20240409,2200,2352.308,2354.035,2350.328,2352.184,415640
XAUUSD,20240409,2300,2352.175,2355.148,2351.355,2354.775,561180
XAUUSD,20240410,0000,2354.715,2355.465,2350.905,2351.555,378130
XAUUSD,20240410,0100,2351.555,2351.895,2344.665,2349.345,963330
XAUUSD,20240410,0200,2349.345,2354.215,2348.865,2352.035,814670
XAUUSD,20240410,0300,2352.055,2353.475,2350.555,2351.225,440330
XAUUSD,20240410,0400,2351.205,2356.735,2350.825,2356.155,400160
XAUUSD,20240410,0500,2356.165,2360.065,2355.705,2357.355,1440980
XAUUSD,20240410,0600,2357.445,2359.835,2353.738,2356.035,1955930
XAUUSD,20240410,0700,2356.025,2357.655,2352.465,2352.965,4430170
XAUUSD,20240410,0800,2353.138,2355.795,2352.275,2354.465,3339350
XAUUSD,20240410,0900,2354.465,2354.735,2344.815,2347.474,2882400
XAUUSD,20240410,1000,2347.464,2350.055,2345.138,2347.385,2838330
XAUUSD,20240410,1100,2347.385,2349.295,2344.715,2346.935,2607130
XAUUSD,20240410,1200,2346.915,2350.598,2328.000,2338.265,7867113
XAUUSD,20240410,1300,2338.265,2339.425,2319.265,2333.785,8490234
XAUUSD,20240410,1400,2333.865,2352.285,2332.075,2346.125,6878940
XAUUSD,20240410,1500,2346.145,2347.565,2329.985,2336.925,5095180
XAUUSD,20240410,1600,2336.895,2340.695,2335.775,2337.135,2723480
XAUUSD,20240410,1700,2337.165,2345.125,2325.715,2337.655,3992035
XAUUSD,20240410,1800,2337.655,2340.825,2326.165,2327.365,2584895
XAUUSD,20240410,1900,2327.415,2330.895,2327.085,2329.625,1750910
XAUUSD,20240410,2000,2329.505,2334.175,2329.465,2333.445,1036370
XAUUSD,20240410,2200,2333.414,2336.725,2333.414,2335.815,444230
XAUUSD,20240410,2300,2335.815,2337.175,2333.975,2335.435,490330
XAUUSD,20240411,0000,2335.495,2335.855,2333.195,2335.085,729270
XAUUSD,20240411,0100,2335.045,2342.155,2333.935,2340.525,2024230
XAUUSD,20240411,0200,2340.505,2345.715,2339.395,2343.765,798640
XAUUSD,20240411,0300,2343.765,2346.765,2342.865,2343.825,639650
XAUUSD,20240411,0400,2343.835,2346.005,2341.395,2342.805,544690
XAUUSD,20240411,0500,2342.905,2344.475,2338.765,2341.885,780090
XAUUSD,20240411,0600,2341.865,2342.105,2333.785,2335.878,3434260
XAUUSD,20240411,0700,2335.904,2340.645,2335.105,2336.325,2420570
XAUUSD,20240411,0800,2336.345,2337.858,2325.655,2327.858,2249880
XAUUSD,20240411,0900,2327.858,2335.205,2327.795,2330.678,3707250
XAUUSD,20240411,1000,2330.678,2339.075,2330.545,2338.405,2624800
XAUUSD,20240411,1100,2338.435,2339.498,2335.495,2337.135,1961220
XAUUSD,20240411,1200,2337.135,2344.275,2331.645,2341.235,4909260
XAUUSD,20240411,1300,2341.195,2347.345,2336.815,2343.185,4296630
XAUUSD,20240411,1400,2343.155,2346.735,2332.195,2338.925,4148690
XAUUSD,20240411,1500,2338.865,2345.475,2337.525,2344.655,2425370
XAUUSD,20240411,1600,2344.665,2350.695,2342.575,2349.705,2928030
XAUUSD,20240411,1700,2349.745,2357.195,2348.018,2356.165,3426530
XAUUSD,20240411,1800,2356.105,2364.928,2355.585,2361.375,2307970
XAUUSD,20240411,1900,2361.385,2374.505,2361.345,2372.745,2389250
XAUUSD,20240411,2000,2372.885,2377.545,2371.425,2371.705,1171140
XAUUSD,20240411,2200,2371.498,2379.455,2370.724,2373.715,652100
XAUUSD,20240411,2300,2373.728,2377.005,2373.654,2376.725,573070
XAUUSD,20240412,0000,2376.965,2379.055,2374.485,2378.625,780490
XAUUSD,20240412,0100,2378.755,2391.305,2378.665,2390.705,2665950
XAUUSD,20240412,0200,2390.605,2395.265,2387.795,2390.365,1811640
XAUUSD,20240412,0300,2390.365,2391.055,2382.828,2384.105,1174520
XAUUSD,20240412,0400,2384.095,2386.975,2382.685,2384.085,815280
XAUUSD,20240412,0500,2384.085,2389.975,2383.325,2387.325,1144230
XAUUSD,20240412,0600,2387.274,2395.105,2384.605,2395.005,2776930
XAUUSD,20240412,0700,2394.975,2400.215,2392.695,2399.865,4320030
XAUUSD,20240412,0800,2399.875,2400.575,2394.045,2396.645,2401640
XAUUSD,20240412,0900,2396.685,2400.135,2393.245,2398.065,1837880
XAUUSD,20240412,1000,2398.085,2400.345,2395.825,2398.025,1380960
XAUUSD,20240412,1100,2398.015,2398.095,2390.315,2395.325,2101150
XAUUSD,20240412,1200,2395.325,2397.505,2391.515,2395.698,4388580
XAUUSD,20240412,1300,2395.715,2406.405,2393.315,2404.105,6148020
XAUUSD,20240412,1400,2404.428,2428.955,2400.135,2426.575,7501530
XAUUSD,20240412,1500,2426.485,2431.385,2381.945,2395.505,10002160
XAUUSD,20240412,1600,2395.435,2395.435,2360.674,2369.135,8152580
XAUUSD,20240412,1700,2369.185,2372.935,2346.265,2354.994,6100210
XAUUSD,20240412,1800,2354.964,2356.525,2335.325,2338.685,2971720
XAUUSD,20240412,1900,2338.745,2345.315,2333.755,2343.295,1858390
XAUUSD,20240412,2000,2343.295,2345.005,2341.635,2343.285,1192730
XAUUSD,20240414,2200,2352.098,2372.435,2346.735,2356.765,3820420
XAUUSD,20240414,2300,2356.415,2365.275,2354.855,2364.585,2648660
XAUUSD,20240415,0000,2364.645,2365.755,2350.385,2353.195,1864790
XAUUSD,20240415,0100,2353.195,2359.655,2348.255,2355.575,3984180
XAUUSD,20240415,0200,2355.575,2364.625,2353.465,2359.495,1571850
XAUUSD,20240415,0300,2359.515,2360.275,2354.608,2358.475,987870
XAUUSD,20240415,0400,2358.385,2358.605,2355.555,2356.525,516890
XAUUSD,20240415,0500,2356.485,2362.335,2351.915,2361.005,1130340
XAUUSD,20240415,0600,2360.985,2361.415,2353.005,2354.675,3494800
XAUUSD,20240415,0700,2354.675,2356.325,2349.865,2353.035,3496490
XAUUSD,20240415,0800,2353.015,2355.935,2344.615,2351.535,3593410
XAUUSD,20240415,0900,2351.535,2353.415,2346.185,2349.445,2536230
XAUUSD,20240415,1000,2349.505,2356.935,2349.108,2356.648,2374480
XAUUSD,20240415,1100,2356.635,2361.075,2355.438,2357.875,2613240
XAUUSD,20240415,1200,2357.878,2359.185,2350.804,2357.205,3466210
XAUUSD,20240415,1300,2357.185,2361.015,2343.015,2348.625,4732440
XAUUSD,20240415,1400,2348.605,2352.345,2323.858,2349.325,7778620
XAUUSD,20240415,1500,2349.325,2352.455,2342.475,2351.555,5931010
XAUUSD,20240415,1600,2351.555,2359.908,2346.065,2357.085,4136560
XAUUSD,20240415,1700,2357.085,2370.585,2353.988,2365.345,5535870
XAUUSD,20240415,1800,2365.335,2378.048,2363.565,2375.825,4004090
XAUUSD,20240415,1900,2375.825,2387.448,2373.875,2386.305,5055870
XAUUSD,20240415,2000,2386.305,2386.514,2379.985,2382.835,1181830
XAUUSD,20240415,2200,2382.238,2392.035,2380.598,2384.215,766750
XAUUSD,20240415,2300,2384.215,2387.155,2380.975,2381.825,1076190
XAUUSD,20240416,0000,2381.744,2387.458,2380.045,2383.305,2637860
XAUUSD,20240416,0100,2383.305,2386.778,2379.185,2383.565,2947820
XAUUSD,20240416,0200,2383.615,2387.845,2379.385,2385.985,2529830
XAUUSD,20240416,0300,2385.995,2389.198,2384.285,2387.818,1754900
XAUUSD,20240416,0400,2387.825,2388.125,2383.925,2385.975,905900
XAUUSD,20240416,0500,2385.965,2388.935,2384.795,2386.245,1373760
XAUUSD,20240416,0600,2386.235,2388.025,2368.594,2372.885,5339720
XAUUSD,20240416,0700,2372.805,2375.138,2362.844,2365.385,3957640
XAUUSD,20240416,0800,2365.445,2371.805,2365.035,2369.265,2807430
XAUUSD,20240416,0900,2369.268,2373.094,2367.415,2372.165,2824200
XAUUSD,20240416,1000,2372.185,2375.228,2368.575,2370.055,3286720
XAUUSD,20240416,1100,2370.115,2375.145,2369.595,2373.888,3199830
XAUUSD,20240416,1200,2373.878,2378.138,2368.385,2376.035,5780950
XAUUSD,20240416,1300,2376.055,2379.138,2365.128,2366.205,7540870
XAUUSD,20240416,1400,2366.245,2383.218,2363.435,2382.865,9365620
XAUUSD,20240416,1500,2382.865,2392.908,2377.815,2385.865,8081290
XAUUSD,20240416,1600,2385.928,2398.128,2385.415,2397.355,6351410
XAUUSD,20240416,1700,2397.405,2397.535,2379.615,2384.595,6969520
XAUUSD,20240416,1800,2384.525,2396.298,2383.445,2392.205,5129530
XAUUSD,20240416,1900,2392.184,2395.068,2388.928,2389.528,3608980
XAUUSD,20240416,2000,2389.485,2390.175,2378.275,2382.335,989110
XAUUSD,20240416,2200,2381.725,2386.855,2381.074,2384.745,443670
XAUUSD,20240416,2300,2384.745,2386.665,2382.335,2382.575,672720
XAUUSD,20240417,0000,2382.585,2384.575,2380.615,2384.325,927310
XAUUSD,20240417,0100,2384.365,2385.465,2381.225,2384.555,1262050
XAUUSD,20240417,0200,2384.555,2386.105,2382.205,2382.275,856120
XAUUSD,20240417,0300,2382.145,2383.595,2380.615,2381.605,625120
XAUUSD,20240417,0400,2381.588,2382.918,2380.185,2381.925,403960
XAUUSD,20240417,0500,2381.875,2381.935,2374.045,2377.535,1851650
XAUUSD,20240417,0600,2377.475,2381.438,2372.575,2380.915,3097850
XAUUSD,20240417,0700,2380.905,2383.185,2377.778,2382.378,2128430
XAUUSD,20240417,0800,2382.378,2393.434,2382.378,2392.815,3166540
XAUUSD,20240417,0900,2392.865,2394.165,2389.695,2391.975,3136450
XAUUSD,20240417,1000,2392.045,2393.705,2384.915,2386.535,2430810
XAUUSD,20240417,1100,2386.535,2390.255,2385.725,2387.195,2168220
XAUUSD,20240417,1200,2387.215,2387.945,2378.248,2383.165,3276090
XAUUSD,20240417,1300,2383.135,2395.035,2382.875,2393.215,5157080
XAUUSD,20240417,1400,2393.215,2395.448,2385.995,2390.375,6442880
XAUUSD,20240417,1500,2390.425,2393.475,2381.828,2382.075,3878090
XAUUSD,20240417,1600,2382.075,2384.335,2360.955,2372.375,3608130
XAUUSD,20240417,1700,2372.305,2375.895,2368.005,2372.095,2384690
XAUUSD,20240417,1800,2372.078,2379.045,2371.735,2374.265,1650550
XAUUSD,20240417,1900,2374.265,2375.015,2367.735,2372.555,1657970
XAUUSD,20240417,2000,2372.545,2373.195,2354.435,2360.395,1045720
XAUUSD,20240417,2200,2361.674,2367.575,2361.375,2365.075,550660
XAUUSD,20240417,2300,2365.085,2368.045,2363.535,2367.815,574800
XAUUSD,20240418,0000,2367.815,2369.955,2366.765,2369.705,919630
XAUUSD,20240418,0100,2369.655,2371.915,2363.965,2367.185,2178070
XAUUSD,20240418,0200,2367.185,2374.805,2366.605,2372.908,1945200
XAUUSD,20240418,0300,2372.915,2375.205,2372.258,2374.735,1394780
XAUUSD,20240418,0400,2374.655,2376.355,2373.148,2374.928,559410
XAUUSD,20240418,0500,2375.025,2377.025,2373.708,2376.645,1875040
XAUUSD,20240418,0600,2376.635,2380.825,2376.195,2380.575,2618250
XAUUSD,20240418,0700,2380.478,2380.855,2374.825,2377.715,1998200
XAUUSD,20240418,0800,2377.698,2380.695,2377.245,2379.855,3416850
XAUUSD,20240418,0900,2379.855,2380.645,2377.675,2379.448,1810360
XAUUSD,20240418,1000,2379.425,2383.885,2377.155,2382.915,2759330
XAUUSD,20240418,1100,2382.915,2385.195,2378.868,2380.795,2618700
XAUUSD,20240418,1200,2380.795,2387.348,2380.425,2385.315,6381120
XAUUSD,20240418,1300,2385.305,2392.624,2375.295,2379.545,7880620
XAUUSD,20240418,1400,2379.494,2384.765,2369.468,2379.848,5933270
XAUUSD,20240418,1500,2379.848,2385.365,2378.445,2383.978,3814610
XAUUSD,20240418,1600,2383.978,2388.658,2381.425,2387.855,3026890
XAUUSD,20240418,1700,2387.945,2389.228,2382.138,2384.735,2566070
XAUUSD,20240418,1800,2384.715,2384.715,2379.485,2381.465,1674110
XAUUSD,20240418,1900,2381.505,2385.005,2378.025,2380.095,1488670
XAUUSD,20240418,2000,2380.095,2380.345,2376.845,2379.055,368040
XAUUSD,20240418,2200,2377.898,2380.505,2377.898,2379.005,162550
XAUUSD,20240418,2300,2379.024,2381.375,2378.928,2379.795,284890
XAUUSD,20240419,0000,2379.685,2379.775,2373.685,2379.355,629790
XAUUSD,20240419,0100,2379.345,2417.745,2378.705,2409.295,6099080
XAUUSD,20240419,0200,2409.274,2414.815,2395.308,2400.265,6963260
XAUUSD,20240419,0300,2400.235,2402.385,2382.708,2391.235,4948730
XAUUSD,20240419,0400,2391.235,2391.265,2379.195,2383.405,2469800
XAUUSD,20240419,0500,2383.475,2384.315,2380.105,2381.225,2453580
XAUUSD,20240419,0600,2381.205,2391.708,2378.505,2389.915,3705900
XAUUSD,20240419,0700,2389.915,2393.795,2384.525,2385.255,3623560
XAUUSD,20240419,0800,2385.195,2386.208,2377.875,2384.115,3769440
XAUUSD,20240419,0900,2384.165,2386.005,2379.805,2380.855,3036720
XAUUSD,20240419,1000,2380.855,2382.984,2379.225,2380.985,2686600
XAUUSD,20240419,1100,2380.985,2381.195,2372.805,2376.735,2660760
XAUUSD,20240419,1200,2376.735,2384.294,2374.435,2381.425,3278640
XAUUSD,20240419,1300,2381.335,2386.698,2373.005,2378.605,5025540
XAUUSD,20240419,1400,2378.655,2391.768,2378.545,2390.985,5056060
XAUUSD,20240419,1500,2390.995,2395.895,2389.145,2394.765,4195100
XAUUSD,20240419,1600,2394.715,2399.555,2389.725,2399.515,4299390
XAUUSD,20240419,1700,2399.515,2401.845,2392.218,2393.515,3298690
XAUUSD,20240419,1800,2393.525,2398.015,2392.638,2398.005,2510060
XAUUSD,20240419,1900,2398.105,2398.105,2386.565,2387.495,1184870
XAUUSD,20240419,2000,2387.455,2392.088,2386.595,2390.295,539880
XAUUSD,20240421,2200,2387.635,2388.425,2381.275,2383.545,715070
XAUUSD,20240421,2300,2383.648,2387.745,2382.775,2386.405,609550
XAUUSD,20240422,0000,2386.405,2386.455,2380.915,2382.065,733100
XAUUSD,20240422,0100,2381.985,2384.175,2375.945,2377.915,1379390
XAUUSD,20240422,0200,2377.915,2377.955,2372.545,2372.605,1144240
XAUUSD,20240422,0300,2372.585,2372.625,2361.664,2369.285,2005330
XAUUSD,20240422,0400,2369.345,2372.805,2368.635,2369.565,947310
XAUUSD,20240422,0500,2369.675,2370.385,2360.755,2365.425,1502490
XAUUSD,20240422,0600,2365.355,2366.925,2351.265,2355.715,4669490
XAUUSD,20240422,0700,2355.715,2360.955,2354.965,2360.865,2055530
XAUUSD,20240422,0800,2360.845,2362.965,2357.745,2359.475,1594710
XAUUSD,20240422,0900,2359.445,2363.565,2358.975,2361.105,2079330
XAUUSD,20240422,1000,2361.105,2361.315,2356.025,2357.514,2531580
XAUUSD,20240422,1100,2357.514,2357.528,2339.295,2342.085,2929630
XAUUSD,20240422,1200,2342.085,2350.228,2332.935,2336.745,5977500
XAUUSD,20240422,1300,2336.735,2343.635,2330.965,2338.308,5835190
XAUUSD,20240422,1400,2338.325,2343.685,2333.018,2341.135,4389510
XAUUSD,20240422,1500,2341.125,2341.725,2332.685,2334.595,2939930
XAUUSD,20240422,1600,2334.595,2336.345,2328.948,2329.695,1971300
XAUUSD,20240422,1700,2329.705,2334.765,2329.568,2329.928,1792470
XAUUSD,20240422,1800,2329.945,2330.838,2324.555,2327.465,1421790
XAUUSD,20240422,1900,2327.475,2331.535,2327.245,2329.145,764280
XAUUSD,20240422,2000,2329.125,2330.085,2325.225,2326.385,327750
XAUUSD,20240422,2200,2326.825,2331.345,2326.765,2330.238,481440
XAUUSD,20240422,2300,2330.278,2333.815,2327.995,2333.665,712990
XAUUSD,20240423,0000,2333.595,2333.715,2329.985,2332.535,755210
XAUUSD,20240423,0100,2332.515,2334.305,2295.408,2298.765,5335950
XAUUSD,20240423,0200,2298.845,2314.175,2298.225,2301.735,3442610
XAUUSD,20240423,0300,2301.715,2307.135,2300.794,2302.465,1533930
XAUUSD,20240423,0400,2302.485,2307.995,2301.645,2305.405,830470
XAUUSD,20240423,0500,2305.288,2314.605,2304.245,2308.105,2485670
XAUUSD,20240423,0600,2308.078,2309.905,2298.718,2301.825,5002760
XAUUSD,20240423,0700,2301.825,2311.095,2301.095,2308.895,3973680
XAUUSD,20240423,0800,2308.905,2309.605,2301.795,2303.115,4007530
XAUUSD,20240423,0900,2303.125,2303.305,2291.265,2295.555,4986430
XAUUSD,20240423,1000,2295.555,2306.024,2295.375,2303.155,3760570
XAUUSD,20240423,1100,2303.125,2303.125,2299.535,2302.035,2956440
XAUUSD,20240423,1200,2302.055,2313.495,2301.125,2311.705,4913230
XAUUSD,20240423,1300,2311.705,2330.685,2309.398,2329.475,9810710
XAUUSD,20240423,1400,2329.285,2332.045,2314.345,2320.255,7495480
XAUUSD,20240423,1500,2320.295,2324.375,2315.115,2323.145,5954260
XAUUSD,20240423,1600,2323.125,2331.028,2321.585,2330.204,3670310
XAUUSD,20240423,1700,2330.204,2331.214,2324.938,2326.195,4319950
XAUUSD,20240423,1800,2326.195,2329.615,2323.495,2324.118,3441650
XAUUSD,20240423,1900,2324.118,2324.915,2321.115,2322.168,1748200
XAUUSD,20240423,2000,2322.198,2323.185,2321.305,2321.535,532900
XAUUSD,20240423,2200,2321.498,2322.905,2321.205,2321.625,513060
XAUUSD,20240423,2300,2321.725,2324.165,2321.715,2323.155,639660
XAUUSD,20240424,0000,2323.215,2323.455,2320.595,2320.775,1241330
XAUUSD,20240424,0100,2320.795,2323.015,2315.958,2318.185,3073930
XAUUSD,20240424,0200,2318.195,2322.065,2315.725,2321.505,1696930
XAUUSD,20240424,0300,2321.545,2328.045,2320.745,2327.815,1425890
XAUUSD,20240424,0400,2327.815,2329.975,2325.065,2326.575,1199370
XAUUSD,20240424,0500,2326.525,2329.765,2324.385,2328.745,1276720
XAUUSD,20240424,0600,2328.735,2331.215,2324.125,2326.705,2837920
XAUUSD,20240424,0700,2326.705,2326.705,2320.575,2320.575,2255800
XAUUSD,20240424,0800,2320.595,2321.835,2315.955,2319.055,2701350
XAUUSD,20240424,0900,2319.075,2319.205,2311.635,2314.925,3058920
XAUUSD,20240424,1000,2314.955,2318.415,2314.215,2316.715,1820810
XAUUSD,20240424,1100,2316.695,2316.935,2313.095,2316.035,1422330
XAUUSD,20240424,1200,2316.015,2323.315,2311.985,2323.115,7136100
XAUUSD,20240424,1300,2323.108,2325.885,2315.725,2321.105,8570480
XAUUSD,20240424,1400,2321.198,2330.248,2316.765,2329.578,6077760
XAUUSD,20240424,1500,2329.588,2337.128,2322.458,2322.465,5272740
XAUUSD,20240424,1600,2322.455,2326.265,2321.738,2324.978,3852070
XAUUSD,20240424,1700,2324.974,2330.395,2321.815,2324.315,2664780
XAUUSD,20240424,1800,2324.335,2324.595,2318.475,2320.355,2563360
XAUUSD,20240424,1900,2320.378,2322.345,2317.665,2318.858,1377610
XAUUSD,20240424,2000,2318.885,2319.455,2313.555,2315.715,749830
XAUUSD,20240424,2200,2314.655,2318.505,2314.565,2317.795,290210
XAUUSD,20240424,2300,2317.795,2318.078,2315.365,2316.085,735760
XAUUSD,20240425,0000,2316.085,2319.325,2315.278,2319.085,459580
XAUUSD,20240425,0100,2319.055,2320.605,2315.945,2319.095,1080220
XAUUSD,20240425,0200,2319.095,2321.985,2318.758,2319.725,1384350
XAUUSD,20240425,0300,2319.655,2320.585,2304.898,2313.075,2269810
XAUUSD,20240425,0400,2313.084,2315.765,2312.275,2315.198,752050
XAUUSD,20240425,0500,2315.185,2320.665,2314.355,2319.395,2146210
XAUUSD,20240425,0600,2319.478,2323.455,2317.665,2322.635,2946640
XAUUSD,20240425,0700,2322.604,2326.075,2320.145,2325.555,3045750
XAUUSD,20240425,0800,2325.555,2328.725,2324.788,2326.768,2739540
XAUUSD,20240425,0900,2326.755,2327.475,2323.995,2324.865,1713300
XAUUSD,20240425,1000,2324.865,2328.595,2324.158,2328.025,1885170
XAUUSD,20240425,1100,2328.038,2330.478,2326.548,2328.425,1483840
XAUUSD,20240425,1200,2328.425,2334.595,2323.215,2330.575,6225060
XAUUSD,20240425,1300,2330.615,2331.065,2312.734,2318.765,9729810
XAUUSD,20240425,1400,2318.845,2344.708,2316.865,2333.804,8153520
XAUUSD,20240425,1500,2333.694,2336.575,2327.005,2330.265,6320060
XAUUSD,20240425,1600,2330.265,2332.305,2322.855,2328.605,3489090
XAUUSD,20240425,1700,2328.615,2332.165,2326.108,2332.095,3774060
XAUUSD,20240425,1800,2332.145,2334.885,2330.488,2332.955,3238810
XAUUSD,20240425,1900,2332.848,2336.288,2331.458,2332.795,3012480
XAUUSD,20240425,2000,2332.815,2333.578,2330.775,2331.735,572610
XAUUSD,20240425,2200,2331.675,2333.305,2331.298,2332.395,267050
XAUUSD,20240425,2300,2332.365,2332.475,2329.995,2330.545,305070
XAUUSD,20240426,0000,2330.535,2331.255,2328.605,2329.735,278710
XAUUSD,20240426,0100,2329.705,2333.075,2326.165,2332.045,1054810
XAUUSD,20240426,0200,2331.945,2336.128,2331.075,2333.725,1475060
XAUUSD,20240426,0300,2333.765,2334.765,2332.078,2334.565,1622010
XAUUSD,20240426,0400,2334.575,2338.038,2333.435,2335.835,693930
XAUUSD,20240426,0500,2335.805,2338.465,2333.818,2337.725,480690
XAUUSD,20240426,0600,2337.715,2343.045,2337.285,2340.828,1619050
XAUUSD,20240426,0700,2340.825,2347.088,2338.025,2345.405,2930110
XAUUSD,20240426,0800,2345.415,2350.035,2343.965,2346.848,4017700
XAUUSD,20240426,0900,2346.895,2352.418,2346.678,2349.215,2446730
XAUUSD,20240426,1000,2349.275,2350.305,2345.605,2347.908,2143840
XAUUSD,20240426,1100,2347.908,2348.428,2343.268,2344.775,2168460
XAUUSD,20240426,1200,2344.785,2351.428,2340.385,2344.625,4327910
XAUUSD,20240426,1300,2344.675,2350.225,2336.815,2341.315,5240520
XAUUSD,20240426,1400,2341.325,2345.155,2328.605,2333.455,5895350
XAUUSD,20240426,1500,2333.475,2337.545,2331.165,2336.615,3689660
XAUUSD,20240426,1600,2336.595,2338.815,2332.915,2333.505,3649990
XAUUSD,20240426,1700,2333.505,2340.195,2332.565,2338.395,2766600
XAUUSD,20240426,1800,2338.395,2341.275,2337.618,2340.785,2150070
XAUUSD,20240426,1900,2340.785,2340.785,2336.005,2339.915,1212300
XAUUSD,20240426,2000,2339.915,2340.045,2336.298,2337.245,1651780
XAUUSD,20240428,2200,2336.065,2337.095,2332.405,2334.545,894290
XAUUSD,20240428,2300,2334.545,2336.725,2334.145,2335.845,383370
XAUUSD,20240429,0000,2335.775,2336.145,2330.535,2331.985,582590
XAUUSD,20240429,0100,2331.985,2331.985,2319.728,2330.918,2865540
XAUUSD,20240429,0200,2330.895,2331.395,2323.978,2324.145,1806270
XAUUSD,20240429,0300,2324.124,2329.285,2323.525,2328.338,1023980
XAUUSD,20240429,0400,2328.338,2333.165,2327.255,2332.545,2037830
XAUUSD,20240429,0500,2332.555,2336.425,2329.235,2330.385,2044830
XAUUSD,20240429,0600,2330.395,2333.515,2327.325,2329.095,1751570
XAUUSD,20240429,0700,2329.145,2337.805,2328.985,2337.165,4161240
XAUUSD,20240429,0800,2337.065,2341.155,2336.038,2337.955,3177350
XAUUSD,20240429,0900,2337.975,2344.285,2336.565,2343.075,2059890
XAUUSD,20240429,1000,2343.075,2344.058,2339.765,2341.105,2318190
XAUUSD,20240429,1100,2341.105,2342.845,2335.295,2336.955,1772820
XAUUSD,20240429,1200,2336.965,2337.428,2328.195,2331.865,2344060
XAUUSD,20240429,1300,2331.775,2336.535,2325.455,2333.955,4180930
XAUUSD,20240429,1400,2333.865,2339.358,2333.798,2337.665,5169010
XAUUSD,20240429,1500,2337.635,2338.715,2332.658,2337.695,3116500
XAUUSD,20240429,1600,2337.735,2346.585,2337.345,2342.678,4604970
XAUUSD,20240429,1700,2342.725,2346.485,2339.618,2342.035,2551390
XAUUSD,20240429,1800,2342.015,2343.648,2337.534,2341.245,1286910
XAUUSD,20240429,1900,2341.145,2341.165,2332.895,2335.615,1371210
XAUUSD,20240429,2000,2335.605,2337.005,2335.045,2335.085,448130
XAUUSD,20240429,2200,2334.648,2336.215,2333.985,2334.755,192940
XAUUSD,20240429,2300,2334.778,2334.855,2332.705,2333.025,427380
XAUUSD,20240430,0000,2333.005,2334.655,2331.635,2333.875,658870
XAUUSD,20240430,0100,2333.855,2336.055,2332.315,2333.884,1007680
XAUUSD,20240430,0200,2333.935,2334.365,2326.745,2331.155,1351130
XAUUSD,20240430,0300,2331.145,2331.595,2328.465,2329.054,652450
XAUUSD,20240430,0400,2329.045,2329.385,2324.835,2326.345,366830
XAUUSD,20240430,0500,2326.295,2326.835,2321.645,2322.925,840712
XAUUSD,20240430,0600,2322.905,2323.485,2318.665,2322.305,1639090
XAUUSD,20240430,0700,2322.305,2322.545,2315.215,2317.445,1030370
XAUUSD,20240430,0800,2317.455,2318.375,2310.545,2312.815,983700
XAUUSD,20240430,0900,2312.745,2317.335,2312.155,2314.678,1002780
XAUUSD,20240430,1000,2314.685,2317.895,2314.118,2315.345,773990
XAUUSD,20240430,1100,2315.335,2315.455,2309.435,2312.625,1277360
XAUUSD,20240430,1200,2312.605,2313.355,2304.515,2305.955,2367980
XAUUSD,20240430,1300,2305.955,2313.245,2302.745,2307.585,4606930
XAUUSD,20240430,1400,2307.585,2310.505,2293.018,2293.238,4135980
XAUUSD,20240430,1500,2293.295,2300.425,2293.118,2295.835,3240535
XAUUSD,20240430,1600,2295.845,2299.235,2294.348,2294.565,1408930
XAUUSD,20240430,1700,2294.555,2297.135,2291.465,2295.845,1648600
XAUUSD,20240430,1800,2295.825,2297.365,2289.798,2290.005,1868770
XAUUSD,20240430,1900,2289.985,2294.795,2289.205,2290.655,1170520
XAUUSD,20240430,2000,2290.625,2293.405,2284.975,2285.495,902670
XAUUSD,20240430,2200,2285.965,2291.865,2285.735,2291.235,299490
XAUUSD,20240430,2300,2291.225,2293.175,2289.925,2291.265,574320
XAUUSD,20240501,0000,2291.185,2292.765,2285.575,2286.765,794560
XAUUSD,20240501,0100,2286.685,2289.315,2285.888,2287.875,1376290
XAUUSD,20240501,0200,2287.875,2288.515,2286.595,2287.875,999210
XAUUSD,20240501,0300,2287.855,2288.225,2282.745,2284.075,377850
XAUUSD,20240501,0400,2284.025,2285.355,2281.515,2283.105,600670
XAUUSD,20240501,0500,2283.045,2288.315,2282.435,2287.348,785460
XAUUSD,20240501,0600,2287.348,2289.695,2286.295,2286.705,1369320
XAUUSD,20240501,0700,2286.685,2287.825,2283.365,2285.725,1873280
XAUUSD,20240501,0800,2285.725,2286.685,2283.695,2286.155,1279260
XAUUSD,20240501,0900,2286.155,2293.005,2285.595,2291.865,1658200
XAUUSD,20240501,1000,2291.975,2294.215,2288.985,2293.018,1299930
XAUUSD,20240501,1100,2293.015,2296.975,2291.288,2294.445,2335690
XAUUSD,20240501,1200,2294.445,2299.905,2294.028,2298.125,4357100
XAUUSD,20240501,1300,2298.155,2303.325,2295.145,2302.934,5391400
XAUUSD,20240501,1400,2302.934,2310.278,2297.325,2304.355,7879840
XAUUSD,20240501,1500,2304.535,2310.325,2302.385,2307.128,5607190
XAUUSD,20240501,1600,2307.215,2307.238,2301.705,2303.618,3191120
XAUUSD,20240501,1700,2303.515,2304.855,2297.455,2299.445,2675570
XAUUSD,20240501,1800,2299.375,2328.225,2295.445,2325.128,7946710
XAUUSD,20240501,1900,2325.204,2327.745,2309.665,2309.675,6043026
XAUUSD,20240501,2000,2309.795,2320.535,2306.948,2318.115,2448370
XAUUSD,20240501,2200,2319.298,2323.155,2317.895,2320.755,619660
XAUUSD,20240501,2300,2320.825,2324.685,2320.628,2323.638,1039690
XAUUSD,20240502,0000,2323.678,2325.885,2322.835,2324.255,1208870
XAUUSD,20240502,0100,2324.255,2326.325,2321.625,2323.985,771540
XAUUSD,20240502,0200,2323.965,2325.475,2318.665,2320.108,771310
XAUUSD,20240502,0300,2320.095,2320.515,2317.205,2319.395,616460
XAUUSD,20240502,0400,2319.475,2320.875,2317.998,2318.078,274270
XAUUSD,20240502,0500,2318.055,2318.298,2312.878,2314.925,878380
XAUUSD,20240502,0600,2314.905,2318.995,2312.378,2313.565,2018630
XAUUSD,20240502,0700,2313.445,2314.995,2308.025,2309.115,3176890
XAUUSD,20240502,0800,2309.225,2310.915,2302.914,2303.888,2063940
XAUUSD,20240502,0900,2303.865,2305.265,2298.678,2301.755,2349640
XAUUSD,20240502,1000,2301.755,2301.755,2295.065,2299.235,1506380
XAUUSD,20240502,1100,2299.335,2302.825,2297.418,2298.878,2407900
XAUUSD,20240502,1200,2298.824,2304.355,2293.455,2294.385,4963710
XAUUSD,20240502,1300,2294.385,2295.755,2285.358,2291.455,4945740
XAUUSD,20240502,1400,2291.455,2304.698,2287.575,2303.865,6535640
XAUUSD,20240502,1500,2303.865,2306.825,2297.165,2299.773,4265820
XAUUSD,20240502,1600,2299.805,2303.685,2297.805,2299.498,3479620
XAUUSD,20240502,1700,2299.475,2308.408,2299.195,2307.908,2575770
XAUUSD,20240502,1800,2307.874,2309.335,2304.918,2307.885,2571520
XAUUSD,20240502,1900,2307.878,2307.915,2301.478,2302.795,2806780
XAUUSD,20240502,2000,2302.748,2303.895,2300.535,2303.305,982000
XAUUSD,20240502,2200,2303.088,2305.545,2303.088,2303.785,221280
XAUUSD,20240502,2300,2303.795,2304.385,2302.305,2304.115,473480
XAUUSD,20240503,0000,2304.115,2304.735,2300.148,2303.855,925150
XAUUSD,20240503,0100,2303.815,2306.208,2301.675,2302.525,1140640
XAUUSD,20240503,0200,2302.505,2302.885,2299.725,2300.935,1080370
XAUUSD,20240503,0300,2300.905,2302.345,2300.415,2302.345,511660
XAUUSD,20240503,0400,2302.365,2307.955,2302.028,2307.255,878280
XAUUSD,20240503,0500,2307.265,2308.615,2305.655,2305.918,845730
XAUUSD,20240503,0600,2305.918,2306.225,2298.225,2298.405,1075880
XAUUSD,20240503,0700,2298.385,2301.325,2297.675,2299.078,1282150
XAUUSD,20240503,0800,2299.105,2302.555,2298.255,2301.305,950970
XAUUSD,20240503,0900,2301.235,2303.055,2299.375,2301.455,1339840
XAUUSD,20240503,1000,2301.455,2301.595,2297.855,2299.085,596960
XAUUSD,20240503,1100,2299.085,2299.728,2296.265,2298.215,1151240
XAUUSD,20240503,1200,2298.195,2320.548,2294.475,2304.685,6924280
XAUUSD,20240503,1300,2304.685,2308.815,2277.165,2289.608,10074170
XAUUSD,20240503,1400,2289.785,2302.385,2283.014,2291.095,9328280
XAUUSD,20240503,1500,2291.095,2298.878,2289.525,2293.598,6418670
XAUUSD,20240503,1600,2293.608,2300.165,2292.735,2299.185,3681460
XAUUSD,20240503,1700,2299.135,2302.985,2296.268,2301.915,2986170
XAUUSD,20240503,1800,2301.955,2302.825,2297.275,2299.145,2112070
XAUUSD,20240503,1900,2299.145,2301.368,2295.875,2301.268,1233940
XAUUSD,20240503,2000,2301.255,2303.235,2300.545,2301.175,1175780
XAUUSD,20240505,2200,2304.655,2305.855,2300.265,2301.695,651720
XAUUSD,20240505,2300,2301.685,2302.755,2293.185,2293.875,1412020
XAUUSD,20240506,0000,2293.875,2297.815,2291.645,2295.875,1634920
XAUUSD,20240506,0100,2295.845,2308.965,2295.655,2308.258,4754310
XAUUSD,20240506,0200,2308.245,2315.215,2307.435,2311.055,1972830
XAUUSD,20240506,0300,2311.055,2311.915,2308.225,2309.215,1746970
XAUUSD,20240506,0400,2309.215,2311.608,2308.015,2309.035,1390750
XAUUSD,20240506,0500,2309.018,2313.775,2308.535,2313.315,2294030
XAUUSD,20240506,0600,2313.255,2314.635,2311.655,2313.975,2558520
XAUUSD,20240506,0700,2313.958,2324.045,2312.258,2322.645,3747840
XAUUSD,20240506,0800,2322.645,2322.965,2317.165,2318.145,2958630
XAUUSD,20240506,0900,2318.178,2321.958,2315.485,2321.005,2362460
XAUUSD,20240506,1000,2321.005,2321.905,2318.675,2319.235,1536930
XAUUSD,20240506,1100,2319.225,2322.345,2315.855,2318.165,1792420
XAUUSD,20240506,1200,2318.145,2330.195,2314.485,2323.205,3060760
XAUUSD,20240506,1300,2323.154,2331.988,2321.485,2327.745,7160970
XAUUSD,20240506,1400,2327.785,2330.455,2318.935,2320.964,4851080
XAUUSD,20240506,1500,2320.964,2325.445,2319.395,2324.665,2093100
XAUUSD,20240506,1600,2324.655,2327.278,2317.565,2325.515,2871040
XAUUSD,20240506,1700,2325.515,2326.105,2320.845,2324.585,3000920
XAUUSD,20240506,1800,2324.574,2326.495,2324.185,2326.205,1894480
XAUUSD,20240506,1900,2326.205,2327.088,2323.385,2324.915,2042740
XAUUSD,20240506,2000,2324.874,2328.795,2323.388,2323.535,1190170
XAUUSD,20240506,2200,2323.434,2326.855,2323.374,2326.598,345520
XAUUSD,20240506,2300,2326.578,2326.775,2322.095,2325.935,474810
XAUUSD,20240507,0000,2325.975,2329.345,2325.378,2329.105,1421250
XAUUSD,20240507,0100,2329.115,2329.788,2322.305,2322.675,1835990
XAUUSD,20240507,0200,2322.655,2324.195,2319.568,2321.405,955870
XAUUSD,20240507,0300,2321.378,2324.915,2321.075,2324.775,476050
XAUUSD,20240507,0400,2324.795,2324.925,2321.255,2322.535,612740
XAUUSD,20240507,0500,2322.535,2323.185,2320.155,2321.345,758470
XAUUSD,20240507,0600,2321.345,2321.345,2318.215,2320.385,1893410
XAUUSD,20240507,0700,2320.395,2321.855,2317.635,2319.195,2351510
XAUUSD,20240507,0800,2319.185,2319.755,2311.608,2315.575,2739470
XAUUSD,20240507,0900,2315.575,2317.135,2312.525,2313.665,2456430
XAUUSD,20240507,1000,2313.635,2315.755,2312.075,2315.205,1994380
XAUUSD,20240507,1100,2315.245,2316.395,2312.005,2312.245,1845620
XAUUSD,20240507,1200,2312.215,2317.228,2309.818,2315.918,2136500
XAUUSD,20240507,1300,2315.918,2323.528,2315.228,2318.245,4096080
XAUUSD,20240507,1400,2318.295,2322.308,2312.238,2314.065,3652760
XAUUSD,20240507,1500,2314.085,2319.005,2312.705,2314.655,2969080
XAUUSD,20240507,1600,2314.685,2315.998,2312.295,2312.375,1810210
XAUUSD,20240507,1700,2312.375,2317.295,2310.955,2314.138,1818160
XAUUSD,20240507,1800,2313.958,2315.208,2312.815,2314.395,2411460
XAUUSD,20240507,1900,2314.425,2315.425,2311.725,2314.555,1849500
XAUUSD,20240507,2000,2314.555,2315.395,2312.628,2313.795,1011080
XAUUSD,20240507,2200,2313.785,2316.715,2313.098,2314.335,505410
XAUUSD,20240507,2300,2314.325,2316.185,2313.978,2315.105,379280
XAUUSD,20240508,0000,2315.125,2316.205,2313.745,2314.025,610740
XAUUSD,20240508,0100,2314.015,2314.265,2306.875,2307.665,1158640
XAUUSD,20240508,0200,2307.585,2317.295,2307.205,2316.958,1208820
XAUUSD,20240508,0300,2316.905,2318.045,2315.298,2316.925,1203800
XAUUSD,20240508,0400,2316.975,2319.245,2316.715,2319.185,744530
XAUUSD,20240508,0500,2319.185,2321.345,2317.515,2317.585,826700
XAUUSD,20240508,0600,2317.585,2318.875,2313.535,2314.585,1025760
XAUUSD,20240508,0700,2314.585,2314.825,2305.115,2305.505,1244890
XAUUSD,20240508,0800,2305.505,2309.195,2303.555,2307.235,1382570
XAUUSD,20240508,0900,2307.205,2311.355,2306.925,2310.705,979540
XAUUSD,20240508,1000,2310.705,2317.005,2310.615,2315.395,708770
XAUUSD,20240508,1100,2315.415,2317.938,2312.775,2314.595,1084360
XAUUSD,20240508,1200,2314.575,2318.928,2313.245,2314.425,2388910
XAUUSD,20240508,1300,2314.415,2316.145,2306.685,2309.845,2886600
XAUUSD,20240508,1400,2309.845,2317.635,2308.878,2315.418,3413880
XAUUSD,20240508,1500,2315.395,2320.265,2312.525,2320.265,1698380
XAUUSD,20240508,1600,2320.265,2320.945,2315.725,2316.905,1763280
XAUUSD,20240508,1700,2316.915,2317.395,2313.555,2313.738,1007450
XAUUSD,20240508,1800,2313.715,2313.738,2311.338,2312.565,610860
XAUUSD,20240508,1900,2312.555,2312.685,2307.855,2308.005,822120
XAUUSD,20240508,2000,2308.125,2309.495,2307.755,2308.165,364550
XAUUSD,20240508,2200,2308.025,2310.815,2307.965,2309.455,176640
XAUUSD,20240508,2300,2309.468,2309.835,2307.945,2308.695,390830
XAUUSD,20240509,0000,2308.795,2310.428,2307.738,2309.178,457460
XAUUSD,20240509,0100,2309.398,2312.195,2308.725,2309.855,990200
XAUUSD,20240509,0200,2309.835,2311.515,2307.745,2310.185,878640
XAUUSD,20240509,0300,2310.185,2312.948,2309.288,2312.235,1339910
XAUUSD,20240509,0400,2312.065,2315.175,2311.835,2314.398,575310
XAUUSD,20240509,0500,2314.398,2319.638,2314.325,2316.515,1180220
XAUUSD,20240509,0600,2316.525,2316.995,2313.665,2314.225,1888900
XAUUSD,20240509,0700,2314.195,2314.885,2307.555,2309.215,2605510
XAUUSD,20240509,0800,2309.205,2313.235,2308.925,2310.385,2311010
XAUUSD,20240509,0900,2310.345,2311.935,2306.615,2307.505,936340
XAUUSD,20240509,1000,2307.485,2312.738,2307.205,2311.695,1592480
XAUUSD,20240509,1100,2311.635,2316.524,2310.845,2315.818,2624830
XAUUSD,20240509,1200,2315.778,2329.178,2314.495,2326.595,4793590
XAUUSD,20240509,1300,2326.585,2326.595,2311.968,2324.205,6980240
XAUUSD,20240509,1400,2324.205,2338.665,2323.175,2333.185,7571600
XAUUSD,20240509,1500,2333.205,2337.545,2328.095,2330.275,4058250
XAUUSD,20240509,1600,2330.315,2333.845,2329.415,2329.665,2391940
XAUUSD,20240509,1700,2329.655,2334.945,2329.075,2334.665,1729890
XAUUSD,20240509,1800,2334.635,2337.628,2333.755,2337.485,2486470
XAUUSD,20240509,1900,2337.485,2343.975,2335.475,2343.675,3132060
XAUUSD,20240509,2000,2343.654,2347.095,2343.048,2345.985,1970260
XAUUSD,20240509,2200,2345.385,2347.665,2342.965,2346.205,372980
XAUUSD,20240509,2300,2346.315,2348.245,2345.764,2346.404,467690
XAUUSD,20240510,0000,2346.495,2348.898,2345.865,2347.458,894900
XAUUSD,20240510,0100,2347.478,2355.674,2347.345,2350.205,2957430
XAUUSD,20240510,0200,2350.175,2351.665,2347.115,2349.375,1185770
XAUUSD,20240510,0300,2349.348,2353.955,2348.974,2353.255,1844580
XAUUSD,20240510,0400,2353.285,2354.425,2351.115,2353.885,700030
XAUUSD,20240510,0500,2353.885,2358.655,2353.675,2357.065,1880790
XAUUSD,20240510,0600,2357.065,2369.065,2355.955,2368.475,1557290
XAUUSD,20240510,0700,2368.405,2370.225,2364.725,2366.535,3474140
XAUUSD,20240510,0800,2366.535,2372.055,2365.725,2369.435,2038250
XAUUSD,20240510,0900,2369.438,2375.285,2369.438,2372.475,2202180
XAUUSD,20240510,1000,2372.475,2378.365,2371.525,2374.658,2063490
XAUUSD,20240510,1100,2374.635,2375.565,2371.075,2372.075,1657480
XAUUSD,20240510,1200,2371.995,2375.648,2361.638,2364.725,4421400
XAUUSD,20240510,1300,2364.585,2371.975,2360.065,2367.275,4484460
XAUUSD,20240510,1400,2367.228,2372.874,2357.665,2360.595,6260790
XAUUSD,20240510,1500,2360.615,2366.308,2356.495,2364.755,4437950
XAUUSD,20240510,1600,2364.755,2369.928,2361.585,2368.248,3203910
XAUUSD,20240510,1700,2368.228,2369.895,2366.725,2369.535,2429870
XAUUSD,20240510,1800,2369.585,2370.815,2366.545,2367.238,1813010
XAUUSD,20240510,1900,2367.238,2367.355,2362.125,2363.295,1429990
XAUUSD,20240510,2000,2363.315,2364.945,2359.605,2360.175,687590
XAUUSD,20240512,2200,2362.895,2363.995,2359.878,2361.325,818210
XAUUSD,20240512,2300,2361.365,2362.455,2359.625,2360.278,336890
XAUUSD,20240513,0000,2360.325,2364.355,2359.768,2363.935,928760
XAUUSD,20240513,0100,2363.908,2364.005,2354.715,2359.058,2104240
XAUUSD,20240513,0200,2359.068,2359.708,2357.495,2358.875,2271970
XAUUSD,20240513,0300,2358.878,2359.258,2356.165,2356.958,1733860
XAUUSD,20240513,0400,2356.925,2356.925,2354.085,2354.195,443920
XAUUSD,20240513,0500,2354.175,2354.925,2351.078,2352.508,1080820
XAUUSD,20240513,0600,2352.508,2354.325,2347.265,2349.535,1758970
XAUUSD,20240513,0700,2349.535,2351.205,2346.395,2348.518,973970
XAUUSD,20240513,0800,2348.518,2350.258,2341.505,2343.135,1148010
XAUUSD,20240513,0900,2343.165,2344.198,2339.015,2340.085,1737180
XAUUSD,20240513,1000,2340.085,2344.005,2339.185,2343.208,1236830
XAUUSD,20240513,1100,2343.185,2346.515,2338.325,2344.475,1846765
XAUUSD,20240513,1200,2344.364,2349.678,2343.528,2346.975,2178630
XAUUSD,20240513,1300,2346.995,2349.295,2340.235,2343.965,3056730
XAUUSD,20240513,1400,2343.908,2345.878,2340.605,2343.648,5782025
XAUUSD,20240513,1500,2343.598,2343.598,2331.985,2335.778,6900400
XAUUSD,20240513,1600,2335.765,2337.665,2334.558,2336.615,3387980
XAUUSD,20240513,1700,2336.615,2338.075,2334.385,2335.818,1812740
XAUUSD,20240513,1800,2335.835,2337.898,2335.668,2337.258,1321430
XAUUSD,20240513,1900,2337.278,2338.408,2335.718,2337.248,1049980
XAUUSD,20240513,2000,2337.248,2337.358,2335.135,2336.545,341980
XAUUSD,20240513,2200,2334.935,2338.315,2334.935,2337.455,235930
XAUUSD,20240513,2300,2337.455,2339.195,2337.335,2338.275,262150
XAUUSD,20240514,0000,2338.275,2339.605,2334.695,2336.268,590860
XAUUSD,20240514,0100,2336.245,2341.965,2336.225,2341.865,1303580
XAUUSD,20240514,0200,2341.865,2344.385,2339.995,2340.315,1047200
XAUUSD,20240514,0300,2340.305,2343.525,2339.805,2343.008,559130
XAUUSD,20240514,0400,2342.975,2344.775,2342.475,2343.928,373430
XAUUSD,20240514,0500,2343.925,2345.798,2342.475,2344.665,1195450
XAUUSD,20240514,0600,2344.655,2345.175,2336.768,2338.105,1684010
XAUUSD,20240514,0700,2338.068,2339.668,2335.985,2339.085,1286580
XAUUSD,20240514,0800,2339.135,2343.808,2337.695,2343.695,1192920
XAUUSD,20240514,0900,2343.695,2348.108,2343.595,2345.698,2938830
XAUUSD,20240514,1000,2345.698,2347.425,2342.485,2345.568,3131080
XAUUSD,20240514,1100,2345.565,2346.195,2342.308,2343.415,2730980
XAUUSD,20240514,1200,2343.415,2350.095,2336.395,2348.048,8064250
XAUUSD,20240514,1300,2348.158,2355.028,2344.824,2353.745,7725380
XAUUSD,20240514,1400,2353.728,2356.935,2347.995,2353.018,5059090
XAUUSD,20240514,1500,2353.018,2353.725,2347.105,2347.848,3393850
XAUUSD,20240514,1600,2347.838,2355.388,2346.205,2354.095,2956950
XAUUSD,20240514,1700,2354.065,2356.428,2351.885,2355.798,1897120
XAUUSD,20240514,1800,2355.735,2359.558,2355.598,2357.548,1576040
XAUUSD,20240514,1900,2357.528,2357.905,2354.945,2356.505,1372560
XAUUSD,20240514,2000,2356.585,2358.378,2356.015,2357.715,358590
XAUUSD,20240514,2200,2357.038,2357.875,2356.138,2357.415,259530
XAUUSD,20240514,2300,2357.404,2357.404,2354.975,2355.695,721800
XAUUSD,20240515,0000,2355.695,2356.835,2354.774,2355.708,902570
XAUUSD,20240515,0100,2355.684,2358.875,2354.818,2357.368,1827990
XAUUSD,20240515,0200,2357.378,2359.005,2356.395,2358.488,1543240
XAUUSD,20240515,0300,2358.475,2360.895,2357.568,2360.238,1003580
XAUUSD,20240515,0400,2360.238,2360.715,2356.055,2356.905,749010
XAUUSD,20240515,0500,2356.905,2358.928,2355.575,2358.365,1608010
XAUUSD,20240515,0600,2358.358,2359.605,2356.685,2358.625,2805420
XAUUSD,20240515,0700,2358.625,2364.838,2358.325,2362.315,3599960
XAUUSD,20240515,0800,2362.315,2374.175,2362.255,2373.085,4382980
XAUUSD,20240515,0900,2373.085,2374.138,2368.085,2369.155,3248060
XAUUSD,20240515,1000,2369.185,2370.755,2365.135,2365.745,2209200
XAUUSD,20240515,1100,2365.745,2366.675,2361.915,2362.668,1722770
XAUUSD,20240515,1200,2362.625,2378.795,2358.583,2372.485,5498110
XAUUSD,20240515,1300,2372.455,2375.365,2351.735,2358.055,8491830
XAUUSD,20240515,1400,2358.035,2373.675,2353.748,2373.655,5044880
XAUUSD,20240515,1500,2373.675,2385.665,2372.978,2377.488,4626510
XAUUSD,20240515,1600,2377.518,2386.598,2376.975,2383.538,3409480
XAUUSD,20240515,1700,2383.535,2390.188,2383.455,2389.138,3624010
XAUUSD,20240515,1800,2389.065,2389.288,2383.505,2385.378,2087770
XAUUSD,20240515,1900,2385.338,2387.428,2383.718,2386.305,1539100
XAUUSD,20240515,2000,2386.295,2388.555,2385.398,2385.425,629350
XAUUSD,20240515,2200,2386.065,2389.385,2385.065,2388.868,317280
XAUUSD,20240515,2300,2388.865,2391.815,2388.758,2391.715,499930
XAUUSD,20240516,0000,2391.755,2395.065,2390.165,2394.875,1488690
XAUUSD,20240516,0100,2394.905,2397.275,2389.465,2391.485,2759890
XAUUSD,20240516,0200,2391.475,2391.685,2386.415,2387.375,2414690
XAUUSD,20240516,0300,2387.375,2390.615,2386.455,2388.595,1143970
XAUUSD,20240516,0400,2388.595,2392.035,2386.945,2391.235,880660
XAUUSD,20240516,0500,2391.235,2394.388,2390.025,2390.045,2032880
XAUUSD,20240516,0600,2390.045,2390.275,2386.368,2386.958,2358072
XAUUSD,20240516,0700,2386.995,2391.045,2384.545,2389.205,1673520
XAUUSD,20240516,0800,2389.185,2391.255,2385.225,2385.958,2069610
XAUUSD,20240516,0900,2385.935,2387.645,2383.638,2385.305,1495490
XAUUSD,20240516,1000,2385.305,2385.595,2380.805,2384.795,1451890
XAUUSD,20240516,1100,2384.795,2386.485,2381.375,2384.508,1335350
XAUUSD,20240516,1200,2384.485,2386.125,2377.888,2379.065,3743140
XAUUSD,20240516,1300,2379.065,2382.115,2371.565,2374.975,6311065
XAUUSD,20240516,1400,2374.975,2378.928,2370.845,2373.185,4944050
XAUUSD,20240516,1500,2373.185,2382.275,2372.995,2381.428,4007750
XAUUSD,20240516,1600,2381.415,2383.645,2379.005,2381.888,3553960
XAUUSD,20240516,1700,2381.888,2382.338,2379.695,2381.335,2987300
XAUUSD,20240516,1800,2381.398,2381.918,2378.265,2379.588,1662490
XAUUSD,20240516,1900,2379.565,2381.775,2377.704,2378.045,1524010
XAUUSD,20240516,2000,2378.085,2378.285,2375.788,2376.464,496480
XAUUSD,20240516,2200,2376.098,2379.255,2376.098,2378.215,214410
XAUUSD,20240516,2300,2378.215,2379.585,2377.698,2377.705,263520
XAUUSD,20240517,0000,2377.785,2379.525,2377.385,2377.858,684430
XAUUSD,20240517,0100,2377.945,2378.765,2375.998,2378.018,2030360
XAUUSD,20240517,0200,2378.205,2381.095,2373.788,2375.025,1370020
XAUUSD,20240517,0300,2375.025,2377.765,2374.575,2377.755,1165460
XAUUSD,20240517,0400,2377.765,2379.045,2376.515,2378.718,399480
XAUUSD,20240517,0500,2378.698,2382.245,2378.395,2381.238,1510500
XAUUSD,20240517,0600,2381.238,2386.555,2380.775,2385.848,2277930
XAUUSD,20240517,0700,2385.858,2387.668,2382.765,2383.748,2384440
XAUUSD,20240517,0800,2383.748,2385.535,2381.185,2384.115,2439140
XAUUSD,20240517,0900,2384.075,2386.445,2381.575,2382.395,1410920
XAUUSD,20240517,1000,2382.365,2387.438,2381.665,2387.268,1477640
XAUUSD,20240517,1100,2387.268,2390.028,2385.645,2389.685,1842000
XAUUSD,20240517,1200,2389.685,2393.945,2386.755,2393.205,3768470
XAUUSD,20240517,1300,2393.235,2405.055,2393.235,2401.535,5682980
XAUUSD,20240517,1400,2401.475,2415.448,2398.625,2413.295,6988540
XAUUSD,20240517,1500,2413.265,2418.988,2403.598,2407.615,4383940
XAUUSD,20240517,1600,2407.675,2414.108,2407.655,2407.758,2832710
XAUUSD,20240517,1700,2407.728,2414.175,2405.625,2414.118,2246190
XAUUSD,20240517,1800,2414.185,2419.055,2413.185,2417.338,2481040
XAUUSD,20240517,1900,2417.285,2417.775,2411.438,2416.358,1552310
XAUUSD,20240517,2000,2416.365,2422.575,2413.298,2414.525,1233690
XAUUSD,20240519,2200,2417.098,2425.195,2416.715,2417.635,714500
XAUUSD,20240519,2300,2417.525,2420.475,2416.955,2420.185,763860
XAUUSD,20240520,0000,2420.185,2426.395,2416.415,2425.335,1473060
XAUUSD,20240520,0100,2425.435,2440.465,2425.435,2434.545,3526770
XAUUSD,20240520,0200,2434.615,2437.005,2428.695,2433.915,1721100
XAUUSD,20240520,0300,2433.905,2438.785,2430.825,2437.518,1906730
XAUUSD,20240520,0400,2437.488,2439.548,2435.025,2437.188,2459980
XAUUSD,20240520,0500,2437.165,2449.985,2436.855,2449.445,2304800
XAUUSD,20240520,0600,2449.485,2449.655,2431.848,2438.695,3270690
XAUUSD,20240520,0700,2438.695,2443.625,2435.465,2442.108,2635520
XAUUSD,20240520,0800,2442.075,2443.495,2436.835,2439.955,1488660
XAUUSD,20240520,0900,2440.015,2447.015,2438.575,2441.585,2305930
XAUUSD,20240520,1000,2441.635,2442.945,2434.448,2436.205,1926770
XAUUSD,20240520,1100,2436.185,2437.095,2427.525,2430.495,3230830
XAUUSD,20240520,1200,2430.435,2430.695,2407.145,2413.735,4895430
XAUUSD,20240520,1300,2413.655,2422.555,2410.235,2420.075,7471760
XAUUSD,20240520,1400,2420.085,2423.505,2414.635,2422.875,5590290
XAUUSD,20240520,1500,2422.875,2426.848,2419.328,2424.808,4528560
XAUUSD,20240520,1600,2424.768,2427.988,2422.365,2426.415,2751270
XAUUSD,20240520,1700,2426.415,2436.648,2425.585,2435.228,3843370
XAUUSD,20240520,1800,2435.185,2437.205,2431.775,2435.085,3128300
XAUUSD,20240520,1900,2435.095,2435.268,2425.935,2426.648,2566120
XAUUSD,20240520,2000,2426.825,2427.875,2423.195,2425.675,1040930
XAUUSD,20240520,2200,2425.698,2430.435,2425.698,2427.175,286020
XAUUSD,20240520,2300,2427.304,2428.468,2425.095,2426.105,337410
XAUUSD,20240521,0000,2426.115,2429.785,2424.215,2428.805,1036900
XAUUSD,20240521,0100,2428.785,2432.955,2419.478,2420.308,3190330
XAUUSD,20240521,0200,2420.265,2422.505,2411.378,2413.815,3606620
XAUUSD,20240521,0300,2413.785,2417.038,2406.158,2413.665,2021350
XAUUSD,20240521,0400,2413.645,2415.788,2410.564,2412.318,1252350
XAUUSD,20240521,0500,2412.285,2417.905,2412.005,2416.378,1487040
XAUUSD,20240521,0600,2416.368,2417.265,2409.525,2410.485,2158820
XAUUSD,20240521,0700,2410.485,2422.075,2408.484,2419.185,3059940
XAUUSD,20240521,0800,2419.235,2419.875,2414.205,2418.625,2293080
XAUUSD,20240521,0900,2418.555,2420.065,2412.058,2416.225,2275530
XAUUSD,20240521,1000,2416.185,2419.905,2414.825,2419.665,1747670
XAUUSD,20240521,1100,2419.668,2423.628,2417.205,2423.325,1801200
XAUUSD,20240521,1200,2423.325,2429.825,2422.285,2426.125,4771920
XAUUSD,20240521,1300,2426.125,2431.385,2420.325,2427.645,9237940
XAUUSD,20240521,1400,2427.645,2431.578,2425.235,2429.405,4814320
XAUUSD,20240521,1500,2429.428,2433.838,2419.915,2423.275,4397680
XAUUSD,20240521,1600,2423.255,2423.585,2417.875,2422.725,3624080
XAUUSD,20240521,1700,2422.765,2423.708,2418.415,2419.858,2930200
XAUUSD,20240521,1800,2419.825,2420.478,2417.238,2420.308,1117300
XAUUSD,20240521,1900,2420.295,2424.928,2419.835,2423.228,1750630
XAUUSD,20240521,2000,2423.225,2423.338,2420.258,2420.365,546230
XAUUSD,20240521,2200,2421.034,2422.014,2420.274,2421.814,419040
XAUUSD,20240521,2300,2421.804,2421.984,2421.024,2421.494,709770
XAUUSD,20240522,0000,2421.564,2422.954,2420.134,2420.294,1573870
XAUUSD,20240522,0100,2420.334,2423.224,2419.124,2421.814,3447260
XAUUSD,20240522,0200,2421.784,2426.344,2415.714,2417.604,3233320
XAUUSD,20240522,0300,2417.624,2419.344,2412.224,2413.904,2590050
XAUUSD,20240522,0400,2413.914,2415.984,2411.884,2412.694,1463350
XAUUSD,20240522,0500,2412.644,2417.184,2411.214,2416.954,4533940
XAUUSD,20240522,0600,2417.074,2417.874,2413.494,2416.864,6304080
XAUUSD,20240522,0700,2416.834,2418.314,2412.074,2417.024,6380940
XAUUSD,20240522,0800,2417.034,2417.294,2410.394,2416.705,4219290
XAUUSD,20240522,0900,2416.835,2417.885,2414.265,2417.145,1795990
XAUUSD,20240522,1000,2417.165,2419.195,2414.165,2414.635,1354550
XAUUSD,20240522,1100,2414.598,2415.155,2404.648,2408.665,2569750
XAUUSD,20240522,1200,2408.645,2414.968,2408.615,2412.295,4625110
XAUUSD,20240522,1300,2412.295,2413.145,2405.675,2411.445,7333320
XAUUSD,20240522,1400,2411.444,2411.444,2382.105,2388.525,7746970
XAUUSD,20240522,1500,2388.405,2395.245,2386.495,2391.918,4474750
XAUUSD,20240522,1600,2391.895,2394.915,2389.315,2391.798,3278600
XAUUSD,20240522,1700,2391.775,2394.235,2386.618,2388.195,2561050
XAUUSD,20240522,1800,2388.195,2390.615,2374.855,2377.745,4909040
XAUUSD,20240522,1900,2377.695,2379.945,2376.708,2379.108,2686580
XAUUSD,20240522,2000,2379.058,2380.455,2377.315,2377.745,1304590
XAUUSD,20240522,2200,2379.015,2381.165,2377.575,2380.475,421900
XAUUSD,20240522,2300,2380.495,2382.635,2380.225,2382.105,644760
XAUUSD,20240523,0000,2382.115,2383.605,2378.795,2380.195,1014870
XAUUSD,20240523,0100,2380.235,2381.795,2366.628,2372.855,5266740
XAUUSD,20240523,0200,2372.858,2375.575,2367.985,2369.405,1661590
XAUUSD,20240523,0300,2369.355,2372.755,2367.744,2372.365,1092950
XAUUSD,20240523,0400,2372.315,2373.808,2371.335,2372.668,717080
XAUUSD,20240523,0500,2372.665,2373.008,2358.185,2359.845,2333960
XAUUSD,20240523,0600,2359.835,2367.025,2354.855,2364.145,3625080
XAUUSD,20240523,0700,2364.144,2364.695,2355.008,2355.955,5464770
XAUUSD,20240523,0800,2355.955,2361.678,2355.005,2360.345,4351300
XAUUSD,20240523,0900,2360.335,2364.168,2358.655,2363.915,3163620
XAUUSD,20240523,1000,2363.958,2367.595,2363.425,2366.265,2683960
XAUUSD,20240523,1100,2366.285,2369.315,2365.528,2367.945,3011900
XAUUSD,20240523,1200,2367.908,2369.215,2360.615,2362.615,4307760
XAUUSD,20240523,1300,2362.635,2369.705,2350.488,2358.475,8372510
XAUUSD,20240523,1400,2358.485,2363.745,2341.415,2345.775,7512240
XAUUSD,20240523,1500,2345.775,2349.735,2340.175,2346.018,5697030
XAUUSD,20240523,1600,2346.048,2350.055,2339.905,2340.825,3932140
XAUUSD,20240523,1700,2340.805,2342.905,2331.818,2332.078,3896825
XAUUSD,20240523,1800,2332.005,2336.275,2331.675,2334.678,2871990
XAUUSD,20240523,1900,2334.365,2334.775,2330.845,2331.418,1890060
XAUUSD,20240523,2000,2331.395,2332.638,2326.848,2328.375,846100
XAUUSD,20240523,2200,2327.808,2332.005,2327.808,2330.815,505110
XAUUSD,20240523,2300,2330.815,2333.515,2330.365,2331.908,544950
XAUUSD,20240524,0000,2331.908,2332.208,2327.408,2328.968,950300
XAUUSD,20240524,0100,2328.934,2335.058,2326.615,2333.815,2400830
XAUUSD,20240524,0200,2333.795,2334.425,2325.265,2330.688,2125160
XAUUSD,20240524,0300,2330.585,2331.445,2328.375,2330.495,981130
XAUUSD,20240524,0400,2330.495,2334.985,2330.355,2334.935,875080
XAUUSD,20240524,0500,2334.928,2339.195,2333.055,2338.445,1287770
XAUUSD,20240524,0600,2338.495,2339.465,2335.065,2338.695,1885060
XAUUSD,20240524,0700,2338.665,2340.495,2336.905,2337.618,1436000
XAUUSD,20240524,0800,2337.608,2341.008,2335.975,2340.045,2006950
XAUUSD,20240524,0900,2340.065,2343.125,2337.425,2337.528,1252540
XAUUSD,20240524,1000,2337.465,2343.735,2336.878,2340.175,2104920
XAUUSD,20240524,1100,2340.175,2341.948,2337.655,2338.108,2076260
XAUUSD,20240524,1200,2338.108,2340.775,2335.065,2339.275,2842910
XAUUSD,20240524,1300,2339.255,2347.325,2336.705,2337.055,3738360
XAUUSD,20240524,1400,2337.335,2343.085,2335.398,2338.325,3095940
XAUUSD,20240524,1500,2338.325,2340.135,2332.255,2334.475,2239870
XAUUSD,20240524,1600,2334.495,2336.868,2332.735,2334.168,2621650
XAUUSD,20240524,1700,2334.125,2334.415,2331.825,2332.585,1342360
XAUUSD,20240524,1800,2332.598,2336.675,2332.455,2334.795,1047670
XAUUSD,20240524,1900,2334.795,2334.798,2331.765,2333.658,977460
XAUUSD,20240524,2000,2333.815,2335.028,2333.075,2333.405,516570
XAUUSD,20240526,2200,2336.365,2340.545,2332.125,2340.108,654240
XAUUSD,20240526,2300,2340.084,2340.588,2336.445,2337.105,596370
XAUUSD,20240527,0000,2337.135,2337.268,2334.328,2336.075,779480
XAUUSD,20240527,0100,2336.025,2340.218,2334.475,2339.558,1160150
XAUUSD,20240527,0200,2339.465,2346.325,2338.598,2346.035,1037280
XAUUSD,20240527,0300,2346.035,2347.485,2343.485,2345.905,1349230
XAUUSD,20240527,0400,2345.885,2345.948,2340.875,2342.885,639310
XAUUSD,20240527,0500,2342.815,2344.128,2340.195,2343.595,995330
XAUUSD,20240527,0600,2343.618,2344.515,2341.158,2341.298,2155010
XAUUSD,20240527,0700,2341.258,2341.405,2337.975,2338.458,1971050
XAUUSD,20240527,0800,2338.555,2346.085,2338.055,2344.125,2514180
XAUUSD,20240527,0900,2344.125,2345.655,2342.878,2343.185,1878570
XAUUSD,20240527,1000,2343.185,2345.768,2342.268,2344.788,1457060
XAUUSD,20240527,1100,2344.765,2345.908,2343.075,2344.975,2248680
XAUUSD,20240527,1200,2344.975,2349.734,2343.575,2347.058,3827610
XAUUSD,20240527,1300,2347.058,2356.845,2344.525,2354.788,4661760
XAUUSD,20240527,1400,2354.788,2358.388,2353.938,2354.208,4260380
XAUUSD,20240527,1500,2354.134,2356.705,2352.028,2352.328,2689400
XAUUSD,20240527,1600,2352.285,2355.445,2352.028,2354.778,2063770
XAUUSD,20240527,1700,2354.735,2354.925,2352.155,2354.875,1491090
XAUUSD,20240527,1800,2354.885,2354.965,2350.498,2350.754,519160
XAUUSD,20240527,2200,2351.098,2353.765,2351.045,2351.965,242630
XAUUSD,20240527,2300,2351.985,2352.695,2350.945,2352.365,509990
XAUUSD,20240528,0000,2352.365,2353.525,2351.095,2351.635,777230
XAUUSD,20240528,0100,2351.635,2356.228,2349.015,2354.598,2175350
XAUUSD,20240528,0200,2354.585,2355.745,2351.435,2354.048,1380150
XAUUSD,20240528,0300,2354.025,2354.395,2350.035,2350.788,1028220
XAUUSD,20240528,0400,2350.745,2351.985,2350.305,2350.868,499800
XAUUSD,20240528,0500,2350.868,2353.625,2349.428,2350.315,1175550
XAUUSD,20240528,0600,2350.325,2350.325,2341.235,2341.715,2959900
XAUUSD,20240528,0700,2341.675,2344.855,2341.605,2343.975,1308700
XAUUSD,20240528,0800,2343.935,2344.955,2340.155,2344.795,2283370
XAUUSD,20240528,0900,2344.815,2345.075,2342.155,2343.728,1455210
XAUUSD,20240528,1000,2343.705,2346.135,2343.095,2345.605,924990
XAUUSD,20240528,1100,2345.605,2348.348,2343.455,2347.348,1202760
XAUUSD,20240528,1200,2347.294,2357.025,2345.815,2353.035,2654000
XAUUSD,20240528,1300,2353.035,2363.975,2352.095,2354.935,5796230
XAUUSD,20240528,1400,2354.735,2356.845,2347.805,2355.168,4670910
XAUUSD,20240528,1500,2355.158,2361.965,2352.805,2360.188,3157880
XAUUSD,20240528,1600,2360.155,2362.105,2355.115,2356.568,2717010
XAUUSD,20240528,1700,2356.508,2359.925,2353.058,2356.798,2680330
XAUUSD,20240528,1800,2356.725,2357.688,2352.685,2356.988,1708400
XAUUSD,20240528,1900,2356.975,2360.078,2355.665,2358.108,1944490
XAUUSD,20240528,2000,2358.055,2361.315,2357.705,2361.015,1033670
XAUUSD,20240528,2200,2360.185,2362.105,2357.935,2359.055,402490
XAUUSD,20240528,2300,2359.055,2360.765,2357.965,2359.685,607700
XAUUSD,20240529,0000,2359.495,2360.915,2357.215,2357.715,1000230
XAUUSD,20240529,0100,2357.715,2359.355,2355.568,2356.348,2226530
XAUUSD,20240529,0200,2356.335,2360.748,2354.288,2355.515,1659130
XAUUSD,20240529,0300,2355.515,2359.025,2355.195,2358.045,1108490
XAUUSD,20240529,0400,2358.075,2358.925,2356.728,2358.138,487730
XAUUSD,20240529,0500,2358.235,2361.275,2356.398,2356.648,1936670
XAUUSD,20240529,0600,2356.605,2356.635,2350.975,2355.695,1773690
XAUUSD,20240529,0700,2355.695,2356.058,2349.925,2350.425,2070480
XAUUSD,20240529,0800,2350.405,2351.715,2344.795,2345.375,2762460
XAUUSD,20240529,0900,2345.405,2346.084,2340.758,2345.634,2314260
XAUUSD,20240529,1000,2345.608,2347.118,2342.975,2346.395,1384930
XAUUSD,20240529,1100,2346.345,2346.905,2338.435,2341.585,2279380
XAUUSD,20240529,1200,2341.495,2343.638,2334.438,2337.535,2607080
XAUUSD,20240529,1300,2337.685,2347.065,2335.768,2345.545,5312950
XAUUSD,20240529,1400,2345.555,2346.335,2341.355,2343.365,3360150
XAUUSD,20240529,1500,2343.365,2343.615,2336.635,2339.048,2336180
XAUUSD,20240529,1600,2339.038,2341.808,2335.895,2341.808,2461040
XAUUSD,20240529,1700,2341.724,2344.158,2339.235,2343.598,2346050
XAUUSD,20240529,1800,2343.528,2344.198,2337.938,2338.118,1735430
XAUUSD,20240529,1900,2338.095,2339.218,2336.225,2336.648,1317780
XAUUSD,20240529,2000,2336.675,2338.575,2335.785,2337.755,797850
XAUUSD,20240529,2200,2337.098,2339.105,2336.845,2337.495,448690
XAUUSD,20240529,2300,2337.508,2338.985,2337.428,2338.285,682590
XAUUSD,20240530,0000,2338.235,2338.285,2333.898,2336.748,1333640
XAUUSD,20240530,0100,2336.748,2339.758,2333.000,2333.918,2163800
XAUUSD,20240530,0200,2333.875,2336.465,2327.885,2330.725,2069150
XAUUSD,20240530,0300,2330.765,2334.955,2329.005,2334.268,2750750
XAUUSD,20240530,0400,2334.255,2337.035,2333.925,2335.175,992480
XAUUSD,20240530,0500,2335.155,2335.688,2322.458,2324.775,2176441
XAUUSD,20240530,0600,2324.855,2332.975,2323.868,2332.735,2984290
XAUUSD,20240530,0700,2332.735,2337.588,2332.155,2334.255,2110710
XAUUSD,20240530,0800,2334.355,2335.688,2331.785,2334.918,2312720
XAUUSD,20240530,0900,2334.915,2337.885,2331.535,2333.075,2188650
XAUUSD,20240530,1000,2333.075,2340.795,2330.455,2340.545,2214130
XAUUSD,20240530,1100,2340.545,2340.555,2335.125,2335.748,2071100
XAUUSD,20240530,1200,2335.745,2345.105,2331.895,2341.178,5518410
XAUUSD,20240530,1300,2341.165,2348.465,2339.635,2348.465,6100510
XAUUSD,20240530,1400,2348.475,2351.698,2342.628,2343.995,5400670
XAUUSD,20240530,1500,2343.995,2345.598,2341.655,2343.738,3308400
XAUUSD,20240530,1600,2343.738,2347.908,2340.764,2347.735,1856400
XAUUSD,20240530,1700,2347.755,2348.755,2342.735,2344.338,1610010
XAUUSD,20240530,1800,2344.338,2344.468,2341.185,2342.478,1816130
XAUUSD,20240530,1900,2342.395,2342.498,2339.795,2341.428,1991400
XAUUSD,20240530,2000,2341.425,2343.525,2341.335,2342.875,609970
XAUUSD,20240530,2200,2344.705,2344.915,2341.845,2344.005,623600
XAUUSD,20240530,2300,2343.995,2346.275,2343.058,2343.864,653620
XAUUSD,20240531,0000,2343.865,2347.378,2342.378,2346.158,1139430
XAUUSD,20240531,0100,2346.178,2347.524,2342.985,2346.465,2687790
XAUUSD,20240531,0200,2346.465,2347.608,2342.175,2342.428,1548130
XAUUSD,20240531,0300,2342.448,2343.595,2336.845,2343.595,1530480
XAUUSD,20240531,0400,2343.595,2345.395,2340.855,2343.985,1251690
XAUUSD,20240531,0500,2343.985,2344.768,2341.575,2342.305,1497890
XAUUSD,20240531,0600,2342.315,2346.945,2341.865,2345.695,2052010
XAUUSD,20240531,0700,2345.685,2345.705,2339.825,2340.295,2129350
XAUUSD,20240531,0800,2340.315,2343.735,2339.615,2343.135,1502220
XAUUSD,20240531,0900,2343.095,2344.345,2340.885,2342.035,1290970
XAUUSD,20240531,1000,2342.035,2344.385,2341.445,2343.875,1291760
XAUUSD,20240531,1100,2343.905,2344.785,2342.525,2343.725,1040970
XAUUSD,20240531,1200,2343.705,2356.675,2342.325,2354.665,3769400
XAUUSD,20240531,1300,2354.545,2359.598,2343.285,2348.025,6192100
XAUUSD,20240531,1400,2348.055,2348.945,2334.018,2335.095,6677090
XAUUSD,20240531,1500,2335.135,2336.045,2327.625,2329.978,6290580
XAUUSD,20240531,1600,2329.925,2336.618,2329.625,2332.765,2853440
XAUUSD,20240531,1700,2332.725,2333.688,2323.835,2325.848,4346850
XAUUSD,20240531,1800,2325.855,2327.125,2322.275,2322.818,3103080
XAUUSD,20240531,1900,2322.785,2328.155,2320.395,2327.588,2071780
XAUUSD,20240531,2000,2327.525,2330.495,2326.915,2326.995,990920
XAUUSD,20240603,0000,2325.795,2327.395,2323.898,2327.005,865980
XAUUSD,20240603,0100,2326.985,2331.005,2326.048,2330.645,2280550
XAUUSD,20240603,0200,2330.665,2330.855,2325.438,2326.228,2173830
XAUUSD,20240603,0300,2326.205,2328.015,2320.785,2321.285,1547510
XAUUSD,20240603,0400,2321.335,2322.395,2319.895,2321.205,805380
XAUUSD,20240603,0500,2321.225,2323.605,2315.215,2320.085,2141380
XAUUSD,20240603,0600,2320.045,2322.705,2314.635,2322.285,3526380
XAUUSD,20240603,0700,2322.285,2328.755,2322.095,2325.845,2352720
XAUUSD,20240603,0800,2325.845,2328.415,2324.658,2325.375,2349550
XAUUSD,20240603,0900,2325.375,2328.585,2324.308,2327.698,3225880
XAUUSD,20240603,1000,2327.615,2333.128,2326.055,2330.678,3362570
XAUUSD,20240603,1100,2330.614,2332.268,2328.825,2329.868,3925200
XAUUSD,20240603,1200,2329.868,2334.288,2325.535,2333.888,4694050
XAUUSD,20240603,1300,2333.805,2336.605,2329.685,2333.198,5410580
XAUUSD,20240603,1400,2333.138,2345.575,2333.138,2341.618,6486960
XAUUSD,20240603,1500,2341.534,2344.085,2335.358,2342.675,4797050
XAUUSD,20240603,1600,2342.675,2350.105,2341.235,2349.055,4354450
XAUUSD,20240603,1700,2349.065,2354.565,2345.958,2348.275,2951140
XAUUSD,20240603,1800,2348.298,2349.335,2346.428,2348.138,2336380
XAUUSD,20240603,1900,2348.188,2348.978,2344.605,2347.588,2320690
XAUUSD,20240603,2000,2347.555,2351.018,2346.865,2350.405,633290
XAUUSD,20240603,2200,2350.495,2352.005,2349.965,2350.645,358320
XAUUSD,20240603,2300,2350.625,2350.955,2349.655,2350.488,571420
XAUUSD,20240604,0000,2350.485,2352.645,2349.995,2350.508,1402050
XAUUSD,20240604,0100,2350.475,2352.195,2343.068,2346.955,3580390
XAUUSD,20240604,0200,2347.005,2349.495,2345.558,2346.778,1147810
XAUUSD,20240604,0300,2346.725,2346.818,2343.965,2345.578,1216070
XAUUSD,20240604,0400,2345.578,2349.768,2344.958,2349.188,776830
XAUUSD,20240604,0500,2349.155,2349.475,2347.125,2347.605,1093990
XAUUSD,20240604,0600,2347.615,2351.675,2344.168,2344.365,1827140
XAUUSD,20240604,0700,2344.385,2345.015,2339.008,2339.585,2134030
XAUUSD,20240604,0800,2339.605,2339.625,2332.185,2333.225,2367830
XAUUSD,20240604,0900,2333.235,2334.155,2326.615,2329.708,4463390
XAUUSD,20240604,1000,2329.775,2334.705,2329.000,2329.088,3774295
XAUUSD,20240604,1100,2329.058,2329.635,2325.400,2327.865,3111450
XAUUSD,20240604,1200,2327.865,2335.845,2326.565,2334.968,4343270
XAUUSD,20240604,1300,2334.965,2337.925,2322.028,2324.175,5540620
XAUUSD,20240604,1400,2324.015,2332.335,2315.508,2317.505,7711800
XAUUSD,20240604,1500,2317.575,2328.605,2317.335,2325.968,5493280
XAUUSD,20240604,1600,2325.955,2329.468,2322.395,2323.768,3488400
XAUUSD,20240604,1700,2323.805,2330.198,2323.615,2328.635,4764850
XAUUSD,20240604,1800,2328.635,2329.625,2325.945,2328.168,2966750
XAUUSD,20240604,1900,2328.145,2328.288,2325.885,2327.128,2235660
XAUUSD,20240604,2000,2327.115,2327.608,2325.925,2326.675,626490
XAUUSD,20240604,2200,2325.918,2328.228,2325.918,2327.605,351210
XAUUSD,20240604,2300,2327.605,2328.788,2327.415,2328.668,613620
XAUUSD,20240605,0000,2328.678,2329.538,2327.585,2328.055,1344650
XAUUSD,20240605,0100,2328.078,2330.778,2325.785,2330.305,1907350
XAUUSD,20240605,0200,2330.324,2333.368,2329.765,2333.254,1889080
XAUUSD,20240605,0300,2333.234,2337.748,2332.888,2337.048,1302990
XAUUSD,20240605,0400,2337.048,2338.125,2335.735,2337.895,814650
XAUUSD,20240605,0500,2337.895,2341.535,2337.205,2337.205,1999500
XAUUSD,20240605,0600,2337.228,2338.375,2327.945,2332.595,2846490
XAUUSD,20240605,0700,2332.595,2333.615,2329.015,2331.485,2427130
XAUUSD,20240605,0800,2331.465,2334.995,2331.245,2332.545,1896520
XAUUSD,20240605,0900,2332.555,2333.785,2330.885,2332.195,1913150
XAUUSD,20240605,1000,2332.178,2335.434,2329.348,2333.625,2450870
XAUUSD,20240605,1100,2333.615,2335.405,2330.975,2332.435,1520350
XAUUSD,20240605,1200,2332.435,2343.975,2332.078,2342.035,5454030
XAUUSD,20240605,1300,2342.018,2345.828,2338.065,2345.208,4252230
XAUUSD,20240605,1400,2344.905,2350.175,2333.945,2348.898,5861560
XAUUSD,20240605,1500,2348.928,2357.278,2348.885,2353.575,5650870
XAUUSD,20240605,1600,2353.615,2354.878,2351.238,2352.468,2648290
XAUUSD,20240605,1700,2352.468,2355.638,2351.555,2355.008,2975080
XAUUSD,20240605,1800,2354.975,2356.628,2353.385,2355.698,2019420
XAUUSD,20240605,1900,2355.674,2356.028,2352.565,2353.928,1765630
XAUUSD,20240605,2000,2353.958,2355.305,2352.778,2354.975,742930
XAUUSD,20240605,2200,2355.098,2357.785,2354.948,2356.795,417930
XAUUSD,20240605,2300,2356.795,2357.365,2354.675,2354.935,541680
XAUUSD,20240606,0000,2354.935,2355.885,2354.408,2355.635,814290
XAUUSD,20240606,0100,2355.585,2373.028,2355.468,2367.324,3581260
XAUUSD,20240606,0200,2367.265,2374.568,2364.985,2374.228,2445580
XAUUSD,20240606,0300,2374.415,2374.805,2367.505,2368.328,1640680
XAUUSD,20240606,0400,2368.328,2370.418,2366.788,2369.288,1159060
XAUUSD,20240606,0500,2369.285,2371.268,2366.225,2367.685,1542400
XAUUSD,20240606,0600,2367.685,2367.878,2362.988,2366.948,2550880
XAUUSD,20240606,0700,2366.915,2368.208,2362.045,2362.785,1978720
XAUUSD,20240606,0800,2362.755,2363.085,2359.675,2362.778,1584060
XAUUSD,20240606,0900,2362.745,2363.778,2358.395,2361.435,1863440
XAUUSD,20240606,1000,2361.435,2361.848,2359.355,2360.948,1764270
XAUUSD,20240606,1100,2360.955,2361.865,2359.048,2359.705,2246120
XAUUSD,20240606,1200,2359.665,2364.985,2355.115,2357.405,5117010
XAUUSD,20240606,1300,2357.425,2366.898,2353.305,2360.395,5396110
XAUUSD,20240606,1400,2360.435,2366.195,2358.378,2364.125,3925460
XAUUSD,20240606,1500,2364.115,2378.408,2363.945,2374.128,6229640
XAUUSD,20240606,1600,2374.128,2376.805,2370.255,2372.725,3720560
XAUUSD,20240606,1700,2372.735,2373.878,2370.555,2373.005,1770370
XAUUSD,20240606,1800,2373.005,2373.568,2368.895,2372.015,1849290
XAUUSD,20240606,1900,2372.015,2375.318,2371.078,2372.428,2048040
XAUUSD,20240606,2000,2372.425,2376.225,2372.258,2375.375,712850
XAUUSD,20240606,2200,2374.968,2376.945,2374.968,2376.835,263980
XAUUSD,20240606,2300,2376.775,2378.015,2376.144,2376.718,735280
XAUUSD,20240607,0000,2376.675,2379.065,2375.908,2378.305,1834570
XAUUSD,20240607,0100,2378.385,2379.895,2370.038,2370.935,2683380
XAUUSD,20240607,0200,2370.955,2378.095,2369.278,2376.475,2279180
XAUUSD,20240607,0300,2376.475,2381.845,2375.005,2380.085,1206920
XAUUSD,20240607,0400,2380.025,2387.355,2379.115,2386.555,1159360
XAUUSD,20240607,0500,2386.545,2387.595,2374.905,2375.805,3814050
XAUUSD,20240607,0600,2375.805,2377.695,2372.815,2375.295,3167270
XAUUSD,20240607,0700,2375.295,2379.235,2372.738,2373.445,2641875
XAUUSD,20240607,0800,2373.415,2373.765,2342.424,2347.195,6117075
XAUUSD,20240607,0900,2347.105,2347.815,2337.295,2339.225,5664660
XAUUSD,20240607,1000,2339.225,2339.225,2331.908,2333.505,4030180
XAUUSD,20240607,1100,2333.505,2339.285,2330.965,2336.485,3190090
XAUUSD,20240607,1200,2336.468,2339.255,2313.404,2319.205,6549980
XAUUSD,20240607,1300,2319.185,2327.885,2304.875,2309.405,7910370
XAUUSD,20240607,1400,2309.415,2321.005,2307.535,2313.255,5557840
XAUUSD,20240607,1500,2313.265,2315.445,2304.415,2304.918,5007450
XAUUSD,20240607,1600,2304.905,2314.445,2302.948,2311.545,2507850
XAUUSD,20240607,1700,2311.645,2312.265,2303.568,2305.368,1605190
XAUUSD,20240607,1800,2305.455,2307.085,2299.865,2301.425,1312845
XAUUSD,20240607,1900,2301.425,2301.425,2287.528,2288.195,1650330
XAUUSD,20240607,2000,2288.115,2294.205,2286.628,2293.415,988090
XAUUSD,20240609,2200,2294.415,2298.295,2288.755,2297.275,734670
XAUUSD,20240609,2300,2297.265,2300.038,2296.358,2298.328,892100
XAUUSD,20240610,0000,2298.315,2299.685,2294.035,2296.865,1219840
XAUUSD,20240610,0100,2296.865,2297.838,2293.835,2297.495,1017100
XAUUSD,20240610,0200,2297.495,2301.128,2295.358,2296.118,1265420
XAUUSD,20240610,0300,2296.105,2297.618,2294.758,2295.178,861050
XAUUSD,20240610,0400,2295.178,2295.665,2292.615,2294.695,802290
XAUUSD,20240610,0500,2294.695,2297.165,2292.025,2295.578,1193260
XAUUSD,20240610,0600,2295.575,2296.415,2287.665,2291.065,2535580
XAUUSD,20240610,0700,2291.085,2297.115,2290.395,2296.405,2865650
XAUUSD,20240610,0800,2296.405,2297.398,2292.348,2292.548,1569690
XAUUSD,20240610,0900,2292.538,2297.385,2291.705,2295.195,2272080
XAUUSD,20240610,1000,2295.195,2298.705,2295.195,2298.405,2102830
XAUUSD,20240610,1100,2298.485,2305.175,2297.798,2304.975,2660600
XAUUSD,20240610,1200,2304.975,2308.605,2303.025,2306.075,2394120
XAUUSD,20240610,1300,2306.065,2307.735,2300.235,2305.575,3510840
XAUUSD,20240610,1400,2305.705,2307.125,2301.725,2302.638,2886840
XAUUSD,20240610,1500,2302.638,2308.528,2301.205,2307.228,2987920
XAUUSD,20240610,1600,2307.525,2313.655,2306.855,2312.838,2532580
XAUUSD,20240610,1700,2312.808,2313.308,2308.965,2311.788,1373670
XAUUSD,20240610,1800,2311.788,2311.938,2309.755,2310.848,1303120
XAUUSD,20240610,1900,2310.805,2312.168,2308.568,2308.638,1417250
XAUUSD,20240610,2000,2308.645,2310.955,2308.395,2310.645,485810
XAUUSD,20240610,2200,2311.954,2312.385,2309.545,2309.545,290320
XAUUSD,20240610,2300,2309.575,2310.478,2308.675,2309.798,499980
XAUUSD,20240611,0000,2309.825,2311.835,2308.965,2310.735,1097950
XAUUSD,20240611,0100,2310.674,2310.674,2301.515,2302.718,3217090
XAUUSD,20240611,0200,2302.688,2303.525,2298.625,2301.775,2158840
XAUUSD,20240611,0300,2301.785,2304.275,2300.645,2303.528,1665670
XAUUSD,20240611,0400,2303.515,2303.858,2301.335,2303.465,808110
XAUUSD,20240611,0500,2303.445,2304.268,2297.595,2299.445,1510590
XAUUSD,20240611,0600,2299.465,2304.525,2298.605,2301.995,2412960
XAUUSD,20240611,0700,2301.975,2305.325,2301.565,2304.425,2207880
XAUUSD,20240611,0800,2304.445,2307.708,2303.115,2305.915,1632820
XAUUSD,20240611,0900,2305.945,2307.298,2301.425,2306.265,1723610
XAUUSD,20240611,1000,2306.298,2308.738,2305.155,2307.738,2044360
XAUUSD,20240611,1100,2307.755,2308.145,2305.325,2307.545,2528980
XAUUSD,20240611,1200,2307.515,2319.865,2307.505,2317.805,4050990
XAUUSD,20240611,1300,2317.835,2319.445,2309.138,2314.505,6422330
XAUUSD,20240611,1400,2314.464,2317.685,2312.285,2314.668,3728260
XAUUSD,20240611,1500,2314.645,2315.815,2309.838,2310.018,3675885
XAUUSD,20240611,1600,2310.018,2312.228,2305.795,2308.435,1922670
XAUUSD,20240611,1700,2308.535,2313.368,2307.785,2312.675,1656200
XAUUSD,20240611,1800,2312.685,2315.605,2312.035,2313.738,1808390
XAUUSD,20240611,1900,2313.614,2315.568,2312.375,2315.218,1838870
XAUUSD,20240611,2000,2315.248,2316.945,2314.625,2316.515,594500
XAUUSD,20240611,2200,2316.405,2317.508,2315.045,2316.728,448260
XAUUSD,20240611,2300,2316.828,2317.325,2313.835,2315.008,696830
XAUUSD,20240612,0000,2315.055,2315.588,2313.325,2313.628,931390
XAUUSD,20240612,0100,2313.605,2315.058,2310.685,2314.258,2730170
XAUUSD,20240612,0200,2314.235,2315.405,2310.584,2313.518,1575710
XAUUSD,20240612,0300,2313.475,2316.625,2313.425,2313.915,1566310
XAUUSD,20240612,0400,2313.915,2314.228,2312.324,2312.565,704280
XAUUSD,20240612,0500,2312.575,2315.285,2312.345,2314.905,1261870
XAUUSD,20240612,0600,2314.905,2317.645,2313.675,2314.718,2303530
XAUUSD,20240612,0700,2314.705,2315.368,2311.025,2314.445,1292880
XAUUSD,20240612,0800,2314.445,2315.628,2310.665,2312.685,1485590
XAUUSD,20240612,0900,2312.658,2315.338,2312.065,2313.938,1130240
XAUUSD,20240612,1000,2313.945,2314.665,2312.128,2313.325,1275490
XAUUSD,20240612,1100,2313.295,2314.668,2312.145,2312.828,2015990
XAUUSD,20240612,1200,2312.745,2337.505,2311.465,2335.788,7534050
XAUUSD,20240612,1300,2335.824,2341.495,2324.898,2329.735,8760130
XAUUSD,20240612,1400,2329.695,2329.795,2319.955,2325.185,7211260
XAUUSD,20240612,1500,2325.205,2337.005,2324.555,2335.475,6530660
XAUUSD,20240612,1600,2335.475,2338.038,2333.015,2337.538,4142680
XAUUSD,20240612,1700,2337.558,2339.408,2332.665,2334.578,4334640
XAUUSD,20240612,1800,2334.498,2334.498,2319.298,2322.605,7964590
XAUUSD,20240612,1900,2322.615,2324.528,2315.755,2321.215,5510950
XAUUSD,20240612,2000,2321.235,2324.925,2320.205,2324.675,1117730
XAUUSD,20240612,2200,2324.305,2325.398,2321.575,2321.785,555090
XAUUSD,20240612,2300,2321.795,2322.225,2320.145,2320.448,862050
XAUUSD,20240613,0000,2320.445,2322.815,2317.494,2320.645,1693740
XAUUSD,20240613,0100,2320.675,2321.425,2307.985,2312.565,3179920
XAUUSD,20240613,0200,2312.565,2316.008,2310.525,2314.008,1338850
XAUUSD,20240613,0300,2314.008,2316.165,2312.475,2314.138,1731360
XAUUSD,20240613,0400,2314.085,2314.658,2309.175,2311.685,845120
XAUUSD,20240613,0500,2311.685,2312.158,2308.855,2311.525,1305630
XAUUSD,20240613,0600,2311.545,2316.045,2311.095,2315.535,1696510
XAUUSD,20240613,0700,2315.514,2318.525,2313.165,2316.905,2346530
XAUUSD,20240613,0800,2317.005,2317.125,2313.845,2315.488,3111610
XAUUSD,20240613,0900,2315.485,2318.285,2313.285,2315.355,1621330
XAUUSD,20240613,1000,2315.385,2319.855,2315.185,2316.218,1760120
XAUUSD,20240613,1100,2316.184,2316.528,2303.845,2306.948,3880630
XAUUSD,20240613,1200,2306.935,2326.495,2305.414,2323.168,7230560
XAUUSD,20240613,1300,2323.168,2324.675,2308.215,2310.635,7710050
XAUUSD,20240613,1400,2310.575,2314.278,2305.565,2313.435,7076510
XAUUSD,20240613,1500,2313.455,2316.925,2297.645,2298.858,7607790
XAUUSD,20240613,1600,2298.795,2300.205,2295.395,2299.178,4751590
XAUUSD,20240613,1700,2299.155,2304.345,2298.938,2301.338,5125150
XAUUSD,20240613,1800,2301.305,2303.838,2299.935,2302.948,2984310
XAUUSD,20240613,1900,2302.895,2304.865,2302.598,2303.328,1472240
XAUUSD,20240613,2000,2303.305,2304.238,2302.805,2303.905,520460
XAUUSD,20240613,2200,2303.028,2303.954,2302.765,2302.795,356190
XAUUSD,20240613,2300,2302.825,2303.105,2301.648,2302.208,875690
XAUUSD,20240614,0000,2302.145,2305.565,2301.415,2304.825,1131270
XAUUSD,20240614,0100,2304.745,2307.045,2302.948,2305.898,2087400
XAUUSD,20240614,0200,2305.888,2306.955,2304.108,2306.585,1655660
XAUUSD,20240614,0300,2306.565,2308.575,2304.848,2305.358,1485520
XAUUSD,20240614,0400,2305.338,2306.005,2303.385,2305.815,883440
XAUUSD,20240614,0500,2305.815,2311.465,2305.445,2309.765,1712280
XAUUSD,20240614,0600,2309.718,2312.675,2307.355,2312.565,3791810
XAUUSD,20240614,0700,2312.555,2316.548,2309.265,2315.215,2888080
XAUUSD,20240614,0800,2315.215,2321.525,2314.675,2317.228,3360490
XAUUSD,20240614,0900,2317.245,2322.575,2315.105,2322.485,2407030
XAUUSD,20240614,1000,2322.485,2332.565,2320.825,2330.405,3533720
XAUUSD,20240614,1100,2330.365,2336.575,2325.985,2331.885,4857760
XAUUSD,20240614,1200,2331.885,2333.258,2327.085,2330.255,4469990
XAUUSD,20240614,1300,2330.225,2332.748,2324.088,2330.165,6786660
XAUUSD,20240614,1400,2330.035,2335.358,2327.825,2329.944,3818900
XAUUSD,20240614,1500,2329.878,2332.058,2323.945,2325.985,3157690
XAUUSD,20240614,1600,2326.055,2331.808,2325.325,2328.748,2162570
XAUUSD,20240614,1700,2328.795,2335.455,2328.395,2334.015,1770030
XAUUSD,20240614,1800,2334.028,2335.078,2332.115,2334.588,1224380
XAUUSD,20240614,1900,2334.588,2335.368,2332.058,2332.348,1599450
XAUUSD,20240614,2000,2332.294,2332.898,2330.888,2332.184,601880
XAUUSD,20240616,2200,2331.098,2332.488,2327.365,2328.624,735740
XAUUSD,20240616,2300,2328.708,2329.484,2327.228,2328.748,941260
XAUUSD,20240617,0000,2328.748,2328.748,2325.095,2326.268,1851310
XAUUSD,20240617,0100,2326.268,2328.815,2322.625,2326.175,2008920
XAUUSD,20240617,0200,2326.138,2326.138,2321.375,2322.468,1694330
XAUUSD,20240617,0300,2322.374,2325.024,2321.545,2324.268,935100
XAUUSD,20240617,0400,2324.255,2326.128,2322.525,2323.545,758920
XAUUSD,20240617,0500,2323.545,2323.545,2317.685,2318.435,1456050
XAUUSD,20240617,0600,2318.435,2319.175,2315.365,2317.265,3247790
XAUUSD,20240617,0700,2317.235,2320.015,2315.485,2316.848,2995180
XAUUSD,20240617,0800,2316.835,2322.205,2316.318,2321.218,1894510
XAUUSD,20240617,0900,2321.185,2322.535,2319.105,2319.965,1721250
XAUUSD,20240617,1000,2319.965,2322.428,2319.425,2320.418,1898910
XAUUSD,20240617,1100,2320.448,2321.835,2317.525,2318.078,2183370
XAUUSD,20240617,1200,2318.055,2321.008,2316.595,2319.535,2455400
XAUUSD,20240617,1300,2319.535,2326.128,2318.605,2320.815,2968780
XAUUSD,20240617,1400,2320.835,2327.495,2318.215,2324.455,3067930
XAUUSD,20240617,1500,2324.465,2325.458,2309.895,2312.455,3323740
XAUUSD,20240617,1600,2312.455,2316.948,2312.455,2316.835,1624430
XAUUSD,20240617,1700,2316.835,2318.268,2313.175,2316.618,1797570
XAUUSD,20240617,1800,2316.648,2319.145,2316.055,2317.815,1612940
XAUUSD,20240617,1900,2317.815,2320.475,2317.795,2320.075,1191960
XAUUSD,20240617,2000,2320.068,2320.625,2318.358,2318.875,435780
XAUUSD,20240617,2200,2318.098,2321.075,2318.098,2320.848,112080
XAUUSD,20240617,2300,2320.854,2321.088,2318.995,2320.545,515320
XAUUSD,20240618,0000,2320.545,2325.428,2320.528,2324.008,1059950
XAUUSD,20240618,0100,2324.048,2325.254,2319.108,2322.398,1722740
XAUUSD,20240618,0200,2322.398,2325.535,2321.448,2324.258,1547920
XAUUSD,20240618,0300,2324.235,2324.978,2323.028,2324.348,1159460
XAUUSD,20240618,0400,2324.338,2324.688,2321.768,2322.415,1141540
XAUUSD,20240618,0500,2322.408,2323.715,2319.315,2322.065,1268550
XAUUSD,20240618,0600,2322.085,2322.645,2318.655,2320.005,1183190
XAUUSD,20240618,0700,2319.955,2320.025,2314.865,2315.398,1456360
XAUUSD,20240618,0800,2315.364,2315.364,2310.675,2311.188,1624565
XAUUSD,20240618,0900,2311.118,2314.165,2310.718,2310.995,1590890
XAUUSD,20240618,1000,2310.995,2312.285,2306.465,2308.228,1493220
XAUUSD,20240618,1100,2308.228,2314.098,2306.605,2313.275,2252120
XAUUSD,20240618,1200,2313.275,2324.045,2311.355,2313.798,4063820
XAUUSD,20240618,1300,2313.808,2327.625,2313.545,2326.635,5310810
XAUUSD,20240618,1400,2326.605,2327.008,2322.075,2323.488,4126220
XAUUSD,20240618,1500,2323.458,2329.685,2318.615,2326.758,4154750
XAUUSD,20240618,1600,2326.768,2330.635,2326.365,2330.145,3277190
XAUUSD,20240618,1700,2330.185,2333.008,2328.175,2329.605,3535410
XAUUSD,20240618,1800,2329.615,2331.345,2327.345,2331.155,1966740
XAUUSD,20240618,1900,2331.155,2331.155,2328.345,2329.158,1413730
XAUUSD,20240618,2000,2329.215,2330.485,2328.805,2329.165,384250
XAUUSD,20240618,2200,2328.585,2330.215,2327.308,2328.104,336390
XAUUSD,20240618,2300,2328.104,2329.495,2327.898,2328.195,256660
XAUUSD,20240619,0000,2328.215,2329.788,2327.948,2329.388,718990
XAUUSD,20240619,0100,2329.365,2330.865,2326.348,2330.045,1583820
XAUUSD,20240619,0200,2330.045,2331.125,2328.715,2330.185,1050890
XAUUSD,20240619,0300,2330.185,2331.635,2327.855,2328.145,909380
XAUUSD,20240619,0400,2328.145,2328.338,2327.158,2327.875,563360
XAUUSD,20240619,0500,2327.895,2330.005,2326.675,2329.208,1114130
XAUUSD,20240619,0600,2329.165,2330.688,2328.335,2330.088,1322340
XAUUSD,20240619,0700,2330.085,2332.555,2329.705,2331.725,1979390
XAUUSD,20240619,0800,2331.725,2334.868,2331.725,2332.418,1800740
XAUUSD,20240619,0900,2332.415,2332.615,2327.595,2328.028,1663920
XAUUSD,20240619,1000,2328.035,2329.775,2327.275,2327.845,1423120
XAUUSD,20240619,1100,2327.845,2330.968,2325.715,2330.325,1126060
XAUUSD,20240619,1200,2330.335,2332.835,2325.155,2328.215,2288290
XAUUSD,20240619,1300,2328.235,2331.405,2326.675,2328.075,2139190
XAUUSD,20240619,1400,2328.005,2328.285,2323.984,2326.058,1787750
XAUUSD,20240619,1500,2326.058,2329.738,2325.155,2329.678,2169470
XAUUSD,20240619,1600,2329.698,2331.278,2328.755,2329.318,1052610
XAUUSD,20240619,1700,2329.295,2330.955,2329.115,2329.955,366760
XAUUSD,20240619,1800,2329.995,2330.045,2327.425,2327.695,406130
XAUUSD,20240619,2200,2327.865,2330.515,2327.865,2330.228,305170
XAUUSD,20240619,2300,2330.228,2330.228,2328.595,2329.265,275260
XAUUSD,20240620,0000,2329.285,2329.725,2327.628,2329.608,755130
XAUUSD,20240620,0100,2329.635,2338.878,2329.635,2336.198,2691060
XAUUSD,20240620,0200,2336.155,2337.258,2332.695,2333.658,1532250
XAUUSD,20240620,0300,2333.615,2334.255,2332.285,2333.805,1066980
XAUUSD,20240620,0400,2333.825,2340.825,2333.645,2340.375,1864290
XAUUSD,20240620,0500,2340.375,2344.738,2339.615,2340.138,2123020
XAUUSD,20240620,0600,2340.128,2345.555,2340.018,2343.978,2249220
XAUUSD,20240620,0700,2343.975,2344.875,2338.405,2338.498,2193590
XAUUSD,20240620,0800,2338.485,2338.588,2332.545,2333.195,2101090
XAUUSD,20240620,0900,2333.185,2335.658,2331.475,2334.518,1976000
XAUUSD,20240620,1000,2334.495,2340.545,2333.345,2339.305,1478020
XAUUSD,20240620,1100,2339.328,2341.268,2337.615,2339.205,2965140
XAUUSD,20240620,1200,2339.198,2343.515,2335.205,2338.425,4388890
XAUUSD,20240620,1300,2338.475,2349.364,2336.548,2349.208,4601060
XAUUSD,20240620,1400,2349.295,2364.878,2348.805,2363.905,6767480
XAUUSD,20240620,1500,2363.855,2365.375,2351.248,2353.595,3321240
XAUUSD,20240620,1600,2353.585,2357.025,2352.705,2356.238,1823350
XAUUSD,20240620,1700,2356.248,2357.375,2354.488,2357.245,1668190
XAUUSD,20240620,1800,2357.245,2360.968,2357.168,2357.908,1788070
XAUUSD,20240620,1900,2357.908,2359.788,2357.598,2358.828,1605050
XAUUSD,20240620,2000,2358.858,2360.045,2358.108,2359.695,444760
XAUUSD,20240620,2200,2359.298,2360.795,2357.978,2359.215,630990
XAUUSD,20240620,2300,2359.215,2360.965,2358.735,2360.715,615750
XAUUSD,20240621,0000,2360.728,2364.685,2360.695,2363.968,1254480
XAUUSD,20240621,0100,2363.945,2364.058,2356.998,2359.528,3062510
XAUUSD,20240621,0200,2359.528,2361.478,2358.025,2359.258,1528400
XAUUSD,20240621,0300,2359.255,2362.018,2358.615,2362.018,1124890
XAUUSD,20240621,0400,2362.035,2362.878,2360.965,2362.815,750910
XAUUSD,20240621,0500,2362.795,2365.485,2362.105,2364.428,1190010
XAUUSD,20240621,0600,2364.378,2364.378,2357.798,2358.308,2489560
XAUUSD,20240621,0700,2358.288,2364.345,2354.995,2362.835,3229810
XAUUSD,20240621,0800,2362.835,2368.015,2362.558,2365.275,3111950
XAUUSD,20240621,0900,2365.275,2367.225,2362.805,2363.788,1674950
XAUUSD,20240621,1000,2363.805,2364.035,2361.178,2363.535,1672360
XAUUSD,20240621,1100,2363.575,2368.558,2363.415,2366.158,2795940
XAUUSD,20240621,1200,2366.125,2367.978,2360.305,2360.548,3174210
XAUUSD,20240621,1300,2360.538,2363.685,2334.665,2340.445,6680730
XAUUSD,20240621,1400,2340.325,2340.405,2328.495,2329.808,7313885
XAUUSD,20240621,1500,2329.838,2334.675,2323.165,2327.828,3907589
XAUUSD,20240621,1600,2327.828,2329.195,2323.575,2324.605,1904600
XAUUSD,20240621,1700,2324.605,2324.995,2316.588,2319.215,2002990
XAUUSD,20240621,1800,2319.215,2322.688,2316.655,2322.055,1477420
XAUUSD,20240621,1900,2322.055,2323.288,2320.325,2322.068,1248070
XAUUSD,20240621,2000,2322.038,2322.578,2320.685,2321.755,514310
XAUUSD,20240623,2200,2322.775,2322.775,2317.635,2321.365,417840
XAUUSD,20240623,2300,2321.314,2321.314,2317.575,2319.085,578330
XAUUSD,20240624,0000,2318.995,2321.588,2317.818,2320.825,1517150
XAUUSD,20240624,0100,2320.885,2326.265,2318.888,2323.498,2718500
XAUUSD,20240624,0200,2323.485,2325.105,2319.495,2324.655,2749730
XAUUSD,20240624,0300,2324.615,2326.578,2324.205,2325.335,1155320
XAUUSD,20240624,0400,2325.365,2326.505,2324.025,2324.345,805290
XAUUSD,20240624,0500,2324.345,2327.125,2323.535,2324.978,1349180
XAUUSD,20240624,0600,2324.975,2325.215,2321.215,2323.365,1944550
XAUUSD,20240624,0700,2323.325,2331.688,2321.585,2330.678,3150590
XAUUSD,20240624,0800,2330.645,2332.688,2329.055,2330.458,2152330
XAUUSD,20240624,0900,2330.435,2330.815,2320.625,2324.945,2224800
XAUUSD,20240624,1000,2324.945,2326.978,2324.365,2325.065,1852040
XAUUSD,20240624,1100,2325.048,2327.935,2324.035,2326.098,2401430
XAUUSD,20240624,1200,2326.095,2327.755,2323.205,2327.458,3353990
XAUUSD,20240624,1300,2327.458,2333.765,2325.808,2327.955,4200980
XAUUSD,20240624,1400,2327.794,2333.515,2326.815,2330.605,4493470
XAUUSD,20240624,1500,2330.574,2333.068,2327.408,2327.528,2996040
XAUUSD,20240624,1600,2327.508,2332.085,2326.758,2331.598,3094950
XAUUSD,20240624,1700,2331.575,2333.065,2330.458,2331.915,2414420
XAUUSD,20240624,1800,2331.945,2334.588,2331.815,2333.718,2306690
XAUUSD,20240624,1900,2333.718,2333.748,2330.818,2331.578,1934650
XAUUSD,20240624,2000,2331.675,2334.595,2331.675,2333.695,468280
XAUUSD,20240624,2200,2333.205,2334.395,2331.525,2331.588,405210
XAUUSD,20240624,2300,2331.585,2331.788,2330.105,2330.755,422470
XAUUSD,20240625,0000,2330.815,2330.835,2328.118,2329.985,968280
XAUUSD,20240625,0100,2329.975,2330.758,2323.035,2325.765,2396280
XAUUSD,20240625,0200,2325.708,2326.948,2324.368,2326.375,1443880
XAUUSD,20240625,0300,2326.375,2328.455,2323.878,2323.985,993030
XAUUSD,20240625,0400,2323.985,2327.688,2322.608,2327.318,1307670
XAUUSD,20240625,0500,2327.295,2330.018,2324.425,2324.855,1545770
XAUUSD,20240625,0600,2324.855,2328.015,2323.318,2327.135,2906690
XAUUSD,20240625,0700,2327.108,2327.565,2323.915,2324.745,2893580
XAUUSD,20240625,0800,2324.695,2330.455,2322.785,2329.478,2818650
XAUUSD,20240625,0900,2329.465,2333.945,2329.145,2332.958,1760860
XAUUSD,20240625,1000,2332.928,2337.018,2332.478,2335.218,2908020
XAUUSD,20240625,1100,2335.185,2335.718,2327.345,2329.975,3276480
XAUUSD,20240625,1200,2329.965,2330.345,2323.938,2324.015,3277920
XAUUSD,20240625,1300,2324.045,2327.295,2320.175,2325.465,4533330
XAUUSD,20240625,1400,2325.465,2328.085,2319.375,2327.045,6302950
XAUUSD,20240625,1500,2327.058,2327.618,2315.455,2324.585,4126695
XAUUSD,20240625,1600,2324.645,2324.935,2315.405,2317.715,2993030
XAUUSD,20240625,1700,2317.675,2320.028,2316.675,2319.018,2689550
XAUUSD,20240625,1800,2319.035,2319.638,2316.925,2319.138,1767120
XAUUSD,20240625,1900,2319.128,2320.488,2318.688,2319.698,1424290
XAUUSD,20240625,2000,2319.698,2319.818,2317.885,2319.235,532220
XAUUSD,20240625,2200,2319.575,2321.128,2318.705,2320.495,691050
XAUUSD,20240625,2300,2320.505,2321.215,2318.545,2319.898,794280
XAUUSD,20240626,0000,2319.845,2323.738,2317.648,2318.295,1270950
XAUUSD,20240626,0100,2318.265,2320.638,2310.455,2312.778,3586590
XAUUSD,20240626,0200,2312.755,2321.518,2312.258,2319.345,2290610
XAUUSD,20240626,0300,2319.325,2320.948,2316.545,2317.125,1481870
XAUUSD,20240626,0400,2317.115,2317.565,2315.025,2316.685,729610
XAUUSD,20240626,0500,2316.685,2318.105,2311.735,2311.998,1608860
XAUUSD,20240626,0600,2311.935,2317.275,2309.608,2317.025,2706460
XAUUSD,20240626,0700,2316.998,2317.235,2312.875,2315.985,1615040
XAUUSD,20240626,0800,2315.985,2317.895,2312.805,2315.578,2373090
XAUUSD,20240626,0900,2315.658,2318.285,2315.548,2316.248,2259880
XAUUSD,20240626,1000,2316.218,2316.358,2307.598,2308.175,3465630
XAUUSD,20240626,1100,2308.175,2313.878,2304.265,2312.918,4364130
XAUUSD,20240626,1200,2312.925,2317.728,2310.058,2310.058,3817380
XAUUSD,20240626,1300,2310.058,2311.465,2293.464,2296.145,4692390
XAUUSD,20240626,1400,2296.125,2301.195,2295.258,2297.478,4283970
XAUUSD,20240626,1500,2297.498,2304.035,2295.808,2299.938,2912250
XAUUSD,20240626,1600,2299.895,2302.095,2298.395,2299.638,1910200
XAUUSD,20240626,1700,2299.615,2302.928,2299.255,2301.828,2509550
XAUUSD,20240626,1800,2301.788,2301.948,2298.428,2298.855,2240380
XAUUSD,20240626,1900,2298.858,2299.388,2296.835,2298.575,1671790
XAUUSD,20240626,2000,2298.665,2299.148,2297.155,2298.035,598170
XAUUSD,20240626,2200,2298.098,2299.055,2297.898,2298.065,424170
XAUUSD,20240626,2300,2298.065,2298.405,2296.615,2298.258,521020
XAUUSD,20240627,0000,2298.288,2300.025,2297.758,2298.898,1479300
XAUUSD,20240627,0100,2298.905,2299.658,2296.635,2297.728,2354150
XAUUSD,20240627,0200,2297.675,2299.948,2297.675,2299.198,1214650
XAUUSD,20240627,0300,2299.188,2299.765,2297.918,2298.858,889080
XAUUSD,20240627,0400,2298.835,2301.018,2298.628,2300.355,910460
XAUUSD,20240627,0500,2300.355,2300.465,2296.718,2297.408,1617690
XAUUSD,20240627,0600,2297.408,2303.335,2296.425,2301.108,1935110
XAUUSD,20240627,0700,2301.078,2302.448,2299.865,2302.215,2829000
XAUUSD,20240627,0800,2302.205,2308.298,2301.935,2307.488,3307490
XAUUSD,20240627,0900,2307.465,2313.655,2307.185,2312.498,1911560
XAUUSD,20240627,1000,2312.445,2315.425,2312.195,2315.068,1795060
XAUUSD,20240627,1100,2315.088,2317.758,2313.275,2316.928,2909290
XAUUSD,20240627,1200,2316.928,2325.655,2315.985,2322.725,3879980
XAUUSD,20240627,1300,2322.738,2324.808,2319.398,2323.165,5788110
XAUUSD,20240627,1400,2323.075,2330.735,2322.545,2328.868,5712720
XAUUSD,20240627,1500,2328.898,2330.825,2324.965,2327.365,3500750
XAUUSD,20240627,1600,2327.378,2328.198,2323.848,2325.308,2375640
XAUUSD,20240627,1700,2325.308,2327.868,2324.225,2325.728,1615300
XAUUSD,20240627,1800,2325.725,2326.268,2322.355,2326.148,1743460
XAUUSD,20240627,1900,2326.208,2327.638,2325.545,2325.968,1707610
XAUUSD,20240627,2000,2325.955,2328.445,2325.395,2327.695,576610
XAUUSD,20240627,2200,2327.108,2327.915,2325.775,2326.765,180980
XAUUSD,20240627,2300,2326.735,2327.818,2326.305,2327.588,415620
XAUUSD,20240628,0000,2327.618,2328.185,2321.308,2321.478,1380140
XAUUSD,20240628,0100,2321.474,2324.345,2318.905,2320.188,2620790
XAUUSD,20240628,0200,2320.188,2324.098,2319.728,2323.538,2534250
XAUUSD,20240628,0300,2323.494,2324.858,2320.665,2321.638,1563060
XAUUSD,20240628,0400,2321.635,2321.705,2319.645,2321.078,919090
XAUUSD,20240628,0500,2321.075,2326.908,2320.908,2325.608,2246280
XAUUSD,20240628,0600,2325.615,2328.015,2324.978,2327.385,2227320
XAUUSD,20240628,0700,2327.385,2328.748,2324.685,2327.078,1600820
XAUUSD,20240628,0800,2327.145,2331.825,2326.355,2328.625,1734520
XAUUSD,20240628,0900,2328.595,2330.265,2327.135,2330.225,1756070
XAUUSD,20240628,1000,2330.225,2336.628,2329.335,2335.758,1527900
XAUUSD,20240628,1100,2335.758,2337.068,2333.175,2333.798,2217230
XAUUSD,20240628,1200,2333.798,2339.225,2330.784,2335.365,5934730
XAUUSD,20240628,1300,2335.375,2339.635,2326.618,2330.115,6332010
XAUUSD,20240628,1400,2330.115,2333.575,2322.745,2326.405,5450060
XAUUSD,20240628,1500,2326.445,2330.308,2324.045,2328.475,3507350
XAUUSD,20240628,1600,2328.515,2332.468,2327.645,2329.898,2669740
XAUUSD,20240628,1700,2329.855,2332.618,2326.318,2326.768,2482940
XAUUSD,20240628,1800,2326.778,2328.328,2325.235,2325.668,1445110
XAUUSD,20240628,1900,2325.665,2326.168,2322.918,2324.938,1498680
XAUUSD,20240628,2000,2324.928,2326.675,2322.735,2326.275,813090
XAUUSD,20240630,2200,2326.315,2326.775,2322.505,2324.385,290720
XAUUSD,20240630,2300,2324.385,2326.035,2322.975,2324.825,753030
XAUUSD,20240701,0000,2324.815,2325.198,2322.065,2324.735,1455690
XAUUSD,20240701,0100,2324.735,2328.425,2323.378,2327.755,1710510
XAUUSD,20240701,0200,2327.728,2327.728,2324.338,2326.525,1321460
XAUUSD,20240701,0300,2326.525,2327.585,2324.308,2324.608,698160
XAUUSD,20240701,0400,2324.578,2325.965,2321.308,2323.565,728130
XAUUSD,20240701,0500,2323.565,2323.855,2318.395,2321.745,1441570
XAUUSD,20240701,0600,2321.755,2328.865,2321.195,2326.378,3150750
XAUUSD,20240701,0700,2326.408,2326.835,2323.548,2323.638,1169220
XAUUSD,20240701,0800,2323.514,2326.155,2321.775,2325.755,1595030
XAUUSD,20240701,0900,2325.755,2329.368,2325.325,2327.335,2289530
XAUUSD,20240701,1000,2327.395,2332.575,2327.395,2332.575,2377250
XAUUSD,20240701,1100,2332.605,2338.118,2331.978,2338.065,3947690
XAUUSD,20240701,1200,2338.115,2338.388,2327.095,2327.298,3910450
XAUUSD,20240701,1300,2327.325,2334.068,2323.698,2327.015,5273690
XAUUSD,20240701,1400,2327.055,2334.155,2319.125,2323.945,4175320
XAUUSD,20240701,1500,2323.995,2328.908,2322.928,2327.698,3580010
XAUUSD,20240701,1600,2327.728,2331.768,2326.575,2328.078,2357780
XAUUSD,20240701,1700,2328.058,2329.848,2326.628,2329.158,2102380
XAUUSD,20240701,1800,2329.115,2330.688,2326.898,2329.838,1431500
XAUUSD,20240701,1900,2329.838,2331.408,2328.858,2330.908,1507260
XAUUSD,20240701,2000,2330.955,2332.368,2330.775,2331.485,475180
XAUUSD,20240701,2200,2330.848,2332.595,2330.848,2331.625,229530
XAUUSD,20240701,2300,2331.635,2332.425,2331.564,2332.138,445900
XAUUSD,20240702,0000,2332.095,2333.778,2331.608,2332.985,1185600
XAUUSD,20240702,0100,2332.985,2334.125,2331.055,2334.001,1764060
XAUUSD,20240702,0200,2333.985,2334.208,2331.145,2332.205,1137070
XAUUSD,20240702,0300,2332.205,2332.535,2325.628,2325.888,1112940
XAUUSD,20240702,0400,2325.898,2327.718,2324.785,2327.155,803560
XAUUSD,20240702,0500,2327.155,2330.695,2326.208,2329.778,1137600
XAUUSD,20240702,0600,2329.785,2331.645,2327.535,2330.308,2060280
XAUUSD,20240702,0700,2330.308,2330.835,2323.198,2330.688,2320310
XAUUSD,20240702,0800,2330.688,2332.325,2328.305,2331.065,2479750
XAUUSD,20240702,0900,2331.025,2331.798,2323.995,2324.755,2509220
XAUUSD,20240702,1000,2324.815,2326.425,2322.735,2324.398,2307370
XAUUSD,20240702,1100,2324.375,2325.508,2319.895,2320.585,2513650
XAUUSD,20240702,1200,2320.675,2328.588,2318.945,2327.368,2890410
XAUUSD,20240702,1300,2327.338,2336.668,2325.985,2334.258,5135730
XAUUSD,20240702,1400,2334.258,2335.458,2322.845,2326.535,5216890
XAUUSD,20240702,1500,2326.535,2330.318,2324.018,2324.618,3333580
XAUUSD,20240702,1600,2324.638,2324.888,2320.818,2322.745,2258930
XAUUSD,20240702,1700,2322.745,2325.198,2321.955,2324.608,1878970
XAUUSD,20240702,1800,2324.588,2328.858,2324.405,2328.318,1926160
XAUUSD,20240702,1900,2328.318,2331.318,2328.045,2330.778,1583380
XAUUSD,20240702,2000,2330.785,2330.968,2328.625,2329.335,598600
XAUUSD,20240702,2200,2329.098,2331.115,2329.098,2329.905,408320
XAUUSD,20240702,2300,2329.905,2331.308,2329.548,2330.138,455820
XAUUSD,20240703,0000,2330.115,2332.015,2330.085,2330.138,876570
XAUUSD,20240703,0100,2330.138,2331.468,2328.335,2328.948,1311130
XAUUSD,20240703,0200,2328.968,2330.958,2326.685,2328.785,990350
XAUUSD,20240703,0300,2328.785,2332.378,2327.935,2331.598,858680
XAUUSD,20240703,0400,2331.598,2335.168,2331.598,2334.358,823130
XAUUSD,20240703,0500,2334.335,2335.655,2331.828,2333.228,1804310
XAUUSD,20240703,0600,2333.174,2341.078,2332.808,2340.024,3156290
XAUUSD,20240703,0700,2340.024,2347.074,2339.000,2345.275,2515320
XAUUSD,20240703,0800,2345.225,2347.438,2342.975,2344.548,2434230
XAUUSD,20240703,0900,2344.548,2346.398,2342.015,2346.165,2094710
XAUUSD,20240703,1000,2346.165,2349.418,2344.435,2346.918,2341120
XAUUSD,20240703,1100,2346.825,2346.835,2342.335,2345.308,1876660
XAUUSD,20240703,1200,2345.305,2356.015,2344.815,2350.395,4200200
XAUUSD,20240703,1300,2350.375,2358.555,2347.438,2355.105,4925190
XAUUSD,20240703,1400,2355.105,2364.795,2354.814,2362.388,6507030
XAUUSD,20240703,1500,2362.398,2363.895,2359.858,2362.945,4358070
XAUUSD,20240703,1600,2362.945,2363.055,2355.008,2356.485,2573230
XAUUSD,20240703,1700,2356.445,2360.728,2353.728,2356.545,2299480
XAUUSD,20240703,1800,2356.545,2357.878,2355.095,2356.185,1010980
XAUUSD,20240703,1900,2356.225,2356.588,2353.585,2354.218,849570
XAUUSD,20240703,2000,2354.218,2356.265,2354.115,2355.765,188230
XAUUSD,20240703,2200,2356.925,2359.105,2354.925,2358.675,354190
XAUUSD,20240703,2300,2358.728,2359.455,2357.508,2358.675,460320
XAUUSD,20240704,0000,2358.725,2359.204,2356.365,2358.438,944480
XAUUSD,20240704,0100,2358.428,2362.385,2358.195,2361.785,1661930
XAUUSD,20240704,0200,2361.788,2362.088,2357.288,2359.138,1387400
XAUUSD,20240704,0300,2359.115,2360.185,2357.045,2357.965,1740460
XAUUSD,20240704,0400,2357.965,2359.485,2357.508,2358.415,796560
XAUUSD,20240704,0500,2358.415,2358.448,2355.405,2356.758,1297080
XAUUSD,20240704,0600,2356.758,2357.078,2350.364,2356.215,2055810
XAUUSD,20240704,0700,2356.215,2357.645,2353.475,2357.445,1655760
XAUUSD,20240704,0800,2357.435,2359.525,2355.415,2358.755,1373640
XAUUSD,20240704,0900,2358.755,2359.005,2355.575,2357.645,871280
XAUUSD,20240704,1000,2357.645,2359.045,2356.285,2357.905,1492920
XAUUSD,20240704,1100,2357.918,2359.888,2357.458,2358.368,1066640
XAUUSD,20240704,1200,2358.365,2360.308,2356.845,2357.648,1165130
XAUUSD,20240704,1300,2357.688,2359.955,2357.138,2359.605,1588610
XAUUSD,20240704,1400,2359.585,2361.758,2357.878,2358.828,1994070
XAUUSD,20240704,1500,2358.818,2360.578,2355.355,2357.318,2216850
XAUUSD,20240704,1600,2357.305,2359.028,2356.825,2357.685,1438310
XAUUSD,20240704,1700,2357.605,2357.895,2356.055,2356.185,218440
XAUUSD,20240704,1800,2356.185,2357.195,2356.035,2356.555,185240
XAUUSD,20240704,2200,2356.615,2357.405,2354.115,2357.315,422360
XAUUSD,20240704,2300,2357.275,2357.605,2356.235,2356.655,398460
XAUUSD,20240705,0000,2356.655,2358.935,2355.908,2358.745,1489880
XAUUSD,20240705,0100,2358.745,2360.175,2356.775,2358.268,1789430
XAUUSD,20240705,0200,2358.295,2363.018,2357.975,2360.338,1533900
XAUUSD,20240705,0300,2360.325,2362.205,2359.415,2361.655,1176060
XAUUSD,20240705,0400,2361.655,2364.568,2361.238,2363.808,1014430
XAUUSD,20240705,0500,2363.775,2364.915,2362.478,2364.575,1391030
XAUUSD,20240705,0600,2364.575,2366.198,2363.465,2363.888,2525710
XAUUSD,20240705,0700,2363.835,2367.345,2362.248,2365.115,2068800
XAUUSD,20240705,0800,2365.115,2367.955,2364.515,2366.355,1767670
XAUUSD,20240705,0900,2366.355,2366.755,2361.875,2362.328,1488590
XAUUSD,20240705,1000,2362.275,2365.378,2361.715,2364.945,1855880
XAUUSD,20240705,1100,2364.945,2365.875,2362.175,2365.725,1840630
XAUUSD,20240705,1200,2365.725,2376.025,2347.515,2372.035,7115990
XAUUSD,20240705,1300,2372.035,2385.025,2370.575,2383.065,5670580
XAUUSD,20240705,1400,2383.015,2384.315,2374.275,2380.618,4429350
XAUUSD,20240705,1500,2380.575,2388.308,2378.345,2384.595,3906080
XAUUSD,20240705,1600,2384.615,2387.508,2383.845,2386.428,2719540
XAUUSD,20240705,1700,2386.428,2389.748,2384.435,2385.718,3824640
XAUUSD,20240705,1800,2385.748,2392.475,2385.015,2390.958,2815480
XAUUSD,20240705,1900,2390.968,2392.815,2388.005,2388.668,1893060
XAUUSD,20240705,2000,2388.668,2391.518,2388.125,2390.705,608530
XAUUSD,20240707,2200,2385.498,2390.008,2384.745,2385.135,1081550
XAUUSD,20240707,2300,2385.125,2386.785,2384.625,2385.938,619590
XAUUSD,20240708,0000,2385.915,2387.668,2384.428,2386.578,1307280
XAUUSD,20240708,0100,2386.515,2390.935,2384.118,2386.355,2543040
XAUUSD,20240708,0200,2386.344,2387.085,2381.305,2382.815,1638190
XAUUSD,20240708,0300,2382.785,2384.045,2380.535,2382.805,998690
XAUUSD,20240708,0400,2382.835,2384.928,2381.925,2384.848,675700
XAUUSD,20240708,0500,2384.848,2386.645,2381.434,2382.658,1694620
XAUUSD,20240708,0600,2382.685,2384.098,2376.615,2376.848,2495800
XAUUSD,20240708,0700,2376.815,2380.985,2376.538,2377.778,2000230
XAUUSD,20240708,0800,2377.755,2378.695,2371.818,2372.715,2767685
XAUUSD,20240708,0900,2372.695,2373.715,2368.175,2370.048,2123875
XAUUSD,20240708,1000,2370.008,2374.245,2369.545,2374.035,1992860
XAUUSD,20240708,1100,2374.035,2375.538,2372.378,2375.238,2069050
XAUUSD,20240708,1200,2375.248,2377.338,2370.248,2372.685,2962150
XAUUSD,20240708,1300,2372.628,2376.968,2370.208,2375.395,4837060
XAUUSD,20240708,1400,2375.395,2379.405,2373.085,2373.125,5069300
XAUUSD,20240708,1500,2373.125,2374.828,2350.945,2355.385,4473700
XAUUSD,20240708,1600,2355.385,2358.668,2350.915,2358.565,3428210
XAUUSD,20240708,1700,2358.615,2359.638,2355.425,2357.065,2296990
XAUUSD,20240708,1800,2357.098,2358.108,2354.738,2356.518,1440740
XAUUSD,20240708,1900,2356.495,2359.748,2356.078,2359.105,1640090
XAUUSD,20240708,2000,2359.125,2359.728,2357.908,2358.625,480370
XAUUSD,20240708,2200,2358.338,2359.665,2358.338,2359.624,314770
XAUUSD,20240708,2300,2359.634,2361.955,2359.634,2361.655,404250
XAUUSD,20240709,0000,2361.645,2363.514,2360.645,2361.745,1020620
XAUUSD,20240709,0100,2361.845,2365.168,2361.268,2363.275,1447570
XAUUSD,20240709,0200,2363.255,2366.575,2360.378,2363.898,1475027
XAUUSD,20240709,0300,2363.888,2367.825,2363.218,2367.548,1352400
XAUUSD,20240709,0400,2367.568,2368.658,2366.258,2367.255,987310
XAUUSD,20240709,0500,2367.255,2368.225,2364.058,2364.445,1173460
XAUUSD,20240709,0600,2364.455,2365.435,2362.618,2364.055,1375030
XAUUSD,20240709,0700,2364.045,2364.425,2358.265,2358.875,1635280
XAUUSD,20240709,0800,2358.875,2361.875,2358.125,2361.488,1696580
XAUUSD,20240709,0900,2361.494,2365.268,2361.428,2364.218,1581930
XAUUSD,20240709,1000,2364.145,2365.515,2361.988,2362.965,1239430
XAUUSD,20240709,1100,2363.018,2363.078,2357.455,2360.498,1550590
XAUUSD,20240709,1200,2360.498,2361.208,2355.965,2359.988,2233680
XAUUSD,20240709,1300,2359.985,2368.345,2359.415,2367.615,4547165
XAUUSD,20240709,1400,2367.486,2371.358,2353.975,2354.848,5003470
XAUUSD,20240709,1500,2354.848,2362.118,2349.455,2361.958,5082960
XAUUSD,20240709,1600,2361.958,2362.984,2356.425,2357.358,2516550
XAUUSD,20240709,1700,2357.338,2362.408,2357.338,2361.755,2630870
XAUUSD,20240709,1800,2361.755,2365.208,2360.935,2364.428,3012260
XAUUSD,20240709,1900,2364.428,2365.535,2362.805,2363.448,1506330
XAUUSD,20240709,2000,2363.408,2364.868,2363.408,2363.745,490690
XAUUSD,20240709,2200,2363.085,2364.265,2362.091,2364.215,314000
XAUUSD,20240709,2300,2364.238,2365.955,2364.238,2364.918,433600
XAUUSD,20240710,0000,2364.828,2366.435,2364.335,2364.588,893620
XAUUSD,20240710,0100,2364.618,2369.745,2363.168,2368.118,1738470
XAUUSD,20240710,0200,2368.175,2370.165,2366.755,2369.225,1395110
XAUUSD,20240710,0300,2369.238,2369.705,2366.295,2368.065,1078130
XAUUSD,20240710,0400,2368.068,2368.805,2366.505,2367.638,788910
XAUUSD,20240710,0500,2367.628,2370.225,2367.215,2368.268,1779240
XAUUSD,20240710,0600,2368.278,2372.685,2367.055,2371.838,2501610
XAUUSD,20240710,0700,2371.805,2374.885,2371.295,2372.525,2662050
XAUUSD,20240710,0800,2372.528,2374.098,2371.358,2372.708,1839800
XAUUSD,20240710,0900,2372.685,2374.065,2371.585,2371.798,1233220
XAUUSD,20240710,1000,2371.735,2375.218,2371.645,2372.365,2062090
XAUUSD,20240710,1100,2372.385,2378.238,2372.308,2378.218,1634060
XAUUSD,20240710,1200,2378.235,2381.698,2377.125,2377.698,3262980
XAUUSD,20240710,1300,2377.685,2386.548,2376.068,2383.095,4647590
XAUUSD,20240710,1400,2383.195,2385.025,2373.848,2374.838,4104700
XAUUSD,20240710,1500,2374.745,2380.688,2373.938,2378.728,2937830
XAUUSD,20240710,1600,2378.728,2381.238,2376.495,2377.748,1978480
XAUUSD,20240710,1700,2377.735,2378.468,2370.305,2372.955,1903683
XAUUSD,20240710,1800,2372.955,2373.495,2369.785,2372.538,1193660
XAUUSD,20240710,1900,2372.558,2372.558,2370.428,2371.708,1805350
XAUUSD,20240710,2000,2371.678,2372.388,2370.788,2370.995,517140
XAUUSD,20240710,2200,2371.035,2372.765,2370.235,2372.698,194380
XAUUSD,20240710,2300,2372.698,2372.775,2372.135,2372.694,235980
XAUUSD,20240711,0000,2372.708,2374.265,2371.375,2374.085,1001210
XAUUSD,20240711,0100,2374.085,2376.178,2372.928,2375.798,1613670
XAUUSD,20240711,0200,2375.765,2377.695,2374.215,2377.285,1169770
XAUUSD,20240711,0300,2377.265,2380.108,2376.745,2378.648,1028480
XAUUSD,20240711,0400,2378.638,2382.338,2378.515,2381.828,898620
XAUUSD,20240711,0500,2381.838,2382.858,2381.058,2382.428,1463760
XAUUSD,20240711,0600,2382.428,2383.125,2378.375,2381.725,2760170
XAUUSD,20240711,0700,2381.645,2381.895,2378.665,2379.828,2570410
XAUUSD,20240711,0800,2379.795,2383.985,2379.435,2381.305,3351610
XAUUSD,20240711,0900,2381.295,2384.465,2381.225,2383.908,1708450
XAUUSD,20240711,1000,2383.935,2383.935,2380.365,2382.125,2237980
XAUUSD,20240711,1100,2382.145,2383.315,2378.945,2380.705,1969960
XAUUSD,20240711,1200,2380.695,2409.588,2377.668,2406.238,8097100
XAUUSD,20240711,1300,2406.188,2412.878,2395.695,2406.508,11734520
XAUUSD,20240711,1400,2406.515,2417.848,2404.258,2417.615,9546890
XAUUSD,20240711,1500,2417.665,2424.395,2412.388,2417.268,5537840
XAUUSD,20240711,1600,2417.278,2419.128,2411.535,2411.558,2948220
XAUUSD,20240711,1700,2411.505,2416.515,2409.865,2413.575,3044090
XAUUSD,20240711,1800,2413.545,2416.528,2412.765,2416.345,2335160
XAUUSD,20240711,1900,2416.308,2418.568,2413.915,2414.018,2635800
XAUUSD,20240711,2000,2413.975,2415.705,2413.058,2414.654,663660
XAUUSD,20240711,2200,2415.298,2415.815,2410.995,2413.825,724900
XAUUSD,20240711,2300,2413.815,2415.995,2411.895,2415.875,1389290
XAUUSD,20240712,0000,2415.875,2416.165,2410.938,2411.915,1565150
XAUUSD,20240712,0100,2411.915,2414.135,2406.945,2407.828,2985610
XAUUSD,20240712,0200,2407.928,2410.925,2406.558,2409.448,1771230
XAUUSD,20240712,0300,2409.374,2410.075,2408.428,2408.658,1267790
XAUUSD,20240712,0400,2408.638,2409.818,2408.035,2408.455,1022650
XAUUSD,20240712,0500,2408.445,2409.965,2405.315,2407.915,1797010
XAUUSD,20240712,0600,2407.915,2408.155,2402.035,2404.035,3317260
XAUUSD,20240712,0700,2404.015,2405.435,2400.165,2404.055,3952320
XAUUSD,20240712,0800,2404.045,2408.095,2403.685,2407.325,1538950
XAUUSD,20240712,0900,2407.325,2408.148,2403.045,2404.805,2012320
XAUUSD,20240712,1000,2404.755,2405.365,2399.705,2400.058,1804974
XAUUSD,20240712,1100,2400.165,2402.628,2398.195,2401.645,1917730
XAUUSD,20240712,1200,2401.675,2404.205,2391.325,2397.825,4649690
XAUUSD,20240712,1300,2397.835,2405.535,2396.685,2403.325,4413470
XAUUSD,20240712,1400,2403.325,2410.788,2403.325,2408.855,6223140
XAUUSD,20240712,1500,2408.865,2413.635,2407.975,2411.618,3236860
XAUUSD,20240712,1600,2411.595,2416.848,2411.595,2415.818,2692160
XAUUSD,20240712,1700,2415.815,2418.128,2414.364,2417.725,2486170
XAUUSD,20240712,1800,2417.735,2417.895,2413.765,2414.098,1755890
XAUUSD,20240712,1900,2414.078,2414.648,2412.095,2412.738,1643420
XAUUSD,20240712,2000,2412.695,2412.695,2410.534,2410.534,508250
XAUUSD,20240714,2200,2412.455,2414.855,2406.784,2407.345,765980
XAUUSD,20240714,2300,2407.355,2408.635,2405.525,2408.545,679350
XAUUSD,20240715,0000,2408.575,2408.735,2406.154,2408.345,1578860
XAUUSD,20240715,0100,2408.395,2410.205,2404.815,2409.905,2381590
XAUUSD,20240715,0200,2409.905,2410.785,2408.025,2409.015,1827030
XAUUSD,20240715,0300,2408.974,2411.848,2408.485,2411.508,1321580
XAUUSD,20240715,0400,2411.465,2413.248,2410.525,2411.375,865530
XAUUSD,20240715,0500,2411.375,2413.815,2407.855,2407.998,1960170
XAUUSD,20240715,0600,2408.005,2408.138,2401.915,2403.115,2997865
XAUUSD,20240715,0700,2403.115,2407.845,2401.225,2407.825,2879020
XAUUSD,20240715,0800,2407.805,2411.985,2406.835,2411.875,2010420
XAUUSD,20240715,0900,2411.915,2412.488,2407.585,2410.625,1735320
XAUUSD,20240715,1000,2410.615,2415.705,2410.605,2414.685,2412320
XAUUSD,20240715,1100,2414.664,2420.178,2414.438,2418.115,3327740
XAUUSD,20240715,1200,2418.155,2420.725,2413.415,2414.718,4881000
XAUUSD,20240715,1300,2414.685,2419.195,2411.385,2418.975,4805460
XAUUSD,20240715,1400,2418.495,2431.908,2418.005,2431.475,6046270
XAUUSD,20240715,1500,2431.424,2437.355,2431.285,2433.198,4954840
XAUUSD,20240715,1600,2433.164,2439.628,2429.445,2430.085,3699890
XAUUSD,20240715,1700,2430.135,2430.175,2420.335,2421.455,1924240
XAUUSD,20240715,1800,2421.405,2424.728,2419.665,2422.378,2326930
XAUUSD,20240715,1900,2422.368,2423.188,2420.158,2421.008,1764760
XAUUSD,20240715,2000,2420.985,2422.455,2420.575,2422.165,440950
XAUUSD,20240715,2200,2421.518,2422.475,2420.815,2420.845,250800
XAUUSD,20240715,2300,2420.845,2422.618,2420.805,2422.435,689660
XAUUSD,20240716,0000,2422.435,2422.718,2419.835,2421.125,1544840
XAUUSD,20240716,0100,2421.165,2427.595,2421.154,2427.085,2383060
XAUUSD,20240716,0200,2427.155,2430.158,2425.938,2430.018,2492570
XAUUSD,20240716,0300,2429.985,2431.368,2426.528,2428.518,1463280
XAUUSD,20240716,0400,2428.495,2429.368,2424.955,2429.145,925450
XAUUSD,20240716,0500,2429.145,2432.648,2428.055,2431.815,2111980
XAUUSD,20240716,0600,2431.805,2433.698,2427.995,2433.685,3591700
XAUUSD,20240716,0700,2433.745,2439.205,2432.445,2436.845,3286930
XAUUSD,20240716,0800,2436.875,2438.408,2433.488,2436.475,3644130
XAUUSD,20240716,0900,2436.465,2443.258,2435.015,2442.345,2713060
XAUUSD,20240716,1000,2442.415,2443.345,2439.585,2439.995,2070300
XAUUSD,20240716,1100,2440.095,2442.325,2438.044,2439.445,2326790
XAUUSD,20240716,1200,2439.425,2443.915,2429.285,2432.485,6759850
XAUUSD,20240716,1300,2432.435,2447.865,2430.855,2442.615,5177160
XAUUSD,20240716,1400,2442.605,2453.935,2440.435,2451.955,4446060
XAUUSD,20240716,1500,2452.008,2465.128,2451.845,2463.048,5625100
XAUUSD,20240716,1600,2463.048,2463.605,2457.754,2459.038,3364640
XAUUSD,20240716,1700,2458.998,2466.185,2458.574,2464.598,2684140
XAUUSD,20240716,1800,2464.618,2466.468,2462.385,2465.308,2271690
XAUUSD,20240716,1900,2465.308,2468.588,2463.088,2468.488,2494750
XAUUSD,20240716,2000,2468.505,2469.575,2466.788,2468.355,789450
XAUUSD,20240716,2200,2467.945,2469.865,2466.135,2468.828,888870
XAUUSD,20240716,2300,2468.855,2469.635,2467.335,2468.175,717000
XAUUSD,20240717,0000,2468.148,2473.115,2466.058,2468.628,1590610
XAUUSD,20240717,0100,2468.594,2481.125,2468.368,2479.328,3628050
XAUUSD,20240717,0200,2479.365,2482.325,2469.558,2474.485,2875580
XAUUSD,20240717,0300,2474.445,2474.465,2463.878,2471.615,2457510
XAUUSD,20240717,0400,2471.645,2472.565,2467.558,2467.698,1234010
XAUUSD,20240717,0500,2467.655,2470.865,2465.358,2465.358,2252530
XAUUSD,20240717,0600,2465.304,2467.455,2461.718,2466.305,3879540
XAUUSD,20240717,0700,2466.305,2474.275,2464.035,2474.115,4598510
XAUUSD,20240717,0800,2474.095,2478.755,2471.385,2474.868,3430260
XAUUSD,20240717,0900,2474.865,2475.345,2469.695,2475.005,3344450
XAUUSD,20240717,1000,2475.005,2476.215,2466.578,2467.725,3558890
XAUUSD,20240717,1100,2467.655,2473.185,2467.165,2469.988,2409440
XAUUSD,20240717,1200,2469.988,2475.235,2468.605,2473.265,3458920
XAUUSD,20240717,1300,2473.265,2483.305,2471.175,2482.845,6141740
XAUUSD,20240717,1400,2482.845,2483.548,2461.028,2463.598,6646364
XAUUSD,20240717,1500,2463.588,2465.858,2457.925,2463.375,5066550
XAUUSD,20240717,1600,2463.385,2464.918,2452.705,2455.568,3524020
XAUUSD,20240717,1700,2455.485,2459.175,2451.808,2452.498,2382010
XAUUSD,20240717,1800,2452.495,2458.055,2451.425,2457.865,1419650
XAUUSD,20240717,1900,2457.865,2460.298,2456.935,2457.928,1905540
XAUUSD,20240717,2000,2457.928,2459.358,2457.178,2458.645,701150
XAUUSD,20240717,2200,2458.155,2459.445,2457.705,2459.075,914870
XAUUSD,20240717,2300,2459.045,2461.728,2458.955,2461.215,1593000
XAUUSD,20240718,0000,2461.215,2461.365,2457.225,2458.715,1436760
XAUUSD,20240718,0100,2458.695,2464.015,2457.488,2462.288,2375160
XAUUSD,20240718,0200,2462.275,2465.868,2460.205,2465.495,2034370
XAUUSD,20240718,0300,2465.485,2468.775,2465.105,2467.928,2336760
XAUUSD,20240718,0400,2467.928,2468.058,2464.895,2465.138,1167320
XAUUSD,20240718,0500,2465.145,2469.828,2464.795,2466.828,1875060
XAUUSD,20240718,0600,2466.828,2472.095,2464.475,2471.325,3492890
XAUUSD,20240718,0700,2471.325,2474.805,2470.668,2471.825,2590160
XAUUSD,20240718,0800,2471.815,2473.595,2465.455,2465.838,3729540
XAUUSD,20240718,0900,2465.828,2467.568,2464.525,2465.558,1884170
XAUUSD,20240718,1000,2465.505,2466.245,2461.415,2464.098,3107960
XAUUSD,20240718,1100,2464.065,2466.228,2461.995,2464.388,2225760
XAUUSD,20240718,1200,2464.365,2468.765,2462.485,2463.865,3419200
XAUUSD,20240718,1300,2463.905,2466.138,2457.495,2464.905,5617840
XAUUSD,20240718,1400,2464.905,2469.775,2460.025,2468.315,6263510
XAUUSD,20240718,1500,2468.315,2468.985,2461.125,2461.208,4282670
XAUUSD,20240718,1600,2461.208,2461.948,2455.728,2456.108,2688800
XAUUSD,20240718,1700,2456.108,2457.405,2451.971,2456.128,2633040
XAUUSD,20240718,1800,2456.128,2456.365,2450.745,2451.408,2394569
XAUUSD,20240718,1900,2451.408,2451.698,2440.195,2442.865,2323750
XAUUSD,20240718,2000,2442.935,2445.408,2441.165,2444.915,763190
XAUUSD,20240718,2200,2444.635,2445.705,2443.485,2444.215,636510
XAUUSD,20240718,2300,2444.208,2445.095,2441.148,2441.148,711630
XAUUSD,20240719,0000,2441.148,2441.218,2426.074,2434.228,2246050
XAUUSD,20240719,0100,2434.228,2434.458,2420.315,2425.985,3696900
XAUUSD,20240719,0200,2425.978,2428.525,2422.445,2428.215,2395600
XAUUSD,20240719,0300,2428.215,2429.385,2424.835,2428.578,1670020
XAUUSD,20240719,0400,2428.585,2429.175,2423.835,2425.298,1423390
XAUUSD,20240719,0500,2425.328,2425.948,2420.955,2423.165,2181040
XAUUSD,20240719,0600,2423.175,2423.885,2414.215,2419.815,2687420
XAUUSD,20240719,0700,2419.845,2422.095,2412.748,2418.065,2279630
XAUUSD,20240719,0800,2418.065,2421.525,2416.215,2420.315,1705150
XAUUSD,20240719,0900,2420.305,2420.985,2414.638,2416.005,1624320
XAUUSD,20240719,1000,2416.185,2416.235,2410.428,2412.325,1709390
XAUUSD,20240719,1100,2412.365,2414.225,2408.375,2409.905,2266190
XAUUSD,20240719,1200,2409.925,2410.095,2401.435,2403.605,3784910
XAUUSD,20240719,1300,2403.615,2406.555,2393.675,2403.735,7040470
XAUUSD,20240719,1400,2403.748,2404.625,2395.928,2397.885,4213180
XAUUSD,20240719,1500,2397.885,2408.275,2397.695,2405.275,3933270
XAUUSD,20240719,1600,2405.275,2405.865,2399.305,2399.568,2188550
XAUUSD,20240719,1700,2399.628,2400.695,2395.515,2399.088,2758170
XAUUSD,20240719,1800,2399.065,2400.175,2397.065,2398.485,1327140
XAUUSD,20240719,1900,2398.505,2400.058,2396.985,2398.548,1583450
XAUUSD,20240719,2000,2398.625,2401.365,2397.655,2400.485,595580
XAUUSD,20240721,2200,2401.298,2411.505,2400.875,2411.165,897130
XAUUSD,20240721,2300,2411.114,2411.815,2409.075,2411.435,1520410
XAUUSD,20240722,0000,2411.435,2411.525,2406.765,2407.738,1671890
XAUUSD,20240722,0100,2407.695,2412.035,2405.608,2406.278,3427930
XAUUSD,20240722,0200,2406.245,2408.055,2403.145,2406.418,1804650
XAUUSD,20240722,0300,2406.345,2409.365,2405.755,2406.628,1072550
XAUUSD,20240722,0400,2406.625,2407.005,2403.055,2405.445,841020
XAUUSD,20240722,0500,2405.435,2407.175,2402.788,2402.788,1435500
XAUUSD,20240722,0600,2402.788,2405.135,2398.825,2402.338,4577270
XAUUSD,20240722,0700,2402.375,2404.435,2399.565,2402.408,3106680
XAUUSD,20240722,0800,2402.455,2404.515,2399.745,2400.735,2319500
XAUUSD,20240722,0900,2400.735,2405.615,2399.745,2404.308,2044290
XAUUSD,20240722,1000,2404.308,2408.268,2403.545,2406.728,2006580
XAUUSD,20240722,1100,2406.715,2407.495,2397.938,2397.958,2228900
XAUUSD,20240722,1200,2397.935,2399.428,2388.708,2394.185,3627685
XAUUSD,20240722,1300,2394.165,2400.005,2391.295,2392.615,5083690
XAUUSD,20240722,1400,2392.588,2394.705,2383.715,2387.168,5825070
XAUUSD,20240722,1500,2387.158,2390.345,2384.145,2386.168,3003860
XAUUSD,20240722,1600,2386.145,2393.195,2385.975,2392.928,2415110
XAUUSD,20240722,1700,2392.985,2396.278,2391.665,2393.928,1896980
XAUUSD,20240722,1800,2393.895,2396.368,2392.368,2395.648,1782970
XAUUSD,20240722,1900,2395.625,2399.998,2395.088,2398.978,1824880
XAUUSD,20240722,2000,2398.885,2399.388,2395.655,2396.045,416450
XAUUSD,20240722,2200,2395.658,2397.855,2394.925,2394.925,255570
XAUUSD,20240722,2300,2394.928,2396.075,2394.675,2395.565,468390
XAUUSD,20240723,0000,2395.555,2400.128,2395.385,2399.795,1407860
XAUUSD,20240723,0100,2399.795,2403.875,2397.758,2400.905,2964940
XAUUSD,20240723,0200,2400.865,2402.295,2397.425,2399.498,1466790
XAUUSD,20240723,0300,2399.485,2400.615,2396.068,2398.185,2305160
XAUUSD,20240723,0400,2398.185,2399.465,2395.625,2396.378,1510050
XAUUSD,20240723,0500,2396.365,2396.725,2390.615,2392.435,2021510
XAUUSD,20240723,0600,2392.445,2393.645,2388.135,2390.235,4338180
XAUUSD,20240723,0700,2390.235,2399.035,2389.855,2397.745,3446520
XAUUSD,20240723,0800,2397.775,2407.005,2396.215,2403.928,4123770
XAUUSD,20240723,0900,2403.958,2407.965,2403.045,2406.708,2701680
XAUUSD,20240723,1000,2406.708,2408.128,2405.435,2407.515,2891040
XAUUSD,20240723,1100,2407.515,2411.908,2405.895,2407.458,3535360
XAUUSD,20240723,1200,2407.455,2409.135,2403.545,2405.338,4593830
XAUUSD,20240723,1300,2405.274,2407.555,2399.425,2401.845,6300640
XAUUSD,20240723,1400,2401.818,2407.315,2399.508,2402.858,5275290
XAUUSD,20240723,1500,2402.795,2407.078,2401.955,2405.338,3494090
XAUUSD,20240723,1600,2405.308,2406.668,2402.865,2405.165,2855470
XAUUSD,20240723,1700,2405.165,2408.098,2402.518,2404.848,2700420
XAUUSD,20240723,1800,2404.848,2406.195,2403.648,2405.628,1797670
XAUUSD,20240723,1900,2405.575,2408.945,2405.258,2407.498,1750730
XAUUSD,20240723,2000,2407.498,2409.885,2405.268,2409.085,785990
XAUUSD,20240723,2200,2408.648,2409.515,2407.865,2409.175,476760
XAUUSD,20240723,2300,2409.165,2409.304,2407.695,2408.408,477070
XAUUSD,20240724,0000,2408.408,2410.085,2407.888,2408.198,1270930
XAUUSD,20240724,0100,2408.164,2412.045,2404.795,2408.078,3012060
XAUUSD,20240724,0200,2408.078,2415.755,2407.078,2414.014,3472940
XAUUSD,20240724,0300,2414.008,2418.228,2413.515,2416.375,1702190
XAUUSD,20240724,0400,2416.375,2417.808,2414.648,2417.715,1911550
XAUUSD,20240724,0500,2417.705,2417.845,2412.915,2415.985,1541990
XAUUSD,20240724,0600,2415.985,2419.105,2414.065,2417.405,4658540
XAUUSD,20240724,0700,2417.405,2417.758,2411.505,2414.475,3443690
XAUUSD,20240724,0800,2414.454,2414.988,2410.605,2411.688,2405660
XAUUSD,20240724,0900,2411.688,2414.745,2409.665,2413.338,2704130
XAUUSD,20240724,1000,2413.295,2416.325,2412.065,2413.465,2717550
XAUUSD,20240724,1100,2413.445,2417.658,2410.425,2417.345,2010415
XAUUSD,20240724,1200,2417.378,2421.895,2416.095,2421.295,3335700
XAUUSD,20240724,1300,2421.355,2426.555,2413.555,2421.595,5154610
XAUUSD,20240724,1400,2421.595,2431.945,2419.105,2430.268,5548120
XAUUSD,20240724,1500,2430.214,2431.208,2422.255,2424.668,3761800
XAUUSD,20240724,1600,2424.655,2424.798,2418.475,2418.938,1796220
XAUUSD,20240724,1700,2418.888,2419.458,2407.895,2409.098,1967630
XAUUSD,20240724,1800,2409.055,2409.345,2405.505,2408.125,1935035
XAUUSD,20240724,1900,2408.108,2408.595,2398.268,2398.348,2128520
XAUUSD,20240724,2000,2398.405,2400.455,2396.585,2397.015,1088450
XAUUSD,20240724,2200,2397.005,2398.414,2392.895,2397.585,1210800
XAUUSD,20240724,2300,2397.678,2401.045,2396.865,2398.595,906630
XAUUSD,20240725,0000,2398.645,2399.155,2395.895,2396.958,2628770
XAUUSD,20240725,0100,2396.955,2399.935,2370.534,2376.285,7243630
XAUUSD,20240725,0200,2376.025,2380.605,2369.775,2372.528,4757320
XAUUSD,20240725,0300,2372.528,2375.458,2366.625,2374.598,3144250
XAUUSD,20240725,0400,2374.598,2377.855,2373.068,2377.475,1662340
XAUUSD,20240725,0500,2377.485,2377.765,2368.935,2376.135,2233430
XAUUSD,20240725,0600,2376.145,2378.605,2369.745,2371.945,4510160
XAUUSD,20240725,0700,2371.965,2377.345,2365.725,2373.898,3825000
XAUUSD,20240725,0800,2373.865,2377.465,2371.915,2374.558,3405170
XAUUSD,20240725,0900,2374.538,2376.065,2370.355,2373.565,3672400
XAUUSD,20240725,1000,2373.615,2382.485,2371.815,2381.145,2659160
XAUUSD,20240725,1100,2381.155,2381.655,2367.935,2368.415,3710790
XAUUSD,20240725,1200,2368.435,2376.925,2362.708,2371.005,5859960
XAUUSD,20240725,1300,2371.015,2376.255,2361.965,2364.795,6399510
XAUUSD,20240725,1400,2364.765,2368.405,2357.918,2366.565,6326700
XAUUSD,20240725,1500,2366.578,2368.315,2362.025,2362.998,3161500
XAUUSD,20240725,1600,2362.985,2364.495,2357.385,2362.518,2016300
XAUUSD,20240725,1700,2362.508,2365.425,2353.005,2356.025,2706300
XAUUSD,20240725,1800,2356.025,2360.165,2354.135,2357.078,1930280
XAUUSD,20240725,1900,2356.994,2363.735,2356.015,2362.438,1335230
XAUUSD,20240725,2000,2362.415,2365.225,2359.255,2364.175,889070
XAUUSD,20240725,2200,2363.568,2365.295,2362.745,2363.145,320340
XAUUSD,20240725,2300,2363.108,2364.655,2361.905,2363.635,900330
XAUUSD,20240726,0000,2363.685,2365.245,2362.065,2362.585,1464280
XAUUSD,20240726,0100,2362.564,2373.795,2355.728,2373.425,2825510
XAUUSD,20240726,0200,2373.425,2379.265,2370.415,2374.108,1770750
XAUUSD,20240726,0300,2374.095,2378.195,2371.405,2371.605,1651230
XAUUSD,20240726,0400,2371.625,2372.718,2369.645,2369.668,1460600
XAUUSD,20240726,0500,2369.655,2375.145,2368.045,2374.165,1404640
XAUUSD,20240726,0600,2374.155,2374.295,2365.098,2369.495,1896640
XAUUSD,20240726,0700,2369.495,2371.865,2367.488,2371.375,2226460
XAUUSD,20240726,0800,2371.485,2374.055,2369.235,2372.845,1423040
XAUUSD,20240726,0900,2372.845,2374.385,2371.558,2373.648,1670240
XAUUSD,20240726,1000,2373.604,2375.138,2372.548,2372.678,1633550
XAUUSD,20240726,1100,2372.678,2375.635,2370.175,2373.105,1144220
XAUUSD,20240726,1200,2373.105,2378.895,2370.898,2377.405,3899940
XAUUSD,20240726,1300,2377.415,2383.075,2373.865,2381.635,4174410
XAUUSD,20240726,1400,2381.514,2390.655,2380.005,2381.768,6852780
XAUUSD,20240726,1500,2381.758,2386.805,2379.878,2385.048,2582580
XAUUSD,20240726,1600,2385.098,2390.228,2384.465,2389.045,1901510
XAUUSD,20240726,1700,2389.065,2389.078,2381.015,2383.308,1853160
XAUUSD,20240726,1800,2383.338,2386.135,2382.648,2384.278,1790250
XAUUSD,20240726,1900,2384.278,2386.985,2382.575,2386.205,1377100
XAUUSD,20240726,2000,2386.345,2388.658,2385.315,2386.765,848080
XAUUSD,20240728,2200,2387.645,2402.995,2387.115,2395.615,1595870
XAUUSD,20240728,2300,2395.635,2398.865,2394.505,2396.875,1332600
XAUUSD,20240729,0000,2396.935,2401.525,2396.935,2399.848,1946570
XAUUSD,20240729,0100,2399.835,2402.395,2388.528,2392.655,4131570
XAUUSD,20240729,0200,2392.625,2394.565,2390.835,2393.055,2359010
XAUUSD,20240729,0300,2393.005,2395.085,2391.805,2394.445,1987920
XAUUSD,20240729,0400,2394.445,2395.925,2393.248,2394.715,1225900
XAUUSD,20240729,0500,2394.715,2396.108,2390.065,2392.578,1634430
XAUUSD,20240729,0600,2392.575,2395.415,2390.605,2391.658,3537730
XAUUSD,20240729,0700,2391.585,2394.235,2389.355,2391.468,3509410
XAUUSD,20240729,0800,2391.468,2392.635,2386.805,2390.235,2212410
XAUUSD,20240729,0900,2390.265,2393.355,2389.745,2392.635,1325410
XAUUSD,20240729,1000,2392.635,2395.275,2391.895,2392.458,1488850
XAUUSD,20240729,1100,2392.445,2392.955,2386.738,2387.645,1947310
XAUUSD,20240729,1200,2387.655,2394.055,2385.345,2393.725,3262280
XAUUSD,20240729,1300,2393.725,2396.585,2389.755,2391.705,4910230
XAUUSD,20240729,1400,2391.955,2393.925,2379.965,2381.105,4742610
XAUUSD,20240729,1500,2381.135,2382.895,2369.518,2376.698,3332910
XAUUSD,20240729,1600,2376.815,2378.885,2374.405,2378.025,2010000
XAUUSD,20240729,1700,2378.025,2383.318,2377.305,2378.168,2460030
XAUUSD,20240729,1800,2378.145,2380.648,2376.808,2379.498,1420280
XAUUSD,20240729,1900,2379.488,2385.305,2378.205,2382.998,2644250
XAUUSD,20240729,2000,2382.924,2384.515,2381.128,2383.504,564430
XAUUSD,20240729,2200,2383.198,2384.825,2382.075,2383.885,197820
XAUUSD,20240729,2300,2383.925,2384.128,2380.775,2380.988,451650
XAUUSD,20240730,0000,2381.095,2383.688,2380.124,2381.678,1347120
XAUUSD,20240730,0100,2381.698,2382.295,2376.358,2379.608,2347670
XAUUSD,20240730,0200,2379.564,2383.115,2378.385,2381.725,1813550
XAUUSD,20240730,0300,2381.745,2385.878,2381.298,2385.638,1125520
XAUUSD,20240730,0400,2385.668,2388.205,2385.565,2386.265,922860
XAUUSD,20240730,0500,2386.245,2389.698,2385.925,2388.645,1881480
XAUUSD,20240730,0600,2388.645,2390.885,2387.615,2390.185,3737560
XAUUSD,20240730,0700,2390.375,2391.915,2388.715,2390.218,2807930
XAUUSD,20240730,0800,2390.168,2391.395,2388.425,2389.295,2347490
XAUUSD,20240730,0900,2389.295,2389.965,2387.675,2389.025,1870880
XAUUSD,20240730,1000,2389.025,2392.295,2387.705,2391.535,2488830
XAUUSD,20240730,1100,2391.555,2392.048,2386.835,2386.938,2534970
XAUUSD,20240730,1200,2387.035,2388.255,2385.605,2386.365,2094210
XAUUSD,20240730,1300,2386.425,2397.648,2385.645,2394.045,6148800
XAUUSD,20240730,1400,2393.935,2395.865,2387.498,2391.568,6173470
XAUUSD,20240730,1500,2391.568,2392.335,2383.265,2385.205,3428050
XAUUSD,20240730,1600,2385.235,2400.155,2384.915,2399.745,3875000
XAUUSD,20240730,1700,2399.825,2410.798,2399.735,2405.635,4946970
XAUUSD,20240730,1800,2405.635,2407.265,2403.545,2404.788,1429380
XAUUSD,20240730,1900,2404.765,2408.285,2403.635,2406.978,2311530
XAUUSD,20240730,2000,2406.905,2412.705,2406.884,2410.375,1253390
XAUUSD,20240730,2200,2409.898,2410.815,2407.965,2408.995,804600
XAUUSD,20240730,2300,2409.145,2410.065,2408.365,2409.675,1131880
XAUUSD,20240731,0000,2409.715,2409.935,2407.765,2408.878,1972410
XAUUSD,20240731,0100,2408.835,2412.078,2403.765,2408.928,4484750
XAUUSD,20240731,0200,2408.888,2409.265,2403.948,2407.335,2389810
XAUUSD,20240731,0300,2407.235,2418.895,2407.125,2416.325,2518130
XAUUSD,20240731,0400,2416.305,2421.148,2414.285,2420.965,1542120
XAUUSD,20240731,0500,2420.978,2422.005,2417.165,2417.645,1744330
XAUUSD,20240731,0600,2417.655,2425.355,2416.375,2421.205,3445680
XAUUSD,20240731,0700,2421.205,2421.795,2415.845,2417.015,3502500
XAUUSD,20240731,0800,2417.015,2421.675,2415.315,2421.325,3464870
XAUUSD,20240731,0900,2421.295,2422.175,2417.775,2420.928,1651340
XAUUSD,20240731,1000,2420.875,2422.758,2417.515,2418.365,2042790
XAUUSD,20240731,1100,2418.365,2423.118,2418.015,2419.445,2310220
XAUUSD,20240731,1200,2419.465,2422.771,2417.225,2420.315,3741220
XAUUSD,20240731,1300,2420.325,2427.455,2417.695,2426.085,4496100
XAUUSD,20240731,1400,2426.075,2428.918,2419.065,2422.355,5218990
XAUUSD,20240731,1500,2422.355,2424.085,2419.915,2423.008,3845090
XAUUSD,20240731,1600,2422.945,2427.578,2422.308,2426.885,2728950
XAUUSD,20240731,1700,2426.885,2428.898,2425.515,2425.555,2474470
XAUUSD,20240731,1800,2425.865,2435.255,2421.394,2433.735,4969640
XAUUSD,20240731,1900,2433.575,2450.745,2430.985,2449.748,5070180
XAUUSD,20240731,2000,2449.714,2450.848,2446.085,2447.095,1316500
XAUUSD,20240731,2200,2448.498,2449.515,2446.728,2447.424,688560
XAUUSD,20240731,2300,2447.425,2447.764,2444.128,2445.638,717710
XAUUSD,20240801,0000,2445.615,2449.328,2445.115,2447.488,2211610
XAUUSD,20240801,0100,2447.415,2458.295,2445.928,2451.238,4216080
XAUUSD,20240801,0200,2451.255,2451.295,2437.218,2441.175,4485000
XAUUSD,20240801,0300,2441.225,2444.495,2439.185,2442.598,2706460
XAUUSD,20240801,0400,2442.585,2446.725,2442.328,2444.108,2215490
XAUUSD,20240801,0500,2444.045,2447.825,2443.445,2446.825,4418160
XAUUSD,20240801,0600,2446.825,2448.748,2443.904,2444.628,5705530
XAUUSD,20240801,0700,2444.628,2444.735,2439.828,2440.185,4739990
XAUUSD,20240801,0800,2440.118,2442.245,2433.118,2433.738,3442620
XAUUSD,20240801,0900,2433.714,2434.918,2430.075,2432.915,2120880
XAUUSD,20240801,1000,2432.935,2436.705,2431.895,2435.035,2220340
XAUUSD,20240801,1100,2434.995,2442.875,2434.225,2440.658,2797740
XAUUSD,20240801,1200,2440.675,2454.715,2440.175,2450.605,5177030
XAUUSD,20240801,1300,2450.605,2457.225,2448.405,2453.325,7177530
XAUUSD,20240801,1400,2453.255,2462.125,2443.128,2448.455,8938900
XAUUSD,20240801,1500,2448.405,2451.615,2441.998,2445.095,5443470
XAUUSD,20240801,1600,2445.075,2448.635,2443.298,2444.335,3254700
XAUUSD,20240801,1700,2444.385,2444.585,2435.698,2439.215,4142360
XAUUSD,20240801,1800,2439.215,2440.865,2434.828,2439.478,2429380
XAUUSD,20240801,1900,2439.485,2444.028,2438.198,2443.035,3542020
XAUUSD,20240801,2000,2443.075,2447.468,2441.738,2446.065,1257750
XAUUSD,20240801,2200,2445.668,2447.208,2443.585,2445.045,856920
XAUUSD,20240801,2300,2445.045,2446.395,2443.975,2445.705,1178910
XAUUSD,20240802,0000,2445.705,2452.215,2443.745,2448.908,2030630
XAUUSD,20240802,0100,2448.895,2450.785,2434.815,2446.995,5609950
XAUUSD,20240802,0200,2446.995,2455.558,2446.555,2455.458,3408260
XAUUSD,20240802,0300,2455.324,2459.335,2451.555,2454.375,2340060
XAUUSD,20240802,0400,2454.375,2460.155,2454.108,2457.705,1777900
XAUUSD,20240802,0500,2457.715,2466.785,2457.525,2466.665,3591950
XAUUSD,20240802,0600,2466.675,2468.285,2462.288,2465.468,6537960
XAUUSD,20240802,0700,2465.435,2466.615,2460.085,2461.485,4852690
XAUUSD,20240802,0800,2461.505,2465.225,2460.815,2461.918,4331830
XAUUSD,20240802,0900,2461.918,2464.135,2460.805,2463.785,2721170
XAUUSD,20240802,1000,2463.785,2465.215,2460.745,2463.458,3038990
XAUUSD,20240802,1100,2463.475,2464.585,2457.485,2459.095,3279990
XAUUSD,20240802,1200,2459.068,2477.494,2455.775,2472.708,7166070
XAUUSD,20240802,1300,2472.755,2474.195,2455.635,2469.695,7785020
XAUUSD,20240802,1400,2469.664,2474.265,2428.195,2431.395,8251740
XAUUSD,20240802,1500,2431.408,2435.615,2410.664,2433.075,5704680
XAUUSD,20240802,1600,2433.075,2439.124,2426.225,2430.335,4398710
XAUUSD,20240802,1700,2430.278,2431.465,2422.898,2427.675,1898630
XAUUSD,20240802,1800,2427.675,2433.535,2426.544,2428.885,1541720
XAUUSD,20240802,1900,2428.905,2438.095,2425.505,2437.448,2226500
XAUUSD,20240802,2000,2437.448,2443.815,2435.488,2443.055,1034120
XAUUSD,20240804,2200,2443.975,2447.345,2437.574,2441.215,2154480
XAUUSD,20240804,2300,2441.225,2445.565,2438.995,2440.865,2601200
XAUUSD,20240805,0000,2440.865,2440.955,2413.908,2421.995,4124590
XAUUSD,20240805,0100,2421.878,2441.805,2420.068,2439.295,4663320
XAUUSD,20240805,0200,2439.305,2445.955,2432.965,2442.598,2570800
XAUUSD,20240805,0300,2442.634,2452.395,2442.505,2450.835,3482710
XAUUSD,20240805,0400,2450.835,2458.655,2450.748,2452.515,5741830
XAUUSD,20240805,0500,2452.525,2452.525,2432.268,2437.865,5861350
XAUUSD,20240805,0600,2437.875,2438.595,2422.025,2428.425,9795420
XAUUSD,20240805,0700,2428.384,2445.375,2424.515,2431.794,7306610
XAUUSD,20240805,0800,2431.815,2434.335,2423.235,2424.865,6099285
XAUUSD,20240805,0900,2424.925,2428.635,2419.048,2424.078,7459870
XAUUSD,20240805,1000,2424.078,2425.455,2407.998,2408.418,6516850
XAUUSD,20240805,1100,2408.438,2408.438,2383.105,2386.675,8272730
XAUUSD,20240805,1200,2386.625,2392.185,2364.164,2374.365,9391510
XAUUSD,20240805,1300,2374.385,2396.848,2374.385,2393.028,9421100
XAUUSD,20240805,1400,2393.028,2397.295,2386.815,2396.424,6683420
XAUUSD,20240805,1500,2396.424,2412.074,2396.324,2402.678,4953980
XAUUSD,20240805,1600,2402.655,2408.594,2398.928,2402.998,3075990
XAUUSD,20240805,1700,2402.955,2406.485,2400.058,2404.938,4215640
XAUUSD,20240805,1800,2404.864,2408.785,2403.645,2404.815,3366600
XAUUSD,20240805,1900,2404.815,2412.995,2404.515,2407.598,4819570
XAUUSD,20240805,2000,2407.625,2411.495,2405.378,2410.005,1231940
XAUUSD,20240805,2200,2409.295,2412.405,2407.815,2408.785,788120
XAUUSD,20240805,2300,2408.825,2409.885,2404.285,2404.675,1497640
XAUUSD,20240806,0000,2404.695,2418.215,2404.455,2415.725,3258960
XAUUSD,20240806,0100,2415.744,2417.595,2410.595,2412.265,4201170
XAUUSD,20240806,0200,2412.335,2413.165,2405.755,2407.355,3352380
XAUUSD,20240806,0300,2407.395,2410.935,2406.385,2408.895,2471890
XAUUSD,20240806,0400,2408.895,2412.535,2406.315,2407.875,1757070
XAUUSD,20240806,0500,2407.895,2411.735,2398.038,2398.678,3638940
XAUUSD,20240806,0600,2398.678,2408.215,2394.728,2401.518,6599760
XAUUSD,20240806,0700,2401.485,2410.515,2401.374,2409.688,3132630
XAUUSD,20240806,0800,2409.645,2415.285,2408.025,2411.018,3930660
XAUUSD,20240806,0900,2411.018,2415.385,2410.175,2413.285,3243960
XAUUSD,20240806,1000,2413.265,2416.195,2411.495,2412.275,3136630
XAUUSD,20240806,1100,2412.295,2415.205,2410.075,2410.805,4536220
XAUUSD,20240806,1200,2410.815,2412.095,2391.685,2392.898,7081040
XAUUSD,20240806,1300,2392.878,2399.345,2388.725,2395.585,7524410
XAUUSD,20240806,1400,2395.534,2403.005,2386.195,2388.275,6027330
XAUUSD,20240806,1500,2388.275,2390.945,2381.515,2387.455,5432470
XAUUSD,20240806,1600,2387.545,2391.248,2385.525,2389.868,2705240
XAUUSD,20240806,1700,2389.774,2393.375,2387.458,2391.815,2283750
XAUUSD,20240806,1800,2391.815,2395.885,2391.205,2392.755,1549230
XAUUSD,20240806,1900,2392.755,2392.965,2386.365,2387.578,3214800
XAUUSD,20240806,2000,2387.605,2390.455,2386.778,2389.854,1095380
XAUUSD,20240806,2200,2390.575,2391.675,2387.805,2388.455,630390
XAUUSD,20240806,2300,2388.425,2389.565,2382.665,2383.748,1623550
XAUUSD,20240807,0000,2383.735,2387.295,2380.988,2386.405,2443400
XAUUSD,20240807,0100,2386.405,2387.435,2378.868,2383.915,5310590
XAUUSD,20240807,0200,2383.925,2388.295,2380.775,2384.035,4822040
XAUUSD,20240807,0300,2384.035,2387.325,2383.065,2385.785,3578010
XAUUSD,20240807,0400,2385.785,2394.528,2385.548,2392.668,3561880
XAUUSD,20240807,0500,2392.668,2396.038,2388.495,2391.345,3717110
XAUUSD,20240807,0600,2391.355,2397.445,2389.475,2394.645,4832850
XAUUSD,20240807,0700,2394.655,2394.785,2388.038,2389.195,6372010
XAUUSD,20240807,0800,2389.178,2393.565,2388.195,2393.175,4150040
XAUUSD,20240807,0900,2393.175,2396.305,2392.345,2394.155,4407890
XAUUSD,20240807,1000,2394.165,2397.998,2393.018,2397.308,4117422
XAUUSD,20240807,1100,2397.275,2402.185,2394.115,2400.958,4516940
XAUUSD,20240807,1200,2400.915,2406.858,2398.825,2403.655,6441030
XAUUSD,20240807,1300,2403.775,2404.675,2396.915,2399.925,6532960
XAUUSD,20240807,1400,2399.854,2403.305,2397.805,2398.998,5384120
XAUUSD,20240807,1500,2398.998,2401.715,2391.845,2394.448,4616090
XAUUSD,20240807,1600,2394.395,2399.635,2392.645,2399.535,5123450
XAUUSD,20240807,1700,2399.555,2399.555,2389.345,2389.778,3795250
XAUUSD,20240807,1800,2389.748,2391.565,2383.715,2386.125,5457940
XAUUSD,20240807,1900,2386.125,2390.335,2385.235,2385.608,3240870
XAUUSD,20240807,2000,2385.525,2387.218,2381.728,2382.495,1143130
XAUUSD,20240807,2200,2383.524,2384.265,2380.855,2383.495,709950
XAUUSD,20240807,2300,2383.565,2385.775,2382.635,2384.685,1814400
XAUUSD,20240808,0000,2384.715,2388.725,2383.085,2385.435,2241990
XAUUSD,20240808,0100,2385.435,2391.235,2384.915,2386.718,2835620
XAUUSD,20240808,0200,2386.678,2390.725,2386.155,2390.345,2203270
XAUUSD,20240808,0300,2390.325,2394.588,2388.495,2394.175,2075030
XAUUSD,20240808,0400,2394.175,2396.265,2392.595,2394.218,1445850
XAUUSD,20240808,0500,2394.218,2395.338,2392.345,2395.095,2227660
XAUUSD,20240808,0600,2395.115,2400.645,2392.515,2397.655,3222890
XAUUSD,20240808,0700,2397.595,2400.195,2394.615,2396.715,2215810
XAUUSD,20240808,0800,2396.715,2398.015,2392.745,2394.425,1535260
XAUUSD,20240808,0900,2394.455,2398.865,2393.735,2396.125,1821610
XAUUSD,20240808,1000,2396.125,2406.305,2396.125,2405.115,3321350
XAUUSD,20240808,1100,2405.055,2413.475,2404.845,2412.135,4101020
XAUUSD,20240808,1200,2412.105,2415.385,2407.005,2407.945,6070010
XAUUSD,20240808,1300,2407.925,2415.355,2402.205,2413.995,8022140
XAUUSD,20240808,1400,2414.005,2424.195,2409.128,2413.625,7129270
XAUUSD,20240808,1500,2413.705,2420.215,2411.798,2418.578,3834080
XAUUSD,20240808,1600,2418.534,2423.665,2416.608,2417.988,4532540
XAUUSD,20240808,1700,2417.985,2424.744,2415.665,2423.415,4524580
XAUUSD,20240808,1800,2423.395,2426.178,2422.198,2423.858,3120170
XAUUSD,20240808,1900,2423.785,2424.708,2421.434,2423.448,2638690
XAUUSD,20240808,2000,2423.485,2427.548,2422.898,2427.065,896410
XAUUSD,20240808,2200,2426.845,2427.848,2424.424,2425.645,1083060
XAUUSD,20240808,2300,2425.595,2426.248,2422.785,2424.445,924780
XAUUSD,20240809,0000,2424.485,2425.205,2422.438,2423.805,1725920
XAUUSD,20240809,0100,2423.875,2427.435,2419.965,2427.155,4793990
XAUUSD,20240809,0200,2427.105,2428.845,2422.265,2422.348,2000040
XAUUSD,20240809,0300,2422.315,2423.255,2419.198,2420.908,2050980
XAUUSD,20240809,0400,2420.825,2424.395,2420.098,2423.755,1121680
XAUUSD,20240809,0500,2423.745,2423.828,2416.988,2417.028,1667430
XAUUSD,20240809,0600,2417.005,2421.655,2416.815,2420.615,2654300
XAUUSD,20240809,0700,2420.555,2426.915,2420.195,2423.028,2038020
XAUUSD,20240809,0800,2423.028,2426.615,2422.115,2424.345,2156980
XAUUSD,20240809,0900,2424.345,2425.465,2422.548,2423.418,2258970
XAUUSD,20240809,1000,2423.415,2431.438,2422.955,2430.358,2735270
XAUUSD,20240809,1100,2430.355,2432.505,2425.055,2426.565,2753000
XAUUSD,20240809,1200,2426.575,2429.765,2423.695,2429.575,4465930
XAUUSD,20240809,1300,2429.498,2433.008,2420.965,2426.545,5928140
XAUUSD,20240809,1400,2426.508,2435.798,2425.294,2428.625,7416450
XAUUSD,20240809,1500,2428.595,2432.438,2426.424,2431.358,4185510
XAUUSD,20240809,1600,2431.348,2434.555,2427.434,2434.265,2697670
XAUUSD,20240809,1700,2434.258,2436.884,2430.345,2430.498,2328170
XAUUSD,20240809,1800,2430.545,2430.818,2427.118,2429.698,1340720
XAUUSD,20240809,1900,2429.695,2429.978,2427.308,2429.005,1670515
XAUUSD,20240809,2000,2429.035,2431.115,2429.035,2430.925,797530
XAUUSD,20240811,2200,2430.298,2433.305,2426.835,2430.305,678440
XAUUSD,20240811,2300,2430.265,2430.485,2427.215,2427.765,543060
XAUUSD,20240812,0000,2427.835,2428.954,2426.615,2428.398,1012440
XAUUSD,20240812,0100,2428.298,2430.115,2424.508,2425.915,3216125
XAUUSD,20240812,0200,2425.915,2427.335,2423.695,2426.105,1439990
XAUUSD,20240812,0300,2426.065,2429.235,2425.635,2428.445,1145510
XAUUSD,20240812,0400,2428.415,2433.378,2428.095,2433.275,1223040
XAUUSD,20240812,0500,2433.265,2434.985,2428.975,2434.515,2175280
XAUUSD,20240812,0600,2434.525,2437.055,2433.528,2436.675,2596400
XAUUSD,20240812,0700,2436.695,2442.745,2435.445,2441.515,1678380
XAUUSD,20240812,0800,2441.525,2443.708,2439.518,2441.855,1564150
XAUUSD,20240812,0900,2441.855,2445.015,2440.518,2442.545,1851440
XAUUSD,20240812,1000,2442.615,2444.578,2441.278,2443.705,2141980
XAUUSD,20240812,1100,2443.725,2444.085,2439.545,2441.495,1384480
XAUUSD,20240812,1200,2441.485,2445.325,2441.345,2444.295,3610940
XAUUSD,20240812,1300,2444.295,2457.364,2441.985,2454.048,6231070
XAUUSD,20240812,1400,2454.048,2455.365,2444.395,2453.185,5768960
XAUUSD,20240812,1500,2453.205,2460.358,2452.758,2459.705,4236640
XAUUSD,20240812,1600,2459.705,2465.955,2458.894,2463.038,3409970
XAUUSD,20240812,1700,2463.018,2468.505,2461.648,2467.085,2268480
XAUUSD,20240812,1800,2467.035,2470.898,2466.265,2470.175,2637680
XAUUSD,20240812,1900,2470.175,2472.065,2469.598,2470.418,1684230
XAUUSD,20240812,2000,2470.408,2473.095,2470.314,2472.385,731420
XAUUSD,20240812,2200,2470.414,2473.985,2469.825,2473.595,952320
XAUUSD,20240812,2300,2473.595,2475.855,2472.595,2475.425,891270
XAUUSD,20240813,0000,2475.445,2476.845,2468.355,2472.025,2295780
XAUUSD,20240813,0100,2472.015,2473.535,2460.764,2466.325,4797130
XAUUSD,20240813,0200,2466.258,2467.525,2461.368,2461.368,2123280
XAUUSD,20240813,0300,2461.328,2464.558,2461.178,2463.318,2209780
XAUUSD,20240813,0400,2463.325,2464.935,2460.055,2461.895,1178460
XAUUSD,20240813,0500,2461.895,2464.195,2458.365,2462.595,2333650
XAUUSD,20240813,0600,2462.595,2464.495,2461.015,2463.165,1466650
XAUUSD,20240813,0700,2463.155,2466.065,2460.718,2464.085,2245990
XAUUSD,20240813,0800,2464.125,2464.195,2458.825,2460.518,2091250
XAUUSD,20240813,0900,2460.518,2461.985,2458.775,2460.598,2193840
XAUUSD,20240813,1000,2460.568,2463.375,2459.305,2462.078,2127970
XAUUSD,20240813,1100,2462.025,2466.498,2461.375,2465.648,3395270
XAUUSD,20240813,1200,2465.648,2472.344,2464.185,2467.475,7133480
XAUUSD,20240813,1300,2467.485,2475.505,2458.818,2472.818,6475720
XAUUSD,20240813,1400,2472.714,2473.145,2464.105,2471.255,3093810
XAUUSD,20240813,1500,2471.305,2472.888,2465.915,2468.498,2592660
XAUUSD,20240813,1600,2468.454,2470.925,2466.195,2469.385,1339100
XAUUSD,20240813,1700,2469.395,2470.135,2465.845,2467.568,1207890
XAUUSD,20240813,1800,2467.558,2468.845,2466.245,2467.645,1288420
XAUUSD,20240813,1900,2467.645,2468.685,2462.105,2466.965,1447840
XAUUSD,20240813,2000,2466.888,2467.728,2464.505,2464.855,695040
XAUUSD,20240813,2200,2466.498,2466.898,2463.705,2465.448,639450
XAUUSD,20240813,2300,2465.448,2465.448,2462.808,2463.975,890730
XAUUSD,20240814,0000,2463.985,2467.268,2463.865,2465.528,1527510
XAUUSD,20240814,0100,2465.518,2472.415,2464.435,2465.325,2792250
XAUUSD,20240814,0200,2465.325,2465.545,2455.225,2459.805,2808596
XAUUSD,20240814,0300,2459.775,2461.435,2458.625,2460.765,1899810
XAUUSD,20240814,0400,2460.745,2462.804,2459.945,2461.675,1233670
XAUUSD,20240814,0500,2461.675,2462.425,2459.098,2461.985,1604370
XAUUSD,20240814,0600,2461.995,2467.628,2460.205,2467.355,2392040
XAUUSD,20240814,0700,2467.278,2471.815,2466.245,2470.828,1766040
XAUUSD,20240814,0800,2470.825,2478.615,2468.605,2474.308,3061020
XAUUSD,20240814,0900,2474.265,2475.195,2470.955,2472.755,2398190
XAUUSD,20240814,1000,2472.755,2475.998,2470.385,2474.815,2583450
XAUUSD,20240814,1100,2474.835,2475.125,2471.615,2474.638,2164910
XAUUSD,20240814,1200,2474.668,2479.715,2462.205,2468.668,4433040
XAUUSD,20240814,1300,2468.668,2469.358,2449.228,2457.388,4691070
XAUUSD,20240814,1400,2457.358,2458.128,2446.865,2450.115,4005040
XAUUSD,20240814,1500,2450.095,2452.045,2441.948,2443.935,3340590
XAUUSD,20240814,1600,2443.955,2445.395,2438.000,2444.095,3433700
XAUUSD,20240814,1700,2444.065,2444.995,2440.205,2441.435,2830330
XAUUSD,20240814,1800,2441.404,2447.905,2440.535,2447.645,2691480
XAUUSD,20240814,1900,2447.645,2448.275,2444.268,2447.115,1882590
XAUUSD,20240814,2000,2447.075,2448.305,2446.475,2447.625,477250
XAUUSD,20240814,2200,2446.958,2448.584,2446.355,2447.705,379030
XAUUSD,20240814,2300,2447.745,2449.348,2447.038,2449.295,560640
XAUUSD,20240815,0000,2449.315,2454.175,2448.405,2450.015,1673860
XAUUSD,20240815,0100,2450.055,2453.435,2448.075,2450.605,3228330
XAUUSD,20240815,0200,2450.595,2452.435,2449.725,2451.335,1943940
XAUUSD,20240815,0300,2451.318,2454.195,2451.185,2453.565,1791260
XAUUSD,20240815,0400,2453.565,2455.308,2452.615,2453.265,996570
XAUUSD,20240815,0500,2453.265,2454.928,2450.205,2453.725,1691050
XAUUSD,20240815,0600,2453.725,2458.665,2452.585,2455.935,2352920
XAUUSD,20240815,0700,2455.875,2456.515,2454.295,2455.665,1229210
XAUUSD,20240815,0800,2455.665,2457.095,2453.485,2455.358,1678370
XAUUSD,20240815,0900,2455.358,2457.155,2455.175,2456.725,1182750
XAUUSD,20240815,1000,2456.785,2460.185,2456.695,2458.055,1969110
XAUUSD,20240815,1100,2458.055,2464.065,2457.765,2463.418,2065330
XAUUSD,20240815,1200,2463.418,2469.945,2440.908,2441.025,7287910
XAUUSD,20240815,1300,2441.075,2451.328,2432.015,2444.305,6494266
XAUUSD,20240815,1400,2444.325,2458.445,2444.325,2452.118,7411100
XAUUSD,20240815,1500,2452.148,2459.475,2450.448,2458.255,4374100
XAUUSD,20240815,1600,2458.328,2459.755,2454.955,2455.628,2611560
XAUUSD,20240815,1700,2455.655,2456.315,2453.338,2455.308,1683930
XAUUSD,20240815,1800,2455.308,2458.185,2454.698,2458.155,1964700
XAUUSD,20240815,1900,2458.165,2461.558,2454.015,2455.414,2794830
XAUUSD,20240815,2000,2455.415,2457.435,2454.668,2456.545,1302830
XAUUSD,20240815,2200,2456.385,2456.395,2454.435,2454.685,492300
XAUUSD,20240815,2300,2454.675,2458.098,2454.225,2457.195,843240
XAUUSD,20240816,0000,2457.225,2459.648,2456.798,2458.238,1739160
XAUUSD,20240816,0100,2458.365,2459.908,2455.625,2457.155,2885240
XAUUSD,20240816,0200,2457.155,2457.538,2453.465,2454.828,1510010
XAUUSD,20240816,0300,2454.805,2455.505,2450.565,2452.308,1926370
XAUUSD,20240816,0400,2452.285,2453.565,2451.855,2452.605,773910
XAUUSD,20240816,0500,2452.605,2456.174,2452.515,2455.588,1275510
XAUUSD,20240816,0600,2455.588,2457.685,2454.475,2454.885,2495950
XAUUSD,20240816,0700,2454.935,2464.405,2451.025,2461.885,2577410
XAUUSD,20240816,0800,2461.925,2463.915,2458.954,2462.265,1404250
XAUUSD,20240816,0900,2462.265,2464.215,2461.065,2463.225,1084720
XAUUSD,20240816,1000,2463.225,2468.078,2462.755,2464.498,2249610
XAUUSD,20240816,1100,2464.495,2472.195,2464.495,2472.015,2308460
XAUUSD,20240816,1200,2472.015,2492.265,2471.148,2491.525,5910390
XAUUSD,20240816,1300,2491.555,2500.045,2483.505,2494.428,8298840
XAUUSD,20240816,1400,2494.438,2494.805,2477.315,2487.025,7652304
XAUUSD,20240816,1500,2487.025,2492.135,2485.548,2491.635,3675140
XAUUSD,20240816,1600,2491.645,2497.675,2491.565,2495.848,4004620
XAUUSD,20240816,1700,2495.828,2499.985,2493.005,2499.655,2998390
XAUUSD,20240816,1800,2499.615,2505.458,2498.325,2503.168,2666670
XAUUSD,20240816,1900,2503.164,2508.875,2501.594,2507.824,1930180
XAUUSD,20240816,2000,2507.765,2509.638,2505.405,2506.844,1073260
XAUUSD,20240818,2200,2508.298,2509.998,2502.148,2504.725,1455390
XAUUSD,20240818,2300,2504.785,2506.705,2503.325,2506.305,845760
XAUUSD,20240819,0000,2506.325,2506.645,2500.208,2501.928,1858170
XAUUSD,20240819,0100,2501.945,2505.924,2494.845,2498.065,4394210
XAUUSD,20240819,0200,2498.105,2503.818,2496.055,2503.368,2699820
XAUUSD,20240819,0300,2503.365,2505.735,2500.425,2503.155,2002490
XAUUSD,20240819,0400,2503.155,2504.595,2498.695,2500.535,1902530
XAUUSD,20240819,0500,2500.575,2502.285,2498.985,2500.945,2223390
XAUUSD,20240819,0600,2500.965,2505.098,2499.515,2502.005,3384320
XAUUSD,20240819,0700,2502.025,2504.825,2499.625,2502.925,2571580
XAUUSD,20240819,0800,2502.865,2507.065,2502.185,2502.995,2515090
XAUUSD,20240819,0900,2502.995,2503.855,2499.705,2499.828,1848090
XAUUSD,20240819,1000,2499.805,2499.975,2489.405,2489.708,2527480
XAUUSD,20240819,1100,2489.735,2495.068,2486.415,2494.365,3073530
XAUUSD,20240819,1200,2494.365,2495.385,2488.658,2491.095,3381940
XAUUSD,20240819,1300,2491.115,2495.705,2485.515,2494.565,5776970
XAUUSD,20240819,1400,2494.518,2504.695,2493.835,2501.198,5662230
XAUUSD,20240819,1500,2501.218,2505.865,2499.818,2503.848,3054030
XAUUSD,20240819,1600,2503.848,2507.345,2501.815,2505.418,1963370
XAUUSD,20240819,1700,2505.378,2505.658,2500.605,2503.058,2569310
XAUUSD,20240819,1800,2502.978,2504.715,2502.315,2504.178,1189750
XAUUSD,20240819,1900,2504.155,2505.748,2502.945,2505.345,1622080
XAUUSD,20240819,2000,2505.515,2505.538,2503.285,2503.885,714690
XAUUSD,20240819,2200,2503.275,2504.475,2501.928,2504.145,420910
XAUUSD,20240819,2300,2504.145,2504.155,2502.385,2503.515,394280
XAUUSD,20240820,0000,2503.615,2506.728,2503.285,2504.835,1469910
XAUUSD,20240820,0100,2504.865,2508.065,2501.125,2501.835,2342260
XAUUSD,20240820,0200,2501.805,2502.165,2498.558,2499.485,2351860
XAUUSD,20240820,0300,2499.475,2502.278,2498.928,2501.665,1760050
XAUUSD,20240820,0400,2501.685,2502.665,2499.375,2500.664,1177290
XAUUSD,20240820,0500,2500.664,2503.555,2499.315,2499.344,2399800
XAUUSD,20240820,0600,2499.344,2505.665,2497.235,2502.245,3415250
XAUUSD,20240820,0700,2502.235,2515.005,2501.075,2514.825,3301730
XAUUSD,20240820,0800,2514.825,2522.945,2514.275,2519.715,4680920
XAUUSD,20240820,0900,2519.715,2525.078,2519.715,2521.565,3853510
XAUUSD,20240820,1000,2521.565,2524.445,2521.078,2522.735,2263430
XAUUSD,20240820,1100,2522.735,2526.978,2522.105,2526.178,3298350
XAUUSD,20240820,1200,2526.205,2529.085,2521.568,2526.608,5795180
XAUUSD,20240820,1300,2526.565,2531.558,2519.744,2529.808,7827520
XAUUSD,20240820,1400,2529.808,2530.058,2520.245,2523.748,6142870
XAUUSD,20240820,1500,2523.738,2523.794,2505.654,2508.398,4600140
XAUUSD,20240820,1600,2508.368,2510.435,2500.685,2508.934,2378990
XAUUSD,20240820,1700,2508.958,2512.964,2506.588,2510.458,2662680
XAUUSD,20240820,1800,2510.458,2515.304,2509.238,2513.175,2033610
XAUUSD,20240820,1900,2513.175,2515.165,2510.815,2514.878,2300560
XAUUSD,20240820,2000,2514.938,2516.828,2513.285,2513.615,1143480
XAUUSD,20240820,2200,2512.968,2515.594,2512.638,2514.608,662190
XAUUSD,20240820,2300,2514.595,2515.945,2512.655,2512.795,1059710
XAUUSD,20240821,0000,2512.795,2515.828,2512.328,2513.405,1167340
XAUUSD,20240821,0100,2513.485,2516.968,2510.725,2516.738,2115210
XAUUSD,20240821,0200,2516.678,2519.795,2515.775,2519.265,2049800
XAUUSD,20240821,0300,2519.244,2519.285,2512.975,2517.275,1676970
XAUUSD,20240821,0400,2517.325,2517.515,2513.665,2515.995,1119610
XAUUSD,20240821,0500,2516.005,2518.255,2514.855,2515.068,1912350
XAUUSD,20240821,0600,2515.085,2519.428,2511.725,2514.325,2099860
XAUUSD,20240821,0700,2514.305,2516.915,2508.005,2509.635,2778380
XAUUSD,20240821,0800,2509.595,2512.305,2506.795,2507.148,3757960
XAUUSD,20240821,0900,2507.145,2509.135,2504.405,2505.548,2187060
XAUUSD,20240821,1000,2505.514,2509.575,2504.345,2509.255,1944840
XAUUSD,20240821,1100,2509.315,2513.115,2506.785,2511.698,2115710
XAUUSD,20240821,1200,2511.698,2513.585,2506.975,2510.408,2476170
XAUUSD,20240821,1300,2510.495,2512.745,2497.815,2502.885,4206500
XAUUSD,20240821,1400,2502.864,2506.515,2493.698,2501.428,5311220
XAUUSD,20240821,1500,2501.428,2510.935,2501.225,2508.194,2742540
XAUUSD,20240821,1600,2508.278,2508.755,2503.065,2506.985,2114670
XAUUSD,20240821,1700,2506.985,2511.205,2506.805,2509.245,1823500
XAUUSD,20240821,1800,2509.235,2518.995,2508.955,2515.885,2634840
XAUUSD,20240821,1900,2516.025,2516.275,2510.818,2511.418,2215060
XAUUSD,20240821,2000,2511.325,2512.298,2509.668,2512.055,1058290
XAUUSD,20240821,2200,2511.698,2513.845,2510.895,2513.775,488850
XAUUSD,20240821,2300,2513.775,2514.235,2512.145,2512.585,474000
XAUUSD,20240822,0000,2512.635,2514.545,2511.018,2513.585,973640
XAUUSD,20240822,0100,2513.548,2513.918,2506.915,2507.475,2123290
XAUUSD,20240822,0200,2507.465,2508.515,2499.815,2502.158,3802700
XAUUSD,20240822,0300,2502.158,2504.605,2500.994,2502.268,1697170
XAUUSD,20240822,0400,2502.205,2502.288,2499.204,2501.795,952380
XAUUSD,20240822,0500,2501.795,2506.185,2500.555,2505.405,1444320
XAUUSD,20240822,0600,2505.405,2510.485,2503.415,2507.358,4224220
XAUUSD,20240822,0700,2507.355,2509.658,2504.325,2506.948,1920950
XAUUSD,20240822,0800,2506.935,2507.365,2502.355,2503.555,1212250
XAUUSD,20240822,0900,2503.555,2507.965,2501.015,2507.165,1628270
XAUUSD,20240822,1000,2507.218,2509.008,2505.114,2505.208,2576370
XAUUSD,20240822,1100,2505.164,2505.885,2497.895,2499.395,3262910
XAUUSD,20240822,1200,2499.465,2504.045,2495.015,2500.555,3753600
XAUUSD,20240822,1300,2500.585,2501.405,2482.898,2487.478,4749365
XAUUSD,20240822,1400,2487.385,2487.385,2470.705,2479.928,5167219
XAUUSD,20240822,1500,2479.844,2483.985,2474.865,2481.768,3568900
XAUUSD,20240822,1600,2481.798,2485.885,2481.225,2484.208,2284810
XAUUSD,20240822,1700,2484.145,2484.315,2479.585,2482.185,1235960
XAUUSD,20240822,1800,2482.185,2484.685,2480.255,2482.178,1367310
XAUUSD,20240822,1900,2482.095,2483.368,2478.425,2482.795,1645550
XAUUSD,20240822,2000,2482.868,2484.745,2482.348,2484.465,704050
XAUUSD,20240822,2200,2484.185,2485.455,2484.185,2484.975,474900
XAUUSD,20240822,2300,2484.978,2487.525,2484.824,2487.475,362480
XAUUSD,20240823,0000,2487.475,2492.155,2486.355,2489.825,1974150
XAUUSD,20240823,0100,2489.875,2491.295,2487.755,2490.675,3488490
XAUUSD,20240823,0200,2490.715,2491.448,2486.565,2489.815,1469550
XAUUSD,20240823,0300,2489.815,2493.618,2489.315,2493.075,1614040
XAUUSD,20240823,0400,2493.095,2494.385,2492.415,2493.245,874230
XAUUSD,20240823,0500,2493.245,2495.665,2490.985,2491.768,1684530
XAUUSD,20240823,0600,2491.785,2494.485,2490.465,2492.805,2056460
XAUUSD,20240823,0700,2492.865,2493.995,2491.555,2493.335,2872490
XAUUSD,20240823,0800,2493.275,2499.855,2492.935,2498.845,2304500
XAUUSD,20240823,0900,2498.865,2501.725,2496.855,2498.785,2243780
XAUUSD,20240823,1000,2498.785,2499.128,2495.515,2498.885,1708420
XAUUSD,20240823,1100,2498.915,2502.355,2497.285,2501.495,2862170
XAUUSD,20240823,1200,2501.495,2502.228,2498.275,2501.198,3121890
XAUUSD,20240823,1300,2501.145,2503.765,2494.315,2498.325,4965750
XAUUSD,20240823,1400,2497.878,2517.735,2497.364,2509.055,8405480
XAUUSD,20240823,1500,2509.115,2518.195,2507.854,2509.678,7649120
XAUUSD,20240823,1600,2509.678,2510.368,2501.668,2510.195,4337424
XAUUSD,20240823,1700,2510.195,2513.105,2509.445,2510.758,2824170
XAUUSD,20240823,1800,2510.785,2511.718,2508.908,2509.678,2561700
XAUUSD,20240823,1900,2509.605,2512.638,2507.795,2510.698,1841680
XAUUSD,20240823,2000,2510.708,2512.575,2509.448,2512.235,832230
XAUUSD,20240825,2200,2511.275,2514.365,2510.105,2512.725,728320
XAUUSD,20240825,2300,2512.745,2516.585,2512.685,2515.785,1427010
XAUUSD,20240826,0000,2515.795,2516.845,2512.285,2513.585,2071650
XAUUSD,20240826,0100,2513.525,2515.324,2510.445,2513.185,3862280
XAUUSD,20240826,0200,2513.185,2515.178,2511.625,2511.825,2206130
XAUUSD,20240826,0300,2511.805,2512.805,2509.205,2509.745,1152130
XAUUSD,20240826,0400,2509.725,2510.725,2508.775,2509.518,1840340
XAUUSD,20240826,0500,2509.465,2511.145,2508.585,2510.358,2397480
XAUUSD,20240826,0600,2510.335,2515.265,2509.705,2514.965,3546200
XAUUSD,20240826,0700,2514.955,2521.715,2514.098,2521.305,3669590
XAUUSD,20240826,0800,2521.305,2525.658,2520.585,2524.135,3567240
XAUUSD,20240826,0900,2524.195,2525.525,2523.265,2524.895,2876080
XAUUSD,20240826,1000,2524.915,2526.555,2522.425,2524.818,2524750
XAUUSD,20240826,1100,2524.795,2526.708,2520.795,2526.425,4242380
XAUUSD,20240826,1200,2526.425,2526.648,2522.298,2523.758,5302790
XAUUSD,20240826,1300,2523.758,2526.305,2515.325,2515.775,7187270
XAUUSD,20240826,1400,2515.775,2518.868,2510.548,2516.835,6768840
XAUUSD,20240826,1500,2516.805,2517.288,2511.265,2515.748,4714630
XAUUSD,20240826,1600,2515.705,2520.295,2513.465,2520.155,2168650
XAUUSD,20240826,1700,2520.155,2523.255,2516.395,2517.965,1582880
XAUUSD,20240826,1800,2517.985,2519.445,2515.465,2516.775,1211770
XAUUSD,20240826,1900,2516.795,2520.855,2516.735,2518.048,2219440
XAUUSD,20240826,2000,2518.078,2518.958,2517.348,2517.835,669140
XAUUSD,20240826,2200,2517.438,2518.395,2516.895,2517.155,277470
XAUUSD,20240826,2300,2517.155,2517.555,2515.335,2515.335,439020
XAUUSD,20240827,0000,2515.355,2516.625,2512.835,2513.065,981950
XAUUSD,20240827,0100,2513.125,2514.005,2508.125,2509.618,3576700
XAUUSD,20240827,0200,2509.598,2510.248,2505.698,2508.625,2221470
XAUUSD,20240827,0300,2508.575,2509.065,2505.728,2508.955,1343190
XAUUSD,20240827,0400,2508.955,2509.355,2506.145,2507.175,943230
XAUUSD,20240827,0500,2507.155,2513.645,2506.508,2513.425,1864940
XAUUSD,20240827,0600,2513.485,2517.365,2512.624,2514.785,2984950
XAUUSD,20240827,0700,2514.815,2517.395,2504.458,2504.858,5329930
XAUUSD,20240827,0800,2504.858,2512.395,2503.415,2510.955,3916330
XAUUSD,20240827,0900,2510.955,2513.605,2507.975,2508.805,3353150
XAUUSD,20240827,1000,2508.835,2510.358,2506.785,2508.858,4148860
XAUUSD,20240827,1100,2508.865,2512.315,2508.515,2511.355,3680980
XAUUSD,20240827,1200,2511.355,2514.204,2507.615,2509.694,3584610
XAUUSD,20240827,1300,2509.694,2514.975,2503.325,2512.488,4138150
XAUUSD,20240827,1400,2512.438,2518.035,2507.648,2514.668,5032740
XAUUSD,20240827,1500,2514.625,2520.205,2511.405,2512.045,2638000
XAUUSD,20240827,1600,2511.985,2514.275,2509.758,2514.275,1355600
XAUUSD,20240827,1700,2514.275,2521.535,2513.965,2519.945,2177210
XAUUSD,20240827,1800,2519.945,2525.818,2519.775,2524.388,1910760
XAUUSD,20240827,1900,2524.348,2525.638,2522.915,2524.975,2217980
XAUUSD,20240827,2000,2524.965,2525.795,2523.675,2524.355,853870
XAUUSD,20240827,2200,2524.605,2525.908,2524.305,2525.438,508920
XAUUSD,20240827,2300,2525.425,2528.888,2524.025,2525.178,1081970
XAUUSD,20240828,0000,2525.155,2525.725,2523.755,2524.275,1010610
XAUUSD,20240828,0100,2524.275,2524.275,2516.754,2516.988,2645170
XAUUSD,20240828,0200,2516.955,2518.385,2513.215,2516.235,2193385
XAUUSD,20240828,0300,2516.235,2516.955,2513.115,2515.755,1124280
XAUUSD,20240828,0400,2515.745,2516.035,2510.095,2511.385,1219230
XAUUSD,20240828,0500,2511.365,2511.555,2505.335,2505.698,2217649
XAUUSD,20240828,0600,2505.698,2508.875,2503.338,2508.435,2959180
XAUUSD,20240828,0700,2508.435,2511.225,2507.415,2509.865,4163800
XAUUSD,20240828,0800,2509.865,2509.865,2505.825,2508.055,1874030
XAUUSD,20240828,0900,2508.075,2511.275,2507.645,2510.015,2203140
XAUUSD,20240828,1000,2510.045,2510.295,2502.465,2505.215,1930260
XAUUSD,20240828,1100,2505.185,2505.335,2500.615,2501.338,2714040
XAUUSD,20240828,1200,2501.305,2501.525,2493.515,2500.535,4475451
XAUUSD,20240828,1300,2500.495,2510.505,2499.335,2506.458,5685244
XAUUSD,20240828,1400,2506.445,2509.018,2503.895,2507.485,4335901
XAUUSD,20240828,1500,2507.455,2510.138,2505.000,2506.058,3029691
XAUUSD,20240828,1600,2506.018,2506.355,2496.295,2501.828,2830781
XAUUSD,20240828,1700,2501.795,2506.225,2500.445,2505.298,2237670
XAUUSD,20240828,1800,2505.248,2508.088,2503.525,2507.878,1843990
XAUUSD,20240828,1900,2507.898,2509.465,2506.698,2507.528,2285650
XAUUSD,20240828,2000,2507.585,2508.485,2502.675,2504.315,1501840
XAUUSD,20240828,2200,2503.858,2508.685,2503.811,2506.995,789260
XAUUSD,20240828,2300,2506.988,2508.204,2506.265,2508.094,805290
XAUUSD,20240829,0000,2508.094,2515.155,2507.964,2512.225,2655340
XAUUSD,20240829,0100,2512.235,2514.595,2511.598,2513.045,3515640
XAUUSD,20240829,0200,2512.955,2514.975,2511.495,2512.745,1322520
XAUUSD,20240829,0300,2512.735,2516.695,2512.315,2516.475,1094370
XAUUSD,20240829,0400,2516.495,2518.065,2515.385,2515.728,983060
XAUUSD,20240829,0500,2515.725,2519.798,2513.635,2518.655,2566350
XAUUSD,20240829,0600,2518.655,2521.065,2516.155,2516.788,2561050
XAUUSD,20240829,0700,2516.774,2519.025,2515.085,2519.025,2141820
XAUUSD,20240829,0800,2519.055,2520.025,2514.954,2516.994,2774740
XAUUSD,20240829,0900,2516.994,2524.295,2515.768,2522.795,2321270
XAUUSD,20240829,1000,2522.855,2524.275,2520.675,2522.968,1985510
XAUUSD,20240829,1100,2522.965,2523.285,2518.945,2519.785,1307770
XAUUSD,20240829,1200,2519.758,2519.808,2503.515,2509.035,4713384
XAUUSD,20240829,1300,2509.185,2519.095,2508.045,2516.605,3742870
XAUUSD,20240829,1400,2516.558,2522.195,2514.305,2522.025,4890920
XAUUSD,20240829,1500,2522.095,2525.498,2518.435,2522.438,3879520
XAUUSD,20240829,1600,2522.455,2526.575,2517.305,2525.128,2070890
XAUUSD,20240829,1700,2525.135,2528.558,2523.384,2525.768,1937410
XAUUSD,20240829,1800,2525.778,2526.258,2520.875,2522.968,1945900
XAUUSD,20240829,1900,2522.925,2524.715,2520.765,2521.045,2170460
XAUUSD,20240829,2000,2521.068,2522.218,2520.618,2521.085,607430
XAUUSD,20240829,2200,2520.425,2521.715,2520.225,2520.798,261390
XAUUSD,20240829,2300,2520.785,2520.798,2518.725,2519.435,662010
XAUUSD,20240830,0000,2519.455,2519.508,2516.548,2517.605,1558360
XAUUSD,20240830,0100,2517.655,2519.968,2514.305,2515.925,2417810
XAUUSD,20240830,0200,2515.925,2517.745,2514.075,2515.878,1689010
XAUUSD,20240830,0300,2515.868,2516.905,2512.175,2513.425,1137660
XAUUSD,20240830,0400,2513.365,2514.445,2512.035,2513.235,712220
XAUUSD,20240830,0500,2513.235,2516.188,2512.395,2513.665,1741760
XAUUSD,20240830,0600,2513.678,2523.848,2513.005,2517.665,3482300
XAUUSD,20240830,0700,2517.665,2521.305,2517.405,2519.215,2232600
XAUUSD,20240830,0800,2519.198,2526.585,2518.755,2522.828,1635990
XAUUSD,20240830,0900,2522.805,2526.725,2522.495,2524.085,2381470
XAUUSD,20240830,1000,2524.085,2524.648,2514.965,2515.228,2646280
XAUUSD,20240830,1100,2515.228,2521.515,2514.885,2519.378,1595580
XAUUSD,20240830,1200,2519.275,2524.575,2516.178,2519.515,3175310
XAUUSD,20240830,1300,2519.615,2519.715,2512.735,2515.128,6549493
XAUUSD,20240830,1400,2515.128,2518.248,2506.335,2509.028,4782080
XAUUSD,20240830,1500,2509.028,2509.445,2500.135,2502.365,3025998
XAUUSD,20240830,1600,2502.365,2505.955,2496.485,2497.618,2465963
XAUUSD,20240830,1700,2497.595,2500.355,2494.048,2499.448,1823750
XAUUSD,20240830,1800,2499.455,2504.638,2499.315,2502.318,2334230
XAUUSD,20240830,1900,2502.318,2503.948,2498.228,2502.208,1601520
XAUUSD,20240830,2000,2502.185,2503.398,2501.775,2502.925,721490
XAUUSD,20240901,2200,2502.435,2504.545,2501.195,2503.298,446850
XAUUSD,20240901,2300,2503.294,2503.595,2501.815,2502.885,608990
XAUUSD,20240902,0000,2502.875,2504.825,2501.078,2501.385,1180830
XAUUSD,20240902,0100,2501.398,2504.505,2496.505,2497.835,2801020
XAUUSD,20240902,0200,2497.835,2498.175,2489.915,2491.825,1592936
XAUUSD,20240902,0300,2491.815,2496.275,2491.245,2496.165,1198810
XAUUSD,20240902,0400,2496.175,2499.258,2496.075,2496.785,1149400
XAUUSD,20240902,0500,2496.805,2498.375,2495.145,2496.395,1498210
XAUUSD,20240902,0600,2496.395,2501.285,2495.775,2497.455,1824210
XAUUSD,20240902,0700,2497.485,2499.425,2496.065,2498.105,1380560
XAUUSD,20240902,0800,2498.075,2507.125,2497.155,2506.178,1512090
XAUUSD,20240902,0900,2506.178,2506.455,2498.055,2498.805,2068430
XAUUSD,20240902,1000,2498.805,2501.915,2497.995,2499.058,1800510
XAUUSD,20240902,1100,2499.135,2500.155,2496.995,2499.678,1457500
XAUUSD,20240902,1200,2499.645,2503.075,2498.675,2501.178,1616650
XAUUSD,20240902,1300,2501.168,2502.145,2498.475,2499.808,1754760
XAUUSD,20240902,1400,2499.775,2502.365,2497.565,2501.925,1679170
XAUUSD,20240902,1500,2501.935,2502.315,2499.815,2501.495,917460
XAUUSD,20240902,1600,2501.505,2501.805,2498.515,2500.435,513900
XAUUSD,20240902,1700,2500.385,2501.225,2498.668,2499.324,376660
XAUUSD,20240902,1800,2499.324,2500.025,2498.655,2499.228,245320
XAUUSD,20240902,2200,2499.098,2499.855,2497.425,2497.525,173700
XAUUSD,20240902,2300,2497.525,2498.335,2496.305,2497.175,496500
XAUUSD,20240903,0000,2497.155,2497.548,2494.878,2495.695,1096620
XAUUSD,20240903,0100,2495.665,2495.755,2489.534,2493.635,3776870
XAUUSD,20240903,0200,2493.635,2496.268,2492.255,2495.195,1354960
XAUUSD,20240903,0300,2495.085,2495.765,2492.975,2494.665,1524750
XAUUSD,20240903,0400,2494.655,2496.848,2493.815,2495.798,1443930
XAUUSD,20240903,0500,2495.785,2495.818,2492.635,2494.885,1563110
XAUUSD,20240903,0600,2494.905,2498.718,2492.675,2497.735,2572980
XAUUSD,20240903,0700,2497.705,2501.938,2496.475,2500.725,2333520
XAUUSD,20240903,0800,2500.725,2506.165,2500.455,2503.835,1604300
XAUUSD,20240903,0900,2503.865,2504.865,2500.788,2500.838,1723250
XAUUSD,20240903,1000,2500.868,2500.868,2492.545,2497.215,2376985
XAUUSD,20240903,1100,2497.215,2501.485,2484.575,2489.558,2562730
XAUUSD,20240903,1200,2489.558,2502.034,2486.998,2493.105,4118470
XAUUSD,20240903,1300,2493.035,2497.515,2475.375,2479.608,4586700
XAUUSD,20240903,1400,2479.618,2485.485,2473.245,2478.218,4444840
XAUUSD,20240903,1500,2478.218,2489.405,2477.095,2488.285,2847510
XAUUSD,20240903,1600,2488.285,2488.885,2483.808,2486.008,1887300
XAUUSD,20240903,1700,2485.825,2491.955,2485.388,2489.388,2039600
XAUUSD,20240903,1800,2489.365,2489.868,2486.938,2489.268,1464200
XAUUSD,20240903,1900,2489.175,2494.295,2488.885,2491.978,1877690
XAUUSD,20240903,2000,2491.978,2493.055,2491.248,2492.665,713770
XAUUSD,20240903,2200,2492.495,2494.275,2491.885,2492.964,695390
XAUUSD,20240903,2300,2492.964,2494.524,2492.135,2493.155,583740
XAUUSD,20240904,0000,2493.115,2494.915,2492.055,2492.238,1659600
XAUUSD,20240904,0100,2492.165,2494.335,2491.155,2493.285,2495550
XAUUSD,20240904,0200,2493.275,2496.835,2492.268,2495.165,1711970
XAUUSD,20240904,0300,2495.165,2496.405,2493.375,2494.945,587630
XAUUSD,20240904,0400,2494.955,2496.625,2494.345,2495.785,452140
XAUUSD,20240904,0500,2495.785,2496.495,2492.625,2493.008,1406930
XAUUSD,20240904,0600,2493.008,2493.265,2483.555,2484.145,2992250
XAUUSD,20240904,0700,2484.145,2488.115,2481.885,2482.045,3030460
XAUUSD,20240904,0800,2482.045,2483.195,2472.438,2473.175,2548240
XAUUSD,20240904,0900,2473.185,2483.175,2471.718,2481.505,2723240
XAUUSD,20240904,1000,2481.505,2489.834,2480.975,2488.875,3117230
XAUUSD,20240904,1100,2488.865,2491.085,2486.615,2489.085,2786650
XAUUSD,20240904,1200,2489.085,2491.025,2485.375,2486.445,3727930
XAUUSD,20240904,1300,2486.445,2489.965,2481.915,2485.075,4475390
XAUUSD,20240904,1400,2485.115,2500.145,2484.455,2496.118,7782260
XAUUSD,20240904,1500,2496.118,2498.255,2492.678,2493.938,2877270
XAUUSD,20240904,1600,2493.915,2497.848,2493.015,2496.604,2430140
XAUUSD,20240904,1700,2496.635,2497.195,2493.388,2493.848,1788400
XAUUSD,20240904,1800,2493.848,2495.475,2492.315,2494.585,1278360
XAUUSD,20240904,1900,2494.585,2494.695,2491.415,2493.275,3363360
XAUUSD,20240904,2000,2493.275,2496.825,2492.835,2495.285,1240090
XAUUSD,20240904,2200,2494.725,2495.985,2494.398,2495.185,282660
XAUUSD,20240904,2300,2495.188,2496.785,2494.925,2495.695,724140
XAUUSD,20240905,0000,2495.768,2496.425,2494.355,2495.055,1337240
XAUUSD,20240905,0100,2495.075,2499.174,2494.385,2496.305,2903930
XAUUSD,20240905,0200,2496.265,2498.834,2496.115,2497.968,1126280
XAUUSD,20240905,0300,2497.948,2498.468,2494.508,2494.718,1178740
XAUUSD,20240905,0400,2494.708,2494.965,2493.665,2494.145,678540
XAUUSD,20240905,0500,2494.095,2502.165,2493.855,2501.795,1532250
XAUUSD,20240905,0600,2501.815,2506.815,2500.705,2504.308,2807890
XAUUSD,20240905,0700,2504.185,2507.445,2502.875,2506.325,1967610
XAUUSD,20240905,0800,2506.385,2516.535,2505.875,2514.555,2190000
XAUUSD,20240905,0900,2514.655,2517.155,2514.605,2515.418,1279480
XAUUSD,20240905,1000,2515.395,2516.815,2513.214,2516.235,1569470
XAUUSD,20240905,1100,2516.215,2518.258,2513.535,2515.075,2301390
XAUUSD,20240905,1200,2515.085,2523.448,2513.895,2517.605,4478870
XAUUSD,20240905,1300,2517.605,2519.255,2512.325,2514.565,4385360
XAUUSD,20240905,1400,2514.905,2520.448,2507.535,2508.648,7844552
XAUUSD,20240905,1500,2508.638,2510.875,2503.805,2507.018,4517480
XAUUSD,20240905,1600,2507.015,2511.455,2505.955,2510.308,2388860
XAUUSD,20240905,1700,2510.255,2515.265,2509.168,2514.998,2217270
XAUUSD,20240905,1800,2515.005,2516.778,2514.688,2515.528,1750370
XAUUSD,20240905,1900,2515.518,2516.018,2513.505,2514.778,1344810
XAUUSD,20240905,2000,2514.865,2516.788,2514.765,2516.475,561140
XAUUSD,20240905,2200,2516.048,2516.705,2515.595,2515.978,196680
XAUUSD,20240905,2300,2515.945,2517.828,2515.935,2517.125,898880
XAUUSD,20240906,0000,2517.155,2517.545,2515.448,2515.788,815560
XAUUSD,20240906,0100,2515.785,2516.538,2513.365,2513.708,1597310
XAUUSD,20240906,0200,2513.685,2517.925,2512.895,2517.635,1473850
XAUUSD,20240906,0300,2517.635,2518.258,2516.815,2518.155,692970
XAUUSD,20240906,0400,2518.155,2519.388,2517.675,2518.304,1143410
XAUUSD,20240906,0500,2518.295,2521.668,2518.285,2519.914,1635220
XAUUSD,20240906,0600,2519.914,2521.278,2516.515,2519.075,2538200
XAUUSD,20240906,0700,2519.035,2519.755,2516.175,2516.408,1549910
XAUUSD,20240906,0800,2516.355,2518.155,2515.358,2517.738,1657340
XAUUSD,20240906,0900,2517.745,2519.808,2516.265,2519.115,1739010
XAUUSD,20240906,1000,2519.095,2519.705,2517.095,2518.835,1298790
XAUUSD,20240906,1100,2518.835,2520.205,2514.595,2516.165,2494580
XAUUSD,20240906,1200,2516.135,2529.125,2506.855,2522.138,5614530
XAUUSD,20240906,1300,2522.175,2522.875,2501.905,2509.268,8621190
XAUUSD,20240906,1400,2509.288,2515.478,2500.375,2506.605,7463830
XAUUSD,20240906,1500,2506.685,2518.355,2503.535,2505.318,6458650
XAUUSD,20240906,1600,2505.295,2505.645,2485.015,2488.935,6134210
XAUUSD,20240906,1700,2488.855,2496.895,2485.758,2495.485,3884980
XAUUSD,20240906,1800,2495.475,2496.785,2491.938,2494.498,2284070
XAUUSD,20240906,1900,2494.585,2496.735,2490.618,2495.868,1993220
XAUUSD,20240906,2000,2495.838,2497.758,2494.668,2497.035,835030
XAUUSD,20240908,2200,2497.098,2497.865,2496.045,2497.695,523960
XAUUSD,20240908,2300,2497.745,2498.124,2495.415,2496.745,936480
XAUUSD,20240909,0000,2496.775,2498.165,2495.528,2495.858,1234170
XAUUSD,20240909,0100,2495.824,2498.574,2494.625,2497.575,2231550
XAUUSD,20240909,0200,2497.634,2499.005,2496.835,2497.035,1094160
XAUUSD,20240909,0300,2497.005,2500.365,2496.618,2499.128,1216610
XAUUSD,20240909,0400,2499.128,2499.345,2497.345,2498.085,1042900
XAUUSD,20240909,0500,2498.035,2498.155,2487.305,2487.748,2914310
XAUUSD,20240909,0600,2487.745,2493.475,2485.405,2489.615,4093690
XAUUSD,20240909,0700,2489.645,2496.625,2488.725,2494.125,3672390
XAUUSD,20240909,0800,2494.195,2495.525,2489.945,2492.105,2980810
XAUUSD,20240909,0900,2492.105,2497.478,2491.985,2496.275,2015450
XAUUSD,20240909,1000,2496.305,2499.035,2492.995,2494.325,2861010
XAUUSD,20240909,1100,2494.345,2498.778,2493.295,2497.128,1634030
XAUUSD,20240909,1200,2497.105,2503.978,2496.185,2500.768,5823040
XAUUSD,20240909,1300,2500.748,2505.098,2499.154,2499.624,4999430
XAUUSD,20240909,1400,2499.624,2501.075,2493.115,2496.728,3220170
XAUUSD,20240909,1500,2496.715,2499.555,2493.458,2499.005,2692230
XAUUSD,20240909,1600,2498.995,2505.158,2498.995,2504.248,1713870
XAUUSD,20240909,1700,2504.205,2506.405,2499.375,2499.895,3111240
XAUUSD,20240909,1800,2499.935,2505.198,2499.365,2504.658,3667450
XAUUSD,20240909,1900,2504.625,2506.038,2502.665,2505.875,2540150
XAUUSD,20240909,2000,2505.865,2507.088,2505.185,2506.115,1054580
XAUUSD,20240909,2200,2505.898,2506.995,2505.675,2506.855,368470
XAUUSD,20240909,2300,2506.785,2507.515,2505.595,2506.625,339570
XAUUSD,20240910,0000,2506.665,2507.358,2504.645,2505.255,1559830
XAUUSD,20240910,0100,2505.335,2506.685,2502.655,2503.698,2958580
XAUUSD,20240910,0200,2503.714,2503.865,2501.635,2502.895,1523880
XAUUSD,20240910,0300,2502.845,2504.235,2501.314,2502.395,1049060
XAUUSD,20240910,0400,2502.395,2502.725,2500.865,2501.618,934800
XAUUSD,20240910,0500,2501.605,2504.808,2500.618,2503.695,1818340
XAUUSD,20240910,0600,2503.685,2506.475,2503.255,2504.998,1970220
XAUUSD,20240910,0700,2504.995,2507.595,2502.005,2502.595,2087180
XAUUSD,20240910,0800,2502.565,2503.018,2500.024,2502.165,2330790
XAUUSD,20240910,0900,2502.165,2506.005,2500.045,2505.965,2621060
XAUUSD,20240910,1000,2505.965,2509.555,2505.028,2505.555,1834010
XAUUSD,20240910,1100,2505.514,2507.055,2504.058,2504.498,1499240
XAUUSD,20240910,1200,2504.415,2513.928,2504.355,2513.725,3176050
XAUUSD,20240910,1300,2513.755,2515.268,2506.128,2506.718,6315740
XAUUSD,20240910,1400,2506.718,2509.155,2500.984,2508.955,4604212
XAUUSD,20240910,1500,2509.015,2518.304,2508.145,2512.618,2570050
XAUUSD,20240910,1600,2512.685,2515.385,2510.585,2514.318,1886130
XAUUSD,20240910,1700,2514.275,2515.545,2512.768,2513.058,1986130
XAUUSD,20240910,1800,2513.015,2516.528,2511.975,2516.235,2436570
XAUUSD,20240910,1900,2516.205,2517.355,2514.025,2517.155,2629620
XAUUSD,20240910,2000,2517.155,2517.358,2515.658,2516.415,812900
XAUUSD,20240910,2200,2515.978,2516.924,2515.978,2516.325,365520
XAUUSD,20240910,2300,2516.358,2518.688,2516.215,2518.555,619150
XAUUSD,20240911,0000,2518.498,2519.015,2516.078,2516.458,1369250
XAUUSD,20240911,0100,2516.415,2522.415,2514.845,2518.578,3604570
XAUUSD,20240911,0200,2518.455,2520.225,2517.445,2518.655,1683910
XAUUSD,20240911,0300,2518.655,2519.845,2516.695,2519.288,1392600
XAUUSD,20240911,0400,2519.285,2520.055,2518.455,2519.448,1303640
XAUUSD,20240911,0500,2519.428,2522.335,2519.175,2521.148,2718560
XAUUSD,20240911,0600,2521.155,2528.885,2520.765,2526.485,4246900
XAUUSD,20240911,0700,2526.485,2527.675,2520.615,2521.338,2375250
XAUUSD,20240911,0800,2521.325,2527.085,2520.585,2524.165,2353520
XAUUSD,20240911,0900,2524.175,2524.565,2521.915,2523.125,1179060
XAUUSD,20240911,1000,2523.095,2523.185,2519.635,2521.645,1735850
XAUUSD,20240911,1100,2521.645,2524.068,2520.605,2522.105,1505630
XAUUSD,20240911,1200,2522.065,2523.368,2502.028,2508.034,7693880
XAUUSD,20240911,1300,2508.034,2512.745,2503.055,2509.515,10547070
XAUUSD,20240911,1400,2509.515,2510.315,2500.825,2509.335,9153800
XAUUSD,20240911,1500,2509.388,2514.825,2508.585,2514.675,5831700
XAUUSD,20240911,1600,2514.675,2519.944,2513.568,2515.148,3069070
XAUUSD,20240911,1700,2515.084,2516.755,2512.275,2514.455,4719135
XAUUSD,20240911,1800,2514.455,2516.225,2511.138,2511.408,3746910
XAUUSD,20240911,1900,2511.345,2513.085,2509.675,2512.824,2634890
XAUUSD,20240911,2000,2512.795,2513.748,2511.165,2511.555,772470
XAUUSD,20240911,2200,2511.015,2513.744,2511.015,2512.715,477270
XAUUSD,20240911,2300,2512.715,2512.908,2511.645,2511.778,442710
XAUUSD,20240912,0000,2511.775,2512.305,2510.935,2512.095,1167850
XAUUSD,20240912,0100,2512.075,2515.064,2511.555,2513.015,2729050
XAUUSD,20240912,0200,2513.015,2513.964,2510.885,2512.065,1704220
XAUUSD,20240912,0300,2512.095,2515.965,2512.035,2515.715,1065540
XAUUSD,20240912,0400,2515.715,2517.675,2515.485,2516.888,719650
XAUUSD,20240912,0500,2516.868,2519.715,2516.868,2519.355,1225580
XAUUSD,20240912,0600,2519.365,2522.195,2516.625,2516.765,2286350
XAUUSD,20240912,0700,2516.795,2517.605,2514.385,2515.785,3276230
XAUUSD,20240912,0800,2515.775,2519.178,2514.985,2517.245,1849430
XAUUSD,20240912,0900,2517.245,2519.058,2516.255,2518.705,1443150
XAUUSD,20240912,1000,2518.685,2520.905,2513.068,2513.118,2180220
XAUUSD,20240912,1100,2513.095,2520.235,2512.905,2519.425,2534440
XAUUSD,20240912,1200,2519.435,2535.198,2518.775,2528.375,5049410
XAUUSD,20240912,1300,2528.395,2551.534,2521.965,2545.348,8851110
XAUUSD,20240912,1400,2545.288,2554.648,2541.695,2553.205,6703610
XAUUSD,20240912,1500,2553.228,2555.035,2548.738,2553.154,4835980
XAUUSD,20240912,1600,2553.165,2553.568,2544.698,2550.548,4708090
XAUUSD,20240912,1700,2550.564,2554.678,2550.015,2553.875,2910230
XAUUSD,20240912,1800,2553.864,2558.634,2551.918,2555.838,3183160
XAUUSD,20240912,1900,2555.838,2558.985,2554.434,2557.748,3593310
XAUUSD,20240912,2000,2557.704,2559.978,2556.625,2558.485,1444160
XAUUSD,20240912,2200,2557.698,2559.348,2557.045,2557.264,756090
XAUUSD,20240912,2300,2557.314,2558.435,2556.538,2558.344,1213110
XAUUSD,20240913,0000,2558.334,2562.575,2556.625,2561.475,1838160
XAUUSD,20240913,0100,2561.485,2567.935,2559.815,2563.135,3417110
XAUUSD,20240913,0200,2563.135,2565.485,2561.485,2565.285,1951790
XAUUSD,20240913,0300,2565.285,2569.925,2564.565,2567.805,1731570
XAUUSD,20240913,0400,2567.795,2569.965,2566.505,2568.765,812580
XAUUSD,20240913,0500,2568.745,2570.135,2565.805,2566.418,1463610
XAUUSD,20240913,0600,2566.418,2568.675,2563.035,2567.005,3444870
XAUUSD,20240913,0700,2567.025,2570.888,2563.775,2569.668,4057980
XAUUSD,20240913,0800,2569.695,2570.858,2565.794,2569.845,4256085
XAUUSD,20240913,0900,2569.808,2572.825,2566.898,2568.425,3942220
XAUUSD,20240913,1000,2568.425,2569.215,2565.495,2566.868,3208070
XAUUSD,20240913,1100,2566.944,2568.185,2563.584,2567.165,3151780
XAUUSD,20240913,1200,2567.265,2575.795,2565.935,2575.704,4876450
XAUUSD,20240913,1300,2575.685,2583.258,2573.375,2577.455,8607090
XAUUSD,20240913,1400,2577.445,2580.025,2572.978,2578.215,7123830
XAUUSD,20240913,1500,2578.298,2582.285,2573.555,2582.048,6042000
XAUUSD,20240913,1600,2582.095,2584.994,2579.945,2584.178,4434830
XAUUSD,20240913,1700,2584.175,2585.965,2581.385,2582.625,3600840
XAUUSD,20240913,1800,2582.625,2583.825,2580.605,2582.178,4004340
XAUUSD,20240913,1900,2582.165,2582.825,2578.515,2582.518,1607990
XAUUSD,20240913,2000,2582.515,2582.798,2577.575,2577.615,954040
XAUUSD,20240915,2200,2578.725,2580.464,2577.384,2579.884,1317960
XAUUSD,20240915,2300,2579.978,2580.235,2578.145,2579.025,668070
XAUUSD,20240916,0000,2579.015,2582.228,2578.715,2581.265,806240
XAUUSD,20240916,0100,2581.265,2582.748,2579.765,2581.598,951180
XAUUSD,20240916,0200,2581.574,2585.795,2581.384,2585.255,1561470
XAUUSD,20240916,0300,2585.245,2588.865,2583.645,2586.225,1548000
XAUUSD,20240916,0400,2586.205,2586.595,2584.825,2585.675,968780
XAUUSD,20240916,0500,2585.615,2589.295,2585.355,2588.628,1153860
XAUUSD,20240916,0600,2588.634,2589.515,2585.045,2585.198,2787990
XAUUSD,20240916,0700,2585.165,2585.465,2579.325,2581.985,3089520
XAUUSD,20240916,0800,2581.965,2588.375,2581.268,2586.705,2137770
XAUUSD,20240916,0900,2586.705,2588.164,2584.095,2585.435,1892050
XAUUSD,20240916,1000,2585.435,2586.235,2575.115,2579.658,2860510
XAUUSD,20240916,1100,2579.658,2583.075,2578.575,2582.905,2763370
XAUUSD,20240916,1200,2582.925,2583.385,2578.405,2583.278,3567590
XAUUSD,20240916,1300,2583.248,2589.205,2581.115,2588.115,4053340
XAUUSD,20240916,1400,2588.155,2588.445,2575.945,2580.125,7299540
XAUUSD,20240916,1500,2580.125,2581.805,2577.555,2579.735,4432540
XAUUSD,20240916,1600,2579.768,2583.945,2579.455,2583.555,2451860
XAUUSD,20240916,1700,2583.545,2583.995,2579.735,2582.465,2229560
XAUUSD,20240916,1800,2582.555,2582.748,2580.075,2580.885,2596370
XAUUSD,20240916,1900,2580.885,2583.225,2579.535,2582.438,2410090
XAUUSD,20240916,2000,2582.438,2583.318,2581.735,2582.235,986560
XAUUSD,20240916,2200,2581.745,2583.454,2581.428,2582.755,489840
XAUUSD,20240916,2300,2582.834,2583.805,2582.045,2583.545,494610
XAUUSD,20240917,0000,2583.535,2584.265,2580.118,2580.118,970540
XAUUSD,20240917,0100,2580.095,2582.585,2578.228,2582.444,1722810
XAUUSD,20240917,0200,2582.444,2586.165,2580.895,2581.455,1325960
XAUUSD,20240917,0300,2581.415,2581.415,2576.645,2577.058,2094760
XAUUSD,20240917,0400,2577.004,2579.035,2574.755,2576.728,1058670
XAUUSD,20240917,0500,2576.744,2579.498,2574.395,2579.205,1170690
XAUUSD,20240917,0600,2579.225,2586.835,2579.205,2584.274,1930840
XAUUSD,20240917,0700,2584.264,2585.594,2582.624,2583.714,3994070
XAUUSD,20240917,0800,2583.714,2584.084,2577.525,2580.025,5232880
XAUUSD,20240917,0900,2579.985,2580.025,2571.615,2573.465,3598262
XAUUSD,20240917,1000,2573.435,2575.995,2569.645,2572.905,2632270
XAUUSD,20240917,1100,2572.995,2581.605,2572.115,2579.745,2025280
XAUUSD,20240917,1200,2579.775,2581.505,2568.194,2577.685,4398012
XAUUSD,20240917,1300,2577.655,2579.415,2572.955,2573.625,4001380
XAUUSD,20240917,1400,2573.575,2582.115,2571.614,2576.348,4182110
XAUUSD,20240917,1500,2576.348,2576.948,2561.625,2565.475,4113900
XAUUSD,20240917,1600,2565.458,2566.485,2561.298,2562.955,3042650
XAUUSD,20240917,1700,2562.955,2570.385,2560.984,2569.825,1920729
XAUUSD,20240917,1800,2569.825,2571.558,2568.514,2570.058,1917140
XAUUSD,20240917,1900,2570.055,2571.068,2566.888,2568.568,1991260
XAUUSD,20240917,2000,2568.578,2570.158,2568.178,2569.155,729980
XAUUSD,20240917,2200,2568.698,2571.234,2568.698,2570.584,328440
XAUUSD,20240917,2300,2570.564,2574.244,2570.534,2573.885,950730
XAUUSD,20240918,0000,2573.875,2574.705,2571.324,2572.884,1431660
XAUUSD,20240918,0100,2572.884,2576.314,2571.438,2572.085,2687190
XAUUSD,20240918,0200,2572.144,2574.008,2569.855,2573.645,1763220
XAUUSD,20240918,0300,2573.645,2576.285,2572.615,2575.785,1232170
XAUUSD,20240918,0400,2575.785,2576.295,2567.925,2568.585,1651950
XAUUSD,20240918,0500,2568.545,2569.205,2565.715,2567.605,4368870
XAUUSD,20240918,0600,2567.605,2569.895,2566.545,2568.985,3528070
XAUUSD,20240918,0700,2568.995,2571.865,2568.585,2571.505,1853520
XAUUSD,20240918,0800,2571.515,2571.855,2568.165,2569.648,2065030
XAUUSD,20240918,0900,2569.624,2571.815,2567.825,2571.815,1963670
XAUUSD,20240918,1000,2571.815,2577.995,2570.895,2576.055,1561580
XAUUSD,20240918,1100,2576.065,2580.575,2574.935,2577.285,1865550
XAUUSD,20240918,1200,2577.295,2578.708,2573.364,2576.135,3121470
XAUUSD,20240918,1300,2576.115,2578.455,2568.475,2571.698,3657750
XAUUSD,20240918,1400,2571.645,2574.705,2567.895,2571.565,3650390
XAUUSD,20240918,1500,2571.575,2574.365,2567.985,2569.565,3174990
XAUUSD,20240918,1600,2569.615,2575.145,2568.765,2574.775,2720420
XAUUSD,20240918,1700,2574.785,2574.785,2566.915,2567.308,2177600
XAUUSD,20240918,1800,2567.318,2599.995,2566.585,2575.574,10929640
XAUUSD,20240918,1900,2575.655,2575.935,2546.645,2548.834,13854920
XAUUSD,20240918,2000,2548.754,2560.735,2548.098,2558.664,1961400
XAUUSD,20240918,2200,2558.645,2561.395,2555.545,2559.115,1340420
XAUUSD,20240918,2300,2559.125,2559.535,2556.155,2559.175,788850
XAUUSD,20240919,0000,2559.185,2559.445,2556.805,2558.715,2463810
XAUUSD,20240919,0100,2558.685,2558.685,2551.005,2555.095,4272940
XAUUSD,20240919,0200,2555.105,2566.558,2555.105,2563.955,2979880
XAUUSD,20240919,0300,2563.905,2565.165,2561.195,2563.978,1500750
XAUUSD,20240919,0400,2563.905,2564.015,2559.435,2563.975,1109820
XAUUSD,20240919,0500,2563.975,2574.425,2563.895,2574.405,2437690
XAUUSD,20240919,0600,2574.425,2578.665,2573.785,2575.704,3578950
XAUUSD,20240919,0700,2575.708,2584.574,2574.915,2584.324,3809080
XAUUSD,20240919,0800,2584.324,2586.445,2581.268,2584.815,2721780
XAUUSD,20240919,0900,2584.815,2594.775,2583.895,2591.685,4252250
XAUUSD,20240919,1000,2591.675,2591.718,2585.795,2588.505,3535460
XAUUSD,20240919,1100,2588.505,2589.585,2584.245,2589.315,4309060
XAUUSD,20240919,1200,2589.265,2591.105,2573.074,2576.554,6476110
XAUUSD,20240919,1300,2576.554,2582.425,2569.625,2574.745,5639360
XAUUSD,20240919,1400,2574.725,2584.515,2571.595,2581.115,6148350
XAUUSD,20240919,1500,2581.128,2589.235,2580.318,2588.935,4476960
XAUUSD,20240919,1600,2589.025,2592.455,2587.614,2591.608,3069910
XAUUSD,20240919,1700,2591.605,2592.535,2587.815,2590.424,3193240
XAUUSD,20240919,1800,2590.478,2590.688,2586.475,2588.158,2096800
XAUUSD,20240919,1900,2588.115,2588.748,2585.798,2588.265,2136120
XAUUSD,20240919,2000,2588.245,2589.648,2585.835,2586.645,1190320
XAUUSD,20240919,2200,2585.848,2587.765,2585.848,2587.585,437410
XAUUSD,20240919,2300,2587.548,2587.625,2586.295,2587.135,427400
XAUUSD,20240920,0000,2587.125,2588.405,2585.965,2588.005,1609080
XAUUSD,20240920,0100,2588.005,2589.345,2584.654,2588.108,3417640
XAUUSD,20240920,0200,2588.085,2592.415,2587.274,2591.425,2062110
XAUUSD,20240920,0300,2591.445,2593.475,2590.795,2591.305,1591530
XAUUSD,20240920,0400,2591.295,2594.215,2591.185,2593.625,611500
XAUUSD,20240920,0500,2593.705,2595.025,2592.325,2594.405,1592340
XAUUSD,20240920,0600,2594.354,2606.978,2594.175,2605.324,3622200
XAUUSD,20240920,0700,2605.364,2609.615,2604.625,2607.015,2438210
XAUUSD,20240920,0800,2607.014,2612.605,2605.365,2609.645,2937710
XAUUSD,20240920,0900,2609.675,2610.395,2602.385,2606.185,2025100
XAUUSD,20240920,1000,2606.185,2614.048,2606.095,2613.105,3572840
XAUUSD,20240920,1100,2613.085,2615.318,2610.125,2613.608,4147460
XAUUSD,20240920,1200,2613.608,2619.165,2613.278,2615.435,5685710
XAUUSD,20240920,1300,2615.438,2616.445,2602.445,2606.545,9352750
XAUUSD,20240920,1400,2606.535,2617.015,2604.625,2613.908,8763960
XAUUSD,20240920,1500,2613.925,2622.835,2611.065,2622.678,8756650
XAUUSD,20240920,1600,2622.728,2625.574,2619.595,2624.748,5039170
XAUUSD,20240920,1700,2624.724,2625.278,2619.058,2619.458,3903080
XAUUSD,20240920,1800,2619.458,2622.058,2617.785,2621.575,5702910
XAUUSD,20240920,1900,2621.594,2623.288,2620.545,2620.958,2479970
XAUUSD,20240920,2000,2621.008,2622.375,2618.938,2621.504,1093960
XAUUSD,20240922,2200,2620.915,2622.615,2617.984,2620.415,1595550
XAUUSD,20240922,2300,2620.465,2621.475,2619.595,2620.165,1244880
XAUUSD,20240923,0000,2620.155,2620.335,2618.118,2618.235,1764990
XAUUSD,20240923,0100,2618.235,2621.405,2615.945,2620.025,2662770
XAUUSD,20240923,0200,2619.954,2626.275,2618.704,2625.245,2382100
XAUUSD,20240923,0300,2625.234,2631.035,2624.735,2628.358,1485870
XAUUSD,20240923,0400,2628.355,2630.895,2627.855,2629.315,1071540
XAUUSD,20240923,0500,2629.225,2631.205,2626.695,2629.915,1095330
XAUUSD,20240923,0600,2629.925,2630.045,2624.368,2624.368,3191830
XAUUSD,20240923,0700,2624.304,2624.885,2613.685,2615.018,7002060
XAUUSD,20240923,0800,2615.018,2619.545,2614.498,2616.705,6612700
XAUUSD,20240923,0900,2616.705,2621.915,2615.278,2621.498,3612470
XAUUSD,20240923,1000,2621.498,2623.488,2620.645,2621.428,2069980
XAUUSD,20240923,1100,2621.388,2625.688,2620.775,2623.955,2583990
XAUUSD,20240923,1200,2623.995,2627.968,2619.894,2626.908,3557790
XAUUSD,20240923,1300,2626.908,2634.108,2625.494,2631.785,5740260
XAUUSD,20240923,1400,2631.765,2634.715,2627.925,2630.328,7147020
XAUUSD,20240923,1500,2630.298,2631.805,2625.665,2629.168,5000130
XAUUSD,20240923,1600,2629.168,2630.758,2626.435,2628.048,3276910
XAUUSD,20240923,1700,2628.068,2628.998,2626.324,2627.875,2157350
XAUUSD,20240923,1800,2627.875,2628.708,2625.844,2627.315,2050700
XAUUSD,20240923,1900,2627.315,2627.798,2625.575,2626.188,1580450
XAUUSD,20240923,2000,2626.138,2628.595,2626.098,2628.405,603720
XAUUSD,20240923,2200,2628.045,2628.305,2626.358,2627.284,418010
XAUUSD,20240923,2300,2627.288,2627.304,2625.684,2626.205,718440
XAUUSD,20240924,0000,2626.235,2626.428,2623.685,2625.045,1339360
XAUUSD,20240924,0100,2625.045,2630.075,2624.784,2628.958,3366090
XAUUSD,20240924,0200,2628.945,2629.195,2626.615,2628.795,2471880
XAUUSD,20240924,0300,2628.795,2635.995,2628.675,2633.965,2005140
XAUUSD,20240924,0400,2633.965,2638.125,2631.865,2637.935,1935750
XAUUSD,20240924,0500,2637.955,2639.945,2625.068,2625.288,4484480
XAUUSD,20240924,0600,2625.285,2629.795,2624.348,2628.615,4292600
XAUUSD,20240924,0700,2628.725,2630.135,2622.475,2628.795,2566970
XAUUSD,20240924,0800,2628.785,2629.385,2625.794,2628.865,3006490
XAUUSD,20240924,0900,2628.865,2630.725,2626.995,2630.605,2273520
XAUUSD,20240924,1000,2630.614,2636.045,2630.438,2633.235,3124670
XAUUSD,20240924,1100,2633.185,2633.275,2623.245,2626.275,4736360
XAUUSD,20240924,1200,2626.295,2633.084,2623.345,2632.984,4924080
XAUUSD,20240924,1300,2632.984,2637.168,2630.835,2635.108,6069120
XAUUSD,20240924,1400,2635.075,2647.055,2634.388,2643.434,7310960
XAUUSD,20240924,1500,2643.448,2648.285,2639.695,2643.025,6363070
XAUUSD,20240924,1600,2643.025,2655.055,2642.298,2653.415,5752320
XAUUSD,20240924,1700,2653.415,2654.355,2649.745,2653.908,4296940
XAUUSD,20240924,1800,2653.898,2657.618,2653.265,2657.208,2844820
XAUUSD,20240924,1900,2657.168,2664.204,2656.265,2662.548,4035380
XAUUSD,20240924,2000,2662.524,2663.588,2656.334,2656.804,1259850
XAUUSD,20240924,2200,2657.105,2659.685,2657.105,2658.964,611130
XAUUSD,20240924,2300,2658.985,2659.055,2656.565,2658.035,1009170
XAUUSD,20240925,0000,2658.035,2660.878,2656.495,2660.665,1037880
XAUUSD,20240925,0100,2660.685,2662.735,2655.345,2659.875,3506950
XAUUSD,20240925,0200,2659.915,2670.348,2659.525,2669.955,3318250
XAUUSD,20240925,0300,2669.955,2670.088,2659.704,2661.385,2388400
XAUUSD,20240925,0400,2661.415,2661.545,2657.535,2658.798,1463610
XAUUSD,20240925,0500,2658.765,2659.725,2654.355,2657.138,4596960
XAUUSD,20240925,0600,2657.125,2659.685,2653.455,2654.548,3219940
XAUUSD,20240925,0700,2654.544,2657.535,2651.215,2656.788,3129080
XAUUSD,20240925,0800,2656.845,2658.435,2654.455,2655.735,1708600
XAUUSD,20240925,0900,2655.755,2657.595,2652.615,2656.825,2685940
XAUUSD,20240925,1000,2656.825,2658.088,2654.255,2655.485,2634300
XAUUSD,20240925,1100,2655.525,2657.905,2653.808,2657.258,1796800
XAUUSD,20240925,1200,2657.258,2660.685,2656.825,2659.345,5312250
XAUUSD,20240925,1300,2659.345,2666.055,2658.215,2664.168,3293400
XAUUSD,20240925,1400,2664.168,2667.345,2654.178,2658.815,4407490
XAUUSD,20240925,1500,2658.848,2660.685,2655.168,2657.574,3799870
XAUUSD,20240925,1600,2657.574,2658.774,2649.715,2653.645,5049170
XAUUSD,20240925,1700,2653.615,2662.855,2653.075,2660.558,4465460
XAUUSD,20240925,1800,2660.558,2661.638,2658.964,2660.254,2074070
XAUUSD,20240925,1900,2660.254,2661.498,2659.325,2659.638,2008600
XAUUSD,20240925,2000,2659.638,2660.178,2656.114,2656.954,1127590
XAUUSD,20240925,2200,2656.474,2659.505,2656.298,2658.145,631080
XAUUSD,20240925,2300,2658.145,2659.345,2656.084,2656.188,479850
XAUUSD,20240926,0000,2656.184,2660.245,2655.268,2658.908,1203990
XAUUSD,20240926,0100,2658.935,2661.304,2657.575,2660.715,2509320
XAUUSD,20240926,0200,2660.775,2661.425,2656.885,2657.955,1342080
XAUUSD,20240926,0300,2657.915,2662.398,2657.558,2662.398,1909650
XAUUSD,20240926,0400,2662.415,2662.804,2660.055,2660.514,1061920
XAUUSD,20240926,0500,2660.485,2663.355,2659.645,2661.288,2399680
XAUUSD,20240926,0600,2661.288,2662.565,2657.855,2661.578,3293680
XAUUSD,20240926,0700,2661.575,2666.795,2659.338,2664.535,2685180
XAUUSD,20240926,0800,2664.535,2670.378,2664.485,2668.955,3100320
XAUUSD,20240926,0900,2668.955,2669.705,2666.835,2668.765,1980920
XAUUSD,20240926,1000,2668.745,2675.555,2667.348,2672.544,2673130
XAUUSD,20240926,1100,2672.534,2685.405,2672.135,2682.665,3294910
XAUUSD,20240926,1200,2682.655,2684.105,2668.555,2677.125,10136790
XAUUSD,20240926,1300,2677.135,2679.555,2654.685,2660.538,9220020
XAUUSD,20240926,1400,2660.505,2669.408,2659.375,2665.735,7856450
XAUUSD,20240926,1500,2665.664,2672.995,2662.308,2671.214,6863350
XAUUSD,20240926,1600,2671.254,2672.328,2662.744,2668.088,4612530
XAUUSD,20240926,1700,2668.075,2672.094,2667.478,2670.808,4123470
XAUUSD,20240926,1800,2670.755,2676.985,2669.934,2675.744,3236050
XAUUSD,20240926,1900,2675.744,2677.708,2672.114,2673.548,2956260
XAUUSD,20240926,2000,2673.598,2673.958,2670.708,2671.964,791150
XAUUSD,20240926,2200,2671.268,2672.988,2671.268,2672.155,425430
XAUUSD,20240926,2300,2672.188,2673.035,2671.805,2672.495,685860
XAUUSD,20240927,0000,2672.495,2672.558,2669.145,2669.638,1751760
XAUUSD,20240927,0100,2669.595,2672.664,2666.075,2669.385,3854850
XAUUSD,20240927,0200,2669.385,2670.908,2667.078,2668.824,3530550
XAUUSD,20240927,0300,2668.815,2673.855,2668.505,2673.555,1691790
XAUUSD,20240927,0400,2673.555,2673.785,2669.185,2670.375,1017190
XAUUSD,20240927,0500,2670.375,2671.195,2662.195,2664.735,3247990
XAUUSD,20240927,0600,2664.745,2669.395,2663.915,2665.645,5358020
XAUUSD,20240927,0700,2665.665,2668.165,2660.825,2664.568,4465920
XAUUSD,20240927,0800,2664.588,2665.265,2661.684,2662.478,5593730
XAUUSD,20240927,0900,2662.468,2664.795,2658.198,2663.568,5294120
XAUUSD,20240927,1000,2663.544,2665.488,2661.858,2664.198,5040150
XAUUSD,20240927,1100,2664.185,2669.038,2664.148,2665.955,4990747
XAUUSD,20240927,1200,2665.975,2674.134,2662.195,2669.938,7717770
XAUUSD,20240927,1300,2669.938,2670.945,2663.905,2666.034,8778000
XAUUSD,20240927,1400,2666.038,2666.665,2649.265,2649.358,8735200
XAUUSD,20240927,1500,2649.348,2654.555,2644.665,2649.635,7686380
XAUUSD,20240927,1600,2649.635,2656.145,2645.888,2651.698,5415920
XAUUSD,20240927,1700,2651.675,2652.195,2643.111,2645.048,5123860
XAUUSD,20240927,1800,2645.078,2648.775,2643.348,2647.875,2868340
XAUUSD,20240927,1900,2647.875,2652.748,2645.495,2651.915,2264460
XAUUSD,20240927,2000,2651.888,2659.905,2651.038,2657.955,1073760
XAUUSD,20240929,2200,2657.935,2663.388,2657.025,2662.595,1982220
XAUUSD,20240929,2300,2662.545,2664.905,2661.565,2663.418,1690290
XAUUSD,20240930,0000,2663.418,2665.858,2661.138,2661.485,3259470
XAUUSD,20240930,0100,2661.485,2664.235,2647.285,2652.565,6498840
XAUUSD,20240930,0200,2652.565,2656.225,2650.145,2652.405,2311500
XAUUSD,20240930,0300,2652.394,2655.445,2652.045,2653.388,1254690
XAUUSD,20240930,0400,2653.408,2655.805,2651.945,2655.755,1043760
XAUUSD,20240930,0500,2655.755,2659.175,2654.265,2657.715,1886400
XAUUSD,20240930,0600,2657.735,2659.995,2655.515,2657.695,3348480
XAUUSD,20240930,0700,2657.765,2660.495,2650.588,2650.818,2320430
XAUUSD,20240930,0800,2650.788,2656.485,2650.485,2653.395,2345620
XAUUSD,20240930,0900,2653.475,2653.585,2648.215,2649.595,3413760
XAUUSD,20240930,1000,2649.595,2649.965,2635.645,2636.838,5019306
XAUUSD,20240930,1100,2636.755,2642.695,2634.305,2641.475,4545870
XAUUSD,20240930,1200,2641.485,2644.065,2634.738,2638.855,3437398
XAUUSD,20240930,1300,2638.905,2641.935,2630.314,2635.598,3600060
XAUUSD,20240930,1400,2635.618,2636.018,2628.614,2633.198,6940350
XAUUSD,20240930,1500,2633.178,2636.278,2630.094,2633.734,4848690
XAUUSD,20240930,1600,2633.808,2639.264,2633.248,2638.944,3291260
XAUUSD,20240930,1700,2638.945,2641.678,2636.274,2637.765,3880730
XAUUSD,20240930,1800,2637.795,2638.245,2624.538,2631.375,4781390
XAUUSD,20240930,1900,2631.405,2631.678,2626.278,2630.835,4224580
XAUUSD,20240930,2000,2630.898,2635.018,2630.615,2634.204,1173230
XAUUSD,20240930,2200,2633.898,2634.835,2632.184,2634.835,352600
XAUUSD,20240930,2300,2634.955,2636.035,2634.454,2635.595,793380
XAUUSD,20241001,0000,2635.595,2637.025,2633.815,2636.255,997950
XAUUSD,20241001,0100,2636.258,2639.675,2635.345,2639.675,968450
XAUUSD,20241001,0200,2639.675,2639.905,2634.865,2636.318,1026870
XAUUSD,20241001,0300,2636.285,2638.508,2634.415,2637.845,1080950
XAUUSD,20241001,0400,2637.845,2640.285,2637.335,2639.464,1099620
XAUUSD,20241001,0500,2639.458,2644.185,2639.408,2642.955,1289150
XAUUSD,20241001,0600,2642.975,2645.428,2642.505,2645.165,1708630
XAUUSD,20241001,0700,2645.205,2647.318,2641.605,2645.485,2256550
XAUUSD,20241001,0800,2645.505,2646.655,2642.295,2646.425,3057810
XAUUSD,20241001,0900,2646.445,2649.145,2645.258,2648.565,2583720
XAUUSD,20241001,1000,2648.565,2650.385,2648.155,2650.225,1725200
XAUUSD,20241001,1100,2650.245,2651.955,2646.785,2650.178,2480760
XAUUSD,20241001,1200,2650.115,2656.555,2650.048,2651.435,3879900
XAUUSD,20241001,1300,2651.435,2671.735,2647.865,2667.528,7066840
XAUUSD,20241001,1400,2667.615,2669.755,2657.248,2658.895,6989050
XAUUSD,20241001,1500,2658.925,2665.284,2653.778,2663.315,5010840
XAUUSD,20241001,1600,2663.275,2672.908,2661.135,2666.315,4268310
XAUUSD,20241001,1700,2666.315,2671.574,2661.144,2662.298,4429820
XAUUSD,20241001,1800,2662.224,2664.865,2657.425,2660.945,2576830
XAUUSD,20241001,1900,2660.924,2664.185,2658.068,2658.588,2797420
XAUUSD,20241001,2000,2658.565,2663.855,2657.755,2663.005,930290
XAUUSD,20241001,2200,2662.438,2662.885,2660.985,2661.895,342930
XAUUSD,20241001,2300,2661.925,2662.055,2659.975,2660.218,588120
XAUUSD,20241002,0000,2660.195,2660.518,2656.825,2657.325,1886170
XAUUSD,20241002,0100,2657.385,2661.878,2656.155,2660.495,2394400
XAUUSD,20241002,0200,2660.508,2661.045,2658.715,2659.998,1486480
XAUUSD,20241002,0300,2659.975,2661.418,2654.955,2655.238,1689330
XAUUSD,20241002,0400,2655.205,2656.355,2652.548,2653.958,1532550
XAUUSD,20241002,0500,2653.965,2656.068,2644.395,2647.875,3128760
XAUUSD,20241002,0600,2647.895,2650.705,2647.085,2649.615,1412000
XAUUSD,20241002,0700,2649.555,2655.435,2649.355,2655.315,1930920
XAUUSD,20241002,0800,2655.315,2655.715,2648.495,2652.335,2804210
XAUUSD,20241002,0900,2652.335,2655.415,2651.425,2652.815,2732270
XAUUSD,20241002,1000,2652.835,2654.255,2648.665,2649.015,1330950
XAUUSD,20241002,1100,2649.015,2652.455,2647.845,2649.448,1350590
XAUUSD,20241002,1200,2649.465,2652.805,2643.648,2649.488,2840280
XAUUSD,20241002,1300,2649.495,2660.684,2649.135,2659.344,4151690
XAUUSD,20241002,1400,2659.465,2663.194,2647.275,2647.945,4670960
XAUUSD,20241002,1500,2647.945,2650.508,2640.954,2649.835,4827445
XAUUSD,20241002,1600,2649.835,2652.148,2647.928,2649.638,2119240
XAUUSD,20241002,1700,2649.534,2652.688,2647.095,2652.025,1810480
XAUUSD,20241002,1800,2652.048,2655.848,2650.985,2653.998,2118900
XAUUSD,20241002,1900,2653.978,2658.838,2653.578,2658.498,2636350
XAUUSD,20241002,2000,2658.504,2659.774,2658.165,2658.345,972390
XAUUSD,20241002,2200,2658.035,2660.195,2657.725,2659.334,320000
XAUUSD,20241002,2300,2659.334,2661.064,2659.228,2660.135,1270100
XAUUSD,20241003,0000,2660.135,2662.775,2657.295,2657.675,1438500
XAUUSD,20241003,0100,2657.675,2658.775,2654.845,2658.105,1037020
XAUUSD,20241003,0200,2658.115,2658.535,2655.245,2655.665,1348930
XAUUSD,20241003,0300,2655.645,2657.878,2653.175,2655.878,2634580
XAUUSD,20241003,0400,2655.908,2656.385,2654.465,2654.845,944990
XAUUSD,20241003,0500,2654.825,2656.535,2651.765,2653.198,2793700
XAUUSD,20241003,0600,2653.138,2657.315,2651.165,2655.714,1338410
XAUUSD,20241003,0700,2655.745,2656.055,2643.304,2645.145,2379780
XAUUSD,20241003,0800,2645.068,2647.315,2641.675,2644.985,1912410
XAUUSD,20241003,0900,2644.955,2647.465,2640.895,2644.685,2629310
XAUUSD,20241003,1000,2644.685,2647.998,2643.915,2646.675,1392160
XAUUSD,20241003,1100,2646.725,2648.935,2643.525,2647.935,1401070
XAUUSD,20241003,1200,2647.948,2653.815,2641.968,2642.235,2712180
XAUUSD,20241003,1300,2642.225,2651.235,2641.475,2646.925,3770610
XAUUSD,20241003,1400,2646.868,2654.348,2636.255,2650.068,5238010
XAUUSD,20241003,1500,2650.045,2654.435,2647.835,2648.735,2708680
XAUUSD,20241003,1600,2648.805,2661.048,2648.455,2659.925,2505480
XAUUSD,20241003,1700,2659.985,2662.008,2655.025,2656.595,2076170
XAUUSD,20241003,1800,2656.645,2659.565,2655.265,2657.398,2052950
XAUUSD,20241003,1900,2657.398,2659.325,2656.828,2657.815,1541790
XAUUSD,20241003,2000,2657.815,2657.815,2655.645,2655.715,596120
XAUUSD,20241003,2200,2654.878,2656.998,2654.245,2655.844,540430
XAUUSD,20241003,2300,2655.764,2656.468,2654.178,2655.615,412380
XAUUSD,20241004,0000,2655.655,2657.415,2655.315,2657.098,1478670
XAUUSD,20241004,0100,2657.108,2659.048,2656.645,2658.115,1657910
XAUUSD,20241004,0200,2658.124,2663.405,2657.898,2661.908,1061350
XAUUSD,20241004,0300,2661.918,2663.474,2660.665,2660.985,881120
XAUUSD,20241004,0400,2660.965,2665.705,2660.525,2663.915,1128300
XAUUSD,20241004,0500,2663.914,2667.675,2663.914,2667.278,1421360
XAUUSD,20241004,0600,2667.295,2667.515,2659.598,2660.148,1492600
XAUUSD,20241004,0700,2660.045,2663.035,2658.605,2660.888,2210690
XAUUSD,20241004,0800,2660.865,2661.405,2658.715,2658.894,1056320
XAUUSD,20241004,0900,2658.894,2660.075,2656.755,2657.365,1503730
XAUUSD,20241004,1000,2657.335,2660.595,2657.085,2658.145,1446340
XAUUSD,20241004,1100,2658.065,2662.455,2657.265,2661.205,1707620
XAUUSD,20241004,1200,2661.185,2661.345,2632.068,2638.695,7027520
XAUUSD,20241004,1300,2638.785,2655.014,2637.314,2651.778,5851810
XAUUSD,20241004,1400,2651.778,2661.045,2646.378,2658.255,4794460
XAUUSD,20241004,1500,2658.285,2670.065,2647.635,2653.045,6261910
XAUUSD,20241004,1600,2653.045,2653.685,2641.755,2645.168,3064330
XAUUSD,20241004,1700,2645.185,2650.308,2643.785,2649.914,3077060
XAUUSD,20241004,1800,2649.914,2650.605,2644.225,2645.518,2555210
XAUUSD,20241004,1900,2645.518,2651.985,2642.605,2651.458,2019460
XAUUSD,20241004,2000,2651.495,2653.835,2649.705,2653.545,1111040
XAUUSD,20241006,2200,2650.375,2652.615,2648.875,2650.594,1369220
XAUUSD,20241006,2300,2650.584,2652.248,2649.528,2650.055,723670
XAUUSD,20241007,0000,2650.125,2650.965,2647.675,2649.194,1069380
XAUUSD,20241007,0100,2649.255,2651.778,2643.708,2646.085,3091360
XAUUSD,20241007,0200,2646.055,2648.495,2645.138,2645.158,1583540
XAUUSD,20241007,0300,2645.115,2647.308,2643.735,2647.255,1364290
XAUUSD,20241007,0400,2647.255,2648.485,2646.235,2646.605,701550
XAUUSD,20241007,0500,2646.548,2646.575,2639.855,2640.545,1474880
XAUUSD,20241007,0600,2640.635,2643.775,2639.605,2643.085,2331350
XAUUSD,20241007,0700,2643.045,2652.695,2641.925,2651.925,2353540
XAUUSD,20241007,0800,2651.975,2656.208,2651.515,2652.195,2436730
XAUUSD,20241007,0900,2652.215,2657.115,2650.565,2656.454,2955120
XAUUSD,20241007,1000,2656.444,2658.375,2655.085,2655.265,1112670
XAUUSD,20241007,1100,2655.245,2659.465,2654.975,2656.835,2956980
XAUUSD,20241007,1200,2656.868,2659.155,2637.688,2639.925,4553380
XAUUSD,20241007,1300,2639.905,2653.675,2639.585,2642.605,5249840
XAUUSD,20241007,1400,2642.625,2647.655,2640.275,2640.728,2863370
XAUUSD,20241007,1500,2640.705,2650.015,2638.995,2645.608,1745020
XAUUSD,20241007,1600,2645.608,2646.805,2642.505,2646.735,1413050
XAUUSD,20241007,1700,2646.585,2648.635,2644.045,2647.835,1189710
XAUUSD,20241007,1800,2647.835,2647.965,2639.505,2640.735,1988920
XAUUSD,20241007,1900,2640.735,2644.608,2640.345,2643.148,2375700
XAUUSD,20241007,2000,2643.058,2643.588,2641.668,2642.625,902350
XAUUSD,20241007,2200,2641.965,2648.975,2641.595,2644.048,1002170
XAUUSD,20241007,2300,2644.085,2644.748,2642.295,2642.855,1222620
XAUUSD,20241008,0000,2642.895,2644.965,2642.185,2643.475,1680250
XAUUSD,20241008,0100,2643.395,2647.785,2637.758,2647.115,3527190
XAUUSD,20241008,0200,2647.115,2648.095,2633.665,2635.555,5236370
XAUUSD,20241008,0300,2635.464,2645.615,2635.105,2642.805,2309690
XAUUSD,20241008,0400,2642.805,2643.605,2641.205,2642.945,760450
XAUUSD,20241008,0500,2642.925,2646.215,2641.435,2644.885,1504170
XAUUSD,20241008,0600,2644.885,2646.335,2635.585,2636.255,3355830
XAUUSD,20241008,0700,2636.235,2638.345,2631.025,2633.815,2063550
XAUUSD,20241008,0800,2633.845,2640.185,2628.425,2637.765,3690660
XAUUSD,20241008,0900,2637.805,2641.875,2635.618,2641.355,2100070
XAUUSD,20241008,1000,2641.355,2647.345,2639.685,2646.185,1786070
XAUUSD,20241008,1100,2646.185,2651.835,2646.135,2650.615,1981750
XAUUSD,20241008,1200,2650.695,2652.885,2639.505,2645.735,4420960
XAUUSD,20241008,1300,2645.725,2647.475,2636.545,2639.555,7842180
XAUUSD,20241008,1400,2639.555,2640.285,2619.708,2620.828,10167835
XAUUSD,20241008,1500,2620.925,2620.935,2604.575,2612.825,6463714
XAUUSD,20241008,1600,2612.805,2616.065,2606.595,2608.885,3974290
XAUUSD,20241008,1700,2608.915,2617.975,2605.325,2614.418,3186620
XAUUSD,20241008,1800,2614.418,2616.875,2613.715,2615.638,3180390
XAUUSD,20241008,1900,2615.585,2623.485,2614.798,2622.815,3471950
XAUUSD,20241008,2000,2622.905,2623.018,2618.785,2621.385,1511730
XAUUSD,20241008,2200,2620.638,2622.205,2620.444,2621.835,470310
XAUUSD,20241008,2300,2621.855,2623.665,2621.005,2621.865,930210
XAUUSD,20241009,0000,2621.835,2623.095,2620.838,2621.048,986060
XAUUSD,20241009,0100,2621.035,2624.085,2618.225,2619.858,2616480
XAUUSD,20241009,0200,2619.805,2620.225,2616.665,2618.278,2568510
XAUUSD,20241009,0300,2618.265,2618.805,2614.735,2617.085,2405640
XAUUSD,20241009,0400,2617.085,2618.495,2615.355,2615.855,1669080
XAUUSD,20241009,0500,2615.855,2624.165,2615.585,2619.575,3386250
XAUUSD,20241009,0600,2619.585,2619.585,2610.474,2612.564,3848640
XAUUSD,20241009,0700,2612.595,2615.505,2608.974,2611.515,2125070
XAUUSD,20241009,0800,2611.538,2617.225,2610.345,2616.175,1688610
XAUUSD,20241009,0900,2616.165,2618.505,2614.538,2617.905,1630780
XAUUSD,20241009,1000,2617.905,2621.365,2615.915,2620.985,1090077
XAUUSD,20241009,1100,2620.945,2622.258,2616.845,2618.885,1334400
XAUUSD,20241009,1200,2618.908,2622.225,2615.248,2618.765,2115820
XAUUSD,20241009,1300,2618.765,2620.578,2606.815,2609.535,5904800
XAUUSD,20241009,1400,2609.485,2611.785,2605.185,2609.725,4239830
XAUUSD,20241009,1500,2609.675,2617.755,2609.385,2614.705,2424240
XAUUSD,20241009,1600,2614.715,2615.645,2607.665,2608.585,2440030
XAUUSD,20241009,1700,2608.585,2609.815,2606.385,2609.578,1538720
XAUUSD,20241009,1800,2609.664,2610.918,2605.045,2606.265,1794560
XAUUSD,20241009,1900,2606.305,2610.095,2606.195,2609.038,1433170
XAUUSD,20241009,2000,2609.055,2609.298,2606.788,2607.465,812450
XAUUSD,20241009,2200,2606.828,2608.825,2606.828,2608.745,508860
XAUUSD,20241009,2300,2608.775,2608.775,2608.155,2608.645,56610
XAUUSD,20241010,0000,2606.925,2610.085,2605.785,2609.208,1782520
XAUUSD,20241010,0100,2609.188,2612.345,2606.655,2608.945,2582900
XAUUSD,20241010,0200,2608.915,2615.465,2607.865,2615.095,2452170
XAUUSD,20241010,0300,2615.095,2616.785,2611.305,2611.615,2872590
XAUUSD,20241010,0400,2611.545,2614.585,2611.398,2613.725,908100
XAUUSD,20241010,0500,2613.785,2615.395,2612.318,2613.168,1315810
XAUUSD,20241010,0600,2613.124,2616.255,2610.465,2612.335,2228060
XAUUSD,20241010,0700,2612.345,2616.915,2610.125,2616.605,2473020
XAUUSD,20241010,0800,2616.635,2617.195,2613.415,2615.328,1163380
XAUUSD,20241010,0900,2615.395,2618.415,2614.165,2617.095,1564190
XAUUSD,20241010,1000,2617.095,2618.365,2615.717,2617.835,1608030
XAUUSD,20241010,1100,2617.885,2618.778,2611.135,2612.915,3281480
XAUUSD,20241010,1200,2612.915,2627.148,2601.734,2624.898,8601310
XAUUSD,20241010,1300,2624.924,2627.828,2615.628,2626.568,11267334
XAUUSD,20241010,1400,2626.575,2629.564,2622.724,2625.325,8710300
XAUUSD,20241010,1500,2625.314,2626.038,2618.665,2623.475,5159240
XAUUSD,20241010,1600,2623.505,2629.015,2618.638,2619.158,3570945
XAUUSD,20241010,1700,2619.105,2626.145,2616.365,2623.688,4187560
XAUUSD,20241010,1800,2623.675,2629.018,2623.195,2626.358,2389250
XAUUSD,20241010,1900,2626.308,2631.308,2625.848,2629.048,2564820
XAUUSD,20241010,2000,2629.078,2631.435,2628.725,2629.595,979860
XAUUSD,20241010,2200,2629.098,2629.675,2627.995,2628.065,330800
XAUUSD,20241010,2300,2628.105,2635.855,2628.075,2633.005,1373160
XAUUSD,20241011,0000,2633.065,2634.265,2631.975,2633.715,3204660
XAUUSD,20241011,0100,2633.735,2637.835,2632.755,2637.685,3237070
XAUUSD,20241011,0200,2637.615,2643.965,2635.095,2642.275,2228570
XAUUSD,20241011,0300,2642.215,2645.958,2640.508,2645.364,1534070
XAUUSD,20241011,0400,2645.355,2645.925,2643.798,2645.515,678420
XAUUSD,20241011,0500,2645.405,2645.815,2643.055,2644.635,1112940
XAUUSD,20241011,0600,2644.635,2647.075,2637.868,2639.365,3357480
XAUUSD,20241011,0700,2639.325,2645.445,2638.195,2645.245,2281750
XAUUSD,20241011,0800,2645.265,2646.065,2638.975,2639.128,1704590
XAUUSD,20241011,0900,2639.108,2641.518,2636.025,2637.765,2001230
XAUUSD,20241011,1000,2637.725,2642.135,2636.945,2641.465,834230
XAUUSD,20241011,1100,2641.485,2644.715,2638.565,2644.585,1255770
XAUUSD,20241011,1200,2644.535,2649.998,2640.465,2642.955,4967010
XAUUSD,20241011,1300,2642.955,2653.215,2642.495,2649.228,5272030
XAUUSD,20241011,1400,2649.275,2655.188,2646.284,2652.975,4543630
XAUUSD,20241011,1500,2652.945,2659.098,2652.945,2658.655,2942580
XAUUSD,20241011,1600,2658.635,2661.258,2657.728,2660.338,2091730
XAUUSD,20241011,1700,2660.348,2661.108,2656.135,2659.374,1755000
XAUUSD,20241011,1800,2659.418,2659.418,2655.965,2658.525,1278800
XAUUSD,20241011,1900,2658.488,2658.705,2655.148,2656.028,1713920
XAUUSD,20241011,2000,2656.015,2657.175,2654.598,2656.835,643870
XAUUSD,20241013,2200,2656.298,2656.775,2644.985,2650.065,1679020
XAUUSD,20241013,2300,2650.145,2650.485,2647.445,2647.865,1457240
XAUUSD,20241014,0000,2647.935,2648.225,2644.975,2646.574,1669170
XAUUSD,20241014,0100,2646.574,2648.375,2643.375,2646.015,3145590
XAUUSD,20241014,0200,2645.955,2655.355,2643.058,2655.045,2426740
XAUUSD,20241014,0300,2655.025,2657.285,2653.564,2655.445,1010460
XAUUSD,20241014,0400,2655.435,2660.305,2655.145,2659.085,643780
XAUUSD,20241014,0500,2659.035,2660.575,2656.945,2658.875,1241850
XAUUSD,20241014,0600,2658.885,2666.705,2657.295,2663.884,2426160
XAUUSD,20241014,0700,2663.975,2665.055,2659.005,2660.298,1871360
XAUUSD,20241014,0800,2660.295,2661.764,2658.235,2659.305,1540330
XAUUSD,20241014,0900,2659.315,2662.885,2656.625,2658.385,1080870
XAUUSD,20241014,1000,2658.365,2660.778,2655.725,2655.725,1711300
XAUUSD,20241014,1100,2655.715,2656.685,2650.935,2651.995,1428600
XAUUSD,20241014,1200,2651.995,2654.445,2649.095,2651.255,3597615
XAUUSD,20241014,1300,2651.255,2661.065,2647.584,2655.335,3293920
XAUUSD,20241014,1400,2655.335,2656.908,2644.585,2645.495,5117731
XAUUSD,20241014,1500,2645.585,2648.985,2643.835,2646.625,2184730
XAUUSD,20241014,1600,2646.645,2649.615,2645.735,2648.435,707910
XAUUSD,20241014,1700,2648.435,2649.765,2647.125,2648.495,554160
XAUUSD,20241014,1800,2648.495,2650.805,2648.335,2649.125,482360
XAUUSD,20241014,1900,2649.125,2652.498,2646.865,2652.348,1783060
XAUUSD,20241014,2000,2652.385,2653.198,2646.025,2648.424,354000
XAUUSD,20241014,2200,2646.905,2650.134,2646.805,2649.835,569850
XAUUSD,20241014,2300,2649.885,2650.835,2648.815,2649.255,469590
XAUUSD,20241015,0000,2649.255,2650.085,2647.665,2648.055,972810
XAUUSD,20241015,0100,2648.055,2651.075,2647.125,2648.235,3004470
XAUUSD,20241015,0200,2648.215,2652.608,2647.925,2651.485,1893630
XAUUSD,20241015,0300,2651.525,2651.535,2644.265,2645.555,2556390
XAUUSD,20241015,0400,2645.555,2645.555,2642.815,2644.248,1469230
XAUUSD,20241015,0500,2644.248,2644.248,2637.955,2641.795,2956030
XAUUSD,20241015,0600,2641.805,2649.048,2641.245,2648.535,2018140
XAUUSD,20241015,0700,2648.495,2653.765,2647.755,2650.615,2090250
XAUUSD,20241015,0800,2650.555,2655.585,2649.635,2653.815,2257360
XAUUSD,20241015,0900,2653.805,2655.425,2650.984,2653.365,3212780
XAUUSD,20241015,1000,2653.375,2656.645,2652.545,2652.875,2263170
XAUUSD,20241015,1100,2652.905,2654.435,2645.505,2647.595,2937810
XAUUSD,20241015,1200,2647.595,2657.265,2647.015,2648.115,4163940
XAUUSD,20241015,1300,2648.115,2653.195,2645.905,2648.514,6698470
XAUUSD,20241015,1400,2648.515,2664.035,2647.675,2659.698,4942690
XAUUSD,20241015,1500,2659.655,2665.005,2657.125,2664.515,3357100
XAUUSD,20241015,1600,2664.525,2668.805,2660.995,2661.778,2783310
XAUUSD,20241015,1700,2661.735,2664.085,2658.875,2663.508,2908300
XAUUSD,20241015,1800,2663.475,2665.748,2663.255,2664.998,2334810
XAUUSD,20241015,1900,2664.994,2666.358,2659.335,2661.598,2249900
XAUUSD,20241015,2000,2661.554,2663.005,2660.138,2662.345,863170
XAUUSD,20241015,2200,2662.098,2662.665,2661.335,2661.984,235470
XAUUSD,20241015,2300,2661.988,2662.425,2660.288,2660.345,474300
XAUUSD,20241016,0000,2660.275,2660.385,2658.558,2660.105,1454160
XAUUSD,20241016,0100,2660.095,2667.855,2660.095,2667.838,3597600
XAUUSD,20241016,0200,2667.795,2669.935,2665.395,2667.945,1738450
XAUUSD,20241016,0300,2667.945,2669.035,2665.145,2667.025,1497960
XAUUSD,20241016,0400,2667.165,2668.105,2665.475,2666.595,896130
XAUUSD,20241016,0500,2666.545,2670.425,2666.005,2669.315,1753260
XAUUSD,20241016,0600,2669.335,2677.545,2666.908,2677.155,5289830
XAUUSD,20241016,0700,2677.155,2677.425,2673.205,2676.005,2093350
XAUUSD,20241016,0800,2675.844,2680.005,2674.425,2679.375,1507400
XAUUSD,20241016,0900,2679.445,2682.648,2678.035,2680.105,1695770
XAUUSD,20241016,1000,2680.105,2680.875,2673.054,2674.134,2193900
XAUUSD,20241016,1100,2674.175,2680.485,2673.000,2678.245,1717600
XAUUSD,20241016,1200,2678.345,2681.845,2676.328,2681.645,3439470
XAUUSD,20241016,1300,2681.585,2685.298,2672.314,2674.905,5222899
XAUUSD,20241016,1400,2674.958,2681.345,2669.894,2672.055,5196360
XAUUSD,20241016,1500,2672.055,2675.598,2667.448,2669.878,3712690
XAUUSD,20241016,1600,2669.878,2674.095,2666.645,2673.948,1820550
XAUUSD,20241016,1700,2674.095,2676.158,2672.958,2675.218,1371580
XAUUSD,20241016,1800,2675.168,2676.524,2674.458,2674.898,1372520
XAUUSD,20241016,1900,2674.898,2674.938,2672.618,2674.698,1434390
XAUUSD,20241016,2000,2674.605,2674.868,2673.058,2673.435,415910
XAUUSD,20241016,2200,2673.015,2674.848,2673.015,2673.635,447600
XAUUSD,20241016,2300,2673.595,2674.575,2673.324,2673.998,409950
XAUUSD,20241017,0000,2674.035,2677.865,2673.955,2677.805,2180310
XAUUSD,20241017,0100,2677.805,2682.915,2676.365,2682.905,3007890
XAUUSD,20241017,0200,2682.915,2684.755,2678.698,2681.835,3342550
XAUUSD,20241017,0300,2681.735,2682.085,2674.415,2676.614,3904010
XAUUSD,20241017,0400,2676.615,2679.605,2676.385,2678.965,1378620
XAUUSD,20241017,0500,2678.995,2684.195,2677.975,2683.375,1894820
XAUUSD,20241017,0600,2683.405,2685.645,2679.905,2681.015,3236340
XAUUSD,20241017,0700,2681.045,2683.548,2678.815,2681.865,2512880
XAUUSD,20241017,0800,2681.865,2683.735,2679.828,2681.654,1292980
XAUUSD,20241017,0900,2681.658,2681.935,2676.794,2679.345,2099942
XAUUSD,20241017,1000,2679.315,2688.668,2679.045,2687.275,1252020
XAUUSD,20241017,1100,2687.295,2688.315,2680.654,2681.198,1907660
XAUUSD,20241017,1200,2681.165,2682.135,2672.914,2680.535,7184570
XAUUSD,20241017,1300,2680.535,2689.925,2677.685,2688.655,4819600
XAUUSD,20241017,1400,2688.725,2696.348,2684.635,2695.525,6155640
XAUUSD,20241017,1500,2695.525,2696.605,2687.435,2693.158,4502340
XAUUSD,20241017,1600,2693.145,2693.268,2683.795,2692.105,3803800
XAUUSD,20241017,1700,2692.115,2694.055,2690.345,2691.888,1468850
XAUUSD,20241017,1800,2691.795,2692.118,2689.085,2689.438,1419140
XAUUSD,20241017,1900,2689.415,2692.585,2688.805,2691.975,2085700
XAUUSD,20241017,2000,2691.975,2692.848,2690.828,2692.675,554550
XAUUSD,20241017,2200,2691.998,2693.198,2691.665,2692.455,431160
XAUUSD,20241017,2300,2692.504,2694.295,2692.155,2693.635,600930
XAUUSD,20241018,0000,2693.665,2695.665,2692.745,2692.955,2657680
XAUUSD,20241018,0100,2692.955,2706.705,2692.755,2704.475,3979800
XAUUSD,20241018,0200,2704.475,2711.815,2703.905,2707.984,3923940
XAUUSD,20241018,0300,2707.994,2710.685,2706.915,2709.885,1662400
XAUUSD,20241018,0400,2709.885,2711.208,2708.665,2710.085,1068660
XAUUSD,20241018,0500,2710.185,2713.888,2709.925,2711.278,2188080
XAUUSD,20241018,0600,2711.278,2711.525,2702.565,2707.265,6900750
XAUUSD,20241018,0700,2707.315,2709.045,2702.158,2702.188,3850850
XAUUSD,20241018,0800,2702.188,2706.195,2701.615,2706.175,2615890
XAUUSD,20241018,0900,2706.175,2713.018,2706.085,2711.225,2674930
XAUUSD,20241018,1000,2711.258,2713.085,2707.838,2712.405,1806130
XAUUSD,20241018,1100,2712.434,2712.975,2708.000,2709.705,3767695
XAUUSD,20241018,1200,2709.705,2716.945,2709.185,2709.478,4349110
XAUUSD,20241018,1300,2709.414,2715.565,2704.815,2713.568,8128025
XAUUSD,20241018,1400,2713.535,2720.005,2712.014,2717.244,5268580
XAUUSD,20241018,1500,2717.264,2719.075,2713.535,2714.708,2704210
XAUUSD,20241018,1600,2714.705,2718.888,2714.585,2717.495,1490280
XAUUSD,20241018,1700,2717.508,2719.855,2713.418,2715.728,2356540
XAUUSD,20241018,1800,2715.808,2721.178,2715.395,2720.128,2197950
XAUUSD,20241018,1900,2720.195,2720.405,2717.945,2719.548,1456590
XAUUSD,20241018,2000,2719.564,2722.405,2719.075,2721.105,986780
XAUUSD,20241020,2200,2720.098,2723.655,2719.448,2723.425,816900
XAUUSD,20241020,2300,2723.448,2724.915,2722.218,2723.315,1176930
XAUUSD,20241021,0000,2723.395,2725.735,2721.315,2721.518,2140620
XAUUSD,20241021,0100,2721.545,2729.075,2720.908,2726.228,4403140
XAUUSD,20241021,0200,2726.218,2731.255,2724.634,2730.575,4558980
XAUUSD,20241021,0300,2730.575,2732.675,2729.168,2731.425,2326450
XAUUSD,20241021,0400,2731.385,2731.825,2729.415,2730.244,931620
XAUUSD,20241021,0500,2730.235,2730.265,2724.345,2724.768,3625980
XAUUSD,20241021,0600,2724.738,2730.498,2723.465,2730.185,4215820
XAUUSD,20241021,0700,2730.185,2732.348,2725.205,2730.258,3640940
XAUUSD,20241021,0800,2730.275,2732.998,2729.315,2731.295,2410530
XAUUSD,20241021,0900,2731.295,2736.775,2730.625,2734.405,2685050
XAUUSD,20241021,1000,2734.445,2734.825,2727.628,2733.215,3963840
XAUUSD,20241021,1100,2733.215,2737.938,2732.985,2734.368,2981770
XAUUSD,20241021,1200,2734.335,2739.625,2732.625,2738.475,4410470
XAUUSD,20241021,1300,2738.485,2740.418,2733.575,2738.894,5515540
XAUUSD,20241021,1400,2738.908,2739.305,2722.165,2725.168,5819930
XAUUSD,20241021,1500,2725.155,2727.035,2716.775,2720.018,4051736
XAUUSD,20241021,1600,2720.018,2723.925,2717.985,2723.385,2483040
XAUUSD,20241021,1700,2723.405,2725.465,2721.464,2722.695,2580500
XAUUSD,20241021,1800,2722.705,2723.005,2715.195,2716.255,2269760
XAUUSD,20241021,1900,2716.155,2720.928,2714.165,2719.764,4115150
XAUUSD,20241021,2000,2719.775,2720.855,2718.695,2719.124,764310
XAUUSD,20241021,2200,2720.054,2721.535,2718.798,2720.508,431940
XAUUSD,20241021,2300,2720.455,2722.485,2720.188,2721.325,453900
XAUUSD,20241022,0000,2721.325,2725.015,2720.505,2724.605,1799860
XAUUSD,20241022,0100,2724.645,2730.175,2723.928,2728.015,2952580
XAUUSD,20241022,0200,2727.925,2730.535,2727.585,2728.675,1570920
XAUUSD,20241022,0300,2728.665,2732.985,2728.535,2730.868,1272810
XAUUSD,20241022,0400,2730.795,2735.818,2730.785,2734.595,1550470
XAUUSD,20241022,0500,2734.595,2734.985,2728.875,2730.295,1733560
XAUUSD,20241022,0600,2730.264,2737.025,2729.465,2734.955,3463020
XAUUSD,20241022,0700,2734.925,2736.155,2732.395,2733.545,2718570
XAUUSD,20241022,0800,2733.494,2738.264,2731.405,2734.778,2694790
XAUUSD,20241022,0900,2734.768,2735.995,2729.675,2731.375,2099120
XAUUSD,20241022,1000,2731.365,2739.238,2730.425,2738.805,3372510
XAUUSD,20241022,1100,2738.855,2739.135,2729.438,2731.885,3648780
XAUUSD,20241022,1200,2731.905,2737.915,2731.465,2736.075,3143120
XAUUSD,20241022,1300,2736.105,2741.958,2735.285,2735.775,4523860
XAUUSD,20241022,1400,2735.665,2743.055,2733.585,2741.755,4675280
XAUUSD,20241022,1500,2741.755,2744.085,2736.715,2737.455,4488240
XAUUSD,20241022,1600,2737.435,2745.418,2737.058,2745.205,3309780
XAUUSD,20241022,1700,2745.225,2748.258,2743.385,2746.598,3183640
XAUUSD,20241022,1800,2746.625,2747.208,2743.914,2744.548,1811060
XAUUSD,20241022,1900,2744.498,2748.748,2743.685,2748.245,2441870
XAUUSD,20241022,2000,2748.245,2748.775,2746.648,2748.525,1108440
XAUUSD,20241022,2200,2748.155,2748.485,2746.698,2747.215,490680
XAUUSD,20241022,2300,2747.265,2747.895,2745.755,2746.408,429330
XAUUSD,20241023,0000,2746.385,2746.888,2744.705,2745.195,1314420
XAUUSD,20241023,0100,2745.195,2747.065,2737.835,2738.395,4110900
XAUUSD,20241023,0200,2738.355,2740.995,2737.765,2738.795,2786460
XAUUSD,20241023,0300,2738.745,2746.865,2738.145,2745.955,2409680
XAUUSD,20241023,0400,2745.955,2750.505,2745.215,2749.835,1395480
XAUUSD,20241023,0500,2749.795,2753.018,2748.665,2751.415,1946590
XAUUSD,20241023,0600,2751.415,2753.085,2747.955,2750.415,3776050
XAUUSD,20241023,0700,2750.395,2755.485,2749.165,2754.855,2177620
XAUUSD,20241023,0800,2754.815,2758.338,2754.535,2756.875,2601470
XAUUSD,20241023,0900,2756.955,2757.515,2749.705,2750.545,4139870
XAUUSD,20241023,1000,2750.555,2752.425,2749.644,2750.625,2715070
XAUUSD,20241023,1100,2750.625,2752.808,2749.015,2749.785,2079480
XAUUSD,20241023,1200,2749.785,2750.355,2740.695,2743.225,4799270
XAUUSD,20241023,1300,2743.225,2744.025,2731.448,2737.295,9368440
XAUUSD,20241023,1400,2737.245,2738.525,2716.325,2717.658,11475053
XAUUSD,20241023,1500,2717.635,2722.435,2708.635,2721.625,7371911
XAUUSD,20241023,1600,2721.635,2723.135,2718.335,2719.288,2916280
XAUUSD,20241023,1700,2719.225,2720.478,2713.585,2716.578,2343060
XAUUSD,20241023,1800,2716.498,2716.505,2712.000,2713.998,3063645
XAUUSD,20241023,1900,2713.955,2718.105,2713.075,2716.095,2665930
XAUUSD,20241023,2000,2716.095,2716.535,2714.095,2715.014,1038520
XAUUSD,20241023,2200,2715.044,2718.155,2714.764,2717.834,477550
XAUUSD,20241023,2300,2717.848,2721.755,2717.848,2721.178,698580
XAUUSD,20241024,0000,2721.165,2721.314,2717.704,2721.125,2628860
XAUUSD,20241024,0100,2721.125,2726.695,2720.224,2723.595,4906710
XAUUSD,20241024,0200,2723.605,2724.375,2720.135,2723.215,2171880
XAUUSD,20241024,0300,2723.205,2723.945,2721.285,2722.805,1018950
XAUUSD,20241024,0400,2722.805,2726.908,2722.695,2726.405,1087590
XAUUSD,20241024,0500,2726.405,2729.615,2725.745,2728.825,1377550
XAUUSD,20241024,0600,2728.835,2736.295,2728.225,2735.045,2086590
XAUUSD,20241024,0700,2735.025,2736.948,2732.065,2733.475,2444020
XAUUSD,20241024,0800,2733.475,2737.705,2732.355,2736.675,2394480
XAUUSD,20241024,0900,2736.675,2738.948,2735.705,2736.405,1616710
XAUUSD,20241024,1000,2736.405,2739.018,2736.165,2736.675,1375200
XAUUSD,20241024,1100,2736.668,2739.475,2735.025,2738.475,2585870
XAUUSD,20241024,1200,2738.455,2741.455,2734.328,2738.895,3512980
XAUUSD,20241024,1300,2738.948,2743.175,2729.505,2733.545,6956920
XAUUSD,20241024,1400,2733.485,2736.075,2722.385,2732.235,9187720
XAUUSD,20241024,1500,2732.304,2734.255,2726.725,2730.965,4895120
XAUUSD,20241024,1600,2730.965,2735.415,2725.628,2733.538,3971840
XAUUSD,20241024,1700,2733.538,2736.905,2732.805,2735.285,3487840
XAUUSD,20241024,1800,2735.285,2737.638,2734.358,2735.488,3514230
XAUUSD,20241024,1900,2735.488,2736.898,2733.345,2736.898,2400650
XAUUSD,20241024,2000,2736.998,2736.998,2734.898,2735.875,695260
XAUUSD,20241024,2200,2735.318,2735.925,2734.378,2734.455,277230
XAUUSD,20241024,2300,2734.465,2735.328,2733.495,2733.688,925700
XAUUSD,20241025,0000,2733.658,2734.805,2731.165,2732.375,1379880
XAUUSD,20241025,0100,2732.375,2735.008,2729.665,2729.895,3925650
XAUUSD,20241025,0200,2729.895,2730.095,2726.005,2728.245,2352240
XAUUSD,20241025,0300,2728.215,2728.245,2724.295,2725.885,1786840
XAUUSD,20241025,0400,2725.875,2727.655,2723.805,2725.785,1063870
XAUUSD,20241025,0500,2725.805,2729.635,2725.805,2728.435,2479410
XAUUSD,20241025,0600,2728.445,2732.425,2724.825,2732.085,3463240
XAUUSD,20241025,0700,2732.095,2732.095,2725.788,2726.325,2460110
XAUUSD,20241025,0800,2726.375,2726.905,2718.725,2719.255,3044370
XAUUSD,20241025,0900,2719.275,2721.235,2716.885,2721.098,3252430
XAUUSD,20241025,1000,2721.045,2722.578,2717.075,2722.145,1954650
XAUUSD,20241025,1100,2722.145,2729.245,2721.095,2724.068,1967820
XAUUSD,20241025,1200,2724.065,2732.358,2723.125,2731.375,3639870
XAUUSD,20241025,1300,2731.415,2732.005,2725.115,2727.555,5209560
XAUUSD,20241025,1400,2727.505,2740.455,2727.505,2738.365,4403150
XAUUSD,20241025,1500,2738.375,2741.968,2736.385,2737.038,4865900
XAUUSD,20241025,1600,2736.965,2739.238,2733.825,2739.095,3769500
XAUUSD,20241025,1700,2739.095,2744.905,2738.725,2744.195,2513880
XAUUSD,20241025,1800,2744.195,2744.578,2741.118,2742.028,1698780
XAUUSD,20241025,1900,2742.028,2744.328,2740.225,2742.428,2101440
XAUUSD,20241025,2000,2742.388,2747.635,2742.335,2746.625,1049340
XAUUSD,20241027,2200,2735.698,2736.805,2730.115,2734.405,1660990
XAUUSD,20241027,2300,2734.425,2740.095,2734.425,2735.655,2277510
XAUUSD,20241028,0000,2735.695,2736.185,2732.005,2732.315,2213860
XAUUSD,20241028,0100,2732.295,2732.865,2724.545,2732.185,4268160
XAUUSD,20241028,0200,2732.165,2735.475,2730.565,2734.075,1908510
XAUUSD,20241028,0300,2734.075,2734.525,2729.545,2729.555,3048900
XAUUSD,20241028,0400,2729.525,2733.205,2729.048,2732.795,1662570
XAUUSD,20241028,0500,2732.905,2738.655,2731.075,2738.305,1857000
XAUUSD,20241028,0600,2738.305,2744.445,2737.405,2740.425,3103140
XAUUSD,20241028,0700,2740.435,2743.465,2735.775,2738.745,3828410
XAUUSD,20241028,0800,2738.745,2740.705,2731.288,2731.845,3276170
XAUUSD,20241028,0900,2731.965,2733.915,2728.255,2729.165,3217365
XAUUSD,20241028,1000,2729.165,2733.205,2727.715,2732.055,2724400
XAUUSD,20241028,1100,2732.085,2732.765,2729.585,2732.165,2422320
XAUUSD,20241028,1200,2732.135,2734.725,2731.248,2734.175,4312690
XAUUSD,20241028,1300,2734.175,2743.315,2732.695,2740.825,4269820
XAUUSD,20241028,1400,2740.785,2745.788,2738.775,2744.108,4856360
XAUUSD,20241028,1500,2744.125,2744.515,2739.555,2740.688,5310540
XAUUSD,20241028,1600,2740.658,2744.825,2739.935,2742.575,2417290
XAUUSD,20241028,1700,2742.555,2744.865,2740.188,2743.268,1916780
XAUUSD,20241028,1800,2743.258,2743.275,2740.035,2741.818,2179170
XAUUSD,20241028,1900,2741.838,2743.408,2740.185,2742.388,1729240
XAUUSD,20241028,2000,2742.378,2742.978,2741.265,2742.055,753050
XAUUSD,20241028,2200,2741.678,2742.185,2739.605,2741.885,314430
XAUUSD,20241028,2300,2741.905,2744.335,2741.045,2744.285,934060
XAUUSD,20241029,0000,2744.315,2746.725,2743.115,2745.648,1596840
XAUUSD,20241029,0100,2745.598,2752.264,2745.468,2751.975,3689250
XAUUSD,20241029,0200,2752.024,2757.615,2750.345,2752.808,2334420
XAUUSD,20241029,0300,2752.844,2753.178,2748.465,2751.625,3143390
XAUUSD,20241029,0400,2751.585,2755.105,2751.224,2754.635,801030
XAUUSD,20241029,0500,2754.755,2756.718,2749.598,2749.838,1959760
XAUUSD,20241029,0600,2749.745,2756.445,2748.845,2755.705,2701420
XAUUSD,20241029,0700,2755.705,2756.225,2751.835,2752.348,2166780
XAUUSD,20241029,0800,2752.324,2754.955,2746.225,2754.575,3892040
XAUUSD,20241029,0900,2754.575,2756.465,2749.895,2752.305,2215020
XAUUSD,20241029,1000,2752.325,2753.055,2747.275,2749.838,4539260
XAUUSD,20241029,1100,2749.795,2753.205,2746.445,2751.738,3230270
XAUUSD,20241029,1200,2751.738,2753.715,2748.778,2748.998,3012880
XAUUSD,20241029,1300,2748.654,2763.874,2748.045,2760.428,4551730
XAUUSD,20241029,1400,2760.438,2771.605,2760.438,2769.428,5548520
XAUUSD,20241029,1500,2769.428,2770.395,2760.745,2764.165,7355740
XAUUSD,20241029,1600,2764.165,2770.135,2764.105,2769.275,3616710
XAUUSD,20241029,1700,2769.275,2772.455,2766.205,2769.698,3518000
XAUUSD,20241029,1800,2769.758,2773.408,2768.104,2772.865,1823190
XAUUSD,20241029,1900,2772.865,2774.695,2770.875,2772.098,1636940
XAUUSD,20241029,2000,2772.118,2774.715,2771.735,2774.425,971700
XAUUSD,20241029,2200,2773.898,2775.265,2772.735,2774.454,459940
XAUUSD,20241029,2300,2774.478,2775.065,2773.305,2774.885,664200
XAUUSD,20241030,0000,2774.925,2779.015,2774.735,2778.005,2164800
XAUUSD,20241030,0100,2778.045,2781.995,2776.815,2781.555,3782370
XAUUSD,20241030,0200,2781.555,2781.725,2775.915,2780.365,3265780
XAUUSD,20241030,0300,2780.355,2781.125,2777.065,2778.845,3077730
XAUUSD,20241030,0400,2778.845,2780.815,2777.245,2780.015,900150
XAUUSD,20241030,0500,2780.015,2784.748,2777.965,2782.965,2025390
XAUUSD,20241030,0600,2782.995,2789.668,2781.075,2786.988,3025400
XAUUSD,20241030,0700,2787.015,2787.975,2780.355,2782.155,4310270
XAUUSD,20241030,0800,2782.135,2784.485,2779.475,2781.815,3711600
XAUUSD,20241030,0900,2781.815,2784.565,2780.165,2784.495,1565520
XAUUSD,20241030,1000,2784.495,2786.388,2780.035,2780.065,1537060
XAUUSD,20241030,1100,2780.065,2781.885,2778.128,2778.508,3290450
XAUUSD,20241030,1200,2778.455,2783.275,2773.125,2782.415,3515330
XAUUSD,20241030,1300,2782.395,2787.365,2770.795,2777.228,7377290
XAUUSD,20241030,1400,2777.074,2781.635,2775.035,2780.215,5623130
XAUUSD,20241030,1500,2780.215,2785.825,2771.825,2784.535,5284100
XAUUSD,20241030,1600,2784.565,2787.318,2782.898,2785.318,2565760
XAUUSD,20241030,1700,2785.318,2789.485,2783.825,2788.468,2689120
XAUUSD,20241030,1800,2788.445,2789.925,2787.185,2787.678,2074890
XAUUSD,20241030,1900,2787.698,2788.058,2784.348,2787.195,2193520
XAUUSD,20241030,2000,2787.258,2787.908,2784.675,2787.205,1261340
XAUUSD,20241030,2200,2788.014,2788.014,2786.098,2787.325,371540
XAUUSD,20241030,2300,2787.314,2787.964,2785.028,2785.258,479190
XAUUSD,20241031,0000,2785.274,2788.065,2784.585,2787.485,1441980
XAUUSD,20241031,0100,2787.505,2790.005,2783.495,2784.595,2961660
XAUUSD,20241031,0200,2784.565,2788.864,2784.225,2786.995,2385990
XAUUSD,20241031,0300,2786.975,2788.245,2784.228,2784.428,1824150
XAUUSD,20241031,0400,2784.475,2785.305,2781.955,2784.315,1459020
XAUUSD,20241031,0500,2784.315,2786.455,2782.465,2784.985,2333820
XAUUSD,20241031,0600,2784.995,2785.885,2779.605,2779.715,3564540
XAUUSD,20241031,0700,2779.715,2783.955,2777.955,2781.895,2119620
XAUUSD,20241031,0800,2781.925,2782.938,2776.875,2778.995,5162250
XAUUSD,20241031,0900,2778.985,2780.065,2777.018,2778.025,3652350
XAUUSD,20241031,1000,2777.984,2781.105,2773.198,2780.765,2419280
XAUUSD,20241031,1100,2780.795,2782.465,2776.578,2779.375,3120840
XAUUSD,20241031,1200,2779.365,2781.865,2771.935,2773.565,4909175
XAUUSD,20241031,1300,2773.555,2773.845,2754.545,2755.345,12483896
XAUUSD,20241031,1400,2755.325,2756.725,2734.575,2734.678,9326400
XAUUSD,20241031,1500,2734.585,2740.865,2731.415,2740.505,4742020
XAUUSD,20241031,1600,2740.505,2743.595,2737.858,2740.615,5381580
XAUUSD,20241031,1700,2740.585,2743.748,2738.115,2739.455,2746270
XAUUSD,20241031,1800,2739.455,2747.858,2739.395,2746.825,2637250
XAUUSD,20241031,1900,2746.765,2749.608,2745.605,2746.348,2530870
XAUUSD,20241031,2000,2746.348,2748.085,2743.185,2743.765,1673460
XAUUSD,20241031,2200,2743.945,2747.465,2743.265,2745.985,283260
XAUUSD,20241031,2300,2745.995,2747.785,2745.325,2746.545,472450
XAUUSD,20241101,0000,2746.545,2747.175,2744.695,2744.888,1231200
XAUUSD,20241101,0100,2744.865,2749.895,2744.705,2749.645,3507720
XAUUSD,20241101,0200,2749.635,2750.875,2745.625,2748.595,4170120
XAUUSD,20241101,0300,2748.615,2751.805,2747.255,2751.625,2353230
XAUUSD,20241101,0400,2751.625,2752.815,2750.615,2752.095,771330
XAUUSD,20241101,0500,2752.095,2755.045,2751.485,2754.825,1937580
XAUUSD,20241101,0600,2754.855,2757.535,2751.145,2751.858,3124110
XAUUSD,20241101,0700,2751.855,2753.025,2747.055,2749.555,4397000
XAUUSD,20241101,0800,2749.535,2754.948,2748.455,2753.335,3593210
XAUUSD,20241101,0900,2753.335,2755.345,2747.854,2751.255,2214510
XAUUSD,20241101,1000,2751.255,2751.735,2744.685,2749.515,3435900
XAUUSD,20241101,1100,2749.535,2753.985,2749.535,2752.795,1950610
XAUUSD,20241101,1200,2752.815,2759.725,2747.985,2753.688,5064790
XAUUSD,20241101,1300,2753.635,2762.048,2751.995,2755.458,4318390
XAUUSD,20241101,1400,2755.778,2758.728,2739.575,2747.105,6851620
XAUUSD,20241101,1500,2747.215,2750.155,2742.448,2744.635,7021920
XAUUSD,20241101,1600,2744.625,2746.005,2740.335,2743.005,7060380
XAUUSD,20241101,1700,2743.005,2743.785,2734.985,2736.215,6185750
XAUUSD,20241101,1800,2736.178,2737.915,2733.405,2736.085,5222730
XAUUSD,20241101,1900,2736.115,2736.935,2733.095,2734.035,4065550
XAUUSD,20241101,2000,2734.025,2736.675,2733.168,2735.895,2019660
XAUUSD,20241103,2300,2733.298,2740.215,2730.000,2738.235,1741314
XAUUSD,20241104,0000,2738.205,2740.814,2736.835,2740.235,1377200
XAUUSD,20241104,0100,2740.215,2741.198,2735.185,2739.775,2854740
XAUUSD,20241104,0200,2739.775,2740.885,2736.845,2739.778,2242830
XAUUSD,20241104,0300,2739.765,2742.315,2739.195,2740.845,1916550
XAUUSD,20241104,0400,2740.825,2742.085,2739.585,2740.905,665040
XAUUSD,20241104,0500,2740.905,2743.585,2737.554,2741.415,1890470
XAUUSD,20241104,0600,2741.444,2741.465,2735.634,2741.265,2183860
XAUUSD,20241104,0700,2741.265,2744.675,2735.008,2735.695,2975840
XAUUSD,20241104,0800,2735.685,2738.388,2731.765,2733.225,3133730
XAUUSD,20241104,0900,2733.215,2743.935,2732.435,2743.195,2191790
XAUUSD,20241104,1000,2743.215,2745.105,2737.098,2738.425,1503730
XAUUSD,20241104,1100,2738.415,2740.865,2736.344,2740.515,2231680
XAUUSD,20241104,1200,2740.515,2743.935,2739.405,2743.265,1418490
XAUUSD,20241104,1300,2743.265,2746.675,2738.615,2746.625,3417240
XAUUSD,20241104,1400,2746.625,2748.015,2737.765,2743.055,4996240
XAUUSD,20241104,1500,2743.055,2745.445,2737.565,2738.385,5247240
XAUUSD,20241104,1600,2738.385,2738.815,2732.195,2734.085,4405600
XAUUSD,20241104,1700,2734.095,2738.325,2731.638,2738.275,2351260
XAUUSD,20241104,1800,2738.275,2739.115,2735.475,2738.105,1790660
XAUUSD,20241104,1900,2738.135,2739.558,2737.115,2738.178,1815540
XAUUSD,20241104,2000,2738.154,2738.495,2736.225,2737.288,2425900
XAUUSD,20241104,2100,2737.268,2737.535,2735.805,2736.225,678660
XAUUSD,20241104,2300,2735.698,2737.755,2735.698,2735.855,358300
XAUUSD,20241105,0000,2735.895,2736.515,2733.908,2734.955,1141920
XAUUSD,20241105,0100,2734.935,2736.025,2732.815,2734.045,2096370
XAUUSD,20241105,0200,2734.035,2735.185,2724.695,2728.345,4703570
XAUUSD,20241105,0300,2728.345,2735.855,2727.615,2735.165,1749210
XAUUSD,20241105,0400,2735.165,2736.225,2733.025,2734.315,1070400
XAUUSD,20241105,0500,2734.295,2737.095,2731.785,2732.435,2854830
XAUUSD,20241105,0600,2732.425,2738.705,2731.605,2737.675,2255160
XAUUSD,20241105,0700,2737.685,2741.235,2735.065,2736.305,2809950
XAUUSD,20241105,0800,2736.335,2743.135,2731.958,2742.415,3225665
XAUUSD,20241105,0900,2742.415,2744.935,2738.735,2739.825,2203120
XAUUSD,20241105,1000,2739.805,2740.115,2735.495,2737.725,3452480
XAUUSD,20241105,1100,2737.715,2742.825,2737.715,2741.595,1901170
XAUUSD,20241105,1200,2741.585,2742.985,2737.448,2737.774,1383130
XAUUSD,20241105,1300,2737.785,2746.568,2736.248,2744.605,3751850
XAUUSD,20241105,1400,2744.605,2749.875,2741.295,2746.588,4634080
XAUUSD,20241105,1500,2746.205,2746.424,2732.908,2741.925,7507790
XAUUSD,20241105,1600,2741.925,2744.425,2736.235,2738.865,3484050
XAUUSD,20241105,1700,2738.895,2743.585,2738.155,2741.875,2097880
XAUUSD,20241105,1800,2741.905,2743.785,2739.295,2741.135,1965960
XAUUSD,20241105,1900,2741.135,2742.145,2739.375,2740.345,1698780
XAUUSD,20241105,2000,2740.345,2743.375,2739.495,2742.885,2166620
XAUUSD,20241105,2100,2742.895,2744.725,2742.425,2743.694,653490
XAUUSD,20241105,2300,2742.898,2746.215,2741.848,2745.495,1104180
XAUUSD,20241106,0000,2745.485,2745.498,2735.185,2737.845,3020080
XAUUSD,20241106,0100,2737.875,2749.605,2732.615,2746.894,5890035
XAUUSD,20241106,0200,2746.924,2748.205,2736.614,2737.284,6182840
XAUUSD,20241106,0300,2737.275,2743.368,2730.425,2734.115,8539430
XAUUSD,20241106,0400,2734.105,2742.895,2733.204,2741.615,6296710
XAUUSD,20241106,0500,2741.645,2743.438,2736.255,2738.915,3881320
XAUUSD,20241106,0600,2738.935,2739.205,2701.245,2706.925,6812175
XAUUSD,20241106,0700,2706.885,2733.055,2703.975,2725.634,4719965
XAUUSD,20241106,0800,2725.505,2733.598,2722.655,2724.325,5661050
XAUUSD,20241106,0900,2724.315,2728.445,2716.315,2724.555,4475120
XAUUSD,20241106,1000,2724.525,2727.105,2718.488,2720.024,2246600
XAUUSD,20241106,1100,2720.014,2722.575,2695.935,2699.205,3840224
XAUUSD,20241106,1200,2699.015,2707.885,2693.265,2695.065,6578730
XAUUSD,20241106,1300,2694.995,2694.995,2658.985,2664.075,12784760
XAUUSD,20241106,1400,2664.045,2670.244,2652.295,2659.715,10619730
XAUUSD,20241106,1500,2659.765,2675.825,2657.365,2675.675,6635430
XAUUSD,20241106,1600,2675.675,2678.095,2662.755,2666.045,3574280
XAUUSD,20241106,1700,2666.075,2669.185,2661.515,2663.205,2324820
XAUUSD,20241106,1800,2663.205,2669.385,2662.765,2665.525,2766490
XAUUSD,20241106,1900,2665.525,2668.425,2664.875,2666.934,2080880
XAUUSD,20241106,2000,2666.934,2667.635,2659.245,2660.615,2106000
XAUUSD,20241106,2100,2660.615,2662.365,2658.755,2658.895,1040850
XAUUSD,20241106,2300,2658.695,2664.155,2658.375,2663.875,1519260
XAUUSD,20241107,0000,2663.885,2664.075,2660.805,2661.405,2061350
XAUUSD,20241107,0100,2661.365,2663.885,2643.134,2649.315,5602650
XAUUSD,20241107,0200,2649.355,2657.418,2649.355,2657.238,4181600
XAUUSD,20241107,0300,2657.268,2661.105,2655.534,2659.095,3063020
XAUUSD,20241107,0400,2659.095,2659.475,2653.995,2654.455,2009550
XAUUSD,20241107,0500,2654.625,2660.545,2654.575,2659.045,3050130
XAUUSD,20241107,0600,2659.035,2659.325,2652.635,2656.975,2778170
XAUUSD,20241107,0700,2656.985,2667.505,2656.045,2663.145,3532150
XAUUSD,20241107,0800,2663.204,2666.585,2657.265,2657.475,2766380
XAUUSD,20241107,0900,2657.475,2665.945,2657.335,2661.505,4030390
XAUUSD,20241107,1000,2661.515,2668.255,2659.715,2666.415,2415630
XAUUSD,20241107,1100,2666.395,2667.964,2663.735,2666.174,2584350
XAUUSD,20241107,1200,2666.174,2674.015,2664.174,2673.515,4397750
XAUUSD,20241107,1300,2673.515,2685.035,2672.295,2684.475,5959830
XAUUSD,20241107,1400,2684.475,2694.885,2682.205,2691.685,6003440
XAUUSD,20241107,1500,2691.655,2700.038,2690.015,2698.725,5670140
XAUUSD,20241107,1600,2698.695,2699.355,2690.595,2695.635,4498050
XAUUSD,20241107,1700,2695.645,2700.225,2694.135,2699.235,3608480
XAUUSD,20241107,1800,2699.235,2699.298,2693.835,2694.958,2521540
XAUUSD,20241107,1900,2694.958,2697.748,2687.405,2694.175,6193860
XAUUSD,20241107,2000,2694.195,2710.244,2692.715,2704.284,5648070
XAUUSD,20241107,2100,2704.284,2708.405,2703.515,2705.995,1345120
XAUUSD,20241107,2300,2705.788,2707.855,2703.865,2706.785,617780
XAUUSD,20241108,0000,2706.735,2710.235,2705.435,2706.185,976590
XAUUSD,20241108,0100,2706.185,2707.465,2699.015,2699.675,4679880
XAUUSD,20241108,0200,2699.685,2700.895,2694.945,2697.375,1964580
XAUUSD,20241108,0300,2697.375,2700.338,2693.928,2695.035,2573180
XAUUSD,20241108,0400,2695.004,2695.958,2693.125,2693.424,1595040
XAUUSD,20241108,0500,2693.415,2696.165,2693.415,2695.055,2840370
XAUUSD,20241108,0600,2695.055,2695.658,2685.845,2686.275,4885405
XAUUSD,20241108,0700,2686.265,2687.745,2680.215,2687.295,4077000
XAUUSD,20241108,0800,2687.315,2691.705,2681.865,2688.585,7779000
XAUUSD,20241108,0900,2688.585,2690.905,2686.935,2689.185,2509180
XAUUSD,20241108,1000,2689.225,2689.245,2682.000,2688.475,2993080
XAUUSD,20241108,1100,2688.485,2694.815,2686.595,2691.795,2327475
XAUUSD,20241108,1200,2691.765,2692.978,2686.085,2691.795,2503520
XAUUSD,20241108,1300,2691.775,2700.965,2687.775,2697.425,6232630
XAUUSD,20241108,1400,2697.445,2703.935,2687.645,2691.328,7311830
XAUUSD,20241108,1500,2691.235,2692.705,2683.275,2687.355,7888790
XAUUSD,20241108,1600,2687.355,2689.165,2682.785,2683.155,6106020
XAUUSD,20241108,1700,2683.155,2688.428,2683.155,2687.778,4280980
XAUUSD,20241108,1800,2687.778,2688.658,2683.745,2684.815,2593700
XAUUSD,20241108,1900,2684.865,2687.375,2683.165,2686.925,2222090
XAUUSD,20241108,2000,2686.884,2688.425,2684.845,2684.955,1381780
XAUUSD,20241108,2100,2684.915,2685.725,2682.695,2684.035,567210
XAUUSD,20241110,2300,2683.898,2685.515,2678.898,2685.465,1177710
XAUUSD,20241111,0000,2685.495,2686.025,2682.525,2683.915,1159650
XAUUSD,20241111,0100,2683.875,2684.735,2671.715,2672.815,5226290
XAUUSD,20241111,0200,2672.855,2675.095,2666.375,2671.845,3316820
XAUUSD,20241111,0300,2671.845,2671.865,2667.845,2670.105,1801380
XAUUSD,20241111,0400,2670.085,2672.295,2668.695,2671.985,1858370
XAUUSD,20241111,0500,2671.985,2674.115,2666.875,2669.095,3157020
XAUUSD,20241111,0600,2669.105,2673.945,2668.305,2673.085,3086350
XAUUSD,20241111,0700,2673.095,2673.915,2668.685,2669.455,4648130
XAUUSD,20241111,0800,2669.465,2671.595,2667.465,2669.525,4865780
XAUUSD,20241111,0900,2669.435,2670.715,2663.765,2666.715,3426280
XAUUSD,20241111,1000,2666.705,2675.225,2660.915,2661.805,3225910
XAUUSD,20241111,1100,2661.805,2666.875,2658.875,2662.445,4890680
XAUUSD,20241111,1200,2662.455,2662.995,2656.565,2657.125,5168620
XAUUSD,20241111,1300,2657.125,2657.475,2634.165,2635.385,7641540
XAUUSD,20241111,1400,2635.375,2635.545,2617.625,2622.325,12692680
XAUUSD,20241111,1500,2622.328,2626.185,2613.325,2614.395,6392610
XAUUSD,20241111,1600,2614.395,2618.015,2612.615,2615.045,4127890
XAUUSD,20241111,1700,2615.015,2616.775,2611.325,2612.425,2876980
XAUUSD,20241111,1800,2612.415,2619.148,2610.515,2618.848,3782810
XAUUSD,20241111,1900,2618.848,2620.525,2617.765,2619.115,1384640
XAUUSD,20241111,2000,2619.165,2626.075,2619.165,2621.955,1562740
XAUUSD,20241111,2100,2621.865,2622.955,2618.725,2619.375,665560
XAUUSD,20241111,2300,2618.618,2623.975,2618.598,2623.855,423680
XAUUSD,20241112,0000,2623.855,2625.078,2622.085,2623.828,1081770
XAUUSD,20241112,0100,2623.795,2627.015,2619.008,2624.045,2704140
XAUUSD,20241112,0200,2624.015,2625.335,2620.345,2621.825,2918880
XAUUSD,20241112,0300,2621.838,2623.585,2618.645,2618.805,1277940
XAUUSD,20241112,0400,2618.795,2618.998,2615.515,2617.625,1757070
XAUUSD,20241112,0500,2617.635,2618.035,2605.318,2606.725,3940380
XAUUSD,20241112,0600,2606.745,2610.045,2603.295,2607.795,4932660
XAUUSD,20241112,0700,2607.805,2608.895,2595.074,2598.125,3799150
XAUUSD,20241112,0800,2598.125,2606.345,2598.085,2600.495,2189365
XAUUSD,20241112,0900,2600.485,2600.625,2590.675,2593.145,2420500
XAUUSD,20241112,1000,2593.125,2598.485,2589.508,2596.525,1788530
XAUUSD,20241112,1100,2596.525,2598.988,2592.455,2597.695,2117060
XAUUSD,20241112,1200,2597.725,2606.958,2597.725,2605.125,3895820
XAUUSD,20241112,1300,2605.145,2616.225,2604.405,2611.455,6014720
XAUUSD,20241112,1400,2611.535,2616.885,2608.815,2610.198,4895590
XAUUSD,20241112,1500,2610.198,2611.568,2597.245,2598.365,3984690
XAUUSD,20241112,1600,2598.385,2603.988,2597.755,2600.675,4385310
XAUUSD,20241112,1700,2600.645,2601.035,2592.305,2597.368,2634060
XAUUSD,20241112,1800,2597.345,2601.975,2596.295,2599.075,2222260
XAUUSD,20241112,1900,2599.075,2601.315,2597.855,2598.035,1738800
XAUUSD,20241112,2000,2598.025,2601.235,2594.998,2599.588,1495140
XAUUSD,20241112,2100,2599.578,2600.604,2597.025,2597.895,594500
XAUUSD,20241112,2300,2597.628,2599.675,2597.398,2598.775,290960
XAUUSD,20241113,0000,2598.805,2599.758,2597.915,2599.335,679800
XAUUSD,20241113,0100,2599.325,2611.005,2599.325,2607.995,4494270
XAUUSD,20241113,0200,2607.995,2612.455,2605.025,2611.985,3606690
XAUUSD,20241113,0300,2612.025,2613.118,2606.385,2611.485,2372520
XAUUSD,20241113,0400,2611.475,2612.235,2605.945,2606.065,2497350
XAUUSD,20241113,0500,2606.135,2607.728,2603.408,2605.605,1947550
XAUUSD,20241113,0600,2605.614,2607.325,2604.028,2605.285,2341350
XAUUSD,20241113,0700,2605.295,2607.315,2604.165,2606.058,2523800
XAUUSD,20241113,0800,2606.108,2610.645,2600.894,2607.505,2509070
XAUUSD,20241113,0900,2607.495,2611.515,2607.165,2608.455,2577780
XAUUSD,20241113,1000,2608.465,2610.305,2606.885,2608.925,3324910
XAUUSD,20241113,1100,2608.925,2611.505,2605.705,2610.715,2482060
XAUUSD,20241113,1200,2610.715,2612.585,2608.745,2609.505,1949260
XAUUSD,20241113,1300,2609.525,2618.628,2607.035,2612.245,5148830
XAUUSD,20241113,1400,2612.235,2616.255,2600.935,2601.985,5000420
XAUUSD,20241113,1500,2601.925,2606.658,2593.565,2605.325,12092700
XAUUSD,20241113,1600,2605.325,2605.865,2584.635,2585.755,6640670
XAUUSD,20241113,1700,2585.735,2586.755,2577.545,2583.205,7785680
XAUUSD,20241113,1800,2583.185,2585.365,2579.475,2582.635,1619930
XAUUSD,20241113,1900,2582.665,2584.735,2580.425,2580.785,2035670
XAUUSD,20241113,2000,2580.795,2580.964,2572.875,2573.665,1950170
XAUUSD,20241113,2100,2573.695,2577.015,2572.125,2572.195,679940
XAUUSD,20241113,2300,2572.245,2581.198,2569.175,2570.694,2161110
XAUUSD,20241114,0000,2570.698,2574.515,2569.455,2572.258,2408140
XAUUSD,20241114,0100,2572.278,2572.728,2561.405,2562.455,5320920
XAUUSD,20241114,0200,2562.435,2564.428,2558.785,2560.455,3132270
XAUUSD,20241114,0300,2560.405,2564.985,2559.805,2560.555,3132120
XAUUSD,20241114,0400,2560.535,2565.115,2559.125,2565.025,1842110
XAUUSD,20241114,0500,2565.025,2565.035,2555.185,2558.468,2699210
XAUUSD,20241114,0600,2558.468,2560.375,2551.765,2554.885,3495190
XAUUSD,20241114,0700,2554.905,2558.795,2550.255,2556.824,4193070
XAUUSD,20241114,0800,2556.804,2559.664,2554.388,2556.045,2843330
XAUUSD,20241114,0900,2556.035,2558.248,2536.664,2543.328,6587860
XAUUSD,20241114,1000,2543.328,2547.925,2538.915,2546.935,4708790
XAUUSD,20241114,1100,2546.935,2554.935,2545.045,2553.515,4931690
XAUUSD,20241114,1200,2553.495,2556.745,2549.955,2552.085,4012540
XAUUSD,20241114,1300,2552.075,2560.095,2551.125,2557.035,7491420
XAUUSD,20241114,1400,2556.945,2565.835,2554.145,2559.575,9306620
XAUUSD,20241114,1500,2559.505,2572.905,2558.425,2570.115,9601100
XAUUSD,20241114,1600,2570.155,2577.315,2569.115,2573.885,6523960
XAUUSD,20241114,1700,2573.885,2575.735,2567.308,2572.855,3907150
XAUUSD,20241114,1800,2572.888,2573.395,2567.025,2569.755,3032130
XAUUSD,20241114,1900,2569.755,2576.795,2569.735,2575.885,3253650
XAUUSD,20241114,2000,2575.915,2576.325,2563.738,2567.115,5570490
XAUUSD,20241114,2100,2567.125,2569.425,2564.015,2564.145,1750810
XAUUSD,20241114,2300,2563.898,2567.135,2563.898,2566.775,438500
XAUUSD,20241115,0000,2566.745,2567.445,2565.788,2566.735,1495210
XAUUSD,20241115,0100,2566.735,2571.585,2562.914,2564.865,3567980
XAUUSD,20241115,0200,2564.845,2570.975,2564.785,2570.024,2720580
XAUUSD,20241115,0300,2570.004,2571.055,2567.535,2567.574,1016670
XAUUSD,20241115,0400,2567.574,2569.405,2566.865,2566.925,640330
XAUUSD,20241115,0500,2566.965,2567.115,2559.595,2559.805,1889940
XAUUSD,20241115,0600,2559.765,2563.405,2554.335,2561.285,3094400
XAUUSD,20241115,0700,2561.295,2564.775,2559.235,2563.625,2674510
XAUUSD,20241115,0800,2563.625,2568.828,2560.715,2566.745,3132390
XAUUSD,20241115,0900,2566.695,2568.835,2563.775,2563.815,3685150
XAUUSD,20241115,1000,2563.785,2570.335,2562.905,2567.735,3355100
XAUUSD,20241115,1100,2567.715,2573.158,2566.465,2570.594,3770600
XAUUSD,20241115,1200,2570.594,2570.884,2565.298,2568.955,5426010
XAUUSD,20241115,1300,2568.978,2575.595,2561.005,2565.125,10445910
XAUUSD,20241115,1400,2565.114,2575.475,2564.084,2572.644,7338780
XAUUSD,20241115,1500,2572.655,2575.908,2564.928,2570.675,9787180
XAUUSD,20241115,1600,2570.685,2573.165,2561.945,2562.035,6733250
XAUUSD,20241115,1700,2562.035,2564.705,2560.035,2562.835,5937090
XAUUSD,20241115,1800,2562.905,2567.655,2559.408,2567.385,4400280
XAUUSD,20241115,1900,2567.355,2567.905,2562.645,2563.705,3128040
XAUUSD,20241115,2000,2563.725,2563.765,2559.595,2562.095,3631580
XAUUSD,20241115,2100,2562.095,2563.535,2560.975,2562.715,555650
XAUUSD,20241117,2300,2564.258,2575.338,2563.835,2571.255,1817880
XAUUSD,20241118,0000,2571.245,2577.165,2569.735,2576.535,3115470
XAUUSD,20241118,0100,2576.535,2597.155,2576.438,2586.885,5858530
XAUUSD,20241118,0200,2586.845,2594.868,2586.735,2591.005,2722120
XAUUSD,20241118,0300,2591.005,2592.395,2587.705,2589.825,2960110
XAUUSD,20241118,0400,2589.825,2593.035,2589.215,2592.115,2750040
XAUUSD,20241118,0500,2592.075,2592.195,2584.935,2585.395,2888640
XAUUSD,20241118,0600,2585.385,2587.575,2580.284,2585.865,2661190
XAUUSD,20241118,0700,2585.875,2586.975,2581.545,2582.695,2210870
XAUUSD,20241118,0800,2582.625,2589.878,2581.925,2585.515,2793480
XAUUSD,20241118,0900,2585.505,2597.185,2583.655,2595.605,3420070
XAUUSD,20241118,1000,2595.585,2596.555,2589.428,2593.945,3163850
XAUUSD,20241118,1100,2593.945,2595.285,2590.385,2594.215,2468040
XAUUSD,20241118,1200,2594.155,2597.015,2590.195,2594.985,3418210
XAUUSD,20241118,1300,2594.965,2604.995,2592.765,2603.835,4108710
XAUUSD,20241118,1400,2603.815,2610.105,2602.625,2607.975,4975690
XAUUSD,20241118,1500,2608.005,2613.218,2605.755,2612.835,3923050
XAUUSD,20241118,1600,2612.885,2614.955,2609.265,2611.435,3694730
XAUUSD,20241118,1700,2611.435,2611.835,2607.215,2610.245,1808550
XAUUSD,20241118,1800,2610.278,2611.925,2607.565,2611.005,2158790
XAUUSD,20241118,1900,2611.015,2612.475,2608.215,2609.695,2817770
XAUUSD,20241118,2000,2609.695,2611.405,2608.095,2610.198,2737950
XAUUSD,20241118,2100,2610.205,2612.215,2609.748,2611.605,1180490
XAUUSD,20241118,2300,2611.498,2612.925,2610.205,2612.435,407580
XAUUSD,20241119,0000,2612.495,2613.565,2610.905,2613.185,949950
XAUUSD,20241119,0100,2613.235,2617.765,2611.545,2615.575,6373020
XAUUSD,20241119,0200,2615.535,2624.045,2615.535,2622.365,2018800
XAUUSD,20241119,0300,2622.365,2625.408,2621.265,2624.298,1786350
XAUUSD,20241119,0400,2624.308,2625.065,2621.385,2622.805,1254300
XAUUSD,20241119,0500,2622.768,2623.305,2620.715,2622.435,1524990
XAUUSD,20241119,0600,2622.435,2626.515,2621.205,2624.985,1709260
XAUUSD,20241119,0700,2625.025,2625.165,2617.625,2618.965,2124900
XAUUSD,20241119,0800,2618.915,2626.908,2618.564,2626.255,4592130
XAUUSD,20241119,0900,2626.225,2634.335,2625.185,2630.105,5649410
XAUUSD,20241119,1000,2630.058,2636.375,2629.795,2634.985,2155380
XAUUSD,20241119,1100,2634.985,2635.905,2628.848,2629.435,1979050
XAUUSD,20241119,1200,2629.465,2639.205,2628.608,2639.105,4329730
XAUUSD,20241119,1300,2639.135,2639.325,2629.115,2635.125,6122220
XAUUSD,20241119,1400,2635.125,2636.835,2622.655,2623.325,8359670
XAUUSD,20241119,1500,2623.285,2628.595,2620.935,2624.315,9115300
XAUUSD,20241119,1600,2624.405,2628.405,2622.195,2626.308,3250140
XAUUSD,20241119,1700,2626.275,2632.998,2625.478,2627.965,3488040
XAUUSD,20241119,1800,2627.985,2630.315,2626.175,2630.065,3559460
XAUUSD,20241119,1900,2630.095,2631.495,2628.775,2630.605,2342290
XAUUSD,20241119,2000,2630.595,2634.505,2630.315,2633.598,2037240
XAUUSD,20241119,2100,2633.595,2633.848,2630.445,2632.105,1286700
XAUUSD,20241119,2300,2631.975,2635.355,2631.725,2635.015,619900
XAUUSD,20241120,0000,2635.015,2639.025,2634.555,2637.715,1814450
XAUUSD,20241120,0100,2637.735,2641.365,2635.625,2639.455,4448610
XAUUSD,20241120,0200,2639.458,2641.665,2638.255,2640.048,1655550
XAUUSD,20241120,0300,2640.048,2641.145,2637.485,2637.805,998820
XAUUSD,20241120,0400,2637.895,2638.655,2636.015,2636.515,1079040
XAUUSD,20241120,0500,2636.495,2638.355,2634.755,2636.765,2559490
XAUUSD,20241120,0600,2636.745,2636.965,2628.465,2629.315,4831030
XAUUSD,20241120,0700,2629.315,2630.075,2621.115,2621.425,4409630
XAUUSD,20241120,0800,2621.425,2624.395,2618.705,2624.095,2401690
XAUUSD,20241120,0900,2624.075,2625.555,2620.905,2621.815,2580060
XAUUSD,20241120,1000,2621.735,2626.085,2620.774,2624.965,3734130
XAUUSD,20241120,1100,2624.985,2628.035,2621.325,2627.945,2298510
XAUUSD,20241120,1200,2627.945,2632.325,2626.905,2631.685,2882240
XAUUSD,20241120,1300,2631.645,2640.415,2631.018,2635.914,3637340
XAUUSD,20241120,1400,2635.924,2646.265,2633.958,2643.045,5637900
XAUUSD,20241120,1500,2643.015,2648.765,2640.715,2648.708,4214290
XAUUSD,20241120,1600,2648.684,2650.715,2645.985,2650.505,4158180
XAUUSD,20241120,1700,2650.505,2655.275,2649.148,2651.725,3070000
XAUUSD,20241120,1800,2651.745,2651.955,2645.295,2648.465,1831550
XAUUSD,20241120,1900,2648.465,2653.024,2648.305,2650.754,2169780
XAUUSD,20241120,2000,2650.725,2651.115,2647.215,2648.855,3710590
XAUUSD,20241120,2100,2648.855,2650.435,2648.015,2650.145,1491620
XAUUSD,20241120,2300,2649.515,2652.765,2648.765,2652.025,659010
XAUUSD,20241121,0000,2652.055,2658.695,2651.645,2658.385,2478450
XAUUSD,20241121,0100,2658.375,2660.285,2651.705,2653.235,3851220
XAUUSD,20241121,0200,2653.235,2658.024,2652.435,2653.564,2887230
XAUUSD,20241121,0300,2653.484,2657.115,2650.284,2656.735,2141700
XAUUSD,20241121,0400,2656.715,2658.785,2656.685,2656.908,856350
XAUUSD,20241121,0500,2656.835,2657.954,2654.435,2656.795,1702350
XAUUSD,20241121,0600,2656.795,2662.085,2656.405,2661.215,1584300
XAUUSD,20241121,0700,2661.215,2664.535,2659.905,2662.985,2692160
XAUUSD,20241121,0800,2662.985,2670.118,2661.885,2668.705,2707800
XAUUSD,20241121,0900,2668.715,2671.575,2663.324,2668.684,4429330
XAUUSD,20241121,1000,2668.705,2670.205,2664.955,2669.815,2680180
XAUUSD,20241121,1100,2669.845,2673.385,2668.195,2671.335,3575400
XAUUSD,20241121,1200,2671.308,2671.595,2662.855,2663.165,3769280
XAUUSD,20241121,1300,2663.145,2667.555,2660.315,2665.325,5315810
XAUUSD,20241121,1400,2665.345,2671.465,2661.258,2664.654,3755100
XAUUSD,20241121,1500,2664.654,2670.405,2664.285,2667.505,6289010
XAUUSD,20241121,1600,2667.544,2669.595,2661.158,2664.545,3530290
XAUUSD,20241121,1700,2664.555,2672.645,2661.635,2671.678,2537400
XAUUSD,20241121,1800,2671.675,2672.955,2668.955,2672.245,2001430
XAUUSD,20241121,1900,2672.275,2673.308,2667.675,2669.535,2050400
XAUUSD,20241121,2000,2669.555,2671.705,2668.415,2671.375,1340910
XAUUSD,20241121,2100,2671.375,2671.755,2667.995,2669.535,1366910
XAUUSD,20241121,2300,2668.698,2669.925,2667.915,2669.018,961720
XAUUSD,20241122,0000,2669.008,2673.395,2668.718,2673.025,1835910
XAUUSD,20241122,0100,2673.035,2679.315,2672.995,2677.715,6259650
XAUUSD,20241122,0200,2677.705,2686.345,2677.164,2685.945,3725780
XAUUSD,20241122,0300,2685.975,2690.375,2681.334,2686.065,3746370
XAUUSD,20241122,0400,2686.065,2692.275,2682.835,2688.625,1802280
XAUUSD,20241122,0500,2688.665,2688.985,2682.935,2686.495,4054920
XAUUSD,20241122,0600,2686.515,2693.115,2685.685,2692.845,3101810
XAUUSD,20241122,0700,2692.865,2698.875,2690.364,2696.345,3838010
XAUUSD,20241122,0800,2696.375,2700.315,2694.604,2697.225,4479570
XAUUSD,20241122,0900,2697.225,2707.315,2693.375,2703.245,5821030
XAUUSD,20241122,1000,2703.265,2708.405,2702.575,2707.555,3323040
XAUUSD,20241122,1100,2707.565,2710.035,2696.945,2698.705,5441640
XAUUSD,20241122,1200,2698.685,2704.805,2696.925,2702.835,3884860
XAUUSD,20241122,1300,2702.835,2704.005,2689.195,2692.784,6379890
XAUUSD,20241122,1400,2692.764,2696.115,2684.325,2694.324,7465240
XAUUSD,20241122,1500,2694.474,2704.955,2694.185,2703.545,9153930
XAUUSD,20241122,1600,2703.545,2706.498,2700.745,2705.025,4865020
XAUUSD,20241122,1700,2705.015,2707.148,2703.465,2706.705,3406320
XAUUSD,20241122,1800,2706.725,2711.305,2706.605,2710.815,3047060
XAUUSD,20241122,1900,2710.815,2711.365,2706.945,2708.085,3581950
XAUUSD,20241122,2000,2708.075,2708.765,2704.975,2705.695,3661570
XAUUSD,20241122,2100,2705.695,2716.165,2705.664,2715.805,1064720
XAUUSD,20241124,2300,2713.375,2721.185,2691.251,2719.725,2127290
XAUUSD,20241125,0000,2719.705,2719.975,2709.655,2710.475,2517990
XAUUSD,20241125,0100,2710.505,2710.975,2694.865,2701.065,8593650
XAUUSD,20241125,0200,2701.075,2704.275,2692.244,2695.085,4977040
XAUUSD,20241125,0300,2695.065,2697.255,2658.824,2672.095,6079600
XAUUSD,20241125,0400,2672.064,2676.185,2663.705,2672.305,2791190
XAUUSD,20241125,0500,2672.305,2673.845,2658.064,2664.625,3771720
XAUUSD,20241125,0600,2664.655,2669.905,2661.505,2666.755,4889400
XAUUSD,20241125,0700,2666.765,2672.405,2663.665,2667.675,3961190
XAUUSD,20241125,0800,2667.705,2673.425,2667.015,2671.895,3478070
XAUUSD,20241125,0900,2671.885,2675.095,2669.745,2673.775,2565670
XAUUSD,20241125,1000,2673.745,2677.928,2668.658,2677.515,2229340
XAUUSD,20241125,1100,2677.515,2688.595,2677.484,2686.685,2071420
XAUUSD,20241125,1200,2686.725,2686.884,2679.778,2680.815,1612250
XAUUSD,20241125,1300,2680.805,2687.785,2676.595,2678.135,5162280
XAUUSD,20241125,1400,2678.175,2678.585,2633.485,2641.165,8133040
XAUUSD,20241125,1500,2641.195,2641.505,2626.135,2628.205,7595920
XAUUSD,20241125,1600,2628.205,2639.265,2628.165,2631.925,3106610
XAUUSD,20241125,1700,2631.905,2634.095,2624.324,2627.675,3138070
XAUUSD,20241125,1800,2627.705,2628.385,2615.455,2618.715,2321470
XAUUSD,20241125,1900,2618.695,2626.045,2618.258,2625.635,2203740
XAUUSD,20241125,2000,2625.634,2628.625,2622.515,2625.995,2901940
XAUUSD,20241125,2100,2625.975,2628.185,2624.565,2624.645,815640
XAUUSD,20241125,2300,2624.218,2628.478,2605.085,2610.355,2495020
XAUUSD,20241126,0000,2610.365,2624.498,2608.498,2619.695,3302230
XAUUSD,20241126,0100,2619.675,2632.085,2617.928,2628.095,5204190
XAUUSD,20241126,0200,2628.095,2630.405,2624.785,2625.205,2756340
XAUUSD,20241126,0300,2625.195,2630.895,2622.815,2630.225,2325490
XAUUSD,20241126,0400,2630.245,2631.298,2624.935,2626.275,1518840
XAUUSD,20241126,0500,2626.275,2626.365,2617.755,2624.225,2402820
XAUUSD,20241126,0600,2624.235,2625.898,2621.035,2621.924,4463250
XAUUSD,20241126,0700,2621.905,2622.685,2610.668,2613.905,3098175
XAUUSD,20241126,0800,2613.905,2618.215,2612.375,2613.225,5740640
XAUUSD,20241126,0900,2613.228,2627.025,2612.705,2625.835,4512440
XAUUSD,20241126,1000,2625.864,2633.075,2625.014,2631.295,3495130
XAUUSD,20241126,1100,2631.285,2633.105,2627.525,2633.105,2195880
XAUUSD,20241126,1200,2633.135,2634.625,2629.155,2630.895,3557950
XAUUSD,20241126,1300,2630.865,2641.774,2623.834,2629.678,6511290
XAUUSD,20241126,1400,2629.625,2633.635,2616.568,2622.228,4919010
XAUUSD,20241126,1500,2622.218,2632.745,2620.095,2629.415,8247960
XAUUSD,20241126,1600,2629.485,2631.345,2626.305,2628.525,4790000
XAUUSD,20241126,1700,2628.485,2628.485,2624.784,2624.784,3000210
XAUUSD,20241126,1800,2624.784,2624.784,2619.414,2623.198,3410580
XAUUSD,20241126,1900,2622.724,2628.895,2622.158,2627.985,2608360
XAUUSD,20241126,2000,2628.004,2632.665,2627.405,2631.525,2400870
XAUUSD,20241126,2100,2631.555,2633.395,2630.595,2632.785,1411170
XAUUSD,20241126,2300,2631.858,2633.995,2629.975,2632.105,767040
XAUUSD,20241127,0000,2632.145,2632.975,2627.074,2627.625,780200
XAUUSD,20241127,0100,2627.705,2632.595,2626.935,2631.265,2992370
XAUUSD,20241127,0200,2631.225,2640.475,2630.985,2637.445,3954010
XAUUSD,20241127,0300,2637.445,2639.278,2635.755,2637.655,2177000
XAUUSD,20241127,0400,2637.675,2640.575,2636.555,2638.895,2250790
XAUUSD,20241127,0500,2638.895,2645.588,2638.075,2641.864,3075130
XAUUSD,20241127,0600,2641.854,2647.865,2638.828,2647.685,5271210
XAUUSD,20241127,0700,2647.645,2648.275,2645.775,2646.464,3380310
XAUUSD,20241127,0800,2646.435,2653.495,2645.000,2653.315,5660800
XAUUSD,20241127,0900,2653.365,2653.715,2647.678,2648.215,5028530
XAUUSD,20241127,1000,2648.215,2649.825,2647.595,2648.388,3459310
XAUUSD,20241127,1100,2648.394,2652.178,2643.074,2650.984,3998350
XAUUSD,20241127,1200,2650.984,2654.875,2649.364,2651.125,2850310
XAUUSD,20241127,1300,2651.135,2658.098,2646.000,2656.155,6224130
XAUUSD,20241127,1400,2656.155,2656.735,2648.938,2651.008,4547200
XAUUSD,20241127,1500,2651.008,2651.295,2635.364,2642.508,5291360
XAUUSD,20241127,1600,2642.504,2644.178,2637.935,2638.804,3476660
XAUUSD,20241127,1700,2638.794,2642.648,2635.155,2637.104,3544140
XAUUSD,20241127,1800,2637.104,2640.645,2636.374,2638.785,2678130
XAUUSD,20241127,1900,2638.785,2639.285,2633.898,2634.665,3455190
XAUUSD,20241127,2000,2634.615,2638.905,2634.235,2636.895,1585880
XAUUSD,20241127,2100,2636.895,2637.405,2634.745,2635.785,1161450
XAUUSD,20241127,2300,2636.298,2637.855,2636.098,2636.935,642440
XAUUSD,20241128,0000,2637.005,2638.315,2635.025,2635.525,1136280
XAUUSD,20241128,0100,2635.505,2636.185,2620.815,2628.705,7898900
XAUUSD,20241128,0200,2628.725,2629.985,2625.455,2628.014,3428130
XAUUSD,20241128,0300,2628.014,2631.965,2625.524,2630.134,2348610
XAUUSD,20241128,0400,2630.125,2633.905,2629.165,2631.104,1084020
XAUUSD,20241128,0500,2631.105,2633.915,2629.975,2633.305,1616320
XAUUSD,20241128,0600,2633.315,2639.458,2631.755,2636.655,2782090
XAUUSD,20241128,0700,2636.665,2639.198,2634.405,2637.215,1923860
XAUUSD,20241128,0800,2637.155,2646.255,2635.585,2643.935,3098760
XAUUSD,20241128,0900,2643.935,2647.915,2642.645,2646.035,1809480
XAUUSD,20241128,1000,2646.045,2649.518,2644.705,2647.358,1725800
XAUUSD,20241128,1100,2647.378,2649.395,2644.765,2646.785,2038980
XAUUSD,20241128,1200,2646.795,2647.115,2643.798,2645.935,2018920
XAUUSD,20241128,1300,2645.905,2647.685,2642.625,2646.875,3998910
XAUUSD,20241128,1400,2646.925,2647.805,2640.695,2641.155,2868860
XAUUSD,20241128,1500,2641.135,2642.995,2636.165,2638.025,3140045
XAUUSD,20241128,1600,2638.015,2642.345,2637.355,2641.935,2068500
XAUUSD,20241128,1700,2641.915,2642.225,2639.495,2640.835,567560
XAUUSD,20241128,1800,2640.795,2641.305,2639.435,2639.855,258730
XAUUSD,20241128,1900,2639.745,2639.905,2637.175,2637.215,611200
XAUUSD,20241128,2300,2637.505,2639.105,2637.075,2638.615,585920
XAUUSD,20241129,0000,2638.615,2639.075,2635.575,2635.965,2078850
XAUUSD,20241129,0100,2635.965,2647.115,2633.925,2644.875,5184355
XAUUSD,20241129,0200,2644.775,2662.605,2644.675,2657.295,3719675
XAUUSD,20241129,0300,2657.325,2660.438,2654.695,2659.908,2588445
XAUUSD,20241129,0400,2659.864,2664.118,2658.245,2659.785,2260530
XAUUSD,20241129,0500,2659.785,2663.905,2659.315,2662.205,1953120
XAUUSD,20241129,0600,2662.185,2666.195,2661.575,2665.075,2929050
XAUUSD,20241129,0700,2665.075,2665.365,2658.965,2660.435,2687330
XAUUSD,20241129,0800,2660.445,2662.455,2654.378,2657.155,2859390
XAUUSD,20241129,0900,2657.135,2664.645,2655.725,2664.055,2618070
XAUUSD,20241129,1000,2664.075,2665.775,2661.125,2662.608,1824570
XAUUSD,20241129,1100,2662.604,2664.225,2659.355,2659.495,1341670
XAUUSD,20241129,1200,2659.495,2664.875,2658.865,2659.805,2255690
XAUUSD,20241129,1300,2659.895,2663.165,2656.158,2657.845,3341910
XAUUSD,20241129,1400,2657.845,2662.645,2651.835,2653.385,5698700
XAUUSD,20241129,1500,2653.415,2658.745,2650.495,2658.745,5195000
XAUUSD,20241129,1600,2658.735,2662.114,2657.895,2662.105,3406080
XAUUSD,20241129,1700,2662.055,2662.145,2657.445,2660.465,1733340
XAUUSD,20241129,1800,2660.465,2660.554,2651.535,2652.548,1704310
XAUUSD,20241129,1900,2652.464,2652.945,2648.525,2649.945,1666980
XAUUSD,20241201,2300,2653.075,2653.115,2642.975,2645.595,1359390
XAUUSD,20241202,0000,2645.748,2647.545,2629.845,2637.325,3306540
XAUUSD,20241202,0100,2637.305,2639.115,2622.765,2635.785,6081060
XAUUSD,20241202,0200,2635.765,2637.908,2625.428,2626.585,3165750
XAUUSD,20241202,0300,2626.518,2630.915,2623.935,2629.205,2456770
XAUUSD,20241202,0400,2629.205,2630.385,2626.065,2628.445,962520
XAUUSD,20241202,0500,2628.435,2628.615,2622.000,2623.035,2573980
XAUUSD,20241202,0600,2623.005,2627.595,2622.000,2625.785,2307373
XAUUSD,20241202,0700,2625.775,2633.495,2625.135,2629.735,3582360
XAUUSD,20241202,0800,2629.735,2632.685,2626.458,2629.395,5063130
XAUUSD,20241202,0900,2629.295,2636.785,2628.424,2633.465,2447380
XAUUSD,20241202,1000,2633.464,2637.565,2633.135,2635.725,1772810
XAUUSD,20241202,1100,2635.725,2646.205,2635.605,2641.674,2816340
XAUUSD,20241202,1200,2641.674,2645.025,2639.015,2640.905,1786710
XAUUSD,20241202,1300,2640.925,2648.655,2636.878,2646.834,5578850
XAUUSD,20241202,1400,2646.824,2651.648,2642.395,2645.575,4614170
XAUUSD,20241202,1500,2645.141,2649.225,2640.175,2642.185,8117780
XAUUSD,20241202,1600,2642.185,2644.265,2638.485,2641.225,4642200
XAUUSD,20241202,1700,2641.255,2641.855,2637.235,2638.705,1958200
XAUUSD,20241202,1800,2638.635,2638.785,2633.425,2636.935,3826660
XAUUSD,20241202,1900,2636.935,2640.105,2636.505,2637.505,2840560
XAUUSD,20241202,2000,2637.475,2644.115,2635.175,2636.985,1972230
XAUUSD,20241202,2100,2636.975,2639.035,2636.425,2638.555,470570
XAUUSD,20241202,2300,2638.698,2642.795,2638.105,2642.095,397690
XAUUSD,20241203,0000,2642.145,2644.175,2640.405,2640.975,1518060
XAUUSD,20241203,0100,2640.985,2645.125,2633.965,2636.435,5952900
XAUUSD,20241203,0200,2636.405,2638.945,2634.315,2636.955,3433680
XAUUSD,20241203,0300,2636.955,2640.505,2636.145,2640.375,3096690
XAUUSD,20241203,0400,2640.375,2642.855,2638.215,2639.695,1566540
XAUUSD,20241203,0500,2639.674,2641.838,2636.985,2641.048,3187860
XAUUSD,20241203,0600,2641.058,2649.924,2641.058,2646.725,3672230
XAUUSD,20241203,0700,2646.745,2647.545,2644.318,2644.565,3444805
XAUUSD,20241203,0800,2644.525,2645.285,2639.115,2645.015,4992000
XAUUSD,20241203,0900,2645.015,2647.955,2643.795,2643.825,3752100
XAUUSD,20241203,1000,2643.915,2645.455,2642.425,2642.665,2168490
XAUUSD,20241203,1100,2642.655,2645.525,2642.585,2643.535,1268670
XAUUSD,20241203,1200,2643.525,2644.115,2638.085,2639.725,2069130
XAUUSD,20241203,1300,2639.745,2653.608,2637.615,2652.758,3775600
XAUUSD,20241203,1400,2652.758,2655.528,2645.518,2646.278,5009820
XAUUSD,20241203,1500,2646.368,2646.878,2635.115,2640.335,11624010
XAUUSD,20241203,1600,2640.305,2648.515,2638.825,2648.245,7824270
XAUUSD,20241203,1700,2648.245,2648.685,2643.315,2646.885,3821510
XAUUSD,20241203,1800,2646.905,2649.005,2643.045,2645.625,2813670
XAUUSD,20241203,1900,2645.625,2646.145,2640.135,2640.875,3421340
XAUUSD,20241203,2000,2640.875,2644.155,2640.545,2642.015,3072710
XAUUSD,20241203,2100,2642.025,2643.865,2641.805,2643.225,509230
XAUUSD,20241203,2300,2642.618,2643.225,2640.934,2642.595,810440
XAUUSD,20241204,0000,2642.605,2643.500,2639.545,2640.395,705770
XAUUSD,20241204,0100,2640.385,2643.185,2637.575,2642.105,4385300
XAUUSD,20241204,0200,2642.098,2648.075,2641.798,2645.748,3609050
XAUUSD,20241204,0300,2645.748,2647.785,2643.015,2644.355,2375030
XAUUSD,20241204,0400,2644.335,2648.485,2643.645,2648.295,754120
XAUUSD,20241204,0500,2648.265,2651.025,2647.388,2649.598,1551030
XAUUSD,20241204,0600,2649.605,2651.285,2647.295,2649.125,1627820
XAUUSD,20241204,0700,2649.135,2649.235,2640.185,2641.335,4069010
XAUUSD,20241204,0800,2641.335,2642.075,2636.515,2641.178,2566550
XAUUSD,20241204,0900,2641.148,2642.655,2638.465,2640.775,3160610
XAUUSD,20241204,1000,2640.765,2644.425,2640.065,2644.285,1699710
XAUUSD,20241204,1100,2644.265,2647.585,2643.295,2646.075,1703925
XAUUSD,20241204,1200,2646.085,2646.445,2636.115,2636.945,3743455
XAUUSD,20241204,1300,2636.885,2649.025,2632.315,2648.365,8533545
XAUUSD,20241204,1400,2648.345,2653.375,2645.068,2648.928,7384430
XAUUSD,20241204,1500,2649.068,2656.998,2648.574,2654.885,6738690
XAUUSD,20241204,1600,2654.865,2655.445,2646.885,2649.555,4725355
XAUUSD,20241204,1700,2649.565,2652.895,2648.325,2651.265,2502270
XAUUSD,20241204,1800,2651.265,2652.845,2648.675,2648.948,3295680
XAUUSD,20241204,1900,2648.924,2655.314,2646.695,2651.505,3335710
XAUUSD,20241204,2000,2651.525,2651.755,2647.985,2649.935,3036180
XAUUSD,20241204,2100,2649.884,2651.055,2648.725,2649.325,596330
XAUUSD,20241204,2300,2649.118,2651.408,2648.388,2650.178,685740
XAUUSD,20241205,0000,2650.208,2650.238,2647.615,2648.235,1459870
XAUUSD,20241205,0100,2648.235,2650.625,2646.095,2646.905,3213980
XAUUSD,20241205,0200,2646.925,2649.605,2645.125,2646.405,3053040
XAUUSD,20241205,0300,2646.395,2649.198,2644.595,2648.755,2712550
XAUUSD,20241205,0400,2648.735,2649.485,2645.615,2646.154,1648910
XAUUSD,20241205,0500,2646.154,2655.445,2645.375,2653.005,3043480
XAUUSD,20241205,0600,2652.975,2653.995,2646.485,2646.785,3627955
XAUUSD,20241205,0700,2646.784,2650.758,2645.224,2648.605,2212840
XAUUSD,20241205,0800,2648.595,2650.075,2641.895,2643.035,2813530
XAUUSD,20241205,0900,2643.015,2646.035,2641.755,2644.565,3095310
XAUUSD,20241205,1000,2644.538,2650.215,2644.455,2648.645,1684030
XAUUSD,20241205,1100,2648.635,2652.535,2648.055,2651.245,2363230
XAUUSD,20241205,1200,2651.265,2653.255,2647.405,2653.165,1976020
XAUUSD,20241205,1300,2653.185,2654.418,2644.215,2648.815,6872620
XAUUSD,20241205,1400,2648.825,2650.105,2639.485,2640.265,8389920
XAUUSD,20241205,1500,2640.285,2641.855,2631.885,2640.145,9826889
XAUUSD,20241205,1600,2640.125,2643.255,2632.805,2635.065,2959040
XAUUSD,20241205,1700,2635.105,2635.775,2623.614,2627.895,5844540
XAUUSD,20241205,1800,2627.915,2629.525,2623.385,2629.455,3684400
XAUUSD,20241205,1900,2629.455,2631.625,2628.565,2629.755,3130680
XAUUSD,20241205,2000,2629.725,2631.745,2627.935,2631.175,2745200
XAUUSD,20241205,2100,2631.248,2632.375,2630.885,2631.665,421440
XAUUSD,20241205,2300,2631.498,2633.725,2631.328,2633.635,831760
XAUUSD,20241206,0000,2633.625,2633.655,2628.015,2628.325,1949700
XAUUSD,20241206,0100,2628.345,2630.455,2612.585,2617.434,6781040
XAUUSD,20241206,0200,2617.425,2625.335,2616.825,2625.155,3235960
XAUUSD,20241206,0300,2625.165,2642.405,2624.795,2640.655,4074230
XAUUSD,20241206,0400,2640.655,2644.405,2640.075,2642.095,1653060
XAUUSD,20241206,0500,2642.075,2642.465,2635.165,2637.775,1805020
XAUUSD,20241206,0600,2637.755,2642.098,2636.145,2639.255,3127100
XAUUSD,20241206,0700,2639.265,2640.055,2635.895,2639.615,2273230
XAUUSD,20241206,0800,2639.615,2645.065,2637.625,2644.034,2640490
XAUUSD,20241206,0900,2644.045,2645.535,2639.605,2640.615,3305650
XAUUSD,20241206,1000,2640.635,2640.748,2633.395,2633.974,2854140
XAUUSD,20241206,1100,2633.974,2639.165,2632.295,2638.295,1629950
XAUUSD,20241206,1200,2638.295,2641.378,2635.605,2638.415,2125660
XAUUSD,20241206,1300,2638.405,2643.185,2630.948,2635.615,6354900
XAUUSD,20241206,1400,2635.605,2638.748,2623.864,2635.405,6699040
XAUUSD,20241206,1500,2635.405,2640.405,2632.355,2637.455,4784470
XAUUSD,20241206,1600,2637.475,2641.495,2635.385,2640.295,2553030
XAUUSD,20241206,1700,2640.355,2640.535,2634.025,2634.785,1893820
XAUUSD,20241206,1800,2634.765,2638.835,2633.975,2637.085,1312620
XAUUSD,20241206,1900,2637.134,2637.295,2632.885,2634.695,741750
XAUUSD,20241206,2000,2634.715,2636.245,2631.365,2631.758,772640
XAUUSD,20241206,2100,2631.725,2633.675,2630.955,2632.664,448710
XAUUSD,20241208,2300,2646.520,2648.105,2636.148,2639.935,1333780
XAUUSD,20241209,0000,2639.925,2639.925,2627.455,2630.865,2926355
XAUUSD,20241209,0100,2630.875,2650.515,2630.795,2646.645,8475640
XAUUSD,20241209,0200,2646.645,2648.595,2640.825,2645.925,4493620
XAUUSD,20241209,0300,2645.924,2646.505,2638.128,2638.694,2044430
XAUUSD,20241209,0400,2638.695,2639.175,2634.505,2635.845,2680780
XAUUSD,20241209,0500,2635.855,2640.255,2635.748,2638.195,1921140
XAUUSD,20241209,0600,2638.195,2644.348,2638.015,2643.675,2289640
XAUUSD,20241209,0700,2643.685,2651.125,2642.905,2650.445,2816300
XAUUSD,20241209,0800,2650.465,2651.005,2645.915,2649.265,2083500
XAUUSD,20241209,0900,2649.255,2657.325,2648.635,2655.465,1672110
XAUUSD,20241209,1000,2655.495,2658.275,2653.344,2657.405,1422560
XAUUSD,20241209,1100,2657.465,2660.345,2653.304,2656.145,1921610
XAUUSD,20241209,1200,2656.115,2658.208,2653.175,2656.095,1875870
XAUUSD,20241209,1300,2656.095,2666.215,2654.545,2665.365,4315140
XAUUSD,20241209,1400,2665.415,2675.155,2662.455,2674.055,7120995
XAUUSD,20241209,1500,2674.025,2676.255,2666.525,2668.165,6114170
XAUUSD,20241209,1600,2668.165,2670.445,2665.475,2667.515,4839510
XAUUSD,20241209,1700,2667.535,2669.255,2663.545,2664.395,1703280
XAUUSD,20241209,1800,2664.425,2664.575,2661.555,2662.905,3648730
XAUUSD,20241209,1900,2662.905,2663.135,2658.755,2660.075,2038980
XAUUSD,20241209,2000,2660.075,2660.155,2656.675,2657.745,2874240
XAUUSD,20241209,2100,2657.745,2660.865,2657.715,2659.354,473520
XAUUSD,20241209,2300,2660.498,2661.475,2659.405,2660.435,419130
XAUUSD,20241210,0000,2660.415,2665.398,2657.805,2664.865,1240270
XAUUSD,20241210,0100,2664.865,2668.525,2660.445,2667.305,3247420
XAUUSD,20241210,0200,2667.305,2671.305,2665.964,2668.865,2417280
XAUUSD,20241210,0300,2668.845,2671.575,2665.304,2669.805,2168230
XAUUSD,20241210,0400,2669.855,2673.625,2669.515,2670.165,1374290
XAUUSD,20241210,0500,2670.214,2671.495,2668.098,2668.648,2498250
XAUUSD,20241210,0600,2668.625,2670.735,2665.625,2669.855,3023160
XAUUSD,20241210,0700,2669.865,2670.698,2663.525,2664.468,3058480
XAUUSD,20241210,0800,2664.465,2665.475,2661.064,2663.075,3196200
XAUUSD,20241210,0900,2663.095,2666.885,2661.515,2664.895,1456630
XAUUSD,20241210,1000,2664.915,2676.675,2664.298,2675.435,2073370
XAUUSD,20241210,1100,2675.435,2675.435,2669.635,2674.425,2945160
XAUUSD,20241210,1200,2674.465,2679.355,2672.848,2677.604,3029450
XAUUSD,20241210,1300,2677.675,2681.848,2672.205,2680.248,3352420
XAUUSD,20241210,1400,2680.265,2691.634,2679.348,2688.618,6651820
XAUUSD,20241210,1500,2688.524,2690.248,2684.385,2687.205,4332310
XAUUSD,20241210,1600,2687.184,2692.425,2684.525,2692.215,4348010
XAUUSD,20241210,1700,2692.215,2695.378,2690.364,2694.194,2300370
XAUUSD,20241210,1800,2694.194,2695.075,2691.785,2692.255,4497740
XAUUSD,20241210,1900,2692.315,2694.395,2690.955,2691.798,2044930
XAUUSD,20241210,2000,2691.798,2693.005,2690.755,2691.655,2897930
XAUUSD,20241210,2100,2691.655,2694.298,2691.498,2693.514,609210
XAUUSD,20241210,2300,2693.698,2698.195,2692.964,2695.798,1030070
XAUUSD,20241211,0000,2695.835,2701.785,2693.275,2700.905,2433030
XAUUSD,20241211,0100,2700.895,2703.475,2696.515,2699.824,4899240
XAUUSD,20241211,0200,2699.815,2704.098,2698.045,2698.994,3400131
XAUUSD,20241211,0300,2698.994,2702.015,2691.684,2695.435,3313530
XAUUSD,20241211,0400,2695.344,2695.894,2680.948,2684.435,2854430
XAUUSD,20241211,0500,2684.278,2691.605,2674.345,2686.775,2832830
XAUUSD,20241211,0600,2686.775,2697.538,2685.148,2696.028,3223090
XAUUSD,20241211,0700,2696.168,2696.254,2687.208,2689.534,3752810
XAUUSD,20241211,0800,2689.534,2695.854,2687.325,2690.814,4847630
XAUUSD,20241211,0900,2690.814,2695.678,2685.724,2695.458,5392200
XAUUSD,20241211,1000,2695.334,2699.585,2692.084,2694.264,4819130
XAUUSD,20241211,1100,2694.204,2697.304,2692.434,2696.364,4178070
XAUUSD,20241211,1200,2696.374,2697.304,2693.554,2695.554,4359100
XAUUSD,20241211,1300,2695.554,2701.948,2690.334,2700.945,6699996
XAUUSD,20241211,1400,2700.955,2706.784,2696.384,2706.094,7993520
XAUUSD,20241211,1500,2706.144,2715.855,2705.334,2712.994,9882860
XAUUSD,20241211,1600,2713.034,2718.384,2710.904,2715.134,7847760
XAUUSD,20241211,1700,2715.114,2719.874,2713.935,2717.965,7117410
XAUUSD,20241211,1800,2717.895,2721.005,2713.635,2714.038,6457560
XAUUSD,20241211,1900,2713.965,2719.595,2713.125,2717.945,8079360
XAUUSD,20241211,2000,2717.935,2720.005,2715.955,2717.065,3355990
XAUUSD,20241211,2100,2717.035,2718.665,2715.885,2717.395,458850
XAUUSD,20241211,2300,2717.135,2720.185,2716.535,2719.835,1081290
XAUUSD,20241212,0000,2719.115,2723.705,2719.105,2723.575,298660
XAUUSD,20241212,0100,2724.915,2725.675,2697.885,2710.855,5672410
XAUUSD,20241212,0200,2710.855,2711.375,2703.424,2705.705,1915930
XAUUSD,20241212,0300,2705.705,2711.305,2704.985,2710.465,1982010
XAUUSD,20241212,0400,2710.445,2715.078,2709.565,2712.485,2673970
XAUUSD,20241212,0500,2712.525,2716.455,2711.305,2713.074,1833460
XAUUSD,20241212,0600,2713.074,2718.388,2709.588,2718.278,2885700
XAUUSD,20241212,0700,2718.278,2720.315,2714.778,2715.944,3974790
XAUUSD,20241212,0800,2715.914,2719.325,2714.734,2717.695,5251980
XAUUSD,20241212,0900,2717.775,2718.555,2713.755,2714.315,2413240
XAUUSD,20241212,1000,2714.285,2715.458,2709.328,2711.275,4961640
XAUUSD,20241212,1100,2711.275,2713.285,2707.165,2710.685,5129980
XAUUSD,20241212,1200,2710.685,2712.205,2705.805,2706.465,4405370
XAUUSD,20241212,1300,2706.465,2710.684,2697.084,2697.344,7862900
XAUUSD,20241212,1400,2697.328,2699.464,2680.725,2686.334,11320140
XAUUSD,20241212,1500,2686.294,2688.074,2675.055,2679.584,8963760
XAUUSD,20241212,1600,2679.535,2683.684,2677.124,2683.394,4576980
XAUUSD,20241212,1700,2683.355,2686.384,2681.165,2686.054,4394410
XAUUSD,20241212,1800,2686.074,2686.855,2682.695,2684.024,4717870
XAUUSD,20241212,1900,2684.024,2686.774,2682.364,2682.864,3012290
XAUUSD,20241212,2000,2682.764,2683.425,2679.235,2679.595,4139750
XAUUSD,20241212,2100,2679.555,2682.875,2679.505,2680.595,686910
XAUUSD,20241212,2300,2679.778,2681.525,2679.345,2680.565,662220
XAUUSD,20241213,0000,2680.534,2685.555,2678.675,2685.305,2084870
XAUUSD,20241213,0100,2685.334,2692.595,2685.185,2689.775,5723990
XAUUSD,20241213,0200,2689.775,2691.085,2684.054,2686.475,4080840
XAUUSD,20241213,0300,2686.435,2691.105,2685.845,2687.885,2980620
XAUUSD,20241213,0400,2687.834,2688.335,2685.435,2687.275,2528290
XAUUSD,20241213,0500,2687.355,2689.305,2685.105,2688.175,3803460
XAUUSD,20241213,0600,2688.205,2690.324,2683.195,2689.364,4244430
XAUUSD,20241213,0700,2689.364,2690.035,2680.845,2682.965,3769710
XAUUSD,20241213,0800,2682.945,2684.615,2674.495,2674.865,5298190
XAUUSD,20241213,0900,2674.765,2676.845,2667.278,2668.775,6030710
XAUUSD,20241213,1000,2668.775,2669.975,2664.924,2666.448,2905690
XAUUSD,20241213,1100,2666.518,2669.278,2664.118,2664.705,2872820
XAUUSD,20241213,1200,2664.655,2672.548,2662.805,2672.325,3540450
XAUUSD,20241213,1300,2672.335,2672.805,2659.414,2661.898,6280660
XAUUSD,20241213,1400,2661.784,2663.848,2657.185,2660.015,4699540
XAUUSD,20241213,1500,2660.004,2662.505,2654.525,2659.755,5760360
XAUUSD,20241213,1600,2659.674,2664.415,2658.654,2661.894,4605870
XAUUSD,20241213,1700,2661.898,2662.144,2655.435,2656.065,2828150
XAUUSD,20241213,1800,2656.095,2656.825,2651.905,2654.105,2881120
XAUUSD,20241213,1900,2654.185,2655.195,2652.195,2652.765,3829200
XAUUSD,20241213,2000,2652.765,2653.345,2646.265,2647.745,2032980
XAUUSD,20241213,2100,2647.795,2649.805,2645.945,2647.385,1006440
XAUUSD,20241215,2300,2649.098,2652.845,2648.548,2651.345,920110
XAUUSD,20241216,0000,2651.285,2651.565,2643.374,2647.055,2164230
XAUUSD,20241216,0100,2647.045,2655.448,2646.595,2653.315,4308750
XAUUSD,20241216,0200,2653.315,2654.595,2650.364,2651.765,3100680
XAUUSD,20241216,0300,2651.724,2655.448,2651.475,2653.618,2699640
XAUUSD,20241216,0400,2653.618,2654.344,2651.725,2652.618,1603010
XAUUSD,20241216,0500,2652.618,2653.344,2649.374,2652.705,3690580
XAUUSD,20241216,0600,2652.675,2654.655,2651.925,2653.505,3194130
XAUUSD,20241216,0700,2653.515,2655.765,2651.525,2653.598,2660790
XAUUSD,20241216,0800,2653.635,2661.838,2652.028,2657.805,3547420
XAUUSD,20241216,0900,2657.765,2659.898,2655.598,2657.925,2329140
XAUUSD,20241216,1000,2657.895,2661.005,2657.818,2658.648,2279730
XAUUSD,20241216,1100,2658.635,2663.975,2657.544,2663.385,2404170
XAUUSD,20241216,1200,2663.405,2664.248,2657.134,2659.845,2440600
XAUUSD,20241216,1300,2659.844,2664.118,2658.664,2661.755,4588460
XAUUSD,20241216,1400,2661.705,2662.865,2653.608,2654.685,7453640
XAUUSD,20241216,1500,2654.645,2656.815,2650.695,2654.214,6165240
XAUUSD,20241216,1600,2654.255,2655.618,2648.475,2652.005,2811820
XAUUSD,20241216,1700,2651.915,2655.205,2651.665,2651.874,1477010
XAUUSD,20241216,1800,2651.874,2655.448,2651.135,2655.164,1478190
XAUUSD,20241216,1900,2655.164,2655.594,2651.945,2653.125,2021930
XAUUSD,20241216,2000,2653.125,2653.435,2651.765,2652.585,2809840
XAUUSD,20241216,2100,2652.665,2652.995,2651.345,2652.595,536410
XAUUSD,20241216,2300,2651.898,2652.748,2651.448,2651.565,688500
XAUUSD,20241217,0000,2651.565,2655.325,2651.015,2655.145,1162800
XAUUSD,20241217,0100,2655.145,2658.465,2654.255,2657.948,2448360
XAUUSD,20241217,0200,2657.725,2658.445,2653.758,2654.804,2665050
XAUUSD,20241217,0300,2654.795,2656.065,2651.104,2653.435,2892470
XAUUSD,20241217,0400,2653.465,2655.185,2650.728,2651.565,2021230
XAUUSD,20241217,0500,2651.645,2654.665,2649.035,2653.555,2906580
XAUUSD,20241217,0600,2653.605,2654.455,2646.294,2648.735,3605100
XAUUSD,20241217,0700,2648.745,2656.948,2648.035,2653.565,2746260
XAUUSD,20241217,0800,2653.565,2653.565,2641.365,2644.085,5212760
XAUUSD,20241217,0900,2644.065,2645.955,2637.955,2639.435,6396930
XAUUSD,20241217,1000,2639.385,2643.104,2637.944,2638.084,2402210
XAUUSD,20241217,1100,2638.084,2642.375,2635.994,2642.085,3705640
XAUUSD,20241217,1200,2642.085,2645.365,2640.498,2642.685,2953450
XAUUSD,20241217,1300,2642.675,2646.748,2634.498,2636.848,4903580
XAUUSD,20241217,1400,2636.845,2641.885,2632.795,2636.498,6390880
XAUUSD,20241217,1500,2636.498,2642.798,2635.784,2640.005,5200110
XAUUSD,20241217,1600,2639.995,2641.298,2636.464,2638.714,3432120
XAUUSD,20241217,1700,2638.714,2646.908,2637.648,2645.764,3828390
XAUUSD,20241217,1800,2645.764,2648.865,2644.814,2647.148,2216820
XAUUSD,20241217,1900,2647.144,2648.098,2644.994,2645.195,1248150
XAUUSD,20241217,2000,2645.248,2646.724,2642.874,2643.364,1752570
XAUUSD,20241217,2100,2643.605,2646.255,2643.274,2645.575,515820
XAUUSD,20241217,2300,2645.355,2647.498,2644.634,2647.198,483790
XAUUSD,20241218,0000,2647.165,2650.255,2646.355,2649.975,1147080
XAUUSD,20241218,0100,2649.885,2651.525,2647.905,2650.745,3890160
XAUUSD,20241218,0200,2650.735,2650.905,2646.745,2647.294,3900760
XAUUSD,20241218,0300,2647.294,2648.775,2645.018,2645.555,2730360
XAUUSD,20241218,0400,2645.554,2645.754,2642.555,2644.925,2142420
XAUUSD,20241218,0500,2644.915,2649.348,2643.735,2647.314,2349270
XAUUSD,20241218,0600,2647.354,2647.804,2644.348,2646.498,2535160
XAUUSD,20241218,0700,2646.454,2647.245,2643.205,2644.545,2779250
XAUUSD,20241218,0800,2644.495,2649.535,2641.945,2647.835,3786790
XAUUSD,20241218,0900,2647.765,2649.098,2645.325,2646.598,2399420
XAUUSD,20241218,1000,2646.575,2649.325,2645.998,2648.255,1667810
XAUUSD,20241218,1100,2648.195,2649.348,2645.588,2645.995,1291590
XAUUSD,20241218,1200,2645.985,2647.705,2643.325,2643.795,1652160
XAUUSD,20241218,1300,2643.785,2647.435,2640.975,2643.765,6312550
XAUUSD,20241218,1400,2643.785,2644.748,2636.845,2637.875,8580740
XAUUSD,20241218,1500,2637.865,2638.265,2634.000,2638.075,10219010
XAUUSD,20241218,1600,2638.085,2639.455,2633.025,2634.665,17717400
XAUUSD,20241218,1700,2634.615,2639.895,2634.535,2635.895,9729780
XAUUSD,20241218,1800,2635.898,2638.845,2635.125,2635.768,3510030
XAUUSD,20241218,1900,2635.778,2635.778,2603.975,2604.435,12689236
XAUUSD,20241218,2000,2604.465,2609.235,2586.998,2592.355,9433070
XAUUSD,20241218,2100,2592.535,2595.205,2583.498,2584.574,1590070
XAUUSD,20241218,2300,2583.745,2592.115,2582.264,2587.948,1103910
XAUUSD,20241219,0000,2587.948,2596.985,2587.784,2595.011,2549820
XAUUSD,20241219,0100,2595.055,2617.948,2593.148,2611.668,4841040
XAUUSD,20241219,0200,2611.595,2613.815,2606.055,2611.985,3387380
XAUUSD,20241219,0300,2611.965,2613.228,2607.475,2610.285,2072250
XAUUSD,20241219,0400,2610.285,2611.365,2606.748,2609.075,1561560
XAUUSD,20241219,0500,2609.075,2610.355,2606.385,2607.048,2288990
XAUUSD,20241219,0600,2607.048,2614.075,2603.195,2612.795,3209805
XAUUSD,20241219,0700,2612.804,2622.435,2611.705,2616.355,3794330
XAUUSD,20241219,0800,2616.355,2618.998,2613.035,2618.264,3328410
XAUUSD,20241219,0900,2618.264,2622.725,2618.255,2620.215,4664360
XAUUSD,20241219,1000,2620.234,2626.325,2617.148,2619.245,3113950
XAUUSD,20241219,1100,2619.235,2621.755,2615.955,2616.584,2376370
XAUUSD,20241219,1200,2616.554,2616.554,2604.145,2606.024,4739910
XAUUSD,20241219,1300,2606.098,2606.098,2595.135,2596.195,8008100
XAUUSD,20241219,1400,2596.175,2600.705,2591.898,2591.985,7520680
XAUUSD,20241219,1500,2591.995,2595.805,2586.815,2588.315,8574010
XAUUSD,20241219,1600,2588.244,2596.598,2587.055,2591.695,7168200
XAUUSD,20241219,1700,2591.675,2594.115,2590.675,2592.545,6168000
XAUUSD,20241219,1800,2592.615,2599.795,2591.765,2599.655,5583310
XAUUSD,20241219,1900,2599.615,2600.925,2596.584,2596.645,3437270
XAUUSD,20241219,2000,2596.635,2600.225,2596.335,2596.705,2370290
XAUUSD,20241219,2100,2596.725,2596.835,2592.998,2593.585,625720
XAUUSD,20241219,2300,2593.498,2595.698,2592.168,2593.385,747960
XAUUSD,20241220,0000,2593.365,2595.155,2590.375,2590.675,2008290
XAUUSD,20241220,0100,2590.655,2603.725,2589.475,2603.655,5200492
XAUUSD,20241220,0200,2603.655,2603.825,2595.435,2596.945,4201470
XAUUSD,20241220,0300,2596.935,2598.935,2595.575,2598.345,2422050
XAUUSD,20241220,0400,2598.355,2600.848,2597.294,2597.804,1412730
XAUUSD,20241220,0500,2597.804,2601.125,2596.335,2600.005,1437420
XAUUSD,20241220,0600,2600.018,2605.198,2598.845,2604.615,1666170
XAUUSD,20241220,0700,2604.615,2607.365,2602.154,2606.175,1779790
XAUUSD,20241220,0800,2606.155,2607.598,2604.195,2605.334,2569120
XAUUSD,20241220,0900,2605.354,2606.478,2602.944,2604.808,3106460
XAUUSD,20241220,1000,2604.848,2606.875,2603.754,2603.955,1830440
XAUUSD,20241220,1100,2603.955,2604.628,2599.904,2603.545,2160000
XAUUSD,20241220,1200,2603.485,2606.055,2602.055,2603.385,1890370
XAUUSD,20241220,1300,2603.365,2613.958,2599.715,2609.435,5270750
XAUUSD,20241220,1400,2609.425,2618.185,2608.425,2616.005,6481798
XAUUSD,20241220,1500,2616.145,2631.004,2616.145,2630.164,5734590
XAUUSD,20241220,1600,2630.185,2631.698,2622.098,2624.968,5306090
XAUUSD,20241220,1700,2624.968,2627.305,2622.035,2625.415,4435000
XAUUSD,20241220,1800,2625.405,2627.198,2623.248,2625.855,3130820
XAUUSD,20241220,1900,2625.845,2629.175,2624.645,2627.775,3113330
XAUUSD,20241220,2000,2627.745,2627.905,2621.995,2622.575,2360300
XAUUSD,20241220,2100,2622.615,2623.925,2619.065,2622.435,850190
XAUUSD,20241222,2300,2623.698,2624.545,2621.224,2624.098,931430
XAUUSD,20241223,0000,2624.245,2625.128,2617.285,2621.405,1989210
XAUUSD,20241223,0100,2621.405,2624.005,2618.348,2620.805,3775680
XAUUSD,20241223,0200,2620.755,2627.255,2620.505,2625.795,2520090
XAUUSD,20241223,0300,2625.795,2626.765,2622.175,2623.855,2075040
XAUUSD,20241223,0400,2623.704,2626.235,2623.645,2625.335,1260400
XAUUSD,20241223,0500,2625.465,2629.105,2624.798,2626.475,1970595
XAUUSD,20241223,0600,2626.465,2632.795,2624.325,2631.348,2486710
XAUUSD,20241223,0700,2631.304,2633.135,2629.335,2630.145,3172560
XAUUSD,20241223,0800,2630.055,2631.955,2625.905,2629.785,3005700
XAUUSD,20241223,0900,2629.795,2630.575,2625.915,2626.325,3072500
XAUUSD,20241223,1000,2626.325,2626.815,2618.775,2619.315,4740360
XAUUSD,20241223,1100,2619.265,2619.925,2612.908,2616.125,3350053
XAUUSD,20241223,1200,2616.085,2618.565,2613.948,2614.884,4191185
XAUUSD,20241223,1300,2614.884,2619.745,2613.865,2617.225,5006265
XAUUSD,20241223,1400,2617.134,2619.795,2613.605,2615.165,5964550
XAUUSD,20241223,1500,2615.175,2616.235,2609.195,2609.605,4111980
XAUUSD,20241223,1600,2609.625,2615.914,2608.055,2615.694,4985900
XAUUSD,20241223,1700,2615.648,2616.394,2610.545,2611.105,2730370
XAUUSD,20241223,1800,2611.085,2612.665,2609.845,2610.315,3150250
XAUUSD,20241223,1900,2610.385,2612.455,2609.398,2610.848,2204820
XAUUSD,20241223,2000,2610.824,2612.448,2608.955,2610.755,1676310
XAUUSD,20241223,2100,2610.785,2613.615,2610.105,2611.635,305860
XAUUSD,20241223,2300,2613.100,2616.975,2612.753,2615.348,589550
XAUUSD,20241224,0000,2615.348,2617.155,2613.365,2616.475,794660
XAUUSD,20241224,0100,2616.555,2617.928,2614.364,2617.428,2522460
XAUUSD,20241224,0200,2617.415,2619.755,2616.498,2616.705,2797470
XAUUSD,20241224,0300,2616.705,2618.685,2615.545,2618.685,2103270
XAUUSD,20241224,0400,2618.695,2620.348,2618.045,2619.938,1060050
XAUUSD,20241224,0500,2619.948,2621.195,2618.214,2619.194,1746780
XAUUSD,20241224,0600,2619.175,2619.735,2616.275,2618.885,2040620
XAUUSD,20241224,0700,2618.885,2621.205,2617.805,2618.298,1691580
XAUUSD,20241224,0800,2618.298,2619.655,2616.698,2617.205,2228520
XAUUSD,20241224,0900,2617.205,2618.248,2613.148,2613.395,2088930
XAUUSD,20241224,1000,2613.395,2617.755,2612.995,2615.385,1944625
XAUUSD,20241224,1100,2615.324,2616.035,2612.155,2614.875,1497160
XAUUSD,20241224,1200,2614.948,2616.048,2612.355,2613.635,1291670
XAUUSD,20241224,1300,2613.555,2614.665,2611.145,2614.085,3120420
XAUUSD,20241224,1400,2614.085,2617.065,2609.975,2610.705,4023740
XAUUSD,20241224,1500,2610.715,2613.345,2609.935,2611.625,3764080
XAUUSD,20241224,1600,2611.625,2617.695,2611.425,2615.875,2380290
XAUUSD,20241224,1700,2615.855,2619.245,2615.175,2616.845,3340660
XAUUSD,20241224,1800,2616.855,2617.608,2614.565,2616.348,614250
XAUUSD,20241225,2300,2619.205,2619.825,2614.248,2618.205,662360
XAUUSD,20241226,0000,2618.274,2622.545,2618.205,2621.455,1219800
XAUUSD,20241226,0100,2621.448,2628.000,2620.645,2626.385,3098040
XAUUSD,20241226,0200,2626.385,2627.725,2625.635,2627.445,1872750
XAUUSD,20241226,0300,2627.445,2628.915,2625.565,2626.658,2207040
XAUUSD,20241226,0400,2626.648,2629.065,2626.048,2627.098,1455480
XAUUSD,20241226,0500,2627.074,2628.205,2625.808,2626.345,2069190
XAUUSD,20241226,0600,2626.325,2627.145,2624.515,2625.935,1486680
XAUUSD,20241226,0700,2625.915,2629.498,2623.435,2625.198,1102270
XAUUSD,20241226,0800,2625.298,2628.895,2624.934,2627.335,1243600
XAUUSD,20241226,0900,2627.344,2628.065,2625.905,2627.184,794400
XAUUSD,20241226,1000,2627.184,2629.198,2626.625,2628.515,1238850
XAUUSD,20241226,1100,2628.505,2629.808,2627.585,2627.738,1215170
XAUUSD,20241226,1200,2627.738,2628.398,2624.455,2626.515,1065640
XAUUSD,20241226,1300,2626.498,2630.948,2621.598,2622.904,3789440
XAUUSD,20241226,1400,2622.904,2630.098,2622.334,2629.898,4212840
XAUUSD,20241226,1500,2629.898,2638.975,2628.955,2636.304,4406070
XAUUSD,20241226,1600,2636.358,2636.585,2631.294,2631.954,3444690
XAUUSD,20241226,1700,2631.954,2631.995,2627.818,2629.205,2500340
XAUUSD,20241226,1800,2629.205,2635.855,2629.105,2634.645,1839780
XAUUSD,20241226,1900,2634.645,2635.765,2632.484,2634.765,1642470
XAUUSD,20241226,2000,2634.775,2636.205,2633.585,2634.115,2152930
XAUUSD,20241226,2100,2634.128,2634.375,2632.625,2632.705,376240
XAUUSD,20241226,2300,2632.448,2634.305,2630.425,2632.478,724640
XAUUSD,20241227,0000,2632.348,2633.848,2631.255,2631.305,802850
XAUUSD,20241227,0100,2631.295,2633.815,2630.615,2632.165,3680610
XAUUSD,20241227,0200,2632.165,2633.515,2628.765,2632.685,2684790
XAUUSD,20241227,0300,2632.715,2635.348,2631.448,2633.685,1917040
XAUUSD,20241227,0400,2633.675,2633.925,2631.748,2633.455,1461450
XAUUSD,20241227,0500,2633.455,2634.105,2631.165,2631.215,1461330
XAUUSD,20241227,0600,2631.235,2636.825,2631.148,2634.448,2050990
XAUUSD,20241227,0700,2634.424,2638.105,2632.905,2633.435,1737800
XAUUSD,20241227,0800,2633.384,2633.384,2626.000,2626.048,2745420
XAUUSD,20241227,0900,2626.048,2627.505,2623.575,2623.895,2586930
XAUUSD,20241227,1000,2623.895,2627.885,2623.248,2626.495,1818660
XAUUSD,20241227,1100,2626.565,2628.705,2625.000,2628.495,2000760
XAUUSD,20241227,1200,2628.585,2631.395,2625.415,2625.998,3048630
XAUUSD,20241227,1300,2625.998,2627.165,2617.955,2618.655,5196400
XAUUSD,20241227,1400,2618.625,2619.198,2611.285,2615.475,4756887
XAUUSD,20241227,1500,2615.475,2619.355,2612.748,2617.945,5242230
XAUUSD,20241227,1600,2617.944,2619.648,2615.185,2617.815,3045500
XAUUSD,20241227,1700,2617.825,2618.195,2613.854,2615.648,2051220
XAUUSD,20241227,1800,2615.494,2619.998,2614.924,2618.448,1256440
XAUUSD,20241227,1900,2618.448,2621.234,2617.298,2620.554,1466160
XAUUSD,20241227,2000,2620.604,2620.675,2612.448,2615.315,1673090
XAUUSD,20241227,2100,2615.265,2621.598,2615.175,2621.348,583300
XAUUSD,20241229,2300,2620.154,2625.998,2618.914,2623.748,749680
XAUUSD,20241230,0000,2623.904,2625.198,2621.225,2622.385,772590
XAUUSD,20241230,0100,2622.305,2626.648,2621.994,2624.065,2512920
XAUUSD,20241230,0200,2624.055,2625.255,2622.074,2623.648,1420710
XAUUSD,20241230,0300,2623.648,2627.985,2622.948,2626.358,1747730
XAUUSD,20241230,0400,2626.358,2626.358,2621.285,2621.975,1095520
XAUUSD,20241230,0500,2621.948,2624.025,2620.348,2623.538,1589880
XAUUSD,20241230,0600,2623.494,2624.515,2618.108,2618.948,2597880
XAUUSD,20241230,0700,2618.925,2619.765,2615.605,2616.535,1953840
XAUUSD,20241230,0800,2616.535,2617.225,2609.125,2611.775,2960210
XAUUSD,20241230,0900,2611.765,2617.348,2611.125,2612.508,1598000
XAUUSD,20241230,1000,2612.495,2615.048,2610.365,2610.365,2553510
XAUUSD,20241230,1100,2610.365,2618.425,2608.975,2616.125,3683040
XAUUSD,20241230,1200,2616.055,2622.325,2615.335,2621.355,2253540
XAUUSD,20241230,1300,2621.335,2622.425,2606.465,2606.555,6280530
XAUUSD,20241230,1400,2606.518,2613.745,2605.325,2611.144,7054910
XAUUSD,20241230,1500,2611.144,2611.404,2599.365,2601.375,9230380
XAUUSD,20241230,1600,2601.335,2602.645,2595.905,2599.575,7790490
XAUUSD,20241230,1700,2599.645,2605.348,2599.645,2605.075,4038650
XAUUSD,20241230,1800,2605.025,2606.655,2603.275,2606.025,3790740
XAUUSD,20241230,1900,2606.025,2608.225,2603.495,2607.085,5013720
XAUUSD,20241230,2000,2607.085,2609.365,2606.305,2607.585,3476400
XAUUSD,20241230,2100,2607.595,2607.865,2605.095,2605.705,359110
XAUUSD,20241230,2300,2605.455,2607.098,2603.548,2606.548,626470
XAUUSD,20241231,0000,2606.504,2606.648,2606.348,2606.348,9300
